Event;Key;Time
Key Down;Q;29650
Key Down;Z;30139
Key Up;Q;30179
Key Up;Z;30291
Key Down;Z;30866
Key Down;Q;31258
Key Up;Q;32307
Key Up;Z;32315
Key Down;D;33394
Key Down;S;34282
Key Up;D;35099
Key Up;S;35179
Key Down;Q;35995
Key Down;S;36290
Key Up;Q;36675
Key Up;S;36731
Key Down;S;37435
Key Down;D;37914
Key Up;S;38042
Key Up;D;38266
Key Down;D;39626
Key Up;D;39819
Key Down;D;45346
Key Down;Z;45875
Key Up;D;47178
Key Up;Z;47675
Key Down;Z;48338
Key Up;Z;48691
Key Down;Q;51802
Key Up;Q;52146
Key Down;Z;53506
Key Down;Q;53810
Key Up;Z;53922
Key Down;S;54386
Key Up;Q;54547
Key Down;Q;55179
Key Up;Q;55714
Key Down;Q;56146
Key Up;Q;56355
Key Up;S;56434
Key Down;D;57042
Key Down;S;57291
Key Up;D;57315
Key Down;Q;57442
Key Up;S;57810
Key Up;Q;57963
Key Down;S;59802
Key Down;D;60210
Key Up;S;60250
Key Down;Z;60843
Key Up;D;60979
Key Up;Z;61019
Key Down;Q;67626
Key Up;Q;68082
Key Down;D;68226
Key Up;D;68443
Key Down;Q;88842
Key Down;Z;88922
Key Up;Z;89066
Key Up;Q;89099
Key Down;D;104322
Key Up;D;104610
Key Down;Q;104962
Key Up;Q;105026
Key Down;Q;108275
Key Down;Z;108307
Key Up;Z;108818
Key Down;Z;109338
Key Up;Q;111002
Key Up;Z;111315
Key Down;Z;111698
Key Up;Z;111819
Key Down;Q;112274
Key Down;S;112474
Key Up;Q;112506
Key Up;S;112722
Key Down;D;113042
Key Down;Z;113154
Key Up;D;113186
Key Up;Z;113234
Key Down;Espace;122242
Key Up;Espace;122410
Key Down;Z;124907
Key Up;Z;124971
Key Down;D;153866
Key Down;S;154066
Key Up;S;154570
Key Down;S;154922
Key Up;D;155170
Key Up;S;155186
Key Down;S;155594
Key Down;D;155954
Key Up;D;156106
Key Up;S;156274
Key Down;S;157298
Key Up;S;157842
Key Down;S;159610
Key Down;D;159626
Key Up;S;159930
Key Down;Z;160282
Key Up;D;160338
Key Down;Q;160498
Key Up;Q;161138
Key Down;D;161498
Key Up;Z;161698
Key Up;D;161778
Key Down;Z;162490
Key Up;Z;162746
Key Down;D;162914
Key Up;D;163098
Key Down;Z;164890
Key Down;D;165386
Key Up;Z;165898
Key Up;D;166218
Key Down;D;170578
Key Down;Z;171250
Key Up;D;171818
Key Up;Z;171858
Key Down;Q;171906
Key Down;S;172369
Key Up;Q;174202
Key Up;S;174474
Key Down;Q;174522
Key Up;Q;174754
Key Down;Z;175802
Key Down;Q;175818
Key Up;Q;176114
Key Up;Z;176322
Key Down;S;176866
Key Up;S;177633
Key Down;Q;178714
Key Up;Q;178842
Key Down;D;179338
Key Up;D;179394
Key Down;S;184482
Key Down;D;184954
Key Up;S;185097
Key Up;D;185210
Key Down;S;185690
Key Up;S;186066
Key Down;Z;186738
Key Down;Q;186906
Key Up;Q;188466
Key Up;Z;188530
Key Down;Z;189002
Key Down;Q;189178
Key Up;Z;189730
Key Up;Q;189818
Key Down;D;199218
Key Down;Z;199250
Key Up;D;199418
Key Up;Z;199458
Key Down;Z;200178
Key Down;D;200210
Key Up;D;200386
Key Up;Z;200418
Key Down;Q;200618
Key Up;Q;200682
Key Down;D;202298
Key Down;S;202945
Key Up;D;204121
Key Up;S;204154
Key Down;S;205050
Key Up;S;206010
Key Down;S;207362
Key Down;D;207522
Key Up;S;207682
Key Up;D;207746
Key Down;D;209273
Key Down;Z;209570
Key Up;D;211162
Key Up;Z;211913
Key Down;D;211946
Key Up;D;212106
Key Down;Q;213962
Key Up;Q;214162
Key Down;Z;215506
Key Up;Z;215690
Key Down;Z;216425
Key Up;Z;216738
Key Down;S;218418
Key Down;Q;219106
Key Up;Q;219482
Key Up;S;219754
Key Down;Z;220169
Key Down;D;220442
Key Up;D;220794
Key Up;Z;221266
Key Down;Z;221666
Key Up;Z;221970
Key Down;Q;222361
Key Up;Q;222433
Key Down;F;224498
Key Up;F;225674
Key Down;S;230946
Key Up;S;231113
Key Down;S;232706
Key Up;S;233018
Key Down;Q;233066
Key Down;S;233297
Key Up;Q;233346
Key Down;Q;233674
Key Up;Q;234425
Key Up;S;234522
Key Down;Q;235689
Key Down;S;235858
Key Up;S;236562
Key Up;Q;236578
Key Down;Q;238361
Key Down;Z;238442
Key Up;Q;238642
Key Up;Z;239121
Key Down;D;241089
Key Down;S;241338
Key Up;S;241745
Key Up;D;241802
Key Down;S;243954
Key Down;Q;244594
Key Up;Q;245186
Key Up;S;245514
Key Down;Z;246330
Key Up;Z;248098
Key Down;Z;250785
Key Down;Q;250921
Key Up;Q;251082
Key Up;Z;251098
Key Down;Z;253786
Key Down;D;253818
Key Up;D;254578
Key Down;Q;254873
Key Up;Z;255034
Key Up;Q;255585
Key Down;D;256306
Key Down;S;256498
Key Up;D;256785
Key Down;Q;257346
Key Up;S;257578
Key Up;Q;257609
Key Down;Z;262673
Key Down;D;262809
Key Up;Z;263049
Key Up;D;263073
Key Down;Z;264049
Key Up;Z;264314
Key Down;S;265354
Key Down;Q;266497
Key Up;S;266906
Key Up;Q;267034
Key Down;S;267265
Key Down;D;267489
Key Up;S;268002
Key Up;D;268234
Key Down;D;268993
Key Down;Z;269297
Key Up;D;269497
Key Up;Z;269650
Key Down;Q;269786
Key Up;Q;270025
Key Down;S;270745
Key Up;S;270826
Key Down;Z;312378
Key Down;D;312593
Key Up;Z;312617
Key Up;D;312730
Key Down;Q;312914
Key Up;Q;312970
Key Down;S;313153
Key Up;S;313281
Key Down;Q;317258
Key Up;Q;317609
Key Down;D;317722
Key Up;D;317913
Key Down;D;318098
Key Up;D;318177
Key Down;Z;327593
Key Up;Z;327698
Key Down;S;333313
Key Up;S;333490
Key Down;Z;333778
Key Up;Z;333858
Key Down;Z;341057
Key Up;Z;341177
Key Down;Z;348633
Key Up;Z;348770
Key Down;S;351170
Key Up;S;351426
Key Down;Q;351722
Key Up;Q;351810
Key Down;Z;352049
Key Up;Z;352121
Key Down;D;371809
Key Up;D;371985
Key Down;Q;372369
Key Up;Q;372449
Key Down;S;373217
Key Up;S;373538
Key Down;Q;373785
Key Up;Q;373865
Key Down;Z;373946
Key Up;Z;374057
Key Down;D;375985
Key Down;Z;376154
Key Up;D;377801
Key Up;Z;378145
Key Down;Q;379345
Key Down;Z;379369
Key Up;Q;379617
Key Up;Z;379698
Key Down;Q;382409
Key Down;Z;382425
Key Up;Q;382706
Key Up;Z;382737
Key Down;S;383009
Key Up;S;383121
Key Down;S;400297
Key Down;D;400401
Key Up;S;400737
Key Up;D;400873
Key Down;D;401321
Key Up;D;401545
Key Down;Espace;409961
Key Up;Espace;410105
Key Down;Espace;455841
Key Up;Espace;455961
Key Down;Espace;456417
Key Up;Espace;456545
Key Down;Espace;458864
Key Up;Espace;459000
Key Down;Q;482969
Key Down;Z;483033
Key Up;Q;483209
Key Up;Z;483225
Key Down;D;484201
Key Down;S;484281
Key Up;S;484401
Key Up;D;484472
Key Down;Q;489025
Key Down;S;489177
Key Up;Q;489209
Key Up;S;489425
Key Down;D;490105
Key Down;Z;490169
Key Up;D;490201
Key Up;Z;490217
Key Down;Z;498129
Key Up;Z;498233
Key Down;D;515241
Key Down;Z;515305
Key Up;D;515481
Key Up;Z;515529
Key Down;F;519817
Key Up;F;520392
Key Down;Z;540393
Key Up;Z;540625
Key Down;S;558025
Key Up;S;558345
Key Down;S;561416
Key Up;S;561640
Key Down;Q;562673
Key Up;Q;563128
Key Down;D;563416
Key Up;D;563545
Key Down;Z;564592
Key Down;D;564600
Key Up;Z;564889
Key Up;D;564993
Key Down;D;568897
Key Up;D;569033
Key Down;Q;576513
Key Up;Q;576776
Key Down;S;577152
Key Up;S;577305
Key Down;S;579137
Key Down;Q;579336
Key Up;S;580144
Key Up;Q;580193
Key Down;D;580345
Key Up;D;580464
Key Down;Q;580744
Key Up;Q;581513
Key Down;Q;582785
Key Down;Z;583016
Key Up;Z;583544
Key Up;Q;583689
Key Down;D;584192
Key Down;S;584200
Key Up;S;585288
Key Up;D;585809
Key Down;Z;587593
Key Down;D;587609
Key Up;D;588840
Key Up;Z;589065
Key Down;Q;589544
Key Up;Q;589616
Key Down;Z;590544
Key Down;Q;590704
Key Up;Z;590920
Key Up;Q;590928
Key Down;S;591384
Key Down;D;591408
Key Up;S;591489
Key Up;D;591497
Key Down;S;594097
Key Up;S;594304
Key Down;Z;596153
Key Down;Q;596168
Key Up;Z;596385
Key Up;Q;596393
Key Down;D;601544
Key Up;D;601856
Key Down;Z;617289
Key Up;Z;617504
Key Down;S;617976
Key Up;S;618049
Key Down;S;619432
Key Up;S;619785
Key Down;Z;620257
Key Up;Z;620368
Key Down;Z;642664
Key Up;Z;642888
Key Down;D;668153
Key Up;D;668320
Key Down;S;668328
Key Up;S;668520
Key Down;Z;671464
Key Up;Z;671681
Key Down;S;678856
Key Up;S;678960
Key Down;Q;680960
Key Up;Q;681144
Key Down;S;681544
Key Down;D;681649
Key Up;S;681736
Key Up;D;681800
Key Down;Q;684472
Key Up;Q;684592
Key Down;D;684864
Key Up;D;684993
Key Down;S;697744
Key Up;S;697848
Key Down;Q;697904
Key Up;Q;697952
Key Down;Z;698224
Key Up;Z;698304
Key Down;Espace;699056
Key Up;Espace;699224
Key Down;Espace;709192
Key Up;Espace;709312
Key Down;Z;713640
Key Up;Z;713816
Key Down;Z;741024
Key Up;Z;741160
Key Down;S;758864
Key Up;S;759152
Key Down;Z;764671
Key Up;Z;764775
Key Down;Q;764920
Key Up;Q;765064
Key Down;S;765992
Key Up;S;766368
Key Down;Z;766648
Key Up;Z;766840
Key Down;Z;767104
Key Up;Z;767232
Key Down;Z;774664
Key Down;Q;774784
Key Up;Z;774888
Key Up;Q;774920
Key Down;Z;776736
Key Down;D;776791
Key Up;D;776992
Key Up;Z;777024
Key Down;S;789768
Key Up;S;790000
Key Down;Q;793479
Key Down;S;793584
Key Up;S;794552
Key Down;Z;795968
Key Up;Z;796640
Key Up;Q;796928
Key Down;Q;797687
Key Down;Z;797760
Key Up;Z;798032
Key Up;Q;798040
Key Down;Q;801888
Key Up;Q;802064
Key Down;D;802599
Key Up;D;802696
Key Down;D;842296
Key Up;D;842447
Key Down;S;843256
Key Up;S;843543
Key Down;D;843887
Key Up;D;844016
Key Down;D;854432
Key Down;S;854440
Key Up;S;854823
Key Down;S;855272
Key Up;D;855448
Key Down;D;855616
Key Up;D;855776
Key Up;S;856000
Key Down;S;856663
Key Down;D;856832
Key Up;D;857024
Key Up;S;857104
Key Down;S;857392
Key Up;S;857656
Key Down;D;857776
Key Up;D;858039
Key Down;Z;860367
Key Up;Z;861192
Key Down;D;862831
Key Down;Z;863592
Key Up;D;863632
Key Up;Z;863648
Key Down;Z;864103
Key Down;D;864232
Key Up;D;864744
Key Up;Z;864816
Key Down;Z;865760
Key Down;D;866023
Key Up;Z;866144
Key Up;D;866176
Key Down;D;868447
Key Up;D;868879
Key Down;D;869991
Key Up;D;870288
Key Down;Q;870551
Key Up;Q;870688
Key Down;Q;874039
Key Down;S;874167
Key Up;S;874575
Key Up;Q;874935
Key Down;Q;874984
Key Down;S;875215
Key Up;Q;875240
Key Down;Q;876072
Key Up;S;876127
Key Up;Q;876255
Key Down;S;876720
Key Down;Q;877064
Key Up;Q;877471
Key Up;S;877495
Key Down;Q;877807
Key Down;Z;877832
Key Up;Q;878039
Key Up;Z;878296
Key Down;Q;880552
Key Down;Z;880752
Key Up;Z;882303
Key Down;Z;882984
Key Up;Q;883215
Key Up;Z;883359
Key Down;D;883679
Key Up;D;883775
Key Down;D;887343
Key Down;S;887447
Key Up;S;887887
Key Down;Z;888512
Key Up;D;889400
Key Down;Q;889863
Key Up;Z;890527
Key Down;S;891167
Key Up;Q;891527
Key Up;S;891735
Key Down;D;892160
Key Down;Z;892175
Key Up;Z;892400
Key Up;D;892439
Key Down;Q;892479
Key Down;S;893368
Key Up;Q;893543
Key Down;D;893871
Key Up;D;894231
Key Down;Q;894439
Key Up;Q;895471
Key Up;S;895583
Key Down;Q;895815
Key Down;S;895847
Key Up;S;896719
Key Down;S;896959
Key Up;Q;898448
Key Up;S;898520
Key Down;S;898791
Key Up;S;898975
Key Down;D;899111
Key Down;S;899175
Key Up;S;899343
Key Up;D;899736
Key Down;Q;901487
Key Down;Z;901631
Key Up;Q;902016
Key Up;Z;902279
Key Down;Z;903567
Key Down;D;903719
Key Up;D;904103
Key Down;D;904384
Key Up;D;904567
Key Up;Z;904575
Key Down;S;905328
Key Up;S;905824
Key Down;Z;906456
Key Down;D;906504
Key Up;Z;906567
Key Up;D;906631
Key Down;D;933855
Key Down;S;934599
Key Up;S;935575
Key Down;Z;936223
Key Up;D;936911
Key Up;Z;937463
Key Down;Q;938039
Key Down;S;938871
Key Up;Q;939168
Key Down;Q;939615
Key Up;Q;940055
Key Up;S;940599
Key Down;S;941615
Key Up;S;942199
Key Down;Echap;943759
Key Up;Echap;943927
