Event;Key;Time
Key Down;E;747
Key Up;E;871
Key Down;D;6974
Key Up;D;7224
Key Down;Q;7393
Key Down;D;8000
Key Up;Q;8020
Key Down;Q;8511
Key Up;D;8549
Key Down;D;8916
Key Up;Q;8947
Key Up;D;9293
Key Down;Q;9605
Key Up;Q;10032
Key Down;D;10620
Key Up;D;10929
Key Down;D;11398
Key Up;D;11528
Key Down;D;12309
Key Up;D;12571
Key Down;Q;12685
Key Up;Q;13231
Key Down;Q;13433
Key Up;Q;13810
Key Down;D;14593
Key Down;Espace;15033
Key Down;Q;15230
Key Up;D;15275
Key Up;Espace;15455
Key Up;Q;15571
Key Down;D;15634
Key Down;Espace;15889
Key Up;Espace;16144
Key Down;Q;16257
Key Up;D;16269
Key Up;Q;17122
Key Down;D;17236
Key Up;D;17532
Key Down;Q;17534
Key Up;Q;17761
Key Down;D;17770
Key Up;D;17873
Key Down;D;18000
Key Up;D;18181
Key Down;D;19415
Key Up;D;19531
Key Down;Q;20298
Key Down;D;20965
Key Up;Q;20980
Key Down;Q;21714
Key Up;D;21776
Key Up;Q;22003
Key Down;D;22058
Key Up;D;22692
Key Down;D;23176
Key Up;D;23288
Key Down;Q;24162
Key Up;Q;25019
Key Down;Q;25197
Key Up;Q;25405
Key Down;D;25981
Key Up;D;26640
Key Down;Q;27646
Key Up;Q;28144
Key Down;Q;28499
Key Up;Q;28634
Key Down;Q;29543
Key Up;Q;29981
Key Down;Q;30266
Key Up;Q;30484
Key Down;D;30672
Key Down;Espace;30732
Key Up;Espace;30958
Key Up;D;31332
Key Down;Q;32853
Key Up;Q;33004
Key Down;D;33177
Key Up;D;33624
Key Down;Q;33820
Key Up;Q;33949
Key Down;Q;34110
Key Up;Q;34542
Key Down;D;34728
Key Up;D;34927
Key Down;Q;35008
Key Up;Q;35201
Key Down;Q;35280
Key Down;Espace;35431
Key Down;D;35700
Key Up;Q;35741
Key Up;Espace;35745
Key Up;D;35904
Key Down;Q;36033
Key Down;Espace;36147
Key Down;D;36334
Key Up;Espace;36346
Key Up;Q;36366
Key Up;D;36528
Key Down;Q;36810
Key Up;Q;36938
Key Down;Q;36954
Key Up;Q;37082
Key Down;S;37412
Key Down;Espace;37635
Key Up;Espace;37845
Key Down;D;37868
Key Up;S;38017
Key Up;D;38468
Key Down;Q;40010
Key Up;Q;40209
Key Down;Q;40509
Key Up;Q;40810
Key Down;D;41675
Key Up;D;42531
Key Down;Q;42829
Key Up;Q;42922
Key Down;D;43113
Key Up;D;43314
Key Down;Q;43524
Key Up;Q;43718
Key Down;Q;43996
Key Up;Q;44782
Key Down;D;45370
Key Up;D;45896
Key Down;D;46703
Key Up;D;46902
Key Down;D;47219
Key Up;D;47450
Key Down;Q;47837
Key Up;Q;48250
Key Down;D;48350
Key Up;D;48661
Key Down;D;48663
Key Up;D;48929
Key Down;Q;49721
Key Up;Q;50434
Key Down;D;50623
Key Down;Espace;50785
Key Up;Espace;50979
Key Up;D;51142
Key Down;Q;51286
Key Up;Q;51378
Key Down;D;51450
Key Up;D;51695
Key Down;D;51935
Key Up;D;52103
Key Down;D;52699
Key Down;Espace;52760
Key Up;Espace;53060
Key Up;D;53202
Key Down;Espace;53687
Key Down;Q;53732
Key Up;Espace;53991
Key Up;Q;54077
Key Down;Q;54309
Key Down;Espace;54358
Key Up;Espace;55135
Key Up;Q;55215
Key Down;Q;56312
Key Down;S;56474
Key Up;Q;56513
Key Down;Espace;56617
Key Up;Espace;56877
Key Down;D;57062
Key Up;S;57155
Key Up;D;58654
Key Down;Q;58729
Key Down;D;58992
Key Up;Q;59010
Key Up;D;59313
Key Down;Q;59315
Key Down;D;59753
Key Up;Q;59795
Key Up;D;60018
Key Down;Q;60020
Key Down;D;60203
Key Up;Q;60245
Key Down;Q;60350
Key Up;D;60387
Key Up;Q;61828
Key Down;D;61841
Key Up;D;61954
Key Down;Q;62174
Key Up;Q;62353
Key Down;D;62388
Key Down;S;62652
Key Up;S;63250
Key Up;D;63306
Key Down;Q;63320
Key Down;Z;63643
Key Up;Q;63839
Key Up;Z;64076
Key Down;D;64301
Key Up;D;64466
Key Down;Q;64764
Key Up;Q;65120
Key Down;D;65209
Key Up;D;65342
Key Down;Q;65392
Key Up;Q;65601
Key Down;D;65769
Key Up;D;65897
Key Down;D;66252
Key Up;D;67217
Key Down;D;67535
Key Up;D;67963
Key Down;D;68003
Key Up;D;68232
Key Down;Q;68610
Key Down;Espace;68630
Key Up;Espace;68887
Key Up;Q;69423
Key Down;Q;69639
Key Up;Q;70022
Key Down;Q;70686
Key Up;Q;70857
Key Down;D;71435
Key Up;D;72226
Key Down;D;73223
Key Up;D;73599
Key Down;Q;73601
Key Down;D;74090
Key Up;Q;74162
Key Up;D;74395
Key Down;Q;74412
Key Down;D;74620
Key Up;Q;74632
Key Up;D;74805
Key Down;Q;74807
Key Up;Q;75109
Key Down;D;75114
Key Up;D;75307
Key Down;Q;77451
Key Up;Q;77975
Key Down;Q;79051
Key Up;Q;80014
Key Down;Q;80714
Key Up;Q;81220
Key Down;Q;81540
Key Up;Q;81832
Key Down;Espace;81834
Key Down;D;81916
Key Up;D;82112
Key Down;Q;82114
Key Up;Espace;82218
Key Up;Q;82299
Key Down;Espace;82423
Key Down;Q;82656
Key Up;Espace;82754
Key Up;Q;82824
Key Down;D;85044
Key Down;Espace;85404
Key Up;Espace;85764
Key Up;D;85917
Key Down;Q;86175
Key Up;Q;86404
Key Down;Q;86808
Key Up;Q;87126
Key Down;Q;87228
Key Up;Q;87407
Key Down;Q;89303
Key Down;Espace;89535
Key Up;Q;89779
Key Up;Espace;89800
Key Down;D;90855
Key Down;S;91073
Key Up;S;91445
Key Up;D;92123
Key Down;D;93634
Key Up;D;93974
Key Down;Q;94081
Key Down;E;94295
Key Up;Q;94345
Key Up;E;94437
Key Down;E;94844
Key Up;E;94972
Key Down;E;96969
Key Up;E;97108
Key Down;S;97217
Key Down;D;97497
Key Down;Espace;97770
Key Up;D;98212
Key Up;Espace;98216
Key Up;S;98232
Key Down;E;98292
Key Up;E;98419
Key Down;Q;98434
Key Up;Q;98603
Key Down;E;98626
Key Up;E;98724
Key Down;Q;105997
Key Up;Q;106525
Key Down;D;107009
Key Up;D;107999
Key Down;D;108290
Key Up;D;108490
Key Down;D;108767
Key Up;D;108941
Key Down;D;109921
Key Up;D;110124
Key Down;Q;110939
Key Up;Q;111903
Key Down;Q;112700
Key Up;Q;112926
Key Down;Q;113825
Key Up;Q;114211
Key Down;D;115089
Key Up;D;115847
Key Down;D;116949
Key Up;D;117227
Key Down;Q;119397
Key Up;Q;119631
Key Down;Q;119733
Key Up;Q;120753
Key Down;D;120862
Key Up;D;121573
Key Down;D;122028
Key Down;Espace;122342
Key Up;Espace;122637
Key Up;D;122641
Key Down;Espace;122981
Key Down;D;123174
Key Up;Espace;123281
Key Up;D;123473
Key Down;Espace;123602
Key Down;Q;123697
Key Up;Espace;123923
Key Up;Q;123963
Key Down;Q;124417
Key Up;Q;124586
Key Down;D;124660
Key Up;D;125104
Key Down;Q;125203
Key Up;Q;125417
Key Down;D;125536
Key Up;D;125699
Key Down;Q;125702
Key Down;D;127068
Key Up;Q;127079
Key Down;Q;127234
Key Up;D;127262
Key Down;Espace;127572
Key Down;D;127785
Key Up;Espace;127812
Key Up;Q;127816
Key Up;D;128128
Key Down;D;128333
Key Up;D;128750
Key Down;Q;128852
Key Up;Q;129329
Key Down;D;129574
Key Up;D;130559
Key Down;S;130568
Key Down;Espace;130775
Key Up;Espace;130985
Key Down;Q;131172
Key Up;S;131194
Key Up;Q;132518
Key Down;D;132520
Key Up;D;134227
Key Down;Q;134849
Key Up;Q;136047
Key Down;D;136111
Key Up;D;136407
Key Down;Q;138529
Key Up;Q;139271
Key Down;D;139963
Key Up;D;140118
Key Down;Q;140166
Key Up;Q;140423
Key Down;Espace;140652
Key Down;D;140814
Key Up;Espace;140938
Key Up;D;142313
Key Down;D;142614
Key Down;Espace;142693
Key Up;Espace;142898
Key Up;D;142923
Key Down;Q;142925
Key Up;Q;143161
Key Down;Espace;143316
Key Down;Q;143449
Key Up;Espace;143652
Key Up;Q;144335
Key Down;D;144463
Key Up;D;145046
Key Down;Q;145180
Key Up;Q;146079
Key Down;S;146351
Key Down;Espace;146452
Key Up;Espace;146652
Key Down;D;146817
Key Up;S;146935
Key Up;D;147977
Key Down;D;148412
Key Up;D;148550
Key Down;Q;148864
Key Up;Q;149113
Key Down;D;149172
Key Up;D;149533
Key Down;D;149928
Key Up;D;150101
Key Down;D;150434
Key Up;D;150572
Key Down;D;150890
Key Down;Espace;151007
Key Up;D;151039
Key Down;Q;151102
Key Up;Espace;151271
Key Up;Q;151301
Key Down;D;151392
Key Up;D;151555
Key Down;Espace;151731
Key Down;Q;151862
Key Up;Espace;151992
Key Up;Q;152072
Key Down;Q;152525
Key Down;Espace;152575
Key Up;Espace;152837
Key Up;Q;153873
Key Down;D;154039
Key Up;D;154214
Key Down;D;154405
Key Up;D;154660
Key Down;Q;154725
Key Up;Q;155004
Key Down;Q;155275
Key Up;Q;155546
Key Down;D;155635
Key Up;D;157166
Key Down;S;157211
Key Down;Q;157349
Key Up;S;157533
Key Down;Espace;157933
Key Up;Espace;158208
Key Up;Q;158552
Key Down;D;159133
Key Up;D;159442
Key Down;Q;159569
Key Up;Q;159697
Key Down;D;160502
Key Down;Espace;160523
Key Up;Espace;161353
Key Up;D;161424
Key Down;Q;161514
Key Up;Q;161638
Key Down;D;162355
Key Up;D;162450
Key Down;Espace;163627
Key Down;D;163683
Key Up;Espace;163837
Key Up;D;164116
Key Down;S;164342
Key Down;Espace;164469
Key Up;Espace;164689
Key Up;S;164911
Key Down;Q;165078
Key Up;Q;165231
Key Down;D;165487
Key Up;D;165707
Key Down;Q;165751
Key Down;Espace;165777
Key Up;Espace;166049
Key Up;Q;166165
Key Down;Q;166780
Key Down;D;167655
Key Up;Q;167677
Key Up;D;168185
Key Down;Q;168664
Key Down;D;169095
Key Up;Q;169142
Key Up;D;169466
Key Down;Q;169490
Key Down;D;169855
Key Up;Q;169893
Key Up;D;170106
Key Down;Q;170211
Key Down;D;170417
Key Up;Q;170429
Key Down;Q;170599
Key Up;D;170611
Key Down;D;170776
Key Up;Q;170799
Key Up;D;171125
Key Down;Q;171127
Key Up;Q;171731
Key Down;Q;171952
Key Up;Q;172132
Key Down;E;172783
Key Up;E;172921
Key Down;Espace;174432
Key Down;Q;174705
Key Up;Espace;174833
Key Up;Q;174873
Key Down;D;175167
Key Down;Espace;175227
Key Up;Espace;175486
Key Up;D;175593
Key Down;D;176107
Key Down;Espace;176351
Key Up;Espace;176788
Key Up;D;176909
Key Down;Q;176953
Key Up;Q;177142
Key Down;D;177299
Key Up;D;177508
Key Down;D;177753
Key Up;D;177886
Key Down;D;178246
Key Up;D;178395
Key Down;D;178573
Key Up;D;178849
Key Down;Q;179036
Key Up;Q;179193
Key Down;D;179309
Key Up;D;179448
Key Down;Q;179522
Key Up;Q;179686
Key Down;A;179806
Key Up;A;179939
Key Down;Q;180241
Key Up;Q;182111
Key Down;Espace;182895
Key Down;D;183117
Key Up;Espace;183296
Key Up;D;183440
Key Down;Q;183455
Key Up;Q;183631
Key Down;Espace;183662
Key Up;Espace;184129
Key Down;D;184961
Key Up;D;185333
Key Down;Q;185335
Key Down;Espace;185404
Key Up;Espace;185595
Key Up;Q;185618
Key Down;D;185643
Key Up;D;185936
Key Down;D;186242
Key Up;D;186455
Key Down;D;186466
Key Down;Espace;186538
Key Up;Espace;186768
Key Up;D;187081
Key Down;D;187844
Key Up;D;187968
Key Down;Q;188002
Key Up;Q;188328
Key Down;D;188378
Key Up;D;188508
Key Down;Q;189031
Key Down;Espace;189096
Key Up;Espace;189299
Key Up;Q;189722
Key Down;Q;190069
Key Up;Q;190259
Key Down;Q;190603
Key Up;Q;190772
Key Down;Q;190897
Key Up;Q;191024
Key Down;Q;191250
Key Up;Q;191435
Key Down;D;191693
Key Down;Espace;191728
Key Up;Espace;192123
Key Up;D;192884
Key Down;Q;193043
Key Up;Q;193146
Key Down;Q;193240
Key Up;Q;193308
Key Down;Q;193530
Key Up;Q;193670
Key Down;D;193764
Key Up;D;193876
Key Down;D;194173
Key Up;D;194819
Key Down;Espace;194988
Key Up;Espace;195021
Key Down;S;195054
Key Down;Espace;195286
Key Up;Espace;195439
Key Up;S;195701
Key Down;Q;196330
Key Up;Q;196729
Key Down;A;196843
Key Up;A;196987
Key Down;Q;197125
Key Up;Q;198103
Key Down;Q;198286
Key Up;Q;198456
Key Down;Q;198575
Key Up;Q;198711
Key Down;D;198972
Key Up;D;199196
Key Down;Espace;199524
Key Up;Espace;199740
Key Down;D;200440
Key Down;Espace;200601
Key Down;Q;200785
Key Up;D;200816
Key Down;X;200831
Key Up;Espace;200843
Key Up;X;200909
Key Up;Q;201196
Key Down;D;201295
Key Down;Espace;201355
Key Up;Espace;201535
Key Up;D;201820
Key Down;Q;202004
Key Up;Q;202466
Key Down;Q;202707
Key Up;Q;202888
Key Down;Espace;203032
Key Down;D;203169
Key Up;Espace;203343
Key Down;Espace;203870
Key Up;Espace;204083
Key Up;D;204477
Key Down;Espace;205280
Key Down;Q;205376
Key Up;Espace;205548
Key Down;Espace;205609
Key Up;Espace;205732
Key Up;Q;205823
Key Down;Q;205914
Key Down;Espace;206091
Key Up;Espace;206204
Key Up;Q;206370
Key Down;Q;206678
Key Up;Q;207260
Key Down;Q;207382
Key Up;Q;207576
Key Down;Q;208016
Key Up;Q;208114
Key Down;D;208465
Key Down;Espace;208586
Key Up;Espace;208907
Key Up;D;208960
Key Down;Q;209342
Key Down;Espace;209413
Key Up;Espace;209640
Key Up;Q;209764
Key Down;Espace;210284
Key Down;D;210395
Key Up;Espace;210925
Key Down;Espace;211030
Key Up;Espace;211093
Key Up;D;211305
Key Down;Q;211328
Key Up;Q;211668
Key Down;D;211814
Key Up;D;212232
Key Down;D;212418
Key Up;D;212562
Key Down;D;212935
Key Up;D;213060
Key Down;D;213229
Key Up;D;213468
Key Down;D;214092
Key Up;D;214240
Key Down;Espace;214269
Key Down;Q;214384
Key Up;Espace;214548
Key Up;Q;214591
Key Down;D;214629
Key Up;D;214686
Key Down;Q;215691
Key Up;Q;215992
Key Down;D;216194
Key Down;Espace;216310
Key Down;Q;216502
Key Up;Espace;216559
Key Up;D;216563
Key Up;Q;216837
Key Down;D;217198
Key Up;D;217497
Key Down;Q;217637
Key Up;Q;217684
Key Down;D;218068
Key Up;D;218214
Key Down;D;218400
Key Up;D;218552
Key Down;Q;220378
Key Down;Espace;220423
Key Up;Espace;220693
Key Up;Q;222055
Key Down;D;222263
Key Up;D;222386
Key Down;Q;222778
Key Up;Q;222926
Key Down;Espace;223253
Key Down;D;223291
Key Up;Espace;223642
Key Up;D;224392
Key Down;Q;224724
Key Up;Q;224969
Key Down;D;225059
Key Up;D;225197
Key Down;Q;225688
Key Up;Q;226770
Key Down;Q;226829
Key Up;Q;226992
Key Down;S;228939
Key Down;Espace;228979
Key Up;Espace;229174
Key Down;D;229212
Key Up;S;229265
Key Up;D;229720
Key Down;Q;233099
Key Down;D;233557
Key Up;Q;233590
Key Down;E;233951
Key Up;E;234145
Key Down;E;234477
Key Up;E;234647
Key Down;Q;235005
Key Up;D;235057
Key Up;Q;236295
Key Down;Q;240542
Key Down;Espace;241754
Key Up;Espace;242014
Key Up;Q;242095
Key Down;Espace;242429
Key Down;D;242683
Key Up;Espace;242799
Key Up;D;242893
Key Down;E;243029
Key Up;E;243123
Key Down;Echap;248721
Key Up;Echap;248872
Key Down;S;249097
Key Down;D;249406
Key Down;Espace;249441
Key Up;Espace;249596
Key Up;S;249747
Key Down;E;250085
Key Up;D;250143
Key Up;E;250208
Key Down;Q;250353
Key Up;Q;250471
Key Down;Q;258443
Key Down;E;259224
Key Up;Q;259249
Key Up;E;259327
Key Down;Q;262741
Key Up;Q;262950
Key Down;Q;263335
Key Up;Q;263468
Key Down;D;263663
Key Up;D;263857
Key Down;Q;263948
Key Up;Q;264179
Key Down;D;264279
Key Up;D;264418
Key Down;Q;264568
Key Up;Q;264712
Key Down;D;265925
Key Up;D;266104
Key Down;Q;267712
Key Up;Q;267865
Key Down;D;268202
Key Down;Espace;268340
Key Up;D;268368
Key Down;Q;268406
Key Up;Espace;268540
Key Up;Q;268666
Key Down;D;268711
Key Up;D;268930
Key Down;D;269738
Key Up;D;269896
Key Down;Q;270482
Key Down;Espace;270548
Key Up;Espace;270999
Key Up;Q;271072
Key Down;Espace;271772
Key Up;Espace;272036
Key Down;D;272046
Key Up;D;272342
Key Down;Q;272408
Key Up;Q;272566
Key Down;Espace;272670
Key Down;Q;272787
Key Up;Espace;273159
Key Up;Q;273413
Key Down;D;274037
Key Up;D;274165
Key Down;D;278063
Key Up;D;278121
Key Down;Q;278318
Key Up;Q;278465
Key Down;D;278828
Key Up;D;279521
Key Down;Q;279892
Key Up;Q;280267
Key Down;D;280789
Key Up;D;280953
Key Down;D;282627
Key Down;Espace;282682
Key Up;Espace;282917
Key Up;D;283098
Key Down;Q;283371
Key Up;Q;283439
Key Down;D;285740
Key Down;Espace;285816
Key Up;Espace;286009
Key Down;Espace;286366
Key Up;Espace;286393
Key Up;D;286606
Key Down;Q;286996
Key Up;Q;287185
Key Down;Q;288095
Key Up;Q;288293
Key Down;Q;289072
Key Down;Espace;289158
Key Up;Espace;289575
Key Up;Q;289726
Key Down;E;289973
Key Up;E;290102
Key Down;E;290206
Key Up;E;290294
Key Down;S;290996
Key Down;Espace;291082
Key Up;Espace;291271
Key Up;S;291372
Key Down;S;293571
Key Down;Espace;293722
Key Up;Espace;293933
Key Up;S;294015
Key Down;E;294580
Key Up;E;294722
Key Down;Q;298196
Key Up;Q;298335
Key Down;D;298403
Key Up;D;298620
Key Down;Q;298961
Key Up;Q;299145
Key Down;Q;300677
Key Up;Q;300846
Key Down;D;301051
Key Up;D;301180
Key Down;Q;301629
Key Up;Q;301811
Key Down;Q;302055
Key Up;Q;302169
Key Down;D;302218
Key Up;D;302412
Key Down;Q;303034
Key Down;Espace;303140
Key Up;Espace;303576
Key Down;Espace;303614
Key Up;Espace;303707
Key Up;Q;304064
Key Down;D;304426
Key Up;D;304686
Key Down;D;304812
Key Up;D;305168
Key Down;D;305383
Key Down;Espace;305464
Key Up;Espace;305639
Key Up;D;305684
Key Down;Espace;306185
Key Up;Espace;306378
Key Down;D;306438
Key Up;D;306941
Key Down;Q;307123
Key Up;Q;307328
Key Down;E;307776
Key Up;E;307905
Key Down;E;308217
Key Up;E;308336
Key Down;R;309939
Key Up;R;310032
Key Down;D;311502
Key Up;D;312071
Key Down;R;312085
Key Up;R;312298
Key Down;D;312754
Key Up;D;313171
Key Down;E;313256
Key Up;E;313360
Key Down;Q;313530
Key Up;Q;313658
Key Down;D;316985
Key Up;D;317119
Key Down;D;318204
Key Down;Espace;318310
Key Up;Espace;318805
Key Up;D;318921
Key Down;Espace;319054
Key Down;Q;319253
Key Up;Espace;319325
Key Up;Q;319350
Key Down;Q;319598
Key Up;Q;319741
Key Down;D;319946
Key Up;D;320089
Key Down;Q;320807
Key Up;Q;320981
Key Down;D;321174
Key Up;D;321474
Key Down;D;321759
Key Up;D;321837
Key Down;Q;321977
Key Up;Q;322363
Key Down;Q;322525
Key Up;Q;323063
Key Down;D;323065
Key Up;D;323261
Key Down;Q;323493
Key Up;Q;324300
Key Down;Q;325363
Key Up;Q;325515
Key Down;D;325565
Key Up;D;325679
Key Down;Q;325707
Key Up;Q;325896
Key Down;D;325906
Key Up;D;326382
Key Down;D;326496
Key Up;D;326682
Key Down;D;327660
Key Up;D;328275
Key Down;Q;328304
Key Down;E;328715
Key Up;Q;328844
Key Up;E;328874
Key Down;E;329018
Key Up;E;329146
Key Down;E;331184
Key Up;E;331337
Key Down;S;331449
Key Down;Espace;331575
Key Up;Espace;331744
Key Up;S;331869
Key Down;E;331930
Key Up;E;332068
Key Down;E;332157
Key Up;E;332285
Key Down;E;332359
Key Up;E;332501
Key Down;D;336762
Key Down;E;337492
Key Up;D;337534
Key Up;E;337657
Key Down;Q;341077
Key Up;Q;341153
Key Down;D;341302
Key Up;D;341618
Key Down;Q;341763
Key Up;Q;342061
Key Down;D;344801
Key Up;D;344991
Key Down;Q;345131
Key Up;Q;345304
Key Down;D;345655
Key Up;D;345749
Key Down;Q;345883
Key Up;Q;346014
Key Down;D;346063
Key Up;D;346247
Key Down;Espace;346690
Key Down;D;346714
Key Up;Espace;346869
Key Up;D;346914
Key Down;Q;346957
Key Up;Q;347133
Key Down;D;347247
Key Up;D;347345
Key Down;Q;347636
Key Down;Espace;347696
Key Up;Espace;347982
Key Up;Q;348675
Key Down;D;348771
Key Up;D;348884
Key Down;D;349080
Key Up;D;349213
Key Down;Q;349215
Key Down;Espace;349236
Key Up;Espace;349456
Key Up;Q;349748
Key Down;Espace;350107
Key Down;D;350234
Key Up;Espace;350428
Key Up;D;350539
Key Down;Espace;350988
Key Down;D;351002
Key Up;D;351166
Key Up;Espace;351183
Key Down;Q;353476
Key Up;Q;354061
Key Down;D;354192
Key Up;D;354330
Key Down;D;355012
Key Up;D;355110
Key Down;D;355418
Key Down;Espace;355468
Key Up;Espace;355949
Key Up;D;356020
Key Down;E;356133
Key Up;E;356279
Key Down;Espace;358107
Key Down;Q;358132
Key Up;Espace;358504
Key Up;Q;358530
Key Down;D;359998
Key Down;Espace;360045
Key Up;Espace;360348
Key Up;D;360393
Key Down;Espace;360637
Key Down;Q;360658
Key Up;Q;360859
Key Up;Espace;360863
Key Down;Espace;361256
Key Down;Q;361307
Key Up;Q;361432
Key Up;Espace;361447
Key Down;D;361490
Key Up;D;361654
Key Down;Espace;361843
Key Down;D;362061
Key Up;Espace;362150
Key Up;D;362226
Key Down;E;362377
Key Up;E;362500
Key Down;E;362589
Key Up;E;362713
Key Down;E;362781
Key Up;E;362894
Key Down;D;366301
Key Up;D;366467
Key Down;D;369828
Key Up;D;369911
Key Down;D;370455
Key Up;D;370570
Key Down;D;371073
Key Up;D;371185
Key Down;D;371452
Key Up;D;371520
Key Down;Espace;372185
Key Down;D;372281
Key Up;Espace;372506
Key Up;D;372928
Key Down;Q;372997
Key Up;Q;373343
Key Down;D;373568
Key Up;D;373714
Key Down;D;373984
Key Up;D;374198
Key Down;D;374596
Key Down;Espace;374658
Key Up;Espace;374862
Key Up;D;374968
Key Down;Espace;375782
Key Down;Q;375817
Key Up;Espace;376091
Key Up;Q;376802
Key Down;Q;377837
Key Up;Q;378011
Key Down;D;378397
Key Up;D;378816
Key Down;D;379384
Key Up;D;379513
Key Down;Q;379868
Key Up;Q;380212
Key Down;Q;380783
Key Up;Q;380977
Key Down;Q;381213
Key Up;Q;381834
Key Down;Q;382237
Key Up;Q;382401
Key Down;D;382534
Key Up;D;382670
Key Down;D;382856
Key Up;D;383222
Key Down;Q;383240
Key Up;Q;383489
Key Down;D;383492
Key Up;D;383753
Key Down;E;383920
Key Up;E;384084
Key Down;Q;389373
Key Up;Q;390017
Key Down;D;390204
Key Up;D;390337
Key Down;Q;390466
Key Down;D;390643
Key Up;Q;390655
Key Up;D;390883
Key Down;Q;390979
Key Up;Q;391573
Key Down;D;392567
Key Up;D;393127
Key Down;S;393242
Key Down;Espace;393348
Key Up;Espace;393573
Key Up;S;393821
Key Down;D;393927
Key Up;D;394051
Key Down;Q;394092
Key Up;Q;394927
Key Down;D;394941
Key Up;D;395238
Key Down;Q;395311
Key Up;Q;395758
Key Down;Q;395904
Key Up;Q;396165
Key Down;Q;396264
Key Up;Q;396448
Key Down;D;396713
Key Up;D;397110
Key Down;Q;397600
Key Up;Q;397800
Key Down;D;397970
Key Up;D;398267
Key Down;Q;398478
Key Up;Q;398712
Key Down;D;398732
Key Up;D;399013
Key Down;Q;399066
Key Up;Q;399438
Key Down;D;399482
Key Up;D;399827
Key Down;Q;399829
Key Up;Q;400183
Key Down;D;400193
Key Down;Q;400445
Key Up;D;400457
Key Up;Q;400730
Key Down;D;400744
Key Up;D;401060
Key Down;D;401381
Key Up;D;401608
Key Down;Q;401688
Key Up;Q;401931
Key Down;D;402240
Key Up;D;402353
Key Down;Q;402553
Key Up;Q;402798
Key Down;Q;402996
Key Up;Q;403609
Key Down;D;404019
Key Down;Espace;404148
Key Up;Espace;404399
Key Up;D;404526
Key Down;D;404736
Key Up;D;405083
Key Down;Q;405249
Key Up;Q;405508
Key Down;Q;405932
Key Down;D;406515
Key Up;Q;406531
Key Down;Espace;407120
Key Down;Q;407458
Key Up;Espace;407470
Key Up;D;407490
Key Down;Espace;407559
Key Up;Q;407748
Key Down;D;407878
Key Up;Espace;407895
Key Up;D;408011
Key Down;Espace;408074
Key Up;Espace;408355
Key Down;Q;408619
Key Up;Q;408736
Key Down;Q;408920
Key Down;Espace;409011
Key Up;Q;409196
Key Down;D;409215
Key Up;Espace;409227
Key Up;D;409406
Key Down;S;409509
Key Down;Espace;409701
Key Up;Espace;409941
Key Down;D;410467
Key Up;S;410540
Key Up;D;410736
Key Down;D;411014
Key Up;D;411135
Key Down;Q;411353
Key Up;Q;411561
Key Down;Q;411765
Key Up;Q;411989
Key Down;Q;412216
Key Up;Q;412573
Key Down;D;413293
Key Up;D;413742
Key Down;Q;414488
Key Up;Q;414643
Key Down;Q;414879
Key Up;Q;415352
Key Down;Q;415553
Key Up;Q;415768
Key Down;Espace;415998
Key Down;Q;416184
Key Up;Espace;416222
Key Up;Q;416273
Key Down;Q;416428
Key Up;Q;416521
Key Down;D;416687
Key Up;D;417363
Key Down;D;417498
Key Up;D;417656
Key Down;D;417915
Key Up;D;418906
Key Down;D;418939
Key Up;D;419047
Key Down;Q;419307
Key Up;Q;419947
Key Down;Q;420032
Key Up;Q;420297
Key Down;Q;420593
Key Up;Q;421350
Key Down;Q;421450
Key Up;Q;421750
Key Down;D;422596
Key Up;D;423346
Key Down;D;423730
Key Up;D;424177
Key Down;Q;424280
Key Up;Q;424449
Key Down;Q;424706
Key Up;Q;425023
Key Down;D;425036
Key Up;D;425291
Key Down;D;425437
Key Up;D;426185
Key Down;Q;426774
Key Up;Q;427538
Key Down;Q;446966
Key Down;D;447543
Key Up;Q;447583
Key Down;Q;448119
Key Up;D;448123
Key Down;D;448639
Key Up;Q;448708
Key Down;Q;449050
Key Up;D;449062
Key Down;D;449583
Key Up;Q;449620
Key Up;D;450035
Key Down;D;450681
Key Up;D;450834
Key Down;D;451087
Key Up;D;451532
Key Down;D;451946
Key Up;D;452121
Key Down;Q;453536
Key Up;Q;454008
Key Down;D;454072
Key Up;D;454190
Key Down;Q;454250
Key Up;Q;454827
Key Down;D;455052
Key Up;D;455164
Key Down;Q;455239
Key Up;Q;455342
Key Down;D;455984
Key Up;D;456096
Key Down;D;456398
Key Up;D;456528
Key Down;D;457906
Key Down;Espace;457967
Key Up;Espace;458212
Key Up;D;458816
Key Down;D;459147
Key Up;D;459277
Key Down;D;459575
Key Up;D;459682
Key Down;D;460099
Key Up;D;460252
Key Down;Q;460593
Key Down;D;461814
Key Up;Q;461865
Key Up;D;462727
Key Down;Q;462735
Key Up;Q;464275
Key Down;D;464390
Key Up;D;465338
Key Down;D;465829
Key Up;D;465948
Key Down;Q;466031
Key Up;Q;466291
Key Down;D;466293
Key Up;D;466554
Key Down;D;466728
Key Up;D;466791
Key Down;Q;466860
Key Down;D;467122
Key Up;Q;467134
Key Up;D;467699
Key Down;Q;467742
Key Up;Q;468209
Key Down;D;468262
Key Down;Q;468648
Key Up;D;468665
Key Up;Q;468884
Key Down;Q;469352
Key Up;Q;469445
Key Down;D;469656
Key Up;D;469826
Key Down;D;470002
Key Up;D;470257
Key Down;D;470446
Key Up;D;470576
Key Down;D;470735
Key Up;D;470815
Key Down;Q;471111
Key Up;Q;471284
Key Down;D;471358
Key Up;D;471536
Key Down;Q;471576
Key Down;D;471738
Key Up;Q;471750
Key Up;D;471889
Key Down;Q;471912
Key Up;Q;472061
Key Down;D;472075
Key Up;D;472219
Key Down;Q;472221
Key Down;D;472374
Key Up;Q;472386
Key Down;Q;472507
Key Up;D;472527
Key Up;Q;473101
Key Down;D;473103
Key Up;D;473862
Key Down;Q;473992
Key Up;Q;474493
Key Down;D;474694
Key Up;D;474905
Key Down;Q;475284
Key Up;Q;475440
Key Down;D;475442
Key Up;D;476049
Key Down;Q;476103
Key Up;Q;476778
Key Down;D;476857
Key Up;D;476972
Key Down;Q;477070
Key Up;Q;477275
Key Down;D;477298
Key Up;D;477458
Key Down;Q;477485
Key Up;Q;477842
Key Down;D;477930
Key Up;D;478062
Key Down;Q;478106
Key Up;Q;478349
Key Down;D;478351
Key Up;D;478703
Key Down;Q;478749
Key Up;Q;479061
Key Down;D;479458
Key Up;D;479576
Key Down;Q;479625
Key Up;Q;480282
Key Down;Q;480695
Key Up;Q;480879
Key Down;D;481378
Key Up;D;481942
Key Down;D;483918
Key Up;D;484031
Key Down;Q;484116
Key Up;Q;484887
Key Down;D;485432
Key Up;D;485779
Key Down;D;486456
Key Up;D;487217
Key Down;Q;487219
Key Down;D;487803
Key Up;Q;487835
Key Down;Q;488644
Key Up;D;488697
Key Down;D;489090
Key Up;Q;489122
Key Up;D;489395
Key Down;Q;489501
Key Up;Q;490138
Key Down;D;490261
Key Up;D;490556
Key Down;Q;490575
Key Down;D;490671
Key Up;Q;490683
Key Up;D;491128
Key Down;Q;491187
Key Up;Q;491822
Key Down;D;492255
Key Up;D;492755
Key Down;Q;493689
Key Up;Q;494310
Key Down;D;494384
Key Up;D;495050
Key Down;D;495239
Key Up;D;495525
Key Down;Q;495691
Key Up;Q;496546
Key Down;D;496703
Key Up;D;496821
Key Down;Q;496865
Key Up;Q;497104
Key Down;D;497154
Key Up;D;497671
Key Down;Q;498320
Key Up;Q;498732
Key Down;D;500327
Key Up;D;500875
Key Down;Q;501270
Key Up;Q;501403
Key Down;D;501519
Key Up;D;501633
Key Down;Q;501726
Key Up;Q;501839
Key Down;Q;502201
Key Up;Q;502417
Key Down;Q;502618
Key Up;Q;502788
Key Down;D;502916
Key Up;D;503156
Key Down;Q;503265
Key Up;Q;503444
Key Down;D;503531
Key Up;D;503912
Key Down;Q;503914
Key Down;Espace;503971
Key Up;Espace;504149
Key Up;Q;504647
Key Down;Espace;504923
Key Down;D;504983
Key Down;S;505003
Key Up;D;505188
Key Up;Espace;505252
Key Down;Q;505313
Key Up;S;505325
Key Up;Q;505507
Key Down;D;506223
Key Up;D;506368
Key Down;S;509682
Key Down;Espace;509762
Key Up;Espace;509977
Key Down;D;510227
Key Up;S;510300
Key Up;D;510723
Key Down;D;511113
Key Up;D;511257
Key Down;D;512030
Key Up;D;512173
Key Down;Q;513240
Key Up;Q;513407
Key Down;Q;513964
Key Up;Q;514092
Key Down;D;515228
Key Up;D;515915
Key Down;Q;515917
Key Down;D;516368
Key Up;Q;516380
Key Up;D;516563
Key Down;Q;516576
Key Down;D;516846
Key Up;Q;516888
Key Up;D;517181
Key Down;Q;517418
Key Up;Q;517754
Key Down;D;517767
Key Up;D;518036
Key Down;Q;518038
Key Down;D;518300
Key Up;Q;518311
Key Down;Q;518720
Key Up;D;518787
Key Down;D;519344
Key Up;Q;519406
Key Down;Q;519925
Key Up;D;519965
Key Down;D;520270
Key Up;Q;520282
Key Up;D;520429
Key Down;Q;524889
Key Up;Q;525025
Key Down;D;525700
Key Up;D;525839
Key Down;Q;527173
Key Down;Espace;527331
Key Up;Q;527585
Key Up;Espace;527611
Key Down;D;527612
Key Up;D;527792
Key Down;Q;527968
Key Up;Q;528092
Key Down;D;529992
Key Down;Espace;530096
Key Up;D;530264
Key Up;Espace;530268
Key Down;Q;530338
Key Up;Q;530582
Key Down;Q;531031
Key Up;Q;531160
Key Down;Q;531446
Key Up;Q;531610
Key Down;D;532611
Key Up;D;532732
Key Down;Espace;532902
Key Down;D;533020
Key Up;Espace;533204
Key Down;Espace;533320
Key Up;Espace;533392
Key Up;D;533629
Key Down;Q;533869
Key Down;Espace;534432
Key Up;Espace;534582
Key Up;Q;534793
Key Down;Espace;535669
Key Down;Q;535697
Key Up;Espace;535912
Key Up;Q;535981
Key Down;Q;536113
Key Up;Q;536222
Key Down;D;536434
Key Up;D;536588
Key Down;Q;537237
Key Down;Espace;537257
Key Up;Espace;537474
Key Up;Q;537620
Key Down;D;538159
Key Up;D;538252
Key Down;S;538574
Key Down;Espace;538641
Key Up;Espace;538835
Key Down;D;539030
Key Up;S;539144
Key Up;D;539506
Key Down;Q;540105
Key Up;Q;540188
Key Down;Q;540248
Key Up;Q;540429
Key Down;D;540583
Key Up;D;540691
Key Down;Q;540774
Key Down;Espace;540901
Key Up;Espace;541069
Key Up;Q;541099
Key Down;D;541145
Key Down;Espace;541256
Key Up;Espace;541441
Key Up;D;541603
Key Down;Q;541688
Key Up;Q;541881
Key Down;Q;541980
Key Up;Q;542326
Key Down;Q;542800
Key Up;Q;542974
Key Down;Q;543484
Key Up;Q;543605
Key Down;D;543787
Key Up;D;543950
Key Down;Q;544125
Key Down;Espace;544192
Key Up;Espace;544391
Key Up;Q;544458
Key Down;D;544460
Key Up;D;544671
Key Down;Q;545114
Key Up;Q;545283
Key Down;Q;545480
Key Down;Espace;545626
Key Up;Q;545652
Key Down;D;545763
Key Up;Espace;545785
Key Up;D;546022
Key Down;Q;546076
Key Up;Q;546285
Key Down;Q;546473
Key Down;Espace;546609
Key Up;Q;546631
Key Down;D;546634
Key Up;Espace;546788
Key Up;D;547416
Key Down;D;547669
Key Down;Espace;547709
Key Down;Q;547815
Key Up;D;547836
Key Up;Espace;548013
Key Up;Q;548125
Key Down;Espace;548310
Key Down;Q;548345
Key Up;Espace;548562
Key Up;Q;548678
Key Down;Espace;550051
Key Down;D;550082
Key Up;Espace;550105
Key Down;Espace;550199
Key Up;Espace;550443
Key Down;Espace;550523
Key Up;Espace;550803
Key Up;D;550854
Key Down;Q;552076
Key Up;Q;552362
Key Down;D;553433
Key Up;D;553560
Key Down;D;555432
Key Down;Espace;555619
Key Up;Espace;555805
Key Up;D;555910
Key Down;Q;556146
Key Up;Q;556234
Key Down;Q;556414
Key Up;Q;556549
Key Down;D;556836
Key Up;D;556888
Key Down;D;557773
Key Up;D;557910
Key Down;Q;558136
Key Up;Q;558320
Key Down;D;558860
Key Down;Espace;558967
Key Up;D;559291
Key Up;Espace;559295
Key Down;Left Shift;559568
Key Down;E;559598
Key Up;Left Shift;559661
Key Up;E;559712
Key Down;E;559848
Key Up;E;559945
Key Down;D;561091
Key Up;D;561245
Key Down;E;561598
Key Up;E;561700
Key Down;Q;561743
Key Up;Q;562243
Key Down;E;562256
Key Up;E;562369
Key Down;E;562483
Key Up;E;562582
Key Down;Q;569309
Key Down;D;569622
Key Up;Q;569654
Key Up;D;570261
Key Down;Q;570263
Key Down;D;570630
Key Up;Q;570683
Key Up;D;571482
Key Down;Q;571492
Key Up;Q;572583
Key Down;Q;572825
Key Up;Q;572972
Key Down;D;573058
Key Up;D;573424
Key Down;Q;573475
Key Up;Q;573652
Key Down;Q;573923
Key Up;Q;574067
Key Down;D;574420
Key Up;D;574544
Key Down;Q;575373
Key Up;Q;575512
Key Down;D;575580
Key Up;D;576430
Key Down;Q;576483
Key Up;Q;576702
Key Down;Q;577965
Key Up;Q;578900
Key Down;D;578938
Key Up;D;579419
Key Down;Q;579771
Key Up;Q;579964
Key Down;D;580040
Key Up;D;580372
Key Down;Q;580734
Key Up;Q;581111
Key Down;Q;581294
Key Up;Q;581425
Key Down;Q;581641
Key Up;Q;581753
Key Down;D;581905
Key Up;D;582656
Key Down;D;583666
Key Up;D;584364
Key Down;D;584892
Key Up;D;585020
Key Down;Q;585216
Key Up;Q;586193
Key Down;D;586209
Key Up;D;586657
Key Down;Q;587105
Key Up;Q;587290
Key Down;Q;587448
Key Up;Q;587595
Key Down;D;587638
Key Up;D;588253
Key Down;Q;588424
Key Up;Q;589528
Key Down;Q;589881
Key Up;Q;590238
Key Down;R;590566
Key Up;R;590639
Key Down;D;590970
Key Up;D;591874
Key Down;Q;592944
Key Up;Q;593239
Key Down;D;593830
Key Up;D;594024
Key Down;D;594792
Key Up;D;594956
Key Down;D;595090
Key Up;D;595336
Key Down;Q;596314
Key Up;Q;596703
Key Down;D;596773
Key Up;D;596870
Key Down;Q;596899
Key Up;Q;597083
Key Down;D;597162
Key Up;D;597377
Key Down;Q;597379
Key Down;D;597573
Key Up;Q;597600
Key Down;Q;598201
Key Up;D;598219
Key Up;Q;598412
Key Down;Q;598586
Key Up;Q;599164
Key Down;D;599260
Key Up;D;599461
Key Down;Q;599509
Key Up;Q;599822
Key Down;D;599907
Key Up;D;600059
Key Down;Q;600069
Key Down;D;600284
Key Up;Q;600296
Key Down;Q;600686
Key Up;D;600739
Key Up;Q;600921
Key Down;D;600975
Key Down;Q;601105
Key Up;Q;601234
Key Up;D;601398
Key Down;Q;601400
Key Down;D;601541
Key Up;Q;601558
Key Up;D;602579
Key Down;Q;602589
Key Up;Q;603427
Key Down;D;603451
Key Up;D;603676
Key Down;Q;603725
Key Down;D;604196
Key Up;Q;604208
Key Up;D;604457
Key Down;Q;604459
Key Down;D;604663
Key Up;Q;604675
Key Down;Q;604892
Key Up;D;604914
Key Down;D;605377
Key Up;Q;605414
Key Up;D;606191
Key Down;Q;606209
Key Down;D;606415
Key Up;Q;606427
Key Up;D;607098
Key Down;Q;607156
Key Up;Q;607472
Key Down;D;607481
Key Down;Q;607638
Key Up;D;607650
Key Up;Q;608456
Key Down;D;608473
Key Down;Q;608651
Key Up;D;608674
Key Down;D;608692
Key Up;Q;608739
Key Up;D;609166
Key Down;Q;609296
Key Up;Q;609464
Key Down;D;609544
Key Down;Q;609660
Key Up;D;609673
Key Down;D;609915
Key Up;D;610028
Key Up;Q;610260
Key Down;Q;610531
Key Up;Q;610705
Key Down;D;610830
Key Up;D;611011
Key Down;Q;611094
Key Up;Q;611313
Key Down;D;611356
Key Up;D;611800
Key Down;Q;611915
Key Up;Q;612086
Key Down;D;612130
Key Up;D;612334
Key Down;Q;612413
Key Up;Q;612617
Key Down;Espace;612708
Key Down;Q;612722
Key Up;Espace;612951
Key Up;Q;613205
Key Down;D;613956
Key Up;D;615027
Key Down;D;615335
Key Up;D;615407
Key Down;Q;616332
Key Up;Q;616732
Key Down;D;617208
Key Up;D;617336
Key Down;D;617667
Key Up;D;617773
Key Down;Q;617910
Key Up;Q;618596
Key Down;Q;619222
Key Up;Q;619619
Key Down;D;620224
Key Up;D;620741
Key Down;D;622081
Key Up;D;622245
Key Down;D;622301
Key Up;D;622410
Key Down;D;622898
Key Up;D;623719
Key Down;Q;624821
Key Up;Q;625067
Key Down;D;625130
Key Up;D;625398
Key Down;Q;625458
Key Up;Q;625832
Key Down;D;626756
Key Down;Espace;626974
Key Down;Q;627166
Key Up;Espace;627203
Key Up;D;627207
Key Up;Q;627458
Key Down;Espace;627612
Key Down;D;627830
Key Up;Espace;627886
Key Up;D;627968
Key Down;Q;627970
Key Up;Q;628116
Key Down;Espace;628205
Key Down;Q;628244
Key Up;Espace;629163
Key Up;Q;629373
Key Down;D;633236
Key Up;D;633790
Key Down;S;633874
Key Down;Espace;633970
Key Up;Espace;634174
Key Down;D;634224
Key Up;S;634276
Key Up;D;635018
Key Down;E;636021
Key Down;Espace;636071
Key Down;R;636082
Key Up;E;636094
Key Up;Espace;636134
Key Up;R;636175
Key Down;D;636878
Key Up;D;637074
Key Down;Q;637099
Key Down;D;637608
Key Up;Q;637670
Key Up;D;638065
Key Down;Q;638752
Key Up;Q;639267
Key Down;D;639278
Key Up;D;639508
Key Down;Q;639599
Key Up;Q;640400
Key Down;R;641021
Key Up;R;641135
Key Down;Q;641778
Key Up;Q;642031
Key Down;Espace;642600
Key Down;Q;642789
Key Up;Espace;642811
Key Up;Q;643079
Key Down;Espace;643406
Key Down;D;643603
Key Up;Espace;644052
Key Down;Espace;644178
Key Up;Espace;644453
Key Up;D;644808
Key Down;D;645181
Key Up;D;645313
Key Down;D;645525
Key Down;Espace;645586
Key Down;Q;645636
Key Up;D;645648
Key Up;Espace;645882
Key Up;Q;646729
Key Down;S;646798
Key Down;Espace;646986
Key Up;Espace;647159
Key Down;D;647465
Key Up;D;647544
Key Down;Q;647643
Key Up;Q;647823
Key Up;S;648263
Key Down;D;648604
Key Down;A;649329
Key Up;D;649366
Key Down;D;649460
Key Up;A;649472
Key Up;D;649595
Key Down;D;649844
Key Down;Q;650231
Key Up;D;650249
Key Up;Q;651112
Key Down;Q;651742
Key Up;Q;651959
Key Down;D;652274
Key Up;D;652666
Key Down;D;652726
Key Up;D;652880
Key Down;Q;652909
Key Down;Espace;652964
Key Up;Q;652987
Key Down;D;653016
Key Up;Espace;653250
Key Up;D;653397
Key Down;Q;653638
Key Up;Q;653807
Key Down;Q;654085
Key Up;Q;654536
Key Down;D;654852
Key Up;D;655129
Key Down;Q;655193
Key Up;Q;655376
Key Down;D;655378
Key Up;D;655756
Key Down;Q;655825
Key Up;Q;656000
Key Down;D;656024
Key Up;D;656087
Key Down;D;656247
Key Up;D;656519
Key Down;Espace;656632
Key Up;Espace;657085
Key Down;Espace;657335
Key Up;Espace;657803
Key Down;Q;658036
Key Up;Q;658224
Key Down;Q;658409
Key Up;Q;658620
Key Down;D;659160
Key Up;D;659253
Key Down;Q;659312
Key Up;Q;659354
Key Down;D;659373
Key Up;D;659882
Key Down;Q;660068
Key Down;S;660416
Key Down;Espace;660427
Key Up;Q;660439
Key Up;Espace;660641
Key Down;Q;660867
Key Up;S;660909
Key Up;Q;661270
Key Down;D;661304
Key Up;D;661599
Key Down;Q;661609
Key Up;Q;661843
Key Down;D;661845
Key Up;D;662459
Key Down;D;662702
Key Down;Espace;662890
Key Down;Q;662990
Key Up;D;663042
Key Up;Espace;663247
Key Up;Q;663363
Key Down;Espace;663397
Key Down;Q;663528
Key Up;Espace;664011
Key Down;Espace;664374
Key Up;Espace;664578
Key Up;Q;664780
Key Down;A;665573
Key Up;A;665747
Key Down;D;665795
Key Up;D;667466
Key Down;Q;667508
Key Down;Espace;667589
Key Up;Espace;667844
Key Up;Q;668282
Key Down;D;668658
Key Up;D;668867
Key Down;Q;668941
Key Up;Q;669275
Key Down;D;669278
Key Up;D;669477
Key Down;Q;669494
Key Down;D;669703
Key Up;Q;669715
Key Up;D;669902
Key Down;Q;669907
Key Down;D;670073
Key Up;Q;670126
Key Up;D;670269
Key Down;Q;670297
Key Up;Q;670507
Key Down;D;670509
Key Up;D;670683
Key Down;Q;670696
Key Down;D;670864
Key Up;Q;670917
Key Up;D;671075
Key Down;Q;671083
Key Down;D;671239
Key Up;Q;671276
Key Up;D;671440
Key Down;D;672606
Key Up;D;673069
Key Down;D;673403
Key Up;D;673545
Key Down;Espace;673613
Key Down;D;673711
Key Up;Espace;673853
Key Up;D;674352
Key Down;Espace;674465
Key Down;D;674476
Key Up;Espace;674554
Key Up;D;674715
Key Down;S;676329
Key Down;Espace;676536
Key Up;Espace;676644
Key Down;Espace;676663
Key Down;Q;676749
Key Up;S;676907
Key Up;Espace;676999
Key Down;Espace;677475
Key Up;Espace;677693
Key Down;Espace;678257
Key Up;Espace;678446
Key Up;Q;678660
Key Down;D;678836
Key Down;Espace;678855
Key Up;Espace;679115
Key Down;Espace;680273
Key Up;Espace;680447
Key Down;S;680588
Key Down;Espace;680653
Key Up;D;680721
Key Up;Espace;680934
Key Down;Espace;681128
Key Up;Espace;681359
Key Down;Q;681554
Key Up;S;682837
Key Up;Q;682854
Key Down;Espace;683358
Key Down;Q;683970
Key Up;Espace;684038
Key Up;Q;684059
Key Down;Q;703776
Key Down;D;704020
Key Up;Q;704080
Key Down;Q;704449
Key Up;D;704507
Key Down;D;704950
Key Up;Q;705013
Key Up;D;705636
Key Down;Q;705638
Key Up;Q;706412
Key Down;D;706861
Key Up;D;707451
Key Down;D;708699
Key Up;D;708912
Key Down;Q;709082
Key Up;Q;709248
Key Down;D;709316
Key Up;D;709424
Key Down;Q;710877
Key Down;Espace;711080
Key Up;Espace;711484
Key Down;Espace;711507
Key Up;Espace;711564
Key Up;Q;711841
Key Down;D;713374
Key Down;Espace;713400
Key Up;Espace;713871
Key Up;D;714221
Key Down;D;714578
Key Up;D;714762
Key Down;S;715258
Key Down;Espace;715495
Key Up;Espace;715709
Key Down;Q;715798
Key Up;S;716554
Key Up;Q;716584
Key Down;Q;717050
Key Up;Q;717244
Key Down;D;717362
Key Up;D;717950
Key Down;Q;718303
Key Up;Q;718488
Key Down;Q;718678
Key Up;Q;719367
Key Down;D;719665
Key Down;Espace;720260
Key Up;Espace;720607
Key Up;D;721194
Key Down;Q;721303
Key Down;Espace;721654
Key Up;Espace;721837
Key Up;Q;722125
Key Down;Q;722313
Key Up;Q;722683
Key Down;Q;722833
Key Up;Q;723032
Key Down;Q;723290
Key Up;Q;723545
Key Down;D;723896
Key Up;D;724166
Key Down;Q;724596
Key Up;Q;724800
Key Down;D;724839
Key Up;D;725708
Key Down;D;726438
Key Up;D;726553
Key Down;D;727081
Key Up;D;727228
Key Down;Q;727316
Key Down;D;727720
Key Up;Q;727732
Key Up;D;727915
Key Down;D;728039
Key Down;Q;728170
Key Up;D;728218
Key Up;Q;728350
Key Down;D;728505
Key Up;D;728670
Key Down;Q;728816
Key Up;Q;728954
Key Down;Q;729205
Key Down;D;729586
Key Up;Q;729599
Key Up;D;730459
Key Down;Q;730756
Key Up;Q;731046
Key Down;D;731048
Key Up;D;731467
Key Down;Q;731521
Key Up;Q;732278
Key Down;D;732480
Key Up;D;732918
Key Down;Q;733047
Key Down;D;733442
Key Up;Q;733454
Key Up;D;733606
Key Down;D;733859
Key Up;D;733952
Key Down;Q;733976
Key Up;Q;734321
Key Down;D;734483
Key Up;D;734566
Key Down;Q;734670
Key Up;Q;734831
Key Down;D;735012
Key Up;D;735135
Key Down;D;735330
Key Up;D;735610
Key Down;Q;735812
Key Up;Q;736259
Key Down;D;737026
Key Up;D;737543
Key Down;D;737918
Key Up;D;738067
Key Down;D;739778
Key Up;D;739929
Key Down;D;740467
Key Up;D;740545
Key Down;Q;740604
Key Up;Q;740891
Key Down;D;741637
Key Up;D;741765
Key Down;D;742473
Key Up;D;742953
Key Down;D;743183
Key Up;D;743336
Key Down;D;743568
Key Up;D;743677
Key Down;Q;744040
Key Up;Q;744497
Key Down;Q;744886
Key Up;Q;745019
Key Down;D;745021
Key Up;D;745212
Key Down;Q;745291
Key Up;Q;745479
Key Down;D;745482
Key Up;D;745708
Key Down;Q;745746
Key Down;D;745852
Key Up;Q;745884
Key Up;D;746008
Key Down;D;746517
Key Up;D;746656
Key Down;Espace;746831
Key Down;Q;747015
Key Up;Espace;747174
Key Up;Q;747295
Key Down;Q;749573
Key Up;Q;749834
Key Down;Left Shift;750782
Key Down;R;750798
Key Up;Left Shift;750846
Key Up;R;750942
Key Down;Q;756040
Key Up;Q;756277
Key Down;D;756280
Key Up;D;756897
Key Down;Q;756916
Key Down;D;757288
Key Up;Q;757345
Key Up;D;757543
Key Down;Q;757596
Key Down;D;757925
Key Up;Q;757962
Key Up;D;758070
Key Down;D;758323
Key Up;D;758502
Key Down;D;759743
Key Up;D;760034
Key Down;D;760154
Key Up;D;760284
Key Down;D;760448
Key Up;D;760561
Key Down;D;760993
Key Up;D;761097
Key Down;D;761436
Key Up;D;761548
Key Down;D;762437
Key Up;D;762515
Key Down;Q;762962
Key Up;Q;763237
Key Down;Q;764729
Key Up;Q;765085
Key Down;Q;765933
Key Up;Q;766152
Key Down;D;766253
Key Up;D;766365
Key Down;Q;766698
Key Up;Q;766887
Key Down;D;767583
Key Up;D;767663
Key Down;Q;767665
Key Up;Q;768057
Key Down;Q;769513
Key Up;Q;770198
Key Down;D;770282
Key Up;D;771078
Key Down;D;771377
Key Up;D;771538
Key Down;D;771769
Key Up;D;772326
Key Down;D;772530
Key Up;D;772858
Key Down;Q;773275
Key Up;Q;773439
Key Down;Q;773488
Key Up;Q;774245
Key Down;D;775075
Key Up;D;775220
Key Down;D;775551
Key Up;D;775829
Key Down;D;776089
Key Up;D;776263
Key Down;Q;776454
Key Up;Q;776676
Key Down;D;776684
Key Up;D;776959
Key Down;Q;777345
Key Up;Q;778537
Key Down;D;778664
Key Up;D;779578
Key Down;Q;779625
Key Up;Q;780307
Key Down;Q;780330
Key Up;Q;780551
Key Down;D;780553
Key Up;D;780713
Key Down;Q;780729
Key Up;Q;781265
Key Down;D;781389
Key Up;D;782398
Key Down;D;782701
Key Up;D;783140
Key Down;Q;783345
Key Up;Q;783916
Key Down;Q;784287
Key Up;Q;784481
Key Down;Q;784646
Key Up;Q;784790
Key Down;Q;785129
Key Up;Q;785307
Key Down;D;785401
Key Up;D;785565
Key Down;Q;785592
Key Down;D;785767
Key Up;Q;785779
Key Up;D;785927
Key Down;Q;785956
Key Down;D;786117
Key Up;Q;786155
Key Up;D;786251
Key Down;Q;786400
Key Down;D;786511
Key Up;Q;786579
Key Up;D;786721
Key Down;Q;786779
Key Down;D;786949
Key Up;Q;786966
Key Up;D;787113
Key Down;Q;787114
Key Down;D;787226
Key Up;Q;787243
Key Up;D;787856
Key Down;D;789817
Key Down;Q;790122
Key Up;D;790148
Key Down;E;791188
Key Up;Q;791239
Key Up;E;791319
Key Down;E;793773
Key Up;E;793936
Key Down;D;794127
Key Down;E;794791
Key Up;D;794848
Key Up;E;794954
Key Down;Q;800608
Key Down;D;800997
Key Up;Q;801041
Key Up;D;801441
Key Down;Q;801662
Key Up;Q;802110
Key Down;D;802113
Key Up;D;802253
Key Down;Q;802255
Key Up;Q;802763
Key Down;D;803648
Key Up;D;804050
Key Down;Q;804292
Key Up;Q;804456
Key Down;D;805140
Key Up;D;805791
Key Down;D;806048
Key Up;D;806196
Key Down;Q;806244
Key Up;Q;806941
Key Down;D;806984
Key Up;D;807129
Key Down;Q;807197
Key Up;Q;807363
Key Down;D;807365
Key Up;D;807479
Key Down;Q;807590
Key Up;Q;807742
Key Down;D;807805
Key Up;D;807877
Key Down;Q;807936
Key Down;D;808039
Key Up;Q;808055
Key Up;D;808192
Key Down;Q;808236
Key Up;Q;808387
Key Down;Q;808571
Key Up;Q;808781
Key Down;Q;808922
Key Up;Q;809094
Key Down;D;809124
Key Up;D;809233
Key Down;Q;809322
Key Up;Q;809542
Key Down;Espace;809601
Key Down;D;809783
Key Up;Espace;809846
Key Up;D;810475
Key Down;D;811049
Key Up;D;811279
Key Down;Q;811281
Key Up;Q;812527
Key Down;D;812950
Key Up;D;814024
Key Down;Q;814039
Key Down;D;815002
Key Up;Q;815077
Key Down;Q;815583
Key Up;D;815634
Key Up;Q;816428
Key Down;D;816555
Key Up;D;817508
Key Down;Q;817535
Key Down;D;818134
Key Up;Q;818149
Key Up;D;818957
Key Down;Q;819138
Key Up;Q;819839
Key Down;Q;819985
Key Up;Q;820428
Key Down;Q;820846
Key Up;Q;821086
Key Down;D;821782
Key Up;D;822702
Key Down;D;823083
Key Up;D;823691
Key Down;D;824141
Key Up;D;824199
Key Down;Q;824201
Key Up;Q;824716
Key Down;Q;825205
Key Up;Q;825771
Key Down;D;825971
Key Up;D;826578
Key Down;D;826788
Key Up;D;827153
Key Down;Q;827256
Key Up;Q;827665
Key Down;D;827683
Key Up;D;828125
Key Down;Q;828580
Key Up;Q;829778
Key Down;Q;830146
Key Up;Q;830300
Key Down;D;830354
Key Up;D;830730
Key Down;Q;831023
Key Up;Q;831358
Key Down;D;831427
Key Up;D;832260
Key Down;Q;832500
Key Up;Q;832811
Key Down;D;832861
Key Up;D;833330
Key Down;Q;833616
Key Up;Q;834151
Key Down;D;834176
Key Up;D;834434
Key Down;Q;834681
Key Down;D;834822
Key Up;Q;834834
Key Up;D;835230
Key Down;Q;835258
Key Up;Q;835507
Key Down;D;835526
Key Up;D;836303
Key Down;Q;836306
Key Up;Q;837336
Key Down;D;837347
Key Up;D;837500
Key Down;Q;837566
Key Up;Q;837941
Key Down;D;837943
Key Up;D;838647
Key Down;D;838788
Key Up;D;839057
Key Down;D;839271
Key Up;D;839378
Key Down;Q;839401
Key Up;Q;840349
Key Down;Q;840587
Key Up;Q;840816
Key Down;D;840817
Key Up;D;841808
Key Down;Q;842085
Key Down;D;842254
Key Up;Q;842321
Key Up;D;842741
Key Down;D;843044
Key Up;D;843238
Key Down;Q;843337
Key Up;Q;843794
Key Down;D;843838
Key Up;D;843990
Key Down;Q;843992
Key Up;Q;844911
Key Down;D;844958
Key Down;Q;845749
Key Up;D;845790
Key Down;D;846665
Key Up;Q;846708
Key Down;Q;847399
Key Up;D;847458
Key Down;D;847952
Key Up;Q;848021
Key Down;Q;848344
Key Up;D;848397
Key Down;D;848856
Key Up;Q;848927
Key Down;Q;849594
Key Up;D;849652
Key Down;D;850161
Key Up;Q;850194
Key Down;Q;850472
Key Up;D;850509
Key Up;Q;851208
Key Down;D;851213
Key Up;D;851437
Key Down;Q;851526
Key Up;Q;851962
Key Down;Q;852263
Key Up;Q;852470
Key Down;D;852499
Key Down;Espace;852695
Key Up;Espace;852930
Key Up;D;853999
Key Down;D;854428
Key Up;D;854648
Key Down;Q;854787
Key Up;Q;854994
Key Down;D;855049
Key Up;D;855330
Key Down;Q;855482
Key Down;Espace;855588
Key Up;Espace;856034
Key Down;Espace;856742
Key Up;Espace;856916
Key Up;Q;857031
Key Down;D;857111
Key Up;D;857189
Key Down;Espace;857487
Key Up;Espace;857651
Key Down;D;857653
Key Up;D;857843
Key Down;Q;857880
Key Up;Q;858085
Key Down;D;858108
Key Down;Espace;858179
Key Up;Espace;858500
Key Up;D;859564
Key Down;S;859739
Key Down;D;859946
Key Up;D;860126
Key Down;Espace;860274
Key Up;Espace;860505
Key Down;Q;860762
Key Up;S;860895
Key Down;D;862480
Key Up;Q;862502
Key Down;Q;863498
Key Up;D;863535
Key Down;D;864309
Key Up;Q;864334
Key Up;D;864935
Key Down;Q;865104
Key Down;D;865190
Key Up;Q;865203
Key Down;Q;865570
Key Up;D;865593
Key Down;D;866272
Key Up;Q;866302
Key Down;Q;866941
Key Down;S;866954
Key Up;Q;867113
Key Up;S;867239
Key Down;Q;867846
Key Up;D;867864
Key Down;Espace;867866
Key Up;Espace;868030
Key Up;Q;868208
Key Down;Q;868569
Key Up;Q;868972
Key Down;D;868974
Key Up;D;869286
Key Down;Q;869299
Key Up;Q;870386
Key Down;D;870601
Key Up;D;871497
Key Down;Q;871538
Key Up;Q;872486
Key Down;Q;891774
Key Up;Q;892577
Key Down;Q;892853
Key Up;Q;893043
Key Down;D;893220
Key Up;D;893835
Key Down;D;894439
Key Up;D;894500
Key Down;Q;895233
Key Up;Q;895458
Key Down;D;895477
Key Up;D;895671
Key Down;Q;895677
Key Down;D;895867
Key Up;Q;895884
Key Up;D;896589
Key Down;D;897279
Key Up;D;897362
Key Down;Q;897629
Key Up;Q;897778
Key Down;D;897872
Key Up;D;898035
Key Down;Q;898201
Key Up;Q;898334
Key Down;D;898431
Key Up;D;898579
Key Down;Q;899099
Key Up;Q;899374
Key Down;D;899555
Key Down;Espace;899758
Key Down;Z;900037
Key Up;Espace;900073
Key Up;Z;900206
Key Up;D;900271
Key Down;Espace;900504
Key Down;Q;900610
Key Up;Espace;900738
Key Up;Q;900814
Key Down;D;901089
Key Down;Espace;901140
Key Up;Espace;901360
Key Down;Q;901378
Key Up;D;901400
Key Up;Q;901685
Key Down;S;901880
Key Down;Espace;901971
Key Up;Espace;902164
Key Down;Q;902269
Key Up;S;903406
Key Up;Q;903422
Key Down;D;903877
Key Up;D;904568
Key Down;Q;904643
Key Up;Q;904947
Key Down;D;905072
Key Up;D;905220
Key Down;Q;905258
Key Up;Q;905479
Key Down;D;905492
Key Up;D;905683
Key Down;Q;905738
Key Up;Q;906102
Key Down;D;906166
Key Up;D;906447
Key Down;D;906613
Key Up;D;906772
Key Down;Q;906982
Key Up;Q;907125
Key Down;D;907145
Key Up;D;907291
Key Down;Q;907403
Key Down;D;907550
Key Up;Q;907562
Key Up;D;907816
Key Down;D;908047
Key Up;D;908206
Key Down;D;908402
Key Up;D;908565
Key Down;D;908742
Key Up;D;908886
Key Down;Q;909035
Key Down;D;910519
Key Up;Q;910546
Key Up;D;910922
Key Down;D;911214
Key Up;D;911485
Key Down;Q;912057
Key Up;Q;912277
Key Down;D;912444
Key Up;D;912928
Key Down;Q;913214
Key Up;Q;913616
Key Down;Q;913889
Key Up;Q;914163
Key Down;Q;914523
Key Up;Q;914679
Key Down;Q;915053
Key Up;Q;915233
Key Down;D;915605
Key Up;D;915652
Key Down;D;916050
Key Up;D;916330
Key Down;Q;916511
Key Up;Q;916776
Key Down;D;916808
Key Down;Espace;917165
Key Up;Espace;917333
Key Up;D;917379
Key Down;D;917543
Key Up;D;917814
Key Down;Q;918902
Key Up;Q;919819
Key Down;D;919879
Key Up;D;920367
Key Down;Q;920385
Key Up;Q;921133
Key Down;D;922016
Key Up;D;922639
Key Down;D;923971
Key Up;D;924523
Key Down;Q;924775
Key Up;Q;925384
Key Down;D;925521
Key Up;D;926188
Key Down;D;926468
Key Up;D;926912
Key Down;Q;927052
Key Up;Q;927907
Key Down;D;927950
Key Up;D;928269
Key Down;Q;928451
Key Down;D;929049
Key Up;Q;929092
Key Up;D;929306
Key Down;Q;929389
Key Up;Q;929744
Key Down;Q;929896
Key Up;Q;930084
Key Down;Q;930261
Key Up;Q;930409
Key Down;D;930428
Key Up;D;931194
Key Down;Q;931204
Key Down;D;931699
Key Up;Q;931712
Key Up;D;932295
Key Down;Q;932297
Key Up;Q;932457
Key Down;D;932576
Key Up;D;932806
Key Down;Q;933011
Key Down;D;933185
Key Up;Q;933197
Key Up;D;933379
Key Down;Q;933383
Key Down;D;933539
Key Up;Q;933571
Key Down;Q;933746
Key Up;D;933766
Key Down;D;933907
Key Up;Q;933920
Key Up;D;934067
Key Down;Q;934069
Key Down;D;934243
Key Up;Q;934256
Key Up;D;934398
Key Down;Q;934407
Key Up;Q;934585
Key Down;D;934587
Key Up;D;934701
Key Down;Q;934761
Key Down;D;934928
Key Up;Q;934940
Key Up;D;935031
Key Down;Q;936724
Key Up;Q;936853
Key Down;D;937509
Key Up;D;937895
Key Down;Espace;938874
Key Down;D;939032
Key Up;Espace;939460
Key Up;D;939744
Key Down;R;939867
Key Down;E;939893
Key Up;E;939936
Key Up;R;939939
Key Down;Q;953006
Key Down;E;954740
Key Up;Q;954752
Key Up;E;954848
Key Down;E;956788
Key Up;E;956904
Key Down;D;957026
Key Down;S;957243
Key Down;Espace;957374
Key Up;Espace;957569
Key Up;D;957664
Key Down;Q;957693
Key Up;S;957774
Key Up;Q;957777
Key Down;E;957811
Key Up;E;957960
Key Down;D;964891
Key Up;D;965182
Key Down;Q;965191
Key Down;D;965691
Key Up;Q;965734
Key Down;Q;966062
Key Up;D;966114
Key Down;D;966690
Key Up;Q;966813
Key Down;Q;967416
Key Up;D;967487
Key Up;Q;968003
Key Down;Q;968382
Key Up;Q;968697
Key Down;D;969320
Key Up;D;970437
Key Down;Q;970440
Key Up;Q;970893
Key Down;Q;971716
Key Up;Q;972166
Key Down;Q;972552
Key Up;Q;972690
Key Down;D;972729
Key Down;Q;973126
Key Up;D;973158
Key Up;Q;973320
Key Down;D;973499
Key Up;D;974076
Key Down;Q;974078
Key Up;Q;974297
Key Down;Q;974566
Key Up;Q;974687
Key Down;D;974725
Key Up;D;974951
Key Down;Q;975233
Key Up;Q;975362
Key Down;D;975387
Key Up;D;975548
Key Down;Q;975684
Key Up;Q;975873
Key Down;D;975883
Key Up;D;976041
Key Down;Q;976319
Key Up;Q;976498
Key Down;D;976551
Key Up;D;976846
Key Down;Q;977205
Key Up;Q;977374
Key Down;Q;977565
Key Up;Q;977747
Key Down;Q;977893
Key Up;Q;978053
Key Down;Q;978250
Key Up;Q;978414
Key Down;Q;978512
Key Up;Q;978980
Key Down;D;979160
Key Up;D;980253
Key Down;Q;981353
Key Up;Q;981507
Key Down;D;981606
Key Up;D;982464
Key Down;Q;982610
Key Up;Q;982753
Key Down;Q;983467
Key Up;Q;983612
Key Down;D;983704
Key Up;D;983894
Key Down;D;984039
Key Up;D;984228
Key Down;Q;984480
Key Up;Q;984710
Key Down;Q;984819
Key Up;Q;984972
Key Down;Q;985264
Key Up;Q;985423
Key Down;D;985600
Key Up;D;985784
Key Down;Q;985974
Key Up;Q;986188
Key Down;Q;986369
Key Up;Q;986550
Key Down;D;986674
Key Up;D;986853
Key Down;Q;986902
Key Up;Q;987158
Key Down;D;987160
Key Up;D;987344
Key Down;Q;987346
Key Down;D;988251
Key Up;Q;988268
Key Up;D;988851
Key Down;Q;989061
Key Up;Q;989261
Key Down;Q;989432
Key Up;Q;989606
Key Down;Q;989771
Key Up;Q;989915
Key Down;D;989917
Key Up;D;990052
Key Down;Q;990100
Key Down;D;990257
Key Up;Q;990269
Key Up;D;990396
Key Down;Q;990436
Key Down;D;990588
Key Up;Q;990620
Key Up;D;990732
Key Down;Q;990754
Key Down;D;990906
Key Up;Q;990943
Key Up;D;991588
Key Down;Q;991824
Key Down;D;991895
Key Up;Q;991921
Key Up;D;992083
Key Down;D;992248
Key Up;D;992698
Key Down;D;992903
Key Up;D;993259
Key Down;Q;993445
Key Down;Espace;993679
Key Up;Espace;993873
Key Up;Q;994490
Key Down;D;994713
Key Up;D;995311
Key Down;Q;995896
Key Down;D;996170
Key Up;Q;996182
Key Up;D;996360
Key Down;Q;996368
Key Up;Q;996726
Key Down;D;996741
Key Up;D;997100
Key Down;Q;997194
Key Up;Q;997394
Key Down;Q;997706
Key Up;Q;997941
Key Down;Q;998287
Key Up;Q;998493
Key Down;D;999655
Key Down;Q;999959
Key Up;D;1000188
Key Up;Q;1000284
Key Down;D;1000363
Key Up;D;1000599
Key Down;Q;1000628
Key Up;Q;1001100
Key Down;D;1001110
Key Up;D;1001354
Key Down;Q;1001413
Key Up;Q;1001723
Key Down;D;1001734
Key Up;D;1001978
Key Down;Q;1001997
Key Up;Q;1002372
Key Down;D;1002411
Key Up;D;1002500
Key Down;Q;1002594
Key Down;Espace;1002654
Key Down;D;1002863
Key Up;Espace;1002890
Key Up;Q;1002971
Key Up;D;1003001
Key Down;D;1003273
Key Down;Espace;1003303
Key Up;Espace;1003696
Key Up;D;1003846
Key Down;Q;1006447
Key Up;Q;1006933
Key Down;D;1006942
Key Down;S;1007238
Key Up;D;1007327
Key Down;Espace;1007416
Key Up;Espace;1007608
Key Down;D;1007619
Key Up;D;1007691
Key Down;D;1007948
Key Up;S;1007981
Key Up;D;1008143
Key Down;D;1008161
Key Up;D;1008264
Key Down;Q;1008384
Key Down;D;1008995
Key Up;Q;1008999
Key Up;D;1009253
Key Down;Q;1009342
Key Up;Q;1009607
Key Down;D;1009637
Key Up;D;1009976
Key Down;Q;1009978
Key Up;Q;1010143
Key Down;D;1010262
Key Up;D;1010400
Key Down;D;1010510
Key Up;D;1010658
Key Down;Q;1010769
Key Up;Q;1010955
Key Down;D;1011018
Key Up;D;1011318
Key Down;Q;1011362
Key Down;Espace;1011554
Key Up;Espace;1011931
Key Up;Q;1012205
Key Down;Espace;1012269
Key Down;D;1012370
Key Up;Espace;1012678
Key Up;D;1013335
Key Down;D;1013721
Key Up;D;1013825
Key Down;Q;1014005
Key Down;D;1014366
Key Up;Q;1014379
Key Down;Q;1014721
Key Up;D;1014737
Key Down;Espace;1014750
Key Up;Espace;1015069
Key Up;Q;1015205
Key Down;Q;1015334
Key Up;Q;1015437
Key Down;Q;1015581
Key Up;Q;1015748
Key Down;D;1016252
Key Up;D;1016375
Key Down;D;1016682
Key Up;D;1016865
Key Down;Q;1017208
Key Up;Q;1017296
Key Down;D;1017379
Key Up;D;1017493
Key Down;D;1017875
Key Down;Espace;1018096
Key Up;Espace;1018472
Key Up;D;1018532
Key Down;Q;1018534
Key Up;Q;1018658
Key Down;D;1018858
Key Down;S;1019255
Key Up;D;1019272
Key Down;Espace;1019328
Key Up;Espace;1019535
Key Down;Q;1019674
Key Up;S;1019858
Key Up;Q;1020260
Key Down;Q;1027297
Key Up;Q;1027551
Key Down;D;1027593
Key Up;D;1028061
Key Down;Q;1028122
Key Up;Q;1028403
Key Down;D;1028446
Key Up;D;1028653
Key Down;Q;1028669
Key Up;Q;1029718
Key Down;D;1029721
Key Up;D;1029870
Key Down;Espace;1030594
Key Up;Espace;1030811
Key Down;Q;1030925
Key Down;Espace;1031127
Key Down;D;1031135
Key Up;Q;1031151
Key Up;Espace;1031496
Key Up;D;1031607
Key Down;Espace;1031848
Key Up;Espace;1032179
Key Down;D;1032594
Key Up;D;1032782
Key Down;D;1032971
Key Up;D;1033223
Key Down;D;1033550
Key Up;D;1033830
Key Down;D;1034112
Key Up;D;1034377
Key Down;Espace;1034379
Key Down;Q;1034395
Key Up;Espace;1034611
Key Down;S;1035010
Key Up;Q;1035015
Key Down;Espace;1035054
Key Up;Espace;1035310
Key Up;S;1035908
Key Down;D;1036163
Key Up;D;1036409
Key Down;Q;1036565
Key Down;Espace;1036656
Key Up;Espace;1037062
Key Down;D;1037081
Key Up;Q;1037095
Key Up;D;1037367
Key Down;Espace;1037374
Key Up;Espace;1037676
Key Down;D;1037936
Key Up;D;1038250
Key Down;D;1038662
Key Up;D;1039123
Key Down;Q;1039356
Key Up;Q;1039523
Key Down;S;1040008
Key Down;Espace;1040059
Key Up;Espace;1040232
Key Up;S;1040446
Key Down;D;1040555
Key Up;D;1040715
Key Down;Q;1040824
Key Up;Q;1040998
Key Down;D;1041304
Key Up;D;1041402
Key Down;Q;1041477
Key Up;Q;1041774
Key Down;D;1041914
Key Down;Q;1042025
Key Up;D;1042037
Key Down;Espace;1042172
Key Up;Espace;1042376
Key Up;Q;1042619
Key Down;Q;1043149
Key Down;Espace;1043246
Key Down;D;1043378
Key Up;Q;1043426
Key Up;Espace;1043471
Key Up;D;1043557
Key Down;Q;1043559
Key Down;S;1043780
Key Down;Espace;1043826
Key Up;Q;1043837
Key Up;Espace;1044044
Key Down;Q;1044862
Key Up;S;1045016
Key Up;Q;1045047
Key Down;D;1045200
Key Up;D;1045986
Key Down;D;1046366
Key Up;D;1046692
Key Down;D;1047348
Key Up;D;1047569
Key Down;Q;1047836
Key Up;Q;1047948
Key Down;D;1047951
Key Up;D;1048080
Key Down;D;1048135
Key Up;D;1048561
Key Down;D;1048980
Key Up;D;1049118
Key Down;Espace;1049378
Key Up;Espace;1049695
Key Down;Espace;1049997
Key Down;Q;1050015
Key Up;Espace;1050298
Key Up;Q;1051450
Key Down;S;1051582
Key Down;Espace;1051724
Key Up;Espace;1051940
Key Down;Q;1052130
Key Up;Q;1052354
Key Down;D;1052356
Key Up;S;1052405
Key Down;Espace;1052469
Key Up;Espace;1052724
Key Up;D;1053321
Key Down;Q;1054487
Key Up;Q;1054895
Key Down;A;1055015
Key Up;A;1055144
Key Down;Q;1055344
Key Up;Q;1055693
Key Down;D;1055779
Key Up;D;1055913
Key Down;Q;1056029
Key Up;Q;1056188
Key Down;D;1056368
Key Up;D;1056562
Key Down;Q;1056621
Key Up;Q;1056907
Key Down;Q;1057224
Key Up;Q;1057424
Key Down;D;1057685
Key Up;D;1057995
Key Down;Q;1058015
Key Down;Espace;1058193
Key Down;D;1058303
Key Up;Q;1058401
Key Up;Espace;1058405
Key Up;D;1059511
Key Down;D;1059832
Key Down;Espace;1059964
Key Down;A;1060077
Key Up;D;1060081
Key Up;Espace;1060206
Key Up;A;1060249
Key Down;Left Alt;1067272
Key Down;Tab;1067424
Key Up;Left Alt;1067481
Key Up;Tab;1067557
