Event;Key;Time
Key Down;Entrée;1894
Key Up;Entrée;2001
Key Down;Tab;2796
Key Up;Tab;2913
Key Down;Left Control;3347
Key Down;V;3695
Key Up;V;3790
Key Up;Left Control;3907
Key Down;Entrée;4274
Key Up;Entrée;4338
Key Down;Gauche;5545
Key Up;Gauche;5630
Key Down;Gauche;5743
Key Up;Gauche;5812
Key Down;Gauche;5945
Key Up;Gauche;6014
Key Down;Gauche;6895
Key Up;Gauche;6938
Key Down;Entrée;7663
Key Up;Entrée;7764
Key Down;S;11679
Key Up;S;12217
Key Down;S;12698
Key Up;S;12864
Key Down;S;13206
Key Up;S;13529
Key Down;Z;13716
Key Down;Q;13897
Key Up;Z;13908
Key Up;Q;13988
Key Down;Z;14207
Key Down;D;14292
Key Up;Z;14367
Key Up;D;14447
Key Down;D;14786
Key Down;Bas;14892
Key Up;D;14897
Key Up;Bas;15218
Key Down;S;15288
Key Up;S;15437
Key Down;Bas;15481
Key Up;Bas;15567
Key Down;Q;15723
Key Up;Q;15814
Key Down;S;15860
Key Down;Gauche;16088
Key Up;S;16095
Key Up;Gauche;16222
Key Down;D;16342
Key Up;D;16506
Key Down;Q;16547
Key Up;Q;16750
Key Down;Z;17084
Key Down;Q;17196
Key Up;Q;17393
Key Down;D;17735
Key Up;D;17815
Key Down;Q;18289
Key Up;Z;18571
Key Down;Z;18833
Key Up;Z;19147
Key Up;Q;19973
Key Down;Q;20345
Key Down;Gauche;20537
Key Up;Q;20634
Key Down;D;21124
Key Down;S;21231
Key Up;D;21284
Key Up;S;21503
Key Down;Q;21535
Key Down;S;21641
Key Down;Haut;21668
Key Up;Gauche;21769
Key Up;S;22004
Key Up;Q;22281
Key Down;Q;22408
Key Up;Q;22546
Key Down;Q;23170
Key Up;Q;23293
Key Down;S;23794
Key Down;D;23826
Key Up;D;23884
Key Up;S;23911
Key Down;D;24231
Key Down;Gauche;24279
Key Up;Haut;24327
Key Down;Z;25137
Key Up;D;25143
Key Down;Q;25217
Key Up;Q;25712
Key Up;Z;25755
Key Down;D;26192
Key Up;D;26320
Key Down;Z;26523
Key Up;Z;26646
Key Down;D;26976
Key Down;S;27163
Key Up;D;27280
Key Down;Q;27381
Key Up;Gauche;27445
Key Down;D;27499
Key Up;Q;27504
Key Up;S;27707
Key Down;S;27792
Key Up;D;27840
Key Down;Q;27893
Key Up;S;28112
Key Down;Z;28245
Key Up;Q;28442
Key Down;Gauche;28675
Key Up;Z;28702
Key Down;D;29086
Key Up;D;29225
Key Down;D;29545
Key Up;D;29700
Key Down;Q;29860
Key Up;Q;29977
Key Down;S;30132
Key Up;Gauche;30297
Key Down;Q;30532
Key Up;S;30580
Key Down;Z;31140
Key Up;Q;32034
Key Down;Gauche;32147
Key Up;Z;32195
Key Down;S;33096
Key Up;Gauche;33267
Key Down;Q;33437
Key Up;S;33602
Key Up;Q;33746
Key Down;Haut;33851
Key Down;Q;33920
Key Up;Q;34069
Key Down;D;34969
Key Up;Haut;35321
Key Down;S;35977
Key Up;D;36158
Key Down;Q;36228
Key Up;Q;36398
Key Up;S;36504
Key Down;D;36515
Key Down;Z;36862
Key Up;Z;37075
Key Down;Z;37294
Key Up;Z;37443
Key Down;Droite;38871
Key Up;Droite;38982
Key Down;Bas;39367
Key Up;Bas;39458
Key Up;D;40656
Key Down;D;41102
Key Down;Droite;41129
Key Up;D;41347
Key Down;Q;41758
Key Up;Q;41940
Key Down;Q;42270
Key Up;Q;42451
Key Down;Z;42723
Key Down;Bas;42867
Key Up;Droite;42915
Key Down;D;43118
Key Up;D;43204
Key Up;Z;43305
Key Up;Bas;43315
Key Down;Q;43361
Key Down;Droite;43446
Key Down;S;43462
Key Up;Q;43537
Key Down;D;43679
Key Up;S;43935
Key Up;D;44068
Key Down;D;44335
Key Down;S;44346
Key Up;S;44500
Key Up;D;44665
Key Down;D;44900
Key Up;D;45236
Key Down;S;45444
Key Down;Q;45502
Key Up;S;45588
Key Down;S;45742
Key Up;Q;45780
Key Up;S;45914
Key Down;Q;46047
Key Down;S;46148
Key Up;Q;46292
Key Up;S;46345
Key Down;Q;46712
Key Down;Z;46808
Key Up;Q;46813
Key Down;D;46893
Key Up;Z;46973
Key Up;D;47378
Key Down;D;47847
Key Down;S;47949
Key Up;S;48125
Key Up;D;48258
Key Down;Q;48381
Key Up;Q;48861
Key Down;Q;48994
Key Up;Q;49356
Key Down;Q;49738
Key Up;Q;49809
Key Down;D;49872
Key Down;S;50262
Key Up;S;50438
Key Up;D;50917
Key Down;Q;51072
Key Down;Z;51643
Key Up;Z;51755
Key Up;Q;51776
Key Down;Q;52101
Key Up;Q;52395
Key Down;Z;52522
Key Up;Droite;52661
Key Down;D;52682
Key Up;Z;53028
Key Down;Droite;53172
Key Up;D;53237
Key Down;Q;53396
Key Up;Q;53621
Key Down;D;53728
Key Down;S;53808
Key Up;D;54170
Key Up;S;54234
Key Down;Q;54303
Key Up;Q;54554
Key Down;D;54688
Key Down;Z;54970
Key Up;Z;55397
Key Up;D;55407
Key Down;Q;55535
Key Down;Z;55657
Key Up;Z;55816
Key Up;Q;55993
Key Down;Q;56216
Key Up;Q;56408
Key Down;Z;56488
Key Down;D;56558
Key Up;Z;56862
Key Up;D;57214
Key Down;Q;57273
Key Down;Z;57299
Key Up;Q;57401
Key Up;Z;57406
Key Down;Z;57704
Key Down;D;57842
Key Up;D;57913
Key Up;Z;57929
Key Down;D;58195
Key Up;D;58462
Key Down;Q;58542
Key Down;S;58812
Key Up;S;58886
Key Up;Q;59201
Key Down;Q;59606
Key Up;Q;59776
Key Down;S;60097
Key Up;S;60236
Key Down;Q;60252
Key Down;S;60379
Key Up;S;60507
Key Up;Q;60683
Key Down;S;60918
Key Up;S;61164
Key Up;Droite;61217
Key Down;D;61295
Key Down;S;61594
Key Up;S;61775
Key Down;Z;62909
Key Up;Z;63027
Key Up;D;63459
Key Down;D;63861
Key Down;Z;64176
Key Up;D;64187
Key Down;Droite;64480
Key Up;Z;64507
Key Down;Q;64699
Key Down;Z;64709
Key Up;Z;64889
Key Up;Q;65017
Key Down;Q;65342
Key Up;Q;65502
Key Down;Z;66020
Key Up;Z;66169
Key Down;D;66643
Key Down;Bas;67000
Key Up;Droite;67022
Key Up;D;67049
Key Down;D;67267
Key Up;D;67390
Key Down;D;67517
Key Up;D;67789
Key Down;D;68023
Key Up;D;68145
Key Down;Q;68476
Key Up;Q;68716
Key Down;Q;69052
Key Up;Q;69159
Key Down;Q;69447
Key Up;Q;69623
Key Down;S;69921
Key Down;Q;70001
Key Up;Q;70140
Key Up;S;70166
Key Down;S;70385
Key Down;D;70508
Key Up;S;70513
Key Up;Bas;70609
Key Down;Droite;70678
Key Down;S;70742
Key Up;S;70975
Key Up;D;71114
Key Down;Z;71274
Key Up;Z;71365
Key Down;Q;71413
Key Down;S;71567
Key Up;Q;71701
Key Down;D;71765
Key Up;S;71903
Key Up;D;72010
Key Down;Q;72095
Key Down;S;72244
Key Up;Q;72394
Key Down;D;72431
Key Up;S;72522
Key Up;D;72618
Key Down;Q;72650
Key Up;Q;73012
Key Down;Q;73189
Key Up;Q;73535
Key Down;D;73812
Key Down;Z;74317
Key Up;Z;74472
Key Up;Droite;74536
Key Down;Z;74605
Key Up;D;74866
Key Up;Z;74904
Key Down;Droite;74948
Key Down;Q;75140
Key Down;S;75529
Key Up;Q;75683
Key Up;Droite;75699
Key Down;D;75780
Key Up;S;75822
Key Down;Droite;75955
Key Up;D;75977
Key Down;Q;76046
Key Down;S;76233
Key Up;S;76394
Key Up;Q;76537
Key Down;Q;76675
Key Up;Q;76878
Key Up;Droite;76894
Key Down;Z;76904
Key Down;D;77079
Key Up;Z;77473
Key Down;Droite;77506
Key Up;D;77709
Key Down;Z;77847
Key Down;D;77853
Key Up;Z;78023
Key Up;D;78466
Key Down;Q;78540
Key Up;Q;78690
Key Down;D;78861
Key Up;D;79197
Key Down;Q;79388
Key Up;Q;79703
Key Down;S;79719
Key Up;Droite;79735
Key Down;Q;80032
Key Up;S;80085
Key Up;Q;80261
Key Down;D;80358
Key Down;Droite;80774
Key Up;Droite;81381
Key Up;D;82097
Key Down;D;82335
Key Down;Droite;82544
Key Up;D;82576
Key Down;Q;82773
Key Up;Q;82954
Key Down;D;83225
Key Up;D;83364
Key Down;Q;83428
Key Up;Q;83631
Key Down;Z;83977
Key Up;Z;84158
Key Down;D;84286
Key Up;D;84462
Key Down;Q;84707
Key Down;S;84846
Key Up;Q;84888
Key Down;D;85044
Key Up;S;85230
Key Up;D;85401
Key Down;Q;86081
Key Up;Q;86279
Key Up;Droite;86353
Key Down;Z;86454
Key Down;D;86641
Key Up;Z;86715
Key Up;D;86822
Key Down;S;86962
Key Down;Q;87180
Key Up;S;87233
Key Down;Z;87580
Key Up;Z;87719
Key Down;S;88461
Key Up;Q;89526
Key Down;Q;89979
Key Up;Q;90166
Key Up;S;90464
Key Down;D;91261
Key Down;Bas;91503
Key Up;D;91535
Key Down;Q;91881
Key Up;Bas;91993
Key Up;Q;92201
Key Down;Bas;92315
Key Up;Bas;92629
Key Down;D;92754
Key Up;D;93031
Key Down;S;93147
Key Up;S;93323
Key Down;Q;93705
Key Up;Q;93833
Key Down;D;93872
Key Down;S;93962
Key Up;D;94106
Key Up;S;94287
Key Down;Q;94336
Key Up;Q;94496
Key Down;E;94582
Key Down;Q;94721
Key Up;E;94737
Key Down;Z;94742
Key Up;Z;94801
Key Up;Q;95492
Key Down;Q;95791
Key Down;S;96021
Key Up;Q;96042
Key Up;S;96463
Key Down;D;96468
Key Down;Z;96805
Key Down;Droite;96922
Key Up;Z;97071
Key Up;D;97145
Key Down;Q;97199
Key Up;Q;97621
Key Down;S;97823
Key Down;Q;97893
Key Up;Q;98095
Key Up;S;98122
Key Down;D;98579
Key Up;Droite;98691
Key Down;Z;98707
Key Up;D;99474
Key Down;D;99533
Key Up;D;99800
Key Down;Q;99821
Key Up;Z;100093
Key Up;Q;100605
Key Down;Q;100972
Key Up;Q;101127
Key Down;E;101211
Key Up;E;101337
Key Down;S;101432
Key Up;S;102503
Key Down;E;102509
Key Up;E;102670
Key Down;D;102778
Key Down;Z;104627
Key Up;D;104632
Key Down;E;104807
Key Up;E;104983
Key Up;Z;105522
Key Down;Q;105595
Key Down;E;105606
Key Up;E;105712
Key Up;Q;106054
Key Down;D;106231
Key Up;D;106701
Key Down;Q;106765
Key Down;E;106903
Key Up;E;107041
Key Down;S;107365
Key Up;S;107920
Key Down;E;108203
Key Down;Z;108336
Key Up;E;108363
Key Up;Q;108411
Key Down;D;108774
Key Up;Z;108917
Key Down;S;109600
Key Up;D;109765
Key Down;Q;109978
Key Up;Q;110616
Key Down;D;110723
Key Up;D;110969
Key Up;S;111326
Key Down;Q;112121
Key Down;Gauche;112249
Key Down;S;112314
Key Up;S;112495
Key Up;Q;112559
Key Down;D;113252
Key Up;D;113922
Key Down;D;113943
Key Down;S;114013
Key Up;D;114252
Key Up;S;114354
Key Down;Q;114386
Key Down;S;114562
Key Up;Q;114610
Key Down;D;114753
Key Up;D;114952
Key Up;S;115058
Key Down;S;115245
Key Down;D;115318
Key Up;S;115431
Key Up;D;115585
Key Down;D;115725
Key Down;Z;116038
Key Up;D;116124
Key Down;Bas;116220
Key Down;Q;116442
Key Up;Gauche;116453
Key Up;Q;116613
Key Up;Z;116704
Key Down;Z;116880
Key Down;Q;116933
Key Down;Droite;117163
Key Up;Bas;117253
Key Up;Z;117269
Key Down;S;117568
Key Up;S;117690
Key Up;Q;117898
Key Down;Q;118052
Key Down;S;118138
Key Up;S;118314
Key Up;Q;118426
Key Down;D;118597
Key Down;S;118640
Key Up;S;118885
Key Up;D;119029
Key Down;Q;119359
Key Up;Q;119592
Key Down;S;119699
Key Down;D;119752
Key Up;D;119886
Key Up;S;119896
Key Down;Q;120237
Key Up;Q;120493
Key Down;D;120850
Key Down;S;120877
Key Up;S;121127
Key Up;D;121214
Key Down;Q;121587
Key Up;Q;121853
Key Down;D;122030
Key Up;D;122403
Key Down;Z;122465
Key Up;Droite;122487
Key Up;Z;122678
Key Down;Q;123079
Key Down;E;123239
Key Up;E;123404
Key Down;S;123740
Key Up;S;124235
Key Up;Q;124305
Key Down;E;124427
Key Down;Z;124529
Key Up;E;124593
Key Down;D;125008
Key Up;Z;125430
Key Down;Z;126287
Key Up;Z;126494
Key Up;D;127065
Key Down;Q;127092
Key Down;E;127354
Key Up;E;127503
Key Up;Q;127589
Key Down;Q;127792
Key Down;S;128038
Key Up;S;128703
Key Up;Q;128858
Key Down;Q;129104
Key Up;Q;129402
Key Down;D;129438
Key Down;S;129523
Key Down;Gauche;129662
Key Up;Gauche;129795
Key Up;D;130164
Key Down;D;130222
Key Down;Bas;130244
Key Up;D;130430
Key Up;Bas;130537
Key Down;D;130707
Key Up;D;131086
Key Up;S;131177
Key Down;S;131875
Key Up;S;132312
Key Down;E;132447
Key Down;Z;132511
Key Up;E;132585
Key Down;Q;132590
Key Up;Q;133027
Key Down;Q;133279
Key Up;Z;133326
Key Up;Q;133647
Key Down;D;134102
Key Down;S;134236
Key Up;D;134471
Key Down;D;134863
Key Up;D;135060
Key Down;D;135471
Key Up;S;135519
Key Down;S;135646
Key Up;S;135785
Key Down;Z;136106
Key Up;D;136419
Key Down;D;136670
Key Up;D;136788
Key Up;Z;137065
Key Down;Droite;137309
Key Down;Z;137373
Key Down;Q;137474
Key Up;Z;137512
Key Up;Q;137632
Key Down;Q;138069
Key Up;Q;138182
Key Down;D;138555
Key Up;D;138688
Key Down;Q;139003
Key Up;Droite;139067
Key Down;S;139178
Key Up;Q;139285
Key Down;Q;139375
Key Up;Q;140016
Key Down;Gauche;140384
Key Up;S;140448
Key Down;Q;141129
Key Up;Q;141405
Key Down;D;141773
Key Up;D;142126
Key Up;Gauche;142242
Key Down;Q;142282
Key Down;Z;142314
Key Up;Z;142800
Key Down;Z;143183
Key Up;Z;143391
Key Up;Q;143837
Key Down;Q;144428
Key Down;Gauche;144588
Key Down;S;144770
Key Up;S;144972
Key Up;Q;145122
Key Down;D;145532
Key Up;D;145942
Key Down;S;146294
Key Up;S;146609
Key Down;D;147034
Key Up;D;147247
Key Down;Q;147433
Key Down;Z;147620
Key Up;Z;147695
Key Up;Q;147743
Key Down;D;147961
Key Down;Q;148207
Key Up;D;148218
Key Up;Gauche;148282
Key Down;Z;149912
Key Down;Droite;150050
Key Up;Q;150098
Key Up;Z;150269
Key Down;Q;150748
Key Up;Q;151010
Key Down;Q;151047
Key Down;S;151064
Key Up;Q;151330
Key Up;S;151399
Key Down;Z;151752
Key Up;Z;151885
Key Down;Q;152215
Key Down;S;152258
Key Up;Q;152407
Key Down;Haut;152503
Key Up;Droite;152541
Key Down;D;152780
Key Up;S;152855
Key Up;D;152929
Key Up;Haut;152945
Key Down;Z;152978
Key Down;Droite;153265
Key Down;D;153528
Key Up;D;154007
Key Down;Q;154199
Key Up;Q;154615
Key Up;Z;154727
Key Down;Q;154930
Key Up;Q;155201
Key Down;D;155564
Key Down;Z;155740
Key Up;D;155957
Key Up;Z;155994
Key Down;Q;156122
Key Down;Z;156426
Key Up;Q;156442
Key Down;D;156602
Key Up;Z;156772
Key Up;D;156869
Key Down;Q;156916
Key Up;Q;157226
Key Down;S;157338
Key Down;D;157439
Key Up;S;157823
Key Down;Z;158260
Key Up;Z;158639
Key Up;D;158788
Key Down;S;159213
Key Down;Q;159298
Key Up;S;159549
Key Down;S;159784
Key Up;Q;159917
Key Down;Q;160263
Key Up;Q;160455
Key Down;Bas;160615
Key Up;S;160621
Key Up;Droite;160712
Key Down;D;160755
Key Down;S;160846
Key Down;Droite;160892
Key Up;Bas;160920
Key Up;S;161464
Key Up;D;161490
Key Down;S;161639
Key Down;D;161741
Key Up;S;162101
Key Up;D;162203
Key Down;Q;162235
Key Up;Q;162869
Key Down;D;163152
Key Up;D;163216
Key Down;Q;163248
Key Up;Droite;163328
Key Up;Q;163675
Key Down;Q;163897
Key Up;Q;164328
Key Down;S;164484
Key Down;D;164666
Key Up;S;164783
Key Up;D;164920
Key Down;Q;165066
Key Up;Q;165205
Key Down;E;165574
Key Down;Z;165659
Key Up;E;165696
Key Up;Z;166096
Key Down;Z;166172
Key Up;Z;166353
Key Down;E;166692
Key Down;Z;166772
Key Up;E;166825
Key Up;Z;167423
Key Down;E;167854
Key Down;Z;167916
Key Up;E;168001
Key Up;Z;168534
Key Down;E;168825
Key Up;E;168942
Key Down;Z;168971
Key Down;D;169098
Key Up;Z;169173
Key Down;Q;169615
Key Up;D;169626
Key Down;S;170107
Key Up;Q;170180
Key Up;S;170324
Key Down;E;170567
Key Up;E;170647
Key Down;D;170867
Key Down;S;171042
Key Up;D;171954
Key Up;S;172178
Key Down;Q;172332
Key Down;Z;172587
Key Up;Q;172721
Key Down;Q;173115
Key Up;Z;173163
Key Down;Z;173296
Key Up;Q;173696
Key Down;D;173819
Key Up;Z;173953
Key Down;S;174185
Key Up;D;174217
Key Up;S;174340
Key Down;E;174497
Key Up;E;174636
Key Down;Q;174678
Key Down;S;174801
Key Up;Q;174907
Key Down;D;175361
Key Up;S;175457
Key Up;D;175531
Key Down;S;175811
Key Up;S;175944
Key Down;E;176201
Key Down;Z;176318
Key Up;E;176329
Key Down;Q;176350
Key Up;Z;176430
Key Down;S;176623
Key Up;Q;176803
Key Down;D;177180
Key Up;D;177532
Key Up;S;177548
Key Down;S;177744
Key Down;D;177787
Key Up;S;177968
Key Up;D;177974
Key Down;E;178341
Key Down;Z;178405
Key Up;E;178463
Key Up;Z;179871
Key Down;D;180239
Key Down;S;180339
Key Up;D;180702
Key Down;Bas;180991
Key Down;D;181220
Key Up;D;181380
Key Up;Bas;181411
Key Down;Q;181924
Key Up;Q;182073
Key Up;S;182574
Key Down;Entrée;183063
Key Up;Entrée;183211
Key Down;Bas;183396
Key Down;D;183849
Key Up;D;183999
Key Down;S;184430
Key Down;D;184452
Key Down;Gauche;184505
Key Up;Bas;184607
Key Up;D;184884
Key Down;Q;185289
Key Up;S;185294
Key Up;Q;185417
Key Down;D;185652
Key Down;S;185833
Key Up;D;185919
Key Down;Q;186004
Key Up;S;186062
Key Up;Q;186322
Key Down;Q;186488
Key Down;Z;186578
Key Up;Q;186956
Key Up;Z;186983
Key Down;Z;187223
Key Down;D;187340
Key Up;Z;187393
Key Up;D;187506
Key Down;Q;187752
Key Up;Q;187944
Key Down;D;188348
Key Down;Z;188449
Key Up;D;188562
Key Up;Z;188630
Key Down;Z;189157
Key Up;Z;189392
Key Down;S;189792
Key Up;S;190133
Key Down;D;190416
Key Up;D;190720
Key Down;Q;190949
Key Up;Q;191236
Key Down;Q;191461
Key Down;S;191584
Key Up;S;191781
Key Up;Q;191882
Key Down;D;192138
Key Down;S;192190
Key Up;D;192568
Key Up;S;192584
Key Down;D;192702
Key Up;D;192936
Key Down;Q;194029
Key Down;Z;194055
Key Up;Q;194487
Key Up;Z;194546
Key Down;Q;195026
Key Up;Q;195175
Key Down;D;195457
Key Up;D;195744
Key Down;Z;196325
Key Up;Z;196598
Key Down;S;197280
Key Up;S;197509
Key Down;D;197871
Key Up;D;198095
Key Down;Q;198723
Key Down;S;199144
Key Up;Q;199273
Key Up;S;199337
Key Down;S;199710
Key Down;Q;199795
Key Up;S;199897
Key Up;Q;200035
Key Down;S;200088
Key Down;D;200163
Key Up;D;200419
Key Up;S;200440
Key Down;D;200722
Key Down;Z;200883
Key Up;D;201165
Key Up;Z;201214
Key Down;Z;201735
Key Down;Q;201873
Key Up;Q;202076
Key Up;Z;202241
Key Down;S;202566
Key Down;D;202609
Key Up;D;202752
Key Up;S;202795
Key Down;Z;203158
Key Up;Z;203339
Key Down;Q;203569
Key Up;Q;203787
Key Down;D;203973
Key Down;S;204388
Key Up;D;204399
Key Up;S;204484
Key Down;D;204751
Key Down;S;204820
Key Up;D;204926
Key Up;S;204949
Key Down;S;205625
Key Up;Gauche;205641
Key Down;D;205839
Key Up;D;206014
Key Up;S;206083
Key Down;Q;206210
Key Down;S;206573
Key Up;Q;206706
Key Up;S;206738
Key Down;Z;206998
Key Up;Z;207217
Key Down;Tab;207632
Key Up;Tab;208954
Key Down;Z;209537
Key Down;Q;209878
Key Up;Q;210000
Key Up;Z;210356
Key Down;Entrée;213696
Key Up;Entrée;213818
Key Down;Haut;215824
Key Down;Z;215872
Key Up;Z;215973
Key Up;Haut;216059
Key Down;Droite;216343
Key Down;D;216359
Key Up;Droite;217733
Key Up;D;217754
Key Down;Droite;218331
Key Down;Z;218433
Key Down;D;218550
Key Up;Z;218695
Key Up;D;218865
Key Down;Q;219216
Key Up;Q;219361
Key Down;D;219738
Key Down;Z;219828
Key Up;D;219882
Key Up;Z;219903
Key Down;Q;220067
Key Up;Q;220266
Key Down;D;220654
Key Up;D;220830
Key Down;Q;220959
Key Up;Q;221172
Key Down;D;221385
Key Up;D;221614
Key Down;Q;221838
Key Up;Q;222047
Key Down;D;222244
Key Up;D;222476
Key Down;Q;222481
Key Up;Q;222711
Key Down;D;222956
Key Up;D;223121
Key Down;S;223196
Key Down;D;223329
Key Up;S;223580
Key Up;D;223618
Key Down;S;223697
Key Down;D;223863
Key Up;S;223884
Key Up;D;224028
Key Up;Droite;224054
Key Down;Q;224279
Key Down;Z;224423
Key Up;Q;224477
Key Down;D;224732
Key Up;Z;224898
Key Up;D;224956
Key Down;Q;224980
Key Down;E;225119
Key Up;E;225252
Key Down;S;225374
Key Up;Q;225549
Key Down;D;225768
Key Up;S;226002
Key Up;D;226028
Key Down;Q;227252
Key Down;Z;227343
Key Up;Q;227380
Key Down;D;227502
Key Up;D;227785
Key Down;Q;228083
Key Up;Z;228196
Key Up;Q;228303
Key Down;S;228479
Key Down;D;228542
Key Down;Droite;229043
Key Up;S;229278
Key Up;Droite;229432
Key Down;Z;229539
Key Up;Z;229906
Key Up;D;230295
Key Down;Droite;230738
Key Down;S;230999
Key Down;Haut;231255
Key Up;S;231261
Key Up;Droite;231329
Key Down;D;232426
Key Down;S;232506
Key Up;D;232629
Key Up;S;232655
Key Down;S;233572
Key Down;D;233620
Key Up;D;233728
Key Up;S;233733
Key Down;D;234372
Key Down;Gauche;234599
Key Up;Haut;234691
Key Up;D;234792
Key Down;Z;234925
Key Down;D;235059
Key Up;Z;235283
Key Up;D;235517
Key Down;Z;235650
Key Up;Z;235762
Key Down;D;235890
Key Down;S;235928
Key Up;D;236051
Key Down;Q;236108
Key Down;Haut;236173
Key Up;Gauche;236365
Key Up;S;236381
Key Up;Q;236397
Key Down;Q;236674
Key Up;Q;236818
Key Down;Q;237223
Key Up;Haut;237345
Key Down;Z;237755
Key Up;Z;237921
Key Up;Q;237952
Key Down;Q;238311
Key Down;Z;238375
Key Up;Q;238465
Key Down;Droite;238961
Key Down;D;239346
Key Up;Droite;239473
Key Up;Z;239724
Key Down;Droite;240023
Key Up;D;240289
Key Down;Q;240772
Key Up;Q;240917
Key Down;Q;241424
Key Up;Q;241583
Key Down;S;241737
Key Up;S;241813
Key Down;Z;242058
Key Up;Droite;242079
Key Down;Haut;242746
Key Up;Z;242751
Key Down;D;243353
Key Down;Z;243359
Key Up;Haut;243386
Key Up;Z;243699
Key Up;D;243731
Key Down;Q;244102
Key Down;Z;244156
Key Up;Z;244311
Key Up;Q;244348
Key Down;S;244474
Key Down;D;244479
Key Up;D;244564
Key Down;Q;244798
Key Up;S;244863
Key Up;Q;245055
Key Down;S;245322
Key Up;S;245450
Key Down;D;245684
Key Down;S;245689
Key Up;D;245859
Key Down;Q;246185
Key Down;Bas;246838
Key Up;Q;247063
Key Up;Bas;247116
Key Up;S;247458
Key Down;Q;247468
Key Up;Q;247543
Key Down;D;248336
Key Down;Z;248406
Key Down;Droite;248528
Key Up;Z;248544
Key Up;D;248565
Key Down;Q;248736
Key Down;S;248901
Key Up;Q;248971
Key Up;S;249040
Key Down;D;249376
Key Up;D;249584
Key Down;Z;249812
Key Up;Z;249886
Key Down;Q;250228
Key Up;Q;250361
Key Down;S;251705
Key Up;S;251870
Key Down;D;251934
Key Up;D;252115
Key Down;Q;252190
Key Up;Q;252462
Key Down;Z;252649
Key Down;D;252791
Key Up;Z;252882
Key Up;D;253084
Key Down;Z;253527
Key Up;Z;253644
Key Down;D;254578
Key Up;D;254706
Key Down;Q;255089
Key Up;Q;255282
Key Down;S;255580
Key Down;D;255649
Key Up;S;255723
Key Up;D;255823
Key Down;Z;256096
Key Up;Z;256149
Key Down;Q;258506
Key Up;Q;258660
Key Down;Z;259517
Key Up;Z;259682
Key Down;Q;260749
Key Up;Q;260850
Key Down;Q;261527
Key Down;Z;261612
Key Up;Q;261708
Key Up;Z;261740
Key Down;D;262346
Key Up;D;262538
Key Down;Z;262720
Key Up;Z;262820
Key Down;Q;263088
Key Up;Q;263236
Key Down;D;263653
Key Up;D;263801
Key Down;D;264133
Key Up;D;264298
Key Down;Q;264351
Key Down;S;264357
Key Up;S;264549
Key Up;Q;264559
Key Down;Z;266840
Key Up;Z;266962
Key Down;D;267650
Key Down;Z;267677
Key Up;Z;267815
Key Up;D;267853
Key Down;Q;268667
Key Up;Q;268886
Key Down;D;269328
Key Up;D;269547
Key Down;Z;270283
Key Up;Z;270384
Key Down;D;270821
Key Up;D;270990
Key Down;S;271363
Key Up;S;271481
Key Down;Q;271811
Key Down;Z;271913
Key Up;Q;271982
Key Up;Z;272126
Key Down;D;272339
Key Up;D;272499
Key Down;S;272536
Key Up;Droite;272835
Key Down;D;272877
Key Up;D;273096
Key Down;Q;273150
Key Up;Q;273341
Key Down;Q;273415
Key Up;S;273502
Key Up;Q;273555
Key Down;D;273566
Key Down;Z;273848
Key Up;D;273996
Key Down;Q;274097
Key Up;Z;274172
Key Down;S;274486
Key Up;S;274913
Key Down;Bas;275499
Key Down;S;275760
Key Up;Bas;275936
Key Up;Q;276416
Key Down;Q;276736
Key Up;Q;276928
Key Down;Bas;276974
Key Up;S;276979
Key Down;Z;277897
Key Down;Q;277902
Key Up;Q;278057
Key Up;Z;278062
Key Down;Q;278291
Key Down;Droite;278424
Key Up;Bas;278552
Key Down;S;278590
Key Up;S;278834
Key Up;Q;278866
Key Down;S;279501
Key Down;Q;279571
Key Up;Q;279795
Key Down;Haut;279837
Key Down;D;279933
Key Up;Droite;279960
Key Up;D;280098
Key Up;S;280178
Key Down;D;280343
Key Down;S;280369
Key Up;D;280428
Key Up;S;280540
Key Down;D;280850
Key Up;D;280978
Key Down;D;281793
Key Down;Gauche;282225
Key Up;D;282236
Key Up;Haut;282246
Key Down;Z;282545
Key Up;Z;282721
Key Down;D;282758
Key Down;Z;282871
Key Up;Z;282961
Key Up;D;282966
Key Down;Z;283311
Key Down;D;283418
Key Up;Z;283434
Key Down;S;283637
Key Up;D;283844
Key Up;S;283882
Key Down;D;284153
Key Up;D;284319
Key Down;Z;284570
Key Up;Z;284697
Key Up;Gauche;284777
Key Down;Q;284833
Key Up;Q;285340
Key Down;Q;285535
Key Up;Q;285705
Key Down;S;285716
Key Down;Bas;285807
Key Down;Q;286009
Key Up;Q;286125
Key Up;Bas;286205
Key Up;S;286402
Key Down;S;286863
Key Down;Bas;286916
Key Up;S;287034
Key Down;Z;287364
Key Up;Z;287540
Key Down;Z;287779
Key Down;D;287843
Key Up;D;287924
Key Up;Z;287940
Key Down;D;288276
Key Down;Gauche;288302
Key Up;Bas;288371
Key Up;D;288953
Key Down;S;289027
Key Up;S;289100
Key Down;Q;290636
Key Up;Q;290769
Key Down;D;291052
Key Up;D;291255
Key Down;S;291724
Key Up;S;291851
Key Down;D;292033
Key Up;D;292169
Key Down;Z;292553
Key Up;Z;292655
Key Down;Q;294110
Key Up;Q;294292
Key Down;Z;294889
Key Up;Z;294996
Key Down;D;295633
Key Up;D;295799
Key Down;S;296641
Key Up;S;296898
Key Down;S;297415
Key Up;S;297618
Key Down;Q;298119
Key Up;Q;298416
Key Down;Z;298789
Key Down;Q;298833
Key Up;Z;299025
Key Up;Q;299041
Key Down;Z;299281
Key Up;Z;299355
Key Down;D;299392
Key Up;D;299594
Key Down;Z;299686
Key Up;Z;299872
Key Down;Q;300320
Key Down;S;300427
Key Up;Gauche;300800
Key Up;Q;300816
Key Up;S;300848
Key Down;Q;301147
Key Down;Z;301290
Key Up;Z;301434
Key Down;S;301557
Key Up;Q;301733
Key Down;Q;301850
Key Up;S;301951
Key Down;Z;302399
Key Up;Z;302570
Key Down;Z;303482
Key Up;Z;303711
Key Up;Q;304153
Key Down;Q;304852
Key Down;Haut;305001
Key Up;Q;305006
Key Down;Z;306286
Key Down;Gauche;306329
Key Up;Haut;306372
Key Down;Q;306388
Key Up;Z;306611
Key Up;Q;306723
Key Down;Q;306990
Key Up;Q;307415
Key Down;D;307810
Key Up;D;308567
Key Up;Gauche;308678
Key Down;D;308978
Key Down;S;309117
Key Up;S;309576
Key Down;Bas;310401
Key Down;S;311677
Key Up;D;311773
Key Down;D;312034
Key Up;D;312615
Key Down;Q;312935
Key Up;Q;313079
Key Up;S;313440
Key Down;Q;314491
Key Up;Q;314624
Key Down;S;315962
Key Up;S;316250
Key Down;Droite;316771
Key Up;Bas;317011
Key Down;S;317048
Key Up;S;317251
Key Down;Z;317965
Key Up;Z;318019
Key Down;D;318936
Key Down;Haut;319032
Key Up;Droite;319117
Key Up;D;319133
Key Down;D;319708
Key Up;D;319793
Key Down;Z;320758
Key Down;Q;320763
Key Up;Haut;320907
Key Up;Z;320939
Key Down;Gauche;321536
Key Up;Q;321888
Key Down;Q;322580
Key Up;Q;322697
Key Down;Z;324546
Key Up;Z;324632
Key Down;S;326385
Key Up;S;326625
Key Down;Q;327227
Key Up;Q;327339
Key Down;Q;327856
Key Up;Q;327984
Key Down;Q;329044
Key Up;Gauche;329284
Key Down;Z;329337
Key Up;Q;329513
Key Up;Z;329672
Key Down;S;330107
Key Down;Bas;330251
Key Up;S;330832
Key Down;Z;331988
Key Down;Q;331998
Key Up;Z;332243
Key Up;Q;332276
Key Down;Q;332755
Key Down;Droite;332798
Key Up;Bas;332910
Key Up;Q;332932
Key Down;S;332943
Key Down;Q;333054
Key Up;S;333123
Key Up;Q;333304
Key Down;S;333518
Key Down;Q;333582
Key Up;S;333640
Key Up;Q;333731
Key Down;S;333907
Key Down;Q;333913
Key Up;S;334030
Key Up;Q;334126
Key Down;S;334430
Key Up;S;334604
Key Down;Q;335164
Key Up;Q;335377
Key Down;Z;335676
Key Down;Bas;335841
Key Up;Z;335915
Key Up;Droite;335964
Key Down;Z;336134
Key Down;D;336268
Key Up;Z;336353
Key Down;Droite;336391
Key Up;Bas;336437
Key Up;D;336453
Key Down;S;336561
Key Up;S;336737
Key Down;Q;337366
Key Up;Q;337531
Key Down;D;337780
Key Up;Droite;338068
Key Down;S;338233
Key Up;D;338399
Key Up;S;338425
Key Down;Q;338484
Key Down;Gauche;338672
Key Up;Gauche;339311
Key Up;Q;339440
Key Down;Entrée;339786
Key Up;Entrée;339931
Key Down;Gauche;340189
Key Down;Q;340247
Key Up;Q;340530
Key Down;S;341382
Key Down;Q;341425
Key Up;S;341478
Key Down;Droite;341527
Key Up;Gauche;341537
Key Up;Q;341974
Key Down;Q;342929
Key Up;Q;343158
Key Down;D;343925
Key Up;D;344154
Key Down;Z;345130
Key Up;Z;345252
Key Down;Q;345620
Key Up;Q;345881
Key Down;S;346302
Key Up;S;346409
Key Down;Q;346681
Key Up;Q;346898
Key Down;S;347234
Key Down;D;347341
Key Down;Gauche;347426
Key Up;Droite;347490
Key Up;S;347506
Key Down;Z;347908
Key Up;D;348009
Key Up;Z;348100
Key Down;D;348382
Key Up;D;348649
Key Down;D;349492
Key Up;D;349624
Key Down;S;350492
Key Down;D;350822
Key Up;S;350828
Key Up;D;351297
Key Down;Z;351756
Key Down;Q;351835
Key Up;Z;351914
Key Up;Q;352080
Key Down;D;352442
Key Up;D;352666
Key Down;Q;352725
Key Down;Droite;352899
Key Up;Gauche;352963
Key Up;Q;353576
Key Down;Z;353826
Key Up;Z;353993
Key Down;D;354009
Key Down;Q;354184
Key Up;D;354194
Key Up;Q;354670
Key Down;D;354824
Key Up;D;355266
Key Down;Q;355411
Key Up;Q;355682
Key Down;D;356022
Key Up;D;356177
Key Down;Q;356444
Key Up;Q;356737
Key Down;Q;357473
Key Down;S;357568
Key Up;Q;357713
Key Down;Gauche;357866
Key Down;D;357915
Key Up;S;358117
Key Up;D;358539
Key Down;Z;358544
Key Up;Gauche;358592
Key Up;Z;358852
Key Down;Q;359050
Key Up;Q;359252
Key Down;Q;359354
Key Up;Q;359438
Key Down;D;359833
Key Up;D;359977
Key Down;Q;359994
Key Up;Q;360185
Key Down;Q;360511
Key Up;Q;360692
Key Down;Z;362070
Key Down;D;362188
Key Down;Gauche;362268
Key Up;Z;362374
Key Up;Droite;362443
Key Down;S;362674
Key Up;D;362689
Key Down;Q;362763
Key Up;S;362956
Key Up;Q;363009
Key Down;D;363147
Key Up;D;363457
Key Down;D;363665
Key Up;D;363920
Key Down;D;364310
Key Up;D;364507
Key Down;Q;364518
Key Down;Droite;364684
Key Up;Gauche;364769
Key Up;Q;365146
Key Down;Q;365465
Key Down;Z;365615
Key Up;Z;365690
Key Up;Q;365716
Key Down;D;366206
Key Up;D;366436
Key Down;Q;366974
Key Up;Q;367193
Key Down;Q;367864
Key Down;S;368161
Key Up;Q;368247
Key Up;S;368385
Key Down;D;368422
Key Down;S;368428
Key Up;S;368695
Key Up;D;368769
Key Down;Z;368881
Key Down;D;368967
Key Up;D;369238
Key Up;Z;369265
Key Down;Q;369537
Key Up;Droite;369585
Key Down;S;369814
Key Up;S;370054
Key Up;Q;370065
Key Down;Q;370539
Key Up;Q;370635
Key Down;E;370924
Key Down;Z;371067
Key Up;E;371094
Key Up;Z;371729
Key Down;E;372205
Key Up;E;372349
Key Down;D;372479
Key Down;S;372623
Key Up;D;372911
Key Down;D;373066
Key Up;S;373220
Key Up;D;373417
Key Down;S;373648
Key Down;D;373744
Key Up;S;373931
Key Up;D;373993
Key Down;Q;374029
Key Up;Q;374455
Key Down;D;374660
Key Down;S;374718
Key Up;D;374910
Key Up;S;374980
Key Down;D;375303
Key Down;S;375319
Key Down;Bas;375404
Key Up;D;375698
Key Up;S;375884
Key Down;S;376625
Key Up;S;376817
Key Up;Bas;376828
Key Down;D;377031
Key Down;S;377142
Key Up;D;377484
Key Up;S;377495
Key Down;Q;377857
Key Up;Q;378002
Key Down;Z;378217
Key Up;Z;378516
Key Down;Q;378921
Key Down;Droite;379044
Key Up;Q;379092
Key Down;Z;379327
Key Up;Z;379396
Key Down;Gauche;380701
Key Down;Q;380716
Key Up;Droite;380796
Key Up;Q;380845
Key Down;Z;382492
Key Up;Gauche;382615
Key Down;D;382817
Key Up;D;382940
Key Down;D;383120
Key Down;Droite;383241
Key Up;Z;383259
Key Down;Z;383493
Key Up;Z;383888
Key Down;Z;384325
Key Up;Z;384432
Key Up;D;384858
Key Down;D;385066
Key Up;Droite;385173
Key Down;Tab;385317
Key Up;D;385439
Key Down;Z;385691
Key Down;D;385765
Key Up;D;385951
Key Down;D;386233
Key Up;D;386418
Key Down;D;386882
Key Up;D;387064
Key Up;Z;387154
Key Up;Tab;387186
Key Down;S;387419
Key Down;Bas;388006
Key Down;Q;388112
Key Up;Bas;388528
Key Up;S;388560
Key Down;Gauche;388827
Key Up;Gauche;388928
Key Down;Z;389859
Key Up;Z;390084
Key Down;Z;390259
Key Up;Z;390355
Key Up;Q;390638
Key Down;Entrée;390986
Key Up;Entrée;391263
Key Down;Entrée;391298
Key Up;Entrée;391415
Key Down;Entrée;391548
Key Up;Entrée;391644
Key Down;Entrée;391781
Key Up;Entrée;391861
Key Down;Entrée;391996
Key Up;Entrée;392087
Key Down;Entrée;392217
Key Up;Entrée;392316
Key Down;Entrée;392435
Key Up;Entrée;392521
Key Down;Entrée;392670
Key Up;Entrée;392750
Key Down;Entrée;392922
Key Up;Entrée;392991
Key Down;Entrée;393205
Key Up;Entrée;393263
Key Down;Gauche;394150
Key Down;Haut;395275
Key Up;Gauche;395561
Key Down;Z;395753
Key Up;Z;396079
Key Up;Haut;396233
Key Down;S;396499
Key Down;Droite;396557
Key Up;S;396670
Key Down;Z;396915
Key Up;Droite;396979
Key Down;Haut;397032
Key Up;Z;397640
Key Down;Q;399030
Key Down;Gauche;399052
Key Up;Haut;399116
Key Down;Z;399158
Key Up;Z;399361
Key Up;Q;399371
Key Down;D;400304
Key Down;Droite;400373
Key Up;Gauche;400390
Key Down;Z;400518
Key Up;D;400662
Key Up;Z;400725
Key Down;Z;400981
Key Up;Z;401141
Key Down;S;401530
Key Up;S;401658
Key Down;D;402201
Key Down;S;402271
Key Up;D;402569
Key Up;S;402575
Key Down;S;402830
Key Up;S;403012
Key Down;Q;403428
Key Up;Q;403657
Key Down;D;403827
Key Up;D;404073
Key Down;Z;404159
Key Up;Z;404281
Key Down;Q;404700
Key Down;Gauche;404838
Key Down;Z;404887
Key Up;Droite;404908
Key Up;Q;404967
Key Up;Z;405308
Key Down;Z;405447
Key Up;Z;405570
Key Down;Q;405612
Key Up;Q;405778
Key Down;S;405863
Key Down;Q;405953
Key Up;S;406039
Key Up;Q;406113
Key Down;D;406807
Key Up;D;407083
Key Up;Gauche;407265
Key Down;S;407450
Key Down;Q;407482
Key Up;Q;407690
Key Up;S;407706
Key Down;Z;408475
Key Up;Z;408619
Key Down;S;409122
Key Up;S;409357
Key Down;Z;409534
Key Down;Haut;410008
Key Up;Z;410232
Key Down;Z;410998
Key Up;Z;411446
Key Down;S;411569
Key Down;Droite;411830
Key Up;Haut;411910
Key Down;D;412374
Key Up;S;413089
Key Up;D;413924
Key Down;D;414260
Key Up;D;414446
Key Down;Haut;414559
Key Up;Droite;414601
Key Down;S;414617
Key Up;S;414825
Key Down;S;415140
Key Up;S;415300
Key Down;S;416594
Key Down;D;416678
Key Up;S;416732
Key Down;Gauche;416769
Key Up;Haut;416822
Key Up;D;417020
Key Down;Q;417143
Key Down;Haut;417169
Key Up;Gauche;417228
Key Up;Q;417302
Key Down;Q;417841
Key Up;Q;417910
Key Down;Q;418737
Key Up;Q;418896
Key Down;Gauche;419099
Key Up;Gauche;419238
Key Down;D;420453
Key Down;Gauche;420580
Key Up;Haut;420756
Key Up;D;421039
Key Down;Z;421337
Key Up;Z;421460
Key Down;D;422174
Key Up;D;422505
Key Down;D;422685
Key Up;D;422855
Key Down;Q;423282
Key Up;Q;423527
Key Down;D;423697
Key Up;D;423868
Key Down;Q;423953
Key Up;Q;424273
Key Down;D;424444
Key Up;D;424739
Key Down;Q;424910
Key Down;Haut;425011
Key Up;Q;425033
Key Up;Gauche;425054
Key Down;D;425118
Key Down;S;425278
Key Up;D;425331
Key Up;S;425480
Key Down;D;425746
Key Up;D;425837
Key Down;S;425842
Key Up;S;425933
Key Down;Q;428858
Key Up;Haut;429044
Key Up;Q;429908
Key Down;Haut;429934
Key Down;D;432492
Key Up;Haut;432605
Key Up;D;433024
Key Down;D;433060
Key Down;Z;433118
Key Up;Z;433556
Key Down;Z;433891
Key Up;Z;433993
Key Up;D;434452
Key Down;Droite;434551
Key Down;Haut;435238
Key Up;Droite;435286
Key Down;S;435345
Key Down;Droite;435568
Key Up;S;435573
Key Up;Haut;435739
Key Down;Z;435755
Key Up;Z;436245
Key Down;S;439848
Key Up;S;439971
Key Down;Z;440950
Key Up;Z;441387
Key Down;Z;441606
Key Up;Z;441984
Key Down;D;442336
Key Up;D;442469
Key Down;D;442853
Key Down;S;442938
Key Up;D;443034
Key Up;S;443050
Key Down;Q;444595
Key Up;Q;444835
Key Down;Z;445256
Key Down;D;445272
Key Down;Bas;445299
Key Up;Droite;445432
Key Up;Z;445640
Key Up;D;445651
Key Down;D;446072
Key Up;D;446189
Key Down;Q;447110
Key Up;Q;447238
Key Down;D;447686
Key Up;D;447772
Key Down;D;450222
Key Up;D;450334
Key Down;Q;452200
Key Up;Q;452318
Key Down;D;452786
Key Up;D;452929
Key Down;D;453371
Key Up;D;453532
Key Down;D;453894
Key Up;D;454048
Key Down;D;454214
Key Up;D;454486
Key Down;Q;455259
Key Up;Q;455360
Key Down;S;456329
Key Up;S;456515
Key Down;S;456979
Key Down;D;457075
Key Down;Gauche;457182
Key Up;Bas;457213
Key Up;S;457518
Key Up;D;457565
Key Down;Z;458248
Key Up;Z;458477
Key Down;Z;459356
Key Up;Z;459515
Key Down;Z;460731
Key Up;Z;460827
Key Down;Q;461302
Key Up;Q;461387
Key Down;S;461499
Key Up;S;461690
Key Down;Z;462047
Key Up;Z;462212
Key Down;S;463124
Key Up;S;463241
Key Down;D;463401
Key Up;D;463513
Key Down;S;463748
Key Up;S;464100
Key Down;S;464574
Key Up;S;464777
Key Down;Haut;464840
Key Up;Gauche;465031
Key Down;Q;465202
Key Up;Q;465356
Key Down;Q;465821
Key Up;Q;465933
Key Down;S;466162
Key Down;Q;466199
Key Up;Q;466316
Key Down;Gauche;466631
Key Down;D;466647
Key Up;S;466652
Key Up;Haut;466689
Key Up;D;467015
Key Down;S;467500
Key Up;S;467767
Key Down;Q;467969
Key Down;Haut;468175
Key Up;Gauche;468335
Key Up;Q;468431
Key Down;Q;468719
Key Down;Droite;469012
Key Up;Q;469124
Key Up;Haut;469135
Key Down;Q;469354
Key Up;Q;469535
Key Down;S;469876
Key Up;S;470025
Key Down;D;470121
Key Up;D;470319
Key Down;Q;470505
Key Up;Q;470900
Key Down;Z;471048
Key Up;Z;471586
Key Down;D;471612
Key Up;D;471932
Key Down;D;472242
Key Up;D;472460
Key Down;S;472546
Key Down;Q;472695
Key Up;S;472705
Key Down;Z;473036
Key Up;Z;473553
Key Up;Q;473596
Key Down;Z;474160
Key Down;D;474186
Key Up;Z;474384
Key Up;D;474395
Key Down;Z;475093
Key Up;Z;475237
Key Down;Q;475514
Key Up;Q;475696
Key Down;S;476042
Key Up;Droite;476180
Key Down;D;476218
Key Up;S;476426
Key Up;D;476847
Key Down;Q;477302
Key Down;S;477425
Key Up;Q;477510
Key Down;D;477707
Key Up;D;478022
Key Up;S;478789
Key Down;D;479447
Key Down;Droite;479484
Key Up;D;479703
Key Down;Q;479937
Key Up;Q;480171
Key Down;Q;480357
Key Up;Q;480587
Key Down;Q;480762
Key Down;S;481199
Key Up;Q;481413
Key Up;S;481418
Key Down;Z;481690
Key Down;D;481818
Key Up;Z;481994
Key Up;D;482181
Key Down;D;482569
Key Up;D;482852
Key Down;S;482997
Key Up;S;483309
Key Down;S;483715
Key Down;Q;483869
Key Up;S;483906
Key Up;Q;484088
Key Down;S;484232
Key Down;D;484371
Key Up;S;484397
Key Up;D;484637
Key Down;Q;484867
Key Up;Q;485346
Key Down;D;485837
Key Up;D;486055
Key Down;S;486277
Key Up;S;486443
Key Down;D;486938
Key Down;Z;487274
Key Up;D;487312
Key Down;D;487488
Key Up;D;487770
Key Up;Z;487844
Key Down;Q;488090
Key Down;Z;488138
Key Up;Q;488303
Key Up;Z;488308
Key Down;Q;488639
Key Up;Q;488810
Key Down;S;489028
Key Down;Q;489103
Key Up;S;489114
Key Up;Q;489442
Key Down;D;489875
Key Up;D;490136
Key Down;Q;490381
Key Up;Q;490568
Key Down;D;490717
Key Down;Gauche;491107
Key Up;Droite;491117
Key Up;D;491138
Key Down;S;491175
Key Up;S;491276
Key Down;Q;491623
Key Up;Q;491831
Key Down;Z;491842
Key Up;Z;492002
Key Down;D;492390
Key Up;D;492747
Key Down;Q;493153
Key Down;S;493233
Key Up;Q;493392
Key Up;S;493462
Key Down;D;493590
Key Down;S;493851
Key Up;D;494107
Key Up;S;494155
Key Down;D;494336
Key Up;D;494571
Key Down;Z;494949
Key Down;Q;494971
Key Up;Gauche;494992
Key Up;Q;495348
Key Up;Z;495353
Key Down;Q;495510
Key Down;S;495713
Key Up;S;495963
Key Up;Q;496028
Key Down;D;496152
Key Down;Droite;496461
Key Down;Z;496701
Key Up;Droite;496834
Key Up;Z;496845
Key Up;D;497340
Key Down;Droite;497403
Key Down;D;497814
Key Down;Bas;498123
Key Up;Droite;498235
Key Down;Z;498351
Key Up;D;498372
Key Down;D;498537
Key Up;D;498676
Key Up;Z;498889
Key Down;D;499434
Key Up;D;499561
Key Down;D;499817
Key Down;Gauche;499897
Key Up;D;500009
Key Up;Bas;500158
Key Down;D;500174
Key Down;S;500302
Key Up;D;500360
Key Up;S;500440
Key Down;D;500632
Key Up;D;500755
Key Down;Q;501209
Key Down;Z;501235
Key Up;Z;501559
Key Up;Q;501618
Key Down;Bas;501650
Key Up;Gauche;501756
Key Down;Q;501788
Key Up;Q;501975
Key Down;Gauche;502919
Key Up;Bas;502962
Key Down;Q;503138
Key Up;Q;503303
Key Down;D;503676
Key Up;D;503879
Key Down;D;504044
Key Up;D;504246
Key Down;Q;504655
Key Up;Q;505001
Key Down;Droite;505087
Key Up;Gauche;505097
Key Down;S;505279
Key Up;S;505396
Key Down;D;505562
Key Down;S;505780
Key Up;S;505924
Key Up;D;505988
Key Down;Q;506158
Key Up;Q;506468
Key Down;S;506596
Key Down;Q;506671
Key Up;S;506783
Key Up;Q;506895
Key Down;Z;507167
Key Down;Bas;507373
Key Down;Q;507405
Key Up;Z;507410
Key Up;Droite;507484
Key Down;Gauche;507506
Key Up;Bas;507528
Key Up;Q;507607
Key Down;D;507613
Key Down;S;507639
Key Up;S;508045
Key Up;D;508072
Key Down;D;508269
Key Up;D;508487
Key Down;S;508514
Key Up;S;508701
Key Down;S;509068
Key Up;S;509239
Key Down;S;509815
Key Down;Q;509890
Key Up;S;509895
Key Down;Bas;510044
Key Up;Q;510071
Key Down;Q;510220
Key Down;Z;510348
Key Up;Gauche;510421
Key Up;Q;510496
Key Up;Z;510608
Key Down;S;510896
Key Up;S;511082
Key Down;Q;511189
Key Up;Q;511338
Key Down;Q;511653
Key Up;Q;511871
Key Down;Z;512399
Key Down;D;512789
Key Up;Z;512937
Key Down;S;513124
Key Up;D;513656
Key Up;S;513816
Key Down;S;514056
Key Up;S;514280
Key Down;D;514290
Key Down;Z;514580
Key Up;D;514783
Key Up;Z;514842
Key Down;Z;515161
Key Up;Z;515316
Key Down;Z;515636
Key Up;Z;515838
Key Down;S;516063
Key Down;D;516169
Key Up;D;516345
Key Up;S;516393
Key Up;Bas;516636
Key Down;Q;516647
Key Down;S;516770
Key Up;S;516988
Key Up;Q;517266
Key Down;S;517350
Key Down;Q;517638
Key Up;Q;517813
Key Up;S;517872
Key Down;Z;517974
Key Down;D;517979
Key Up;D;518044
Key Down;D;518428
Key Up;Z;518438
Key Up;D;518534
Key Down;S;518606
Key Down;Bas;518883
Key Up;Bas;519516
Key Down;Q;519569
Key Up;Q;519649
Key Up;S;519782
Key Down;Bas;520110
Key Down;Z;520719
Key Up;Z;520900
Key Down;Q;521721
Key Up;Q;521929
Key Down;Droite;521982
Key Down;Q;522094
Key Down;S;522158
Key Up;Q;522473
Key Up;Bas;522695
Key Up;S;522818
Key Up;Droite;523031
Key Down;Echap;524800
Key Up;Echap;524928
Key Down;Left Alt;525588
Key Down;Tab;525774
Key Up;Left Alt;525918
Key Up;Tab;525929
