Event;Key;Time
Key Down;Entrée;3473
Key Up;Entrée;3529
Key Down;Gauche;5153
Key Down;Haut;5337
Key Up;Haut;6273
Key Up;Gauche;7673
Key Down;Haut;9401
Key Up;Haut;9745
Key Down;Gauche;9753
Key Down;Barre oblique;10097
Key Up;Gauche;10169
Key Up;Barre oblique;10193
Key Down;Gauche;10633
Key Up;Gauche;11088
Key Down;Bas;11329
Key Up;Bas;11449
Key Down;Haut;11729
Key Up;Haut;11873
Key Down;Droite;12001
Key Up;Droite;12473
Key Down;Bas;12480
Key Down;Gauche;12801
Key Up;Bas;12809
Key Down;Barre oblique;12849
Key Up;Barre oblique;12969
Key Up;Gauche;12993
Key Down;Haut;13225
Key Up;Haut;13529
Key Down;Gauche;13737
Key Up;Gauche;14233
Key Down;Droite;14273
Key Up;Droite;14393
Key Down;Barre oblique;14832
Key Up;Barre oblique;14928
Key Down;Droite;15289
Key Up;Droite;15417
Key Down;Gauche;15536
Key Up;Gauche;16024
Key Down;Droite;16041
Key Up;Droite;16601
Key Down;Barre oblique;16673
Key Up;Barre oblique;16761
Key Down;Barre oblique;17225
Key Down;Gauche;17273
Key Up;Barre oblique;17336
Key Down;Droite;17401
Key Up;Gauche;17440
Key Up;Droite;18120
Key Down;Bas;18185
Key Down;Barre oblique;18353
Key Up;Barre oblique;18473
Key Up;Bas;18513
Key Down;Barre oblique;18553
Key Up;Barre oblique;18641
Key Down;Barre oblique;18929
Key Up;Barre oblique;19025
Key Down;Barre oblique;19105
Key Up;Barre oblique;19208
Key Down;Barre oblique;19313
Key Up;Barre oblique;19401
Key Down;Barre oblique;19489
Key Up;Barre oblique;19577
Key Down;Barre oblique;20192
Key Up;Barre oblique;20296
Key Down;Barre oblique;20593
Key Up;Barre oblique;20688
Key Down;Barre oblique;20777
Key Up;Barre oblique;20873
Key Down;Haut;20929
Key Up;Haut;21209
Key Down;Barre oblique;21216
Key Up;Barre oblique;21305
Key Down;Bas;21409
Key Down;Barre oblique;21481
Key Up;Bas;21561
Key Up;Barre oblique;21569
Key Down;Barre oblique;21673
Key Up;Barre oblique;21761
Key Down;Barre oblique;21864
Key Up;Barre oblique;21969
Key Down;Barre oblique;22097
Key Up;Barre oblique;22185
Key Down;Barre oblique;22304
Key Up;Barre oblique;22409
Key Down;Barre oblique;22528
Key Up;Barre oblique;22641
Key Down;Droite;23033
Key Up;Droite;23225
Key Down;Bas;23249
Key Down;Gauche;23400
Key Up;Bas;23505
Key Up;Gauche;24001
Key Down;Droite;24064
Key Down;Bas;24089
Key Up;Bas;24129
Key Up;Droite;24401
Key Down;Bas;24441
Key Up;Bas;25009
Key Down;Gauche;25017
Key Up;Gauche;25376
Key Down;Haut;25457
Key Up;Haut;26217
Key Down;Gauche;26225
Key Up;Gauche;26553
Key Down;Barre oblique;26592
Key Up;Barre oblique;26689
Key Down;Barre oblique;27185
Key Up;Barre oblique;27553
Key Down;Barre oblique;27745
Key Up;Barre oblique;28289
Key Down;Gauche;28737
Key Up;Gauche;29241
Key Down;Haut;29377
Key Up;Haut;29601
Key Down;Gauche;29673
Key Up;Gauche;29785
Key Down;Bas;29840
Key Down;Barre oblique;29865
Key Up;Bas;29945
Key Up;Barre oblique;29977
Key Down;Barre oblique;30057
Key Up;Barre oblique;30153
Key Down;Bas;30168
Key Up;Bas;30225
Key Down;Barre oblique;30272
Key Up;Barre oblique;30376
Key Down;Bas;31049
Key Down;Barre oblique;31201
Key Up;Bas;31273
Key Up;Barre oblique;31280
Key Down;Barre oblique;31376
Key Up;Barre oblique;31449
Key Down;Barre oblique;31553
Key Up;Barre oblique;31640
Key Down;Barre oblique;31713
Key Up;Barre oblique;31817
Key Down;Bas;32097
Key Up;Bas;32105
Key Down;Haut;32305
Key Up;Haut;32441
Key Down;Gauche;32568
Key Down;Barre oblique;32745
Key Up;Barre oblique;32816
Key Up;Gauche;32849
Key Down;Barre oblique;32929
Key Up;Barre oblique;33009
Key Down;Barre oblique;33137
Key Up;Barre oblique;33232
Key Down;Barre oblique;33353
Key Up;Barre oblique;33457
Key Down;Barre oblique;33609
Key Up;Barre oblique;33681
Key Down;Bas;33801
Key Down;Droite;33841
Key Up;Bas;33848
Key Down;Bas;34529
Key Up;Droite;34553
Key Down;Gauche;35865
Key Up;Bas;35881
Key Up;Gauche;36345
Key Down;Haut;36633
Key Up;Haut;36897
Key Down;Haut;37553
Key Up;Haut;38097
Key Down;Droite;38505
Key Up;Droite;38961
Key Down;Bas;38985
Key Up;Bas;39793
Key Down;Gauche;39840
Key Up;Gauche;39993
Key Down;Barre oblique;40241
Key Up;Barre oblique;40361
Key Down;Haut;41072
Key Up;Haut;41233
Key Down;Droite;41449
Key Up;Droite;41616
Key Down;Gauche;41777
Key Down;Barre oblique;41897
Key Up;Gauche;41904
Key Up;Barre oblique;41985
Key Down;Barre oblique;42113
Key Up;Barre oblique;42201
Key Down;Droite;42521
Key Up;Droite;42704
Key Down;Gauche;42793
Key Up;Gauche;42929
Key Down;Bas;43001
Key Up;Bas;43145
Key Down;Haut;43297
Key Up;Haut;43625
Key Down;Gauche;43649
Key Up;Gauche;43865
Key Down;Haut;44193
Key Up;Haut;44241
Key Down;Gauche;44721
Key Down;Haut;45033
Key Up;Gauche;45049
Key Up;Haut;45273
Key Down;Barre oblique;45401
Key Up;Barre oblique;45505
Key Down;Barre oblique;45609
Key Up;Barre oblique;45705
Key Down;Barre oblique;45841
Key Up;Barre oblique;45928
Key Down;Barre oblique;46032
Key Up;Barre oblique;46113
Key Down;Barre oblique;46225
Key Up;Barre oblique;46312
Key Down;Barre oblique;46449
Key Up;Barre oblique;46528
Key Down;Bas;62457
Key Up;Bas;62568
Key Down;Bas;62809
Key Up;Bas;62937
Key Down;Bas;63377
Key Up;Bas;63481
Key Down;Bas;64193
Key Up;Bas;64265
Key Down;Bas;64377
Key Up;Bas;64425
Key Down;Haut;64577
Key Up;Haut;64705
Key Down;Gauche;64865
Key Up;Gauche;65001
Key Down;Point;65225
Key Up;Point;65352
Key Down;Point;65680
Key Up;Point;65800
Key Down;Barre oblique;66041
Key Up;Barre oblique;66153
Key Down;Right Shift;67481
Key Up;Right Shift;67649
Key Down;Right Shift;67921
Key Up;Right Shift;68049
Key Down;Right Shift;68296
Key Up;Right Shift;68416
Key Down;Right Shift;69049
Key Up;Right Shift;69121
Key Down;Right Shift;69256
Key Up;Right Shift;69288
Key Down;Right Shift;69569
Key Up;Right Shift;69649
Key Down;Right Shift;69881
Key Up;Right Shift;69985
Key Down;Right Shift;70297
Key Up;Right Shift;70376
Key Down;Entrée;70737
Key Up;Entrée;70881
Key Down;Entrée;73681
Key Up;Entrée;73833
Key Down;Haut;75993
Key Up;Haut;76169
Key Down;Gauche;76313
Key Down;Haut;77081
Key Up;Gauche;77153
Key Down;Droite;77593
Key Up;Haut;77640
Key Down;Haut;77729
Key Up;Droite;77737
Key Down;Gauche;78025
Key Up;Gauche;78192
Key Up;Haut;78376
Key Down;Haut;80521
Key Up;Haut;80897
Key Down;Entrée;81521
Key Up;Entrée;81672
Key Down;Entrée;82936
Key Up;Entrée;83064
Key Down;Point;84353
Key Up;Point;84513
Key Down;Barre oblique;84808
Key Up;Barre oblique;84952
Key Down;Point;85776
Key Up;Point;85913
Key Down;Right Shift;86328
Key Up;Right Shift;86457
Key Down;Haut;86752
Key Up;Haut;87329
Key Down;Droite;88000
Key Down;Gauche;88312
Key Up;Droite;88336
Key Down;Haut;88505
Key Down;Droite;88537
Key Up;Gauche;88544
Key Up;Droite;88648
Key Down;Gauche;88760
Key Up;Haut;88824
Key Up;Gauche;88904
Key Down;Bas;89065
Key Up;Bas;89297
Key Down;Gauche;89425
Key Up;Gauche;89537
Key Down;Right Shift;90217
Key Up;Right Shift;90321
Key Down;Haut;90528
Key Up;Haut;91065
Key Down;Droite;91153
Key Up;Droite;91281
Key Down;Haut;91449
Key Up;Haut;91609
Key Down;Haut;91793
Key Up;Haut;92032
Key Down;Bas;94385
Key Up;Bas;95921
Key Down;Bas;97369
Key Down;Droite;97601
Key Up;Bas;97641
Key Down;Haut;98233
Key Up;Droite;98336
Key Up;Haut;99081
Key Down;Haut;101320
Key Up;Haut;101496
Key Down;Barre oblique;101825
Key Up;Barre oblique;101936
Key Down;Barre oblique;102921
Key Up;Barre oblique;103041
Key Down;Bas;103657
Key Up;Bas;103841
Key Down;Droite;103865
Key Up;Droite;103992
Key Down;Haut;104313
Key Down;Droite;104393
Key Up;Haut;104600
Key Down;Haut;105049
Key Up;Droite;105065
Key Down;Droite;105465
Key Up;Haut;105713
Key Up;Droite;106064
Key Down;Droite;106144
Key Up;Droite;106297
Key Down;Bas;106464
Key Up;Bas;106632
Key Down;Gauche;106752
Key Up;Gauche;106976
Key Down;Droite;107265
Key Up;Droite;107512
Key Down;Bas;107712
Key Up;Bas;107920
Key Down;Gauche;108201
Key Up;Gauche;108273
Key Down;Gauche;108697
Key Up;Gauche;108769
Key Down;Barre oblique;109041
Key Up;Barre oblique;109136
Key Down;Haut;110137
Key Up;Haut;110633
Key Down;Bas;110889
Key Down;Gauche;111152
Key Up;Bas;111160
Key Down;Barre oblique;111257
Key Up;Gauche;111329
Key Up;Barre oblique;111353
Key Down;Haut;111729
Key Up;Haut;112081
Key Down;Gauche;112105
Key Down;Bas;112328
Key Up;Gauche;112465
Key Down;Gauche;112801
Key Up;Bas;112880
Key Down;Haut;113320
Key Up;Gauche;113376
Key Up;Haut;113713
Key Down;Haut;114024
Key Up;Haut;114289
Key Down;Gauche;114321
Key Up;Gauche;116280
Key Down;Gauche;118417
Key Up;Gauche;118833
Key Down;Haut;119025
Key Up;Haut;119249
Key Down;Gauche;119545
Key Up;Gauche;119608
Key Down;Haut;120056
Key Up;Haut;120144
Key Down;Gauche;120401
Key Up;Gauche;120616
Key Down;Barre oblique;120913
Key Up;Barre oblique;121009
Key Down;Barre oblique;123073
Key Up;Barre oblique;123209
Key Down;Haut;123809
Key Up;Haut;123976
Key Down;Gauche;123985
Key Up;Gauche;124929
Key Down;Droite;125368
Key Up;Droite;125433
Key Down;Bas;125769
Key Up;Bas;125888
Key Down;Barre oblique;125936
Key Up;Barre oblique;126032
Key Down;Droite;126225
Key Up;Droite;126712
Key Down;Gauche;127433
Key Up;Gauche;128073
Key Down;Bas;128088
Key Up;Bas;129089
Key Down;Droite;129097
Key Up;Droite;129272
Key Down;Barre oblique;129296
Key Up;Barre oblique;129385
Key Down;Droite;129992
Key Up;Droite;130721
Key Down;Haut;130833
Key Up;Haut;131089
Key Down;Gauche;131160
Key Down;Barre oblique;131240
Key Up;Barre oblique;131353
Key Up;Gauche;131433
Key Down;Droite;131737
Key Down;Bas;132257
Key Up;Droite;132281
Key Up;Bas;132473
Key Down;Gauche;132481
Key Down;Barre oblique;132616
Key Up;Gauche;132704
Key Up;Barre oblique;132713
Key Down;Haut;133136
Key Up;Haut;133400
Key Down;Gauche;133409
Key Up;Gauche;133889
Key Down;Bas;133929
Key Down;Gauche;134152
Key Up;Bas;134160
Key Down;Haut;134561
Key Up;Gauche;134593
Key Down;Droite;134665
Key Up;Haut;134768
Key Up;Droite;135241
Key Down;Haut;135296
Key Down;Gauche;136048
Key Up;Haut;136081
Key Down;Haut;137025
Key Up;Gauche;137032
Key Up;Haut;137401
Key Down;Droite;149265
Key Up;Droite;149393
Key Down;Bas;149808
Key Up;Bas;150121
Key Down;Gauche;151993
Key Up;Gauche;152633
Key Down;Bas;152656
Key Up;Bas;152945
Key Down;Gauche;152960
Key Down;Haut;153304
Key Up;Haut;153440
Key Down;Bas;154793
Key Up;Bas;154976
Key Up;Gauche;155504
Key Down;Gauche;158241
Key Up;Gauche;158536
Key Down;Barre oblique;158560
Key Up;Barre oblique;158641
Key Down;Haut;158744
Key Up;Haut;159153
Key Down;Bas;159601
Key Up;Bas;159976
Key Down;Bas;160280
Key Up;Bas;160433
Key Down;Barre oblique;160464
Key Up;Barre oblique;160568
Key Down;Droite;160928
Key Up;Droite;161208
Key Down;Gauche;161344
Key Up;Gauche;161464
Key Down;Haut;161624
Key Up;Haut;161992
Key Down;Gauche;162024
Key Up;Gauche;162105
Key Down;Gauche;162872
Key Up;Gauche;163000
Key Down;Bas;163072
Key Up;Bas;164368
Key Down;Gauche;164504
Key Down;Barre oblique;164856
Key Up;Gauche;164864
Key Up;Barre oblique;164952
Key Down;Droite;164984
Key Down;Haut;165328
Key Up;Droite;165408
Key Up;Haut;165792
Key Down;Bas;166112
Key Up;Bas;166256
Key Down;Droite;166440
Key Down;Haut;166736
Key Up;Droite;166760
Key Up;Haut;167488
Key Down;Bas;167712
Key Up;Bas;168441
Key Down;Gauche;168448
Key Up;Gauche;168896
Key Down;Gauche;169096
Key Up;Gauche;169248
Key Down;Haut;169488
Key Up;Haut;169616
Key Down;Barre oblique;169704
Key Up;Barre oblique;169792
Key Down;Haut;170592
Key Up;Haut;170824
Key Down;Bas;171033
Key Down;Gauche;171432
Key Up;Bas;171480
Key Up;Gauche;171969
Key Down;Gauche;172280
Key Up;Gauche;172433
Key Down;Barre oblique;174048
Key Up;Barre oblique;174144
Key Down;Droite;174376
Key Down;Haut;174416
Key Up;Droite;174480
Key Up;Haut;175040
Key Down;Gauche;175968
Key Up;Gauche;176080
Key Down;Droite;176296
Key Down;Haut;176368
Key Up;Droite;176432
Key Up;Haut;176537
Key Down;Bas;176696
Key Up;Bas;176936
Key Down;Gauche;176952
Key Down;Barre oblique;177072
Key Up;Gauche;177096
Key Up;Barre oblique;177161
Key Down;Droite;177401
Key Down;Haut;177553
Key Up;Droite;177576
Key Up;Haut;177952
Key Down;Gauche;177960
Key Down;Barre oblique;178232
Key Up;Barre oblique;178328
Key Up;Gauche;178384
Key Down;Bas;178848
Key Up;Bas;179232
Key Down;Gauche;179352
Key Up;Gauche;179960
Key Down;Gauche;180265
Key Down;Haut;180721
Key Up;Gauche;180753
Key Up;Haut;181048
Key Down;Droite;181129
Key Down;Barre oblique;181280
Key Up;Droite;181344
Key Up;Barre oblique;181360
Key Down;Gauche;181729
Key Up;Gauche;182369
Key Down;Droite;182480
Key Up;Droite;182608
Key Down;Gauche;185216
Key Down;Barre oblique;185488
Key Up;Barre oblique;185584
Key Up;Gauche;185592
Key Down;Haut;186257
Key Up;Haut;186544
Key Down;Haut;186920
Key Up;Haut;187144
Key Down;Gauche;187520
Key Down;Bas;187801
Key Up;Bas;187856
Key Up;Gauche;187896
Key Down;Bas;187984
Key Up;Bas;188368
Key Down;Barre oblique;188768
Key Up;Barre oblique;188880
Key Down;Droite;189032
Key Up;Droite;189352
Key Down;Gauche;189456
Key Down;Bas;189672
Key Up;Gauche;189696
Key Down;Barre oblique;190144
Key Up;Bas;190224
Key Up;Barre oblique;190240
Key Down;Droite;190544
Key Up;Droite;190872
Key Down;Bas;190881
Key Down;Gauche;191385
Key Up;Bas;191464
Key Down;Barre oblique;192272
Key Up;Barre oblique;192392
Key Up;Gauche;192400
Key Down;Droite;192704
Key Down;Bas;192808
Key Up;Bas;192904
Key Down;Bas;192976
Key Up;Droite;193048
Key Down;Gauche;193144
Key Up;Bas;193176
Key Down;Barre oblique;193256
Key Up;Barre oblique;193360
Key Up;Gauche;193392
Key Down;Barre oblique;193456
Key Up;Barre oblique;193528
Key Down;Barre oblique;193624
Key Up;Barre oblique;193695
Key Down;Barre oblique;193792
Key Up;Barre oblique;193872
Key Down;Droite;194216
Key Down;Haut;194224
Key Up;Droite;194264
Key Up;Haut;194568
Key Down;Gauche;194576
Key Up;Gauche;194728
Key Down;Bas;194784
Key Down;Barre oblique;194936
Key Up;Bas;195008
Key Up;Barre oblique;195024
Key Down;Barre oblique;195152
Key Up;Barre oblique;195255
Key Down;Barre oblique;195376
Key Up;Barre oblique;195472
Key Down;Barre oblique;195583
Key Up;Barre oblique;195680
Key Down;Barre oblique;195800
Key Up;Barre oblique;195864
Key Down;Bas;195880
Key Down;Barre oblique;196032
Key Up;Barre oblique;196128
Key Down;Barre oblique;196264
Key Up;Barre oblique;196376
Key Down;Barre oblique;196576
Key Up;Barre oblique;196680
Key Down;Barre oblique;196784
Key Up;Barre oblique;196872
Key Up;Bas;197040
Key Down;Bas;197184
Key Down;Gauche;197592
Key Up;Bas;197768
Key Up;Gauche;197799
Key Down;Gauche;198016
Key Up;Gauche;198416
Key Down;Haut;198456
Key Up;Haut;198592
Key Down;Barre oblique;198736
Key Up;Barre oblique;198832
Key Down;Droite;198849
Key Up;Droite;198952
Key Down;Droite;199208
Key Up;Droite;199352
Key Down;Haut;199568
Key Up;Haut;199711
Key Down;Droite;199968
Key Up;Droite;200376
Key Down;Barre oblique;200384
Key Up;Barre oblique;200488
Key Down;Barre oblique;200576
Key Up;Barre oblique;200664
Key Down;Barre oblique;200800
Key Up;Barre oblique;200904
Key Down;Droite;201336
Key Up;Droite;201856
Key Down;Haut;201913
Key Down;Barre oblique;202240
Key Up;Barre oblique;202360
Key Up;Haut;202432
Key Down;Barre oblique;202496
Key Up;Barre oblique;202583
Key Down;Barre oblique;202800
Key Up;Barre oblique;202856
Key Down;Bas;203048
Key Down;Gauche;203320
Key Up;Bas;203376
Key Down;Haut;203952
Key Up;Gauche;204039
Key Up;Haut;204560
Key Down;Bas;204832
Key Up;Bas;205360
Key Down;Droite;205424
Key Up;Droite;205624
Key Down;Droite;205673
Key Up;Droite;206016
Key Down;Haut;206048
Key Down;Barre oblique;206576
Key Up;Haut;206592
Key Up;Barre oblique;206656
Key Down;Barre oblique;206752
Key Up;Barre oblique;206816
Key Down;Barre oblique;206936
Key Up;Barre oblique;207024
Key Down;Gauche;207376
Key Up;Gauche;207552
Key Down;Droite;207608
Key Down;Haut;207744
Key Up;Droite;207760
Key Up;Haut;208016
Key Down;Gauche;208224
Key Down;Haut;209688
Key Up;Haut;209848
Key Up;Gauche;210448
Key Down;Bas;210456
Key Down;Barre oblique;210616
Key Up;Bas;210656
Key Up;Barre oblique;210744
Key Down;Barre oblique;210895
Key Up;Barre oblique;210976
Key Down;Bas;211720
Key Up;Bas;211976
Key Down;Droite;212256
Key Down;Bas;212592
Key Up;Bas;212704
Key Up;Droite;212960
Key Down;Haut;213281
Key Up;Haut;213424
Key Down;Haut;213760
Key Up;Haut;214688
Key Down;Haut;218280
Key Up;Haut;218648
Key Down;Droite;218672
Key Up;Droite;218840
Key Down;Haut;219024
Key Up;Haut;219447
Key Down;Gauche;219599
Key Up;Gauche;219679
Key Down;Haut;219936
Key Up;Haut;220104
Key Down;Barre oblique;220448
Key Up;Barre oblique;220552
Key Down;Point;221223
Key Up;Point;221376
Key Down;Haut;221848
Key Down;Point;221968
Key Up;Point;222112
Key Down;Point;222311
Key Up;Haut;222415
Key Up;Point;222423
Key Down;Barre oblique;222608
Key Up;Barre oblique;222680
Key Down;Point;223599
Key Up;Point;223720
Key Down;Point;223816
Key Up;Point;223928
Key Down;Bas;224112
Key Up;Bas;225736
Key Down;Bas;227384
Key Down;Droite;227720
Key Up;Bas;227808
Key Up;Droite;229040
Key Down;Haut;229104
Key Up;Haut;230080
Key Down;Haut;232176
Key Down;Gauche;232616
Key Up;Haut;232696
Key Down;Barre oblique;233399
Key Up;Barre oblique;233496
Key Up;Gauche;233528
Key Down;Barre oblique;233592
Key Up;Barre oblique;233687
Key Down;Barre oblique;233824
Key Up;Barre oblique;233912
Key Down;Gauche;233960
Key Up;Gauche;234816
Key Down;Droite;234888
Key Down;Bas;235559
Key Up;Droite;235583
Key Up;Bas;235896
Key Down;Gauche;236336
Key Down;Haut;236439
Key Up;Haut;236584
Key Down;Haut;237136
Key Up;Gauche;237184
Key Down;Droite;237744
Key Up;Droite;237840
Key Down;Droite;238072
Key Up;Haut;238088
Key Up;Droite;238240
Key Down;Barre oblique;238304
Key Up;Barre oblique;238400
Key Down;Haut;238456
Key Down;Barre oblique;238936
Key Up;Barre oblique;239040
Key Up;Haut;239064
Key Down;Barre oblique;239136
Key Up;Barre oblique;239224
Key Down;Barre oblique;239400
Key Up;Barre oblique;239488
Key Down;Barre oblique;239616
Key Up;Barre oblique;239695
Key Down;Bas;239984
Key Down;Barre oblique;240192
Key Up;Bas;240264
Key Up;Barre oblique;240295
Key Down;Bas;240344
Key Down;Barre oblique;240416
Key Up;Bas;240472
Key Up;Barre oblique;240519
Key Down;Haut;240680
Key Down;Barre oblique;240744
Key Up;Barre oblique;240832
Key Up;Haut;240872
Key Down;Barre oblique;240960
Key Up;Barre oblique;241048
Key Down;Barre oblique;241248
Key Up;Barre oblique;241280
Key Down;Barre oblique;249040
Key Up;Barre oblique;249184
Key Down;Point;249376
Key Up;Point;249559
Key Down;Entrée;249912
Key Up;Entrée;250039
Key Down;Haut;254576
Key Up;Haut;255832
Key Down;Point;258759
Key Up;Point;258904
Key Down;Point;259136
Key Up;Point;259232
Key Down;Barre oblique;259360
Key Up;Barre oblique;259464
Key Down;Barre oblique;259600
Key Up;Barre oblique;259704
Key Down;Droite;259800
Key Up;Droite;260047
Key Down;Haut;260167
Key Down;Droite;260672
Key Up;Haut;260704
Key Up;Droite;261415
Key Down;Bas;261576
Key Down;Droite;261831
Key Up;Bas;261839
Key Down;Haut;262496
Key Up;Droite;262576
Key Up;Haut;263672
Key Down;Gauche;263696
Key Down;Bas;264184
Key Up;Bas;264432
Key Down;Barre oblique;264800
Key Up;Gauche;264847
Key Up;Barre oblique;264920
Key Down;Barre oblique;265031
Key Up;Barre oblique;265127
Key Down;Gauche;265320
Key Down;Bas;265888
Key Up;Gauche;265920
Key Up;Bas;266103
Key Down;Droite;266176
Key Down;Barre oblique;266224
Key Up;Barre oblique;266312
Key Up;Droite;266320
Key Down;Barre oblique;266711
Key Up;Barre oblique;266800
Key Down;Barre oblique;267992
Key Up;Barre oblique;268096
Key Down;Bas;269088
Key Up;Bas;269456
Key Down;Droite;269631
Key Up;Droite;269783
Key Down;Droite;271448
Key Up;Droite;271863
Key Down;Barre oblique;271887
Key Up;Barre oblique;271991
Key Down;Gauche;273151
Key Up;Gauche;273559
Key Down;Droite;273592
Key Down;Haut;274608
Key Up;Haut;274752
Key Down;Haut;275448
Key Up;Haut;275584
Key Up;Droite;276472
Key Down;Haut;279064
Key Up;Haut;279536
Key Down;Droite;279552
Key Up;Droite;279847
Key Down;Droite;280103
Key Up;Droite;280320
Key Down;Bas;280448
Key Up;Bas;280592
Key Down;Barre oblique;280600
Key Up;Barre oblique;280696
Key Down;Gauche;281240
Key Up;Gauche;281791
Key Down;Bas;281815
Key Up;Bas;282239
Key Down;Droite;283976
Key Up;Droite;284568
Key Down;Droite;285888
Key Up;Droite;286440
Key Down;Haut;286712
Key Up;Haut;286864
Key Down;Droite;287079
Key Up;Droite;287304
Key Down;Haut;287408
Key Up;Haut;287528
Key Down;Droite;287704
Key Down;Bas;288192
Key Up;Bas;288552
Key Up;Droite;288808
Key Down;Droite;288944
Key Down;Bas;289079
Key Up;Droite;289111
Key Up;Bas;289456
Key Down;Barre oblique;289584
Key Down;Droite;289592
Key Up;Barre oblique;289679
Key Up;Droite;289792
Key Down;Barre oblique;289831
Key Up;Barre oblique;289911
Key Down;Gauche;290120
Key Down;Bas;290431
Key Up;Bas;290656
Key Up;Gauche;290927
Key Down;Droite;291127
Key Up;Droite;291272
Key Down;Barre oblique;291287
Key Up;Barre oblique;291384
Key Down;Barre oblique;291728
Key Up;Barre oblique;291824
Key Down;Droite;292176
Key Down;Haut;292656
Key Up;Droite;292688
Key Down;Barre oblique;293007
Key Up;Barre oblique;293104
Key Up;Haut;293175
Key Down;Bas;293664
Key Up;Bas;293847
Key Down;Haut;294288
Key Up;Haut;294464
Key Down;Droite;294647
Key Up;Droite;294864
Key Down;Bas;295055
Key Up;Bas;295311
Key Down;Droite;295408
Key Down;Haut;295896
Key Up;Droite;295920
Key Up;Haut;296352
Key Down;Gauche;296440
Key Up;Gauche;296528
Key Down;Haut;296759
Key Up;Haut;296951
Key Down;Barre oblique;296984
Key Up;Barre oblique;297048
Key Down;Haut;298031
Key Up;Haut;298535
Key Down;Droite;298743
Key Up;Droite;299160
Key Down;Bas;299696
Key Down;Droite;299912
Key Up;Bas;299968
Key Down;Bas;300480
Key Up;Bas;300648
Key Up;Droite;301016
Key Down;Gauche;303552
Key Up;Gauche;303935
Key Down;Gauche;305400
Key Down;Haut;305696
Key Up;Haut;305904
Key Down;Haut;306440
Key Up;Haut;306640
Key Down;Haut;307064
Key Up;Gauche;307096
Key Up;Haut;307639
Key Down;Droite;307687
Key Up;Droite;307800
Key Down;Haut;307951
Key Up;Haut;308432
Key Down;Haut;310423
Key Up;Haut;310672
Key Down;Haut;311128
Key Up;Haut;311320
Key Down;Droite;311552
Key Down;Barre oblique;311768
Key Up;Droite;311856
Key Up;Barre oblique;311872
Key Down;Barre oblique;312000
Key Up;Barre oblique;312096
Key Down;Droite;312640
Key Up;Droite;312864
Key Down;Gauche;313024
Key Up;Gauche;313104
Key Down;Haut;313215
Key Up;Haut;314215
Key Down;Gauche;314256
Key Up;Gauche;314688
Key Down;Haut;314696
Key Up;Haut;314863
Key Down;Barre oblique;314903
Key Up;Barre oblique;315015
Key Down;Gauche;315024
Key Down;Barre oblique;315239
Key Up;Barre oblique;315311
Key Down;Barre oblique;315432
Key Up;Barre oblique;315504
Key Up;Gauche;315959
Key Down;Gauche;316488
Key Up;Gauche;316816
Key Down;Bas;316824
Key Down;Barre oblique;317504
Key Up;Bas;317576
Key Up;Barre oblique;317632
Key Down;Barre oblique;317784
Key Up;Barre oblique;317864
Key Down;Bas;318184
Key Down;Barre oblique;318376
Key Up;Barre oblique;318455
Key Down;Barre oblique;318599
Key Up;Barre oblique;318672
Key Up;Bas;318727
Key Down;Bas;319568
Key Up;Bas;319831
Key Down;Droite;319935
Key Up;Droite;320080
Key Down;Gauche;320327
Key Down;Haut;320608
Key Up;Gauche;320640
Key Up;Haut;321271
Key Down;Droite;321592
Key Up;Droite;321792
Key Down;Haut;321912
Key Up;Haut;322800
Key Down;Bas;324808
Key Up;Bas;325064
Key Down;Gauche;326560
Key Up;Gauche;326655
Key Down;Bas;326711
Key Up;Bas;327167
Key Down;Gauche;327175
Key Down;Haut;327567
Key Up;Haut;327696
Key Up;Gauche;330040
Key Down;Gauche;330832
Key Up;Gauche;332712
Key Down;Bas;332952
Key Up;Bas;333352
Key Down;Bas;333616
Key Up;Bas;334576
Key Down;Gauche;334583
Key Down;Haut;335496
Key Up;Gauche;335504
Key Down;Barre oblique;335623
Key Up;Barre oblique;335751
Key Up;Haut;335808
Key Down;Droite;336032
Key Up;Droite;336455
Key Down;Haut;336520
Key Down;Barre oblique;336592
Key Up;Barre oblique;336703
Key Up;Haut;336727
Key Down;Droite;336975
Key Up;Droite;337112
Key Down;Haut;337271
Key Up;Haut;337440
Key Down;Droite;337592
Key Down;Barre oblique;337943
Key Up;Droite;337952
Key Up;Barre oblique;338031
Key Down;Barre oblique;338160
Key Up;Barre oblique;338247
Key Down;Haut;338679
Key Up;Haut;338992
Key Down;Droite;339047
Key Down;Haut;339119
Key Up;Droite;339160
Key Up;Haut;339191
Key Down;Droite;339344
Key Down;Haut;339416
Key Up;Haut;339527
Key Down;Haut;339903
Key Up;Haut;340023
Key Up;Droite;341063
Key Down;Barre oblique;341079
Key Up;Barre oblique;341175
Key Down;Barre oblique;341271
Key Up;Barre oblique;341343
Key Down;Barre oblique;341440
Key Up;Barre oblique;341511
Key Down;Droite;341767
Key Up;Droite;342559
Key Down;Barre oblique;342855
Key Up;Barre oblique;342951
Key Down;Barre oblique;343095
Key Up;Barre oblique;343168
Key Down;Droite;344000
Key Up;Droite;344471
Key Down;Gauche;344608
Key Down;Haut;345016
Key Up;Haut;345248
Key Down;Haut;345543
Key Up;Gauche;345639
Key Up;Haut;345808
Key Down;Gauche;345840
Key Down;Barre oblique;346072
Key Up;Gauche;346088
Key Up;Barre oblique;346159
Key Down;Barre oblique;346295
Key Up;Barre oblique;346375
Key Down;Entrée;352823
Key Up;Entrée;352960
Key Down;Haut;356208
Key Up;Haut;359136
Key Down;Barre oblique;360279
Key Up;Barre oblique;360384
Key Down;Barre oblique;360815
Key Up;Barre oblique;360895
Key Down;Haut;361856
Key Up;Haut;361975
Key Down;Gauche;361984
Key Up;Gauche;362320
Key Down;Bas;362640
Key Up;Bas;362976
Key Down;Droite;363432
Key Up;Droite;363823
Key Down;Haut;363920
Key Down;Droite;364239
Key Up;Haut;364287
Key Up;Droite;364687
Key Down;Gauche;364751
Key Down;Barre oblique;364984
Key Up;Gauche;364991
Key Up;Barre oblique;365056
Key Down;Gauche;365807
Key Down;Bas;366208
Key Up;Gauche;366255
Key Up;Bas;366487
Key Down;Haut;366784
Key Up;Haut;366871
Key Down;Barre oblique;366927
Key Up;Barre oblique;367015
Key Down;Droite;368327
Key Down;Haut;368336
Key Up;Droite;368359
Key Up;Haut;368960
Key Down;Droite;368983
Key Down;Bas;369840
Key Up;Bas;369959
Key Up;Droite;371935
Key Down;Bas;372879
Key Up;Bas;373336
Key Down;Haut;373799
Key Up;Haut;374167
Key Down;Droite;374263
Key Up;Droite;374400
Key Down;Barre oblique;374919
Key Up;Barre oblique;375039
Key Down;Droite;376176
Key Up;Droite;376632
Key Down;Haut;377271
Key Up;Haut;377375
Key Down;Haut;377888
Key Up;Haut;378352
Key Down;Droite;378471
Key Up;Droite;378872
Key Down;Barre oblique;378992
Key Up;Barre oblique;379112
Key Down;Bas;379383
Key Up;Bas;379744
Key Down;Droite;380080
Key Down;Barre oblique;380175
Key Up;Droite;380255
Key Down;Droite;380311
Key Up;Barre oblique;380319
Key Up;Droite;380424
Key Down;Droite;380856
Key Up;Droite;381255
Key Down;Haut;381399
Key Up;Haut;381575
Key Down;Barre oblique;381584
Key Up;Barre oblique;381663
Key Down;Haut;382648
Key Up;Haut;382968
Key Down;Bas;383104
Key Up;Bas;383255
Key Down;Barre oblique;383271
Key Up;Barre oblique;383335
Key Down;Droite;383824
Key Up;Droite;384039
Key Down;Gauche;384247
Key Down;Bas;384631
Key Up;Gauche;384664
Key Up;Bas;385063
Key Down;Droite;385207
Key Up;Droite;385296
Key Down;Barre oblique;385367
Key Up;Barre oblique;385439
Key Down;Droite;385984
Key Up;Droite;386279
Key Down;Haut;386359
Key Up;Haut;386447
Key Down;Barre oblique;386496
Key Up;Barre oblique;386591
Key Down;Haut;388216
Key Up;Haut;388903
Key Down;Haut;391175
Key Up;Haut;391511
Key Down;Droite;391647
Key Up;Droite;391839
Key Down;Barre oblique;391871
Key Up;Barre oblique;391975
Key Down;Barre oblique;393079
Key Up;Barre oblique;393191
Key Down;Barre oblique;394199
Key Up;Barre oblique;394271
Key Down;Gauche;394791
Key Up;Gauche;394919
Key Down;Haut;395071
Key Up;Haut;395200
Key Down;Barre oblique;395231
Key Up;Barre oblique;395304
Key Down;Barre oblique;396791
Key Up;Barre oblique;396887
Key Down;Barre oblique;398392
Key Up;Barre oblique;398495
Key Down;Haut;399655
Key Up;Haut;400647
Key Down;Bas;400895
Key Up;Bas;401535
Key Down;Droite;401671
Key Down;Barre oblique;401711
Key Up;Droite;401759
Key Up;Barre oblique;401792
Key Down;Barre oblique;402879
Key Up;Barre oblique;402992
Key Down;Barre oblique;404167
Key Up;Barre oblique;404295
Key Down;Barre oblique;405207
Key Up;Barre oblique;405311
Key Down;Barre oblique;406127
Key Up;Barre oblique;406255
Key Down;Gauche;407367
Key Down;Haut;407648
Key Up;Gauche;407751
Key Up;Haut;408047
Key Down;Droite;408192
Key Up;Droite;408367
Key Down;Haut;408448
Key Up;Haut;409351
Key Down;Haut;409799
Key Up;Haut;410215
Key Down;Bas;411568
Key Up;Bas;411943
Key Down;Bas;412183
Key Up;Bas;412391
Key Down;Bas;412823
Key Up;Bas;413287
Key Down;Gauche;413327
Key Up;Gauche;415159
Key Down;Gauche;416343
Key Up;Gauche;418559
Key Down;Droite;418663
Key Down;Barre oblique;418807
Key Up;Droite;418847
Key Up;Barre oblique;418903
Key Down;Droite;419431
Key Up;Droite;419663
Key Down;Droite;419927
Key Up;Droite;420223
Key Down;Gauche;420239
Key Up;Gauche;420447
Key Down;Barre oblique;420799
Key Up;Barre oblique;420895
Key Down;Droite;421327
Key Up;Droite;421791
Key Down;Gauche;421999
Key Down;Bas;423535
Key Up;Gauche;423551
Key Down;Droite;424383
Key Up;Bas;424407
Key Down;Barre oblique;424599
Key Up;Droite;424662
Key Up;Barre oblique;424687
Key Down;Droite;425495
Key Down;Haut;426159
Key Up;Droite;426183
Key Down;Droite;426991
Key Up;Haut;427047
Key Down;Bas;427912
Key Up;Droite;427943
Key Down;Gauche;428415
Key Up;Bas;428471
Key Down;Barre oblique;428559
Key Up;Barre oblique;428703
Key Down;Haut;429527
Key Up;Gauche;429903
Key Up;Haut;430223
Key Down;Gauche;430255
Key Up;Gauche;430407
Key Down;Droite;430583
Key Up;Droite;431735
Key Down;Gauche;431872
Key Down;Bas;433488
Key Up;Bas;433751
Key Up;Gauche;434191
Key Down;Gauche;434503
Key Up;Gauche;434671
Key Down;Gauche;435271
Key Up;Gauche;435383
Key Down;Haut;437223
Key Up;Haut;437487
Key Down;Gauche;437527
Key Down;Barre oblique;437655
Key Up;Gauche;437727
Key Up;Barre oblique;437751
Key Down;Droite;437895
Key Up;Droite;438647
Key Down;Droite;441007
Key Up;Droite;441999
Key Down;Gauche;442151
Key Up;Gauche;442535
Key Down;Bas;442623
Key Up;Bas;443055
Key Down;Droite;443175
Key Up;Droite;443359
Key Down;Bas;443607
Key Up;Bas;443855
Key Down;Gauche;445047
Key Up;Gauche;445383
Key Down;Bas;445495
Key Up;Bas;445679
Key Down;Gauche;445767
Key Up;Gauche;446999
Key Down;Bas;449335
Key Up;Bas;449583
Key Down;Gauche;449631
Key Up;Gauche;450087
Key Down;Barre oblique;450143
Key Up;Barre oblique;450263
Key Down;Gauche;450935
Key Down;Barre oblique;451751
Key Up;Barre oblique;451847
Key Up;Gauche;452399
Key Down;Barre oblique;452462
Key Up;Barre oblique;452559
Key Down;Barre oblique;452679
Key Up;Barre oblique;452767
Key Down;Droite;453023
Key Down;Haut;453424
Key Up;Droite;453431
Key Down;Gauche;453919
Key Up;Haut;454055
Key Down;Barre oblique;454431
Key Up;Barre oblique;454527
Key Down;Barre oblique;454615
Key Up;Barre oblique;454687
Key Up;Gauche;454839
Key Down;Gauche;455031
Key Down;Barre oblique;455390
Key Up;Barre oblique;455479
Key Down;Barre oblique;455575
Key Up;Barre oblique;455654
Key Up;Gauche;456606
Key Down;Droite;456655
Key Down;Haut;456958
Key Up;Droite;457063
Key Up;Haut;457231
Key Down;Gauche;457239
Key Down;Haut;457600
Key Up;Gauche;457622
Key Down;Gauche;457879
Key Up;Haut;457951
Key Up;Gauche;459127
Key Down;Gauche;460119
Key Down;Bas;460727
Key Up;Bas;461015
Key Down;Haut;462015
Key Up;Gauche;462023
Key Up;Haut;462655
Key Down;Gauche;462679
Key Down;Barre oblique;463063
Key Up;Gauche;463135
Key Up;Barre oblique;463167
Key Down;Barre oblique;463319
Key Up;Barre oblique;463415
Key Down;Bas;463615
Key Up;Bas;464407
Key Down;Gauche;464455
Key Down;Barre oblique;464623
Key Up;Barre oblique;464742
Key Down;Barre oblique;464806
Key Up;Barre oblique;464903
Key Down;Barre oblique;464975
Key Up;Barre oblique;465054
Key Down;Bas;465455
Key Up;Gauche;465631
Key Down;Barre oblique;465863
Key Up;Bas;465959
Key Up;Barre oblique;465967
Key Down;Gauche;466159
Key Down;Haut;466263
Key Up;Gauche;466287
Key Up;Haut;466455
Key Down;Bas;467487
Key Down;Barre oblique;468007
Key Up;Barre oblique;468135
Key Down;Barre oblique;468519
Key Up;Barre oblique;468615
Key Up;Bas;468870
Key Down;Gauche;468951
Key Up;Gauche;469118
Key Down;Haut;469215
Key Down;Gauche;469279
Key Up;Haut;469319
Key Up;Gauche;471430
Key Down;Gauche;472718
Key Up;Gauche;473087
Key Down;Gauche;474367
Key Up;Gauche;474495
Key Down;Haut;474583
Key Down;Barre oblique;474775
Key Up;Haut;474847
Key Up;Barre oblique;474871
Key Down;Haut;475583
Key Up;Haut;475831
Key Down;Gauche;475871
Key Down;Bas;476399
Key Up;Gauche;476519
Key Up;Bas;477079
Key Down;Droite;477087
Key Down;Barre oblique;477647
Key Up;Droite;477655
Key Up;Barre oblique;477743
Key Down;Barre oblique;477894
Key Up;Barre oblique;477982
Key Down;Barre oblique;478151
Key Up;Barre oblique;478238
Key Down;Gauche;478927
Key Down;Haut;479543
Key Up;Haut;479798
Key Up;Gauche;480455
Key Down;Barre oblique;480463
Key Up;Barre oblique;480575
Key Down;Barre oblique;480662
Key Up;Barre oblique;480743
Key Down;Haut;481415
Key Down;Barre oblique;481543
Key Up;Haut;481551
Key Up;Barre oblique;481631
Key Down;Gauche;482287
Key Up;Gauche;482447
Key Down;Gauche;483151
Key Up;Gauche;483295
Key Down;Haut;483543
Key Up;Haut;483639
Key Down;Haut;484063
Key Down;Barre oblique;484143
Key Up;Haut;484151
Key Up;Barre oblique;484231
Key Down;Barre oblique;484375
Key Up;Barre oblique;484455
Key Down;Barre oblique;484607
Key Up;Barre oblique;484702
Key Down;Barre oblique;484871
Key Up;Barre oblique;484959
Key Down;Haut;485367
Key Up;Haut;485479
Key Down;Barre oblique;485575
Key Up;Barre oblique;485647
Key Down;Barre oblique;485799
Key Up;Barre oblique;485854
Key Down;Barre oblique;486223
Key Up;Barre oblique;486303
Key Down;Barre oblique;486439
Key Up;Barre oblique;486503
Key Down;Gauche;487335
Key Down;Haut;487887
Key Up;Gauche;488303
Key Up;Haut;488479
Key Down;Haut;489591
Key Up;Haut;489839
Key Down;Bas;491575
Key Up;Bas;492463
Key Down;Bas;492751
Key Down;Gauche;493567
Key Up;Bas;493647
Key Up;Gauche;494839
Key Down;Bas;499959
Key Down;Gauche;500583
Key Up;Bas;500590
Key Up;Gauche;500871
Key Down;Bas;500918
Key Up;Bas;501327
Key Down;Gauche;501383
Key Up;Gauche;501551
Key Down;Barre oblique;501559
Key Up;Barre oblique;501639
Key Down;Barre oblique;501750
Key Up;Barre oblique;501831
Key Down;Barre oblique;501951
Key Up;Barre oblique;501999
Key Down;Gauche;502391
Key Up;Gauche;502703
Key Down;Droite;502815
Key Up;Droite;502959
Key Down;Barre oblique;503055
Key Up;Barre oblique;503151
Key Down;Barre oblique;503239
Key Up;Barre oblique;503335
Key Down;Barre oblique;503407
Key Up;Barre oblique;503494
Key Down;Barre oblique;503623
Key Up;Barre oblique;503670
Key Down;Entrée;509959
Key Up;Entrée;510119
Key Down;Droite;513526
Key Up;Droite;515967
Key Down;Droite;517311
Key Down;Bas;518231
Key Up;Bas;518455
Key Up;Droite;519383
Key Down;Barre oblique;519439
Key Up;Barre oblique;519575
Key Down;Barre oblique;520167
Key Up;Barre oblique;520294
Key Down;Droite;521199
Key Up;Droite;521943
Key Down;Barre oblique;522519
Key Up;Barre oblique;522583
Key Down;Droite;523038
Key Up;Droite;523263
Key Down;Haut;523759
Key Up;Haut;523863
Key Down;Bas;524103
Key Down;Gauche;524574
Key Up;Bas;524599
Key Down;Barre oblique;524791
Key Up;Gauche;524823
Key Up;Barre oblique;524863
Key Down;Gauche;525519
Key Down;Haut;527127
Key Up;Gauche;527166
Key Up;Haut;527247
Key Down;Barre oblique;527263
Key Up;Barre oblique;527382
Key Down;Droite;527935
Key Up;Droite;528023
Key Down;Haut;528263
Key Up;Haut;528366
Key Down;Haut;528535
Key Down;Droite;529214
Key Up;Haut;529222
Key Down;Barre oblique;529559
Key Up;Barre oblique;529655
Key Up;Droite;529671
Key Down;Droite;530071
Key Up;Droite;532655
Key Down;Bas;533846
Key Up;Bas;534255
Key Down;Droite;534335
Key Up;Droite;534590
Key Down;Bas;535031
Key Up;Bas;535127
Key Down;Droite;535303
Key Up;Droite;535407
Key Down;Barre oblique;535855
Key Up;Barre oblique;535943
Key Down;Barre oblique;537407
Key Up;Barre oblique;537487
Key Down;Barre oblique;538815
Key Up;Barre oblique;538903
Key Down;Barre oblique;539431
Key Up;Barre oblique;539519
Key Down;Gauche;540879
Key Up;Gauche;541071
Key Down;Bas;541223
Key Up;Bas;541326
Key Down;Droite;541575
Key Up;Droite;541703
Key Down;Barre oblique;541806
Key Up;Barre oblique;541887
Key Down;Bas;543039
Key Up;Bas;543207
Key Down;Gauche;543247
Key Up;Gauche;543311
Key Down;Droite;543471
Key Down;Barre oblique;543478
Key Up;Droite;543551
Key Up;Barre oblique;543559
Key Down;Droite;544614
Key Up;Droite;544791
Key Down;Droite;544983
Key Up;Droite;545342
Key Down;Haut;545399
Key Down;Droite;545487
Key Up;Haut;545519
Key Down;Haut;546103
Key Up;Droite;546127
Key Down;Barre oblique;546215
Key Up;Haut;546231
Key Up;Barre oblique;546326
Key Down;Haut;547071
Key Up;Haut;547334
Key Down;Gauche;547583
Key Down;Bas;547831
Key Up;Gauche;548055
Key Down;Gauche;548222
Key Up;Bas;548263
Key Down;Haut;548679
Key Up;Haut;548758
Key Down;Droite;549391
Key Up;Gauche;549447
Key Down;Gauche;549470
Key Up;Droite;549502
Key Up;Gauche;549814
Key Down;Droite;549966
Key Down;Bas;550135
Key Up;Droite;550159
Key Up;Bas;550318
Key Down;Droite;550399
Key Down;Bas;550407
Key Up;Droite;550431
Key Down;Barre oblique;550518
Key Down;Droite;550631
Key Up;Bas;550646
Key Up;Barre oblique;550654
Key Down;Barre oblique;550847
Key Up;Barre oblique;550950
Key Down;Barre oblique;551102
Key Up;Barre oblique;551183
Key Up;Droite;551295
Key Down;Haut;551391
Key Down;Droite;551751
Key Up;Haut;551798
Key Down;Haut;552414
Key Up;Droite;552502
Key Up;Haut;553191
Key Down;Bas;553351
Key Down;Gauche;553863
Key Up;Bas;554287
Key Down;Bas;554855
Key Up;Bas;554918
Key Down;Haut;555047
Key Up;Haut;555199
Key Down;Bas;555710
Key Up;Gauche;555774
Key Down;Droite;555951
Key Up;Bas;556158
Key Up;Droite;556791
Key Down;Barre oblique;556942
Key Up;Barre oblique;557046
Key Down;Haut;557663
Key Up;Haut;557879
Key Down;Droite;558055
Key Up;Droite;559607
Key Down;Haut;559719
Key Up;Haut;560070
Key Down;Droite;560150
Key Up;Droite;560318
Key Down;Haut;560398
Key Up;Haut;560590
Key Down;Droite;560759
Key Up;Droite;561023
Key Down;Barre oblique;561223
Key Up;Barre oblique;561311
Key Down;Droite;561783
Key Up;Droite;562391
Key Down;Droite;562879
Key Up;Droite;563087
Key Down;Droite;564279
Key Up;Droite;564591
Key Down;Barre oblique;565126
Key Up;Barre oblique;565238
Key Down;Barre oblique;565990
Key Down;Gauche;565999
Key Up;Barre oblique;566006
Key Up;Gauche;566358
Key Down;Droite;566807
Key Up;Droite;567151
Key Down;Droite;567999
Key Up;Droite;568887
Key Down;Droite;570207
Key Up;Droite;570942
Key Down;Haut;571126
Key Up;Haut;571182
Key Down;Droite;571486
Key Up;Droite;571838
Key Down;Gauche;571911
Key Up;Gauche;572055
Key Down;Droite;572214
Key Up;Droite;572687
Key Down;Haut;572695
Key Up;Haut;572879
Key Down;Gauche;572958
Key Down;Barre oblique;573086
Key Up;Gauche;573118
Key Up;Barre oblique;573175
Key Down;Gauche;573694
Key Down;Bas;574255
Key Up;Gauche;574359
Key Up;Bas;574511
Key Down;Droite;574598
Key Down;Barre oblique;574671
Key Up;Barre oblique;574774
Key Up;Droite;574791
Key Down;Droite;575390
Key Up;Droite;575583
Key Down;Haut;575830
Key Up;Haut;576047
Key Down;Droite;576158
Key Up;Droite;576422
Key Down;Barre oblique;576854
Key Up;Barre oblique;576959
Key Down;Barre oblique;577886
Key Up;Barre oblique;578006
Key Down;Barre oblique;578543
Key Up;Barre oblique;578654
Key Down;Haut;579519
Key Up;Haut;579686
Key Down;Droite;579862
Key Up;Droite;579919
Key Down;Barre oblique;580079
Key Up;Barre oblique;580183
Key Down;Bas;581166
Key Up;Bas;581574
Key Down;Droite;581774
Key Up;Droite;582982
Key Down;Haut;583070
Key Up;Haut;583431
Key Down;Barre oblique;583495
Key Up;Barre oblique;583591
Key Down;Droite;583999
Key Up;Droite;584214
Key Down;Bas;584550
Key Up;Bas;584711
Key Down;Droite;584767
Key Up;Droite;584966
Key Down;Haut;585127
Key Up;Haut;585263
Key Down;Barre oblique;585359
Key Up;Barre oblique;585446
Key Down;Barre oblique;586342
Key Up;Barre oblique;586454
Key Down;Barre oblique;587671
Key Up;Barre oblique;587815
Key Down;Droite;589063
Key Up;Droite;590023
Key Down;Droite;592791
Key Down;Barre oblique;592878
Key Up;Droite;592886
Key Up;Barre oblique;592966
Key Down;Barre oblique;593327
Key Up;Barre oblique;593406
Key Down;Barre oblique;593503
Key Up;Barre oblique;593591
Key Down;Barre oblique;593687
Key Up;Barre oblique;593774
Key Down;Barre oblique;593895
Key Up;Barre oblique;593982
Key Down;Barre oblique;594174
Key Up;Barre oblique;594247
Key Down;Barre oblique;594374
Key Up;Barre oblique;594463
Key Down;Barre oblique;594590
Key Up;Barre oblique;594671
Key Down;Barre oblique;594783
Key Up;Barre oblique;594863
Key Down;Barre oblique;594982
Key Up;Barre oblique;595062
Key Down;Barre oblique;595183
Key Up;Barre oblique;595254
Key Down;Barre oblique;595382
Key Up;Barre oblique;595471
Key Down;Barre oblique;595590
Key Up;Barre oblique;595670
Key Down;Barre oblique;595799
Key Up;Barre oblique;595862
Key Down;Barre oblique;595990
Key Up;Barre oblique;596063
Key Down;Barre oblique;596174
Key Up;Barre oblique;596262
Key Down;Barre oblique;596375
Key Up;Barre oblique;596462
Key Down;Barre oblique;596583
Key Up;Barre oblique;596654
Key Down;Barre oblique;596782
Key Up;Barre oblique;596863
Key Down;Barre oblique;596999
Key Up;Barre oblique;597079
Key Down;Barre oblique;597207
Key Up;Barre oblique;597294
Key Down;Barre oblique;597414
Key Up;Barre oblique;597495
Key Down;Barre oblique;597622
Key Up;Barre oblique;597694
Key Down;Barre oblique;597814
Key Up;Barre oblique;597903
Key Down;Barre oblique;598023
Key Up;Barre oblique;598111
Key Down;Barre oblique;598230
Key Up;Barre oblique;598319
Key Down;Barre oblique;598431
Key Up;Barre oblique;598510
Key Down;Barre oblique;598622
Key Up;Barre oblique;598718
Key Down;Barre oblique;598831
Key Up;Barre oblique;598927
Key Down;Barre oblique;599062
Key Up;Barre oblique;599158
Key Down;Barre oblique;599279
Key Up;Barre oblique;599383
Key Down;Barre oblique;599519
Key Up;Barre oblique;599623
Key Down;Barre oblique;599766
Key Up;Barre oblique;599879
Key Down;Barre oblique;600014
Key Up;Barre oblique;600119
Key Down;Barre oblique;600263
Key Up;Barre oblique;600343
Key Down;Barre oblique;602199
Key Up;Barre oblique;602302
Key Down;Barre oblique;602871
Key Up;Barre oblique;602950
Key Down;Droite;603871
Key Down;Haut;604735
Key Up;Haut;605151
Key Down;Haut;605431
Key Up;Haut;605759
Key Down;Haut;606510
Key Up;Droite;606606
Key Up;Haut;607086
Key Down;Haut;609230
Key Up;Haut;609406
Key Down;Droite;609687
Key Up;Droite;609862
Key Down;Haut;610015
Key Up;Haut;610094
Key Down;Barre oblique;610118
Key Up;Barre oblique;610191
Key Down;Barre oblique;610295
Key Up;Barre oblique;610366
Key Down;Barre oblique;610471
Key Up;Barre oblique;610535
Key Down;Barre oblique;610654
Key Up;Barre oblique;610711
Key Down;Barre oblique;610830
Key Up;Barre oblique;610903
Key Down;Barre oblique;611022
Key Up;Barre oblique;611094
Key Down;Barre oblique;611231
Key Up;Barre oblique;611326
Key Down;Barre oblique;611446
Key Up;Barre oblique;611534
Key Down;Barre oblique;611686
Key Up;Barre oblique;611766
Key Down;Barre oblique;611902
Key Up;Barre oblique;611998
Key Down;Barre oblique;612126
Key Up;Barre oblique;612222
Key Down;Barre oblique;612350
Key Up;Barre oblique;612455
Key Down;Barre oblique;612654
Key Up;Barre oblique;612743
Key Down;Barre oblique;612871
Key Up;Barre oblique;612966
Key Down;Droite;613502
Key Up;Droite;613815
Key Down;Haut;613990
Key Up;Haut;614406
Key Down;Droite;614414
Key Up;Droite;614638
Key Down;Droite;614718
Key Up;Droite;614998
Key Down;Gauche;615054
Key Down;Barre oblique;615199
Key Up;Gauche;615262
Key Up;Barre oblique;615295
Key Down;Barre oblique;615374
Key Up;Barre oblique;615454
Key Down;Barre oblique;615558
Key Up;Barre oblique;615630
Key Down;Barre oblique;615806
Key Up;Barre oblique;615854
Key Down;Bas;616239
Key Up;Bas;616318
Key Down;Barre oblique;616358
Key Down;Gauche;616406
Key Up;Barre oblique;616446
Key Up;Gauche;616558
Key Down;Barre oblique;616574
Key Down;Bas;616599
Key Up;Barre oblique;616686
Key Up;Bas;616734
Key Down;Gauche;617294
Key Up;Gauche;617446
Key Down;Bas;617599
Key Up;Bas;617806
Key Down;Gauche;618054
Key Down;Barre oblique;618134
Key Up;Gauche;618174
Key Up;Barre oblique;618206
Key Down;Barre oblique;618358
Key Up;Barre oblique;618422
Key Down;Barre oblique;618551
Key Up;Barre oblique;618631
Key Down;Gauche;619455
Key Down;Barre oblique;619919
Key Up;Barre oblique;620007
Key Down;Barre oblique;620110
Key Up;Barre oblique;620190
Key Down;Barre oblique;620366
Key Up;Barre oblique;620422
Key Down;Barre oblique;620582
Key Up;Gauche;620638
Key Up;Barre oblique;620646
Key Down;Barre oblique;620799
Key Up;Barre oblique;620847
Key Down;Droite;621335
Key Up;Droite;621543
Key Down;Gauche;621886
Key Up;Gauche;622407
Key Down;Droite;622590
Key Up;Droite;622774
Key Down;Barre oblique;622782
Key Up;Barre oblique;622871
Key Down;Barre oblique;623142
Key Up;Barre oblique;623239
Key Down;Droite;623551
Key Down;Barre oblique;623854
Key Up;Barre oblique;623958
Key Down;Barre oblique;624079
Key Up;Barre oblique;624166
Key Down;Barre oblique;624494
Key Up;Barre oblique;624599
Key Down;Barre oblique;624694
Key Up;Barre oblique;624782
Key Down;Barre oblique;624887
Key Up;Barre oblique;624974
Key Down;Barre oblique;625111
Key Up;Barre oblique;625206
Key Down;Barre oblique;625438
Key Up;Droite;625470
Key Up;Barre oblique;625486
Key Down;Gauche;625543
Key Down;Barre oblique;625814
Key Up;Barre oblique;625902
Key Up;Gauche;625990
Key Down;Barre oblique;626151
Key Up;Barre oblique;626231
Key Down;Gauche;627222
Key Up;Gauche;627551
Key Down;Barre oblique;627558
Key Up;Barre oblique;627630
Key Down;Barre oblique;627783
Key Up;Barre oblique;627839
Key Down;Entrée;634566
Key Up;Entrée;634703
Key Down;Droite;638406
Key Down;Haut;639719
Key Up;Haut;639886
Key Up;Droite;640822
Key Down;Droite;642246
Key Up;Droite;643423
Key Down;Gauche;643767
Key Up;Gauche;644046
Key Down;Gauche;644126
Key Up;Gauche;644198
Key Down;Haut;644342
Key Up;Haut;644526
Key Down;Barre oblique;644550
Key Up;Barre oblique;644670
Key Down;Barre oblique;644798
Key Up;Barre oblique;644902
Key Down;Barre oblique;645039
Key Up;Barre oblique;645110
Key Down;Barre oblique;645286
Key Up;Barre oblique;645302
Key Down;Haut;645830
Key Down;Barre oblique;646094
Key Up;Haut;646118
Key Up;Barre oblique;646190
Key Down;Haut;646558
Key Down;Barre oblique;646678
Key Up;Barre oblique;646766
Key Up;Haut;646798
Key Down;Haut;647078
Key Up;Haut;647238
Key Down;Droite;647374
Key Down;Barre oblique;647606
Key Up;Barre oblique;647702
Key Up;Droite;647782
Key Down;Bas;648135
Key Up;Bas;648390
Key Down;Droite;648471
Key Down;Barre oblique;648518
Key Up;Barre oblique;648614
Key Down;Barre oblique;648830
Key Up;Barre oblique;648886
Key Up;Droite;649262
Key Down;Bas;649454
Key Down;Barre oblique;649654
Key Up;Barre oblique;649750
Key Up;Bas;649958
Key Down;Bas;650238
Key Up;Bas;650558
Key Down;Droite;650670
Key Down;Barre oblique;651126
Key Up;Barre oblique;651214
Key Down;Barre oblique;651318
Key Up;Droite;651366
Key Up;Barre oblique;651406
Key Down;Droite;651678
Key Down;Barre oblique;652134
Key Up;Barre oblique;652246
Key Down;Barre oblique;652502
Key Up;Barre oblique;652550
Key Up;Droite;653078
Key Down;Gauche;653398
Key Up;Gauche;653782
Key Down;Haut;653830
Key Up;Haut;654558
Key Down;Barre oblique;654614
Key Up;Barre oblique;654750
Key Down;Haut;654950
Key Down;Barre oblique;655134
Key Up;Haut;655239
Key Up;Barre oblique;655254
Key Down;Haut;655534
Key Up;Haut;655758
Key Down;Gauche;655766
Key Down;Haut;656191
Key Up;Haut;656366
Key Down;Bas;656830
Key Up;Gauche;656870
Key Down;Barre oblique;657094
Key Up;Barre oblique;657198
Key Up;Bas;657270
Key Down;Droite;657726
Key Down;Bas;658047
Key Up;Bas;658246
Key Up;Droite;660398
Key Down;Bas;661447
Key Up;Bas;661790
Key Down;Droite;661814
Key Down;Bas;662646
Key Up;Droite;662702
Key Up;Bas;662758
Key Down;Gauche;663654
Key Up;Gauche;663838
Key Down;Droite;664070
Key Up;Droite;664230
Key Down;Droite;664886
Key Up;Droite;665166
Key Down;Barre oblique;665182
Key Up;Barre oblique;665262
Key Down;Droite;665926
Key Up;Droite;666174
Key Down;Bas;666694
Key Up;Bas;666854
Key Down;Bas;668142
Key Up;Bas;668342
Key Down;Droite;668510
Key Up;Droite;668662
Key Down;Haut;668774
Key Down;Droite;668862
Key Up;Droite;668950
Key Up;Haut;669158
Key Down;Barre oblique;669182
Key Up;Barre oblique;669270
Key Down;Droite;669718
Key Up;Droite;669886
Key Down;Haut;669942
Key Down;Barre oblique;669958
Key Up;Barre oblique;670062
Key Up;Haut;670246
Key Down;Barre oblique;670254
Key Up;Barre oblique;670286
Key Down;Gauche;670622
Key Up;Gauche;670806
Key Down;Haut;670870
Key Up;Haut;671182
Key Down;Droite;671262
Key Up;Droite;671494
Key Down;Bas;671814
Key Down;Gauche;672150
Key Up;Bas;672206
Key Up;Gauche;672270
Key Down;Barre oblique;672310
Key Up;Barre oblique;672430
Key Down;Droite;672694
Key Down;Bas;672822
Key Up;Droite;672830
Key Up;Bas;672990
Key Down;Gauche;673230
Key Up;Gauche;673294
Key Down;Barre oblique;673462
Key Up;Barre oblique;673566
Key Down;Gauche;673919
Key Down;Bas;674270
Key Up;Gauche;674286
Key Up;Bas;674726
Key Down;Barre oblique;674902
Key Up;Barre oblique;675006
Key Down;Barre oblique;675118
Key Up;Barre oblique;675182
Key Down;Barre oblique;675574
Key Up;Barre oblique;675662
Key Down;Barre oblique;675870
Key Up;Barre oblique;675902
Key Down;Bas;676222
Key Up;Bas;676541
Key Down;Haut;676918
Key Up;Haut;677078
Key Down;Barre oblique;677150
Key Up;Barre oblique;677262
Key Down;Droite;677414
Key Down;Barre oblique;677662
Key Up;Barre oblique;677718
Key Down;Barre oblique;677894
Key Up;Droite;677926
Key Up;Barre oblique;677934
Key Down;Haut;678382
Key Down;Droite;678630
Key Up;Haut;678646
Key Down;Bas;679574
Key Up;Bas;679838
Key Up;Droite;681174
Key Down;Droite;683246
Key Up;Droite;683718
Key Down;Barre oblique;683750
Key Up;Barre oblique;683838
Key Down;Haut;684078
Key Up;Haut;684286
Key Down;Droite;684774
Key Up;Droite;685598
Key Down;Haut;685782
Key Up;Haut;685910
Key Down;Barre oblique;685934
Key Up;Barre oblique;686030
Key Down;Haut;686974
Key Up;Haut;687230
Key Down;Bas;687398
Key Up;Bas;687638
Key Down;Droite;687974
Key Up;Droite;688398
Key Down;Barre oblique;688430
Key Up;Barre oblique;688534
Key Down;Haut;689094
Key Up;Haut;689214
Key Down;Droite;689358
Key Up;Droite;689478
Key Down;Barre oblique;689590
Key Up;Barre oblique;689702
Key Down;Gauche;690046
Key Up;Gauche;690182
Key Down;Barre oblique;690222
Key Up;Barre oblique;690302
Key Down;Bas;690966
Key Up;Bas;691182
Key Down;Haut;691439
Key Up;Haut;691726
Key Down;Bas;691910
Key Up;Bas;692734
Key Down;Droite;692766
Key Down;Barre oblique;693102
Key Up;Barre oblique;693206
Key Up;Droite;693334
Key Down;Haut;693558
Key Up;Haut;693974
Key Down;Droite;694038
Key Down;Bas;694622
Key Up;Droite;694670
Key Down;Barre oblique;694766
Key Up;Bas;694838
Key Up;Barre oblique;694894
Key Down;Bas;695286
Key Down;Barre oblique;695518
Key Up;Bas;695526
Key Up;Barre oblique;695630
Key Down;Haut;696542
Key Up;Haut;696710
Key Down;Barre oblique;696750
Key Up;Barre oblique;696854
Key Down;Droite;697694
Key Up;Droite;698566
Key Down;Gauche;700134
Key Up;Gauche;700382
Key Down;Gauche;701422
Key Down;Bas;707254
Key Up;Bas;707829
Key Down;Haut;708838
Key Up;Gauche;709102
Key Up;Haut;709366
Key Down;Droite;710262
Key Up;Droite;710606
Key Down;Point;710942
Key Up;Point;711085
Key Down;Gauche;711366
Key Down;Bas;711806
Key Up;Gauche;711854
Key Up;Bas;711973
Key Down;Gauche;712750
Key Up;Gauche;712918
Key Down;Bas;712942
Key Up;Bas;713366
Key Down;Gauche;713382
Key Down;Haut;713918
Key Up;Haut;714262
Key Up;Gauche;715614
Key Down;Gauche;716102
Key Down;Haut;716638
Key Up;Gauche;716997
Key Up;Haut;718918
Key Down;Haut;719862
Key Up;Haut;720638
Key Down;Haut;720902
Key Up;Haut;720990
Key Down;Barre oblique;721406
Key Up;Barre oblique;721526
Key Down;Haut;722102
Key Up;Haut;722414
Key Down;Barre oblique;722454
Key Up;Barre oblique;722542
Key Down;Barre oblique;723014
Key Up;Barre oblique;723110
Key Down;Droite;723389
Key Up;Droite;723502
Key Down;Barre oblique;723518
Key Up;Barre oblique;723606
Key Down;Barre oblique;724222
Key Up;Barre oblique;724318
Key Down;Barre oblique;724694
Key Up;Barre oblique;724726
Key Down;Haut;724766
Key Up;Haut;725070
Key Down;Haut;725270
Key Up;Haut;725494
Key Down;Gauche;725542
Key Down;Barre oblique;725782
Key Up;Barre oblique;725862
Key Up;Gauche;725918
Key Down;Gauche;726422
Key Up;Gauche;726566
Key Down;Bas;726670
Key Down;Barre oblique;726846
Key Up;Bas;726870
Key Up;Barre oblique;726925
Key Down;Barre oblique;727293
Key Up;Barre oblique;727358
Key Down;Bas;727430
Key Down;Barre oblique;727750
Key Up;Barre oblique;727846
Key Down;Barre oblique;727998
Key Up;Barre oblique;728062
Key Down;Barre oblique;728294
Key Up;Barre oblique;728373
Key Down;Barre oblique;728494
Key Up;Barre oblique;728566
Key Down;Barre oblique;728806
Key Up;Barre oblique;728894
Key Down;Barre oblique;729037
Key Up;Barre oblique;729094
Key Down;Barre oblique;729350
Key Up;Barre oblique;729413
Key Up;Bas;729493
Key Down;Haut;729806
Key Up;Haut;732254
Key Down;Haut;733381
Key Down;Gauche;734502
Key Up;Haut;734510
Key Down;Haut;735006
Key Up;Gauche;735045
Key Down;Gauche;735133
Key Up;Haut;735150
Key Up;Gauche;735526
Key Down;Haut;735598
Key Down;Barre oblique;735670
Key Up;Barre oblique;735741
Key Up;Haut;735830
Key Down;Haut;736206
Key Down;Barre oblique;736229
Key Up;Haut;736238
Key Up;Barre oblique;736310
Key Down;Barre oblique;736494
Key Up;Barre oblique;736558
Key Down;Haut;737046
Key Up;Haut;737278
Key Down;Gauche;737414
Key Up;Gauche;737878
Key Down;Haut;738414
Key Up;Haut;738526
Key Down;Gauche;738654
Key Down;Barre oblique;738822
Key Up;Gauche;738838
Key Up;Barre oblique;738974
Key Down;Gauche;738990
Key Down;Barre oblique;739150
Key Up;Barre oblique;739222
Key Down;Barre oblique;739390
Key Up;Barre oblique;739462
Key Down;Barre oblique;739678
Key Up;Barre oblique;739749
Key Down;Barre oblique;739846
Key Up;Barre oblique;739918
Key Down;Barre oblique;740030
Key Up;Barre oblique;740093
Key Down;Barre oblique;740222
Key Up;Barre oblique;740278
Key Up;Gauche;740333
Key Down;Bas;740750
Key Up;Bas;741670
Key Down;Droite;741750
Key Up;Droite;741782
Key Down;Droite;741974
Key Down;Bas;742422
Key Up;Bas;742510
Key Down;Barre oblique;743150
Key Up;Droite;743181
Key Up;Barre oblique;743254
Key Down;Entrée;750102
Key Up;Entrée;750230
Key Down;Gauche;753134
Key Up;Gauche;754062
Key Down;Barre oblique;755230
Key Up;Barre oblique;755334
Key Down;Barre oblique;756334
Key Up;Barre oblique;756445
Key Down;Haut;757270
Key Up;Haut;757390
Key Down;Gauche;758166
Key Up;Gauche;758262
Key Down;Gauche;760958
Key Up;Gauche;763574
Key Down;Haut;763829
Key Up;Haut;764197
Key Down;Gauche;764342
Key Down;Barre oblique;764685
Key Up;Barre oblique;764814
Key Up;Gauche;764909
Key Down;Haut;765966
Key Up;Haut;766150
Key Down;Gauche;766174
Key Down;Barre oblique;767086
Key Up;Barre oblique;767254
Key Up;Gauche;768566
Key Down;Droite;768718
Key Up;Droite;769070
Key Down;Droite;769254
Key Up;Droite;770078
Key Down;Bas;770270
Key Down;Gauche;770814
Key Up;Bas;770845
Key Down;Bas;771398
Key Up;Gauche;771510
Key Down;Gauche;771910
Key Up;Bas;771966
Key Up;Gauche;772357
Key Down;Droite;772558
Key Up;Droite;772965
Key Down;Haut;773078
Key Up;Haut;773205
Key Down;Barre oblique;773293
Key Up;Barre oblique;773405
Key Down;Barre oblique;774718
Key Up;Barre oblique;774822
Key Down;Barre oblique;775574
Key Up;Barre oblique;775693
Key Down;Haut;776614
Key Up;Haut;777822
Key Down;Gauche;777838
Key Up;Gauche;777957
Key Down;Haut;778173
Key Up;Haut;778310
Key Down;Barre oblique;778397
Key Up;Barre oblique;778501
Key Down;Entrée;780893
Key Up;Entrée;780998
Key Down;Entrée;783549
Key Up;Entrée;783701
Key Down;Gauche;784845
Key Down;Bas;785374
Key Up;Bas;785726
Key Up;Gauche;786742
Key Down;Haut;788678
Key Down;Gauche;788974
Key Up;Haut;788982
Key Down;Barre oblique;789182
Key Up;Barre oblique;789302
Key Up;Gauche;789414
Key Down;Droite;789654
Key Up;Droite;790717
Key Down;Droite;791821
Key Up;Droite;794214
Key Down;Haut;794238
Key Up;Haut;794782
Key Down;Haut;797629
Key Down;Barre oblique;797878
Key Up;Haut;797958
Key Up;Barre oblique;798014
Key Down;Haut;799013
Key Up;Haut;800198
Key Down;Gauche;800262
Key Up;Gauche;800406
Key Down;Barre oblique;800430
Key Up;Barre oblique;800533
Key Down;Barre oblique;800925
Key Up;Barre oblique;801038
Key Down;Barre oblique;801157
Key Up;Barre oblique;801262
Key Down;Barre oblique;802758
Key Up;Barre oblique;802885
Key Down;Barre oblique;803718
Key Up;Barre oblique;803837
Key Down;Barre oblique;804238
Key Up;Barre oblique;804342
Key Down;Gauche;805254
Key Up;Gauche;805806
Key Down;Gauche;805973
Key Up;Gauche;806382
Key Down;Bas;806494
Key Up;Bas;806613
Key Down;Barre oblique;806693
Key Up;Barre oblique;806798
Key Down;Bas;807750
Key Down;Gauche;808093
Key Up;Gauche;808141
Key Down;Gauche;808334
Key Up;Bas;808430
Key Down;Haut;808822
Key Up;Haut;808949
Key Up;Gauche;811141
Key Down;Gauche;812565
Key Up;Gauche;812789
Key Down;Haut;812805
Key Down;Gauche;813381
Key Up;Gauche;813478
Key Down;Gauche;813822
Key Up;Haut;813885
Key Up;Gauche;814069
Key Down;Haut;814093
Key Up;Haut;814661
Key Down;Bas;816254
Key Up;Bas;817381
Key Down;Bas;817974
Key Up;Bas;818741
Key Down;Droite;818805
Key Up;Droite;819086
Key Down;Bas;819094
Key Down;Gauche;819605
Key Up;Bas;819621
Key Down;Barre oblique;819717
Key Up;Gauche;819781
Key Up;Barre oblique;819829
Key Down;Haut;820277
Key Up;Haut;820670
Key Down;Bas;820790
Key Down;Barre oblique;820837
Key Up;Barre oblique;820933
Key Up;Bas;820981
Key Down;Barre oblique;821038
Key Up;Barre oblique;821110
Key Down;Gauche;821389
Key Down;Bas;821638
Key Up;Gauche;821654
Key Up;Bas;821878
Key Down;Haut;822262
Key Down;Gauche;822638
Key Up;Haut;822757
Key Down;Bas;823078
Key Up;Bas;823269
Key Down;Haut;823510
Key Up;Haut;823710
Key Down;Barre oblique;824141
Key Up;Gauche;824213
Key Up;Barre oblique;824238
Key Down;Bas;824373
Key Down;Barre oblique;824406
Key Up;Barre oblique;824493
Key Up;Bas;824678
Key Down;Barre oblique;824726
Key Down;Gauche;824773
Key Up;Barre oblique;824830
Key Down;Barre oblique;825078
Key Up;Barre oblique;825150
Key Up;Gauche;825158
Key Down;Haut;825190
Key Down;Gauche;825262
Key Up;Haut;825286
Key Down;Bas;825549
Key Up;Gauche;825806
Key Up;Bas;825917
Key Down;Bas;826413
Key Down;Gauche;826861
Key Up;Bas;826870
Key Up;Gauche;828821
Key Down;Bas;831637
Key Up;Bas;832085
Key Down;Gauche;832118
Key Up;Gauche;832637
Key Down;Barre oblique;833413
Key Up;Barre oblique;833518
Key Down;Barre oblique;833693
Key Up;Barre oblique;833765
Key Down;Barre oblique;834973
Key Up;Barre oblique;835085
Key Down;Barre oblique;835678
Key Up;Barre oblique;835758
Key Down;Barre oblique;835870
Key Up;Barre oblique;835958
Key Down;Barre oblique;838846
Key Up;Barre oblique;838909
Key Down;Haut;838958
Key Up;Haut;839062
Key Down;Gauche;839909
Key Up;Gauche;840246
Key Down;Haut;841813
Key Up;Haut;841925
Key Down;Barre oblique;842653
Key Up;Barre oblique;842741
Key Down;Barre oblique;842982
Key Up;Barre oblique;843037
Key Down;Barre oblique;844765
Key Up;Barre oblique;844853
Key Down;Barre oblique;845078
Key Up;Barre oblique;845141
Key Down;Haut;845661
Key Up;Haut;846013
Key Down;Droite;846182
Key Up;Droite;846406
Key Down;Barre oblique;846421
Key Up;Barre oblique;846510
Key Down;Barre oblique;847038
Key Up;Barre oblique;847141
Key Down;Haut;847677
Key Up;Haut;847749
Key Down;Barre oblique;848166
Key Up;Barre oblique;848246
Key Down;Droite;848846
Key Down;Haut;849070
Key Up;Droite;849085
Key Up;Haut;849382
Key Down;Gauche;849606
Key Up;Gauche;851262
Key Down;Barre oblique;851373
Key Up;Barre oblique;851477
Key Down;Barre oblique;851862
Key Up;Barre oblique;851973
Key Down;Gauche;852830
Key Up;Gauche;853006
Key Down;Bas;853014
Key Up;Bas;853493
Key Down;Haut;854037
Key Up;Haut;854325
Key Down;Haut;854413
Key Up;Haut;854462
Key Down;Bas;854974
Key Up;Bas;855189
Key Down;Droite;855269
Key Down;Barre oblique;855341
Key Up;Droite;855358
Key Up;Barre oblique;855438
Key Down;Haut;856510
Key Down;Gauche;857157
Key Up;Haut;857182
Key Up;Gauche;858253
Key Down;Gauche;860965
Key Down;Haut;861230
Key Up;Gauche;861285
Key Down;Gauche;861654
Key Up;Gauche;861774
Key Up;Haut;862598
Key Down;Haut;863973
Key Up;Haut;865558
Key Down;Gauche;865565
Key Down;Haut;866606
Key Up;Gauche;866677
Key Up;Haut;867414
Key Down;Haut;869173
Key Up;Haut;869973
Key Down;Gauche;873421
Key Up;Gauche;873565
Key Down;Bas;874342
Key Up;Bas;875125
Key Down;Barre oblique;877005
Key Up;Barre oblique;877125
Key Down;Barre oblique;877341
Key Up;Barre oblique;877430
Key Down;Barre oblique;877598
Key Up;Barre oblique;877693
Key Down;Barre oblique;878221
Key Up;Barre oblique;878317
Key Down;Barre oblique;878830
Key Up;Barre oblique;878917
Key Down;Haut;879317
Key Up;Haut;879325
Key Down;Bas;881733
Key Up;Bas;882549
Key Down;Bas;883590
Key Up;Bas;883733
Key Down;Barre oblique;883845
Key Up;Barre oblique;883941
Key Down;Barre oblique;884374
Key Up;Barre oblique;884469
Key Down;Barre oblique;884789
Key Up;Barre oblique;884885
Key Down;Barre oblique;885245
Key Up;Barre oblique;885333
Key Down;Barre oblique;885525
Key Up;Barre oblique;885606
Key Down;Barre oblique;885773
Key Up;Barre oblique;885861
Key Down;Barre oblique;886061
Key Up;Barre oblique;886165
Key Down;Barre oblique;886389
Key Up;Barre oblique;886469
Key Down;Barre oblique;886677
Key Up;Barre oblique;886773
Key Down;Barre oblique;886965
Key Up;Barre oblique;887029
Key Down;Barre oblique;887181
Key Up;Barre oblique;887261
Key Down;Barre oblique;887630
Key Up;Barre oblique;887717
Key Down;Barre oblique;887893
Key Up;Barre oblique;887973
Key Down;Barre oblique;888221
Key Up;Barre oblique;888301
Key Down;Barre oblique;888445
Key Up;Barre oblique;888533
Key Down;Barre oblique;888693
Key Up;Barre oblique;888781
Key Down;Barre oblique;888941
Key Up;Barre oblique;889021
Key Down;Barre oblique;889205
Key Up;Barre oblique;889285
Key Down;Barre oblique;889453
Key Up;Barre oblique;889541
Key Down;Barre oblique;889710
Key Up;Barre oblique;889805
Key Down;Barre oblique;889989
Key Up;Barre oblique;890077
Key Down;Haut;890758
Key Up;Haut;891149
Key Down;Haut;893174
Key Up;Haut;893997
Key Down;Bas;896125
Key Up;Bas;897565
Key Down;Bas;898358
Key Up;Bas;898660
Key Down;Barre oblique;898933
Key Up;Barre oblique;899029
Key Down;Barre oblique;899397
Key Up;Barre oblique;899453
Key Down;Barre oblique;899981
Key Up;Barre oblique;900093
Key Down;Barre oblique;900541
Key Up;Barre oblique;900637
Key Down;Barre oblique;900941
Key Up;Barre oblique;901085
Key Down;Barre oblique;901461
Key Up;Barre oblique;901597
Key Down;Barre oblique;901797
Key Up;Barre oblique;901925
Key Down;Barre oblique;902165
Key Up;Barre oblique;902325
Key Down;Barre oblique;902493
Key Up;Barre oblique;902630
Key Down;Barre oblique;902813
Key Up;Barre oblique;902925
Key Down;Barre oblique;903117
Key Up;Barre oblique;903221
Key Down;Barre oblique;903469
Key Up;Barre oblique;903589
Key Down;Barre oblique;903757
Key Up;Barre oblique;903861
Key Down;Barre oblique;904413
Key Up;Barre oblique;904501
Key Down;Barre oblique;904653
Key Up;Barre oblique;904749
Key Down;Bas;905117
Key Down;Barre oblique;905429
Key Up;Barre oblique;905541
Key Up;Bas;905605
Key Down;Barre oblique;905629
Key Up;Barre oblique;905725
Key Down;Bas;905742
Key Down;Barre oblique;906053
Key Up;Barre oblique;906141
Key Up;Bas;906229
Key Down;Barre oblique;906245
Key Up;Barre oblique;906333
Key Down;Barre oblique;906445
Key Up;Barre oblique;906525
Key Down;Barre oblique;906685
Key Up;Barre oblique;906765
Key Down;Barre oblique;906941
Key Up;Barre oblique;907037
Key Down;Barre oblique;907173
Key Up;Barre oblique;907269
Key Down;Bas;907485
Key Up;Bas;907637
Key Down;Barre oblique;907653
Key Up;Barre oblique;907749
Key Down;Barre oblique;907901
Key Up;Barre oblique;907989
Key Down;Bas;908773
Key Up;Bas;908869
Key Down;Barre oblique;909045
Key Up;Barre oblique;909133
Key Down;Barre oblique;909437
Key Up;Barre oblique;909509
Key Down;Bas;909957
Key Up;Bas;910093
Key Down;Barre oblique;910197
Key Up;Barre oblique;910325
Key Down;Bas;910653
Key Down;Barre oblique;910989
Key Up;Barre oblique;911077
Key Up;Bas;911093
Key Down;Barre oblique;911213
Key Up;Barre oblique;911301
Key Down;Haut;911709
Key Up;Haut;911933
Key Down;Bas;912093
Key Up;Bas;912661
Key Down;Gauche;912669
Key Up;Gauche;912917
Key Down;Haut;913078
Key Up;Haut;913661
Key Down;Droite;913757
Key Down;Haut;913957
Key Up;Droite;913989
Key Down;Droite;914549
Key Up;Haut;914829
Key Down;Haut;915517
Key Up;Haut;915685
Key Up;Droite;915876
Key Down;Bas;916005
Key Up;Bas;916237
Key Down;Gauche;916301
Key Up;Gauche;916453
Key Down;Bas;917605
Key Up;Bas;917805
Key Down;Droite;917829
Key Up;Droite;918013
Key Down;Haut;918173
Key Up;Haut;918253
Key Down;Barre oblique;918397
Key Up;Barre oblique;918469
Key Down;Barre oblique;918789
Key Up;Barre oblique;918869
Key Down;Barre oblique;919021
Key Up;Barre oblique;919093
Key Down;Barre oblique;919253
Key Up;Barre oblique;919333
Key Down;Gauche;919469
Key Up;Gauche;919605
Key Down;Haut;919981
Key Down;Gauche;920157
Key Up;Haut;920181
Key Up;Gauche;920293
Key Down;Gauche;920429
Key Down;Haut;921189
Key Up;Gauche;921237
Key Up;Haut;921981
Key Down;Haut;923205
Key Up;Haut;923533
Key Down;Haut;923989
Key Up;Haut;924245
Key Down;Haut;924717
Key Up;Haut;925013
Key Down;Bas;925956
Key Up;Bas;926245
Key Down;Bas;927357
Key Up;Bas;928413
Key Down;Bas;929333
Key Up;Bas;929733
Key Down;Gauche;929869
Key Up;Gauche;931573
Key Down;Gauche;933949
Key Up;Gauche;935109
Key Down;Gauche;936245
Key Up;Gauche;936349
Key Down;Droite;936973
Key Up;Droite;937709
Key Down;Droite;937789
Key Up;Droite;937956
Key Down;Droite;938069
Key Up;Droite;938245
Key Down;Gauche;938517
Key Up;Gauche;938596
Key Down;Barre oblique;938900
Key Up;Barre oblique;938997
Key Down;Barre oblique;939845
Key Up;Barre oblique;939949
Key Down;Barre oblique;940429
Key Up;Barre oblique;940533
Key Down;Barre oblique;941732
Key Up;Barre oblique;941845
Key Down;Barre oblique;942701
Key Up;Barre oblique;942813
Key Down;Barre oblique;944069
Key Up;Barre oblique;944173
Key Down;Barre oblique;945124
Key Up;Barre oblique;945237
Key Down;Barre oblique;946461
Key Up;Barre oblique;946549
Key Down;Gauche;947013
Key Up;Gauche;948700
Key Down;Droite;948725
Key Up;Droite;950325
Key Down;Gauche;950533
Key Up;Gauche;950605
Key Down;Barre oblique;951268
Key Up;Barre oblique;951373
Key Down;Barre oblique;952589
Key Up;Barre oblique;952724
Key Down;Barre oblique;953933
Key Up;Barre oblique;954029
Key Down;Gauche;956029
Key Up;Gauche;957508
Key Down;Barre oblique;957837
Key Up;Barre oblique;957949
Key Down;Barre oblique;958780
Key Up;Barre oblique;958941
Key Down;Gauche;959596
Key Up;Gauche;960349
Key Down;Droite;961261
Key Up;Droite;962317
Key Down;Haut;962549
Key Up;Haut;962797
Key Down;Haut;962997
Key Up;Haut;963197
Key Down;Haut;963829
Key Up;Haut;963893
Key Down;Haut;966821
Key Up;Haut;967301
Key Down;Gauche;967429
Key Up;Gauche;968165
Key Down;Haut;968213
Key Up;Haut;968292
Key Down;Barre oblique;968412
Key Up;Barre oblique;968493
Key Down;Barre oblique;969260
Key Up;Barre oblique;969365
Key Down;Haut;970557
Key Up;Haut;971493
Key Down;Bas;971797
Key Up;Bas;971949
Key Down;Gauche;972213
Key Up;Gauche;972325
Key Down;Barre oblique;972509
Key Up;Barre oblique;972589
Key Down;Bas;973028
Key Up;Bas;973365
Key Down;Gauche;973453
Key Up;Gauche;973645
Key Down;Barre oblique;973700
Key Up;Barre oblique;973781
Key Down;Bas;973925
Key Down;Barre oblique;974532
Key Up;Bas;974541
Key Up;Barre oblique;974613
Key Down;Droite;974964
Key Up;Droite;975125
Key Down;Bas;975261
Key Up;Bas;975645
Key Down;Droite;975677
Key Up;Droite;977268
Key Down;Haut;977277
Key Up;Haut;977404
Key Down;Barre oblique;977428
Key Up;Barre oblique;977525
Key Down;Gauche;978261
Key Down;Bas;978413
Key Up;Gauche;978444
Key Down;Gauche;978837
Key Up;Bas;979013
Key Down;Bas;979501
Key Up;Gauche;979533
Key Up;Bas;980237
Key Down;Bas;981573
Key Up;Bas;981853
Key Down;Gauche;981916
Key Up;Gauche;982989
Key Down;Bas;983021
Key Up;Bas;983541
Key Down;Gauche;983772
Key Up;Gauche;984317
Key Down;Barre oblique;987261
Key Up;Barre oblique;987397
Key Down;Gauche;987901
Key Up;Gauche;987941
Key Down;Barre oblique;988205
Key Up;Barre oblique;988285
Key Down;Barre oblique;988628
Key Up;Barre oblique;988732
Key Down;Gauche;988956
Key Up;Gauche;989028
Key Down;Barre oblique;989309
Key Up;Barre oblique;989381
Key Down;Barre oblique;991372
Key Up;Barre oblique;991477
Key Down;Barre oblique;992997
Key Up;Barre oblique;993101
Key Down;Barre oblique;994461
Key Up;Barre oblique;994573
Key Down;Barre oblique;996004
Key Up;Barre oblique;996125
Key Down;Bas;997285
Key Up;Bas;997364
Key Down;Barre oblique;997493
Key Up;Barre oblique;997572
Key Down;Barre oblique;997837
Key Up;Barre oblique;997917
Key Down;Barre oblique;998133
Key Up;Barre oblique;998229
Key Down;Barre oblique;998349
Key Up;Barre oblique;998445
Key Down;Barre oblique;998693
Key Up;Barre oblique;998797
Key Down;Barre oblique;998901
Key Up;Barre oblique;998996
Key Down;Gauche;999397
Key Up;Gauche;999461
Key Down;Bas;1001869
Key Up;Bas;1002412
Key Down;Gauche;1002580
Key Up;Gauche;1002677
Key Down;Droite;1007813
Key Up;Droite;1008036
Key Down;Gauche;1008413
Key Up;Gauche;1008932
Key Down;Gauche;1009085
Key Up;Gauche;1009300
Key Down;Barre oblique;1009332
Key Up;Barre oblique;1009428
Key Down;Barre oblique;1009549
Key Up;Barre oblique;1009628
Key Down;Barre oblique;1009764
Key Up;Barre oblique;1009844
Key Down;Gauche;1010445
Key Up;Gauche;1010540
Key Down;Haut;1010684
Key Up;Haut;1010861
Key Down;Barre oblique;1010909
Key Up;Barre oblique;1010989
Key Down;Barre oblique;1011133
Key Up;Barre oblique;1011212
Key Down;Haut;1011988
Key Up;Haut;1012181
Key Down;Haut;1012581
Key Up;Haut;1012756
Key Down;Gauche;1012860
Key Up;Gauche;1012956
Key Down;Haut;1013485
Key Up;Haut;1013597
Key Down;Gauche;1013733
Key Up;Gauche;1014084
Key Down;Gauche;1014253
Key Down;Barre oblique;1014588
Key Up;Gauche;1014613
Key Up;Barre oblique;1014685
Key Down;Barre oblique;1014812
Key Up;Barre oblique;1014901
Key Down;Barre oblique;1015061
Key Up;Barre oblique;1015140
Key Down;Gauche;1016245
Key Up;Gauche;1016588
Key Down;Gauche;1017013
Key Up;Gauche;1017093
Key Down;Barre oblique;1017277
Key Up;Barre oblique;1017373
Key Down;Barre oblique;1017493
Key Up;Barre oblique;1017572
Key Down;Gauche;1018269
Key Up;Gauche;1018732
Key Down;Barre oblique;1018764
Key Up;Barre oblique;1018852
Key Down;Barre oblique;1018965
Key Up;Barre oblique;1019045
Key Down;Barre oblique;1019205
Key Up;Barre oblique;1019292
Key Down;Gauche;1020357
Key Up;Gauche;1020565
Key Down;Gauche;1020765
Key Up;Gauche;1021012
Key Down;Bas;1021189
Key Up;Bas;1021317
Key Down;Bas;1021508
Key Up;Bas;1021677
Key Down;Barre oblique;1021693
Key Up;Barre oblique;1021773
Key Down;Barre oblique;1021908
Key Up;Barre oblique;1021996
Key Down;Bas;1022285
Key Up;Bas;1022413
Key Down;Barre oblique;1022428
Key Up;Barre oblique;1022533
Key Down;Bas;1022909
Key Up;Bas;1023324
Key Down;Droite;1023493
Key Down;Barre oblique;1023804
Key Up;Droite;1023860
Key Up;Barre oblique;1023893
Key Down;Gauche;1024732
Key Up;Gauche;1024789
Key Down;Droite;1025084
Key Up;Droite;1025180
Key Down;Droite;1025348
Key Up;Droite;1025437
Key Down;Barre oblique;1025460
Key Down;Droite;1025549
Key Up;Barre oblique;1025565
Key Down;Barre oblique;1025684
Key Up;Barre oblique;1025764
Key Down;Barre oblique;1025901
Key Up;Barre oblique;1025989
Key Down;Haut;1027157
Key Up;Haut;1027509
Key Down;Bas;1030653
Key Up;Bas;1031197
Key Down;Haut;1036124
Key Up;Haut;1036868
Key Down;Haut;1037293
Key Up;Haut;1037565
Key Down;Haut;1037972
Key Up;Droite;1038628
Key Up;Haut;1040429
Key Down;Haut;1040461
Key Up;Haut;1040525
Key Down;Bas;1042237
Key Up;Bas;1042709
Key Down;Bas;1043093
Key Down;Droite;1045165
Key Up;Bas;1045189
Key Down;Bas;1045597
Key Up;Bas;1046028
Key Down;Bas;1046645
Key Up;Bas;1046853
Key Up;Droite;1047677
Key Down;Barre oblique;1050213
Key Up;Barre oblique;1050356
Key Down;Barre oblique;1050669
Key Up;Barre oblique;1050789
Key Down;Gauche;1051172
Key Up;Gauche;1051589
Key Down;Gauche;1052900
Key Down;Barre oblique;1053252
Key Up;Gauche;1053285
Key Up;Barre oblique;1053365
Key Down;Gauche;1053708
Key Up;Gauche;1054437
Key Down;Haut;1054765
Key Up;Haut;1054916
Key Down;Gauche;1054965
Key Down;Haut;1055717
Key Up;Haut;1055861
Key Down;Haut;1056580
Key Up;Haut;1056692
Key Up;Gauche;1058428
Key Down;Gauche;1060148
Key Up;Gauche;1061781
Key Down;Gauche;1062373
Key Down;Bas;1063189
Key Up;Gauche;1063309
Key Up;Bas;1064308
Key Down;Droite;1064356
Key Down;Bas;1064924
Key Up;Droite;1064941
Key Up;Bas;1065821
Key Down;Point;1067572
Key Up;Point;1067677
Key Down;Bas;1067956
Key Up;Bas;1068044
Key Down;Point;1068348
Key Up;Point;1068452
Key Down;Barre oblique;1068885
Key Up;Barre oblique;1069005
Key Down;Barre oblique;1069316
Key Up;Barre oblique;1069428
Key Down;Point;1069612
Key Up;Point;1069756
Key Down;Droite;1070772
Key Up;Droite;1070877
Key Down;Bas;1071196
Key Up;Bas;1071285
Key Down;Point;1071541
Key Up;Point;1071629
Key Down;Barre oblique;1072428
Key Up;Barre oblique;1072532
Key Down;Barre oblique;1073653
Key Up;Barre oblique;1073773
Key Down;Barre oblique;1074245
Key Up;Barre oblique;1074333
Key Down;Barre oblique;1074845
Key Up;Barre oblique;1074956
Key Down;Barre oblique;1075805
Key Up;Barre oblique;1075941
Key Down;Barre oblique;1076509
Key Up;Barre oblique;1076661
Key Down;Barre oblique;1077572
Key Up;Barre oblique;1077709
Key Down;Barre oblique;1077861
Key Up;Barre oblique;1077964
Key Down;Droite;1078901
Key Up;Droite;1079005
Key Down;Barre oblique;1079341
Key Up;Barre oblique;1079421
Key Down;Barre oblique;1079996
Key Up;Barre oblique;1080117
Key Down;Barre oblique;1080308
Key Up;Barre oblique;1080405
Key Down;Barre oblique;1080701
Key Up;Barre oblique;1080781
Key Down;Barre oblique;1080957
Key Up;Barre oblique;1081053
Key Down;Barre oblique;1081252
Key Up;Barre oblique;1081332
Key Down;Barre oblique;1081517
Key Up;Barre oblique;1081612
Key Down;Barre oblique;1082012
Key Up;Barre oblique;1082101
Key Down;Barre oblique;1082421
Key Up;Barre oblique;1082516
Key Down;Barre oblique;1082724
Key Up;Barre oblique;1082812
Key Down;Barre oblique;1083212
Key Up;Barre oblique;1083300
Key Down;Barre oblique;1083436
Key Up;Barre oblique;1083501
Key Down;Barre oblique;1083620
Key Up;Barre oblique;1083692
Key Down;Barre oblique;1083820
Key Up;Barre oblique;1083877
Key Down;Haut;1083981
Key Up;Haut;1084468
Key Down;Haut;1085637
Key Down;Gauche;1086004
Key Up;Haut;1086108
Key Down;Haut;1086420
Key Up;Gauche;1086516
Key Up;Haut;1087324
Key Down;Droite;1087333
Key Down;Haut;1087637
Key Up;Haut;1087900
Key Down;Haut;1088637
Key Up;Droite;1088789
Key Up;Haut;1091012
Key Down;Bas;1091236
Key Up;Bas;1092797
Key Down;Bas;1092804
Key Up;Bas;1092860
Key Down;Bas;1092988
Key Down;Droite;1093268
Key Up;Bas;1093404
Key Down;Haut;1098180
Key Up;Droite;1098196
Key Up;Haut;1099037
Key Down;Haut;1101092
Key Up;Haut;1101965
Key Down;Bas;1104188
Key Up;Bas;1105077
Key Down;Bas;1106524
Key Up;Bas;1106605
Key Down;Barre oblique;1106924
Key Up;Barre oblique;1107037
Key Down;Bas;1107492
Key Up;Bas;1107572
Key Down;Barre oblique;1107708
Key Up;Barre oblique;1107812
Key Down;Barre oblique;1108468
Key Up;Barre oblique;1108604
Key Down;Barre oblique;1108772
Key Up;Barre oblique;1108885
Key Down;Barre oblique;1109045
Key Up;Barre oblique;1109132
Key Down;Barre oblique;1109276
Key Up;Barre oblique;1109356
Key Down;Barre oblique;1109516
Key Up;Barre oblique;1109605
Key Down;Barre oblique;1109804
Key Up;Barre oblique;1109868
Key Down;Barre oblique;1110036
Key Up;Barre oblique;1110109
Key Down;Barre oblique;1110269
Key Up;Barre oblique;1110349
Key Down;Barre oblique;1110500
Key Up;Barre oblique;1110580
Key Down;Barre oblique;1111380
Key Up;Barre oblique;1111460
Key Down;Barre oblique;1112349
Key Up;Barre oblique;1112445
Key Down;Barre oblique;1113364
Key Up;Barre oblique;1113468
Key Down;Barre oblique;1114676
Key Up;Barre oblique;1114765
Key Down;Barre oblique;1115460
Key Up;Barre oblique;1115588
Key Down;Barre oblique;1119045
Key Up;Barre oblique;1119164
Key Down;Barre oblique;1119868
Key Up;Barre oblique;1119980
Key Down;Barre oblique;1120381
Key Up;Barre oblique;1120508
Key Down;Barre oblique;1122060
Key Up;Barre oblique;1122197
Key Down;Barre oblique;1123300
Key Up;Barre oblique;1123429
Key Down;Barre oblique;1125677
Key Up;Barre oblique;1125828
Key Down;Barre oblique;1126716
Key Up;Barre oblique;1126828
Key Down;Bas;1131829
Key Up;Bas;1133181
Key Down;Droite;1133308
Key Up;Droite;1133460
Key Down;Barre oblique;1133708
Key Up;Barre oblique;1133836
Key Down;Barre oblique;1135188
Key Up;Barre oblique;1135301
Key Down;Gauche;1136588
Key Down;Bas;1137732
Key Up;Bas;1137908
Key Up;Gauche;1138564
Key Down;Gauche;1139636
Key Up;Gauche;1142196
Key Down;Droite;1142868
Key Up;Droite;1143204
Key Down;Droite;1143829
Key Up;Droite;1145564
Key Down;Droite;1145917
Key Up;Droite;1146004
Key Down;Droite;1146372
Key Up;Droite;1146772
Key Down;Droite;1148140
Key Up;Droite;1148524
Key Down;Haut;1148572
Key Down;Droite;1149133
Key Up;Droite;1149244
Key Down;Gauche;1150372
Key Up;Haut;1150396
Key Up;Gauche;1151116
Key Down;Gauche;1152820
Key Up;Gauche;1152956
Key Down;Barre oblique;1153652
Key Up;Barre oblique;1153780
Key Down;Barre oblique;1154836
Key Up;Barre oblique;1155036
Key Down;Barre oblique;1155572
Key Up;Barre oblique;1155676
Key Down;Barre oblique;1158132
Key Up;Barre oblique;1158284
Key Down;Barre oblique;1164796
Key Up;Barre oblique;1164900
Key Down;Barre oblique;1165956
Key Up;Barre oblique;1166132
Key Down;Gauche;1170220
Key Up;Gauche;1172492
Key Down;Bas;1172596
Key Up;Bas;1172708
Key Down;Barre oblique;1172780
Key Up;Barre oblique;1172868
Key Down;Droite;1173012
Key Up;Droite;1173724
Key Down;Gauche;1174452
Key Up;Gauche;1175100
Key Down;Bas;1175116
Key Down;Barre oblique;1175164
Key Up;Bas;1175220
Key Up;Barre oblique;1175260
Key Down;Droite;1175380
Key Up;Droite;1176084
Key Down;Gauche;1176268
Key Up;Gauche;1176972
Key Down;Bas;1176980
Key Up;Bas;1177083
Key Down;Barre oblique;1177092
Key Up;Barre oblique;1177188
Key Down;Droite;1177220
Key Up;Droite;1178332
Key Down;Gauche;1178900
Key Down;Bas;1179340
Key Up;Gauche;1179388
Key Down;Barre oblique;1179516
Key Up;Bas;1179540
Key Up;Barre oblique;1179620
Key Down;Barre oblique;1179796
Key Up;Barre oblique;1179876
Key Down;Bas;1180549
Key Down;Barre oblique;1180931
Key Up;Bas;1181044
Key Up;Barre oblique;1181060
Key Down;Bas;1181396
Key Down;Barre oblique;1181443
Key Up;Barre oblique;1181508
Key Down;Barre oblique;1181956
Key Up;Barre oblique;1182036
Key Up;Bas;1182108
Key Down;Barre oblique;1182148
Key Up;Barre oblique;1182228
Key Down;Barre oblique;1182332
Key Up;Barre oblique;1182396
Key Down;Bas;1183556
Key Up;Bas;1184276
Key Down;Droite;1184284
Key Up;Droite;1185628
Key Down;Droite;1186028
Key Up;Droite;1186204
Key Down;Barre oblique;1186228
Key Up;Barre oblique;1186332
Key Down;Barre oblique;1186468
Key Up;Barre oblique;1186548
Key Down;Droite;1188132
Key Up;Droite;1188308
Key Down;Barre oblique;1188324
Key Up;Barre oblique;1188404
Key Down;Barre oblique;1189276
Key Up;Barre oblique;1189380
Key Down;Droite;1189916
Key Up;Droite;1191132
Key Down;Droite;1192244
Key Down;Haut;1192836
Key Up;Droite;1192916
Key Down;Droite;1193772
Key Up;Haut;1193859
Key Down;Haut;1194596
Key Up;Droite;1194916
Key Up;Haut;1197476
Key Down;Bas;1197764
Key Down;Gauche;1201924
Key Up;Bas;1201940
Key Down;Bas;1207364
Key Up;Bas;1207867
Key Down;Bas;1211188
Key Up;Gauche;1211284
Key Up;Bas;1214276
Key Down;Barre oblique;1214636
Key Up;Barre oblique;1214739
Key Down;Barre oblique;1215523
Key Up;Barre oblique;1215620
Key Down;Barre oblique;1216596
Key Up;Barre oblique;1216700
Key Down;Barre oblique;1217579
Key Up;Barre oblique;1217707
Key Down;Barre oblique;1218196
Key Up;Barre oblique;1218300
Key Down;Barre oblique;1219404
Key Up;Barre oblique;1219484
Key Down;Barre oblique;1220339
Key Up;Barre oblique;1220476
Key Down;Barre oblique;1221876
Key Up;Barre oblique;1222012
Key Down;Haut;1224459
Key Up;Haut;1224836
Key Down;Bas;1225068
Key Up;Bas;1225140
Key Down;Droite;1225755
Key Up;Droite;1225828
Key Down;Barre oblique;1226004
Key Up;Barre oblique;1226084
Key Down;Barre oblique;1226316
Key Up;Barre oblique;1226380
Key Down;Barre oblique;1226508
Key Up;Barre oblique;1226580
Key Down;Barre oblique;1226900
Key Up;Barre oblique;1226964
Key Down;Gauche;1227268
Key Down;Barre oblique;1227380
Key Up;Gauche;1227388
Key Up;Barre oblique;1227460
Key Down;Gauche;1227508
Key Down;Barre oblique;1227651
Key Up;Gauche;1227660
Key Up;Barre oblique;1227708
Key Down;Gauche;1229036
Key Up;Gauche;1229124
Key Down;Bas;1229204
Key Down;Barre oblique;1229276
Key Up;Barre oblique;1229372
Key Down;Barre oblique;1229476
Key Up;Barre oblique;1229555
Key Down;Barre oblique;1229795
Key Up;Barre oblique;1229884
Key Up;Bas;1229995
Key Down;Barre oblique;1230212
Key Up;Barre oblique;1230300
Key Down;Barre oblique;1230572
Key Up;Barre oblique;1230676
Key Down;Bas;1231220
Key Up;Bas;1231468
Key Down;Barre oblique;1231516
Key Up;Barre oblique;1231604
Key Down;Bas;1232332
Key Up;Bas;1232436
Key Down;Barre oblique;1232468
Key Up;Barre oblique;1232571
Key Down;Bas;1233364
Key Up;Bas;1233484
Key Down;Barre oblique;1233540
Key Up;Barre oblique;1233611
Key Down;Barre oblique;1237740
Key Up;Barre oblique;1237836
Key Down;Bas;1238667
Key Up;Bas;1239004
Key Down;Gauche;1239332
Key Up;Gauche;1239428
Key Down;Virgule;1239884
Key Up;Virgule;1240004
Key Down;Droite;1240124
Key Up;Droite;1240436
Key Down;Gauche;1240820
Key Down;Bas;1241124
Key Up;Gauche;1241140
Key Down;Gauche;1241436
Key Up;Bas;1241468
Key Up;Gauche;1242004
Key Down;Haut;1242067
Key Up;Haut;1242300
Key Down;Droite;1242364
Key Up;Droite;1242780
Key Down;Point;1242804
Key Up;Point;1242916
Key Down;Gauche;1242972
Key Up;Gauche;1243691
Key Down;Droite;1244580
Key Up;Droite;1245372
Key Down;Point;1245412
Key Down;Gauche;1245436
Key Up;Point;1245524
Key Up;Gauche;1246315
Key Down;Droite;1247492
Key Up;Droite;1248211
Key Down;Point;1248244
Key Down;Gauche;1248316
Key Up;Point;1248355
Key Up;Gauche;1249107
Key Down;Droite;1249116
Key Up;Droite;1249284
Key Down;Gauche;1250731
Key Up;Gauche;1252204
Key Down;Gauche;1254164
Key Up;Gauche;1257996
Key Down;Gauche;1259571
Key Up;Gauche;1260387
Key Down;Haut;1264644
Key Up;Haut;1266508
Key Down;Haut;1268060
Key Up;Haut;1268499
Key Down;Bas;1268731
Key Up;Bas;1270116
Key Down;Bas;1271300
Key Up;Bas;1272259
Key Down;Droite;1272484
Key Up;Droite;1274043
Key Down;Droite;1277468
Key Up;Droite;1277635
Key Down;Gauche;1277851
Key Up;Gauche;1278883
Key Down;Gauche;1280524
Key Up;Gauche;1281436
Key Down;Haut;1281444
Key Up;Haut;1283324
Key Down;Haut;1284684
Key Up;Haut;1285700
Key Down;Haut;1286124
Key Up;Haut;1292700
Key Down;Droite;1292731
Key Up;Droite;1294396
Key Down;Gauche;1296196
Key Up;Gauche;1297380
Key Down;Gauche;1298276
Key Up;Gauche;1299147
Key Down;Bas;1299268
Key Up;Bas;1300932
Key Down;Bas;1302011
Key Up;Bas;1302843
Key Down;Droite;1302940
Key Up;Droite;1304683
Key Down;Gauche;1305803
Key Down;Bas;1308499
Key Up;Bas;1308668
Key Up;Gauche;1313020
Key Down;Droite;1313771
Key Up;Droite;1315188
Key Down;Gauche;1316588
Key Up;Gauche;1317963
Key Down;Droite;1318523
Key Up;Droite;1319867
Key Down;Droite;1320324
Key Up;Droite;1321291
Key Down;Haut;1321635
Key Up;Haut;1323084
Key Down;Haut;1324315
Key Down;Gauche;1324795
Key Up;Haut;1324803
Key Down;Haut;1325371
Key Up;Haut;1325715
Key Up;Gauche;1328507
Key Down;Droite;1329571
Key Up;Droite;1330619
Key Down;Droite;1331612
Key Down;Haut;1332251
Key Up;Haut;1332932
Key Down;Haut;1333827
Key Up;Haut;1334596
Key Up;Droite;1334771
Key Down;Haut;1338587
Key Up;Haut;1339076
Key Down;Bas;1339876
Key Down;Droite;1342172
Key Up;Bas;1342227
Key Down;Haut;1346987
Key Up;Droite;1347131
Key Up;Haut;1349347
Key Down;Haut;1350908
Key Up;Haut;1351547
Key Down;Bas;1353939
Key Down;Droite;1356283
Key Up;Bas;1356435
Key Down;Bas;1357155
Key Up;Bas;1357547
Key Up;Droite;1360363
Key Down;Bas;1360931
Key Up;Bas;1361235
Key Down;Droite;1362523
Key Down;Bas;1362707
Key Up;Droite;1363403
Key Up;Bas;1363987
Key Down;Bas;1365371
Key Up;Bas;1365651
Key Down;Droite;1365660
Key Down;Haut;1366420
Key Up;Droite;1366459
Key Up;Haut;1366843
Key Down;Haut;1369004
Key Down;Gauche;1369475
Key Up;Haut;1369523
Key Up;Gauche;1370131
Key Down;Haut;1370163
Key Up;Haut;1370435
Key Down;Barre oblique;1370539
Key Up;Barre oblique;1370683
Key Down;Point;1371187
Key Up;Point;1371307
Key Down;Droite;1371891
Key Up;Droite;1372675
Key Down;Gauche;1373484
Key Up;Gauche;1373571
Key Down;Haut;1373715
Key Up;Haut;1373923
Key Down;Barre oblique;1374051
Key Up;Barre oblique;1374195
Key Down;Gauche;1374659
Key Up;Gauche;1374739
Key Down;Haut;1375019
Key Up;Haut;1375115
Key Down;Point;1375227
Key Up;Point;1375332
Key Down;Bas;1375563
Key Up;Bas;1376195
Key Down;Bas;1376787
Key Up;Bas;1377603
Key Down;Droite;1380091
Key Down;Bas;1380139
Key Up;Droite;1380155
Key Up;Bas;1380259
Key Down;Droite;1380379
Key Down;Bas;1381251
Key Up;Bas;1381443
Key Up;Droite;1381579
Key Down;Droite;1381916
Key Up;Droite;1382099
Key Down;Haut;1382348
Key Up;Haut;1383195
Key Down;Haut;1384667
Key Down;Point;1385739
Key Up;Haut;1385755
Key Up;Point;1385835
Key Down;Bas;1386027
Key Up;Bas;1387043
Key Down;Haut;1387315
Key Up;Haut;1387875
Key Down;Point;1387899
Key Up;Point;1387994
Key Down;Bas;1388147
Key Up;Bas;1388435
Key Down;Gauche;1388899
Key Up;Gauche;1389051
Key Down;Haut;1389435
Key Up;Haut;1390307
Key Down;Gauche;1390539
Key Down;Point;1391171
Key Up;Point;1391283
Key Up;Gauche;1391595
Key Down;Gauche;1391867
Key Up;Gauche;1392323
Key Down;Haut;1392843
Key Up;Haut;1393307
Key Down;Gauche;1393619
Key Down;Barre oblique;1393803
Key Up;Gauche;1393819
Key Up;Barre oblique;1393890
Key Down;Gauche;1394507
Key Up;Gauche;1394891
Key Down;Haut;1395059
Key Down;Droite;1395315
Key Up;Haut;1395395
Key Up;Droite;1395587
Key Down;Gauche;1395675
Key Down;Bas;1395939
Key Up;Gauche;1396035
Key Up;Bas;1397186
Key Down;Droite;1397251
Key Down;Haut;1397835
Key Up;Droite;1397939
Key Down;Droite;1399083
Key Up;Droite;1399227
Key Up;Haut;1400067
Key Down;Haut;1401123
Key Up;Haut;1401603
Key Down;Gauche;1401611
Key Down;Haut;1402731
Key Up;Gauche;1402747
Key Down;Droite;1404011
Key Up;Haut;1404019
Key Down;Haut;1404451
Key Up;Droite;1404491
Key Up;Haut;1404947
Key Down;Haut;1416155
Key Up;Haut;1416491
Key Down;Gauche;1416555
Key Up;Gauche;1416907
Key Down;Haut;1416987
Key Up;Haut;1417491
Key Down;Bas;1417891
Key Up;Bas;1418555
Key Down;Droite;1418683
Key Down;Bas;1419227
Key Up;Droite;1419235
Key Down;Gauche;1419827
Key Up;Gauche;1419979
Key Up;Bas;1420699
Key Down;Bas;1422563
Key Up;Bas;1422795
Key Down;Droite;1422819
Key Down;Haut;1423595
Key Up;Droite;1423643
Key Up;Haut;1424571
Key Down;Haut;1426307
Key Up;Haut;1426619
Key Down;Gauche;1426675
Key Down;Haut;1427211
Key Up;Haut;1427339
Key Up;Gauche;1428875
Key Down;Droite;1428923
Key Up;Droite;1429074
Key Down;Barre oblique;1429307
Key Up;Barre oblique;1429371
Key Down;Barre oblique;1429531
Key Up;Barre oblique;1429603
Key Down;Barre oblique;1429851
Key Up;Barre oblique;1429947
Key Down;Barre oblique;1430067
Key Up;Barre oblique;1430170
Key Down;Barre oblique;1430339
Key Up;Barre oblique;1430435
Key Down;Barre oblique;1430579
Key Up;Barre oblique;1430666
Key Down;Barre oblique;1430827
Key Up;Barre oblique;1430923
Key Down;Barre oblique;1431075
Key Up;Barre oblique;1431171
Key Down;Barre oblique;1431387
Key Up;Barre oblique;1431483
Key Down;Barre oblique;1431723
Key Up;Barre oblique;1431811
Key Down;Barre oblique;1432043
Key Up;Barre oblique;1432147
Key Down;Barre oblique;1436027
Key Up;Barre oblique;1436115
Key Down;Barre oblique;1436219
Key Up;Barre oblique;1436315
Key Down;Barre oblique;1436443
Key Up;Barre oblique;1436523
Key Down;Barre oblique;1436642
Key Up;Barre oblique;1436731
Key Down;Barre oblique;1436867
Key Up;Barre oblique;1436979
Key Down;Gauche;1437315
Key Up;Gauche;1437379
Key Down;Gauche;1437811
Key Up;Gauche;1438099
Key Down;Haut;1438130
Key Down;Gauche;1438426
Key Up;Haut;1438451
Key Up;Gauche;1438739
Key Down;Droite;1438923
Key Up;Droite;1439003
Key Down;Gauche;1439355
Key Down;Bas;1439603
Key Up;Gauche;1439635
Key Up;Bas;1439795
Key Down;Droite;1440091
Key Up;Droite;1440123
Key Down;Barre oblique;1440867
Key Up;Barre oblique;1440955
Key Down;Entrée;1452347
Key Up;Entrée;1452475
Key Down;Echap;1456251
Key Up;Echap;1456363
Key Down;Echap;1457059
Key Up;Echap;1457171
Key Down;Echap;1457555
Key Up;Echap;1457650
Key Down;Echap;1457923
Key Up;Echap;1458011
Key Down;Echap;1458570
Key Up;Echap;1458683
Key Down;Echap;1458923
Key Up;Echap;1459035
Key Down;Entrée;1460442
Key Up;Entrée;1460643
Key Down;Entrée;1463059
Key Up;Entrée;1463219
Key Down;Right Shift;1464475
Key Up;Right Shift;1464650
Key Down;Right Shift;1465419
Key Up;Right Shift;1465579
Key Down;Haut;1467315
Key Down;Droite;1468114
Key Up;Droite;1468347
Key Up;Haut;1470195
Key Down;Haut;1470515
Key Up;Haut;1470699
Key Down;Point;1470899
Key Up;Point;1471018
Key Down;Barre oblique;1471419
Key Up;Barre oblique;1471531
Key Down;Barre oblique;1472170
Key Up;Barre oblique;1472283
Key Down;Barre oblique;1472915
Key Up;Barre oblique;1473035
Key Down;Barre oblique;1473746
Key Up;Barre oblique;1473875
Key Down;Haut;1475243
Key Down;Droite;1476051
Key Up;Haut;1476114
Key Up;Droite;1476219
Key Down;Gauche;1476411
Key Down;Haut;1477187
Key Up;Haut;1477307
Key Down;Bas;1478091
Key Up;Bas;1478675
Key Down;Haut;1481435
Key Up;Gauche;1481755
Key Down;Gauche;1481923
Key Up;Haut;1481947
Key Down;Barre oblique;1482123
Key Up;Barre oblique;1482234
Key Down;Haut;1483283
Key Up;Gauche;1483331
Key Up;Haut;1483410
Key Down;Droite;1483514
Key Up;Droite;1483963
Key Down;Haut;1483978
Key Down;Gauche;1484171
Key Up;Haut;1484226
Key Down;Haut;1484643
Key Up;Gauche;1484706
Key Up;Haut;1485050
Key Down;Bas;1492667
Key Up;Bas;1493386
Key Down;Bas;1494923
Key Up;Bas;1495139
Key Down;Point;1495194
Key Up;Point;1495307
Key Down;Point;1495675
Key Up;Point;1495779
Key Down;Barre oblique;1495987
Key Up;Barre oblique;1496091
Key Down;Bas;1497339
Key Up;Bas;1497923
Key Down;Droite;1497987
Key Down;Barre oblique;1498322
Key Up;Droite;1498427
Key Up;Barre oblique;1498435
Key Down;Barre oblique;1499170
Key Up;Barre oblique;1499307
Key Down;Droite;1500218
Key Up;Droite;1501242
Key Down;Haut;1501306
Key Down;Gauche;1501675
Key Up;Haut;1501730
Key Down;Haut;1502355
Key Up;Gauche;1502403
Key Down;Gauche;1502474
Key Up;Haut;1502547
Key Down;Bas;1503427
Key Up;Gauche;1503475
Key Up;Bas;1503827
Key Down;Droite;1503915
Key Up;Droite;1503987
Key Down;Bas;1504259
Key Down;Droite;1505315
Key Up;Bas;1505323
Key Down;Barre oblique;1505506
Key Up;Barre oblique;1505619
Key Up;Droite;1505730
Key Down;Droite;1506619
Key Down;Haut;1507411
Key Up;Haut;1507586
Key Up;Droite;1507890
Key Down;Bas;1507970
Key Down;Gauche;1508210
Key Up;Bas;1508235
Key Down;Bas;1509051
Key Up;Bas;1509219
Key Down;Haut;1513947
Key Up;Gauche;1513987
Key Down;Gauche;1514387
Key Up;Haut;1514426
Key Down;Haut;1514787
Key Up;Haut;1514954
Key Down;Barre oblique;1518882
Key Up;Barre oblique;1518970
Key Up;Gauche;1518978
Key Down;Barre oblique;1519163
Key Up;Barre oblique;1519242
Key Down;Barre oblique;1519699
Key Up;Barre oblique;1519795
Key Down;Barre oblique;1519971
Key Up;Barre oblique;1520059
Key Down;Barre oblique;1520331
Key Up;Barre oblique;1520435
Key Down;Barre oblique;1520618
Key Up;Barre oblique;1520698
Key Down;Barre oblique;1520915
Key Up;Barre oblique;1521003
Key Down;Bas;1522011
Key Down;Droite;1522483
Key Up;Bas;1522523
Key Up;Droite;1523003
Key Down;Droite;1523195
Key Up;Droite;1523363
Key Down;Bas;1523643
Key Up;Bas;1523827
Key Down;Gauche;1524003
Key Up;Gauche;1524067
Key Down;Barre oblique;1526339
Key Up;Barre oblique;1526435
Key Down;Barre oblique;1527195
Key Up;Barre oblique;1527306
Key Down;Gauche;1529259
Key Up;Gauche;1529322
Key Down;Barre oblique;1529619
Key Up;Barre oblique;1529690
Key Down;Barre oblique;1531395
Key Up;Barre oblique;1531482
Key Down;Haut;1532210
Key Up;Haut;1532379
Key Down;Barre oblique;1532594
Key Up;Barre oblique;1532683
Key Down;Gauche;1533459
Key Down;Haut;1533683
Key Up;Haut;1533939
Key Down;Haut;1533946
Key Up;Haut;1534195
Key Down;Barre oblique;1534339
Key Up;Barre oblique;1534459
Key Up;Gauche;1534578
Key Down;Haut;1534779
Key Down;Barre oblique;1534843
Key Up;Haut;1534906
Key Up;Barre oblique;1534955
Key Down;Droite;1535571
Key Up;Droite;1535674
Key Down;Haut;1535874
Key Up;Haut;1536178
Key Down;Barre oblique;1536195
Key Up;Barre oblique;1536283
Key Down;Gauche;1537059
Key Down;Bas;1537747
Key Up;Bas;1537850
Key Down;Barre oblique;1538379
Key Up;Gauche;1538427
Key Up;Barre oblique;1538483
Key Down;Gauche;1538963
Key Down;Haut;1539394
Key Up;Gauche;1539426
Key Down;Barre oblique;1539538
Key Up;Barre oblique;1539651
Key Up;Haut;1539763
Key Down;Haut;1540331
Key Down;Gauche;1540715
Key Up;Haut;1541066
Key Down;Bas;1542059
Key Up;Bas;1542290
Key Down;Bas;1542802
Key Up;Bas;1542970
Key Up;Gauche;1544187
Key Down;Gauche;1545283
Key Down;Haut;1545611
Key Up;Haut;1545939
Key Up;Gauche;1546059
Key Down;Haut;1546115
Key Up;Haut;1546867
Key Down;Droite;1546907
Key Down;Haut;1547090
Key Up;Droite;1547115
Key Up;Haut;1547834
Key Down;Haut;1548835
Key Up;Haut;1550563
Key Down;Gauche;1550579
Key Down;Barre oblique;1551427
Key Up;Gauche;1551451
Key Up;Barre oblique;1551523
Key Down;Barre oblique;1551650
Key Up;Barre oblique;1551739
Key Down;Gauche;1551954
Key Down;Barre oblique;1552090
Key Up;Barre oblique;1552187
Key Up;Gauche;1552451
Key Down;Right Shift;1559971
Key Up;Right Shift;1560027
Key Down;Entrée;1561138
Key Up;Entrée;1561266
Key Down;Right Shift;1566467
Key Up;Right Shift;1566610
Key Down;Right Shift;1567803
Key Up;Right Shift;1567955
Key Down;Right Shift;1570034
Key Up;Right Shift;1570163
Key Down;Echap;1579059
Key Up;Echap;1579170
