Event;Key;Time
Key Down;Echap;1612
Key Up;Echap;1708
Key Down;Z;2036
Key Up;Z;2083
Key Down;Echap;2236
Key Up;Echap;2347
Key Down;Z;2452
Key Down;D;2875
Key Up;D;3108
Key Down;Q;3323
Key Up;Q;3548
Key Down;Q;5852
Key Up;Q;5939
Key Down;D;6339
Key Up;D;6884
Key Up;Z;7635
Key Down;D;18267
Key Down;Z;18587
Key Up;Z;19252
Key Down;Z;21147
Key Down;Q;21828
Key Up;D;21868
Key Up;Q;23091
Key Up;Z;24203
Key Down;Z;24476
Key Down;D;24603
Key Up;D;24932
Key Down;Q;25148
Key Up;Z;25307
Key Up;Q;25372
Key Down;D;25499
Key Down;S;25539
Key Up;D;25555
Key Down;Q;26571
Key Up;Q;27003
Key Down;D;27548
Key Up;S;29580
Key Down;Z;30724
Key Down;A;30940
Key Up;A;31043
Key Up;Z;31180
Key Down;Z;31500
Key Up;D;31532
Key Up;Z;32203
Key Down;Z;32627
Key Down;Q;32659
Key Up;Z;33403
Key Down;S;33732
Key Up;Q;34235
Key Down;D;34500
Key Up;S;34596
Key Down;A;34716
Key Up;A;34859
Key Up;D;34972
Key Down;Z;35187
Key Down;D;35684
Key Up;Z;35828
Key Up;D;36060
Key Down;Z;36428
Key Down;D;36436
Key Up;D;37052
Key Up;Z;37195
Key Down;S;37340
Key Down;Q;37524
Key Up;Q;39155
Key Down;D;39436
Key Up;D;39516
Key Down;Q;40852
Key Up;Q;41820
Key Down;D;41876
Key Up;S;41940
Key Down;Z;42059
Key Up;D;42092
Key Down;D;42299
Key Up;Z;42571
Key Up;D;43052
Key Down;Q;44227
Key Up;Q;44755
Key Down;D;45235
Key Up;D;45516
Key Down;Q;48332
Key Up;Q;48692
Key Down;Q;49075
Key Down;S;49372
Key Up;Q;49571
Key Up;S;49667
Key Down;A;49923
Key Up;A;50043
Key Down;D;50051
Key Down;Z;50187
Key Up;Z;50732
Key Up;D;50772
Key Down;A;52099
Key Up;A;52211
Key Down;D;52708
Key Down;S;53083
Key Up;S;53964
Key Up;D;54388
Key Down;D;54523
Key Down;S;54771
Key Up;S;54883
Key Up;D;56828
Key Down;Q;56900
Key Up;Q;57156
Key Down;A;57707
Key Up;A;57819
Key Down;D;57859
Key Down;Z;58067
Key Up;Z;58939
Key Up;D;58947
Key Down;Q;58955
Key Down;S;59395
Key Up;S;60163
Key Down;Z;60539
Key Up;Q;60715
Key Up;Z;60795
Key Down;S;61132
Key Down;D;61444
Key Up;S;61699
Key Up;D;61747
Key Down;S;62283
Key Down;D;62564
Key Up;S;62692
Key Down;A;63243
Key Up;A;63347
Key Up;D;63467
Key Down;Z;63915
Key Down;Q;64020
Key Up;Z;64140
Key Down;S;64955
Key Up;Q;64979
Key Down;D;65035
Key Up;S;65211
Key Down;A;65859
Key Up;D;65891
Key Up;A;65979
Key Down;Z;66228
Key Down;Q;66436
Key Up;Z;66851
Key Down;Z;67139
Key Up;Z;67620
Key Up;Q;67652
Key Down;S;67972
Key Down;D;68347
Key Up;D;68419
Key Down;D;68683
Key Up;S;68859
Key Down;A;69164
Key Up;A;69284
Key Down;Z;69412
Key Up;D;69451
Key Down;Q;69779
Key Up;Q;70668
Key Down;D;71291
Key Up;Z;71852
Key Down;Z;72180
Key Up;Z;72907
Key Down;Z;73116
Key Up;Z;73683
Key Up;D;73924
Key Down;Q;74740
Key Down;S;74956
Key Up;Q;75091
Key Up;S;75283
Key Down;A;75300
Key Up;A;75396
Key Down;Q;77684
Key Up;Q;77899
Key Down;Q;77972
Key Up;Q;78028
Key Down;S;78035
Key Down;Q;78235
Key Up;S;78955
Key Down;S;79804
Key Up;Q;80075
Key Up;S;81219
Key Down;S;81524
Key Down;D;81532
Key Up;S;82443
Key Down;Z;83500
Key Up;Z;83740
Key Up;D;83780
Key Down;A;83788
Key Up;A;83876
Key Down;Q;84107
Key Up;Q;85643
Key Down;D;85867
Key Down;A;86275
Key Up;D;86323
Key Up;A;86387
Key Down;Q;86532
Key Down;Z;87195
Key Up;Q;87492
Key Up;Z;87627
Key Down;A;88812
Key Up;A;88956
Key Down;D;89419
Key Up;D;89779
Key Down;Q;89836
Key Up;Q;90139
Key Down;Z;90171
Key Up;Z;90283
Key Down;E;90571
Key Up;E;90643
Key Down;Z;90835
Key Down;D;91587
Key Up;Z;91979
Key Down;Z;92564
Key Up;D;93939
Key Down;Q;94587
Key Up;Z;95515
Key Up;Q;95803
Key Down;A;95979
Key Up;A;96091
Key Down;Z;96372
Key Down;Q;97499
Key Up;Z;97731
Key Up;Q;97931
Key Down;Q;98403
Key Up;Q;98547
Key Down;Q;98619
Key Down;Z;98731
Key Up;Q;98835
Key Down;D;98979
Key Up;Z;99131
Key Down;A;99219
Key Up;A;99307
Key Up;D;99987
Key Down;Q;100155
Key Down;Z;100475
Key Up;Q;101747
Key Up;Z;102051
Key Down;Q;102131
Key Down;S;102179
Key Up;Q;102203
Key Up;S;102508
Key Down;D;102548
Key Up;D;102651
Key Down;A;102715
Key Up;A;102915
Key Down;Z;103019
Key Down;D;103283
Key Up;Z;103756
Key Up;D;103772
Key Down;D;104107
Key Up;D;105451
Key Down;Q;105523
Key Down;Z;106332
Key Up;Q;106723
Key Up;Z;107995
Key Down;Z;108467
Key Down;D;108499
Key Up;D;108835
Key Up;Z;109379
Key Down;A;109435
Key Up;A;109539
Key Down;Q;109708
Key Down;E;109972
Key Up;Q;110020
Key Up;E;110083
Key Down;S;111003
Key Down;Q;111491
Key Up;S;111644
Key Down;Z;111819
Key Up;Q;112164
Key Up;Z;112420
Key Down;S;112739
Key Down;D;112987
Key Up;S;113140
Key Down;A;113300
Key Up;A;113412
Key Up;D;113515
Key Down;Q;113931
Key Down;S;114195
Key Up;S;114347
Key Up;Q;114516
Key Down;D;115068
Key Up;D;115596
Key Down;A;115827
Key Up;A;115924
Key Down;Q;116483
Key Down;Z;116539
Key Up;Q;116820
Key Up;Z;116852
Key Down;D;116884
Key Up;D;117475
Key Down;A;117779
Key Up;A;117892
Key Down;D;117963
Key Up;D;118131
Key Down;Z;118435
Key Down;Q;118483
Key Up;Z;118795
Key Up;Q;118923
Key Down;S;119315
Key Up;S;119587
Key Down;Z;120011
Key Down;D;120043
Key Up;Z;120267
Key Up;D;120275
Key Down;A;120476
Key Up;A;120571
Key Down;Q;120923
Key Down;Z;121564
Key Up;Q;121876
Key Up;Z;122148
Key Down;Z;122563
Key Up;Z;123019
Key Down;D;123163
Key Down;Z;123411
Key Up;Z;123891
Key Up;D;124003
Key Down;S;124155
Key Down;D;124387
Key Up;D;124467
Key Up;S;124515
Key Down;Z;125395
Key Down;Q;125676
Key Up;Q;125803
Key Up;Z;125851
Key Down;Z;126075
Key Down;Q;127275
Key Up;Z;127339
Key Up;Q;127388
Key Down;Z;127723
Key Down;Q;128091
Key Up;Q;128268
Key Down;A;128875
Key Up;A;128987
Key Up;Z;129283
Key Down;Q;129411
Key Up;Q;129611
Key Down;S;129796
Key Down;Q;129884
Key Up;Q;130075
Key Up;S;130771
Key Down;D;130907
Key Down;S;131139
Key Up;D;131475
Key Up;S;131516
Key Down;A;131611
Key Up;A;131708
Key Down;Z;132076
Key Up;Z;132275
Key Down;Z;132347
Key Up;Z;132420
Key Down;E;132555
Key Up;E;132659
Key Down;Z;132923
Key Down;Q;133323
Key Up;Z;133923
Key Up;Q;134116
Key Down;A;134699
Key Up;A;134811
Key Down;S;142419
Key Up;S;142507
Key Down;Q;143019
Key Up;Q;144291
Key Down;Z;144676
Key Up;Z;144915
Key Down;Z;145107
Key Down;Q;145211
Key Up;Z;146131
Key Down;S;146859
Key Up;S;147211
Key Down;S;147499
Key Up;Q;147651
Key Down;A;147819
Key Up;A;147899
Key Up;S;148227
Key Down;Q;148291
Key Down;Z;148443
Key Up;Q;148555
Key Up;Z;148907
Key Down;S;149571
Key Down;Q;149659
Key Up;Q;150107
Key Down;D;150372
Key Up;D;150539
Key Down;D;150723
Key Up;D;151259
Key Down;Q;151380
Key Up;Q;151627
Key Down;Q;151787
Key Up;S;151891
Key Down;Z;152051
Key Up;Q;152139
Key Down;A;152739
Key Up;A;152851
Key Down;D;153083
Key Up;D;153635
Key Down;Q;153787
Key Up;Q;154051
Key Down;D;154171
Key Up;Z;154235
Key Up;D;154267
Key Down;S;154411
Key Down;A;154963
Key Up;A;155083
Key Up;S;155091
Key Down;S;157323
Key Down;Q;157483
Key Up;Q;157651
Key Down;D;158323
Key Up;S;159652
Key Down;Z;160467
Key Up;D;161483
Key Down;Q;162411
Key Up;Q;162907
Key Down;Q;163051
Key Up;Z;164003
Key Down;S;164851
Key Up;Q;165787
Key Up;S;166003
Key Down;A;166011
Key Up;A;166123
Key Down;D;166147
Key Up;D;166211
Key Down;Q;166763
Key Down;S;167515
Key Up;Q;167611
Key Up;S;167683
Key Down;S;168523
Key Up;S;169379
Key Down;S;169435
Key Up;S;169763
Key Down;Z;170067
Key Up;Z;170395
Key Down;Z;170891
Key Down;D;171035
Key Up;Z;171179
Key Down;A;171235
Key Up;A;171315
Key Up;D;171523
Key Down;Q;171979
Key Up;Q;172443
Key Down;D;172811
Key Down;S;173099
Key Up;D;173171
Key Down;A;173371
Key Up;A;173475
Key Down;D;173523
Key Up;D;173699
Key Down;Q;174539
Key Up;Q;175275
Key Up;S;175667
Key Down;D;175875
Key Down;S;175891
Key Up;S;176171
Key Up;D;176267
Key Down;A;176291
Key Up;A;176379
Key Down;Q;176867
Key Up;Q;177019
Key Down;S;177091
Key Down;D;177403
Key Up;D;177523
Key Down;Q;178843
Key Up;S;178883
Key Down;Z;179171
Key Up;Q;179243
Key Up;Z;179307
Key Down;Q;179387
Key Down;Z;179451
Key Up;Z;179931
Key Down;S;180579
Key Up;Q;180787
Key Down;A;180923
Key Up;A;181035
Key Up;S;181467
Key Down;D;182235
Key Up;D;182507
Key Down;A;184803
Key Up;A;184907
Key Down;A;188195
Key Up;A;188307
Key Down;D;189019
Key Down;S;189523
Key Up;D;189715
Key Down;D;190131
Key Up;D;190379
Key Up;S;191203
Key Down;A;191715
Key Up;A;191803
Key Down;Q;192019
Key Down;S;192090
Key Up;Q;192171
Key Up;S;192435
Key Down;Z;192587
Key Down;Q;192739
Key Up;Z;192883
Key Down;Z;193699
Key Up;Z;193851
Key Down;Z;197035
Key Up;Z;197483
Key Down;S;197930
Key Up;S;198227
Key Down;S;198691
Key Up;Q;198707
Key Up;S;198770
Key Down;A;198835
Key Up;A;198907
Key Down;D;199787
Key Up;D;199947
Key Down;Q;200587
Key Down;S;200651
Key Up;Q;200883
Key Down;D;200971
Key Up;S;201019
Key Down;A;201315
Key Up;A;201443
Key Down;S;202171
Key Up;D;202523
Key Down;D;202883
Key Up;D;203059
Key Down;D;203539
Key Up;D;204035
Key Down;D;204363
Key Up;D;204659
Key Down;Q;204843
Key Up;S;205163
Key Up;Q;205363
Key Down;A;205499
Key Up;A;205611
Key Down;Z;205747
Key Down;Q;206251
Key Up;Q;206379
Key Down;D;206459
Key Up;Z;206819
Key Down;Z;207147
Key Up;Z;207379
Key Up;D;207570
Key Down;S;208739
Key Down;Q;208747
Key Up;S;209155
Key Up;Q;209203
Key Down;D;209211
Key Down;Z;209339
Key Up;D;209411
Key Down;A;209627
Key Up;A;209731
Key Up;Z;209771
Key Down;Q;210282
Key Down;S;210419
Key Up;Q;210459
Key Up;S;210507
Key Down;S;210738
Key Down;D;211203
Key Up;S;211371
Key Up;D;211795
Key Down;D;212027
Key Up;D;212899
Key Down;Q;213314
Key Down;Z;214419
Key Up;Q;214731
Key Down;Tab;214907
Key Up;Z;214931
Key Up;Tab;217395
Key Down;Z;217955
Key Down;A;219235
Key Up;A;219435
Key Down;Q;220259
Key Up;Q;220387
Key Down;D;222474
Key Up;Z;223179
Key Up;D;223235
Key Down;D;223867
Key Down;S;223979
Key Up;S;224339
Key Up;D;224538
Key Down;S;226210
Key Down;D;226370
Key Up;S;226443
Key Up;D;226539
Key Down;D;227642
Key Down;Z;227763
Key Up;D;227907
Key Up;Z;228043
Key Down;Q;228707
Key Up;Q;228970
Key Down;S;229563
Key Down;D;229627
Key Up;S;229699
Key Up;D;229739
Key Down;Q;230667
Key Down;Z;230795
Key Up;Q;230843
Key Up;Z;230915
Key Down;D;231907
Key Up;D;232146
Key Down;Z;233171
Key Up;Z;233251
Key Down;D;233723
Key Down;S;233771
Key Up;D;233787
Key Up;S;233819
Key Down;Q;234203
Key Down;Z;234530
Key Up;Q;235163
Key Down;Q;235187
Key Up;Z;235195
Key Down;S;235387
Key Up;S;236074
Key Down;Z;236315
Key Up;Q;236379
Key Up;Z;236427
Key Down;D;240186
Key Down;Z;240539
Key Up;D;240635
Key Down;D;240755
Key Up;Z;240771
Key Down;Z;240947
Key Up;D;241003
Key Down;Q;241298
Key Up;Z;241450
Key Up;Q;241458
Key Down;S;247787
Key Down;Q;249187
Key Up;Q;249298
Key Down;D;250627
Key Up;S;251587
Key Down;Z;252267
Key Up;Z;252443
Key Down;Tab;252915
Key Up;D;252931
Key Up;Tab;253666
Key Down;D;253674
Key Down;S;254267
Key Up;D;254635
Key Down;D;255570
Key Up;D;255954
Key Down;A;256386
Key Up;A;256506
Key Down;Q;257011
Key Up;Q;257667
Key Down;D;257699
Key Up;S;258387
Key Up;D;261283
Key Down;Tab;261715
Key Up;Tab;264723
Key Down;D;265586
Key Down;S;265650
Key Up;S;265747
Key Down;S;266730
Key Up;D;267139
Key Down;D;267507
Key Up;D;267659
Key Down;Q;267874
Key Up;Q;268035
Key Down;D;268123
Key Up;D;268435
Key Down;Q;268450
Key Up;Q;268531
Key Down;D;268651
Key Up;S;268771
Key Down;A;269051
Key Up;A;269170
Key Up;D;270291
Key Down;Q;270306
Key Down;Z;270723
Key Up;Q;270747
Key Down;D;270834
Key Up;D;270899
Key Up;Z;270907
Key Down;D;271242
Key Up;D;271459
Key Down;E;271651
Key Up;E;271739
Key Down;A;271987
Key Up;A;272042
Key Down;Q;272490
Key Down;Z;272698
Key Up;Q;272810
Key Down;D;273091
Key Up;Z;273835
Key Down;A;274682
Key Up;A;274787
Key Down;S;274922
Key Up;D;275043
Key Down;D;275698
Key Up;S;275843
Key Up;D;275907
Key Down;D;276634
Key Down;Z;276699
Key Up;Z;276819
Key Up;D;277579
Key Down;Q;277795
Key Up;Q;277875
Key Down;Q;277987
Key Down;Verrouillage des majuscules;278979
Key Up;Verrouillage des majuscules;279306
Key Up;Q;279547
Key Down;Q;279674
Key Up;Q;280090
Key Down;Tab;280299
Key Up;Tab;281539
Key Down;S;282339
Key Down;A;283219
Key Up;A;283354
Key Down;Q;284834
Key Up;Q;285331
Key Down;D;286283
Key Up;D;286738
Key Down;D;288010
Key Up;S;288043
Key Down;Z;288779
Key Up;Z;288851
Key Up;D;289595
Key Down;D;290139
Key Down;S;290234
Key Up;S;291115
Key Down;Z;292210
Key Up;D;293379
Key Down;A;294355
Key Up;Z;294371
Key Up;A;294395
Key Down;S;294547
Key Down;Q;295171
Key Up;S;296123
Key Down;S;296635
Key Up;S;296931
Key Down;Z;298242
Key Up;Q;298387
Key Down;D;298467
Key Up;Z;298563
Key Up;D;298675
Key Down;D;301763
Key Down;Z;301930
Key Up;D;302043
Key Up;Z;302099
Key Down;Q;302298
Key Down;Z;302715
Key Up;Z;302875
Key Down;S;303387
Key Up;S;303538
Key Down;Z;304106
Key Up;Q;304258
Key Down;D;305219
Key Up;D;305331
Key Down;D;305659
Key Up;D;306106
Key Up;Z;306683
Key Down;A;306858
Key Up;A;307026
Key Down;Tab;307467
Key Up;Tab;312010
Key Down;Z;312618
Key Up;Z;313826
Key Down;E;314043
Key Up;E;314146
Key Down;S;315450
Key Up;S;315547
Key Down;E;318155
Key Up;E;318306
Key Down;Tab;319163
Key Up;Tab;321394
Key Down;Z;321962
Key Down;Q;323042
Key Up;Z;323626
Key Down;Z;324090
Key Up;Q;324210
Key Up;Z;324339
Key Down;D;325458
Key Down;Z;326538
Key Up;D;326658
Key Down;Q;326931
Key Up;Z;327083
Key Up;Q;327259
Key Down;E;331714
Key Up;E;331843
Key Down;S;332002
Key Down;D;332115
Key Up;D;332482
Key Down;Q;332779
Key Up;Q;332939
Key Up;S;333051
Key Down;Tab;333506
Key Up;Tab;336779
Key Down;D;337835
Key Down;Z;337922
Key Up;D;338011
Key Up;Z;338458
Key Down;Z;340259
Key Up;Z;342938
Key Down;Q;351778
Key Down;Z;351835
Key Up;Z;354747
Key Down;Z;355378
Key Up;Q;356778
Key Up;Z;357019
Key Down;Z;357819
Key Down;D;357859
Key Up;D;357986
Key Up;Z;358931
Key Down;S;359107
Key Down;D;360363
Key Up;D;360890
Key Down;D;361322
Key Up;D;361739
Key Down;Q;361835
Key Up;S;362010
Key Up;Q;362083
Key Down;D;362179
Key Down;Z;362226
Key Up;Z;362482
Key Down;S;362610
Key Up;D;362635
Key Down;D;362778
Key Up;S;363090
Key Up;D;363339
Key Down;Q;363362
Key Up;Q;363898
Key Down;D;363906
Key Down;Z;364435
Key Up;Z;364618
Key Down;S;364890
Key Up;S;365130
Key Down;Z;366202
Key Up;Z;366482
Key Down;Z;367474
Key Up;Z;367642
Key Down;Z;367986
Key Up;Z;368122
Key Up;D;368347
Key Down;Q;368426
Key Down;D;369218
Key Up;Q;369242
Key Down;Z;369867
Key Up;D;370131
Key Down;Q;370139
Key Up;Q;370314
Key Down;D;370466
Key Up;D;370890
Key Up;Z;371659
Key Down;S;371875
Key Down;Q;372459
Key Up;S;372515
Key Down;Z;372667
Key Up;Q;372699
Key Down;Q;372882
Key Up;Z;372914
Key Down;Z;372946
Key Up;Q;373075
Key Down;D;373155
Key Up;D;373514
Key Down;D;373770
Key Up;D;373970
Key Down;Q;374746
Key Up;Z;375891
Key Down;S;377994
Key Up;Q;378402
Key Down;Q;378530
Key Up;S;379123
Key Down;S;379402
Key Up;Q;379891
Key Down;A;380010
Key Up;A;380090
Key Down;Q;380243
Key Up;Q;380619
Key Down;Q;380803
Key Up;S;380826
Key Down;Z;381002
Key Up;Z;381226
Key Up;Q;381314
Key Down;D;381346
Key Down;Z;381603
Key Up;D;381658
Key Down;Q;381827
Key Up;Q;381915
Key Up;Z;382283
Key Down;S;383691
Key Up;S;383923
Key Down;D;383963
Key Down;Z;384059
Key Up;Z;384338
Key Down;S;384450
Key Up;S;384699
Key Down;S;387514
Key Down;Q;388202
Key Up;S;388251
Key Up;D;388282
Key Down;D;388426
Key Down;Z;388458
Key Up;Q;388498
Key Up;Z;388587
Key Down;Q;388842
Key Down;Z;388923
Key Up;D;388971
Key Up;Z;389050
Key Up;Q;389067
Key Down;D;389107
Key Down;S;389274
Key Down;Q;389978
Key Up;D;390026
Key Up;S;390115
Key Down;S;390290
Key Up;S;391099
Key Down;D;392218
Key Up;D;392594
Key Up;Q;392714
Key Down;Z;392738
Key Down;Q;393067
Key Up;Z;393139
Key Down;Z;393474
Key Up;Q;394202
Key Down;D;394866
Key Up;Z;395874
Key Down;S;397251
Key Up;S;397379
Key Down;Z;397498
Key Up;D;397586
Key Up;Z;397843
Key Down;S;398050
Key Down;D;398418
Key Up;S;398682
Key Down;S;399035
Key Up;D;399530
Key Down;Q;400114
Key Up;S;401547
Key Down;D;402218
Key Up;Q;402250
Key Down;Q;402411
Key Up;D;402434
Key Up;Q;402746
Key Down;Q;402851
Key Down;Z;404034
Key Up;Z;404450
Key Up;Q;404642
Key Down;Q;405066
Key Down;Z;405570
Key Up;Q;405938
Key Up;Z;406227
Key Down;D;406386
Key Down;Z;406802
Key Up;Z;407202
Key Down;Z;407498
Key Up;Z;407610
Key Down;S;408122
Key Up;D;408578
Key Up;S;408835
Key Down;A;409147
Key Up;A;409226
Key Down;S;409378
Key Down;Q;409522
Key Up;S;410010
Key Down;Z;410138
Key Up;Q;410162
Key Down;D;410267
Key Up;D;410450
Key Down;D;411682
Key Up;Z;411706
Key Down;S;412010
Key Up;S;412642
Key Down;Z;412898
Key Down;Q;415914
Key Up;D;415971
Key Up;Z;417011
Key Down;S;418458
Key Up;S;419251
Key Down;S;420586
Key Up;S;420739
Key Down;S;421315
Key Up;Q;421682
Key Down;D;422634
Key Up;S;422666
Key Down;S;422883
Key Up;D;423066
Key Down;D;424242
Key Up;S;424971
Key Down;S;425595
Key Up;S;426467
Key Up;D;426963
Key Down;Q;430642
Key Down;Z;431378
Key Up;Q;431770
Key Down;D;431987
Key Up;D;432827
Key Down;D;433138
Key Up;D;433562
Key Down;Q;433571
Key Up;Z;433818
Key Down;S;434026
Key Up;Q;434218
Key Down;D;434258
Key Up;S;434467
Key Up;D;434626
Key Down;E;436530
Key Up;E;436635
Key Down;S;436890
Key Up;S;437658
Key Down;A;440322
Key Up;A;440466
Key Down;S;440866
Key Up;S;441347
Key Down;Tab;441858
Key Up;Tab;443803
Key Down;Z;444642
Key Up;Z;445842
Key Down;E;445954
Key Up;E;446042
Key Down;E;449066
Key Up;E;449162
Key Down;S;449562
Key Up;S;449874
Key Down;A;452250
Key Up;A;452379
Key Down;Tab;454490
Key Up;Tab;456874
Key Down;Z;457954
Key Up;Z;458354
Key Down;Z;458922
Key Up;Z;459138
Key Down;Z;459802
Key Up;Z;460034
Key Down;S;460610
Key Up;S;460827
Key Down;Q;461226
Key Down;S;461610
Key Up;S;461827
Key Down;Z;462458
Key Up;Z;462690
Key Up;Q;463538
Key Down;D;463571
Key Down;Z;465602
Key Up;D;465722
Key Down;D;466306
Key Up;D;466458
Key Up;Z;466763
Key Down;S;475594
Key Down;Q;476547
Key Up;S;476690
Key Down;S;477098
Key Up;S;477235
Key Down;S;477706
Key Up;S;477874
Key Down;S;479498
Key Up;Q;479586
Key Up;S;479635
Key Down;D;479826
Key Down;S;480426
Key Up;D;480546
Key Down;D;480754
Key Up;D;480938
Key Up;S;481194
Key Down;A;484321
Key Up;A;484426
Key Down;Z;484666
Key Up;Z;485082
Key Down;Z;485434
Key Down;Q;485658
Key Up;Z;485666
Key Up;Q;485714
Key Down;S;485834
Key Up;S;486002
Key Down;D;486218
Key Down;S;486250
Key Up;D;486274
Key Down;Q;487034
Key Up;Q;487962
Key Down;A;488138
Key Up;A;488258
Key Down;D;488427
Key Up;S;488658
Key Down;Z;488818
Key Up;D;488954
Key Up;Z;489170
Key Down;Q;489634
Key Up;Q;491714
Key Down;Z;491810
Key Up;Z;491978
Key Down;D;492178
Key Up;D;492218
Key Down;Z;496394
Key Up;Z;496490
Key Down;Z;498442
Key Up;Z;498842
Key Down;Z;500154
Key Down;D;500266
Key Up;Z;500570
Key Down;Z;501170
Key Up;Z;501705
Key Up;D;501818
Key Down;Z;502138
Key Down;D;502354
Key Up;D;502466
Key Down;Q;503178
Key Up;Z;504130
Key Down;Z;504378
Key Up;Q;505058
Key Down;D;505457
Key Up;D;505554
Key Down;Q;505666
Key Up;Q;505786
Key Down;D;505954
Key Up;D;506130
Key Down;D;506274
Key Up;D;506522
Key Down;Q;506602
Key Up;Q;506730
Key Down;D;506810
Key Up;Z;507002
Key Down;S;507330
Key Up;S;507522
Key Down;Z;507698
Key Up;D;508010
Key Down;Q;508170
Key Up;Z;508426
Key Up;Q;508666
Key Down;Q;509114
Key Up;Q;509410
Key Down;S;509458
Key Up;S;509514
Key Down;D;509586
Key Down;S;509602
Key Up;D;509682
Key Up;S;509746
Key Down;D;509786
Key Down;S;510378
Key Up;D;510618
Key Down;D;510650
Key Up;D;510858
Key Down;D;511138
Key Up;D;511274
Key Up;S;511346
Key Down;D;511418
Key Down;Z;511482
Key Up;D;512050
Key Down;Q;512226
Key Up;Z;512322
Key Down;Z;512706
Key Up;Z;513249
Key Up;Q;514786
Key Down;S;515370
Key Down;Q;515866
Key Up;Q;515937
Key Down;D;516282
Key Up;D;516386
Key Down;D;516506
Key Up;S;517346
Key Down;S;517586
Key Up;D;517738
Key Down;Q;517906
Key Up;Q;518290
Key Up;S;518418
Key Down;D;519002
Key Up;D;519146
Key Down;Z;519770
Key Up;Z;519946
Key Down;E;520002
Key Up;E;520090
Key Down;Z;520586
Key Up;Z;521122
Key Down;Z;525402
Key Down;D;525498
Key Down;A;525786
Key Up;Z;525850
Key Up;A;525890
Key Down;Z;526250
Key Up;Z;526362
Key Up;D;526378
Key Down;Tab;526618
Key Up;Tab;527490
Key Down;D;527538
Key Down;Z;527594
Key Up;Z;527906
Key Down;Z;528994
Key Up;D;530282
Key Up;Z;530466
Key Down;S;530682
Key Down;Q;530825
Key Up;S;531210
Key Down;Z;531962
Key Up;Q;532010
Key Up;Z;532177
Key Down;S;533098
Key Down;Q;533569
Key Up;S;534266
Key Down;Z;535769
Key Up;Q;536130
Key Up;Z;536762
Key Down;S;537010
Key Down;D;537818
Key Up;S;537994
Key Down;Tab;538313
Key Up;D;538338
Key Up;Tab;539402
Key Down;D;539873
Key Down;S;539993
Key Up;D;540258
Key Up;S;542146
Key Down;Z;543137
Key Down;Q;543266
Key Up;Q;543385
Key Up;Z;544122
Key Down;Tab;544274
Key Up;Tab;545194
Key Down;Z;545337
Key Down;Q;545482
Key Up;Z;545714
Key Down;S;546617
Key Up;S;546682
Key Down;Z;548282
Key Up;Q;548681
Key Down;A;549873
Key Up;A;550010
Key Up;Z;550690
Key Down;Z;551177
Key Down;Q;551306
Key Up;Z;551674
Key Down;Z;551994
Key Up;Q;552330
Key Down;Q;553146
Key Up;Z;553666
Key Down;Z;553866
Key Up;Q;553946
Key Up;Z;554130
Key Down;S;555770
Key Down;D;555858
Key Up;S;556089
Key Down;Z;556258
Key Up;Z;556474
Key Down;S;558473
Key Up;S;558770
Key Down;Z;559033
Key Up;D;559698
Key Down;A;559809
Key Up;A;559946
Key Up;Z;559994
Key Down;S;560602
Key Down;Q;560754
Key Up;S;561098
Key Down;Z;561274
Key Up;Q;561346
Key Up;Z;562602
Key Down;A;562610
Key Up;A;562722
Key Down;Q;563209
Key Down;S;564433
Key Up;Q;564490
Key Down;Q;564506
Key Up;S;564898
Key Up;Q;565177
Key Down;S;565193
Key Down;D;565314
Key Up;D;565554
Key Up;S;565818
Key Down;Q;566330
Key Up;Q;566697
Key Down;Q;567362
Key Down;Z;567394
Key Up;Q;567562
Key Up;Z;567746
Key Down;D;568290
Key Down;S;568649
Key Up;D;568986
Key Down;Q;569201
Key Up;S;569546
Key Down;Z;570138
Key Up;Q;570537
Key Down;D;571002
Key Up;D;571481
Key Down;D;571681
Key Up;Z;571722
Key Up;D;571818
Key Down;A;571962
Key Up;A;572073
Key Down;Z;573578
Key Down;D;573586
Key Up;D;574138
Key Up;Z;574298
Key Down;S;574882
Key Up;S;575250
Key Down;Z;575441
Key Down;D;576594
Key Up;D;576674
Key Down;D;578185
Key Up;D;578401
Key Down;D;578697
Key Up;Z;578793
Key Up;D;578825
Key Down;Q;579641
Key Down;S;579961
Key Up;Q;580034
Key Down;D;580218
Key Up;S;580442
Key Up;D;580522
Key Down;Q;581114
Key Down;Z;581258
Key Up;Q;581321
Key Up;Z;581817
Key Down;A;582193
Key Up;A;582305
Key Down;D;583234
Key Up;D;583578
Key Down;S;584473
Key Up;S;584642
Key Down;D;584658
Key Down;Z;585322
Key Up;Z;586114
Key Down;Z;587642
Key Up;D;587938
Key Down;D;588162
Key Up;Z;588354
Key Down;Z;589330
Key Up;D;589425
Key Up;Z;589434
Key Down;Q;589562
Key Down;Z;589786
Key Up;Q;589866
Key Up;Z;590281
Key Down;D;590713
Key Up;D;590770
Key Down;Z;591506
Key Down;D;591585
Key Up;Z;591617
Key Up;D;591705
Key Down;D;592162
Key Up;D;592201
Key Down;Z;596738
Key Up;Z;597282
Key Down;S;598353
Key Up;S;599058
Key Down;Z;600426
Key Up;Z;600610
Key Down;D;600826
Key Up;D;600898
Key Down;D;602385
Key Up;D;602898
Key Down;S;603849
Key Up;S;603922
Key Down;D;604218
Key Up;D;604314
Key Down;D;605882
Key Down;Z;606593
Key Up;D;606778
Key Down;D;607370
Key Up;Z;607609
Key Up;D;607753
Key Down;A;607809
Key Up;A;607913
Key Down;D;608314
Key Up;D;608938
Key Down;D;610426
Key Up;D;610930
Key Down;Z;611066
Key Up;Z;611161
Key Down;E;611442
Key Up;E;611529
Key Down;S;613074
Key Up;S;613146
Key Down;E;618450
Key Up;E;618602
Key Down;Q;618825
Key Down;S;619250
Key Up;S;619417
Key Down;S;620321
Key Up;Q;620353
Key Up;S;621145
Key Down;Tab;621633
Key Up;Tab;623089
Key Down;Tab;623401
Key Up;Tab;624866
Key Down;D;625897
Key Down;S;625905
Key Up;D;627082
Key Down;D;628034
Key Up;S;628242
Key Down;Z;628514
Key Up;Z;628817
Key Down;S;629346
Key Up;S;629417
Key Up;D;630273
Key Down;D;631050
Key Up;D;631337
Key Down;S;631666
Key Down;D;632137
Key Up;S;632665
Key Up;D;632858
Key Down;Q;633177
Key Down;Z;633290
Key Up;Q;633625
Key Up;Z;633914
Key Down;Z;634345
Key Down;D;635081
Key Up;Z;635138
Key Up;D;635433
Key Down;S;637050
Key Down;Q;637594
Key Up;Q;637729
Key Up;S;638049
Key Down;S;639098
Key Up;S;639202
Key Down;S;640465
Key Up;S;640538
Key Down;D;640546
Key Up;D;640618
Key Down;Q;643378
Key Down;Z;643434
Key Up;Q;643554
Key Up;Z;643826
Key Down;Z;645137
Key Up;Z;645297
Key Down;D;645586
Key Down;Z;645689
Key Up;Z;645905
Key Down;S;646321
Key Up;S;646490
Key Up;D;646634
Key Down;S;646841
Key Down;D;647817
Key Up;S;647962
Key Up;D;648105
Key Down;A;648137
Key Up;A;648266
Key Down;D;648922
Key Up;D;649002
Key Down;Q;649362
Key Down;Z;649690
Key Up;Q;649721
Key Down;D;650346
Key Up;Z;650642
Key Down;S;651050
Key Up;D;651121
Key Down;D;651314
Key Up;S;652217
Key Down;Z;652602
Key Up;D;652690
Key Down;Q;653010
Key Up;Q;653289
Key Down;Q;653442
Key Up;Z;653538
Key Down;S;653801
Key Up;Q;654122
Key Down;A;654258
Key Up;A;654345
Key Down;Q;654698
Key Up;S;654849
Key Down;S;654905
Key Up;S;655233
Key Down;Z;655777
Key Up;Q;656097
Key Down;D;656361
Key Up;Z;656721
Key Down;S;657066
Key Up;S;657593
Key Up;D;658265
Key Down;Z;658745
Key Down;D;658810
Key Up;D;659017
Key Down;D;659346
Key Up;D;659410
Key Up;Z;659434
Key Down;A;659578
Key Up;A;659705
Key Down;S;660306
Key Up;S;660450
Key Down;D;660914
Key Down;S;662169
Key Up;D;662209
Key Up;S;662217
Key Down;D;663090
Key Up;D;663826
Key Down;D;665266
Key Up;D;665466
Key Down;A;668746
Key Up;A;668850
Key Down;D;672553
Key Down;S;672874
Key Up;S;673042
Key Up;D;673537
Key Down;D;674386
Key Up;D;674426
Key Down;D;674921
Key Up;D;675441
Key Down;D;675810
Key Up;D;675858
Key Down;D;677306
Key Down;Z;677609
Key Up;Z;677793
Key Up;D;678666
Key Down;A;678690
Key Up;A;678778
Key Down;D;679033
Key Up;D;679553
Key Down;D;680377
Key Down;S;680649
Key Up;S;680801
Key Up;D;680841
Key Down;Q;680985
Key Down;Z;681498
Key Up;Z;681602
Key Up;Q;681697
Key Down;D;681801
Key Down;Z;682169
Key Up;D;682361
Key Down;A;682546
Key Up;A;682666
Key Down;D;682738
Key Up;D;682834
Key Down;Q;683049
Key Up;Q;683217
Key Up;Z;683858
Key Down;Z;684058
Key Up;Z;684713
Key Down;Q;684721
Key Up;Q;684809
Key Down;D;684969
Key Down;S;685001
Key Up;S;685266
Key Up;D;685753
Key Down;Q;685833
Key Up;Q;685889
Key Down;Q;686209
Key Up;Q;687105
Key Down;S;687489
Key Down;D;687497
Key Up;S;687625
Key Down;A;688033
Key Up;D;688106
Key Up;A;688170
Key Down;D;688186
Key Up;D;688242
Key Down;Z;688250
Key Down;Q;688769
Key Up;Q;688985
Key Up;Z;689017
Key Down;D;689049
Key Up;D;689129
Key Down;S;689185
Key Down;Q;689225
Key Up;Q;689417
Key Down;D;689554
Key Up;S;689929
Key Up;D;689945
Key Down;S;690497
Key Down;Q;690737
Key Up;Q;690841
Key Down;Q;691018
Key Up;S;691026
Key Down;Z;691193
Key Up;Q;691321
Key Down;D;691466
Key Up;Z;691745
Key Up;D;691753
Key Down;Z;692633
Key Down;A;692962
Key Up;Z;692970
Key Up;A;693041
Key Down;E;693545
Key Up;E;693633
Key Down;D;693985
Key Up;D;694057
Key Down;E;694274
Key Up;E;694337
Key Down;D;694889
Key Down;Z;694993
Key Up;D;695257
Key Down;Q;696233
Key Up;Z;696450
Key Down;S;696905
Key Up;S;697441
Key Up;Q;698225
Key Down;Z;699329
Key Down;Q;699562
Key Up;Z;699834
Key Down;Z;700609
Key Up;Z;700778
Key Down;S;701961
Key Up;Q;702746
Key Down;A;703050
Key Up;A;703153
Key Down;D;703417
Key Up;D;703529
Key Down;D;704249
Key Up;D;704513
Key Down;Q;704641
Key Up;S;704722
Key Down;Z;704953
Key Up;Q;705090
Key Up;Z;705370
Key Down;Z;705490
Key Up;Z;705601
Key Down;Z;705858
Key Up;Z;706273
Key Down;Z;706306
Key Down;D;706393
Key Up;Z;706602
Key Up;D;706897
Key Down;Q;709242
Key Down;Z;709346
Key Up;Q;709625
Key Up;Z;709778
Key Down;Z;710073
Key Up;Z;710385
Key Down;A;711041
Key Up;A;711129
Key Down;S;712921
Key Down;D;713257
Key Up;D;713489
Key Down;Q;713681
Key Up;S;713937
Key Up;Q;714809
Key Down;Q;716105
Key Down;S;716306
Key Up;S;716585
Key Down;Z;717018
Key Up;Z;717290
Key Up;Q;717753
Key Down;A;717929
Key Up;A;718034
Key Down;Q;718226
Key Up;Q;719017
Key Down;Q;719601
Key Down;Z;720449
Key Up;Q;720561
Key Up;Z;720857
Key Down;E;720930
Key Up;E;721009
Key Down;Q;723385
Key Up;Q;723458
Key Down;Z;723833
Key Up;Z;724306
Key Down;E;724697
Key Up;E;724801
Key Down;S;739530
Key Down;D;739714
Key Up;D;739833
Key Down;Q;740361
Key Up;S;740569
Key Down;Z;741314
Key Up;Q;741417
Key Down;A;741682
Key Up;A;741825
Key Up;Z;742897
Key Down;S;743089
Key Down;D;743097
Key Up;D;743321
Key Up;S;744201
Key Down;Tab;744234
Key Up;Tab;746329
Key Down;Q;747209
Key Down;S;747721
Key Up;Q;748729
Key Up;S;749345
Key Down;S;752250
Key Down;Q;752409
Key Up;S;752609
Key Down;Z;752841
Key Up;Z;753042
Key Up;Q;754761
Key Down;Q;755610
Key Up;Q;755978
Key Down;Q;756929
Key Up;Q;757081
Key Down;S;758178
Key Up;S;758297
Key Down;Z;758898
Key Up;Z;759041
Key Down;Z;759361
Key Up;Z;759521
Key Down;Z;760345
Key Up;Z;760569
Key Down;E;761185
Key Up;E;761306
Key Down;Q;764273
Key Up;Q;764345
Key Down;S;764641
Key Up;S;764946
Key Down;Q;766610
Key Down;S;766969
Key Up;Q;767249
Key Down;Q;768281
Key Up;S;768385
Key Up;Q;769113
Key Down;Q;769545
Key Down;Z;769697
Key Up;Q;770049
Key Down;D;771346
Key Up;D;771466
Key Up;Z;771569
Key Down;S;771873
Key Down;Tab;772841
Key Up;S;772945
Key Up;Tab;773977
Key Down;Z;774849
Key Down;A;775985
Key Up;A;776129
Key Down;Q;776329
Key Up;Z;776833
Key Down;S;777169
Key Up;S;777393
Key Down;Z;777905
Key Up;Z;778017
Key Up;Q;778161
Key Down;Q;778361
Key Up;Q;779313
Key Down;Q;781937
Key Up;Q;782705
Key Down;Q;787257
Key Down;S;788049
Key Up;Q;789401
Key Down;Q;789569
Key Up;S;789769
Key Down;Z;790497
Key Up;Q;790513
Key Down;A;790657
Key Up;A;790769
Key Up;Z;790825
Key Down;D;791169
Key Down;Z;792321
Key Up;D;792401
Key Down;D;792657
Key Up;D;792969
Key Down;Q;793177
Key Up;Q;793281
Key Up;Z;793569
Key Down;S;794185
Key Down;D;794409
Key Up;S;794521
Key Down;S;794705
Key Up;D;794993
Key Down;Q;795305
Key Up;S;795449
Key Down;Z;795849
Key Up;Z;796449
Key Down;S;797113
Key Up;Q;797249
Key Up;S;797393
Key Down;Z;797705
Key Up;Z;797873
Key Down;D;798129
Key Down;Z;798793
Key Up;D;799881
Key Down;Q;800161
Key Up;Z;800465
Key Down;S;800937
Key Up;Q;801737
Key Down;D;802321
Key Up;S;802681
Key Down;Z;803145
Key Up;D;803265
Key Down;Q;803273
Key Up;Z;804233
Key Down;S;804401
Key Up;S;805177
Key Down;Z;807793
Key Up;Q;808313
Key Down;D;808529
Key Up;Z;808825
Key Down;A;809145
Key Up;A;809241
Key Down;S;810313
Key Up;D;810529
Key Down;Q;810625
Key Up;S;810817
Key Down;Z;811217
Key Up;Q;811329
Key Down;D;811801
Key Down;A;811873
Key Up;A;811993
Key Up;Z;812057
Key Down;S;812729
Key Up;D;812929
Key Down;D;813281
Key Up;S;814265
Key Down;A;815113
Key Up;A;815208
Key Down;Z;815361
Key Up;Z;815537
Key Down;Z;815993
Key Up;Z;816201
Key Down;Z;816529
Key Up;D;816745
Key Down;Q;816945
Key Up;Z;817865
Key Down;S;818193
Key Up;Q;818633
Key Down;D;818697
Key Up;S;818809
Key Down;A;818825
Key Up;A;818961
Key Down;Z;819097
Key Up;D;819337
Key Down;Q;819841
Key Up;Z;820312
Key Down;S;822328
Key Up;S;823072
Key Up;Q;823425
Key Down;Z;824929
Key Down;D;825481
Key Up;Z;826209
Key Down;S;826769
Key Up;D;826905
Key Down;A;826969
Key Up;A;827112
Key Down;Q;827505
Key Up;S;829681
Key Down;Z;829817
Key Up;Z;830025
Key Down;S;830145
Key Up;Q;830153
Key Down;D;830409
Key Up;S;830561
Key Down;A;830569
Key Up;A;830681
Key Down;Z;831072
Key Up;D;831129
Key Down;Q;831209
Key Up;Z;831225
Key Down;Z;831393
Key Up;Q;831593
Key Up;Z;831681
Key Down;Z;832585
Key Down;Q;832841
Key Up;Z;833481
Key Up;Q;833633
Key Down;D;834161
Key Down;S;834289
Key Up;D;834321
Key Down;Q;834537
Key Up;S;834961
Key Up;Q;835128
Key Down;S;835289
Key Down;D;835297
Key Up;S;835329
Key Down;S;835512
Key Up;S;835641
Key Up;D;835801
Key Down;Q;836249
Key Down;Z;836305
Key Up;Q;836689
Key Up;Z;836705
Key Down;D;839129
Key Down;S;839560
Key Up;S;841816
Key Down;S;842153
Key Up;S;842393
Key Up;D;842641
Key Down;Q;842953
Key Down;Z;843080
Key Up;Q;843153
Key Up;Z;843393
Key Down;E;843505
Key Up;E;843609
Key Down;Q;843833
Key Down;Z;843881
Key Up;Q;844024
Key Up;Z;844113
Key Down;D;844280
Key Down;S;844377
Key Up;S;844705
Key Up;D;844729
Key Down;E;844896
Key Up;E;844985
Key Down;Z;845129
Key Down;Q;845785
Key Up;Q;846233
Key Up;Z;846249
Key Down;D;846265
Key Down;S;846480
Key Up;D;846801
Key Down;Q;846881
Key Up;S;847169
Key Down;D;847441
Key Up;Q;847480
Key Down;Z;847777
Key Up;D;848137
Key Up;Z;848305
Key Down;E;848329
Key Up;E;848424
Key Down;D;849369
Key Up;D;849553
Key Down;Q;849752
Key Up;Q;849873
Key Down;Q;850017
Key Up;Q;850097
Key Down;E;850417
Key Up;E;850497
Key Down;Q;850569
Key Down;Z;851769
Key Up;Z;851953
Key Up;Q;852233
Key Down;A;852409
Key Up;A;852552
Key Down;Q;852745
Key Down;S;853601
Key Up;S;853688
Key Down;S;854329
Key Up;S;854416
Key Up;Q;855144
Key Down;D;855617
Key Up;D;855816
Key Down;Q;855985
Key Up;Q;856513
Key Down;Z;856961
Key Up;Z;857696
Key Down;S;857977
Key Down;Q;858336
Key Up;Q;858505
Key Up;S;858593
Key Down;A;858777
Key Up;A;858865
Key Down;Z;859441
Key Down;D;859465
Key Up;D;859577
Key Down;Q;859681
Key Up;Q;859897
Key Up;Z;859929
Key Down;A;860961
Key Up;A;861041
Key Down;S;861953
Key Down;Q;862481
Key Up;S;864873
Key Up;Q;865025
Key Down;A;865176
Key Up;A;865288
Key Down;D;865673
Key Down;Z;866321
Key Up;Z;866505
Key Up;D;867137
Key Down;Q;867592
Key Down;S;867608
Key Up;S;867753
Key Up;Q;868225
Key Down;A;868489
Key Up;A;868593
Key Down;D;868601
Key Up;D;869033
Key Down;Q;869713
Key Up;Q;870305
Key Down;D;870729
Key Up;D;871065
Key Down;A;872512
Key Up;A;872593
Key Down;Q;873057
Key Up;Q;873640
Key Down;D;873889
Key Down;Z;874369
Key Up;D;874497
Key Up;Z;874640
Key Down;E;874736
Key Up;E;874817
Key Down;D;875817
Key Up;D;875937
Key Down;Q;876241
Key Up;Q;876280
Key Down;E;884488
Key Up;E;884577
Key Down;S;885473
Key Up;S;885609
Key Down;Q;885905
Key Up;Q;886017
Key Down;E;886369
Key Up;E;886432
Key Down;D;886920
Key Down;Z;887008
Key Up;Z;887192
Key Up;D;887241
Key Down;Espace;887345
Key Up;Espace;887505
Key Down;Q;888057
Key Up;Q;888120
Key Down;D;892505
Key Up;D;892584
Key Down;E;892856
Key Up;E;892921
Key Down;Q;893265
Key Down;S;893377
Key Up;S;893521
Key Up;Q;893529
Key Down;Q;894272
Key Down;Z;894353
Key Up;Q;894393
Key Up;Z;894553
Key Down;E;894985
Key Up;E;895080
Key Down;Q;895433
Key Down;S;895864
Key Up;Q;896313
Key Up;S;896368
Key Down;D;897049
Key Up;D;897193
Key Down;Z;897457
Key Up;Z;897537
Key Down;D;897545
Key Down;Tab;897729
Key Up;D;897760
Key Up;Tab;907449
Key Down;S;908160
Key Down;Q;908441
Key Up;Q;909697
Key Down;Q;910248
Key Up;S;910929
Key Down;Z;911368
Key Up;Z;911425
Key Down;Z;912609
Key Up;Z;912737
Key Up;Q;913048
Key Down;Q;913512
Key Up;Q;913593
Key Down;E;914072
Key Up;E;914152
Key Down;D;914553
Key Down;S;915353
Key Up;S;915537
Key Down;Z;917008
Key Up;D;917192
Key Down;Q;918425
Key Up;Q;918561
Key Down;D;918977
Key Up;D;919016
Key Down;Q;919656
Key Up;Z;919832
Key Up;Q;919961
Key Down;Tab;920129
Key Up;Tab;920176
Key Down;Tab;920505
Key Up;Tab;920585
Key Down;D;920953
Key Down;S;921105
Key Up;D;922176
Key Up;S;922632
Key Down;E;922761
Key Up;E;922840
Key Down;Q;924032
Key Down;S;924776
Key Up;Q;924920
Key Down;D;925241
Key Up;D;925360
Key Up;S;925504
Key Down;D;928712
Key Down;S;928808
Key Up;D;928840
Key Down;Q;929017
Key Up;Q;929128
Key Down;D;930153
Key Up;D;930641
Key Up;S;930912
Key Down;Z;931041
Key Down;Q;931417
Key Up;Z;932009
Key Down;S;933456
Key Up;Q;933712
Key Down;Q;934016
Key Up;Q;934080
Key Down;D;934688
Key Up;S;934968
Key Up;D;935144
Key Down;A;935673
Key Up;A;935744
Key Down;S;936600
Key Down;Q;936800
Key Up;Q;937200
Key Up;S;937384
Key Down;A;938041
Key Up;A;938137
Key Down;Z;939737
Key Up;Z;939849
Key Down;Z;943544
Key Up;Z;943633
Key Down;E;948249
Key Up;E;948344
Key Down;Z;948624
Key Down;D;948656
Key Up;D;949001
Key Down;Q;951129
Key Up;Q;951161
Key Up;Z;951264
Key Down;S;951529
Key Down;Q;951569
Key Up;S;951848
Key Up;Q;953704
Key Down;Q;954184
Key Down;Z;954216
Key Up;Q;954328
Key Up;Z;954824
Key Down;D;955040
Key Up;D;955265
Key Down;Q;955305
Key Up;Q;955521
Key Down;D;955664
Key Down;S;955825
Key Up;D;955904
Key Up;S;955984
Key Down;A;959737
Key Up;A;959833
Key Down;A;962449
Key Up;A;962512
Key Down;D;963760
Key Down;S;963976
Key Up;S;964225
Key Up;D;965616
Key Down;A;967393
Key Up;A;967488
Key Down;Z;967848
Key Down;D;968049
Key Up;D;968184
Key Down;Q;969064
Key Up;Z;969608
Key Down;Z;970688
Key Up;Q;970720
Key Up;Z;971841
Key Down;Q;971857
Key Up;Q;972449
Key Down;S;972929
Key Up;S;973104
Key Down;Z;974041
Key Up;Z;974257
Key Down;Z;974585
Key Down;D;974872
Key Down;A;975112
Key Up;Z;975160
Key Up;A;975201
Key Down;Z;975209
Key Up;D;975528
Key Down;D;975832
Key Up;D;976032
Key Up;Z;976048
Key Down;Q;976328
Key Down;S;976481
Key Up;Q;977233
Key Up;S;977872
Key Down;Q;978592
Key Down;Z;978681
Key Up;Q;978857
Key Up;Z;979344
Key Down;S;979552
Key Down;D;979848
Key Up;D;980024
Key Up;S;980272
Key Down;A;980296
Key Up;A;980393
Key Down;D;980865
Key Up;D;981009
Key Down;S;981016
Key Down;D;981217
Key Up;S;981320
Key Down;S;981896
Key Up;S;982049
Key Down;A;982881
Key Up;A;982984
Key Down;Z;983192
Key Up;D;983416
Key Down;D;983873
Key Up;Z;984024
Key Up;D;984320
Key Down;D;985616
Key Up;D;986448
Key Down;D;986856
Key Up;D;987121
Key Down;S;988400
Key Up;S;988697
Key Down;A;989049
Key Up;A;989144
Key Down;Q;990561
Key Up;Q;990720
Key Down;S;990785
Key Down;D;990977
Key Up;S;991081
Key Down;S;991985
Key Up;S;992241
Key Down;S;992593
Key Up;S;993385
Key Down;A;993801
Key Up;D;993857
Key Up;A;993888
Key Down;A;1000768
Key Up;A;1000873
Key Down;D;1003104
Key Up;D;1003641
Key Down;Q;1007601
Key Down;S;1007768
Key Up;S;1008017
Key Up;Q;1009584
Key Down;D;1009920
Key Up;D;1010145
Key Down;A;1010209
Key Up;A;1010281
Key Down;Z;1012072
Key Down;Q;1012112
Key Up;Z;1012425
Key Up;Q;1012705
Key Down;D;1013184
Key Down;Z;1013304
Key Up;Z;1013528
Key Down;S;1015312
Key Up;D;1015352
Key Down;Q;1015449
Key Up;S;1015881
Key Down;Z;1016584
Key Up;Q;1016600
Key Down;D;1016697
Key Up;Z;1016721
Key Up;D;1016793
Key Down;D;1018392
Key Up;D;1018512
Key Down;A;1020208
Key Up;A;1020320
Key Down;Z;1020793
Key Down;D;1020881
Key Up;D;1020960
Key Up;Z;1021272
Key Down;D;1021624
Key Down;Z;1021880
Key Up;D;1022048
Key Up;Z;1022872
Key Down;Q;1023008
Key Down;S;1023233
Key Up;S;1023409
Key Down;S;1023841
Key Up;Q;1023865
Key Up;S;1023992
Key Down;Q;1024104
Key Up;Q;1024697
Key Down;Tab;1024833
Key Up;Tab;1033088
Key Down;Q;1034336
Key Down;Z;1034705
Key Up;Z;1035017
Key Up;Q;1035025
Key Down;S;1040728
Key Down;Q;1040873
Key Up;Q;1041120
Key Up;S;1041440
Key Down;Z;1041744
Key Up;Z;1042016
Key Down;D;1042032
Key Up;D;1042136
Key Down;Z;1043768
Key Down;D;1043816
Key Up;Z;1043905
Key Up;D;1043929
Key Down;Tab;1045336
Key Up;Tab;1045985
Key Down;Q;1046256
Key Up;Q;1046488
Key Down;Tab;1046656
Key Up;Tab;1048025
Key Down;D;1048960
Key Down;Z;1049024
Key Up;Z;1049929
Key Up;D;1050592
Key Down;D;1052249
Key Down;Z;1052752
Key Up;D;1053504
Key Down;D;1053840
Key Up;Z;1053872
Key Down;S;1054200
Key Up;D;1054272
Key Down;Q;1054344
Key Up;S;1054592
Key Up;Q;1054664
Key Down;Z;1061688
Key Up;Z;1061960
Key Down;Z;1063944
Key Down;Q;1064120
Key Up;Q;1064280
Key Up;Z;1064288
Key Down;Tab;1064472
Key Up;Tab;1067200
Key Down;Q;1068104
Key Down;Z;1068368
Key Up;Z;1069008
Key Up;Q;1069200
Key Down;NumPad 3;1074552
Key Up;NumPad 3;1074685
Key Down;D;1075193
Key Down;S;1075456
Key Up;D;1075568
Key Up;S;1076792
Key Down;Q;1077128
Key Down;S;1077200
Key Up;Q;1077536
Key Up;S;1077640
Key Down;D;1077736
Key Up;D;1077880
Key Down;S;1080633
Key Up;S;1081168
Key Down;S;1081536
Key Up;S;1081680
Key Down;D;1081776
Key Up;D;1081896
Key Down;E;1082144
Key Up;E;1082224
Key Down;Q;1082409
Key Up;Q;1082552
Key Down;E;1082920
Key Up;E;1082968
Key Down;Z;1083352
Key Down;D;1084296
Key Up;D;1084416
Key Down;Q;1085328
Key Up;Z;1085912
Key Up;Q;1087040
Key Down;S;1087888
Key Up;S;1088480
Key Down;Tab;1088968
Key Up;Tab;1098376
Key Down;Q;1102072
Key Down;Z;1103360
Key Up;Z;1103448
Key Down;S;1104384
Key Up;S;1105064
Key Down;S;1105976
Key Up;Q;1106232
Key Down;A;1107160
Key Up;A;1107304
Key Down;Q;1108407
Key Up;S;1108648
Key Up;Q;1109896
Key Down;Q;1110416
Key Up;Q;1110824
Key Down;Q;1113208
Key Up;Q;1114280
Key Down;Q;1123864
Key Down;S;1124384
Key Up;Q;1125304
Key Down;D;1125408
Key Up;S;1125432
Key Down;Z;1125575
Key Up;D;1126367
Key Down;Q;1126808
Key Up;Q;1128088
Key Up;Z;1128104
Key Down;S;1128264
Key Down;Q;1128368
Key Up;S;1128440
Key Down;S;1129776
Key Up;S;1131040
Key Up;Q;1131271
Key Down;S;1131624
Key Up;S;1131752
Key Down;Q;1131767
Key Down;S;1131952
Key Up;Q;1132064
Key Down;Q;1132296
Key Up;S;1132440
Key Down;Z;1133008
Key Up;Q;1133368
Key Down;D;1133655
Key Up;D;1134336
Key Down;Q;1134408
Key Up;Q;1134440
Key Down;D;1134816
Key Up;D;1134912
Key Up;Z;1134920
Key Down;Q;1134928
Key Down;S;1135048
Key Up;Q;1135080
Key Down;D;1135215
Key Up;S;1135288
Key Down;Z;1136455
Key Up;Z;1136832
Key Down;Z;1137079
Key Up;D;1137184
Key Down;Q;1137240
Key Up;Z;1137256
Key Up;Q;1137352
Key Down;D;1137608
Key Down;S;1137824
Key Up;S;1137936
Key Down;Z;1138088
Key Up;Z;1138215
Key Up;D;1138511
Key Down;Q;1138527
Key Up;Q;1138800
Key Down;D;1139648
Key Down;Z;1139696
Key Up;Z;1140064
Key Down;S;1141240
Key Up;D;1141816
Key Down;D;1141968
Key Up;D;1143288
Key Down;Q;1144048
Key Up;S;1144312
Key Down;Z;1145272
Key Up;Z;1145520
Key Down;Z;1146304
Key Up;Z;1146432
Key Down;Z;1147088
Key Up;Z;1147424
Key Down;Z;1147544
Key Up;Q;1148504
Key Down;D;1149240
Key Up;Z;1149528
Key Down;S;1150256
Key Up;D;1150400
Key Up;S;1150496
Key Down;Q;1150696
Key Down;Z;1150768
Key Up;Z;1150984
Key Up;Q;1151391
Key Down;Q;1151632
Key Down;S;1151824
Key Up;Q;1151928
Key Down;D;1152136
Key Up;D;1152352
Key Down;Q;1152424
Key Up;Q;1152480
Key Down;D;1152687
Key Up;S;1152711
Key Down;S;1152808
Key Up;S;1152952
Key Down;S;1153152
Key Up;D;1153464
Key Up;S;1153728
Key Down;S;1153792
Key Up;S;1153856
Key Down;D;1154111
Key Down;Z;1154224
Key Up;D;1154599
Key Down;D;1154744
Key Up;D;1154936
Key Down;Q;1155216
Key Up;Q;1155368
Key Up;Z;1155672
Key Down;Q;1156015
Key Down;S;1156359
Key Up;Q;1156560
Key Down;D;1156792
Key Up;S;1156832
Key Down;S;1157048
Key Up;D;1157360
Key Down;Q;1157679
Key Up;Q;1157816
Key Down;D;1157864
Key Up;D;1158232
Key Down;D;1158384
Key Up;D;1158528
Key Down;D;1158656
Key Up;S;1159416
Key Down;Z;1159695
Key Up;D;1159888
Key Down;Q;1159896
Key Down;D;1160032
Key Up;Q;1160040
Key Up;Z;1160087
Key Down;S;1160240
Key Up;S;1160503
Key Down;S;1160904
Key Up;S;1161288
Key Down;Q;1161423
Key Up;D;1161520
Key Down;Z;1161560
Key Up;Q;1161984
Key Down;D;1162056
Key Up;D;1162471
Key Down;Q;1162528
Key Up;Q;1162712
Key Down;D;1162743
Key Up;Z;1162888
Key Down;Z;1162975
Key Up;Z;1162999
Key Up;D;1163136
Key Down;Q;1163304
Key Up;Q;1163447
Key Down;D;1163584
Key Up;D;1163767
Key Down;Q;1163799
Key Up;Q;1163880
Key Down;Q;1164128
Key Down;S;1164152
Key Up;Q;1164423
Key Down;Q;1164520
Key Up;S;1164896
Key Down;D;1165024
Key Up;Q;1165063
Key Up;D;1165248
Key Down;S;1165384
Key Up;S;1165487
Key Down;D;1165495
Key Down;Z;1165656
Key Up;D;1165695
Key Down;D;1166087
Key Up;D;1167535
Key Down;D;1167600
Key Up;D;1167776
Key Down;Q;1167856
Key Up;Z;1168536
Key Down;S;1168976
Key Up;Q;1169320
Key Up;S;1169351
Key Down;D;1169375
Key Down;Z;1169503
Key Up;D;1169552
Key Up;Z;1169616
Key Down;Q;1169720
Key Up;Q;1169992
Key Down;S;1170120
Key Up;S;1170256
Key Down;D;1170448
Key Down;S;1170504
Key Up;S;1170575
Key Up;D;1170759
Key Down;Z;1170920
Key Up;Z;1171360
Key Down;Q;1171368
Key Up;Q;1171584
Key Down;S;1171711
Key Down;Q;1171719
Key Up;S;1171752
Key Down;Z;1172568
Key Up;Z;1172711
Key Down;S;1172888
Key Up;S;1173039
Key Down;S;1173432
Key Up;S;1173920
Key Down;S;1175167
Key Up;Q;1175328
Key Down;Q;1175424
Key Up;Q;1175432
Key Down;D;1175632
Key Up;S;1176048
Key Up;D;1176247
Key Down;S;1176640
Key Down;D;1176759
Key Up;D;1177399
Key Down;Q;1177527
Key Up;S;1177568
Key Down;S;1177655
Key Up;Q;1177712
Key Up;S;1177840
Key Down;Z;1177967
Key Down;D;1179032
Key Up;Z;1179376
Key Down;S;1179607
Key Up;D;1179639
Key Down;Q;1179840
Key Up;S;1179888
Key Down;Z;1180071
Key Up;Q;1180144
Key Down;D;1180591
Key Up;Z;1180607
Key Up;D;1181752
Key Down;Q;1181760
Key Down;Z;1182088
Key Up;Z;1182216
Key Up;Q;1182511
Key Down;S;1186519
Key Down;D;1186792
Key Up;S;1186800
Key Down;Z;1187016
Key Up;D;1187024
Key Down;Q;1187272
Key Up;Q;1187616
Key Up;Z;1187760
Key Down;E;1187783
Key Up;E;1187864
Key Down;D;1188112
Key Down;S;1188495
Key Up;S;1188672
Key Down;Z;1188807
Key Up;Z;1189104
Key Down;S;1189272
Key Up;D;1189375
Key Up;S;1189616
Key Down;S;1189991
Key Down;Q;1190679
Key Up;Q;1190975
Key Down;D;1191007
Key Up;S;1191088
Key Down;S;1191415
Key Up;D;1191495
Key Down;Q;1191616
Key Up;S;1191632
Key Down;Z;1191831
Key Up;Q;1191871
Key Down;D;1192031
Key Up;Z;1192055
Key Down;S;1192256
Key Up;D;1192280
Key Down;Q;1192376
Key Up;S;1192423
Key Up;Q;1192535
Key Down;Z;1192608
Key Down;Q;1192624
Key Up;Q;1192688
Key Down;Q;1193200
Key Up;Q;1193504
Key Up;Z;1193911
Key Down;E;1195991
Key Up;E;1196128
Key Down;S;1196320
Key Down;D;1196384
Key Up;S;1196599
Key Up;D;1196656
Key Down;A;1201839
Key Up;A;1201992
Key Down;S;1203831
Key Up;S;1204448
Key Down;Tab;1204800
Key Up;Tab;1205479
Key Down;Tab;1205912
Key Up;Tab;1206968
Key Down;Espace;1209224
Key Up;Espace;1209391
Key Down;D;1209536
Key Down;Z;1209903
Key Up;D;1210000
Key Down;Q;1210087
Key Up;Z;1210679
Key Up;Q;1210912
Key Down;Tab;1211640
Key Up;Tab;1212431
Key Down;R;1213616
Key Up;R;1213688
Key Down;Echap;1226544
Key Up;Echap;1226664
Key Down;Echap;1227064
Key Up;Echap;1227176
Key Down;Echap;1227584
Key Up;Echap;1227695
Key Down;D;1228416
Key Down;S;1228687
Key Up;S;1229152
Key Down;Z;1229631
Key Up;Z;1229831
Key Down;S;1230232
Key Up;S;1230360
Key Down;Z;1230944
Key Up;Z;1230992
Key Up;D;1231079
Key Down;Q;1231328
Key Up;Q;1234072
Key Down;Tab;1234304
Key Up;Tab;1237528
Key Down;S;1238256
Key Down;Q;1238352
Key Up;Q;1239904
Key Down;D;1239968
Key Up;D;1240112
Key Down;Q;1240264
Key Up;S;1240504
Key Down;Z;1241880
Key Up;Z;1241952
Key Up;Q;1242135
Key Down;Tab;1252055
Key Up;Tab;1256568
Key Down;D;1256975
Key Down;S;1257952
Key Up;S;1258032
Key Up;D;1258072
Key Down;D;1259039
Key Down;Z;1259071
Key Up;Z;1259095
Key Up;D;1259159
Key Down;D;1259847
Key Down;S;1260240
Key Up;S;1260304
Key Up;D;1260336
Key Down;Q;1260615
Key Up;Q;1260687
Key Down;D;1261303
Key Up;D;1261743
Key Down;D;1262047
Key Up;D;1264167
Key Down;Z;1264480
Key Up;Z;1264528
Key Down;E;1264704
Key Up;E;1264776
Key Down;Q;1279160
Key Down;S;1279216
Key Up;S;1279384
Key Up;Q;1279839
Key Down;Tab;1279975
Key Up;Tab;1283640
Key Down;Z;1284399
Key Down;Q;1285599
Key Up;Z;1285639
Key Up;Q;1285655
Key Down;Q;1286320
Key Up;Q;1286552
Key Down;D;1286608
Key Down;Z;1286863
Key Up;D;1287063
Key Up;Z;1287135
Key Down;Q;1287319
Key Down;S;1287439
Key Up;S;1288671
Key Up;Q;1289735
Key Down;Tab;1289943
Key Up;Tab;1292880
Key Down;Tab;1294128
Key Up;Tab;1294655
Key Down;Tab;1294776
Key Up;Tab;1296047
Key Down;Z;1296848
Key Up;Z;1297104
Key Down;Z;1297871
Key Up;Z;1298127
Key Down;Z;1299047
Key Up;Z;1299367
Key Down;S;1309255
Key Down;Q;1309551
Key Up;S;1309639
Key Down;S;1310056
Key Up;S;1310200
Key Down;Z;1310679
Key Up;Z;1310815
Key Up;Q;1310903
Key Down;Q;1311079
Key Up;Q;1311191
Key Down;Q;1311847
Key Up;Q;1312055
Key Down;S;1312335
Key Down;Q;1312559
Key Up;S;1313247
Key Down;Z;1313551
Key Up;Q;1313583
Key Up;Z;1313647
Key Down;S;1314039
Key Down;Q;1314063
Key Up;Q;1314256
Key Up;S;1314360
Key Down;Q;1316864
Key Down;Z;1317111
Key Up;Q;1317544
Key Down;D;1317664
Key Up;Z;1317688
Key Up;D;1318104
Key Down;S;1318143
Key Down;D;1318280
Key Up;S;1318440
Key Up;D;1318512
Key Down;Q;1318999
Key Up;Q;1319079
Key Down;S;1319159
Key Down;D;1319312
Key Up;S;1319367
Key Up;D;1319392
Key Down;S;1320015
Key Down;D;1320063
Key Up;D;1320079
Key Down;D;1320280
Key Up;S;1320391
Key Down;Z;1320639
Key Up;D;1320759
Key Up;Z;1320959
Key Down;S;1321728
Key Down;Q;1321951
Key Up;S;1322096
Key Down;Z;1322536
Key Up;Q;1322648
Key Down;D;1322839
Key Up;D;1323335
Key Up;Z;1323423
Key Down;S;1324263
Key Down;Q;1324343
Key Up;S;1324864
Key Down;Z;1325071
Key Up;Q;1325143
Key Down;D;1325256
Key Up;D;1326328
Key Up;Z;1326376
Key Down;Z;1327135
Key Up;Z;1327448
Key Down;Z;1327959
Key Up;Z;1328408
Key Down;Q;1329007
Key Down;Z;1329080
Key Up;Z;1329447
Key Up;Q;1329568
Key Down;D;1330496
Key Down;Z;1330695
Key Up;D;1330807
Key Up;Z;1330839
Key Down;A;1330959
Key Up;A;1331064
Key Down;Z;1334727
Key Down;D;1334855
Key Up;Z;1334896
Key Up;D;1335143
Key Down;Q;1335488
Key Up;Q;1335519
Key Down;Z;1336160
Key Up;Z;1336248
Key Down;Z;1336479
Key Up;Z;1337023
Key Down;Z;1337607
Key Down;D;1337615
Key Up;Z;1337719
Key Down;Z;1338047
Key Up;D;1338344
Key Up;Z;1338664
Key Down;S;1338887
Key Up;S;1339272
Key Down;S;1339655
Key Down;Q;1339679
Key Up;Q;1339840
Key Up;S;1339871
Key Down;S;1340727
Key Down;D;1340783
Key Up;S;1340831
Key Up;D;1340943
Key Down;S;1341871
Key Down;Q;1341927
Key Up;S;1342143
Key Up;Q;1342183
Key Down;Q;1342503
Key Up;Q;1342624
Key Down;D;1342895
Key Up;D;1343015
Key Down;Q;1343295
Key Down;S;1343399
Key Up;S;1343775
Key Down;Z;1343983
Key Up;Z;1344215
Key Down;Z;1344544
Key Up;Q;1344968
Key Down;Q;1345200
Key Up;Q;1345343
Key Down;Q;1345895
Key Up;Q;1346007
Key Up;Z;1346727
Key Down;Z;1347023
Key Up;Z;1347232
Key Down;Z;1347455
Key Down;D;1347575
Key Up;Z;1347736
Key Up;D;1347760
Key Down;D;1348263
Key Down;Z;1348287
Key Up;Z;1348448
Key Down;S;1348751
Key Up;S;1348959
Key Up;D;1348991
Key Down;Z;1349911
Key Down;Q;1350023
Key Up;Z;1350127
Key Up;Q;1350440
Key Down;Q;1351160
Key Down;S;1351247
Key Up;Q;1351320
Key Up;S;1351431
Key Down;Tab;1354191
Key Up;Tab;1356703
Key Down;R;1357128
Key Up;R;1357247
Key Down;Echap;1358823
Key Up;Echap;1358968
Key Down;Echap;1359359
Key Up;Echap;1359487
Key Down;Echap;1359784
Key Up;Echap;1359903
Key Down;A;1361463
Key Up;A;1361575
Key Down;Tab;1363847
Key Up;Tab;1365383
Key Down;Tab;1366927
Key Up;Tab;1368663
Key Down;G;1369783
Key Up;G;1370935
Key Down;F;1371719
Key Up;F;1372663
Key Down;Z;1372831
Key Down;D;1372855
Key Up;Z;1372887
Key Up;D;1373144
Key Down;E;1373375
Key Up;E;1373447
Key Down;Q;1373703
Key Up;Q;1373839
Key Down;S;1374120
Key Up;S;1374159
Key Down;E;1376087
Key Up;E;1376199
Key Down;Q;1376512
Key Up;Q;1376663
Key Down;S;1376735
Key Up;S;1376840
Key Down;Q;1377647
Key Up;Q;1377871
Key Down;A;1378056
Key Up;A;1378159
Key Down;Q;1378520
Key Up;Q;1378839
Key Down;Q;1379295
Key Up;Q;1379567
Key Down;S;1380047
Key Up;S;1380431
Key Down;D;1381303
Key Down;Z;1381311
Key Up;D;1381711
Key Down;D;1381943
Key Up;D;1382063
Key Up;Z;1382127
Key Down;A;1383239
Key Up;A;1383327
Key Down;S;1383967
Key Down;Q;1384567
Key Up;S;1384775
Key Up;Q;1385047
Key Down;Z;1386111
Key Up;Z;1386327
Key Down;S;1386632
Key Down;Q;1386823
Key Up;Q;1386999
Key Up;S;1387112
Key Down;D;1387663
Key Down;S;1387807
Key Up;S;1387879
Key Down;S;1388239
Key Up;D;1388247
Key Up;S;1388607
Key Down;Q;1388655
Key Down;Z;1389079
Key Up;Z;1389207
Key Up;Q;1390111
Key Down;S;1391271
Key Up;S;1391503
Key Down;A;1391855
Key Up;A;1391919
Key Down;Z;1392311
Key Down;Q;1392447
Key Up;Z;1392591
Key Down;S;1392959
Key Up;Q;1393039
Key Down;Q;1393399
Key Up;S;1393511
Key Down;S;1393943
Key Up;Q;1394047
Key Up;S;1394535
Key Down;S;1394959
Key Up;S;1395111
Key Down;S;1395375
Key Down;Q;1395568
Key Up;S;1395600
Key Down;S;1395855
Key Up;Q;1395871
Key Up;S;1396159
Key Down;S;1396687
Key Down;D;1396767
Key Up;D;1396959
Key Up;S;1397135
Key Down;Q;1397143
Key Up;Q;1397231
Key Down;Q;1397711
Key Up;Q;1397775
Key Down;Q;1397935
Key Up;Q;1397999
Key Down;Z;1398487
Key Up;Z;1398639
Key Down;Z;1399711
Key Up;Z;1400191
Key Down;Z;1400320
Key Down;D;1400575
Key Up;D;1400783
Key Up;Z;1401095
Key Down;S;1402759
Key Down;Q;1402784
Key Up;S;1402839
Key Up;Q;1402911
Key Down;Q;1403031
Key Up;Q;1403263
Key Down;Q;1403671
Key Up;Q;1403783
Key Down;Q;1404455
Key Up;Q;1404759
Key Down;Z;1405199
Key Down;D;1405343
Key Up;Z;1405375
Key Down;Z;1405999
Key Up;Z;1406039
Key Down;S;1406743
Key Up;S;1406975
Key Down;S;1407095
Key Up;D;1407127
Key Down;D;1407207
Key Up;S;1407735
Key Down;S;1408295
Key Up;S;1408351
Key Down;S;1408639
Key Up;S;1409023
Key Down;S;1409255
Key Up;D;1409431
Key Down;Q;1410520
Key Up;S;1410871
Key Down;S;1411727
Key Up;Q;1411911
Key Down;Q;1412487
Key Up;Q;1412631
Key Down;D;1412727
Key Up;S;1412775
Key Up;D;1412799
Key Down;Q;1412911
Key Down;Z;1412959
Key Up;Q;1412983
Key Up;Z;1413543
Key Down;Z;1414039
Key Down;D;1414047
Key Up;Z;1414287
Key Down;Z;1414775
Key Up;D;1414903
Key Up;Z;1414919
Key Down;Q;1416079
Key Down;S;1416199
Key Up;Q;1416623
Key Up;S;1416727
Key Down;D;1417575
Key Down;Z;1417695
Key Up;D;1417711
Key Up;Z;1417823
Key Down;Q;1417831
Key Up;Q;1418103
Key Down;Z;1419127
Key Down;Q;1419343
Key Up;Z;1419735
Key Up;Q;1420159
Key Down;D;1420351
Key Down;S;1420911
Key Up;D;1421015
Key Up;S;1421455
Key Down;Z;1422326
Key Up;Z;1422791
Key Down;D;1424919
Key Down;S;1424959
Key Up;D;1425127
Key Down;Q;1425239
Key Up;S;1425359
Key Up;Q;1425423
Key Down;Z;1425863
Key Up;Z;1426135
Key Down;S;1427711
Key Up;S;1428255
Key Down;Z;1432767
Key Up;Z;1433175
Key Down;S;1434511
Key Down;Q;1434599
Key Up;Q;1434711
Key Up;S;1434975
Key Down;D;1435727
Key Down;Z;1435767
Key Up;D;1435815
Key Up;Z;1436367
Key Down;E;1436679
Key Up;E;1436783
Key Down;D;1437751
Key Up;D;1437823
Key Down;Q;1438135
Key Up;Q;1438207
Key Down;Q;1438935
Key Up;Q;1439030
Key Down;E;1439374
Key Up;E;1439463
Key Down;Q;1439806
Key Up;Q;1439887
Key Down;E;1439991
Key Up;E;1440071
Key Down;D;1440943
Key Up;D;1441095
Key Down;D;1442015
Key Down;Z;1442263
Key Up;Z;1442471
Key Up;D;1442527
Key Down;D;1442958
Key Up;D;1443110
Key Down;Q;1443511
Key Down;S;1444231
Key Up;S;1444535
Key Up;Q;1445167
Key Down;S;1445263
Key Up;S;1445478
Key Down;A;1445695
Key Up;A;1445807
Key Down;Q;1446063
Key Down;S;1446303
Key Up;Q;1446503
Key Up;S;1446911
Key Down;D;1448087
Key Down;Z;1448159
Key Up;D;1448263
Key Up;Z;1448511
Key Down;S;1448783
Key Down;Q;1448887
Key Up;S;1448983
Key Down;S;1449255
Key Up;Q;1449575
Key Up;S;1449591
Key Down;Q;1453559
Key Up;Q;1454271
Key Down;Q;1455671
Key Down;S;1455798
Key Up;S;1456503
Key Down;S;1456775
Key Up;S;1457015
Key Down;Z;1457783
Key Up;Q;1458430
Key Up;Z;1458927
Key Down;S;1459607
Key Down;D;1459702
Key Up;S;1459823
Key Up;D;1459951
Key Down;S;1460055
Key Down;D;1460166
Key Up;D;1460599
Key Up;S;1460727
Key Down;Q;1460975
Key Down;Z;1461087
Key Up;Q;1461319
Key Down;D;1461431
Key Up;Z;1461550
Key Up;D;1461575
Key Down;Z;1461766
Key Down;D;1461887
Key Up;Z;1461975
Key Up;D;1462031
Key Down;Q;1462439
Key Up;Q;1462567
Key Down;D;1462695
Key Down;Z;1462854
Key Up;Z;1462991
Key Up;D;1463007
Key Down;D;1463198
Key Up;D;1463302
Key Down;Q;1463439
Key Down;S;1463623
Key Up;Q;1463647
Key Down;Q;1463727
Key Up;Q;1463895
Key Up;S;1464318
Key Down;Z;1464759
Key Down;D;1464910
Key Up;D;1465023
Key Up;Z;1465775
Key Down;S;1465919
Key Up;S;1467063
Key Down;D;1467695
Key Down;S;1468231
Key Up;D;1468367
Key Up;S;1468407
Key Down;D;1470263
Key Up;D;1470535
Key Down;S;1472335
Key Down;Q;1472415
Key Up;Q;1472695
Key Up;S;1472951
Key Down;Q;1473239
Key Down;Z;1473279
Key Up;Q;1473327
Key Down;D;1473391
Key Up;Z;1473463
Key Up;D;1473590
Key Down;A;1473655
Key Up;A;1473751
Key Down;D;1474111
Key Up;D;1474231
Key Down;D;1474534
Key Down;Z;1474719
Key Up;D;1474798
Key Down;D;1475135
Key Up;D;1475303
Key Up;Z;1475318
Key Down;S;1475855
Key Down;Q;1476095
Key Up;S;1476247
Key Down;Z;1476847
Key Up;Q;1476903
Key Up;Z;1476975
Key Down;A;1477079
Key Up;A;1477175
Key Down;Q;1477359
Key Down;S;1477511
Key Up;S;1477758
Key Down;Z;1478023
Key Up;Z;1478158
Key Down;Z;1478526
Key Up;Q;1478775
Key Up;Z;1478831
Key Down;A;1479023
Key Up;A;1479111
Key Down;D;1479263
Key Up;D;1480182
Key Down;D;1480735
Key Down;S;1480951
Key Up;S;1481079
Key Up;D;1481166
Key Down;A;1482479
Key Up;A;1482591
Key Down;D;1483350
Key Up;D;1483559
Key Down;D;1484023
Key Down;Z;1484214
Key Up;D;1484246
Key Up;Z;1484278
Key Down;Z;1484551
Key Down;D;1484575
Key Up;D;1484703
Key Up;Z;1485383
Key Down;S;1485639
Key Down;Q;1486177
Key Up;Q;1486638
Key Down;D;1486662
Key Up;S;1486807
Key Down;Z;1487119
Key Up;Z;1487239
Key Down;Z;1488375
Key Up;D;1488543
Key Down;D;1488991
Key Up;Z;1489214
Key Down;S;1489615
Key Up;D;1489982
Key Up;S;1490119
Key Down;S;1490263
Key Down;D;1490335
Key Up;D;1490462
Key Down;A;1491135
Key Up;A;1491263
Key Down;Q;1491463
Key Up;Q;1491679
Key Down;D;1492151
Key Up;D;1492239
Key Up;S;1492406
Key Down;Q;1493079
Key Down;Z;1493758
Key Up;Z;1493903
Key Down;S;1494127
Key Up;Q;1494223
Key Up;S;1494231
Key Down;D;1494287
Key Up;D;1494775
Key Down;D;1496110
Key Up;D;1496622
Key Down;D;1497391
Key Down;S;1498655
Key Up;D;1498967
Key Down;A;1499199
Key Up;A;1499311
Key Up;S;1499671
Key Down;A;1501719
Key Up;A;1501823
Key Down;Q;1502423
Key Up;Q;1502662
Key Down;A;1505534
Key Up;A;1505638
Key Down;D;1507951
Key Down;S;1508191
Key Up;D;1508575
Key Down;A;1509038
Key Up;A;1509087
Key Down;Q;1509567
Key Up;Q;1510247
Key Up;S;1510286
Key Down;Z;1511110
Key Down;Q;1511255
Key Up;Q;1511447
Key Up;Z;1511463
Key Down;Q;1511983
Key Up;Q;1512238
Key Down;A;1514759
Key Up;A;1514862
Key Down;D;1516279
Key Down;S;1516406
Key Up;S;1516758
Key Down;S;1517455
Key Up;S;1517542
Key Up;D;1518238
Key Down;D;1518711
Key Down;Z;1518823
Key Up;D;1519383
Key Up;Z;1519391
Key Down;Q;1520558
Key Down;S;1520607
Key Up;S;1520839
Key Up;Q;1520895
Key Down;S;1521279
Key Down;Q;1521311
Key Up;Q;1521703
Key Down;D;1521775
Key Up;D;1521966
Key Up;S;1521998
Key Down;D;1522119
Key Down;Z;1522454
Key Up;D;1522591
Key Up;Z;1522631
Key Down;Q;1522734
Key Up;Q;1522807
Key Down;Q;1523023
Key Down;Z;1523118
Key Up;Z;1523366
Key Down;Z;1523463
Key Up;Z;1523479
Key Down;Z;1523582
Key Up;Q;1523671
Key Down;D;1523966
Key Up;D;1524055
Key Down;D;1524311
Key Up;Z;1524431
Key Up;D;1524647
Key Down;S;1524847
Key Down;D;1524887
Key Up;D;1525279
Key Up;S;1525367
Key Down;S;1527422
Key Down;D;1527486
Key Up;S;1527526
Key Down;Z;1527719
Key Up;D;1527727
Key Up;Z;1528998
Key Down;Z;1529318
Key Up;Z;1529334
Key Down;Z;1529519
Key Down;D;1529686
Key Up;Z;1529863
Key Up;D;1529983
Key Down;Q;1531558
Key Down;S;1531822
Key Up;S;1531967
Key Up;Q;1532287
Key Down;D;1532511
Key Up;D;1532839
Key Down;Z;1537934
Key Up;Z;1538303
Key Down;A;1538887
Key Up;A;1538990
Key Down;D;1539518
Key Down;S;1539526
Key Up;D;1539815
Key Up;S;1539871
Key Down;Q;1542447
Key Up;Q;1542583
Key Down;D;1543199
Key Up;D;1543399
Key Down;A;1543559
Key Up;A;1543663
Key Down;Q;1543863
Key Up;Q;1544095
Key Down;Tab;1544326
Key Up;Tab;1545518
Key Down;S;1546158
Key Down;Q;1546598
Key Up;S;1546631
Key Down;S;1547599
Key Up;Q;1548143
Key Down;D;1549014
Key Up;D;1549094
Key Up;S;1549543
Key Down;S;1550679
Key Down;Q;1550735
Key Up;Q;1551102
Key Down;D;1551774
Key Up;D;1552254
Key Down;D;1552543
Key Up;S;1553239
Key Up;D;1553599
Key Down;D;1554054
Key Up;D;1554575
Key Down;D;1555206
Key Down;Z;1555486
Key Up;D;1555719
Key Down;Q;1555870
Key Up;Z;1555926
Key Up;Q;1556199
Key Down;D;1556319
Key Up;D;1556454
Key Down;D;1557095
Key Down;Z;1557127
Key Up;D;1557423
Key Down;D;1557711
Key Up;D;1557903
Key Down;Q;1558414
Key Up;Z;1558719
Key Up;Q;1559495
Key Down;Q;1559927
Key Down;S;1559959
Key Up;S;1560239
Key Up;Q;1560590
Key Down;A;1560726
Key Up;A;1560814
Key Down;Z;1560990
Key Down;Q;1561054
Key Up;Z;1561159
Key Down;Z;1561231
Key Up;Z;1561334
Key Up;Q;1561447
Key Down;Z;1562910
Key Down;D;1562959
Key Up;Z;1563183
Key Up;D;1564926
Key Down;A;1565583
Key Up;A;1565710
Key Down;S;1566055
Key Down;Q;1566134
Key Up;S;1566415
Key Up;Q;1566431
Key Down;S;1566959
Key Up;S;1567255
Key Down;Z;1567599
Key Down;Q;1567750
Key Up;Z;1568271
Key Up;Q;1569999
Key Down;S;1571430
Key Down;Q;1571831
Key Up;S;1572119
Key Up;Q;1572271
Key Down;S;1573079
Key Down;Q;1573207
Key Up;Q;1573334
Key Up;S;1573358
Key Down;D;1574151
Key Up;D;1574407
Key Down;D;1574718
Key Down;Z;1574942
Key Up;D;1575022
Key Up;Z;1575086
Key Down;Q;1575438
Key Down;S;1575622
Key Up;S;1575783
Key Up;Q;1575807
Key Down;D;1576279
Key Up;D;1576543
Key Down;S;1576926
Key Up;S;1577166
Key Down;S;1578054
Key Down;Q;1578214
Key Up;Q;1578398
Key Up;S;1578526
Key Down;Z;1578654
Key Down;Q;1578670
Key Up;Q;1578847
Key Down;E;1578870
Key Up;Z;1578926
Key Up;E;1578967
Key Down;Q;1579431
Key Up;Q;1579806
Key Down;D;1579983
Key Down;S;1580206
Key Up;S;1580311
Key Up;D;1580454
Key Down;A;1580487
Key Up;A;1580574
Key Down;Z;1581206
Key Down;D;1581230
Key Up;D;1581511
Key Up;Z;1581687
Key Down;S;1581839
Key Up;S;1582142
Key Down;A;1582606
Key Up;A;1582703
Key Down;Z;1583598
Key Down;Q;1583806
Key Up;Q;1584159
Key Up;Z;1584566
Key Down;D;1584783
Key Down;Z;1584998
Key Up;D;1585111
Key Down;A;1585175
Key Up;Z;1585191
Key Up;A;1585279
Key Down;Z;1585614
Key Up;Z;1586102
Key Down;S;1589871
Key Down;Q;1589974
Key Up;Q;1590199
Key Up;S;1590223
Key Down;A;1591751
Key Up;A;1591847
Key Down;S;1592894
Key Down;Q;1593015
Key Up;S;1593047
Key Up;Q;1593279
Key Down;Z;1593286
Key Up;Z;1593415
Key Down;E;1593551
Key Up;E;1593631
Key Down;Q;1593887
Key Down;S;1594118
Key Up;S;1594414
Key Down;Z;1595174
Key Up;Z;1595430
Key Up;Q;1595639
Key Down;Q;1595854
Key Down;Z;1595950
Key Up;Q;1596047
Key Up;Z;1596118
Key Down;S;1596318
Key Down;D;1596583
Key Up;D;1596766
Key Down;A;1597023
Key Up;A;1597126
Key Up;S;1598071
Key Down;A;1599862
Key Up;A;1599951
Key Down;Q;1600327
Key Down;S;1600534
Key Up;Q;1600935
Key Down;D;1601102
Key Up;S;1601150
Key Up;D;1601223
Key Down;D;1601463
Key Up;D;1601590
Key Down;Z;1601614
Key Up;Z;1601767
Key Down;E;1601863
Key Up;E;1601935
Key Down;S;1602823
Key Up;S;1602934
Key Down;E;1605798
Key Up;E;1605895
Key Down;Q;1606135
Key Down;Z;1606151
Key Up;Q;1606270
Key Down;D;1606382
Key Up;D;1606615
Key Up;Z;1607734
Key Down;Z;1608079
Key Down;D;1608366
Key Up;Z;1608774
Key Up;D;1608806
Key Down;D;1609047
Key Up;D;1609263
Key Down;Z;1611590
Key Down;D;1611878
Key Up;D;1612102
Key Down;D;1612430
Key Up;Z;1612502
Key Up;D;1613470
Key Down;Tab;1613526
Key Up;Tab;1614574
Key Down;Q;1615574
Key Up;Q;1618806
Key Down;Z;1619510
Key Down;D;1619958
Key Up;D;1620134
Key Down;Q;1620822
Key Up;Q;1621454
Key Down;Q;1621735
Key Up;Z;1622206
Key Down;S;1622806
Key Up;S;1622983
Key Down;S;1624118
Key Up;S;1624343
Key Up;Q;1624511
Key Down;Q;1624934
Key Up;Q;1625086
Key Down;Q;1626335
Key Down;S;1626398
Key Up;Q;1626543
Key Up;S;1627047
Key Down;Z;1627327
Key Up;Z;1627806
Key Down;S;1628118
Key Down;Q;1628278
Key Up;Q;1628406
Key Up;S;1628550
Key Down;Z;1628783
Key Down;D;1629046
Key Up;D;1629198
Key Up;Z;1629262
Key Down;S;1631118
Key Up;S;1631542
Key Down;S;1632151
Key Down;D;1633214
Key Up;D;1633710
Key Down;Q;1633839
Key Up;S;1633871
Key Down;Z;1634014
Key Up;Q;1634062
Key Up;Z;1634126
Key Down;Q;1636558
Key Down;Z;1636631
Key Up;Q;1636718
Key Up;Z;1636775
Key Down;S;1637262
Key Down;D;1637310
Key Up;D;1637534
Key Up;S;1637558
Key Down;Q;1637774
Key Down;Z;1637887
Key Up;Q;1637926
Key Up;Z;1638246
Key Down;Q;1638486
Key Down;Z;1638551
Key Up;Q;1638718
Key Up;Z;1639022
Key Down;Z;1641102
Key Up;Z;1641510
Key Down;D;1642542
Key Down;S;1642558
Key Up;D;1642598
Key Up;S;1642694
Key Down;E;1642839
Key Up;E;1642910
Key Down;E;1660430
Key Up;E;1660550
Key Down;S;1663063
Key Up;S;1663191
Key Down;Q;1664438
Key Down;Z;1665542
Key Up;Z;1666134
Key Down;S;1666518
Key Up;Q;1666590
Key Up;S;1666695
Key Down;Q;1667311
Key Up;Q;1667470
Key Down;Z;1667750
Key Up;Z;1668263
Key Down;Q;1669110
Key Down;Z;1669215
Key Up;Q;1669303
Key Down;D;1669471
Key Up;Z;1669479
Key Up;D;1669574
Key Down;S;1677551
Key Down;Q;1677783
Key Up;Q;1678159
Key Up;S;1678382
Key Down;Q;1678438
Key Down;S;1678790
Key Up;S;1679078
Key Up;Q;1679478
Key Down;Q;1679990
Key Down;Z;1680582
Key Up;Q;1680654
Key Up;Z;1680743
Key Down;S;1681062
Key Down;D;1681070
Key Up;S;1681182
Key Up;D;1681230
Key Down;Q;1681894
Key Up;Q;1682135
Key Down;Q;1686142
Key Down;Z;1686158
Key Up;Z;1686230
Key Down;Z;1687110
Key Up;Z;1687278
Key Down;S;1689014
Key Up;Q;1689126
Key Up;S;1689134
Key Down;Q;1690542
Key Down;S;1690886
Key Up;Q;1690919
Key Up;S;1691214
Key Down;D;1691302
Key Up;D;1691494
Key Down;S;1691710
Key Down;D;1691734
Key Up;D;1691862
Key Up;S;1691918
Key Down;Z;1693478
Key Down;Q;1694054
Key Up;Q;1694190
Key Up;Z;1694214
Key Down;Z;1694254
Key Down;D;1694399
Key Up;D;1694526
Key Up;Z;1695486
Key Down;Z;1695910
Key Down;Q;1696014
Key Up;Q;1696310
Key Down;Q;1696599
Key Up;Q;1696782
Key Down;Q;1696966
Key Up;Q;1697446
Key Up;Z;1697966
Key Down;Q;1698030
Key Down;S;1698134
Key Up;Q;1698206
Key Down;Q;1698334
Key Up;Q;1698438
Key Down;D;1698638
Key Up;D;1699718
Key Down;Q;1699734
Key Up;S;1699846
Key Down;Z;1700494
Key Up;Q;1700526
Key Up;Z;1700646
Key Down;D;1701422
Key Down;S;1701494
Key Up;S;1701846
Key Up;D;1701878
Key Down;Q;1702222
Key Up;Q;1702558
Key Down;D;1702966
Key Down;Z;1703151
Key Up;D;1703526
Key Down;D;1705238
Key Up;D;1705942
Key Up;Z;1706118
Key Down;Q;1706230
Key Down;S;1706702
Key Up;Q;1707414
Key Up;S;1707526
Key Down;D;1709222
Key Down;Z;1709318
Key Up;D;1709670
Key Up;Z;1710286
Key Down;S;1710990
Key Up;S;1711198
Key Down;Q;1711494
Key Down;Z;1711726
Key Up;Q;1711742
Key Down;D;1711974
Key Up;Z;1712598
Key Up;D;1712734
Key Down;D;1718230
Key Up;D;1718430
Key Down;S;1720374
Key Up;S;1720822
Key Down;A;1722006
Key Up;A;1722126
Key Down;Q;1727118
Key Down;Z;1727222
Key Up;Q;1727382
Key Up;Z;1727542
Key Down;E;1727694
Key Up;E;1727782
Key Down;D;1728070
Key Down;S;1728262
Key Up;S;1729190
Key Down;Z;1729502
Key Up;Z;1729910
Key Down;S;1730238
Key Up;D;1730350
Key Down;D;1730782
Key Up;S;1731389
Key Up;D;1732286
Key Down;Z;1732622
Key Down;D;1732854
Key Up;D;1733430
Key Up;Z;1733566
Key Down;Q;1733854
Key Down;Z;1734038
Key Up;Q;1734334
Key Up;Z;1734910
Key Down;Z;1735230
Key Down;D;1735822
Key Up;Z;1735990
Key Up;D;1736014
Key Down;Q;1736414
Key Up;Q;1736518
Key Down;S;1737022
Key Up;S;1737150
Key Down;D;1737374
Key Down;Z;1737470
Key Up;Z;1737758
Key Up;D;1737934
Key Down;Z;1737941
Key Up;Z;1738190
Key Down;S;1738494
Key Down;D;1738518
Key Up;D;1738798
Key Up;S;1738838
Key Down;Q;1738958
Key Up;Q;1739510
Key Down;D;1740094
Key Up;D;1740302
Key Down;S;1741958
Key Down;D;1742006
Key Up;D;1742302
Key Up;S;1742342
Key Down;Z;1742774
Key Down;D;1742894
Key Up;Z;1742910
Key Up;D;1743054
Key Down;S;1743110
Key Down;D;1743486
Key Up;D;1743758
Key Up;S;1744062
Key Down;Z;1745654
Key Down;D;1745766
Key Up;D;1745942
Key Up;Z;1746022
Key Down;D;1746446
Key Up;D;1746486
Key Down;S;1747197
Key Down;Q;1747278
Key Up;Q;1747598
Key Up;S;1747790
Key Down;Q;1748510
Key Down;S;1748550
Key Up;Q;1748830
Key Up;S;1749054
Key Down;D;1749894
Key Down;Z;1749982
Key Up;Z;1750334
Key Up;D;1750485
Key Down;A;1750574
Key Up;A;1750662
Key Down;D;1750990
Key Down;S;1751126
Key Up;S;1751318
Key Down;S;1751974
Key Up;S;1752141
Key Down;Z;1752381
Key Up;D;1752502
Key Down;D;1753406
Key Up;Z;1753670
Key Down;Z;1754222
Key Up;D;1754366
Key Up;Z;1754622
Key Down;Q;1754950
Key Down;Z;1755022
Key Up;Q;1755046
Key Down;D;1755318
Key Up;D;1755382
Key Up;Z;1755486
Key Down;Z;1755950
Key Up;Z;1756070
Key Down;D;1756734
Key Up;D;1756926
Key Down;D;1757502
Key Down;Z;1758358
Key Up;D;1758686
Key Down;Q;1759038
Key Up;Q;1759326
Key Down;D;1759662
Key Up;Z;1759750
Key Up;D;1760126
Key Down;S;1760142
Key Down;Q;1760182
Key Up;S;1760198
Key Down;Z;1760374
Key Up;Q;1760733
Key Down;Q;1761014
Key Up;Z;1761733
Key Down;S;1762238
Key Up;Q;1762398
Key Down;D;1762774
Key Up;D;1762950
Key Down;D;1763453
Key Up;S;1763686
Key Down;Z;1764022
Key Up;D;1764550
Key Down;D;1764774
Key Up;D;1764966
Key Down;Q;1765278
Key Up;Z;1765678
Key Up;Q;1766213
Key Down;S;1766614
Key Down;Q;1766710
Key Up;Q;1767758
Key Up;S;1767917
Key Down;Q;1768214
Key Down;S;1768310
Key Up;Q;1768437
Key Down;D;1768646
Key Up;S;1768790
Key Down;A;1768973
Key Up;D;1769014
Key Up;A;1769094
Key Down;Z;1769406
Key Down;D;1769734
Key Up;D;1770102
Key Up;Z;1770182
Key Down;D;1770613
Key Down;Z;1770693
Key Up;D;1770926
Key Up;Z;1770966
Key Down;Z;1775454
Key Down;A;1775694
Key Up;Z;1775702
Key Up;A;1775813
Key Down;Z;1776014
Key Down;Q;1776133
Key Up;Q;1776238
Key Up;Z;1776806
Key Down;Z;1777109
Key Down;Q;1777502
Key Up;Q;1777694
Key Up;Z;1777789
Key Down;Q;1778006
Key Up;Q;1778149
Key Down;Q;1778734
Key Down;Z;1778886
Key Up;Z;1779174
Key Up;Q;1779878
Key Down;D;1782854
Key Down;S;1782981
Key Up;D;1783317
Key Up;S;1783470
Key Down;A;1784006
Key Up;A;1784046
Key Down;Q;1784845
Key Down;S;1784965
Key Up;S;1785246
Key Up;Q;1785301
Key Down;Q;1785654
Key Up;Q;1785726
Key Down;Z;1786230
Key Down;D;1786245
Key Up;Z;1786454
Key Up;D;1786462
Key Down;S;1786942
Key Down;D;1786950
Key Up;D;1787054
Key Down;D;1787086
Key Up;S;1787102
Key Down;Z;1787350
Key Up;D;1787462
Key Up;Z;1787582
Key Down;S;1787757
Key Up;S;1787910
Key Down;Z;1788062
Key Down;Q;1788222
Key Up;Z;1788446
Key Up;Q;1788454
Key Down;S;1789318
Key Up;S;1789405
Key Down;S;1790926
Key Down;D;1791062
Key Up;D;1791190
Key Down;Q;1791366
Key Up;S;1791462
Key Up;Q;1791565
Key Down;A;1791686
Key Up;A;1791813
Key Down;Q;1792221
Key Down;Z;1792262
Key Up;Q;1792494
Key Up;Z;1792638
Key Down;A;1794494
Key Up;A;1794606
Key Down;Z;1795254
Key Down;D;1796502
Key Up;D;1796582
Key Up;Z;1797350
Key Down;S;1797549
Key Down;Q;1797901
Key Up;Q;1798030
Key Up;S;1798070
Key Down;Z;1798550
Key Down;D;1798781
Key Up;Z;1798854
Key Up;D;1798918
Key Down;S;1799286
Key Down;Q;1799470
Key Up;Q;1799621
Key Up;S;1799701
Key Down;A;1799829
Key Up;A;1799918
Key Down;Z;1802446
Key Down;Q;1802830
Key Up;Q;1803518
Key Up;Z;1803526
Key Down;A;1803798
Key Up;A;1803885
Key Down;Q;1804070
Key Down;Z;1804438
Key Up;Q;1804805
Key Up;Z;1805926
Key Down;S;1806341
Key Down;Q;1808149
Key Up;Q;1808958
Key Up;S;1809454
Key Down;D;1809478
Key Down;S;1809742
Key Up;D;1809862
Key Down;D;1810374
Key Up;S;1810678
Key Down;S;1810909
Key Up;D;1810966
Key Up;S;1811070
Key Down;S;1812501
Key Down;Q;1812758
Key Up;Q;1812893
Key Down;Q;1813310
Key Up;Q;1813446
Key Up;S;1814374
Key Down;Q;1814798
Key Down;S;1815030
Key Up;S;1815182
Key Up;Q;1815206
Key Down;D;1815862
Key Down;S;1815886
Key Up;S;1815974
Key Up;D;1816222
Key Down;Z;1816237
Key Up;Z;1816365
Key Down;E;1816398
Key Up;E;1816493
Key Down;S;1817542
Key Up;S;1817638
Key Down;S;1818310
Key Up;S;1818382
Key Down;E;1825141
Key Up;E;1825318
Key Down;Q;1825613
Key Down;Z;1825742
Key Up;Q;1825821
Key Down;D;1825966
Key Up;D;1826334
Key Up;Z;1826774
Key Down;Z;1827214
Key Up;Z;1827886
Key Down;Z;1828557
Key Down;Q;1828694
Key Up;Z;1829054
Key Up;Q;1829133
Key Down;Z;1829990
Key Up;Z;1830174
Key Down;A;1834246
Key Up;A;1834342
Key Down;S;1834694
Key Down;D;1834942
Key Up;D;1835166
Key Down;D;1835446
Key Up;D;1835565
Key Down;Q;1836565
Key Up;S;1837133
Key Up;Q;1837182
Key Down;Q;1839606
Key Down;Z;1839821
Key Up;Q;1839910
Key Up;Z;1839934
Key Down;D;1840669
Key Up;D;1840846
Key Down;Q;1845109
Key Up;Q;1845270
Key Down;Q;1846550
Key Up;Q;1846734
Key Down;A;1846989
Key Up;A;1847110
Key Down;Q;1864390
Key Up;Q;1864942
Key Down;Q;1865413
Key Up;Q;1865590
Key Down;Z;1865597
Key Down;Q;1865926
Key Up;Q;1866038
Key Up;Z;1866261
Key Down;S;1867389
Key Up;S;1867565
Key Down;S;1868078
Key Up;S;1868429
Key Down;Z;1868789
Key Up;Z;1869062
Key Down;Z;1869430
Key Up;Z;1869622
Key Down;Z;1870814
Key Down;Q;1870886
Key Up;Z;1870918
Key Up;Q;1870926
Key Down;S;1871293
Key Down;D;1871405
Key Up;S;1871549
Key Up;D;1871629
Key Down;Q;1872214
Key Down;Z;1872302
Key Up;Q;1872350
Key Up;Z;1872462
Key Down;S;1873598
Key Up;S;1873742
Key Down;Z;1874685
Key Down;A;1875222
Key Up;Z;1875246
Key Up;A;1875326
Key Down;Q;1875621
Key Down;Z;1875629
Key Up;Z;1876230
Key Up;Q;1876797
Key Down;Q;1876973
Key Down;S;1877061
Key Up;Q;1877157
Key Down;Q;1877374
Key Up;Q;1877510
Key Down;A;1878101
Key Up;A;1878205
Key Down;Q;1878381
Key Up;S;1878461
Key Up;Q;1880118
Key Down;Q;1880574
Key Down;S;1880757
Key Up;S;1881205
Key Down;S;1881293
Key Up;S;1881485
Key Up;Q;1881718
Key Down;D;1881862
Key Down;S;1881974
Key Up;S;1882157
Key Up;D;1882509
Key Down;Q;1883430
Key Down;Z;1883502
Key Up;Z;1883549
Key Down;Z;1883885
Key Up;Q;1884133
Key Up;Z;1884309
Key Down;Z;1884670
Key Down;Q;1884814
Key Up;Q;1884894
Key Up;Z;1884989
Key Down;Z;1885477
Key Down;Q;1885509
Key Up;Q;1885693
Key Up;Z;1886206
Key Down;S;1886661
Key Down;D;1886901
Key Up;D;1887141
Key Down;Q;1887750
Key Up;Q;1888053
Key Down;D;1888213
Key Up;S;1888253
Key Down;Z;1888726
Key Up;D;1889205
Key Up;Z;1889421
Key Down;S;1889773
Key Down;Q;1890022
Key Up;Q;1890198
Key Up;S;1890446
Key Down;Q;1890526
Key Up;Q;1890781
Key Down;Q;1891934
Key Down;Z;1892181
Key Up;Q;1892341
Key Up;Z;1892349
Key Down;A;1892765
Key Up;A;1892878
Key Down;Q;1893510
Key Down;Z;1893670
Key Up;Q;1893702
Key Up;Z;1893829
Key Down;Q;1894542
Key Up;Q;1894645
Key Down;A;1895494
Key Up;A;1895582
Key Down;S;1896270
Key Down;Q;1896429
Key Up;S;1896493
Key Up;Q;1896518
Key Down;Z;1897902
Key Up;Z;1898109
Key Down;Q;1898350
Key Down;S;1898997
Key Up;S;1899126
Key Up;Q;1899510
Key Down;Tab;1899678
Key Up;Tab;1903813
Key Down;D;1904413
Key Down;Z;1904630
Key Up;D;1904766
Key Down;D;1905854
Key Up;D;1906102
Key Up;Z;1906822
Key Down;E;1906966
Key Up;E;1907054
Key Down;D;1908677
Key Up;D;1908757
Key Down;S;1908837
Key Up;S;1908973
Key Down;Q;1909598
Key Up;Q;1909758
Key Down;S;1909766
Key Up;S;1910669
Key Down;Tab;1910774
Key Up;Tab;1913389
Key Down;Z;1919197
Key Up;Z;1919518
Key Down;A;1920845
Key Up;A;1920957
Key Down;Z;1921125
Key Up;Z;1923150
Key Down;Z;1925285
Key Up;Z;1926381
Key Down;Z;1934645
Key Up;Z;1935253
Key Down;S;1935701
Key Down;Q;1935789
Key Up;S;1936029
Key Up;Q;1936061
Key Down;Q;1936277
Key Down;S;1936349
Key Up;S;1936957
Key Down;S;1937597
Key Up;S;1937853
Key Down;Z;1937973
Key Up;Q;1937997
Key Down;Q;1938357
Key Up;Z;1938870
Key Down;Z;1939318
Key Up;Q;1939397
Key Down;D;1939621
Key Up;Z;1939693
Key Down;Z;1939910
Key Up;D;1940030
Key Down;Q;1940782
Key Up;Q;1941205
Key Down;Q;1941414
Key Up;Q;1941566
Key Up;Z;1941621
Key Down;D;1941629
Key Up;D;1941782
Key Down;D;1942158
Key Up;D;1942294
Key Down;S;1942302
Key Up;S;1942437
Key Down;D;1942445
Key Down;Z;1942605
Key Up;Z;1943582
Key Down;S;1944694
Key Up;S;1945925
Key Down;S;1946278
Key Up;D;1947014
Key Down;D;1947173
Key Up;D;1947205
Key Up;S;1947246
Key Down;Echap;1956398
Key Up;Echap;1956533
