Event;Key;Time
Key Down;Echap;1687
Key Up;Echap;1815
Key Down;Z;2103
Key Up;Z;5407
Key Down;Q;17223
Key Down;Z;17335
Key Up;Q;18184
Key Down;Q;18856
Key Up;Q;18943
Key Down;D;20271
Key Up;Z;20791
Key Down;S;21167
Key Up;S;21887
Key Down;Z;22447
Key Up;Z;22871
Key Up;D;22944
Key Down;Q;23008
Key Down;S;23103
Key Up;S;23559
Key Up;Q;25416
Key Down;D;26703
Key Down;Z;26711
Key Up;D;28144
Key Down;Q;28559
Key Up;Q;29503
Key Down;Q;29767
Key Up;Z;29816
Key Down;S;31040
Key Up;S;31112
Key Down;S;32624
Key Up;Q;32712
Key Up;S;32912
Key Down;Z;33096
Key Down;D;33135
Key Up;Z;33279
Key Down;Z;33544
Key Up;D;33728
Key Down;Q;34448
Key Up;Q;34696
Key Down;A;34887
Key Up;A;34968
Key Up;Z;35055
Key Down;Q;35127
Key Down;S;35352
Key Up;Q;35816
Key Down;Q;35927
Key Up;Q;35943
Key Down;D;36087
Key Up;S;36352
Key Down;S;36632
Key Up;D;36903
Key Down;Q;37320
Key Up;S;38375
Key Down;Z;39399
Key Up;Q;39848
Key Up;Z;40279
Key Down;Q;40551
Key Down;Z;41079
Key Up;Q;41400
Key Up;Z;41911
Key Down;S;42191
Key Down;D;42775
Key Up;S;42984
Key Down;A;43175
Key Up;A;43271
Key Down;Z;43496
Key Up;D;43807
Key Down;Q;44095
Key Up;Q;44264
Key Up;Z;44343
Key Down;Q;45079
Key Down;S;45607
Key Up;Q;45832
Key Down;D;46976
Key Up;S;47959
Key Down;Z;48239
Key Up;Z;48480
Key Down;Z;49432
Key Up;D;50408
Key Down;Q;51208
Key Up;Z;52351
Key Down;S;52543
Key Up;Q;52615
Key Down;Q;52703
Key Up;S;52799
Key Down;S;53711
Key Up;Q;54664
Key Up;S;54671
Key Down;D;55360
Key Down;Z;55487
Key Up;D;55880
Key Up;Z;55887
Key Down;A;56927
Key Up;A;57032
Key Down;Q;57287
Key Down;Z;57559
Key Up;Z;57703
Key Down;S;58143
Key Up;S;58183
Key Down;Z;59047
Key Up;Q;59143
Key Down;D;59631
Key Up;D;59927
Key Down;Q;60879
Key Up;Q;61143
Key Down;D;61183
Key Up;D;61455
Key Down;Q;61495
Key Up;Q;61695
Key Down;D;61791
Key Up;D;62071
Key Down;Q;62127
Key Up;Q;62343
Key Down;D;62719
Key Up;Z;62951
Key Down;S;64047
Key Up;D;64103
Key Down;D;64536
Key Up;S;64823
Key Up;D;65879
Key Down;Q;67087
Key Down;Z;67352
Key Up;Q;67791
Key Down;A;68079
Key Up;A;68208
Key Up;Z;68272
Key Down;D;68423
Key Down;S;68632
Key Up;S;69296
Key Down;Z;70287
Key Up;Z;70591
Key Down;Z;71599
Key Up;Z;71936
Key Down;Z;72143
Key Up;D;72175
Key Down;Q;72247
Key Up;Z;72416
Key Down;E;72464
Key Up;Q;72479
Key Up;E;72543
Key Down;D;72775
Key Down;Z;72935
Key Up;D;73064
Key Down;A;73287
Key Up;Z;73327
Key Down;Z;73352
Key Up;A;73391
Key Down;Q;73551
Key Up;Z;73688
Key Down;Z;73824
Key Up;Z;74151
Key Down;Z;74551
Key Up;Z;74984
Key Up;Q;75360
Key Down;Z;75368
Key Down;D;75375
Key Up;Z;76079
Key Down;Z;76136
Key Up;Z;76704
Key Down;S;76887
Key Up;D;76936
Key Up;S;77047
Key Down;E;77063
Key Up;E;77151
Key Down;D;77391
Key Up;D;77559
Key Down;S;78311
Key Down;D;78359
Key Up;D;78759
Key Down;Q;78959
Key Up;Q;79448
Key Up;S;79775
Key Down;Q;79832
Key Up;Q;80048
Key Down;D;80095
Key Down;Z;80120
Key Up;Z;80311
Key Down;S;80599
Key Up;D;80607
Key Up;S;80671
Key Down;Q;80727
Key Down;Z;81087
Key Up;Q;81903
Key Up;Z;81944
Key Down;D;83208
Key Down;Z;83575
Key Up;D;83816
Key Down;Q;83999
Key Up;Q;84184
Key Down;Q;84655
Key Up;Z;85031
Key Up;Q;85535
Key Down;Z;85584
Key Down;Q;85671
Key Up;Q;85736
Key Down;D;85935
Key Up;Z;86159
Key Down;Z;87143
Key Up;Z;87375
Key Down;Z;87583
Key Up;D;87648
Key Down;Q;88063
Key Up;Q;88296
Key Down;A;89303
Key Up;A;89391
Key Down;D;89847
Key Up;D;90312
Key Down;D;90575
Key Up;Z;90783
Key Up;D;90991
Key Down;Q;90999
Key Down;S;91351
Key Up;S;91479
Key Down;Z;91735
Key Up;Z;91887
Key Up;Q;91919
Key Down;S;92295
Key Down;D;92831
Key Up;D;93439
Key Up;S;93559
Key Down;Z;93935
Key Down;Q;93999
Key Up;Q;94079
Key Down;A;94255
Key Up;A;94383
Key Down;Q;95183
Key Up;Q;95439
Key Down;D;95823
Key Up;Z;96479
Key Down;Q;96623
Key Up;D;96663
Key Down;S;96847
Key Up;Q;97407
Key Up;S;97471
Key Down;Z;97655
Key Down;D;97991
Key Up;Z;98743
Key Down;A;99887
Key Up;A;100119
Key Down;S;100495
Key Up;D;101111
Key Up;S;101183
Key Down;S;101583
Key Down;D;101623
Key Up;D;101703
Key Down;D;102359
Key Up;D;102503
Key Up;S;102639
Key Down;Z;103151
Key Down;D;103255
Key Up;D;103408
Key Up;Z;103759
Key Down;S;104511
Key Down;D;104647
Key Up;D;104767
Key Down;A;105103
Key Up;A;105223
Key Down;Q;105479
Key Up;Q;105679
Key Down;Q;106063
Key Up;S;106439
Key Down;Z;106743
Key Up;Q;106799
Key Down;D;106903
Key Up;D;107071
Key Up;Z;107295
Key Down;S;107751
Key Down;Q;107879
Key Up;S;108175
Key Down;D;108343
Key Down;Z;108415
Key Up;Q;108423
Key Up;D;108936
Key Down;A;109015
Key Up;A;109103
Key Up;Z;109247
Key Down;D;109303
Key Down;S;109591
Key Up;S;110263
Key Up;D;112312
Key Down;Z;112527
Key Down;Q;112535
Key Up;Q;112799
Key Up;Z;112831
Key Down;Q;113095
Key Down;Z;113191
Key Up;Q;113911
Key Down;A;115151
Key Up;A;115255
Key Down;D;115335
Key Up;Z;115415
Key Up;D;115719
Key Down;S;116031
Key Down;D;116327
Key Up;D;116743
Key Up;S;116767
Key Down;Q;116887
Key Down;Z;117039
Key Up;Q;117119
Key Down;Q;117727
Key Up;Q;117871
Key Up;Z;120104
Key Down;D;120287
Key Up;D;120351
Key Down;Q;120423
Key Down;S;120487
Key Up;Q;120639
Key Down;D;120879
Key Up;D;120991
Key Down;D;122991
Key Up;D;125055
Key Down;D;125391
Key Up;S;125679
Key Up;D;127559
Key Down;Z;127711
Key Down;D;127847
Key Up;D;128863
Key Up;Z;129543
Key Down;Q;129639
Key Down;Z;129815
Key Up;Q;129895
Key Down;D;130191
Key Up;Z;130199
Key Up;D;130271
Key Down;S;130543
Key Down;Q;131007
Key Up;S;132639
Key Down;Z;134279
Key Up;Q;134871
Key Down;Q;135223
Key Up;Z;135463
Key Down;S;135967
Key Up;Q;136495
Key Down;Q;137143
Key Up;Q;137375
Key Down;D;138007
Key Up;D;138175
Key Down;A;138471
Key Up;A;138559
Key Up;S;138575
Key Down;S;139039
Key Down;Q;140142
Key Up;S;140695
Key Down;S;141247
Key Up;S;141431
Key Down;S;142391
Key Up;Q;143022
Key Down;A;143303
Key Up;A;143447
Key Down;D;143911
Key Up;D;144023
Key Down;D;144639
Key Up;S;145335
Key Down;Z;148847
Key Down;A;149431
Key Up;A;149583
Key Up;D;149735
Key Down;Q;150351
Key Up;Z;150510
Key Down;Z;150599
Key Up;Z;150743
Key Up;Q;150999
Key Down;S;152239
Key Down;D;152319
Key Up;D;152375
Key Up;S;152399
Key Down;Q;152423
Key Down;E;152543
Key Up;Q;152583
Key Up;E;152631
Key Down;D;152927
Key Down;A;153495
Key Up;A;153583
Key Up;D;153639
Key Down;Q;154063
Key Up;Q;154287
Key Down;Q;154431
Key Down;Z;154615
Key Up;Q;154711
Key Down;Q;154943
Key Up;Z;155087
Key Up;Q;155103
Key Down;D;156759
Key Down;Z;156783
Key Up;D;157119
Key Down;Q;157151
Key Up;Z;157327
Key Down;E;157351
Key Up;E;157471
Key Up;Q;157519
Key Down;D;157679
Key Down;Z;157727
Key Up;D;157847
Key Up;Z;157919
Key Down;Q;158015
Key Up;Q;158135
Key Down;E;158167
Key Up;E;158263
Key Down;D;158599
Key Down;Z;158887
Key Down;A;158935
Key Up;A;159055
Key Up;D;159142
Key Down;Q;159695
Key Up;Z;160079
Key Down;S;160991
Key Up;S;161639
Key Down;S;163023
Key Up;S;163367
Key Down;D;163415
Key Up;Q;163495
Key Up;D;164039
Key Down;S;164063
Key Down;Q;164111
Key Up;Q;164959
Key Down;A;165135
Key Up;A;165255
Key Up;S;165423
Key Down;Z;165607
Key Up;Z;165695
Key Down;S;165983
Key Up;S;166247
Key Down;D;166470
Key Down;Z;166599
Key Up;Z;166791
Key Down;S;167511
Key Up;D;168023
Key Down;D;168671
Key Up;S;169038
Key Down;S;169238
Key Down;Q;169263
Key Up;D;169279
Key Up;S;169351
Key Down;Z;170958
Key Up;Z;171054
Key Down;S;171294
Key Up;S;171591
Key Down;Z;172071
Key Up;Q;172927
Key Down;A;173079
Key Up;A;173175
Key Down;D;173751
Key Up;Z;173759
Key Down;S;173975
Key Up;S;174111
Key Up;D;174263
Key Down;Q;175438
Key Down;S;175711
Key Up;Q;176143
Key Down;A;176335
Key Up;A;176431
Key Up;S;176591
Key Down;D;176599
Key Up;D;176663
Key Down;D;176703
Key Up;D;176927
Key Down;Z;178239
Key Down;D;179543
Key Up;D;179695
Key Down;Q;179911
Key Up;Q;180215
Key Down;Q;180535
Key Up;Q;180727
Key Down;A;181039
Key Up;A;181159
Key Down;D;181239
Key Up;Z;181343
Key Up;D;181798
Key Down;D;182727
Key Down;S;183151
Key Up;D;183423
Key Down;D;183575
Key Up;D;183670
Key Up;S;183695
Key Down;Z;184055
Key Up;Z;184175
Key Down;E;184863
Key Up;E;184910
Key Down;D;185231
Key Down;S;185799
Key Up;D;186703
Key Up;S;187502
Key Down;D;187743
Key Down;S;188559
Key Up;S;189886
Key Down;S;190671
Key Up;S;190854
Key Down;Z;192495
Key Up;Z;192599
Key Down;Z;193871
Key Up;D;195375
Key Up;Z;195431
Key Down;D;196135
Key Down;Z;196415
Key Up;D;197023
Key Up;Z;197623
Key Down;S;197951
Key Down;Q;198103
Key Up;S;200655
Key Down;S;201055
Key Up;S;201247
Key Down;S;202446
Key Up;S;202583
Key Down;S;203647
Key Up;Q;204510
Key Down;D;204862
Key Up;D;204983
Key Down;D;205783
Key Up;S;206126
Key Up;D;207174
Key Down;D;212631
Key Down;Z;212847
Key Up;D;213198
Key Up;Z;213351
Key Down;S;213991
Key Up;S;214343
Key Down;S;216335
Key Up;S;217030
Key Down;D;217287
Key Up;D;217519
Key Down;S;217543
Key Up;S;217967
Key Down;D;218367
Key Up;D;218407
Key Down;Q;226486
Key Up;Q;226799
Key Down;A;226959
Key Up;A;227070
Key Down;Q;227319
Key Down;Z;227679
Key Up;Q;227815
Key Down;D;227999
Key Up;Z;228223
Key Up;D;228326
Key Down;E;228759
Key Up;E;228871
Key Down;S;250047
Key Down;D;250118
Key Up;D;250319
Key Up;S;250431
Key Down;S;250910
Key Up;S;251238
Key Down;Q;286639
Key Down;S;286719
Key Up;Q;286943
Key Down;D;287390
Key Up;S;287430
Key Up;D;287719
Key Down;Z;287735
Key Up;Z;287807
Key Down;E;288518
Key Up;E;288574
Key Down;D;290367
Key Up;D;290446
Key Down;E;290926
Key Up;E;290999
Key Down;D;291382
Key Up;D;291462
Key Down;E;291615
Key Up;E;291686
Key Down;Q;291974
Key Up;Q;292030
Key Down;Q;292390
Key Up;Q;292615
Key Down;E;293847
Key Up;E;293942
Key Down;Q;294431
Key Down;Z;294454
Key Up;Q;294743
Key Down;Q;296110
Key Up;Z;296614
Key Down;Z;297430
Key Up;Q;297847
Key Down;Q;298759
Key Up;Z;299047
Key Down;Z;299279
Key Up;Z;299335
Key Up;Q;299470
Key Down;Q;300126
Key Down;Z;300438
Key Up;Q;300974
Key Up;Z;301023
Key Down;Q;306135
Key Down;Z;306167
Key Up;Z;306422
Key Up;Q;306662
Key Down;Right Shift;308102
Key Down;Barre oblique;308231
Key Up;Right Shift;308279
Key Up;Barre oblique;308311
Key Down;S;309206
Key Up;S;309279
Key Down;I;309351
Key Up;I;309431
Key Down;M;310215
Key Up;M;310271
Key Down;P;310383
Key Up;P;310438
Key Down;L;310542
Key Up;L;310599
Key Down;E;310703
Key Up;E;310767
Key Down;S;313855
Key Up;S;313918
Key Down;A;314551
Key Up;A;314622
Key Down;Retour arrière;315575
Key Up;Retour arrière;315647
Key Down;T;316279
Key Up;T;316342
Key Down;A;316439
Key Up;A;316494
Key Down;T;316574
Key Up;T;316623
Key Down;S;316727
Key Up;S;316783
Key Down;Entrée;318526
Key Up;Entrée;318575
Key Down;Echap;320959
Key Up;Echap;321086
Key Down;Z;321463
Key Down;Q;321654
Key Up;Z;321735
Key Down;Z;322479
Key Up;Z;323398
Key Down;S;324183
Key Up;Q;324719
Key Down;Q;325334
Key Up;Q;325679
Key Up;S;327614
Key Down;D;327799
Key Down;Z;327823
Key Up;Z;327950
Key Down;Q;328190
Key Up;D;328199
Key Down;Z;328830
Key Up;Q;329119
Key Down;D;329351
Key Up;Z;329382
Key Down;Z;329686
Key Up;D;329703
Key Up;Z;329926
Key Down;S;330174
Key Down;D;330367
Key Up;S;331046
Key Up;D;331735
Key Down;D;332606
Key Down;S;332662
Key Up;S;333038
Key Down;S;334094
Key Up;D;334358
Key Up;S;335830
Key Down;Q;336671
Key Up;Q;337678
Key Down;D;338999
Key Down;A;339655
Key Up;A;339758
Key Down;S;340134
Key Up;D;340927
Key Down;Q;341471
Key Up;S;342030
Key Down;S;342654
Key Up;S;343158
Key Up;Q;343503
Key Down;D;343687
Key Down;A;344870
Key Up;A;344999
Key Up;D;345103
Key Down;Q;345422
Key Up;Q;346014
Key Down;Q;347087
Key Down;Z;347327
Key Up;Q;347542
Key Up;Z;347686
Key Down;A;348103
Key Up;A;348214
Key Down;Z;348374
Key Up;Z;348447
Key Down;S;349551
Key Down;Q;349615
Key Up;S;349726
Key Down;S;350238
Key Up;S;350382
Key Up;Q;350447
Key Down;D;350527
Key Down;S;351534
Key Up;D;351935
Key Up;S;353102
Key Down;E;353542
Key Up;E;353615
Key Down;S;353894
Key Down;D;354126
Key Up;S;354134
Key Down;S;354247
Key Up;D;354583
Key Down;D;354854
Key Up;D;355303
Key Down;Q;355486
Key Up;Q;355894
Key Down;Q;356007
Key Up;S;356119
Key Down;S;356198
Key Up;S;356279
Key Up;Q;356367
Key Down;Q;356455
Key Up;Q;356511
Key Down;D;356534
Key Down;Z;356551
Key Down;Q;356647
Key Up;D;356670
Key Up;Z;356694
Key Down;Z;357327
Key Up;Q;357838
Key Up;Z;358022
Key Down;S;358166
Key Down;D;358174
Key Up;S;359551
Key Down;Q;359758
Key Up;D;359766
Key Up;Q;359927
Key Down;S;364054
Key Up;S;364303
Key Down;D;365054
Key Down;Z;365286
Key Up;Z;365486
Key Down;S;365735
Key Up;S;366095
Key Up;D;366223
Key Down;A;366606
Key Up;A;366679
Key Down;Z;367679
Key Up;Z;367718
Key Down;D;368623
Key Up;D;370086
Key Down;Tab;371119
Key Up;Tab;371606
Key Down;Tab;372087
Key Up;Tab;374743
Key Down;Q;375271
Key Down;Z;375303
Key Up;Q;376415
Key Down;Q;376687
Key Up;Z;377087
Key Down;Z;377574
Key Up;Q;378151
Key Down;D;379142
Key Up;D;379239
Key Up;Z;379862
Key Down;Z;380631
Key Up;Z;381183
Key Down;S;381342
Key Down;Q;381382
Key Up;S;381838
Key Down;Z;382086
Key Up;Q;382118
Key Down;D;382390
Key Up;Z;382399
Key Up;D;383574
Key Down;Q;383822
Key Up;Q;385414
Key Down;D;385646
Key Down;Z;385959
Key Down;A;386054
Key Up;A;386150
Key Up;D;386407
Key Up;Z;386494
Key Down;Q;386598
Key Up;Q;387151
Key Down;D;387191
Key Up;D;387390
Key Down;S;387542
Key Down;D;387599
Key Up;D;388054
Key Down;Q;388487
Key Up;S;388551
Key Down;S;388758
Key Up;S;389142
Key Down;Z;389830
Key Up;Q;389982
Key Down;A;390183
Key Up;A;390326
Key Down;D;392302
Key Up;Z;392599
Key Down;S;393102
Key Up;S;393287
Key Down;S;394358
Key Up;D;395238
Key Down;A;395247
Key Up;A;395350
Key Down;D;395679
Key Up;D;395894
Key Down;D;396279
Key Up;D;396446
Key Down;D;396822
Key Up;D;396958
Key Down;Q;397190
Key Up;S;397478
Key Down;Z;398638
Key Up;Z;398646
Key Down;Z;398903
Key Up;Z;398975
Key Down;Z;399886
Key Up;Q;400022
Key Down;A;400278
Key Up;A;400431
Key Down;Q;400934
Key Up;Q;401054
Key Down;Q;402006
Key Up;Q;402119
Key Down;D;402647
Key Up;Z;402910
Key Down;A;405006
Key Up;A;405135
Key Down;S;405319
Key Up;D;405583
Key Down;Q;405758
Key Up;S;405847
Key Down;S;405967
Key Up;S;405982
Key Down;S;406199
Key Up;S;406519
Key Up;Q;406766
Key Down;D;406926
Key Down;S;407038
Key Up;D;407454
Key Down;Q;407654
Key Up;Q;408022
Key Up;S;408183
Key Down;A;408206
Key Up;A;408278
Key Down;S;409238
Key Down;Q;409502
Key Up;S;409614
Key Up;Q;409622
Key Down;D;410423
Key Up;D;412446
Key Down;Tab;413863
Key Up;Tab;417775
Key Down;Z;418654
Key Down;Q;419351
Key Up;Q;421046
Key Up;Z;421278
Key Down;E;421822
Key Up;E;421926
Key Down;S;422471
Key Down;D;422663
Key Up;S;422991
Key Down;Tab;423198
Key Up;D;423206
Key Up;Tab;425990
Key Down;Z;427014
Key Up;Z;428094
Key Down;Espace;428566
Key Up;Espace;428719
Key Down;S;429006
Key Up;S;429263
Key Down;Z;433551
Key Up;Z;433758
Key Down;E;433910
Key Up;E;433982
Key Down;S;434415
Key Up;S;434447
Key Down;E;434598
Key Up;E;434679
Key Down;S;435094
Key Up;S;435318
Key Down;Tab;435590
Key Up;Tab;437798
Key Down;S;439015
Key Down;A;439782
Key Up;A;439910
Key Down;D;439934
Key Up;S;440502
Key Down;Z;441326
Key Up;D;443814
Key Up;Z;444350
Key Down;A;444926
Key Up;A;444990
Key Down;S;445518
Key Down;D;445526
Key Up;S;445614
Key Up;D;445702
Key Down;Z;445878
Key Up;Z;446046
Key Down;E;446166
Key Up;E;446262
Key Down;S;447670
Key Up;S;447758
Key Down;E;448054
Key Up;E;448126
Key Down;S;448894
Key Up;S;449134
Key Down;Tab;449246
Key Up;Tab;451550
Key Down;Z;452566
Key Up;Z;453598
Key Down;E;453726
Key Up;E;453830
Key Down;S;455294
Key Up;S;455350
Key Down;E;455622
Key Up;E;455702
Key Down;R;457982
Key Up;R;458078
Key Down;Echap;477502
Key Up;Echap;477702
Key Down;Echap;478358
Key Up;Echap;478509
Key Down;Q;483126
Key Down;S;483534
Key Up;Q;483542
Key Up;S;483638
Key Down;A;486134
Key Up;A;486246
Key Down;Tab;491166
Key Up;Tab;493958
Key Down;D;494814
Key Down;Z;494830
Key Up;D;495246
Key Down;1;496566
Key Up;1;496678
Key Down;D;496973
Key Up;D;497677
Key Up;Z;497870
Key Down;1;497894
Key Up;1;498022
Key Down;1;498590
Key Up;1;498718
Key Down;Z;499398
Key Down;D;499414
Key Up;D;499678
Key Up;Z;500694
Key Down;E;501710
Key Up;E;501798
Key Down;Z;502366
Key Up;Z;502478
Key Down;E;503030
Key Up;E;503109
Key Down;Tab;504782
Key Up;Tab;505006
Key Down;R;506142
Key Up;R;506230
Key Down;G;510278
Key Up;G;511918
Key Down;G;512526
Key Up;G;512638
Key Down;G;512734
Key Up;G;512846
Key Down;G;516526
Key Up;G;516581
Key Down;G;516726
Key Up;G;516782
Key Down;G;516918
Key Up;G;516990
Key Down;G;517102
Key Up;G;517173
Key Down;Echap;517862
Key Up;Echap;517998
Key Down;Echap;543766
Key Up;Echap;543822
Key Down;Echap;544558
Key Up;Echap;544678
Key Down;Echap;545254
Key Up;Echap;545374
Key Down;Tab;547462
Key Up;Tab;552318
Key Down;D;554670
Key Up;D;554886
Key Down;S;555845
Key Up;S;556110
Key Down;Q;557302
Key Up;Q;557534
Key Down;S;557566
Key Down;Q;559557
Key Up;S;560245
Key Up;Q;560861
Key Down;Tab;561125
Key Up;Tab;565070
Key Down;D;565941
Key Up;D;566606
Key Down;D;567054
Key Up;D;567462
Key Down;D;568437
Key Up;D;569821
Key Down;D;579270
Key Down;S;581534
Key Up;S;582494
Key Up;D;584789
Key Down;D;584878
Key Up;D;585006
Key Down;D;585141
Key Up;D;585278
Key Down;Z;585502
Key Up;Z;585726
Key Down;D;586605
Key Up;D;586750
Key Down;Z;587101
Key Down;D;587126
Key Up;D;587269
Key Up;Z;587374
Key Down;Z;587646
Key Up;Z;587958
Key Down;S;588398
Key Up;S;588581
Key Down;Q;588942
Key Up;Q;589254
Key Down;S;589654
Key Down;D;589662
Key Up;D;589966
Key Down;Q;590237
Key Up;S;590686
Key Down;Z;593165
Key Up;Z;594318
Key Up;Q;594806
Key Down;Q;594982
Key Down;Z;595006
Key Up;Q;595022
Key Up;Z;595062
Key Down;D;595214
Key Up;D;595462
Key Down;Q;597037
Key Down;Z;597493
Key Up;Q;597534
Key Down;D;597597
Key Up;D;597805
Key Down;D;598030
Key Up;Z;598310
Key Down;Z;599837
Key Up;Z;600013
Key Down;S;600541
Key Up;S;600806
Key Down;S;601301
Key Down;Q;602278
Key Up;D;602293
Key Down;Left Shift;602302
Key Up;S;602326
Key Up;Left Shift;602349
Key Down;D;602918
Key Up;Q;602941
Key Down;S;602973
Key Up;D;603493
Key Up;S;603926
Key Down;Q;605157
Key Down;Z;605349
Key Up;Q;605686
Key Down;Q;606045
Key Up;Z;606118
Key Up;Q;606189
Key Down;D;606357
Key Up;D;606846
Key Down;D;607006
Key Up;D;607158
Key Down;D;607558
Key Down;Z;607958
Key Up;D;608070
Key Up;Z;608109
Key Down;D;608454
Key Down;Z;608558
Key Up;D;608686
Key Up;Z;608733
Key Down;Q;608773
Key Up;Q;609222
Key Down;S;609238
Key Down;D;609350
Key Up;D;610078
Key Down;D;610382
Key Up;D;610590
Key Up;S;610822
Key Down;D;611134
Key Down;Z;611150
Key Up;D;611341
Key Up;Z;611565
Key Down;S;612077
Key Down;Q;612238
Key Up;S;612845
Key Down;D;615598
Key Up;Q;615646
Key Up;D;615830
Key Down;Q;615990
Key Down;Z;617277
Key Up;Q;618285
Key Down;D;618805
Key Up;Z;619941
Key Down;S;621766
Key Up;D;623773
Key Up;S;623910
Key Down;D;624022
Key Up;D;624278
Key Down;D;625846
Key Down;Z;625918
Key Up;D;626037
Key Up;Z;626046
Key Down;Z;626293
Key Down;D;626549
Key Up;D;626670
Key Up;Z;626694
Key Down;Z;626934
Key Up;Z;627109
Key Down;Z;627422
Key Up;Z;627541
Key Down;Q;627629
Key Up;Q;628037
Key Down;S;628221
Key Up;S;629629
Key Down;Q;629717
Key Down;S;629725
Key Up;Q;630014
Key Down;Q;630206
Key Up;S;630278
Key Down;D;630550
Key Up;Q;630629
Key Down;Q;630718
Key Up;D;630726
Key Down;Z;631261
Key Up;Q;631525
Key Down;Q;631670
Key Up;Z;631814
Key Down;D;632926
Key Up;Q;632950
Key Up;D;633118
Key Down;Q;633221
Key Up;Q;635165
Key Down;D;639278
Key Down;Z;639453
Key Up;D;639813
Key Up;Z;640125
Key Down;D;640173
Key Up;D;640461
Key Down;Z;641030
Key Up;Z;641678
Key Down;D;641910
Key Down;S;641941
Key Up;D;642158
Key Down;D;642389
Key Up;S;642430
Key Down;Z;642614
Key Up;Z;642805
Key Down;Z;643046
Key Up;Z;643398
Key Down;Z;643438
Key Up;Z;643550
Key Up;D;643589
Key Down;S;643773
Key Down;Q;643902
Key Up;S;644022
Key Up;Q;644421
Key Down;D;644621
Key Down;Z;644693
Key Up;D;644717
Key Up;Z;644837
Key Down;E;645325
Key Up;E;645413
Key Down;Q;646157
Key Down;Z;646406
Key Up;Q;646813
Key Up;Z;647181
Key Down;D;649029
Key Up;D;649237
Key Down;D;653094
Key Down;Z;653197
Key Up;D;653622
Key Down;Q;653877
Key Up;Q;654062
Key Up;Z;656518
Key Down;Z;657446
Key Up;Z;658045
Key Down;S;669509
Key Down;Q;670069
Key Up;S;670150
Key Down;Z;670493
Key Up;Q;672070
Key Up;Z;672189
Key Down;D;672486
Key Up;D;672670
Key Down;D;673469
Key Down;Z;673630
Key Up;Z;674389
Key Down;Z;675749
Key Up;D;675862
Key Down;Q;677046
Key Up;Q;677133
Key Down;Q;677742
Key Up;Z;677894
Key Down;Z;679590
Key Up;Q;680981
Key Down;D;681318
Key Up;D;681622
Key Up;Z;681846
Key Down;Z;682181
Key Down;Q;682509
Key Up;Z;682557
Key Up;Q;682734
Key Down;D;683341
Key Down;Z;683501
Key Up;Z;683789
Key Up;D;683862
Key Down;Z;684142
Key Down;D;684357
Key Up;D;684566
Key Up;Z;685109
Key Down;S;685542
Key Down;Q;686269
Key Up;Q;686925
Key Down;Q;687301
Key Up;S;687670
Key Down;S;688293
Key Up;Q;688397
Key Down;Q;688878
Key Up;S;689109
Key Up;Q;689246
Key Down;D;689534
Key Down;Z;689685
Key Up;D;691446
Key Down;D;692053
Key Up;D;692301
Key Down;D;692765
Key Up;D;692854
Key Up;Z;693005
Key Down;E;693214
Key Up;E;693294
Key Down;Echap;694509
Key Up;Echap;694637
Key Down;Echap;695141
Key Up;Echap;695229
Key Down;S;697589
Key Down;D;699454
Key Up;S;701477
Key Down;S;702173
Key Up;D;702368
Key Down;Q;704061
Key Up;S;704269
Key Down;S;705518
Key Up;S;706261
Key Down;S;707125
Key Up;Q;707414
Key Down;Q;708677
Key Up;Q;709877
Key Up;S;709917
Key Down;D;710053
Key Down;Z;710197
Key Up;D;710526
Key Up;Z;710534
Key Down;D;711934
Key Down;Z;712021
Key Up;D;712325
Key Down;Q;712373
Key Up;Z;712629
Key Down;S;712773
Key Up;S;713022
Key Down;D;713158
Key Down;Z;713237
Key Up;Q;713462
Key Up;D;713781
Key Up;Z;713813
Key Down;Q;713829
Key Up;Q;713869
Key Down;D;714077
Key Down;S;714117
Key Up;D;714518
Key Up;S;714941
Key Down;D;714950
Key Up;D;715021
Key Down;Z;715093
Key Down;D;715238
Key Up;Z;715582
Key Down;S;715742
Key Up;D;715966
Key Up;S;716389
Key Down;Q;716582
Key Down;Z;716638
Key Up;Q;717477
Key Up;Z;717486
Key Down;E;717773
Key Up;E;717846
Key Down;S;718046
Key Up;S;718174
Key Down;Q;718301
Key Down;S;718318
Key Up;Q;719789
Key Down;A;719973
Key Up;S;719989
Key Up;A;720029
Key Down;Q;720565
Key Down;S;720861
Key Up;S;721829
Key Down;Z;722086
Key Up;Q;722869
Key Up;Z;723509
Key Down;Z;724198
Key Down;Q;725086
Key Up;Q;725166
Key Down;D;725254
Key Up;D;725582
Key Up;Z;725797
Key Down;Z;726214
Key Down;D;726269
Key Up;D;726429
Key Down;Q;727109
Key Up;Q;727270
Key Down;D;727846
Key Up;D;728198
Key Down;Q;729213
Key Up;Q;729557
Key Down;D;729686
Key Up;Z;729886
Key Up;D;729957
Key Down;Z;730110
Key Up;Z;730262
Key Down;Q;730461
Key Up;Q;730757
Key Down;D;730886
Key Down;Z;730894
Key Up;D;730918
Key Up;Z;731093
Key Down;Q;731101
Key Down;D;731381
Key Up;Q;731389
Key Down;S;731477
Key Up;D;731669
Key Up;S;731725
Key Down;Q;732069
Key Down;Z;732086
Key Up;Z;732509
Key Down;S;733205
Key Up;S;733398
Key Up;Q;734966
Key Down;Z;735045
Key Up;Z;735109
Key Down;A;735149
Key Up;A;735245
Key Down;Q;735429
Key Down;S;735518
Key Up;Q;736046
Key Up;S;736054
Key Down;D;736117
Key Up;D;736229
Key Down;Q;737301
Key Up;Q;737349
Key Down;Q;737686
Key Down;S;737925
Key Up;Q;738069
Key Up;S;738141
Key Down;D;738166
Key Up;D;738725
Key Down;Q;738781
Key Up;Q;739781
Key Down;D;739877
Key Up;D;740237
Key Down;Q;740253
Key Down;Z;740582
Key Up;Q;740741
Key Down;D;740933
Key Up;Z;741382
Key Down;S;741638
Key Up;D;741661
Key Up;S;741925
Key Down;Q;741941
Key Up;Q;742437
Key Down;D;742797
Key Up;D;742926
Key Down;S;743085
Key Down;Q;743262
Key Up;Q;743549
Key Down;D;743741
Key Up;S;743949
Key Up;D;744277
Key Down;S;744309
Key Down;D;744774
Key Up;S;744949
Key Down;A;745109
Key Up;D;745141
Key Up;A;745197
Key Down;D;745534
Key Up;D;745566
Key Down;S;745590
Key Down;Q;745757
Key Up;Q;745941
Key Down;D;746054
Key Up;D;746246
Key Up;S;746254
Key Down;Q;746821
Key Down;Z;746998
Key Up;Q;747101
Key Up;Z;747213
Key Down;D;747293
Key Up;D;748141
Key Down;A;748742
Key Up;A;748838
Key Down;D;749333
Key Up;D;749822
Key Down;Q;749878
Key Down;S;750957
Key Down;D;751261
Key Up;Q;751373
Key Up;S;751510
Key Up;D;751677
Key Down;Q;751886
Key Down;Z;752509
Key Up;Z;752741
Key Up;Q;752957
Key Down;Z;753133
Key Down;D;753653
Key Up;D;754157
Key Up;Z;754197
Key Down;D;754605
Key Down;S;754853
Key Up;D;754981
Key Up;S;755245
Key Down;A;755525
Key Up;A;755597
Key Down;Q;756557
Key Down;Z;756701
Key Up;Q;756861
Key Down;Q;756973
Key Up;Q;757069
Key Up;Z;757333
Key Down;Z;757805
Key Down;D;757845
Key Up;D;758061
Key Up;Z;758197
Key Down;D;758477
Key Up;D;759197
Key Down;A;760766
Key Up;A;760877
Key Down;D;761461
Key Down;Q;761965
Key Up;D;761973
Key Down;Z;762142
Key Up;Z;762573
Key Down;Z;762989
Key Up;Q;764101
Key Up;Z;764269
Key Down;Z;764725
Key Down;D;765006
Key Up;D;765269
Key Up;Z;766117
Key Down;Z;766374
Key Down;Q;766637
Key Up;Q;766725
Key Down;D;767717
Key Up;Z;767773
Key Up;D;768357
Key Down;Q;768421
Key Up;Q;769469
Key Down;Q;769645
Key Up;Q;769997
Key Down;A;770405
Key Up;A;770501
Key Down;Z;770525
Key Down;D;770717
Key Up;D;770853
Key Up;Z;771341
Key Down;S;771525
Key Down;D;772429
Key Up;D;772829
Key Down;Q;772886
Key Up;S;772918
Key Down;Z;773077
Key Up;Q;773373
Key Up;Z;773493
Key Down;D;773613
Key Up;D;773709
Key Down;Q;773741
Key Down;Z;773989
Key Up;Q;774053
Key Down;D;774238
Key Up;D;774398
Key Down;D;774989
Key Up;D;775093
Key Down;D;775205
Key Up;Z;775246
Key Up;D;775302
Key Down;S;775477
Key Down;D;776405
Key Up;S;776957
Key Down;Z;779238
Key Up;Z;779557
Key Down;Z;779981
Key Up;D;780198
Key Down;Q;780301
Key Up;Z;780349
Key Up;Q;780693
Key Down;D;781109
Key Down;S;781157
Key Up;D;781437
Key Down;Q;781549
Key Up;S;781701
Key Up;Q;782302
Key Down;D;782349
Key Down;Z;782805
Key Up;D;782957
Key Down;Q;783053
Key Up;Z;783245
Key Up;Q;783382
Key Down;D;783405
Key Up;D;783893
Key Down;D;784061
Key Down;S;784093
Key Up;D;784293
Key Up;S;784317
Key Down;Q;784341
Key Up;Q;784557
Key Down;D;784661
Key Down;Z;785069
Key Up;Z;785765
Key Up;D;785997
Key Down;S;786110
Key Down;Q;786293
Key Up;S;786357
Key Down;S;786773
Key Up;S;787013
Key Down;S;787077
Key Up;Q;787133
Key Down;D;787181
Key Up;D;787869
Key Down;Q;787981
Key Up;S;788077
Key Up;Q;788309
Key Down;D;788357
Key Down;Z;788933
Key Up;Z;789189
Key Down;Z;789917
Key Up;Z;790229
Key Down;Z;790573
Key Up;D;790701
Key Up;Z;790709
Key Down;S;790845
Key Down;Q;790949
Key Up;S;791150
Key Down;Z;793301
Key Up;Z;793829
Key Down;Z;794005
Key Up;Q;794341
Key Down;D;794461
Key Up;Z;794797
Key Down;S;795349
Key Up;D;796077
Key Down;Q;796421
Key Up;S;796741
Key Down;Z;797445
Key Up;Q;797877
Key Up;Z;798166
Key Down;A;798293
Key Up;A;798429
Key Down;Q;798957
Key Up;Q;798981
Key Down;S;799133
Key Down;D;799469
Key Up;S;799925
Key Down;Q;800413
Key Up;D;800477
Key Down;Z;801189
Key Up;Z;801373
Key Up;Q;802653
Key Down;D;802741
Key Up;D;803341
Key Down;Q;803349
Key Up;Q;803445
Key Down;Q;803654
Key Down;Z;803981
Key Up;Q;804045
Key Down;D;804237
Key Up;D;804389
Key Up;Z;804461
Key Down;S;804725
Key Down;Q;804901
Key Up;S;805005
Key Down;Z;806005
Key Up;Q;806181
Key Up;Z;806437
Key Down;D;806733
Key Down;S;806741
Key Up;D;806933
Key Up;S;807014
Key Down;Z;807197
Key Down;D;807781
Key Up;D;807861
Key Down;D;808541
Key Up;Z;809229
Key Down;Z;810877
Key Up;Z;810997
Key Down;S;811365
Key Up;S;811477
Key Down;S;811829
Key Up;S;812893
Key Down;S;813405
Key Up;D;813893
Key Down;D;814245
Key Up;D;814421
Key Down;Q;814461
Key Up;S;814733
Key Up;Q;815333
Key Down;D;815765
Key Down;Z;816373
Key Up;D;816597
Key Down;A;817221
Key Up;Z;817237
Key Up;A;817349
Key Down;S;817860
Key Down;D;818021
Key Up;D;818197
Key Down;Q;818285
Key Up;S;818685
Key Up;Q;818901
Key Down;D;819205
Key Down;Z;819973
Key Up;D;820045
Key Down;A;820101
Key Up;A;820261
Key Down;Q;820613
Key Up;Z;821189
Key Up;Q;821613
Key Down;S;821917
Key Down;D;821925
Key Up;D;822381
Key Up;S;822533
Key Down;D;822725
Key Down;Z;822741
Key Up;D;822877
Key Up;Z;823949
Key Down;S;824741
Key Down;D;824829
Key Up;D;825245
Key Down;Q;825301
Key Up;S;825317
Key Up;Q;826525
Key Down;D;827469
Key Down;S;827949
Key Up;S;828389
Key Down;Z;828541
Key Up;D;828645
Key Up;Z;829853
Key Down;D;829908
Key Down;S;830109
Key Up;D;830501
Key Up;S;831076
Key Down;Q;831276
Key Down;S;831389
Key Up;Q;831604
Key Down;D;832005
Key Up;S;832141
Key Down;S;832660
Key Up;D;832876
Key Down;Q;834213
Key Up;S;834381
Key Down;S;834861
Key Up;Q;835085
Key Down;Q;835445
Key Up;Q;835525
Key Down;D;835813
Key Up;D;835901
Key Down;D;836125
Key Up;S;836261
Key Up;D;836341
Key Down;Z;836533
Key Up;Z;837388
Key Down;S;837629
Key Up;S;838221
Key Down;A;838437
Key Up;A;838525
Key Down;Z;838901
Key Up;Z;839749
Key Down;Z;841149
Key Down;D;841500
Key Up;Z;842149
Key Up;D;842165
Key Down;Z;842556
Key Up;Z;842757
Key Down;D;843381
Key Up;D;843941
Key Down;E;844381
Key Up;E;844485
Key Down;Q;844773
Key Down;Z;845037
Key Up;Q;845885
Key Down;Q;846501
Key Up;Z;848293
Key Down;Z;848765
Key Up;Q;848773
Key Up;Z;848861
Key Down;D;849037
Key Down;Z;849117
Key Up;D;849189
Key Up;Z;849876
Key Down;Z;850165
Key Down;Q;850477
Key Up;Q;851037
Key Up;Z;851317
Key Down;Q;853429
Key Up;Q;853701
Key Down;Z;853789
Key Up;Z;854093
Key Down;Q;854165
Key Down;Z;854237
Key Up;Q;854260
Key Up;Z;854325
Key Down;Z;855804
Key Down;D;856429
Key Up;D;856773
Key Up;Z;857173
Key Down;Z;858997
Key Up;Z;859157
Key Down;Z;860277
Key Down;D;860381
Key Up;D;860509
Key Down;D;861229
Key Up;Z;861357
Key Down;Z;861436
Key Up;Z;861789
Key Down;S;862021
Key Up;D;862093
Key Down;Q;862141
Key Up;S;862349
Key Down;Z;862685
Key Up;Q;863229
Key Down;A;864020
Key Up;A;864117
Key Down;D;864365
Key Up;Z;864629
Key Down;S;865205
Key Up;S;865965
Key Down;Z;866525
Key Up;Z;867637
Key Up;D;867973
Key Down;Q;867981
Key Down;S;868173
Key Up;S;869413
Key Up;Q;871021
Key Down;S;871149
Key Up;S;871221
Key Down;Q;871525
Key Up;Q;871596
Key Down;E;879892
Key Up;E;879989
Key Down;D;880453
Key Down;Z;880669
Key Up;Z;881013
Key Down;Z;882573
Key Up;Z;883621
Key Up;D;885445
Key Down;Z;888645
Key Down;D;888813
Key Up;D;889468
Key Up;Z;889796
Key Down;Z;891445
Key Up;Z;891836
Key Down;Z;892997
Key Down;Q;896012
Key Up;Q;896317
Key Down;D;896797
Key Up;D;897045
Key Up;Z;897221
Key Down;E;897301
Key Up;E;897397
Key Down;Q;898701
Key Up;Q;898788
Key Down;S;900301
Key Down;Q;900445
Key Up;Q;900709
Key Down;D;901484
Key Up;D;901757
Key Up;S;903661
Key Down;Tab;903789
Key Up;Tab;906020
Key Down;S;906669
Key Down;Q;906876
Key Up;Q;908029
Key Down;Q;909220
Key Up;S;909837
Key Down;S;913365
Key Up;S;913812
Key Down;Z;914981
Key Up;Q;915653
Key Down;D;915916
Key Up;D;916061
Key Down;D;916724
Key Up;D;917149
Key Down;Q;917157
Key Up;Z;917205
Key Down;S;917372
Key Up;Q;917597
Key Down;Q;917877
Key Up;Q;918196
Key Down;D;918357
Key Up;D;918725
Key Down;D;918917
Key Up;D;918988
Key Down;D;919108
Key Up;S;919724
Key Down;Z;920357
Key Up;D;921765
Key Up;Z;922037
Key Down;D;922757
Key Down;S;922789
Key Up;S;922997
Key Up;D;923004
Key Down;Q;923829
Key Up;Q;924068
Key Down;S;924404
Key Down;D;924453
Key Up;S;924765
Key Down;S;924900
Key Up;D;925053
Key Down;D;925213
Key Up;S;925237
Key Down;S;925292
Key Up;D;925381
Key Up;S;925396
Key Down;Q;925861
Key Down;Z;926205
Key Up;Z;926261
Key Up;Q;926565
Key Down;D;926645
Key Up;D;926837
Key Down;S;927269
Key Down;D;927308
Key Up;S;927540
Key Down;Z;927765
Key Up;D;927860
Key Down;Q;927933
Key Up;Q;928277
Key Up;Z;928349
Key Down;A;928965
Key Up;A;929061
Key Down;Q;929613
Key Down;Z;929773
Key Up;Q;929949
Key Up;Z;930077
Key Down;D;930125
Key Down;S;930749
Key Up;D;931564
Key Down;Q;932421
Key Up;Q;932541
Key Down;Q;933908
Key Up;S;934756
Key Down;Z;936012
Key Up;Q;936085
Key Up;Z;936212
Key Down;Z;936349
Key Up;Z;936492
Key Down;D;938693
Key Up;D;938965
Key Down;D;939237
Key Up;D;939516
Key Down;Q;940149
Key Down;S;940181
Key Up;Q;940357
Key Up;S;940525
Key Down;Q;940684
Key Down;S;940749
Key Up;Q;940901
Key Down;D;941205
Key Up;S;941324
Key Up;D;941612
Key Down;Q;941756
Key Up;Q;941821
Key Down;Z;946381
Key Up;Z;947140
Key Down;A;947509
Key Up;A;947676
Key Down;Q;948052
Key Down;Z;948268
Key Up;Z;948781
Key Up;Q;949261
Key Down;Q;950373
Key Down;Z;951716
Key Up;Q;951989
Key Down;Q;953540
Key Up;Q;953901
Key Down;D;953917
Key Up;D;954469
Key Down;Q;954812
Key Up;Q;954901
Key Up;Z;956028
Key Down;Q;956404
Key Down;S;956437
Key Up;Q;956493
Key Up;S;956829
Key Down;Q;956892
Key Up;Q;956941
Key Down;S;957117
Key Down;Q;957308
Key Up;Q;957429
Key Down;D;957797
Key Up;D;957972
Key Down;Q;958189
Key Up;Q;958301
Key Down;D;958517
Key Up;S;958556
Key Up;D;958733
Key Down;D;958916
Key Up;D;958981
Key Down;Z;959117
Key Up;Z;959205
Key Down;Q;959517
Key Down;S;959797
Key Up;S;960028
Key Down;S;960500
Key Up;S;960861
Key Down;S;961021
Key Up;S;961165
Key Down;Z;961492
Key Up;Z;961540
Key Down;Z;961804
Key Up;Z;961996
Key Up;Q;962597
Key Down;Q;964309
Key Up;Q;964580
Key Down;Q;965237
Key Up;Q;965436
Key Down;Q;965861
Key Down;Z;966157
Key Up;Q;966468
Key Up;Z;966820
Key Down;D;967125
Key Up;D;967629
Key Down;A;968204
Key Up;A;968316
Key Down;D;968829
Key Up;D;969133
Key Down;Q;969420
Key Down;S;969684
Key Up;Q;969716
Key Down;D;969836
Key Up;S;969925
Key Down;Z;970685
Key Up;Z;971116
Key Down;Z;971509
Key Up;Z;971741
Key Down;Z;972780
Key Up;D;973069
Key Down;D;975124
Key Up;Z;975324
Key Up;D;975628
Key Down;D;976981
Key Up;D;977756
Key Down;D;977916
Key Down;Z;978132
Key Up;Z;978212
Key Up;D;978244
Key Down;Q;978284
Key Down;Z;978740
Key Up;Q;979005
Key Down;D;979228
Key Down;A;979524
Key Up;D;979580
Key Up;A;979653
Key Down;D;980156
Key Up;Z;980508
Key Down;Q;980933
Key Up;D;980972
Key Down;S;981445
Key Up;Q;981565
Key Down;D;982013
Key Down;Q;982444
Key Up;D;982453
Key Up;S;982500
Key Down;Z;982653
Key Up;Q;982829
Key Down;D;983085
Key Down;A;983413
Key Up;A;983500
Key Up;Z;984060
Key Up;D;984133
Key Down;Q;984181
Key Down;S;984476
Key Up;Q;984588
Key Up;S;984812
Key Down;S;985188
Key Down;D;985453
Key Up;S;985517
Key Up;D;985660
Key Down;Q;985940
Key Down;Z;985972
Key Up;Q;985988
Key Down;D;986244
Key Up;Z;986597
Key Up;D;986612
Key Down;Q;986621
Key Up;Q;986797
Key Down;D;986845
Key Down;Z;987045
Key Up;Z;987204
Key Down;A;987597
Key Up;A;987685
Key Down;S;988445
Key Up;D;988828
Key Up;S;988868
Key Down;S;989333
Key Down;Q;989812
Key Up;S;990108
Key Up;Q;990156
Key Down;D;990165
Key Down;Z;990277
Key Up;D;990413
Key Down;Q;990741
Key Up;Z;990924
Key Up;Q;990956
Key Down;A;991149
Key Up;A;991244
Key Down;S;991612
Key Down;D;991645
Key Down;Q;992061
Key Up;D;992077
Key Up;S;992093
Key Up;Q;992269
Key Down;D;992301
Key Down;Z;992404
Key Up;D;992893
Key Down;Q;993149
Key Up;Z;993276
Key Up;Q;993668
Key Down;A;995244
Key Up;A;995365
Key Down;S;995780
Key Down;D;995892
Key Up;D;996124
Key Down;D;996444
Key Up;D;996653
Key Up;S;996701
Key Down;D;997133
Key Down;S;997660
Key Up;D;997692
Key Up;S;997717
Key Down;Q;997956
Key Down;S;1000381
Key Up;S;1000524
Key Down;S;1000965
Key Up;S;1001085
Key Down;S;1001460
Key Up;Q;1001629
Key Down;Q;1003549
Key Up;S;1004236
Key Down;S;1005901
Key Up;S;1006525
Key Down;S;1007445
Key Up;S;1007564
Key Up;Q;1009044
Key Down;Q;1009525
Key Up;Q;1009740
Key Down;D;1010621
Key Up;D;1011540
Key Down;Tab;1011628
Key Up;Tab;1021092
Key Down;Z;1021852
Key Down;Q;1022221
Key Up;Z;1023461
Key Down;Z;1024020
Key Up;Q;1024589
Key Down;Q;1025021
Key Up;Z;1025293
Key Down;Z;1025692
Key Up;Z;1025924
Key Down;Z;1026341
Key Up;Q;1026948
Key Up;Z;1028068
Key Down;Z;1028637
Key Up;Z;1028844
Key Down;Z;1034301
Key Up;Z;1035125
Key Down;Q;1035349
Key Down;S;1035732
Key Up;S;1036037
Key Up;Q;1036084
Key Down;D;1036516
Key Down;Q;1037013
Key Up;D;1037020
Key Down;Z;1037701
Key Up;Q;1037828
Key Down;D;1037892
Key Up;D;1038108
Key Up;Z;1038141
Key Down;Q;1038397
Key Down;S;1038644
Key Up;S;1039292
Key Up;Q;1039525
Key Down;D;1039892
Key Down;Z;1039996
Key Up;Z;1040181
Key Down;Q;1040381
Key Up;D;1040412
Key Down;Z;1040517
Key Up;Q;1040532
Key Down;D;1040637
Key Up;Z;1040829
Key Up;D;1040932
Key Down;Q;1041444
Key Up;Q;1041629
Key Down;Q;1042308
Key Down;S;1042645
Key Up;Q;1042780
Key Up;S;1042964
Key Down;D;1043540
Key Down;Z;1043604
Key Up;D;1043613
Key Up;Z;1043741
Key Down;Q;1043852
Key Up;Q;1044005
Key Down;D;1044045
Key Down;Z;1044149
Key Up;Z;1044276
Key Down;S;1044653
Key Up;S;1045021
Key Down;Q;1045053
Key Up;D;1045061
Key Up;Q;1045452
Key Down;D;1045508
Key Down;Q;1046349
Key Up;D;1046372
Key Up;Q;1046477
Key Down;D;1046557
Key Up;D;1046588
Key Down;Q;1046628
Key Down;Z;1047245
Key Up;Q;1047309
Key Up;Z;1047444
Key Down;D;1047989
Key Down;S;1048189
Key Up;D;1048412
Key Up;S;1048532
Key Down;D;1049501
Key Up;D;1049965
Key Down;Q;1049973
Key Up;Q;1050069
Key Down;Q;1050468
Key Up;Q;1050564
Key Down;Z;1050580
Key Up;Z;1050788
Key Down;Q;1051676
Key Up;Q;1051748
Key Down;Z;1051829
Key Down;D;1051853
Key Up;Z;1051980
Key Up;D;1052021
Key Down;D;1052172
Key Up;D;1052221
Key Down;D;1052268
Key Up;D;1052317
Key Down;S;1052356
Key Up;S;1052413
Key Down;D;1052460
Key Up;D;1052549
Key Down;Z;1052780
Key Up;Z;1052860
Key Down;S;1053237
Key Up;S;1053284
Key Down;Q;1053709
Key Up;Q;1053749
Key Down;Q;1053908
Key Up;Q;1054036
Key Down;Z;1054781
Key Up;Z;1054940
Key Down;Q;1056308
Key Up;Q;1056380
Key Down;S;1056492
Key Up;S;1056556
Key Down;S;1056588
Key Down;D;1056717
Key Up;D;1056812
Key Up;S;1056836
Key Down;D;1057124
Key Down;S;1057173
Key Up;S;1057253
Key Up;D;1057285
Key Down;Q;1057356
Key Down;S;1057389
Key Up;Q;1057397
Key Down;D;1057421
Key Up;S;1057437
Key Down;Z;1057909
Key Down;Q;1059220
Key Up;Z;1059340
Key Up;D;1059404
Key Up;Q;1059509
Key Down;D;1059540
Key Up;D;1059772
Key Down;S;1059972
Key Down;D;1059981
Key Up;S;1060196
Key Up;D;1060421
Key Down;Q;1060429
Key Down;S;1060445
Key Up;S;1060484
Key Down;Z;1060901
Key Up;Q;1061268
Key Up;Z;1061405
Key Down;Q;1061589
Key Down;S;1062421
Key Up;Q;1062549
Key Up;S;1062644
Key Down;D;1062749
Key Down;Z;1063485
Key Up;Z;1063668
Key Up;D;1063844
Key Down;Q;1064756
Key Down;Z;1064804
Key Up;Q;1064957
Key Up;Z;1064972
Key Down;S;1065549
Key Down;D;1065581
Key Up;D;1065692
Key Down;Q;1065812
Key Up;S;1065820
Key Down;Z;1065948
Key Up;Q;1066036
Key Down;Q;1066292
Key Up;Z;1066588
Key Down;S;1067029
Key Up;S;1067252
Key Up;Q;1068141
Key Down;Espace;1080013
Key Up;Espace;1080229
Key Down;Left Alt;1087828
Key Down;Tab;1087932
Key Up;Tab;1088036
Key Up;Left Alt;1088069
Key Down;Z;1100133
Key Down;Q;1100181
Key Up;Q;1101045
Key Down;Q;1101644
Key Up;Q;1101853
Key Down;D;1103932
Key Up;D;1104420
Key Up;Z;1104668
Key Down;S;1104901
Key Down;Q;1105260
Key Up;S;1105581
Key Up;Q;1105588
Key Down;Z;1106156
Key Up;Z;1106172
Key Down;Echap;1106261
Key Up;Echap;1106380
Key Down;Q;1122053
Key Down;S;1122221
Key Up;S;1122588
Key Up;Q;1122804
Key Down;D;1122821
Key Down;Z;1123324
Key Down;A;1123604
Key Up;A;1123740
Key Up;D;1124301
Key Down;D;1124948
Key Up;D;1125196
Key Down;Q;1126468
Key Up;Z;1127036
Key Down;Z;1127540
Key Up;Q;1128084
Key Down;D;1129532
Key Down;A;1129764
Key Up;A;1129852
Key Up;Z;1130044
Key Down;S;1130748
Key Down;Q;1131204
Key Up;D;1131236
Key Up;Q;1131524
Key Down;D;1131717
Key Up;D;1131788
Key Down;Q;1132821
Key Up;S;1133053
Key Up;Q;1133596
Key Down;A;1133732
Key Up;A;1133820
Key Down;Q;1134092
Key Down;Z;1134532
Key Up;Q;1134668
Key Down;D;1135148
Key Up;Z;1135612
Key Down;Q;1135628
Key Up;D;1135684
Key Down;Z;1135940
Key Up;Q;1136324
Key Down;D;1136596
Key Down;A;1136876
Key Up;A;1136996
Key Up;Z;1137292
Key Down;S;1137892
Key Up;D;1138148
Key Down;Q;1138172
Key Up;S;1138276
Key Down;Z;1138476
Key Up;Q;1138660
Key Down;D;1138764
Key Up;Z;1138876
Key Up;D;1138940
Key Down;Q;1139732
Key Up;Q;1140460
Key Down;A;1140692
Key Up;A;1140788
Key Down;S;1142268
Key Up;S;1142900
Key Down;A;1143452
Key Up;A;1143548
Key Down;A;1146788
Key Up;A;1146868
Key Down;S;1147908
Key Up;S;1148644
Key Down;A;1149780
Key Up;A;1149869
Key Down;D;1150340
Key Down;Z;1150396
Key Up;Z;1150659
Key Up;D;1150708
Key Down;Q;1150988
Key Down;Z;1151164
Key Up;Q;1151316
Key Down;Q;1152084
Key Up;Z;1152380
Key Down;Z;1154620
Key Up;Z;1154764
Key Down;Z;1156116
Key Up;Q;1156508
Key Down;D;1156860
Key Up;D;1157300
Key Down;D;1157732
Key Down;A;1157868
Key Up;A;1157963
Key Up;Z;1158940
Key Down;S;1159156
Key Up;D;1159452
Key Down;D;1159612
Key Up;D;1159700
Key Up;S;1159908
Key Down;A;1160004
Key Up;A;1160092
Key Down;Q;1160996
Key Down;S;1161260
Key Up;Q;1161484
Key Up;S;1161644
Key Down;Q;1161932
Key Down;S;1162652
Key Up;Q;1162700
Key Up;S;1162804
Key Down;A;1162916
Key Up;A;1162988
Key Down;Z;1167044
Key Down;Q;1168148
Key Up;Z;1168348
Key Down;Z;1169180
Key Up;Z;1169316
Key Down;Z;1170884
Key Down;D;1171012
Key Up;Q;1171548
Key Down;A;1172308
Key Up;A;1172420
Key Up;D;1172476
Key Down;Q;1172980
Key Up;Q;1173156
Key Down;Q;1173276
Key Up;Z;1174612
Key Down;S;1176052
Key Up;Q;1176755
Key Up;S;1176900
Key Down;A;1176972
Key Up;A;1177052
Key Down;Z;1177468
Key Up;Z;1177612
Key Down;Q;1177652
Key Down;Z;1178852
Key Up;Z;1179012
Key Up;Q;1179020
Key Down;Q;1180188
Key Down;S;1180444
Key Up;Q;1180691
Key Up;S;1180804
Key Down;D;1180876
Key Down;Z;1180940
Key Up;Z;1181132
Key Up;D;1181164
Key Down;S;1181924
Key Down;A;1182355
Key Up;A;1182459
Key Down;Q;1182915
Key Up;Q;1183148
Key Down;D;1183892
Key Up;D;1184259
Key Down;D;1184892
Key Up;S;1185452
Key Down;Z;1186228
Key Up;D;1186580
Key Down;D;1186604
Key Up;Z;1186812
Key Down;Z;1188020
Key Up;D;1188316
Key Up;Z;1188364
Key Down;D;1188900
Key Down;Z;1189411
Key Down;A;1189524
Key Up;A;1189620
Key Up;D;1189796
Key Down;D;1190123
Key Up;D;1190348
Key Down;D;1190428
Key Up;D;1190948
Key Up;Z;1191092
Key Down;S;1191236
Key Down;Q;1191324
Key Up;Q;1191484
Key Down;Q;1191739
Key Up;Q;1192004
Key Down;Q;1192348
Key Up;S;1192468
Key Down;S;1192804
Key Up;S;1194012
Key Down;Z;1194403
Key Up;Z;1194788
Key Down;Z;1196204
Key Up;Q;1197076
Key Down;Q;1198404
Key Up;Q;1198556
Key Up;Z;1198907
Key Down;Q;1199268
Key Down;Z;1199292
Key Up;Q;1199468
Key Up;Z;1199772
Key Down;Z;1199892
Key Down;D;1200052
Key Down;A;1200252
Key Up;A;1200364
Key Up;Z;1200652
Key Down;S;1201404
Key Up;D;1202140
Key Down;D;1202476
Key Up;S;1202524
Key Down;Z;1202716
Key Up;Z;1203980
Key Down;Echap;1204700
Key Up;D;1204836
Key Up;Echap;1204844
Key Down;Left Alt;1217563
Key Down;Tab;1217764
Key Up;Tab;1217892
Key Up;Left Alt;1217927
