Event;Key;Time
Key Down;D;9629
Key Down;S;10413
Key Up;D;10629
Key Down;D;10661
Key Up;S;10901
Key Down;Right Shift;11061
Key Down;Z;11205
Key Up;D;11245
Key Down;Barre oblique;11309
Key Up;Z;11341
Key Up;Right Shift;11389
Key Up;Barre oblique;11404
Key Down;S;12517
Key Up;S;12589
Key Down;I;12661
Key Up;I;12709
Key Down;M;12941
Key Up;M;12997
Key Down;P;13093
Key Up;P;13140
Key Down;L;13237
Key Up;L;13293
Key Down;E;13357
Key Up;E;13405
Key Down;S;13973
Key Up;S;14037
Key Down;A;14157
Key Up;A;14212
Key Down;T;14341
Key Up;T;14405
Key Down;Retour arrière;14965
Key Up;Retour arrière;15021
Key Down;Retour arrière;15076
Key Up;Retour arrière;15132
Key Down;T;15733
Key Up;T;15797
Key Down;A;15845
Key Up;A;15909
Key Down;T;15941
Key Up;T;15997
Key Down;S;16037
Key Up;S;16093
Key Down;Entrée;16892
Key Up;Entrée;16956
Key Down;Echap;17477
Key Up;Echap;17573
Key Down;Z;18229
Key Down;D;19013
Key Up;D;19260
Key Down;Q;19364
Key Up;Q;19548
Key Down;D;19589
Key Up;D;19749
Key Down;Q;19933
Key Up;Q;20132
Key Down;D;20644
Key Up;D;21333
Key Down;Q;21341
Key Up;Q;21997
Key Down;D;22028
Key Down;Q;22604
Key Up;D;22621
Key Up;Q;23277
Key Down;D;23397
Key Up;D;24125
Key Up;Z;24221
Key Down;Q;33125
Key Up;Q;33429
Key Down;D;33669
Key Down;S;33868
Key Up;D;34269
Key Down;Q;34885
Key Up;Q;34973
Key Down;Q;36093
Key Up;Q;36517
Key Up;S;36797
Key Down;D;36804
Key Down;Z;37325
Key Up;D;37557
Key Up;Z;37957
Key Down;Q;37965
Key Up;Q;38116
Key Down;A;38324
Key Up;A;38412
Key Down;S;38661
Key Down;D;38933
Key Up;D;38973
Key Down;D;39109
Key Up;D;39309
Key Down;Q;39460
Key Up;S;39556
Key Down;Z;39701
Key Up;Q;39741
Key Down;Q;40300
Key Up;Z;40477
Key Down;S;40669
Key Up;S;40901
Key Down;S;41773
Key Up;S;42229
Key Up;Q;42756
Key Down;Echap;42981
Key Up;Echap;43093
Key Down;D;51877
Key Down;Z;52621
Key Up;Z;53277
Key Down;Q;55252
Key Down;Z;55309
Key Up;D;55325
Key Up;Q;55397
Key Up;Z;55540
Key Down;Q;55941
Key Down;S;56020
Key Up;Q;56556
Key Up;S;56877
Key Down;D;56973
Key Down;S;57340
Key Up;S;57701
Key Down;Z;59061
Key Up;D;59197
Key Down;A;60381
Key Up;A;60485
Key Up;Z;60637
Key Down;D;60788
Key Down;Z;61029
Key Up;D;61157
Key Down;Q;61828
Key Up;Z;62332
Key Up;Q;62981
Key Down;A;63085
Key Up;A;63173
Key Down;D;63701
Key Down;S;63821
Key Up;D;64036
Key Up;S;64429
Key Down;D;64501
Key Up;D;64789
Key Down;Z;64797
Key Down;Q;64933
Key Up;Z;65364
Key Down;S;65797
Key Up;Q;65901
Key Up;S;65956
Key Down;A;66364
Key Up;A;66453
Key Down;S;66957
Key Down;Q;67212
Key Up;S;67284
Key Down;Z;67549
Key Up;Q;67644
Key Down;D;67781
Key Up;Z;67797
Key Up;D;67924
Key Down;E;68068
Key Up;E;68164
Key Down;S;68564
Key Down;D;68589
Key Up;S;68725
Key Up;D;68869
Key Down;Q;69036
Key Up;Q;69197
Key Down;D;69485
Key Up;D;69653
Key Down;A;70428
Key Up;A;70509
Key Down;Q;73021
Key Down;Z;73380
Key Up;Q;73388
Key Down;A;73517
Key Up;Z;73549
Key Up;A;73604
Key Down;Q;74117
Key Up;Q;74397
Key Down;D;74429
Key Down;Z;74645
Key Up;Z;75173
Key Down;S;75381
Key Up;D;75509
Key Down;Q;75845
Key Up;S;75973
Key Down;S;77589
Key Up;Q;77676
Key Down;Q;77892
Key Up;Q;78012
Key Up;S;78205
Key Down;A;78301
Key Up;A;78389
Key Down;Z;79125
Key Down;D;79421
Key Up;D;79533
Key Up;Z;79549
Key Down;D;79917
Key Down;Z;80092
Key Up;Z;80525
Key Up;D;81244
Key Down;Echap;83893
Key Up;Echap;84021
Key Down;D;94037
Key Down;S;94501
Key Up;D;95300
Key Down;D;95725
Key Up;D;95789
Key Up;S;97117
Key Down;D;97125
Key Down;Z;97509
Key Up;Z;97828
Key Down;S;98405
Key Up;S;99109
Key Down;S;99524
Key Up;D;99596
Key Up;S;100261
Key Down;D;100549
Key Down;Z;100589
Key Up;D;100804
Key Up;Z;101597
Key Down;S;101853
Key Down;D;101885
Key Up;D;102172
Key Down;Q;102428
Key Up;Q;102813
Key Down;Q;102933
Key Up;S;103772
Key Down;S;104197
Key Up;S;104349
Key Down;Z;105028
Key Up;Q;106164
Key Down;D;106452
Key Up;Z;107109
Key Down;S;108269
Key Up;D;108876
Key Down;Q;109028
Key Up;S;109573
Key Down;D;110452
Key Up;Q;110484
Key Down;Z;110508
Key Up;Z;111333
Key Down;S;111764
Key Up;D;112100
Key Down;Q;112661
Key Up;S;113284
Key Down;Z;114076
Key Up;Q;114844
Key Down;D;115349
Key Up;D;115948
Key Down;A;116125
Key Up;Z;116189
Key Up;A;116220
Key Down;S;116741
Key Down;D;116772
Key Up;D;117100
Key Up;S;117132
Key Down;Q;118181
Key Up;Q;120877
Key Down;D;121356
Key Down;Z;121532
Key Up;D;121589
Key Down;E;121765
Key Up;Z;121781
Key Up;E;121884
Key Down;Q;122076
Key Up;Q;122197
Key Down;Z;122253
Key Down;Q;122685
Key Up;Z;122781
Key Up;Q;122789
Key Down;S;123564
Key Down;D;123604
Key Up;D;124044
Key Down;Q;125236
Key Up;S;125572
Key Down;E;125836
Key Up;Q;125877
Key Up;E;125965
Key Down;A;126756
Key Up;A;126845
Key Down;D;129101
Key Down;Z;129436
Key Up;D;129684
Key Up;Z;129997
Key Down;Z;130596
Key Up;Z;130940
Key Down;Z;131589
Key Up;Z;131893
Key Down;Z;132381
Key Down;Q;132541
Key Up;Z;132812
Key Up;Q;132916
Key Down;Q;133484
Key Down;S;133852
Key Up;S;134572
Key Up;Q;134668
Key Down;Q;134893
Key Down;S;134940
Key Up;Q;135252
Key Up;S;135333
Key Down;Q;135732
Key Down;S;135797
Key Up;S;136076
Key Up;Q;136084
Key Down;A;136292
Key Up;A;136389
Key Down;D;137165
Key Down;Z;137324
Key Up;Z;138092
Key Down;S;138357
Key Up;S;138932
Key Down;Z;139308
Key Up;Z;139469
Key Down;Z;144340
Key Up;Z;144357
Key Up;D;144437
Key Down;Z;144924
Key Down;Q;144932
Key Up;Q;145156
Key Down;D;145452
Key Up;Z;146300
Key Up;D;147028
Key Down;Q;147180
Key Down;Z;147188
Key Up;Q;147308
Key Up;Z;147460
Key Down;Q;147620
Key Down;S;147908
Key Up;S;148452
Key Down;S;148740
Key Up;Q;149052
Key Down;A;149284
Key Up;A;149381
Key Up;S;149437
Key Down;D;149476
Key Up;D;149701
Key Down;S;150708
Key Down;D;151108
Key Up;S;152404
Key Up;D;152813
Key Down;A;153444
Key Up;A;153548
Key Down;D;154052
Key Up;D;154308
Key Down;Q;154404
Key Up;Q;154669
Key Down;D;156964
Key Down;S;156996
Key Up;D;157244
Key Down;Q;157452
Key Up;S;157501
Key Down;Z;158645
Key Up;Q;158748
Key Down;Q;159300
Key Up;Q;159420
Key Down;Q;159652
Key Up;Q;159885
Key Down;D;160132
Key Up;D;160412
Key Down;D;160708
Key Up;Z;161572
Key Up;D;161588
Key Down;D;161965
Key Down;S;162700
Key Up;S;163260
Key Down;S;163725
Key Up;S;164492
Key Up;D;164845
Key Down;A;164860
Key Up;A;165012
Key Down;Z;165101
Key Down;D;165221
Key Up;Z;165493
Key Down;Z;165509
Key Up;D;165556
Key Up;Z;165660
Key Down;S;166133
Key Down;Q;166717
Key Up;Q;167124
Key Up;S;167204
Key Down;Z;168156
Key Down;D;168165
Key Up;D;168725
Key Up;Z;169092
Key Down;Z;169204
Key Down;Q;169565
Key Up;Z;170204
Key Down;S;170492
Key Up;S;170797
Key Down;S;171844
Key Up;Q;172437
Key Up;S;172524
Key Down;Q;172868
Key Down;S;172956
Key Up;Q;173668
Key Up;S;173749
Key Down;D;173853
Key Down;Z;173876
Key Up;Z;174420
Key Up;D;174476
Key Down;S;174789
Key Up;S;175044
Key Down;S;175924
Key Down;D;176308
Key Up;S;176588
Key Down;A;176692
Key Up;D;176716
Key Up;A;176788
Key Down;Z;178092
Key Down;Q;178172
Key Up;Q;178389
Key Up;Z;178604
Key Down;A;179909
Key Up;A;179972
Key Down;S;180140
Key Down;D;180260
Key Up;S;181060
Key Down;S;181772
Key Up;D;182140
Key Down;Q;182212
Key Up;Q;182645
Key Down;D;183053
Key Up;D;183149
Key Down;D;183876
Key Up;D;184109
Key Down;Q;184173
Key Up;Q;184205
Key Up;S;184213
Key Down;D;184237
Key Up;D;184316
Key Down;S;184324
Key Down;Q;184332
Key Up;S;184388
Key Down;Z;184700
Key Up;Q;184764
Key Down;D;184796
Key Up;Z;185517
Key Down;S;186612
Key Up;S;187300
Key Down;S;187844
Key Up;S;187876
Key Down;Z;188092
Key Up;Z;188389
Key Down;S;188900
Key Up;D;188988
Key Down;Q;189364
Key Up;S;189660
Key Down;Z;190012
Key Up;Z;190092
Key Down;Z;190284
Key Up;Q;190676
Key Down;D;190940
Key Up;D;191324
Key Down;Q;191349
Key Down;D;191428
Key Up;Q;191436
Key Up;Z;191444
Key Down;S;191628
Key Up;D;192212
Key Down;Q;192476
Key Up;S;192684
Key Up;Q;195532
Key Down;Q;197085
Key Up;Q;197548
Key Down;D;198476
Key Down;S;198748
Key Up;D;199020
Key Up;S;199060
Key Down;A;199308
Key Up;A;199404
Key Down;Z;199964
Key Up;Z;200220
Key Down;Q;202117
Key Down;S;202572
Key Up;Q;202845
Key Up;S;202988
Key Down;A;203012
Key Up;A;203116
Key Down;Z;203789
Key Up;Z;204021
Key Down;D;204549
Key Down;S;204556
Key Up;D;204780
Key Up;S;205324
Key Down;A;205460
Key Up;A;205580
Key Down;D;205988
Key Down;S;206076
Key Up;S;206372
Key Up;D;206812
Key Down;D;207260
Key Down;Q;212132
Key Up;D;212140
Key Up;Q;212396
Key Down;D;212508
Key Down;S;212692
Key Up;S;212860
Key Down;S;213132
Key Up;S;213260
Key Down;A;213396
Key Up;A;213476
Key Up;D;213764
Key Down;Q;214180
Key Down;Z;214364
Key Up;Z;214604
Key Down;S;214756
Key Up;S;214988
Key Down;Z;215484
Key Up;Q;216420
Key Down;A;216604
Key Up;A;216708
Key Down;D;216804
Key Up;Z;217636
Key Down;S;218340
Key Up;D;218956
Key Up;S;219004
Key Down;Q;219028
Key Up;Q;219092
Key Down;D;219100
Key Down;Z;219132
Key Up;D;219164
Key Down;Q;219468
Key Up;Z;219940
Key Down;S;220076
Key Up;Q;220324
Key Down;A;220476
Key Up;A;220572
Key Down;Q;220876
Key Up;S;220924
Key Down;Z;221148
Key Up;Q;221212
Key Down;D;221308
Key Up;Z;221356
Key Up;D;221380
Key Down;A;222764
Key Up;A;222852
Key Down;D;223340
Key Down;S;223668
Key Up;D;224140
Key Down;D;224500
Key Up;S;224836
Key Down;S;227452
Key Up;D;227524
Key Down;D;227748
Key Up;S;228140
Key Down;Z;228460
Key Up;D;228500
Key Down;E;228628
Key Up;Z;228684
Key Up;E;228740
Key Down;D;228924
Key Down;S;228963
Key Up;S;229100
Key Up;D;229156
Key Down;Q;230013
Key Down;S;230052
Key Up;Q;230260
Key Down;Q;230516
Key Up;S;230612
Key Up;Q;230980
Key Down;A;231108
Key Up;A;231188
Key Down;Q;231324
Key Down;Z;232092
Key Up;Q;232867
Key Down;D;233036
Key Up;Z;233580
Key Down;Z;233916
Key Up;Z;234252
Key Up;D;234268
Key Down;S;234668
Key Down;Q;234692
Key Up;S;234908
Key Down;Z;235460
Key Up;Q;235676
Key Down;A;235820
Key Up;A;235915
Key Down;Q;236076
Key Up;Z;236188
Key Down;S;236324
Key Up;Q;236332
Key Down;D;236340
Key Up;D;236348
Key Up;S;236596
Key Down;D;236860
Key Down;Z;236868
Key Up;D;236996
Key Down;Q;237044
Key Up;Q;237188
Key Down;Q;237428
Key Up;Q;237540
Key Down;D;238140
Key Up;Z;238588
Key Up;D;238668
Key Down;Q;239100
Key Down;Z;239356
Key Up;Q;239548
Key Down;A;239900
Key Up;A;240020
Key Down;D;240300
Key Up;Z;240420
Key Down;Z;240636
Key Up;Z;240772
Key Up;D;240884
Key Down;D;242100
Key Up;D;242148
Key Down;A;242388
Key Up;A;242492
Key Down;D;242828
Key Down;Z;243132
Key Up;Z;243540
Key Down;S;246028
Key Up;S;246804
Key Down;Q;247260
Key Up;D;247276
Key Down;Z;248292
Key Up;Z;248428
Key Down;Z;249300
Key Up;Q;249427
Key Down;A;249772
Key Up;A;249908
Key Down;Q;250108
Key Up;Z;250132
Key Down;S;250404
Key Up;Q;250428
Key Up;S;250620
Key Down;Q;250988
Key Down;S;251499
Key Up;Q;251628
Key Down;D;251780
Key Up;S;251852
Key Down;S;251876
Key Up;D;251924
Key Up;S;251964
Key Down;Z;252123
Key Down;D;252476
Key Up;Z;252571
Key Down;S;252812
Key Up;D;253124
Key Up;S;253316
Key Down;A;254108
Key Up;A;254188
Key Down;Q;254348
Key Down;S;254668
Key Up;Q;254916
Key Down;D;255340
Key Up;S;255684
Key Up;D;255924
Key Down;S;256275
Key Down;D;256380
Key Up;S;256820
Key Up;D;257251
Key Down;Z;257580
Key Down;D;257740
Key Up;Z;257940
Key Down;S;258700
Key Up;D;258988
Key Down;D;260044
Key Up;S;260228
Key Down;S;262044
Key Up;D;262260
Key Down;Q;262804
Key Up;S;262828
Key Down;Z;262964
Key Up;Q;263011
Key Down;D;263220
Key Down;A;263964
Key Up;A;264052
Key Up;Z;264228
Key Down;S;264748
Key Up;D;265404
Key Up;S;265548
Key Down;S;265844
Key Down;D;265868
Key Up;S;266100
Key Up;D;266204
Key Down;D;266532
Key Down;Z;266572
Key Up;D;266683
Key Up;Z;267060
Key Down;Q;267204
Key Down;Z;267804
Key Up;Z;268067
Key Up;Q;268356
Key Down;Q;269020
Key Down;Z;269148
Key Up;Z;269268
Key Up;Q;269563
Key Down;A;269692
Key Up;A;269764
Key Down;Q;270036
Key Down;S;270324
Key Up;Q;270436
Key Up;S;270492
Key Down;D;270540
Key Down;Z;270620
Key Up;Z;270980
Key Up;D;271355
Key Down;Q;273227
Key Down;S;273700
Key Up;Q;273875
Key Down;A;274156
Key Up;A;274252
Key Up;S;274300
Key Down;Z;274804
Key Down;D;275036
Key Up;D;275284
Key Up;Z;275292
Key Down;A;276723
Key Up;A;276820
Key Down;Q;279619
Key Down;S;280292
Key Up;Q;280356
Key Up;S;280492
Key Down;D;280531
Key Down;A;280539
Key Up;A;280628
Key Down;S;280876
Key Up;S;281148
Key Up;D;281307
Key Down;Q;281588
Key Up;Q;282372
Key Down;S;282588
Key Down;Q;282795
Key Up;Q;283316
Key Up;S;283420
Key Down;A;283524
Key Up;A;283620
Key Down;D;284476
Key Down;Z;284572
Key Up;D;284660
Key Up;Z;284692
Key Down;E;284876
Key Up;E;284964
Key Down;D;285811
Key Up;D;285907
Key Down;Z;286116
Key Up;Z;286196
Key Down;E;286356
Key Up;E;286427
Key Down;D;287004
Key Down;S;287300
Key Up;D;288251
Key Down;Q;289131
Key Up;S;289283
Key Down;Z;290156
Key Up;Z;290276
Key Down;Z;290659
Key Up;Z;290732
Key Down;S;292372
Key Up;Q;292388
Key Down;D;292436
Key Up;D;292844
Key Down;Q;292948
Key Up;S;293227
Key Down;S;293956
Key Up;Q;294388
Key Down;Q;294588
Key Up;S;295052
Key Down;S;295372
Key Up;S;296091
Key Down;S;297132
Key Up;S;297564
Key Down;S;297620
Key Up;S;297684
Key Up;Q;298251
Key Down;D;298492
Key Down;Z;299396
Key Up;D;299539
Key Down;A;299604
Key Up;A;299716
Key Down;Q;300988
Key Up;Z;301540
Key Up;Q;303027
Key Down;Q;303452
Key Up;Q;303636
Key Down;Q;304355
Key Up;Q;304708
Key Down;A;304948
Key Up;A;305043
Key Down;S;306636
Key Down;A;307147
Key Up;S;307180
Key Up;A;307252
Key Down;Z;308179
Key Down;D;308452
Key Up;Z;308755
Key Up;D;308828
Key Down;Z;309284
Key Down;Q;309420
Key Up;Q;309523
Key Up;Z;310468
Key Down;Q;311715
Key Down;Z;311827
Key Up;Q;312059
Key Down;D;312291
Key Up;D;312748
Key Up;Z;313140
Key Down;Z;314283
Key Down;Q;314676
Key Up;Z;315372
Key Down;S;316235
Key Up;S;316452
Key Down;S;319188
Key Up;Q;319603
Key Down;Q;320116
Key Up;Q;320228
Key Down;Q;321387
Key Up;S;321484
Key Down;Z;322204
Key Up;Z;322508
Key Down;S;323059
Key Up;Q;324004
Key Down;A;324212
Key Up;A;324316
Key Down;D;324804
Key Up;S;325427
Key Up;D;326027
Key Down;Q;326091
Key Down;Z;326859
Key Up;Q;327012
Key Up;Z;327100
Key Down;D;327115
Key Up;D;327396
Key Down;A;328412
Key Up;A;328516
Key Down;Q;329227
Key Up;Q;329563
Key Down;Q;330523
Key Down;Z;330603
Key Up;Q;330699
Key Up;Z;331195
Key Down;A;331628
Key Up;A;331731
Key Down;D;332268
Key Down;S;332380
Key Up;D;332404
Key Up;S;332684
Key Down;Z;333363
Key Up;Z;333667
Key Down;A;334428
Key Up;A;334548
Key Down;S;336275
Key Down;Q;338420
Key Up;Q;339364
Key Up;S;339491
Key Down;A;339604
Key Down;D;339732
Key Up;A;339764
Key Down;Z;339819
Key Up;D;340203
Key Down;D;340396
Key Up;Z;340404
Key Up;D;340435
Key Down;D;341740
Key Up;D;342348
Key Down;A;342523
Key Up;A;342635
Key Down;E;345691
Key Up;E;345795
Key Down;Q;346348
Key Down;S;346483
Key Up;Q;346811
Key Up;S;347268
Key Down;Z;347532
Key Down;D;347859
Key Up;Z;347868
Key Down;Z;348707
Key Up;Z;349043
Key Down;S;349244
Key Up;D;349532
Key Down;D;350124
Key Up;D;350420
Key Up;S;351915
Key Down;Z;352244
Key Up;Z;352372
Key Down;Z;353492
Key Down;Q;354611
Key Up;Q;354948
Key Down;Q;355660
Key Up;Z;355995
Key Up;Q;356020
Key Down;Z;356435
Key Down;Q;356460
Key Up;Z;356532
Key Up;Q;356580
Key Down;Q;358460
Key Down;Z;358595
Key Up;Q;358827
Key Down;Q;359524
Key Up;Q;359683
Key Up;Z;360691
Key Down;S;361435
Key Up;S;362387
Key Down;Z;362859
Key Down;D;363668
Key Up;Z;364107
Key Down;S;364932
Key Up;S;365299
Key Up;D;365915
Key Down;Q;365924
Key Up;Q;366084
Key Down;Q;366259
Key Up;Q;366419
Key Down;D;366579
Key Up;D;367316
Key Down;Q;367491
Key Down;S;367507
Key Up;Q;367675
Key Down;D;367963
Key Up;D;368019
Key Up;S;368052
Key Down;A;368548
Key Up;A;368651
Key Down;Z;369291
Key Down;D;369300
Key Up;Z;369691
Key Up;D;369772
Key Down;Q;369891
Key Up;Q;369932
Key Down;Q;370180
Key Up;Q;370403
Key Down;S;370812
Key Up;S;371460
Key Down;A;371987
Key Up;A;372083
Key Down;D;372268
Key Up;D;372467
Key Down;Z;372804
Key Up;Z;372923
Key Down;Q;372939
Key Down;Z;372988
Key Up;Z;373187
Key Up;Q;373204
Key Down;S;373452
Key Down;Q;373859
Key Up;Q;373916
Key Up;S;374084
Key Down;S;374491
Key Down;D;374532
Key Up;S;375260
Key Up;D;375388
Key Down;A;375555
Key Up;A;375643
Key Down;Q;376339
Key Up;Q;376627
Key Down;D;377275
Key Down;S;377348
Key Up;S;377836
Key Up;D;377900
Key Down;Q;379012
Key Up;Q;379499
Key Down;D;379731
Key Up;D;379811
Key Down;A;380259
Key Up;A;380347
Key Down;D;380515
Key Up;D;380956
Key Down;Q;381499
Key Up;Q;382123
Key Down;Q;382388
Key Down;Z;382420
Key Up;Z;382603
Key Up;Q;382611
Key Down;A;383339
Key Up;A;383435
Key Down;Z;383643
Key Up;Z;384027
Key Down;Z;384300
Key Up;Z;384987
Key Down;S;385388
Key Down;D;386452
Key Up;S;386668
Key Up;D;386795
Key Down;A;386916
Key Up;A;387003
Key Down;D;387467
Key Up;D;388340
Key Down;Q;388411
Key Up;Q;389259
Key Down;A;389795
Key Up;A;389891
Key Down;D;390259
Key Up;D;390699
Key Down;Q;391443
Key Up;Q;392044
Key Down;Z;393140
Key Down;A;393756
Key Up;A;393843
Key Up;Z;393852
Key Down;Z;394395
Key Up;Z;394483
Key Down;S;394764
Key Down;Q;394963
Key Up;Q;395155
Key Up;S;395435
Key Down;Z;397083
Key Down;A;397907
Key Up;A;398020
Key Up;Z;399339
Key Down;S;399555
Key Down;D;399764
Key Up;S;400427
Key Up;D;400819
Key Down;Q;400827
Key Up;Q;401043
Key Down;Q;401300
Key Down;Z;401987
Key Up;Q;402315
Key Up;Z;402444
Key Down;Z;402875
Key Up;Z;403243
Key Down;Z;403996
Key Up;Z;404332
Key Down;A;404499
Key Up;A;404587
Key Down;S;404963
Key Down;Q;405651
Key Up;S;405851
Key Down;S;407891
Key Up;Q;408300
Key Up;S;408819
Key Down;S;409075
Key Up;S;409892
Key Down;D;409963
Key Up;D;410211
Key Down;Z;410243
Key Up;Z;410267
Key Down;E;410595
Key Up;E;410691
Key Down;Q;415715
Key Down;Z;416036
Key Up;Q;416112
Key Down;D;416571
Key Up;D;416748
Key Down;D;417371
Key Up;Z;418052
Key Down;S;419019
Key Up;S;419211
Key Down;Z;420395
Key Up;Z;420875
Key Down;S;421427
Key Up;D;421700
Key Up;S;421788
Key Down;Tab;421916
Key Up;Tab;424100
Key Down;Z;424595
Key Down;D;426907
Key Up;D;427051
Key Up;Z;428315
Key Down;Q;428428
Key Down;Z;428524
Key Up;Q;428667
Key Up;Z;429307
Key Down;D;429331
Key Down;Z;429563
Key Up;Z;429827
Key Up;D;430043
Key Down;Z;430059
Key Up;Z;430139
Key Down;A;431355
Key Up;A;431427
Key Down;S;431723
Key Down;D;431923
Key Up;S;432028
Key Up;D;432419
Key Down;Q;432435
Key Up;Q;432643
Key Down;D;433123
Key Up;D;433452
Key Down;A;436075
Key Up;A;436187
Key Down;D;436219
Key Down;S;437363
Key Up;S;437419
Key Down;Z;438571
Key Up;D;440123
Key Down;Q;440163
Key Up;Q;440283
Key Down;D;440555
Key Up;D;440715
Key Up;Z;440739
Key Down;S;440891
Key Down;Q;441148
Key Up;S;441531
Key Up;Q;441747
Key Down;Z;442459
Key Up;Z;442547
Key Down;S;444779
Key Down;Q;445107
Key Up;S;445147
Key Up;Q;445187
Key Down;Q;445691
Key Up;Q;445979
Key Down;S;563091
Key Down;D;563243
Key Up;S;564090
Key Down;Z;564346
Key Up;D;564499
Key Down;Q;564682
Key Up;Z;564706
Key Up;Q;564867
Key Down;Q;565146
Key Up;Q;565178
Key Down;D;565267
Key Down;Z;565378
Key Up;Z;565667
Key Down;Z;565826
Key Up;D;566011
Key Up;Z;566442
Key Down;Q;566450
Key Down;S;566835
Key Up;S;567498
Key Down;D;567699
Key Up;Q;567730
Key Down;Z;567835
Key Up;Z;568459
Key Up;D;568587
Key Down;Q;568795
Key Down;Z;568850
Key Up;Q;568938
Key Up;Z;569122
Key Down;Z;569515
Key Down;Q;569715
Key Up;Q;569819
Key Down;Q;570090
Key Up;Z;570355
Key Down;S;570650
Key Up;Q;570683
Key Up;S;570826
Key Down;D;571818
Key Down;S;571995
Key Up;D;572155
Key Up;S;572243
Key Down;Q;572907
Key Down;Z;572939
Key Up;Z;573370
Key Up;Q;573562
Key Down;A;573810
Key Up;A;573899
Key Down;S;574339
Key Up;S;574547
Key Down;D;587099
Key Down;S;588026
Key Up;S;588186
Key Down;Z;588683
Key Up;D;589827
Key Up;Z;590074
Key Down;E;595091
Key Up;E;595202
Key Down;S;595779
Key Down;Q;596002
Key Up;S;597203
Key Down;Z;597571
Key Up;Z;597835
Key Down;S;599075
Key Up;S;599514
Key Down;Z;600451
Key Up;Z;600763
Key Down;S;601026
Key Up;Q;601171
Key Down;D;601466
Key Up;D;601594
Key Up;S;602378
Key Down;Tab;603194
Key Up;Tab;603674
Key Down;S;603923
Key Down;Q;603955
Key Up;S;604155
Key Down;Z;604466
Key Up;Z;604762
Key Down;S;605427
Key Up;S;606290
Key Up;Q;608091
Key Down;Tab;608499
Key Up;Tab;612979
Key Down;Z;613971
Key Up;Z;614858
Key Down;E;616083
Key Up;E;616203
Key Down;Q;617106
Key Down;S;617186
Key Up;Q;617234
Key Up;S;617274
Key Down;E;626659
Key Up;E;626810
Key Down;Tab;628834
Key Up;Tab;632091
Key Down;Z;633179
Key Up;Z;633802
Key Down;Espace;634019
Key Up;Espace;634179
Key Down;S;634322
Key Up;S;634586
Key Down;Z;635042
Key Up;Z;635306
Key Down;E;635451
Key Up;E;635522
Key Down;S;635699
Key Up;S;635915
Key Down;S;636514
Key Down;D;636579
Key Up;S;636674
Key Up;D;636738
Key Down;Z;636962
Key Up;Z;637066
Key Down;Q;637419
Key Up;Q;637562
Key Down;E;648506
Key Up;E;648627
Key Down;Q;648747
Key Down;Z;648834
Key Up;Q;648978
Key Down;D;649171
Key Up;D;649490
Key Down;Q;650306
Key Up;Z;651010
Key Down;Z;651322
Key Up;Q;651779
Key Down;Q;652386
Key Up;Q;652586
Key Down;D;652803
Key Up;Z;652922
Key Down;Z;653122
Key Up;D;653258
Key Down;Tab;654851
Key Up;Z;654914
Key Up;Tab;657442
Key Down;Z;657907
Key Down;Q;658322
Key Up;Q;659146
Key Down;Q;659498
Key Up;Q;659987
Key Down;Q;660747
Key Up;Q;660867
Key Up;Z;660946
Key Down;Tab;661371
Key Up;Tab;663443
Key Down;Z;664179
Key Up;Z;665202
Key Down;Z;666243
Key Up;Z;674298
Key Down;Z;677058
Key Down;Q;678338
Key Up;Z;678578
Key Down;S;680058
Key Up;Q;680074
Key Down;D;680522
Key Up;S;680986
Key Down;S;681474
Key Up;S;681962
Key Down;Z;683634
Key Up;Z;684162
Key Down;Z;684482
Key Up;D;684674
Key Up;Z;684754
Key Down;Q;684922
Key Up;Q;685035
Key Down;Z;685202
Key Up;Z;685386
Key Down;Z;685626
Key Down;D;685690
Key Up;D;685778
Key Up;Z;685858
Key Down;D;686130
Key Down;Z;686178
Key Up;Z;686306
Key Up;D;686346
Key Down;D;686562
Key Down;Z;686642
Key Up;D;686818
Key Up;Z;686906
Key Down;Z;687122
Key Down;Q;687282
Key Up;Z;687362
Key Up;Q;687570
Key Down;D;687642
Key Down;S;687906
Key Up;D;688122
Key Down;Q;688418
Key Up;S;689618
Key Down;S;690098
Key Up;S;690195
Key Down;Z;690402
Key Up;Q;690498
Key Down;Q;690890
Key Up;Z;690986
Key Down;Z;692282
Key Up;Z;692594
Key Up;Q;692642
Key Down;D;692666
Key Up;D;692706
Key Down;D;692714
Key Down;Z;692818
Key Up;D;692962
Key Down;Q;692986
Key Up;Z;693026
Key Up;Q;693834
Key Down;Q;694050
Key Down;Z;694530
Key Up;Z;695138
Key Up;Q;695178
Key Down;S;695266
Key Down;Q;695274
Key Up;Q;695370
Key Down;Q;695650
Key Up;Q;695777
Key Down;Q;696290
Key Up;Q;696426
Key Down;Left Shift;696594
Key Up;S;696618
Key Up;Left Shift;696754
Key Down;Z;696978
Key Down;D;697137
Key Up;Z;697178
Key Down;S;697354
Key Up;S;697922
Key Down;Left Shift;698218
Key Up;Left Shift;698362
Key Down;Q;699186
Key Up;D;699242
Key Down;Z;700634
Key Up;Q;701226
Key Down;D;701690
Key Up;Z;703362
Key Down;Z;703618
Key Up;Z;704058
Key Down;S;704482
Key Up;S;704674
Key Down;Z;705314
Key Up;Z;705642
Key Up;D;705650
Key Down;D;705770
Key Up;D;705858
Key Down;D;706074
Key Up;D;706442
Key Down;D;706530
Key Down;S;706714
Key Down;Q;707202
Key Up;D;707250
Key Up;S;707266
Key Up;Q;707474
Key Down;D;707490
Key Down;S;707602
Key Up;D;709010
Key Down;D;709274
Key Up;D;709602
Key Up;S;709666
Key Down;D;710170
Key Down;Z;710338
Key Up;D;710674
Key Up;Z;710682
Key Down;D;711450
Key Up;D;711666
Key Down;D;711842
Key Down;Z;711946
Key Up;D;711994
Key Up;Z;712026
Key Down;Z;712498
Key Up;Z;712842
Key Down;S;713378
Key Up;S;713505
Key Down;Q;713802
Key Up;Q;714418
Key Down;D;714538
Key Up;D;714682
Key Down;S;714985
Key Down;Q;715074
Key Up;S;716818
Key Down;S;717226
Key Up;S;717514
Key Down;Z;718122
Key Up;Z;718738
Key Down;Z;719234
Key Up;Q;719257
Key Down;D;719298
Key Up;D;719466
Key Down;Q;719562
Key Up;Z;719658
Key Down;Z;720265
Key Up;Q;720962
Key Down;D;721346
Key Up;Z;722498
Key Down;S;724554
Key Up;D;726418
Key Down;Q;726713
Key Up;S;727226
Key Down;S;727354
Key Up;Q;727834
Key Down;Q;728138
Key Up;S;728202
Key Down;Z;730962
Key Up;Z;731642
Key Up;Q;731658
Key Down;Q;731882
Key Down;Z;732066
Key Up;Q;732082
Key Up;Z;732210
Key Down;Z;733138
Key Up;Z;733322
Key Down;S;733794
Key Down;D;733914
Key Up;D;734042
Key Up;S;734074
Key Down;S;734266
Key Down;D;734378
Key Up;S;734394
Key Down;Z;734889
Key Up;D;734930
Key Down;Q;735034
Key Up;Q;736313
Key Up;Z;736410
Key Down;Z;736834
Key Down;D;737010
Key Up;D;737618
Key Down;Q;738121
Key Up;Q;738266
Key Up;Z;738362
Key Down;S;738554
Key Down;D;738626
Key Up;S;738666
Key Down;S;738834
Key Up;D;738890
Key Down;Q;738898
Key Up;Q;739074
Key Down;D;739106
Key Up;S;739154
Key Down;S;740465
Key Up;S;742818
Key Down;S;743034
Key Down;Q;743114
Key Up;S;743146
Key Up;D;743154
Key Down;Z;743474
Key Up;Q;743546
Key Down;A;743730
Key Up;A;743810
Key Up;Z;743842
Key Down;D;744074
Key Down;Z;744554
Key Up;D;744602
Key Up;Z;744753
Key Down;D;745137
Key Down;Z;745370
Key Up;D;745522
Key Up;Z;745561
Key Down;D;746338
Key Down;S;746458
Key Up;D;746514
Key Up;S;746666
Key Down;S;746985
Key Down;Q;747138
Key Up;S;747306
Key Up;Q;747362
Key Down;Q;747665
Key Down;S;747834
Key Up;S;748290
Key Up;Q;750922
Key Down;Q;751073
Key Up;Q;751225
Key Down;Q;751434
Key Down;Z;751513
Key Up;Q;751537
Key Up;Z;751650
Key Down;Z;751897
Key Up;Z;752122
Key Down;S;752282
Key Up;S;752354
Key Down;Z;752498
Key Up;Z;752746
Key Down;S;753234
Key Up;S;753394
Key Down;D;753585
Key Up;D;753882
Key Down;Q;754089
Key Up;Q;755066
Key Down;Q;755385
Key Up;Q;755746
Key Down;Q;757146
Key Down;Z;757330
Key Up;Q;757786
Key Up;Z;757874
Key Down;Q;758489
Key Down;Z;758610
Key Up;Z;758714
Key Down;S;759017
Key Up;Q;759202
Key Down;D;759306
Key Up;S;759346
Key Down;S;759489
Key Up;D;759698
Key Down;Q;759890
Key Up;S;759922
Key Down;Z;760082
Key Up;Q;760418
Key Down;D;760618
Key Up;Z;762458
Key Down;S;763730
Key Up;D;764866
Key Down;Q;764889
Key Up;Q;765074
Key Down;Q;765554
Key Up;Q;765770
Key Up;S;767274
Key Down;Z;767514
Key Down;D;767594
Key Up;D;767986
Key Up;Z;768114
Key Down;D;768505
Key Down;Z;768586
Key Up;Z;768770
Key Up;D;768786
Key Down;D;769370
Key Down;Z;769650
Key Up;D;769810
Key Up;Z;769970
Key Down;D;770130
Key Down;Z;770210
Key Up;D;770354
Key Up;Z;770378
Key Down;Z;770689
Key Up;Z;770946
Key Down;Z;771138
Key Up;Z;771225
Key Down;D;771641
Key Down;Z;771682
Key Up;D;771842
Key Up;Z;771914
Key Down;S;772162
Key Up;S;772290
Key Down;Q;772570
Key Down;S;773106
Key Up;Q;773122
Key Up;S;773354
Key Down;Q;773538
Key Down;S;773801
Key Up;S;774546
Key Down;Z;777738
Key Up;Q;778210
Key Down;D;778225
Key Up;Z;778297
Key Down;Z;778402
Key Up;Z;778474
Key Down;Q;778586
Key Up;D;778618
Key Down;Z;778882
Key Up;Z;779050
Key Up;Q;779178
Key Down;D;780402
Key Down;Z;780442
Key Up;D;780609
Key Down;Q;780818
Key Up;Z;780986
Key Down;D;781042
Key Up;Q;781058
Key Down;Z;781073
Key Up;D;781290
Key Down;D;781426
Key Up;D;782034
Key Down;D;782121
Key Up;Z;782170
Key Down;Z;783074
Key Up;Z;783682
Key Down;S;784194
Key Up;D;784290
Key Down;D;784377
Key Up;S;784666
Key Up;D;786458
Key Down;S;787242
Key Down;D;787329
Key Up;D;787761
Key Up;S;788009
Key Down;S;788242
Key Up;S;788754
Key Down;S;788914
Key Up;S;789361
Key Down;D;789985
Key Up;D;790330
Key Down;D;792025
Key Down;Z;792106
Key Up;D;792233
Key Up;Z;792265
Key Down;Z;792410
Key Up;Z;792674
Key Down;Z;792873
Key Up;Z;793194
Key Down;D;793578
Key Down;Z;793586
Key Up;D;793729
Key Up;Z;793841
Key Down;Q;793865
Key Up;Q;794282
Key Down;D;794386
Key Up;D;794641
Key Down;S;794746
Key Down;Q;795073
Key Up;S;796457
Key Down;Z;797442
Key Up;Q;797498
Key Down;D;797593
Key Up;D;797826
Key Down;Q;797841
Key Up;Z;797945
Key Down;Z;799145
Key Up;Q;799193
Key Down;Q;799353
Key Up;Q;799697
Key Down;Q;800009
Key Up;Q;800289
Key Up;Z;800554
Key Down;Q;800570
Key Down;S;800729
Key Up;Q;800977
Key Down;Q;801161
Key Up;Q;801538
Key Down;D;801873
Key Up;S;801946
Key Down;S;802433
Key Up;D;802466
Key Down;D;802665
Key Up;S;803689
Key Down;Z;805746
Key Up;D;807106
Key Up;Z;807186
Key Down;D;807409
Key Down;Z;807530
Key Up;Z;807762
Key Up;D;807953
Key Down;Q;808754
Key Down;Z;808953
Key Up;Q;809058
Key Up;Z;809594
Key Down;D;810473
Key Down;S;810634
Key Up;D;810689
Key Up;S;810802
Key Down;D;811034
Key Up;D;811161
Key Down;Z;811442
Key Up;Z;811513
Key Down;Q;811553
Key Up;Q;811569
Key Down;D;811850
Key Down;S;811961
Key Up;D;812002
Key Up;S;812074
Key Down;Q;812258
Key Up;Q;812345
Key Down;D;812593
Key Down;Z;812729
Key Up;D;812753
Key Up;Z;812986
Key Down;S;813218
Key Down;Q;813433
Key Up;S;813466
Key Down;S;813698
Key Up;Q;813729
Key Up;S;813890
Key Down;Z;814001
Key Down;Q;814234
Key Up;Z;815249
Key Up;Q;816314
Key Down;Q;820066
Key Down;S;820457
Key Up;Q;820833
Key Up;S;821154
Key Down;D;822545
Key Down;Z;822625
Key Up;Z;822929
Key Down;S;823298
Key Up;D;823442
Key Down;Q;823578
Key Up;S;823618
Key Down;Z;823738
Key Up;Z;824113
Key Down;S;824321
Key Up;Q;824449
Key Up;S;824706
Key Down;D;824826
Key Down;Z;824890
Key Up;D;824922
Key Down;Q;825010
Key Up;Z;825058
Key Up;Q;825162
Key Down;S;825665
Key Up;S;825761
Key Down;D;825937
Key Down;Z;826001
Key Up;Z;826378
Key Up;D;826522
Key Down;Q;826618
Key Down;S;827329
Key Up;Q;827722
Key Down;D;827826
Key Up;S;827986
Key Down;Z;828138
Key Up;D;828241
Key Up;Z;828385
Key Down;E;833505
Key Up;E;833658
Key Down;Q;833778
Key Down;S;834122
Key Up;Q;834577
Key Up;S;834721
Key Down;Z;834921
Key Down;D;835346
Key Up;D;836266
Key Up;Z;836857
Key Down;Z;837865
Key Up;Z;839105
Key Down;D;839289
Key Down;Z;839473
Key Up;D;839609
Key Up;Z;839754
Key Down;E;840066
Key Up;E;840162
Key Down;S;842162
Key Up;S;842305
Key Down;Q;842417
Key Up;Q;842714
Key Down;Z;845761
Key Up;Z;846202
Key Down;S;854586
Key Down;D;855210
Key Up;S;855226
Key Up;D;856354
Key Down;D;856698
Key Down;Z;857018
Key Up;D;857281
Key Up;Z;857537
Key Down;A;857889
Key Up;A;858010
Key Down;Z;858250
Key Up;Z;858826
Key Down;Z;858993
Key Down;D;859202
Key Up;D;859361
Key Down;D;860394
Key Up;D;860530
Key Up;Z;860593
Key Down;S;860986
Key Down;Q;860994
Key Up;Q;861242
Key Up;S;861561
Key Down;A;861754
Key Up;A;861849
Key Down;Z;862777
Key Down;Q;862930
Key Up;Q;863049
Key Up;Z;863113
Key Down;S;863634
Key Up;S;863954
Key Down;A;864137
Key Up;A;864225
Key Down;Z;864986
Key Up;Z;865394
Key Down;S;865953
Key Up;S;866441
Key Down;A;866673
Key Up;A;866770
Key Down;Z;867049
Key Down;D;867289
Key Up;Z;867537
Key Down;S;867865
Key Up;D;867914
Key Up;S;867994
Key Down;S;868626
Key Down;D;868690
Key Up;S;869337
Key Down;Z;870146
Key Up;D;870786
Key Up;Z;870889
Key Down;S;871089
Key Down;Q;871241
Key Up;S;871330
Key Down;Z;871586
Key Up;Q;871977
Key Down;Q;874161
Key Up;Q;874761
Key Up;Z;875770
Key Down;D;875778
Key Up;D;875921
Key Down;D;876089
Key Down;Z;876186
Key Up;D;876593
Key Up;Z;876946
Key Down;Z;877337
Key Down;Q;877457
Key Up;Z;877562
Key Up;Q;877641
Key Down;S;878114
Key Up;S;878186
Key Down;S;878329
Key Down;D;878697
Key Up;D;879497
Key Down;Q;879953
Key Up;S;880273
Key Up;Q;880546
Key Down;Q;883361
Key Up;Q;883569
Key Down;D;884969
Key Down;Z;885193
Key Up;D;885481
Key Up;Z;885553
Key Down;A;885778
Key Up;A;885857
Key Down;Z;886161
Key Down;D;886178
Key Up;D;886353
Key Down;Q;886577
Key Up;Z;886697
Key Up;Q;887161
Key Down;D;889234
Key Down;Z;889738
Key Up;Z;890017
Key Down;S;891922
Key Up;D;891946
Key Down;D;891993
Key Up;S;892018
Key Down;Z;892546
Key Up;Z;892793
Key Down;S;893969
Key Up;S;894097
Key Up;D;894121
Key Down;Q;894186
Key Down;Z;894217
Key Down;D;894225
Key Up;D;894234
Key Up;Z;894825
Key Down;S;896145
Key Up;S;896650
Key Down;S;896937
Key Up;Q;897577
Key Down;D;898370
Key Up;D;898489
Key Down;D;898977
Key Up;D;899193
Key Down;D;899473
Key Up;S;899849
Key Down;Z;901377
Key Up;D;902322
Key Down;D;902825
Key Up;D;903041
Key Up;Z;904289
Key Down;Z;904882
Key Down;Q;905025
Key Up;Z;905153
Key Up;Q;905385
Key Down;Q;905569
Key Down;Z;905721
Key Up;Z;906233
Key Down;S;907177
Key Up;Q;907897
Key Down;Q;908137
Key Up;Q;908722
Key Down;D;909370
Key Up;D;909553
Key Down;D;909745
Key Up;D;909929
Key Down;D;910249
Key Up;S;910633
Key Up;D;911049
Key Down;D;911513
Key Up;D;911625
Key Down;Z;911633
Key Down;Q;911713
Key Up;Q;912017
Key Up;Z;912138
Key Down;D;912425
Key Down;Z;912577
Key Up;D;912785
Key Up;Z;913065
Key Down;D;913594
Key Down;S;913793
Key Up;S;914865
Key Up;D;915049
Key Down;D;916354
Key Down;S;916385
Key Up;S;916585
Key Down;Z;918009
Key Up;D;918041
Key Up;Z;918121
Key Down;Q;918201
Key Up;Q;918225
Key Down;S;918249
Key Up;S;918313
Key Down;D;918505
Key Down;Z;918529
Key Up;Z;919250
Key Down;Z;919489
Key Up;Z;919849
Key Down;Z;920305
Key Up;Z;920441
Key Up;D;920609
Key Down;Q;920673
Key Down;S;921113
Key Up;Q;921138
Key Up;S;921225
Key Down;S;921570
Key Up;S;921634
Key Down;Q;922089
Key Up;Q;922185
Key Down;Q;923025
Key Down;S;923257
Key Up;Q;923609
Key Down;D;923737
Key Up;D;924121
Key Down;Q;924193
Key Up;S;924281
Key Down;Z;924393
Key Up;Q;924609
Key Down;D;925121
Key Up;Z;925849
Key Down;S;926545
Key Up;S;926730
Key Down;S;927697
Key Up;S;927937
Key Up;D;928170
Key Down;D;928577
Key Down;S;928601
Key Up;D;928905
Key Up;S;929089
Key Down;S;929961
Key Up;S;930233
Key Down;A;931233
Key Up;A;931329
Key Down;Q;931993
Key Down;Z;932025
Key Up;Z;932417
Key Up;Q;932609
Key Down;D;933641
Key Down;S;933745
Key Up;D;934081
Key Up;S;934273
Key Down;A;934345
Key Up;A;934433
Key Down;S;935673
Key Down;D;936057
Key Up;S;936161
Key Up;D;936377
Key Down;Z;936473
Key Up;Z;936617
Key Down;S;937097
Key Up;S;937241
Key Down;A;937977
Key Up;A;938049
Key Down;S;938225
Key Down;Q;938641
Key Up;Q;939321
Key Up;S;939369
Key Down;A;940873
Key Up;A;940953
Key Down;A;944057
Key Up;A;944137
Key Down;Q;944265
Key Down;S;944369
Key Up;Q;944441
Key Up;S;944977
Key Down;D;947025
Key Down;S;947825
Key Up;S;947913
Key Up;D;948161
Key Down;Q;949601
Key Down;S;952825
Key Up;S;953001
Key Down;S;955329
Key Up;Q;955441
Key Up;S;955521
Key Down;Q;955745
Key Down;Z;955865
Key Up;Q;955897
Key Up;Z;955969
Key Down;Z;956425
Key Down;D;956433
Key Up;Z;956633
Key Down;Z;957097
Key Up;Z;957297
Key Up;D;957641
Key Down;D;958049
Key Up;D;958369
Key Down;S;958625
Key Up;S;958841
Key Down;Q;959281
Key Down;Z;959377
Key Up;Q;959385
Key Up;Z;959417
Key Down;S;960889
Key Down;D;960913
Key Up;D;961001
Key Up;S;961313
Key Down;A;961697
Key Up;A;961793
Key Down;Z;962121
Key Up;Z;962305
Key Down;Z;962985
Key Up;Z;963153
Key Down;S;963777
Key Down;D;963905
Key Up;D;964025
Key Up;S;964217
Key Down;Z;964593
Key Down;Q;964665
Key Up;Q;964825
Key Up;Z;964849
Key Down;S;965464
Key Up;S;965856
Key Down;A;966081
Key Up;A;966169
Key Down;Z;966649
Key Down;Q;966809
Key Up;Z;966881
Key Up;Q;966961
Key Down;A;971848
Key Up;A;971953
Key Down;Q;972777
Key Down;Z;972889
Key Up;Z;973105
Key Up;Q;973625
Key Down;D;973833
Key Down;Z;973960
Key Up;Z;974161
Key Up;D;974584
Key Down;Q;975353
Key Down;S;976009
Key Up;S;976401
Key Up;Q;976537
Key Down;S;976745
Key Up;S;976897
Key Down;Q;977017
Key Up;Q;977145
Key Down;S;977257
Key Down;D;977297
Key Up;D;977504
Key Down;Q;978401
Key Up;Q;978801
Key Up;S;978889
Key Down;D;979065
Key Down;S;980321
Key Up;D;980393
Key Down;Q;980945
Key Up;Q;981297
Key Down;Q;981681
Key Up;S;981729
Key Up;Q;981873
Key Down;D;981929
Key Down;Z;982033
Key Up;D;982561
Key Up;Z;982657
Key Down;A;982721
Key Up;A;982801
Key Down;Z;984208
Key Down;D;984633
Key Up;D;984977
Key Down;Q;985185
Key Up;Z;985697
Key Up;Q;986377
Key Down;Q;986545
Key Up;Q;986608
Key Down;Q;986873
Key Up;Q;986953
Key Down;Z;987640
Key Down;Q;987673
Key Up;Q;987873
Key Up;Z;987921
Key Down;Z;988585
Key Down;Q;988865
Key Up;Q;988992
Key Up;Z;989409
Key Down;Z;989801
Key Down;D;989897
Key Up;D;990473
Key Up;Z;990521
Key Down;D;990649
Key Down;S;991417
Key Up;S;991577
Key Up;D;991793
Key Down;D;992065
Key Up;D;992328
Key Down;Z;992433
Key Up;Z;992585
Key Down;S;992992
Key Down;Q;993137
Key Up;S;993169
Key Down;S;994152
Key Up;Q;994288
Key Up;S;994320
Key Down;D;994328
Key Up;D;994913
Key Down;A;995032
Key Up;A;995137
Key Down;Q;995312
Key Up;Q;995873
Key Down;D;995905
Key Up;D;996105
Key Down;D;996313
Key Up;D;996544
Key Down;D;997385
Key Up;D;997513
Key Down;Z;997745
Key Up;Z;997824
Key Down;E;998017
Key Up;E;998105
Key Down;Q;998409
Key Down;S;998985
Key Up;Q;999057
Key Up;S;999097
Key Down;Q;1001432
Key Up;Q;1001609
Key Down;S;1001801
Key Down;D;1002425
Key Up;S;1003017
Key Down;S;1003160
Key Up;D;1003297
Key Down;Q;1003888
Key Up;S;1004161
Key Down;S;1004896
Key Up;Q;1004912
Key Down;Q;1006305
Key Up;S;1006345
Key Up;Q;1006369
Key Down;D;1006601
Key Up;D;1006713
Key Down;E;1006904
Key Up;E;1007025
Key Down;S;1007241
Key Up;S;1007441
Key Down;Q;1007569
Key Up;Q;1007585
Key Down;S;1007648
Key Up;S;1007816
Key Down;Q;1007849
Key Down;S;1007896
Key Up;Q;1007968
Key Down;D;1008417
Key Up;D;1008473
Key Up;S;1008529
Key Down;S;1008729
Key Up;S;1008816
Key Down;Q;1008848
Key Down;S;1009008
Key Up;Q;1009185
Key Down;D;1009209
Key Up;D;1009257
Key Up;S;1009265
Key Down;Q;1009273
Key Down;S;1009424
Key Up;Q;1009456
Key Down;D;1009576
Key Up;D;1009736
Key Up;S;1010185
Key Down;S;1010497
Key Down;D;1010921
Key Up;S;1011000
Key Up;D;1011081
Key Down;E;1011209
Key Up;E;1011337
Key Down;Z;1011433
Key Down;A;1012065
Key Up;A;1012153
Key Up;Z;1012385
Key Down;S;1012489
Key Up;S;1013049
Key Down;Q;1013056
Key Down;Z;1013185
Key Up;Q;1013224
Key Up;Z;1013704
Key Down;Z;1014024
Key Up;Z;1014681
Key Down;A;1014696
Key Up;A;1014801
Key Down;Z;1014936
Key Up;Z;1015297
Key Down;Q;1015329
Key Up;Q;1015400
Key Down;S;1015657
Key Down;D;1015729
Key Up;D;1015825
Key Down;D;1016129
Key Up;D;1016425
Key Down;D;1016592
Key Up;D;1016720
Key Up;S;1016881
Key Down;Q;1017705
Key Down;Z;1017721
Key Up;Q;1018017
Key Up;Z;1018513
Key Down;A;1018609
Key Up;A;1018697
Key Down;D;1019081
Key Down;S;1019233
Key Up;D;1019281
Key Up;S;1019665
Key Down;D;1020745
Key Down;S;1020817
Key Up;D;1020945
Key Up;S;1021433
Key Down;A;1021665
Key Up;A;1021752
Key Down;Z;1021976
Key Down;Q;1022281
Key Up;Z;1022441
Key Down;Z;1023481
Key Up;Q;1023577
Key Down;Q;1023969
Key Up;Z;1024793
Key Down;S;1025096
Key Up;Q;1025201
Key Up;S;1025353
Key Down;A;1025593
Key Up;A;1025712
Key Down;D;1026065
Key Down;S;1026313
Key Up;S;1026473
Key Up;D;1026593
Key Down;D;1026897
Key Down;S;1027104
Key Up;S;1027280
Key Up;D;1027601
Key Down;Z;1027984
Key Down;Q;1028257
Key Up;Q;1028753
Key Up;Z;1028825
Key Down;A;1028969
Key Up;A;1029048
Key Down;Z;1029216
Key Down;Q;1029528
Key Up;Z;1030040
Key Down;S;1031041
Key Up;Q;1031393
Key Down;D;1031569
Key Up;D;1031777
Key Up;S;1032169
Key Down;D;1035785
Key Down;S;1035888
Key Up;D;1035976
Key Up;S;1036161
Key Down;D;1037481
Key Down;Z;1037593
Key Up;D;1037744
Key Up;Z;1038008
Key Down;A;1038217
Key Up;A;1038305
Key Down;Q;1039008
Key Up;Q;1039137
Key Down;S;1039641
Key Up;S;1039801
Key Down;Q;1040904
Key Down;S;1040920
Key Up;S;1041225
Key Down;S;1042289
Key Up;S;1042481
Key Down;S;1042784
Key Up;S;1043025
Key Up;Q;1044041
Key Down;Q;1044553
Key Down;S;1044912
Key Up;Q;1045072
Key Up;S;1045808
Key Down;S;1046089
Key Down;D;1046241
Key Up;D;1046409
Key Down;Q;1047113
Key Up;S;1048024
Key Down;Z;1049696
Key Up;Q;1050361
Key Up;Z;1051440
Key Down;S;1052065
Key Down;Q;1052081
Key Up;Q;1052257
Key Up;S;1052320
Key Down;Z;1052545
Key Up;Z;1052785
Key Down;Z;1053112
Key Down;D;1054145
Key Up;Z;1054440
Key Up;D;1054833
Key Down;D;1054928
Key Up;D;1054969
Key Down;D;1055088
Key Up;D;1055136
Key Down;Q;1055328
Key Up;Q;1055889
Key Down;Q;1056560
Key Up;Q;1056672
Key Down;S;1057017
Key Up;S;1057177
Key Down;Q;1057368
Key Up;Q;1057520
Key Down;S;1057592
Key Down;Q;1057881
Key Up;Q;1057993
Key Up;S;1060049
Key Down;D;1062800
Key Down;S;1062816
Key Up;S;1062897
Key Down;S;1062985
Key Up;S;1063145
Key Down;Z;1063752
Key Up;D;1063808
Key Up;Z;1064025
Key Down;A;1064041
Key Up;A;1064113
Key Down;Q;1064400
Key Down;Z;1064601
Key Up;Q;1064929
Key Down;Q;1065592
Key Up;Q;1065769
Key Up;Z;1066017
Key Down;D;1066961
Key Down;Z;1067256
Key Up;D;1067521
Key Down;D;1067857
Key Up;Z;1067897
Key Down;S;1068113
Key Up;D;1068120
Key Down;E;1068209
Key Up;S;1068232
Key Up;E;1068321
Key Down;Q;1068368
Key Up;Q;1069048
Key Down;D;1069153
Key Up;D;1069480
Key Down;Q;1069656
Key Down;S;1070160
Key Up;Q;1070488
Key Down;D;1071320
Key Up;S;1072265
Key Down;Q;1073112
Key Up;D;1073185
Key Down;D;1073280
Key Up;D;1073328
Key Down;Z;1074632
Key Up;Z;1074825
Key Up;Q;1074833
Key Down;S;1075049
Key Down;D;1075088
Key Up;S;1075369
Key Down;Z;1075913
Key Up;D;1075936
Key Down;Q;1076081
Key Up;Q;1076192
Key Down;Q;1076217
Key Up;Z;1076345
Key Up;Q;1076816
Key Down;A;1076976
Key Up;A;1077072
Key Down;Z;1078745
Key Down;D;1079457
Key Up;Z;1079664
Key Up;D;1079752
Key Down;S;1079800
Key Down;Q;1079912
Key Up;Q;1080136
Key Down;D;1080192
Key Up;S;1080777
Key Up;D;1081056
Key Down;Z;1081064
Key Up;Z;1081097
Key Down;Q;1081457
Key Down;Z;1081632
Key Up;Z;1081712
Key Down;Z;1082033
Key Up;Q;1082217
Key Up;Z;1083137
Key Down;S;1083296
Key Down;D;1083393
Key Up;D;1083592
Key Down;D;1083969
Key Up;D;1084193
Key Up;S;1084504
Key Down;E;1084737
Key Up;E;1084832
Key Down;S;1084952
Key Down;D;1085168
Key Up;S;1085329
Key Down;Z;1085720
Key Up;D;1085832
Key Up;Z;1085873
Key Down;E;1085960
Key Up;E;1086049
Key Down;Z;1086208
Key Down;D;1086384
Key Up;D;1086680
Key Down;D;1087120
Key Up;D;1087592
Key Down;D;1088256
Key Up;D;1088360
Key Down;Q;1089017
Key Up;Z;1089024
Key Down;Z;1089520
Key Up;Q;1089560
Key Down;D;1089888
Key Up;D;1090169
Key Down;D;1090496
Key Up;Z;1090584
Key Down;Tab;1091121
Key Up;D;1091281
Key Up;Tab;1092232
Key Down;Tab;1093216
Key Up;Tab;1094377
Key Down;A;1096504
Key Up;A;1096665
Key Down;Q;1096969
Key Down;Z;1097256
Key Up;Z;1097560
Key Up;Q;1099088
Key Down;Q;1099296
Key Down;S;1099960
Key Up;S;1100176
Key Down;Z;1102072
Key Up;Z;1102201
Key Up;Q;1102256
Key Down;D;1103424
Key Down;S;1104144
Key Up;S;1104257
Key Down;S;1104832
Key Up;S;1104897
Key Down;Z;1105809
Key Up;D;1105841
Key Up;Z;1106656
Key Down;S;1106856
Key Up;S;1107048
Key Down;S;1107896
Key Down;Q;1108672
Key Up;S;1108912
Key Up;Q;1108952
Key Down;D;1109528
Key Down;Z;1109696
Key Up;D;1109744
Key Up;Z;1109840
Key Down;Q;1109952
Key Down;E;1110353
Key Up;E;1110488
Key Down;S;1111185
Key Up;S;1111536
Key Up;Q;1112217
Key Down;A;1112345
Key Up;A;1112472
Key Down;Z;1112816
Key Up;Z;1112865
Key Down;S;1113185
Key Down;D;1113337
Key Up;S;1113504
Key Up;D;1113512
Key Down;D;1115608
Key Up;D;1115785
Key Down;Z;1115800
Key Up;Z;1115936
Key Down;Q;1116080
Key Up;Q;1116376
Key Down;D;1116545
Key Down;Z;1116569
Key Up;Z;1116945
Key Down;S;1117240
Key Up;S;1117401
Key Down;A;1118984
Key Up;A;1119056
Key Up;D;1119176
Key Down;Z;1120753
Key Down;Q;1120888
Key Up;Z;1120897
Key Down;S;1121521
Key Up;S;1121569
Key Up;Q;1121641
Key Down;S;1121689
Key Down;D;1121704
Key Up;D;1121712
Key Down;Q;1121769
Key Up;Q;1121840
Key Up;S;1121904
Key Down;Q;1122008
Key Up;Q;1122080
Key Down;Z;1122240
Key Up;Z;1122456
Key Down;A;1122569
Key Up;A;1122664
Key Down;Q;1122849
Key Up;Q;1123089
Key Down;Z;1123313
Key Down;Q;1123936
Key Up;Z;1124009
Key Down;S;1124193
Key Up;Q;1124280
Key Up;S;1124344
Key Down;D;1124392
Key Down;S;1124497
Key Up;S;1124552
Key Down;Z;1124840
Key Up;Z;1124968
Key Up;D;1124976
Key Down;Q;1125041
Key Down;S;1126544
Key Up;Q;1126576
Key Down;D;1127376
Key Up;S;1127624
Key Down;Z;1127753
Key Up;D;1127784
Key Down;Q;1128032
Key Up;Z;1128080
Key Up;Q;1128616
Key Down;Q;1129000
Key Up;Q;1129312
Key Down;A;1129505
Key Up;A;1129608
Key Down;Q;1129841
Key Up;Q;1130856
Key Down;Q;1131377
Key Down;S;1131409
Key Up;S;1131497
Key Up;Q;1131616
Key Down;Z;1131832
Key Up;Z;1132008
Key Down;E;1132169
Key Up;E;1132256
Key Down;S;1132704
Key Up;S;1132849
Key Down;S;1133256
Key Up;S;1133353
Key Down;E;1134617
Key Up;E;1134712
Key Down;D;1136033
Key Up;D;1136961
Key Down;Tab;1137080
Key Up;Tab;1139865
Key Down;Z;1140776
Key Down;D;1140800
Key Up;Z;1141560
Key Down;Z;1141816
Key Up;D;1142049
Key Down;Q;1143569
Key Up;Z;1144568
Key Down;Z;1145185
Key Up;Q;1145400
Key Down;Q;1145872
Key Up;Q;1146032
Key Down;D;1147408
Key Up;D;1147760
Key Up;Z;1148472
Key Down;Z;1150912
Key Up;Z;1151128
Key Down;Q;1151240
Key Up;Q;1151616
Key Down;E;1152072
Key Up;E;1152168
Key Down;D;1152648
Key Up;D;1153144
Key Down;S;1153744
Key Down;Q;1153865
Key Up;Q;1154417
Key Up;S;1154584
Key Down;S;1155000
Key Down;Q;1155168
Key Up;Q;1155424
Key Down;D;1155881
Key Up;D;1156056
Key Down;A;1156440
Key Up;A;1156576
Key Down;D;1157088
Key Up;S;1157360
Key Down;S;1158416
Key Up;D;1159248
Key Down;D;1159592
Key Up;S;1160072
Key Down;S;1160345
Key Up;D;1160449
Key Down;D;1161224
Key Up;S;1161552
Key Up;D;1163584
Key Down;D;1164536
Key Up;D;1165817
Key Down;D;1170216
Key Down;S;1171096
Key Up;S;1171624
Key Down;S;1171648
Key Up;S;1171904
Key Down;Z;1172160
Key Up;Z;1172392
Key Down;Q;1172800
Key Up;D;1172912
Key Down;Z;1173200
Key Up;Q;1173224
Key Down;Q;1173344
Key Up;Z;1173367
Key Up;Q;1174608
Key Down;Z;1174704
Key Down;D;1174800
Key Up;Z;1174808
Key Down;Z;1175016
Key Up;Z;1175096
Key Down;S;1175384
Key Up;S;1175928
Key Up;D;1177231
Key Down;Z;1178040
Key Down;Q;1178264
Key Up;Z;1178312
Key Up;Q;1178432
Key Down;Q;1178512
Key Up;Q;1178568
Key Down;D;1178592
Key Down;S;1178616
Key Up;D;1178640
Key Down;Q;1178720
Key Up;S;1178816
Key Down;Z;1179008
Key Up;Z;1179144
Key Up;Q;1179672
Key Down;Espace;1190288
Key Up;Espace;1190448
Key Down;Q;1210032
Key Down;Z;1210272
Key Up;Q;1210816
Key Up;Z;1210856
Key Down;D;1211080
Key Down;S;1211160
Key Up;D;1211975
Key Down;Q;1212408
Key Up;Q;1213152
Key Down;D;1214264
Key Up;D;1214688
Key Up;S;1214768
Key Down;D;1214872
Key Down;Z;1215088
Key Up;Z;1215344
Key Up;D;1215551
Key Down;D;1215984
Key Down;Z;1216016
Key Up;Z;1216352
Key Up;D;1216432
Key Down;D;1218175
Key Up;D;1218632
Key Down;S;1219152
Key Up;S;1219248
Key Down;S;1219392
Key Down;D;1219496
Key Up;D;1219768
Key Up;S;1220024
Key Down;Q;1220376
Key Down;Z;1220528
Key Up;Z;1220712
Key Up;Q;1220752
Key Down;Echap;1221136
Key Up;Echap;1221264
Key Down;A;1233104
Key Up;A;1233280
Key Down;Q;1233576
Key Down;S;1234048
Key Up;S;1234672
Key Up;Q;1236176
Key Down;S;1236264
Key Down;Q;1236776
Key Up;S;1237680
Key Up;Q;1237688
Key Down;D;1237696
Key Down;A;1237984
Key Up;A;1238112
Key Down;Z;1238159
Key Up;D;1238263
Key Down;D;1238512
Key Up;D;1239064
Key Down;Q;1239904
Key Up;Z;1240456
Key Down;S;1241368
Key Up;Q;1241448
Key Up;S;1241528
Key Down;A;1241576
Key Up;A;1241648
Key Down;Q;1241792
Key Down;S;1242303
Key Up;S;1242416
Key Up;Q;1242496
Key Down;Q;1243471
Key Down;S;1243487
Key Up;Q;1243776
Key Down;A;1244536
Key Up;A;1244616
Key Down;D;1244672
Key Up;S;1245296
Key Down;Z;1246071
Key Up;D;1246624
Key Down;A;1246880
Key Up;A;1246960
Key Down;Q;1247488
Key Up;Z;1247544
Key Down;S;1247888
Key Up;S;1248351
Key Down;S;1248632
Key Up;Q;1248831
Key Up;S;1249623
Key Down;A;1249776
Key Up;A;1249863
Key Down;D;1251728
Key Down;S;1251839
Key Up;D;1252024
Key Down;D;1252487
Key Up;D;1252584
Key Down;D;1253976
Key Up;D;1254127
Key Down;D;1254559
Key Up;D;1254744
Key Down;D;1254975
Key Up;S;1255391
Key Down;A;1255632
Key Up;D;1255656
Key Up;A;1255719
Key Down;Z;1255983
Key Up;Z;1256055
Key Down;Z;1256096
Key Up;Z;1256168
Key Down;Q;1256200
Key Down;Z;1256568
Key Up;Q;1256848
Key Up;Z;1256872
Key Down;D;1256975
Key Down;Z;1257920
Key Up;D;1257952
Key Down;Q;1257968
Key Up;Z;1258104
Key Down;Z;1258519
Key Up;Z;1258663
Key Up;Q;1258728
Key Down;Q;1259912
Key Down;Z;1259984
Key Up;Q;1260016
Key Up;Z;1260135
Key Down;A;1260256
Key Up;A;1260344
Key Down;D;1260488
Key Up;D;1261703
Key Down;Q;1262047
Key Up;Q;1262248
Key Down;Q;1262688
Key Up;Q;1262791
Key Down;Q;1264152
Key Down;Z;1264448
Key Up;Z;1264584
Key Down;S;1264975
Key Up;Q;1265000
Key Up;S;1265032
Key Down;S;1266320
Key Down;A;1266896
Key Up;A;1267031
Key Down;D;1267079
Key Up;S;1267184
Key Down;Z;1267376
Key Up;D;1267432
Key Down;D;1267784
Key Up;Z;1267872
Key Down;A;1269600
Key Up;A;1269687
Key Down;S;1270008
Key Up;S;1270319
Key Down;Z;1271295
Key Up;Z;1271632
Key Up;D;1271695
Key Down;S;1271791
Key Down;Q;1271799
Key Up;Q;1271816
Key Down;Q;1271872
Key Up;Q;1271952
Key Down;D;1272304
Key Up;D;1272463
Key Down;D;1272783
Key Down;A;1273191
Key Up;S;1273231
Key Up;A;1273304
Key Down;S;1273312
Key Up;S;1273336
Key Down;S;1273887
Key Up;S;1274184
Key Down;Z;1277280
Key Up;D;1277392
Key Up;Z;1277415
Key Down;D;1277791
Key Down;Z;1277912
Key Up;D;1278024
Key Up;Z;1278144
Key Down;D;1278432
Key Down;S;1278495
Key Up;D;1278752
Key Up;S;1278800
Key Down;E;1278919
Key Up;E;1279040
Key Down;Z;1279088
Key Down;Q;1279512
Key Up;Q;1279575
Key Down;A;1279703
Key Up;A;1279800
Key Down;Q;1280007
Key Up;Z;1281823
Key Down;Z;1282480
Key Up;Z;1283120
Key Down;S;1284327
Key Up;Q;1284351
Key Down;Q;1284624
Key Up;Q;1284728
Key Down;Q;1284768
Key Up;S;1285032
Key Down;S;1285503
Key Up;Q;1285640
Key Up;S;1285671
Key Down;S;1285840
Key Down;Q;1285880
Key Up;Q;1286295
Key Up;S;1287008
Key Down;A;1287352
Key Up;A;1287447
Key Down;Z;1288312
Key Up;Z;1288767
Key Down;Z;1288935
Key Down;D;1289144
Key Up;Z;1289768
Key Up;D;1289776
Key Down;Z;1290207
Key Down;D;1290416
Key Down;A;1290712
Key Up;A;1290792
Key Up;Z;1290887
Key Up;D;1291615
Key Down;D;1292688
Key Up;D;1292784
Key Down;D;1292824
Key Down;Z;1293087
Key Up;D;1293208
Key Up;Z;1293264
Key Down;Q;1293848
Key Down;Z;1294000
Key Up;Q;1294272
Key Down;A;1294448
Key Up;A;1294543
Key Down;Q;1294704
Key Up;Z;1294711
Key Down;Z;1294904
Key Up;Z;1295232
Key Up;Q;1295815
Key Down;Q;1296791
Key Down;Z;1297496
Key Down;D;1297504
Key Up;D;1297520
Key Up;Z;1297680
Key Down;S;1298031
Key Up;S;1298487
Key Down;S;1298600
Key Up;Q;1298656
Key Up;S;1298751
Key Down;A;1298911
Key Up;A;1299007
Key Down;S;1299167
Key Down;D;1299663
Key Up;D;1300543
Key Up;S;1301071
Key Down;S;1301488
Key Down;Q;1302007
Key Up;S;1302136
Key Down;S;1302447
Key Up;Q;1302720
Key Down;A;1302904
Key Up;A;1302984
Key Down;D;1303143
Key Up;S;1303439
Key Up;D;1303448
Key Down;D;1303768
Key Down;Z;1304616
Key Up;Z;1305959
Key Down;Z;1306727
Key Up;Z;1307255
Key Up;D;1307959
Key Down;D;1310680
Key Down;Z;1310847
Key Up;D;1311711
Key Down;A;1312103
Key Up;A;1312200
Key Up;Z;1312680
Key Down;A;1312976
Key Up;A;1313032
Key Down;S;1313216
Key Down;Q;1314592
Key Up;Q;1314968
Key Down;A;1316312
Key Up;A;1316408
Key Up;S;1316424
Key Down;Q;1316839
Key Up;Q;1317023
Key Down;Z;1317368
Key Up;Z;1317936
Key Down;S;1320471
Key Up;S;1320856
Key Down;A;1320872
Key Up;A;1320951
Key Down;Z;1321359
Key Down;Q;1321655
Key Up;Z;1322095
Key Up;Q;1322111
Key Down;Z;1323096
Key Down;D;1323448
Key Up;Z;1324127
Key Down;A;1324568
Key Up;A;1324664
Key Up;D;1325472
Key Down;Q;1325559
Key Down;Z;1328183
Key Up;Z;1329175
Key Down;Z;1329511
Key Up;Q;1329568
Key Down;D;1331624
Key Up;D;1331960
Key Down;D;1332680
Key Up;Z;1332744
Key Up;D;1332871
Key Down;S;1333687
Key Down;D;1333847
Key Up;S;1333967
Key Up;D;1334135
Key Down;S;1334928
Key Up;S;1335567
Key Down;A;1336239
Key Up;A;1336359
Key Down;Z;1336856
Key Up;Z;1337319
Key Down;Z;1338047
Key Up;Z;1338152
Key Down;S;1339231
Key Up;S;1339751
Key Down;A;1340191
Key Up;A;1340287
Key Down;Z;1340823
Key Up;Z;1341135
Key Down;E;1341504
Key Up;E;1341600
Key Down;D;1342055
Key Down;Z;1343559
Key Up;D;1343751
Key Up;Z;1344072
Key Down;S;1344271
Key Down;Q;1344719
Key Up;S;1344824
Key Up;Q;1345647
Key Down;D;1345687
Key Down;Z;1346128
Key Up;D;1346271
Key Up;Z;1346287
Key Down;Q;1346351
Key Down;Z;1347823
Key Up;Q;1348136
Key Down;A;1348335
Key Up;A;1348432
Key Down;Q;1348672
Key Up;Z;1348704
Key Up;Q;1349864
Key Down;Q;1350263
Key Up;Q;1350847
Key Down;D;1351799
Key Down;Z;1352143
Key Up;D;1352311
Key Down;A;1352536
Key Up;A;1352632
Key Down;D;1353495
Key Up;D;1353535
Key Down;D;1354055
Key Up;D;1354175
Key Down;Q;1354279
Key Up;Z;1354783
Key Down;S;1355039
Key Up;Q;1355303
Key Down;A;1355423
Key Up;A;1355479
Key Down;Q;1355623
Key Up;S;1355648
Key Down;Z;1355784
Key Up;Z;1355975
Key Down;S;1356623
Key Up;S;1356752
Key Down;S;1357279
Key Up;S;1357559
Key Down;S;1357648
Key Up;Q;1357767
Key Down;D;1358128
Key Up;D;1358232
Key Down;Q;1358327
Key Up;S;1358440
Key Down;S;1358816
Key Up;Q;1359271
Key Up;S;1359831
Key Down;A;1360559
Key Up;A;1360671
Key Down;Z;1360943
Key Up;Z;1361247
Key Down;D;1361959
Key Up;D;1362039
Key Down;S;1362991
Key Up;S;1363407
Key Down;S;1363943
Key Up;S;1364111
Key Down;A;1365975
Key Up;A;1366056
Key Down;D;1366144
Key Up;D;1367440
Key Down;D;1367744
Key Up;D;1368111
Key Down;D;1369072
Key Up;D;1369592
Key Down;A;1369695
Key Up;A;1369783
Key Down;D;1370047
Key Up;D;1370336
Key Down;Z;1370551
Key Up;Z;1370807
Key Down;D;1370943
Key Down;S;1370968
Key Up;S;1371239
Key Down;Z;1371759
Key Up;D;1372191
Key Down;Q;1372456
Key Up;Z;1372863
Key Up;Q;1373312
Key Down;D;1375759
Key Down;S;1376007
Key Up;D;1376071
Key Down;D;1376175
Key Up;D;1376255
Key Down;D;1376480
Key Up;D;1376800
Key Down;Q;1376911
Key Up;Q;1377055
Key Up;S;1377159
Key Down;Q;1377407
Key Up;Q;1377479
Key Down;Q;1379087
Key Down;S;1379383
Key Up;S;1379663
Key Up;Q;1380071
Key Down;Q;1380263
Key Up;Q;1380495
Key Down;Q;1380719
Key Down;S;1380759
Key Up;Q;1380975
Key Up;S;1381199
Key Down;A;1382255
Key Up;A;1382343
Key Down;Q;1382496
Key Down;Z;1382911
Key Up;Q;1383031
Key Down;Q;1383119
Key Up;Z;1383304
Key Up;Q;1383375
Key Down;Q;1383791
Key Down;Z;1383831
Key Up;Q;1383895
Key Down;D;1384511
Key Up;Z;1384671
Key Up;D;1384695
Key Down;Z;1385447
Key Up;Z;1385647
Key Down;A;1385912
Key Up;A;1386023
Key Down;Z;1386215
Key Down;Q;1386423
Key Up;Q;1386679
Key Up;Z;1386791
Key Down;Z;1387535
Key Down;Q;1388127
Key Up;Z;1388208
Key Down;S;1388791
Key Up;Q;1388887
Key Up;S;1388935
Key Down;A;1389127
Key Up;A;1389223
Key Down;Q;1389375
Key Down;S;1389615
Key Up;Q;1390007
Key Down;D;1390143
Key Up;D;1390495
Key Up;S;1390639
Key Down;S;1391479
Key Up;S;1391671
Key Down;A;1391823
Key Up;A;1391927
Key Down;S;1392071
Key Up;S;1392599
Key Down;Z;1393375
Key Down;D;1393703
Key Up;Z;1393911
Key Down;Z;1394503
Key Up;D;1394543
Key Down;D;1395095
Key Up;Z;1395287
Key Up;D;1395479
Key Down;Z;1395487
Key Down;A;1397023
Key Up;A;1397119
Key Up;Z;1397231
Key Down;Q;1397359
Key Down;Z;1397639
Key Up;Q;1397943
Key Up;Z;1397951
Key Down;S;1398263
Key Up;S;1398831
Key Down;D;1398855
Key Down;A;1399127
Key Up;D;1399143
Key Up;A;1399207
Key Down;D;1399919
Key Up;D;1400152
Key Down;Q;1400199
Key Down;Z;1400423
Key Up;Q;1400839
Key Down;D;1401111
Key Up;Z;1401512
Key Up;D;1401679
Key Down;D;1402167
Key Up;D;1402703
Key Down;Q;1403487
Key Down;S;1403887
Key Up;Q;1404463
Key Down;D;1404583
Key Up;S;1405127
Key Up;D;1405319
Key Down;Q;1405719
Key Down;Z;1405935
Key Up;Q;1406255
Key Down;D;1406511
Key Up;Z;1406775
Key Up;D;1406959
Key Down;Q;1407567
Key Up;Q;1407703
Key Down;A;1407871
Key Up;A;1407959
Key Down;S;1407999
Key Up;S;1408167
Key Down;D;1408711
Key Down;Z;1408743
Key Up;D;1408775
Key Down;Q;1408839
Key Up;Z;1409607
Key Up;Q;1409615
Key Down;S;1409863
Key Down;D;1411223
Key Up;S;1411255
Key Up;D;1411415
Key Down;A;1411423
Key Up;A;1411535
Key Down;Z;1412087
Key Down;Q;1412359
Key Up;Q;1412543
Key Up;Z;1412799
Key Down;S;1413335
Key Down;D;1414063
Key Up;S;1414223
Key Down;A;1414351
Key Up;A;1414479
Key Up;D;1414511
Key Down;Z;1415311
Key Down;Q;1415327
Key Up;Q;1415751
Key Down;Q;1416151
Key Up;Q;1416343
Key Up;Z;1416351
Key Down;Q;1417903
Key Down;Z;1417991
Key Up;Z;1418151
Key Up;Q;1419543
Key Down;D;1420223
Key Down;S;1421031
Key Up;S;1421087
Key Down;A;1422543
Key Up;A;1422679
Key Down;S;1423927
Key Up;S;1424015
Key Down;S;1425423
Key Up;D;1425447
Key Up;S;1426695
Key Down;Q;1426815
Key Down;S;1427110
Key Up;S;1427647
Key Up;Q;1427671
Key Down;Z;1427791
Key Down;D;1428023
Key Up;Z;1428423
Key Up;D;1429295
Key Down;D;1429687
Key Up;D;1429759
Key Down;D;1429814
Key Down;Z;1429846
Key Up;Z;1429983
Key Up;D;1430159
Key Down;S;1430439
Key Down;D;1430767
Key Up;D;1431159
Key Down;Q;1431895
Key Up;Q;1432551
Key Up;S;1432559
Key Down;D;1432591
Key Down;Z;1432767
Key Up;D;1433054
Key Down;Q;1433935
Key Up;Q;1434183
Key Up;Z;1434271
Key Down;Z;1435047
Key Down;Q;1435535
Key Up;Z;1436079
Key Down;S;1436639
Key Up;Q;1437399
Key Up;S;1437519
Key Down;A;1437607
Key Up;A;1437695
Key Down;Echap;1439639
Key Up;Echap;1439783
Key Down;Echap;1499055
Key Up;Echap;1499126
Key Down;D;1499830
Key Down;S;1500119
Key Up;D;1500255
Key Down;Q;1500454
Key Up;Q;1501007
Key Down;D;1501015
Key Up;D;1501414
Key Down;A;1501422
Key Up;A;1501535
Key Down;Q;1501927
Key Up;Q;1502014
Key Down;Q;1502982
Key Up;Q;1503118
Key Down;Q;1503255
Key Up;S;1503311
Key Down;S;1503599
Key Up;Q;1503622
Key Down;D;1503878
Key Up;D;1503967
Key Up;S;1504222
Key Down;Tab;1504399
Key Up;Tab;1506447
Key Down;Q;1507079
Key Down;Z;1508582
Key Up;Z;1509143
Key Down;Z;1509831
Key Up;Z;1509903
Key Down;Z;1511343
Key Down;D;1511558
Key Up;Q;1511911
Key Up;Z;1512623
Key Up;D;1512758
Key Down;Z;1513758
Key Down;D;1513822
Key Up;Z;1513958
Key Up;D;1513990
Key Down;S;1514247
Key Down;Q;1514775
Key Up;S;1516743
Key Down;Z;1517751
Key Up;Z;1518719
Key Up;Q;1518743
Key Down;Z;1518974
Key Up;Z;1519695
Key Down;D;1520022
Key Down;Z;1520070
Key Up;D;1520278
Key Up;Z;1520294
Key Down;S;1520599
Key Down;Q;1521190
Key Up;Q;1521310
Key Down;D;1521759
Key Up;S;1523198
Key Down;Z;1523606
Key Up;Z;1524190
Key Up;D;1524375
Key Down;Z;1526270
Key Up;Z;1526566
Key Down;A;1526751
Key Up;A;1526831
Key Down;Q;1528975
Key Down;Z;1529047
Key Up;Z;1529214
Key Up;Q;1529495
Key Down;A;1529951
Key Up;A;1530039
Key Down;Q;1530518
Key Down;Z;1530655
Key Up;Z;1531070
Key Up;Q;1531102
Key Down;S;1531606
Key Down;Q;1531719
Key Up;S;1532239
Key Down;Z;1532839
Key Up;Q;1533030
Key Down;A;1533207
Key Up;A;1533270
Key Up;Z;1533295
Key Down;D;1533550
Key Up;D;1533966
Key Down;D;1534430
Key Down;Z;1534742
Key Up;Z;1535039
Key Down;Tab;1535975
Key Up;D;1536086
Key Up;Tab;1537550
Key Down;S;1537983
Key Down;Q;1538759
Key Up;Q;1540175
Key Down;D;1542607
Key Up;S;1542742
Key Up;D;1543135
Key Down;Z;1543215
Key Down;D;1543374
Key Up;Z;1543999
Key Down;A;1544798
Key Up;A;1544895
Key Down;S;1545335
Key Up;D;1546087
Key Down;Q;1547119
Key Up;S;1548031
Key Up;Q;1549215
Key Down;Q;1549670
Key Up;Q;1549767
Key Down;Z;1551111
Key Down;D;1551158
Key Up;Z;1551303
Key Down;Z;1552766
Key Up;D;1553455
Key Down;A;1554143
Key Up;A;1554271
Key Down;D;1554519
Key Up;Z;1554719
Key Up;D;1554726
Key Down;S;1555311
Key Up;S;1555447
Key Down;Q;1556070
Key Down;Z;1556118
Key Up;Q;1556351
Key Up;Z;1556407
Key Down;Q;1557286
Key Down;Z;1557303
Key Up;Q;1557438
Key Up;Z;1557447
Key Down;D;1557822
Key Up;D;1557830
Key Down;Q;1558006
Key Up;Q;1558183
Key Down;Z;1558438
Key Down;A;1558775
Key Up;A;1558871
Key Up;Z;1558918
Key Down;Q;1559007
Key Down;S;1559631
Key Up;S;1559790
Key Down;S;1561159
Key Up;Q;1562399
Key Down;D;1562783
Key Up;S;1563679
Key Down;A;1565814
Key Up;A;1565886
Key Up;D;1566063
Key Down;D;1566414
Key Down;Z;1566479
Key Up;D;1566782
Key Up;Z;1567031
Key Down;Z;1567262
Key Down;D;1567318
Key Up;D;1567623
Key Up;Z;1568039
Key Down;Z;1568342
Key Up;Z;1568631
Key Down;Z;1569046
Key Down;D;1569119
Key Up;Z;1569238
Key Up;D;1569262
Key Down;S;1569382
Key Down;D;1569775
Key Up;D;1569926
Key Down;Q;1570614
Key Up;S;1571046
Key Down;S;1571958
Key Up;S;1572279
Key Down;S;1572606
Key Up;Q;1573094
Key Up;S;1573183
Key Down;Q;1573543
Key Up;Q;1574287
Key Down;Q;1574439
Key Down;Z;1574503
Key Up;Q;1575327
Key Up;Z;1576294
Key Down;Z;1576695
Key Down;D;1577310
Key Up;Z;1577510
Key Down;A;1577574
Key Up;A;1577646
Key Up;D;1577870
Key Down;D;1578094
Key Down;Z;1578135
Key Up;Z;1578278
Key Down;S;1579871
Key Down;A;1580150
Key Up;A;1580254
Key Up;D;1580527
Key Up;S;1581222
Key Down;Q;1581367
Key Up;Q;1581447
Key Down;Z;1581454
Key Up;Z;1582174
Key Down;S;1583062
Key Up;S;1583159
Key Down;Z;1583311
Key Up;Z;1583551
Key Down;E;1583630
Key Up;E;1583710
Key Down;D;1584102
Key Down;S;1584110
Key Up;S;1584838
Key Up;D;1585167
Key Down;S;1585191
Key Down;A;1585663
Key Up;A;1585766
Key Down;Q;1585942
Key Up;S;1585999
Key Down;S;1586222
Key Up;Q;1586278
Key Down;Q;1586743
Key Up;Q;1587183
Key Down;Q;1588550
Key Up;S;1588838
Key Down;Z;1589054
Key Up;Q;1589159
Key Up;Z;1589310
Key Down;S;1590159
Key Down;Q;1590470
Key Up;S;1590662
Key Down;Z;1590910
Key Up;Q;1590943
Key Up;Z;1591022
Key Down;S;1595630
Key Up;S;1595710
Key Down;Q;1596519
Key Down;Z;1596630
Key Up;Q;1596702
Key Up;Z;1596750
Key Down;Q;1597110
Key Up;Q;1597406
Key Down;D;1597942
Key Down;S;1598623
Key Up;S;1599070
Key Down;Z;1599263
Key Up;D;1599350
Key Up;Z;1600686
Key Down;Z;1600886
Key Down;D;1601407
Key Up;D;1602070
Key Down;D;1602518
Key Up;Z;1602998
Key Down;Z;1604238
Key Up;Z;1604550
Key Down;S;1605438
Key Up;S;1605815
Key Down;A;1606334
Key Up;D;1606398
Key Down;D;1606422
Key Up;A;1606446
Key Up;D;1606502
Key Down;Z;1606590
Key Down;D;1607462
Key Up;D;1607654
Key Down;Q;1608583
Key Up;Z;1609214
Key Down;Z;1609431
Key Up;Z;1609599
Key Down;S;1610502
Key Up;Q;1611015
Key Up;S;1611143
Key Down;A;1611222
Key Up;A;1611310
Key Down;D;1612022
Key Down;Z;1612174
Key Up;Z;1612270
Key Up;D;1612359
Key Down;D;1612719
Key Down;Z;1612967
Key Up;Z;1613286
Key Up;D;1613366
Key Down;A;1614198
Key Up;A;1614319
Key Down;D;1614783
Key Down;Z;1615422
Key Up;Z;1615662
Key Up;D;1616678
Key Down;Z;1616894
Key Down;D;1617566
Key Down;A;1618102
Key Up;A;1618190
Key Up;Z;1618447
Key Down;S;1619383
Key Up;D;1620310
Key Up;S;1621654
Key Down;A;1621838
Key Up;A;1621951
Key Down;Q;1622454
Key Up;Q;1622606
Key Down;Z;1623486
Key Down;D;1623526
Key Up;D;1623782
Key Up;Z;1623806
Key Down;S;1624886
Key Up;S;1625454
Key Down;A;1625462
Key Up;A;1625558
Key Down;Z;1626326
Key Down;D;1626591
Key Up;D;1626719
Key Up;Z;1626766
Key Down;S;1627598
Key Up;S;1627839
Key Down;A;1627910
Key Up;A;1628006
Key Down;D;1629718
Key Down;Z;1629726
Key Up;Z;1629870
Key Up;D;1631030
Key Down;Tab;1631702
Key Up;Tab;1632974
Key Down;S;1633702
Key Down;Q;1635182
Key Up;Q;1635270
Key Down;D;1636990
Key Up;S;1637454
Key Down;Z;1637719
Key Up;D;1637854
Key Up;Z;1638158
Key Down;Q;1638894
Key Up;Q;1639070
Key Down;E;1640046
Key Up;E;1640134
Key Down;Z;1641606
Key Down;Q;1641902
Key Up;Q;1642190
Key Up;Z;1642214
Key Down;E;1642358
Key Up;E;1642470
Key Down;D;1642750
Key Down;S;1642822
Key Up;S;1642918
Key Up;D;1643006
Key Down;Z;1643110
Key Up;Z;1643214
Key Down;E;1643302
Key Up;E;1643383
Key Down;D;1644294
Key Up;D;1644454
Key Down;E;1644694
Key Up;E;1644766
Key Down;E;1645222
Key Up;E;1645302
Key Down;Q;1645526
Key Up;Q;1645718
Key Down;E;1646062
Key Up;E;1646142
Key Down;S;1646478
Key Down;D;1646598
Key Up;D;1646702
Key Down;Q;1647230
Key Up;S;1647310
Key Down;Z;1647726
Key Up;Q;1647918
Key Down;Echap;1648262
Key Up;Z;1648382
Key Up;Echap;1648390
