Event;Key;Time
Key Down;S;9721
Key Up;S;9792
Key Down;S;9896
Key Up;S;9977
Key Down;S;10057
Key Up;S;10105
Key Down;S;10401
Key Up;S;10448
Key Down;S;10865
Key Up;S;10937
Key Down;S;11041
Key Up;S;11105
Key Down;S;11224
Key Up;S;11281
Key Down;Entrée;11936
Key Up;Entrée;11992
Key Down;Bas;13577
Key Up;Bas;13672
Key Down;Haut;14441
Key Up;Haut;14545
Key Down;Gauche;14905
Key Up;Gauche;14985
Key Down;Gauche;15064
Key Up;Gauche;15136
Key Down;S;19777
Key Up;S;19833
Key Down;S;19952
Key Up;S;20001
Key Down;S;20104
Key Up;S;20168
Key Down;S;20281
Key Up;S;20376
Key Down;S;20489
Key Up;S;20561
Key Down;Z;21049
Key Up;Z;21152
Key Down;S;21712
Key Up;S;21768
Key Down;S;21880
Key Up;S;21920
Key Down;S;22032
Key Up;S;22097
Key Down;S;22273
Key Up;S;22361
Key Down;Entrée;23312
Key Up;Entrée;23376
Key Down;Entrée;25009
Key Up;Entrée;25065
Key Down;Echap;26257
Key Up;Echap;26320
Key Down;Echap;26537
Key Up;Echap;26609
Key Down;Right Shift;29496
Key Down;Barre oblique;29632
Key Up;Right Shift;29696
Key Up;Barre oblique;29720
Key Down;S;31689
Key Up;S;31761
Key Down;I;31905
Key Up;I;31969
Key Down;M;32144
Key Up;M;32208
Key Down;P;32288
Key Up;P;32352
Key Down;L;32464
Key Up;L;32504
Key Down;E;32552
Key Up;E;32624
Key Down;S;33512
Key Up;S;33584
Key Down;T;33648
Key Up;T;33712
Key Down;A;33728
Key Up;A;33792
Key Down;T;33832
Key Up;T;33889
Key Down;S;35088
Key Up;S;35184
Key Down;Entrée;35489
Key Up;Entrée;35560
Key Down;Echap;36696
Key Up;Echap;36776
Key Down;Q;38729
Key Up;Q;38801
Key Down;S;38833
Key Up;S;39256
Key Down;Q;39929
Key Down;Z;40144
Key Up;Q;40672
Key Down;D;41360
Key Up;Z;41544
Key Down;Z;42280
Key Up;Z;42409
Key Down;S;42752
Key Up;D;42920
Key Down;Q;43744
Key Up;S;44313
Key Up;Q;44321
Key Down;Q;44496
Key Down;S;44897
Key Up;Q;45328
Key Down;Q;45576
Key Up;Q;45680
Key Down;Q;46705
Key Up;S;47049
Key Down;S;47680
Key Up;S;48080
Key Up;Q;48193
Key Down;D;48257
Key Down;Z;48344
Key Up;D;48456
Key Up;Z;48545
Key Down;Z;49265
Key Down;D;49296
Key Up;Z;49681
Key Up;D;49768
Key Down;D;50512
Key Down;Z;50585
Key Up;Z;50897
Key Down;S;52185
Key Up;D;52624
Key Down;D;52664
Key Up;D;52736
Key Up;S;52833
Key Down;Z;53024
Key Down;D;53112
Key Up;D;53185
Key Up;Z;53289
Key Down;Q;53496
Key Down;S;53625
Key Up;Q;53657
Key Down;D;54096
Key Up;D;54352
Key Down;Q;54592
Key Up;Q;54665
Key Down;D;54912
Key Up;D;55088
Key Down;D;55296
Key Up;S;55328
Key Up;D;55576
Key Down;S;55800
Key Up;S;55992
Key Down;S;56008
Key Up;S;56016
Key Down;Z;56304
Key Down;Q;56584
Key Up;Z;56865
Key Up;Q;56889
Key Down;D;58568
Key Down;S;58600
Key Up;D;58840
Key Up;S;59624
Key Down;Z;59929
Key Up;Z;60136
Key Down;D;60336
Key Up;D;60568
Key Down;S;60976
Key Down;Q;61192
Key Up;Q;61304
Key Down;Q;61480
Key Up;S;61864
Key Up;Q;61872
Key Down;Q;62240
Key Up;Q;63273
Key Down;D;63880
Key Up;D;64008
Key Down;S;64072
Key Down;D;64105
Key Up;S;64264
Key Down;S;64473
Key Up;D;64569
Key Up;S;64640
Key Down;S;65145
Key Down;D;65152
Key Up;S;65600
Key Up;D;66032
Key Down;D;66776
Key Up;D;67001
Key Down;Z;67216
Key Down;D;67313
Key Up;Z;67464
Key Up;D;67768
Key Down;S;68057
Key Down;Q;68072
Key Up;Q;68096
Key Down;Q;68120
Key Up;S;68600
Key Down;S;69056
Key Up;S;69176
Key Up;Q;70144
Key Down;Q;70312
Key Down;Z;70392
Key Up;Q;70529
Key Up;Z;70592
Key Down;Z;72073
Key Up;Z;73096
Key Down;D;73976
Key Down;A;74384
Key Up;A;74488
Key Down;Z;75129
Key Up;Z;75233
Key Up;D;75336
Key Down;D;75689
Key Down;Z;75960
Key Up;Z;76065
Key Up;D;76408
Key Down;D;77089
Key Up;D;77640
Key Down;D;77832
Key Up;D;78000
Key Down;D;79176
Key Down;Z;79264
Key Up;Z;79505
Key Down;S;81088
Key Up;S;81256
Key Up;D;81408
Key Down;S;81801
Key Up;S;81945
Key Down;D;82200
Key Up;D;82264
Key Down;D;82537
Key Up;D;82584
Key Down;S;82784
Key Down;D;82849
Key Up;S;82944
Key Down;S;83080
Key Up;D;83120
Key Up;S;83504
Key Down;Q;84777
Key Down;Z;84785
Key Up;Z;85417
Key Up;Q;85568
Key Down;D;85712
Key Down;S;86288
Key Up;D;86384
Key Up;S;86648
Key Down;S;87224
Key Up;S;87297
Key Down;Z;89520
Key Down;Q;89688
Key Up;Z;90145
Key Up;Q;90344
Key Down;D;90600
Key Down;S;90913
Key Up;D;90993
Key Up;S;91040
Key Down;D;94064
Key Down;S;94168
Key Up;D;94232
Key Down;Q;94465
Key Up;S;94488
Key Up;Q;94560
Key Down;Z;95129
Key Down;Q;95344
Key Up;Z;95408
Key Up;Q;95440
Key Down;D;96465
Key Down;S;96544
Key Up;D;96888
Key Up;S;97152
Key Down;Q;97897
Key Up;S;97961
Key Up;Q;98144
Key Down;S;99857
Key Down;Q;100072
Key Up;S;100160
Key Up;Q;100720
Key Down;S;101121
Key Down;Q;101328
Key Up;S;101592
Key Up;Q;101873
Key Down;Q;102033
Key Down;S;102569
Key Up;Q;102752
Key Down;A;102897
Key Up;S;102928
Key Up;A;103001
Key Down;S;103144
Key Down;Q;103200
Key Up;S;103240
Key Down;S;103768
Key Up;Q;103800
Key Down;D;104024
Key Up;D;104152
Key Down;Q;104985
Key Up;S;105697
Key Up;Q;105776
Key Down;S;106537
Key Up;S;107384
Key Down;Q;107632
Key Up;Q;107680
Key Down;Q;107912
Key Up;Q;108032
Key Down;S;108184
Key Down;D;108369
Key Up;D;108568
Key Down;D;108833
Key Up;S;109192
Key Down;S;109320
Key Up;D;109728
Key Up;S;109736
Key Down;Q;109760
Key Down;Z;109945
Key Up;Q;110600
Key Down;Q;110801
Key Up;Q;110936
Key Up;Z;111072
Key Down;Z;111368
Key Up;Z;111456
Key Down;Z;112465
Key Up;Z;112592
Key Down;S;113184
Key Down;D;113585
Key Up;S;114049
Key Up;D;114217
Key Down;Q;114744
Key Up;Q;114920
Key Down;Q;115272
Key Down;Z;115400
Key Up;Q;115472
Key Up;Z;115624
Key Down;Z;116728
Key Up;Z;117217
Key Down;Z;118097
Key Down;Q;118120
Key Up;Q;118376
Key Up;Z;118905
Key Down;S;119696
Key Down;Q;119969
Key Up;Q;120024
Key Up;S;120152
Key Down;S;120496
Key Up;S;120744
Key Down;S;120992
Key Down;D;121145
Key Up;S;121176
Key Up;D;121288
Key Down;S;121672
Key Up;S;121784
Key Down;Z;124680
Key Down;Q;124912
Key Up;Q;124976
Key Down;Q;125232
Key Up;Z;125272
Key Up;Q;125353
Key Down;Q;125608
Key Up;Q;125881
Key Down;A;126049
Key Up;A;126145
Key Down;Q;126489
Key Down;S;126784
Key Up;S;126904
Key Down;Z;127601
Key Up;Z;127697
Key Up;Q;127713
Key Down;Q;127944
Key Up;Q;128392
Key Down;S;128664
Key Down;Q;128840
Key Up;S;129217
Key Down;Z;129464
Key Up;Q;129736
Key Up;Z;130169
Key Down;Q;130265
Key Down;Z;130552
Key Up;Z;130976
Key Up;Q;130992
Key Down;S;131136
Key Down;Q;131496
Key Up;S;131913
Key Up;Q;132112
Key Down;Z;132120
Key Up;Z;132288
Key Down;S;132480
Key Down;Q;132736
Key Up;S;132968
Key Down;S;133232
Key Up;S;133720
Key Down;S;133952
Key Up;S;134025
Key Up;Q;134200
Key Down;Q;136376
Key Down;S;136592
Key Up;Q;136680
Key Up;S;136848
Key Down;D;136944
Key Down;S;137008
Key Up;S;137065
Key Up;D;137224
Key Down;D;137392
Key Down;S;137632
Key Up;S;138001
Key Up;D;138216
Key Down;Q;138864
Key Down;Z;139088
Key Up;Q;139360
Key Down;D;139560
Key Up;Z;139640
Key Up;D;139648
Key Down;A;139784
Key Up;A;139912
Key Down;S;140768
Key Down;D;140792
Key Up;D;140953
Key Down;Q;141073
Key Up;Q;141128
Key Down;D;141184
Key Up;S;141392
Key Up;D;141472
Key Down;D;152416
Key Up;D;152544
Key Down;Z;153672
Key Up;Z;153768
Key Down;E;154080
Key Up;E;154176
Key Down;Q;154568
Key Up;Q;154809
Key Down;Q;155120
Key Up;Q;155304
Key Down;Q;155888
Key Up;Q;156496
Key Down;Q;156664
Key Down;Z;156968
Key Up;Q;157080
Key Up;Z;157424
Key Down;A;157592
Key Up;A;157688
Key Down;Z;157952
Key Up;Z;158200
Key Down;Z;158592
Key Down;Q;159009
Key Up;Z;159088
Key Down;Z;159368
Key Up;Z;159472
Key Up;Q;159688
Key Down;D;159905
Key Up;D;159992
Key Down;D;160184
Key Down;A;160640
Key Down;Z;160776
Key Up;A;160784
Key Up;D;160848
Key Down;D;160960
Key Up;D;161312
Key Down;Q;162256
Key Up;Z;162472
Key Down;Z;162592
Key Up;Q;162792
Key Up;Z;162888
Key Down;D;163272
Key Down;S;163520
Key Up;D;163744
Key Up;S;164152
Key Down;Z;164904
Key Down;Q;164952
Key Up;Q;165008
Key Up;Z;165296
Key Down;Q;165312
Key Up;Q;165513
Key Down;Z;165672
Key Up;Z;165848
Key Down;Q;166120
Key Down;Z;166168
Key Up;Z;166400
Key Up;Q;166520
Key Down;Q;166936
Key Down;Z;166960
Key Up;Z;167048
Key Up;Q;167153
Key Down;Q;167304
Key Down;Z;167424
Key Up;Z;167448
Key Up;Q;167536
Key Down;Q;167816
Key Down;S;168048
Key Up;S;168824
Key Up;Q;169576
Key Down;Q;169808
Key Up;Q;170496
Key Down;Q;170976
Key Down;S;171152
Key Up;S;171320
Key Up;Q;171336
Key Down;S;171992
Key Up;S;172129
Key Down;A;172200
Key Up;A;172280
Key Down;S;172552
Key Up;S;172624
Key Down;Z;173032
Key Down;D;173056
Key Up;D;173168
Key Up;Z;173384
Key Down;S;175232
Key Down;Q;175272
Key Up;Q;175680
Key Up;S;175776
Key Down;A;175928
Key Up;A;176016
Key Down;D;176240
Key Down;S;176376
Key Up;S;176656
Key Up;D;176696
Key Down;S;178392
Key Down;Q;178576
Key Up;Q;178712
Key Down;D;178944
Key Up;S;179136
Key Up;D;179240
Key Down;Q;180400
Key Down;Z;180664
Key Up;Q;180848
Key Up;Z;181033
Key Down;D;181160
Key Down;S;181232
Key Up;D;181353
Key Up;S;181585
Key Down;Z;182352
Key Down;Q;182464
Key Up;Q;182632
Key Down;D;182816
Key Up;Z;182848
Key Down;S;183048
Key Up;D;183144
Key Up;S;183520
Key Down;Q;184024
Key Down;Z;184152
Key Up;Q;184296
Key Up;Z;184856
Key Down;A;185184
Key Up;A;185280
Key Down;Z;188464
Key Up;Z;189344
Key Down;A;189624
Key Up;A;189760
Key Down;Q;190272
Key Up;Q;190344
Key Down;Q;191376
Key Down;Z;191536
Key Up;Q;191600
Key Up;Z;191648
Key Down;D;192152
Key Up;D;192256
Key Down;D;199360
Key Up;D;199480
Key Down;Q;199792
Key Up;Q;199856
Key Down;Z;200344
Key Down;D;201320
Key Up;Z;201344
Key Down;Z;201432
Key Up;D;201528
Key Up;Z;201752
Key Down;D;202104
Key Down;S;202136
Key Up;S;202448
Key Up;D;202456
Key Down;Q;202745
Key Down;Z;202984
Key Up;Q;203272
Key Up;Z;203320
Key Down;Z;203537
Key Down;A;204192
Key Up;Z;204208
Key Up;A;204296
Key Down;Z;204528
Key Down;D;204536
Key Up;Z;205128
Key Up;D;205568
Key Down;Q;205752
Key Down;S;206208
Key Up;Q;206440
Key Down;D;206976
Key Up;D;207104
Key Down;Q;207232
Key Up;Q;207528
Key Up;S;207576
Key Down;Z;208320
Key Up;Z;208632
Key Down;Z;209000
Key Up;Z;209304
Key Down;Q;210480
Key Down;S;210632
Key Up;Q;210697
Key Down;D;211024
Key Up;S;211224
Key Down;Z;211400
Key Up;D;211456
Key Up;Z;211544
Key Down;E;211752
Key Up;E;211840
Key Down;D;212656
Key Up;D;212736
Key Down;S;213248
Key Up;S;213368
Key Down;Q;213432
Key Up;Q;213600
Key Down;E;218544
Key Up;E;218664
Key Down;Z;218816
Key Down;Q;218944
Key Up;Q;219128
Key Down;D;219352
Key Up;Z;219616
Key Up;D;220648
Key Down;Tab;220880
Key Up;Tab;222240
Key Down;D;223592
Key Down;A;224384
Key Up;D;224392
Key Up;A;224496
Key Down;D;224744
Key Up;D;226320
Key Down;D;226720
Key Up;D;227248
Key Down;S;227744
Key Down;D;228016
Key Up;S;228216
Key Up;D;228368
Key Down;S;228552
Key Down;D;228752
Key Up;S;228768
Key Down;Z;229080
Key Up;D;229280
Key Up;Z;229304
Key Down;Q;229344
Key Down;Z;229544
Key Up;Z;229752
Key Down;Z;230208
Key Up;Q;230456
Key Down;Q;230696
Key Up;Q;230720
Key Down;Q;231256
Key Up;Q;231408
Key Down;D;231512
Key Up;D;231528
Key Down;Q;231592
Key Up;Z;231624
Key Up;Q;232312
Key Down;S;232384
Key Down;D;232848
Key Up;D;233600
Key Up;S;233632
Key Down;S;233792
Key Down;Q;233880
Key Up;S;233944
Key Down;Z;234248
Key Up;Q;234336
Key Down;Q;234576
Key Up;Q;234808
Key Down;Q;234960
Key Up;Z;235064
Key Down;Z;235176
Key Up;Q;235232
Key Up;Z;235440
Key Down;S;235704
Key Up;S;235864
Key Down;D;235920
Key Down;Z;236016
Key Up;D;236128
Key Up;Z;236160
Key Down;S;236272
Key Down;D;236480
Key Up;D;236816
Key Down;D;236960
Key Up;D;237096
Key Up;S;237128
Key Down;Q;237256
Key Up;Q;237312
Key Down;S;237528
Key Down;Q;237624
Key Up;S;237640
Key Down;Z;237808
Key Up;Q;237864
Key Up;Z;238080
Key Down;Z;238224
Key Down;D;238480
Key Up;D;238592
Key Down;D;238880
Key Up;D;239064
Key Up;Z;239592
Key Down;A;240560
Key Up;A;240656
Key Down;Z;241304
Key Down;Q;241328
Key Up;Q;241608
Key Up;Z;242072
Key Down;Z;243656
Key Down;D;243688
Key Up;Z;244232
Key Down;Z;244440
Key Up;Z;244760
Key Down;S;245800
Key Up;S;246208
Key Up;D;246727
Key Down;D;246824
Key Down;S;247368
Key Up;S;247744
Key Down;A;247888
Key Up;D;247896
Key Up;A;248000
Key Down;S;248200
Key Down;Q;248504
Key Up;S;248712
Key Up;Q;248840
Key Down;S;249240
Key Down;Q;249384
Key Up;S;249728
Key Up;Q;249776
Key Down;D;250904
Key Down;Z;251576
Key Up;Z;251840
Key Down;Z;252015
Key Up;D;252096
Key Up;Z;252168
Key Down;Q;252232
Key Down;E;252400
Key Up;Q;252448
Key Down;Q;252495
Key Up;E;252504
Key Up;Q;252560
Key Down;S;253080
Key Down;Q;253448
Key Up;S;253616
Key Down;S;253832
Key Up;Q;254192
Key Up;S;254328
Key Down;Q;254448
Key Up;Q;254600
Key Down;S;254831
Key Down;D;254912
Key Up;S;255384
Key Down;Z;255664
Key Up;D;255784
Key Up;Z;255864
Key Down;Q;255944
Key Down;Z;256152
Key Up;Z;256240
Key Down;Z;256736
Key Up;Q;257392
Key Up;Z;257424
Key Down;A;257816
Key Up;A;257920
Key Down;D;259808
Key Up;D;260120
Key Down;Q;260160
Key Down;Z;260392
Key Up;Q;260416
Key Down;Q;261104
Key Up;Z;261216
Key Down;Z;261528
Key Up;Q;261816
Key Down;Q;261992
Key Up;Q;262264
Key Down;D;263864
Key Up;D;264208
Key Down;D;264776
Key Up;Z;264888
Key Up;D;265104
Key Down;Q;265184
Key Down;S;265391
Key Up;Q;265424
Key Down;Q;265792
Key Up;S;266168
Key Down;Z;266400
Key Up;Q;266480
Key Up;Z;266600
Key Down;S;266936
Key Up;S;266992
Key Down;Q;267000
Key Up;Q;267040
Key Down;D;268152
Key Down;Z;268608
Key Up;D;268872
Key Down;D;269160
Key Up;D;269480
Key Down;D;270728
Key Up;D;270984
Key Down;D;271664
Key Up;Z;271696
Key Up;D;271736
Key Down;S;271944
Key Down;Q;272096
Key Up;Q;272216
Key Up;S;272272
Key Down;Z;272496
Key Up;Z;272688
Key Down;S;273352
Key Up;S;273880
Key Down;Q;274151
Key Up;Q;274200
Key Down;Q;275448
Key Up;Q;275496
Key Down;Z;275776
Key Down;D;275968
Key Up;D;276240
Key Up;Z;276456
Key Down;D;276912
Key Down;Z;276936
Key Up;D;277071
Key Down;Q;277599
Key Up;Z;278096
Key Up;Q;278104
Key Down;D;278248
Key Down;S;278528
Key Up;D;278808
Key Up;S;279024
Key Down;Z;279991
Key Up;Z;280312
Key Down;S;280488
Key Up;S;281032
Key Down;Z;281895
Key Up;Z;282168
Key Down;Z;282608
Key Up;Z;283016
Key Down;S;286680
Key Up;S;287296
Key Down;Z;288656
Key Up;Z;289248
Key Down;Z;289408
Key Down;Q;289424
Key Up;Z;289655
Key Up;Q;289752
Key Down;D;289824
Key Down;Z;289872
Key Up;D;290040
Key Up;Z;290119
Key Down;D;290864
Key Down;Z;290872
Key Up;Z;291016
Key Up;D;291088
Key Down;Z;291711
Key Up;Z;292120
Key Down;Q;292168
Key Down;Z;292240
Key Up;Q;292408
Key Up;Z;292544
Key Down;A;292592
Key Up;A;292672
Key Down;S;293096
Key Down;Q;293152
Key Up;S;293360
Key Down;Z;293488
Key Up;Q;294144
Key Up;Z;294248
Key Down;Q;294536
Key Up;Q;294704
Key Down;Z;295088
Key Down;D;295215
Key Up;Z;295448
Key Down;A;295728
Key Up;A;295824
Key Down;S;296104
Key Up;D;296519
Key Down;D;296807
Key Up;D;297008
Key Down;A;297951
Key Up;S;298016
Key Up;A;298056
Key Down;Z;298856
Key Down;Q;299112
Key Up;Z;299384
Key Up;Q;300728
Key Down;D;300895
Key Down;Z;301696
Key Up;D;302304
Key Down;D;302863
Key Up;D;302984
Key Up;Z;304639
Key Down;Q;304647
Key Up;Q;304768
Key Down;Z;305032
Key Down;Q;305119
Key Up;Q;305496
Key Down;D;305960
Key Up;Z;306071
Key Up;D;306216
Key Down;Q;306312
Key Up;Q;306480
Key Down;S;306616
Key Down;D;307168
Key Up;S;307479
Key Up;D;307544
Key Down;A;307776
Key Up;A;307864
Key Down;Q;308360
Key Down;Z;308367
Key Up;Q;308808
Key Up;Z;309384
Key Down;S;310336
Key Down;D;310983
Key Up;S;311055
Key Up;D;311192
Key Down;Z;312976
Key Down;Q;313048
Key Up;Q;313200
Key Up;Z;313240
Key Down;S;314880
Key Down;D;315024
Key Up;D;315032
Key Up;S;315056
Key Down;D;315328
Key Down;S;315344
Key Up;S;315760
Key Up;D;316056
Key Down;Q;319280
Key Down;Z;319656
Key Up;Q;319912
Key Up;Z;320096
Key Down;S;320560
Key Down;D;320768
Key Up;S;320848
Key Up;D;321080
Key Down;Z;323304
Key Up;Z;323384
Key Down;D;323968
Key Down;Z;324183
Key Up;D;324400
Key Down;D;324936
Key Up;Z;325471
Key Up;D;325608
Key Down;A;331672
Key Up;A;331783
Key Down;Z;332928
Key Up;Z;333255
Key Down;Q;333440
Key Down;Z;333528
Key Up;Q;333616
Key Up;Z;333703
Key Down;D;335200
Key Down;S;335288
Key Up;D;335448
Key Down;D;335639
Key Up;S;335784
Key Up;D;335952
Key Down;S;336120
Key Up;S;336256
Key Down;S;336407
Key Up;S;336496
Key Down;Z;336912
Key Down;Q;337864
Key Up;Z;338039
Key Up;Q;338063
Key Down;Z;338320
Key Down;Q;338583
Key Up;Z;338775
Key Down;Z;339072
Key Up;Q;339224
Key Up;Z;339599
Key Down;Z;339768
Key Down;Q;340032
Key Up;Q;340336
Key Up;Z;340400
Key Down;D;340760
Key Down;S;340904
Key Up;D;340952
Key Up;S;341327
Key Down;Z;342104
Key Down;Q;342280
Key Up;Z;342399
Key Down;Z;342520
Key Up;Z;342687
Key Down;S;343008
Key Up;Q;343584
Key Up;S;343648
Key Down;Z;343832
Key Down;D;344032
Key Up;Z;344432
Key Up;D;344576
Key Down;D;344687
Key Down;S;345184
Key Up;D;345288
Key Up;S;345520
Key Down;Z;346511
Key Down;Q;346527
Key Up;Z;346688
Key Up;Q;346783
Key Down;Q;347999
Key Up;Q;348128
Key Down;A;348295
Key Up;A;348416
Key Down;Q;349271
Key Down;Z;349320
Key Up;Z;349352
Key Up;Q;349680
Key Down;Q;349831
Key Down;S;350096
Key Up;Q;350136
Key Up;S;350231
Key Down;S;350671
Key Up;S;350840
Key Down;Z;351120
Key Down;D;351335
Key Down;A;351631
Key Up;A;351711
Key Up;Z;351815
Key Up;D;351952
Key Down;S;352463
Key Up;S;352711
Key Down;Q;352975
Key Down;S;353320
Key Up;Q;353568
Key Down;Q;354216
Key Up;Q;354376
Key Down;D;355280
Key Up;D;355367
Key Down;A;356424
Key Up;A;356520
Key Down;D;356536
Key Up;S;356824
Key Down;Z;357512
Key Up;D;357656
Key Up;Z;358936
Key Down;S;359232
Key Down;Q;359328
Key Up;S;359511
Key Down;Z;359896
Key Up;Q;360216
Key Up;Z;360464
Key Down;Z;361600
Key Down;D;361647
Key Up;Z;361792
Key Up;D;362040
Key Down;Q;362736
Key Down;Z;362967
Key Up;Q;363335
Key Up;Z;363384
Key Down;Z;363808
Key Up;Z;364055
Key Down;Z;366120
Key Up;Z;366711
Key Down;A;366776
Key Down;Z;366879
Key Up;A;366903
Key Up;Z;367048
Key Down;D;367160
Key Up;D;367320
Key Down;Z;367616
Key Down;D;367624
Key Up;Z;367744
Key Up;D;367848
Key Down;D;368184
Key Down;Z;368200
Key Up;D;368432
Key Up;Z;368448
Key Down;Q;368696
Key Up;Q;368815
Key Down;Q;368952
Key Up;Q;369232
Key Down;S;369471
Key Up;S;369527
Key Down;D;371672
Key Down;S;371975
Key Up;D;372455
Key Down;Q;372992
Key Up;S;373056
Key Down;Z;373224
Key Up;Z;373360
Key Down;S;373535
Key Up;Q;373784
Key Down;D;374416
Key Up;D;374528
Key Down;D;375272
Key Up;D;375576
Key Down;Q;375959
Key Up;Q;375991
Key Up;S;376095
Key Down;D;376384
Key Down;S;376504
Key Up;S;376559
Key Down;S;376752
Key Up;D;377000
Key Up;S;377151
Key Down;Z;377304
Key Up;Z;377311
Key Down;Z;377472
Key Up;Z;377648
Key Down;S;377816
Key Down;Q;378272
Key Up;S;378415
Key Down;S;378479
Key Up;S;378759
Key Down;Z;378919
Key Up;Q;379032
Key Down;A;379200
Key Up;A;379304
Key Down;Q;379463
Key Up;Z;379511
Key Down;Z;379527
Key Up;Q;379991
Key Down;D;380567
Key Up;Z;381016
Key Down;S;381808
Key Up;D;381864
Key Down;Q;381991
Key Up;S;382055
Key Up;Q;382199
Key Down;D;382351
Key Down;S;382672
Key Up;S;382840
Key Down;Z;383032
Key Up;D;383040
Key Up;Z;383312
Key Down;S;383456
Key Down;Q;383639
Key Up;S;383927
Key Down;S;385087
Key Up;Q;385415
Key Down;D;385760
Key Up;S;385816
Key Down;A;386040
Key Up;A;386160
Key Up;D;386248
Key Down;S;386479
Key Down;D;386703
Key Up;S;386711
Key Up;D;386831
Key Down;Q;390648
Key Down;Z;390840
Key Up;Q;390976
Key Down;D;391719
Key Up;D;391815
Key Down;Q;391992
Key Up;Z;392024
Key Down;Z;392104
Key Up;Q;392144
Key Up;Z;392304
Key Down;Z;395000
Key Up;Z;395448
Key Down;Z;395664
Key Up;Z;395983
Key Down;S;396592
Key Down;D;396744
Key Up;S;396783
Key Down;S;396904
Key Up;S;396976
Key Down;S;397215
Key Up;D;397247
Key Up;S;397368
Key Down;Q;399759
Key Down;Z;399847
Key Up;Q;400256
Key Down;D;401056
Key Down;A;401186
Key Up;A;401279
Key Up;Z;401351
Key Up;D;401447
Key Down;D;401768
Key Down;Z;401808
Key Up;Z;401960
Key Up;D;402000
Key Down;D;402271
Key Down;S;402351
Key Up;D;402456
Key Up;S;402584
Key Down;Q;402832
Key Down;Z;402992
Key Up;Z;403128
Key Up;Q;403223
Key Down;Z;403392
Key Up;Z;403639
Key Down;D;403720
Key Up;D;403936
Key Down;Q;404031
Key Down;S;404271
Key Up;Q;404303
Key Up;S;404319
Key Down;D;404351
Key Up;D;404727
Key Down;Q;404775
Key Up;Q;404903
Key Down;D;405056
Key Down;S;405375
Key Up;D;405560
Key Up;S;405640
Key Down;Z;405880
Key Up;Z;406064
Key Down;Q;406216
Key Up;Q;406432
Key Down;D;406671
Key Up;D;406872
Key Down;S;407256
Key Up;S;407367
Key Down;Q;408567
Key Down;Z;408608
Key Up;Z;408776
Key Up;Q;408952
Key Down;S;409704
Key Up;S;409855
Key Down;D;410679
Key Up;D;410920
Key Down;D;411663
Key Down;S;412472
Key Up;D;412552
Key Down;D;412984
Key Up;D;413111
Key Down;Q;413719
Key Up;S;413904
Key Up;Q;413943
Key Down;S;420344
Key Up;S;421519
Key Down;S;422096
Key Up;S;422191
Key Down;Q;422231
Key Down;Z;422352
Key Up;Q;422432
Key Down;A;422904
Key Up;A;422967
Key Down;D;423040
Key Up;Z;423096
Key Up;D;423248
Key Down;A;424631
Key Up;A;424743
Key Down;D;424952
Key Down;S;425280
Key Up;D;425575
Key Up;S;425583
Key Down;Q;426456
Key Down;Z;426488
Key Up;Z;426895
Key Down;S;427367
Key Up;Q;427984
Key Up;S;428223
Key Down;A;428231
Key Up;A;428327
Key Down;S;428615
Key Down;Q;428920
Key Up;S;428992
Key Down;Z;429280
Key Up;Z;429408
Key Up;Q;430560
Key Down;Q;430824
Key Down;Z;432296
Key Up;Q;432375
Key Up;Z;432471
Key Down;D;433104
Key Up;D;433376
Key Down;A;433632
Key Up;A;433751
Key Down;Q;434439
Key Up;Q;434608
Key Down;Z;434928
Key Down;Q;435096
Key Up;Q;435207
Key Up;Z;435359
Key Down;D;435935
Key Down;Z;436047
Key Up;D;436103
Key Up;Z;436199
Key Down;Q;451111
Key Up;Q;451223
Key Down;Q;451536
Key Up;Q;451623
Key Down;Z;453664
Key Up;Z;453712
Key Down;E;465023
Key Up;E;465136
Key Down;S;466160
Key Up;S;466368
Key Down;D;467303
Key Down;S;467311
Key Up;D;467576
Key Up;S;467888
Key Down;D;468207
Key Down;Z;470864
Key Up;D;471087
Key Down;D;472104
Key Up;Z;472288
Key Up;D;474584
Key Down;1;476784
Key Up;1;476895
Key Down;1;477504
Key Up;1;477599
Key Down;D;478064
Key Down;Z;478167
Key Up;D;478615
Key Up;Z;478648
Key Down;S;479056
Key Down;D;479239
Key Up;S;479711
Key Down;S;479975
Key Up;D;480040
Key Down;D;480127
Key Up;S;480239
Key Up;D;480359
Key Down;D;480808
Key Up;D;481944
Key Down;Z;482671
Key Down;D;482760
Key Up;Z;482800
Key Up;D;483064
Key Down;Z;483087
Key Down;Q;483903
Key Up;Q;484744
Key Down;D;485192
Key Up;Z;485232
Key Down;Z;485687
Key Up;Z;485783
Key Down;Z;486159
Key Up;Z;486295
Key Down;S;486751
Key Up;D;486863
Key Up;S;487111
Key Down;S;487320
Key Down;Q;488271
Key Up;Q;488424
Key Up;S;489023
Key Down;Z;489152
Key Down;Q;489336
Key Up;Q;489472
Key Down;D;490063
Key Up;Z;490527
Key Up;D;490607
Key Down;D;491199
Key Down;Z;491207
Key Up;Z;491583
Key Down;S;492680
Key Up;D;493320
Key Down;D;493752
Key Up;D;493879
Key Down;D;494543
Key Up;S;494687
Key Up;D;494711
Key Down;S;495063
Key Up;S;495216
Key Down;Q;495384
Key Down;S;495408
Key Up;Q;495440
Key Up;S;495791
Key Down;Z;495968
Key Up;Z;496304
Key Down;D;496367
Key Down;Z;496511
Key Up;D;496663
Key Down;Q;496832
Key Up;Z;496904
Key Up;Q;497071
Key Down;Q;497648
Key Up;Q;498032
Key Down;S;498088
Key Up;S;498200
Key Down;Q;498840
Key Up;Q;498959
Key Down;A;500399
Key Up;A;500511
Key Down;Z;500727
Key Down;Q;500959
Key Up;Q;501319
Key Up;Z;501519
Key Down;Z;502304
Key Up;Z;502719
Key Down;A;502983
Key Down;Z;503159
Key Up;A;503207
Key Down;Q;503383
Key Up;Z;503543
Key Up;Q;503799
Key Down;S;503896
Key Up;S;504200
Key Down;D;504272
Key Down;S;504575
Key Up;D;504679
Key Up;S;504783
Key Down;D;504791
Key Down;S;505063
Key Up;D;505167
Key Up;S;505615
Key Down;A;505759
Key Up;A;505887
Key Down;S;506407
Key Down;Q;506607
Key Up;Q;506743
Key Down;Q;507015
Key Up;S;507607
Key Down;S;508207
Key Up;Q;508439
Key Down;D;508719
Key Up;D;508767
Key Up;S;509448
Key Down;D;509631
Key Down;Z;510007
Key Up;Z;512175
Key Down;S;512487
Key Up;S;512703
Key Down;S;512960
Key Up;S;513576
Key Up;D;513640
Key Down;D;513896
Key Down;Z;514087
Key Up;D;514151
Key Down;Q;514455
Key Up;Z;514599
Key Down;Z;514839
Key Up;Q;514951
Key Up;Z;515111
Key Down;D;515511
Key Down;S;515575
Key Up;D;515887
Key Down;Q;516152
Key Up;Q;516280
Key Up;S;516415
Key Down;D;516976
Key Down;Z;517264
Key Up;D;517311
Key Down;Q;517471
Key Up;Z;517815
Key Down;S;518015
Key Up;Q;518039
Key Up;S;518175
Key Down;A;518264
Key Up;A;518352
Key Down;D;518703
Key Down;S;518879
Key Up;D;519056
Key Up;S;519303
Key Down;S;519800
Key Up;S;520903
Key Down;Q;520951
Key Down;Z;521128
Key Up;Z;521471
Key Up;Q;522215
Key Down;Q;522335
Key Down;Z;522431
Key Up;Z;522815
Key Down;S;523136
Key Up;Q;523303
Key Up;S;523407
Key Down;A;523512
Key Up;A;523631
Key Down;S;524271
Key Down;Q;524335
Key Up;Q;524871
Key Down;D;525455
Key Up;S;525991
Key Up;D;526079
Key Down;Z;526823
Key Down;D;526839
Key Up;Z;526944
Key Up;D;527208
Key Down;Q;529663
Key Up;Q;529831
Key Down;A;530536
Key Up;A;530631
Key Down;Q;532919
Key Down;Z;533071
Key Up;Q;533215
Key Up;Z;533343
Key Down;A;533439
Key Up;A;533551
Key Down;S;533928
Key Down;D;534007
Key Up;S;534055
Key Up;D;534303
Key Down;E;534559
Key Up;E;534640
Key Down;D;539343
Key Down;S;539520
Key Up;D;539719
Key Down;D;540047
Key Up;S;540151
Key Up;D;540167
Key Down;D;540496
Key Down;S;540599
Key Up;S;540831
Key Up;D;541239
Key Down;S;541248
Key Up;S;541495
Key Down;S;541823
Key Up;S;543343
Key Down;A;543439
Key Up;A;543512
Key Down;S;543871
Key Up;S;543928
Key Down;S;544383
Key Up;S;545311
Key Down;Z;546039
Key Down;Q;548487
Key Up;Z;548832
Key Down;S;549616
Key Up;Q;550127
Key Down;D;550687
Key Up;D;550775
Key Up;S;551288
Key Down;Q;551536
Key Down;S;551919
Key Up;Q;552167
Key Up;S;552239
Key Down;Q;553328
Key Up;Q;553512
Key Down;Q;553840
Key Up;Q;554079
Key Down;Q;555064
Key Up;Q;555888
Key Down;Q;556031
Key Up;Q;557687
Key Down;Z;557888
Key Down;Q;558048
Key Up;Q;558255
Key Up;Z;558672
Key Down;Z;558935
Key Up;Z;559551
Key Down;Q;559735
Key Up;Q;559848
Key Down;D;561199
Key Up;D;561343
Key Down;Z;561351
Key Up;Z;561463
Key Down;Z;563151
Key Up;Z;563255
Key Down;S;563592
Key Up;S;564479
Key Down;S;564536
Key Up;S;564599
Key Down;Q;565711
Key Up;Q;565791
Key Down;Q;566687
Key Down;Z;567640
Key Up;Z;568208
Key Down;Z;568407
Key Up;Q;568511
Key Up;Z;568719
Key Down;Z;569895
Key Up;Z;570143
Key Down;D;572871
Key Up;D;572927
Key Down;Z;573367
Key Down;D;574767
Key Up;Z;575287
Key Up;D;575391
Key Down;Z;575791
Key Down;D;575879
Key Up;Z;575968
Key Up;D;576048
Key Down;D;576287
Key Down;Z;577168
Key Up;D;577368
Key Up;Z;577775
Key Down;D;577863
Key Up;D;577983
Key Down;Z;578063
Key Up;Z;578231
Key Down;Tab;578631
Key Up;Tab;579752
Key Down;S;579887
Key Down;A;582671
Key Up;A;582775
Key Down;D;584080
Key Up;D;584199
Key Down;D;585383
Key Up;S;585807
Key Down;Z;586016
Key Up;D;586151
Key Down;D;586360
Key Up;Z;586528
Key Up;D;586647
Key Down;Q;586896
Key Down;Z;586928
Key Up;Z;587103
Key Up;Q;587167
Key Down;Q;587415
Key Down;S;587527
Key Up;Q;587559
Key Up;S;587727
Key Down;Q;588183
Key Down;S;588559
Key Up;Q;588567
Key Down;D;588959
Key Up;D;589023
Key Up;S;590519
Key Down;D;591639
Key Up;D;592063
Key Down;A;592191
Key Up;A;592287
Key Down;Z;593167
Key Up;Z;593288
Key Down;Q;593439
Key Up;Q;593591
Key Down;Q;594055
Key Up;Q;594191
Key Down;Q;594335
Key Up;Q;594432
Key Down;Q;594768
Key Up;Q;595023
Key Down;D;595047
Key Down;Z;595711
Key Up;Z;595999
Key Up;D;596399
Key Down;Z;596503
Key Down;D;596535
Key Up;D;596943
Key Down;Q;597551
Key Up;Z;597680
Key Down;S;598207
Key Up;Q;598624
Key Down;D;598975
Key Up;S;599096
Key Up;D;599767
Key Down;D;600152
Key Down;Z;600711
Key Up;D;600743
Key Up;Z;601143
Key Down;Tab;601559
Key Up;Tab;604743
Key Down;S;605543
Key Down;Q;605759
Key Up;Q;607031
Key Up;S;607271
Key Down;S;608791
Key Down;D;610159
Key Up;D;610335
Key Down;Q;610415
Key Up;Q;610943
Key Up;S;611023
Key Down;D;611095
Key Down;Z;611279
Key Up;Z;611648
Key Down;Z;611927
Key Up;Z;612367
Key Down;S;613175
Key Up;D;613263
Key Up;S;613415
Key Down;D;613672
Key Down;Z;613823
Key Up;Z;613911
Key Down;S;615039
Key Up;D;615271
Key Down;A;615495
Key Up;A;615631
Key Down;Q;616295
Key Up;Q;616479
Key Up;S;616511
Key Down;Z;616655
Key Up;Z;616767
Key Down;Q;616847
Key Up;Q;616912
Key Down;Z;617239
Key Up;Z;617767
Key Down;S;618119
Key Down;D;618384
Key Up;S;618671
Key Up;D;618895
Key Down;Q;619199
Key Up;Q;619391
Key Down;D;619543
Key Down;Z;619671
Key Up;Z;619719
Key Up;D;619735
Key Down;Z;620119
Key Down;Q;620295
Key Up;Q;620615
Key Down;D;620999
Key Up;D;621327
Key Up;Z;621575
Key Down;A;623151
Key Up;A;623247
Key Down;Z;624791
Key Down;Q;624911
Key Up;Z;625087
Key Down;S;626095
Key Up;Q;627671
Key Down;A;627823
Key Up;S;627839
Key Up;A;627944
Key Down;Q;629759
Key Down;Z;629767
Key Up;Q;630687
Key Up;Z;630791
Key Down;A;630863
Key Up;A;630967
Key Down;S;632047
Key Up;S;632999
Key Down;Z;633407
Key Up;Z;634471
Key Down;A;635055
Key Up;A;635143
Key Down;D;635287
Key Down;S;636119
Key Up;D;636711
Key Down;Q;637007
Key Up;S;637551
Key Down;S;637671
Key Up;Q;637719
Key Down;Q;637999
Key Up;Q;638079
Key Down;Q;638527
Key Up;Q;638615
Key Down;Q;638959
Key Up;Q;639096
Key Down;Q;640175
Key Up;Q;640679
Key Up;S;640759
Key Down;Q;641031
Key Down;Z;641639
Key Up;Z;641807
Key Up;Q;641815
Key Down;Z;642919
Key Down;Q;642959
Key Up;Q;643047
Key Up;Z;643103
Key Down;Q;643807
Key Up;Q;643935
Key Down;S;643999
Key Down;Q;644111
Key Up;S;644127
Key Up;Q;644159
Key Down;D;644335
Key Down;S;644543
Key Up;S;644599
Key Down;Z;644839
Key Up;Z;645527
Key Down;A;646119
Key Up;A;646215
Key Down;S;646551
Key Up;S;646871
Key Down;S;647351
Key Up;D;648543
Key Up;S;649311
Key Down;S;650191
Key Down;D;650199
Key Up;D;650319
Key Up;S;650567
Key Down;Q;651287
Key Down;Z;651399
Key Up;Q;651503
Key Up;Z;651511
Key Down;Z;652183
Key Down;Q;652527
Key Up;Z;652559
Key Down;Z;652679
Key Up;Q;652711
Key Up;Z;652863
Key Down;D;652935
Key Down;Z;653071
Key Up;Z;653184
Key Up;D;653239
Key Down;Espace;670703
Key Up;Espace;670847
Key Down;S;683287
Key Up;S;683751
Key Down;D;683815
Key Down;Q;686687
Key Up;D;686711
Key Down;S;687096
Key Up;Q;687239
Key Up;S;687367
Key Down;A;687959
Key Up;A;688071
Key Down;Z;689063
Key Down;D;689215
Key Up;Z;689502
Key Down;S;690479
Key Up;S;690751
Key Down;Q;693334
Key Up;D;693390
Key Down;Z;693894
Key Up;Q;693975
Key Up;Z;694159
Key Down;Q;694415
Key Down;S;694647
Key Up;Q;694655
Key Down;D;695175
Key Up;S;695279
Key Down;A;695711
Key Up;A;695831
Key Down;Z;695951
Key Up;D;696759
Key Down;Q;696815
Key Up;Z;696855
Key Down;Z;697151
Key Up;Q;698383
Key Down;D;699095
Key Up;D;699199
Key Up;Z;699255
Key Down;A;699311
Key Up;A;699399
Key Down;D;699871
Key Up;D;700231
Key Down;Z;701231
Key Up;Z;702527
Key Down;Z;703647
Key Down;D;703655
Key Up;D;704119
Key Down;Q;704671
Key Up;Q;704791
Key Down;A;705222
Key Up;A;705303
Key Up;Z;705367
Key Down;Z;706015
Key Down;Q;706183
Key Up;Z;706231
Key Up;Q;706383
Key Down;D;706807
Key Down;Z;706838
Key Up;D;707031
Key Down;Q;707198
Key Up;Z;707295
Key Up;Q;707311
Key Down;Q;708535
Key Down;S;709319
Key Up;Q;709567
Key Down;A;709719
Key Up;A;709831
Key Down;Q;709999
Key Up;S;710007
Key Up;Q;710167
Key Down;Z;710591
Key Down;D;710807
Key Up;Z;710935
Key Down;S;712887
Key Up;D;712991
Key Down;A;713647
Key Up;S;713687
Key Up;A;713759
Key Down;Q;714343
Key Up;Q;714423
Key Down;Z;714687
Key Up;Z;714831
Key Down;E;714903
Key Up;E;714975
Key Down;Q;715855
Key Down;S;715919
Key Up;Q;716007
Key Down;D;716423
Key Up;S;716719
Key Up;D;716903
Key Down;Tab;717446
Key Up;Tab;717879
Key Down;Z;717935
Key Down;Q;718223
Key Up;Q;718454
Key Down;Q;719023
Key Up;Q;719151
Key Down;D;721710
Key Up;D;721879
Key Up;Z;722223
Key Down;Q;722735
Key Up;Q;722839
Key Down;S;723103
Key Up;S;723159
Key Down;D;723455
Key Up;D;723575
Key Down;Z;740950
Key Up;Z;741095
Key Down;Q;741815
Key Up;Q;741903
Key Down;S;743303
Key Down;Q;743711
Key Up;S;743878
Key Up;Q;744142
Key Down;D;745655
Key Down;Z;745975
Key Up;D;746063
Key Up;Z;746222
Key Down;Z;746695
Key Up;Z;746766
Key Down;S;750895
Key Down;Q;751422
Key Up;Q;751887
Key Up;S;752263
Key Down;D;752279
Key Down;Z;753102
Key Up;D;753215
Key Down;D;753270
Key Down;A;753503
Key Up;A;753599
Key Up;Z;753655
Key Down;S;753895
Key Up;S;754383
Key Down;Z;755343
Key Up;D;755438
Key Down;D;755647
Key Up;Z;755871
Key Down;Q;756583
Key Up;D;756647
Key Up;Q;756911
Key Down;Q;757127
Key Up;Q;757287
Key Down;Q;757422
Key Up;Q;757831
Key Down;A;759047
Key Up;A;759127
Key Down;D;761510
Key Down;A;761879
Key Up;A;761975
Key Down;S;763007
Key Up;D;763454
Key Up;S;763983
Key Down;S;766903
Key Up;S;767471
Key Down;S;768014
Key Down;D;768511
Key Up;S;768591
Key Down;Z;769223
Key Up;Z;769398
Key Down;Z;769814
Key Up;Z;769998
Key Up;D;770311
Key Down;A;770383
Key Up;A;770494
Key Down;D;770694
Key Up;D;770918
Key Down;S;771598
Key Down;Q;771670
Key Up;S;771767
Key Down;Z;773999
Key Up;Z;774007
Key Up;Q;774287
Key Down;A;774855
Key Up;A;774958
Key Down;Z;775311
Key Up;Z;775623
Key Down;Q;776247
Key Down;S;776342
Key Up;Q;776438
Key Up;S;776799
Key Down;A;777879
Key Up;A;777983
Key Down;S;779623
Key Down;Q;780214
Key Up;Q;781647
Key Up;S;781878
Key Down;A;781919
Key Up;A;782015
Key Down;Z;782607
Key Down;D;782790
Key Up;Z;783519
Key Up;D;783623
Key Down;Q;786078
Key Down;Z;786278
Key Up;Q;786447
Key Up;Z;786583
Key Down;A;786663
Key Up;A;786759
Key Down;S;787518
Key Down;D;787743
Key Up;S;787831
Key Up;D;787863
Key Down;D;791927
Key Up;D;792190
Key Down;Z;793919
Key Down;D;793983
Key Up;D;794143
Key Up;Z;794151
Key Down;Q;794551
Key Down;S;794590
Key Up;S;795839
Key Up;Q;796934
Key Down;Tab;798559
Key Up;Tab;799335
Key Down;S;799790
Key Down;A;800007
Key Up;A;800135
Key Down;Q;800359
Key Up;S;800414
Key Down;Z;800655
Key Up;Z;801406
Key Down;S;803903
Key Up;Q;803958
Key Down;D;804311
Key Up;D;804383
Key Down;D;805263
Key Up;S;805679
Key Down;S;806887
Key Up;S;807135
Key Down;Z;808791
Key Up;D;809095
Key Up;Z;809103
Key Down;Q;809847
Key Down;Z;809910
Key Up;Q;809974
Key Up;Z;810158
Key Down;A;810414
Key Up;A;810503
Key Down;D;811542
Key Up;D;811727
Key Down;D;811759
Key Down;S;811767
Key Up;D;811807
Key Down;D;812103
Key Up;S;812182
Key Up;D;813111
Key Down;Q;813134
Key Up;Q;813247
Key Down;D;813711
Key Down;A;813927
Key Up;A;814063
Key Down;S;814406
Key Up;D;814479
Key Down;D;816495
Key Up;D;816615
Key Up;S;816703
Key Down;S;819047
Key Up;S;819198
Key Down;Z;820047
Key Up;Z;820254
Key Down;Z;820511
Key Up;Z;820702
Key Down;S;821087
Key Down;Q;821223
Key Up;Q;821471
Key Up;S;821654
Key Down;Q;822007
Key Down;Z;822214
Key Up;Q;822319
Key Down;A;822678
Key Up;Z;822743
Key Up;A;822774
Key Down;D;822990
Key Down;S;823271
Key Up;S;823438
Key Up;D;823951
Key Down;S;824070
Key Down;D;824207
Key Up;S;824590
Key Down;Z;825150
Key Up;Z;825303
Key Up;D;825695
Key Down;D;826302
Key Down;Z;826695
Key Up;Z;826983
Key Up;D;827334
Key Down;Q;828070
Key Down;Z;828199
Key Up;Q;828606
Key Down;A;828830
Key Up;A;828927
Key Down;D;829031
Key Up;Z;829127
Key Up;D;829159
Key Down;Z;829959
Key Down;D;830071
Key Up;Z;830255
Key Down;S;830702
Key Up;D;831151
Key Down;D;832095
Key Up;D;832319
Key Down;D;832647
Key Up;S;833422
Key Down;A;834023
Key Up;A;834135
Key Down;S;834511
Key Up;S;834711
Key Down;Z;834919
Key Up;D;834990
Key Up;Z;835054
Key Down;Q;835158
Key Down;Z;835935
Key Up;Z;836118
Key Up;Q;837134
Key Down;Q;837406
Key Up;Q;837654
Key Down;D;837870
Key Down;A;837919
Key Up;A;838055
Key Down;Z;838166
Key Up;D;838742
Key Up;Z;839151
Key Down;D;839438
Key Down;Z;839887
Key Up;D;840022
Key Down;Q;840527
Key Up;Z;840638
Key Up;Q;841278
Key Down;A;842447
Key Up;A;842535
Key Down;Q;842999
Key Down;S;843279
Key Up;Q;843335
Key Up;S;843350
Key Down;S;843998
Key Down;D;844143
Key Up;S;844214
Key Down;Z;844487
Key Up;Z;844679
Key Down;A;845343
Key Up;A;845447
Key Down;S;845686
Key Up;S;845950
Key Up;D;847231
Key Down;Q;847375
Key Down;S;847790
Key Up;S;847902
Key Down;S;849246
Key Up;S;849614
Key Down;Z;850582
Key Up;Z;850871
Key Down;Z;851342
Key Up;Z;851438
Key Up;Q;852127
Key Down;Tab;852359
Key Up;Tab;853078
Key Down;Z;853175
Key Down;Q;853286
Key Up;Z;853398
Key Down;S;854518
Key Up;Q;854727
Key Down;Q;855223
Key Up;Q;855311
Key Down;D;857047
Key Up;S;857159
Key Down;Z;858134
Key Up;Z;858271
Key Down;Z;858999
Key Up;Z;859086
Key Down;S;859351
Key Up;D;859663
Key Down;D;859935
Key Down;A;860039
Key Up;A;860159
Key Up;D;860358
Key Down;Q;860582
Key Up;S;860638
Key Up;Q;860894
Key Down;Q;861079
Key Up;Q;861175
Key Down;D;861230
Key Down;S;861359
Key Up;D;861406
Key Up;S;861614
Key Down;D;861695
Key Up;D;861727
Key Down;Z;861926
Key Up;Z;862143
Key Down;D;862783
Key Down;Z;862870
Key Up;D;862999
Key Up;Z;863078
Key Down;A;863502
Key Up;A;863591
Key Down;Q;864351
Key Down;S;864542
Key Up;Q;864615
Key Up;S;864631
Key Down;D;866310
Key Down;Z;866454
Key Up;D;866615
Key Down;A;866638
Key Up;A;866759
Key Down;Q;867086
Key Up;Z;867118
Key Up;Q;867231
Key Down;Q;867430
Key Down;Z;867511
Key Up;Z;868134
Key Up;Q;868151
Key Down;Q;868326
Key Down;S;868543
Key Up;Q;869062
Key Down;D;869494
Key Up;D;869854
Key Down;Q;869910
Key Up;S;870254
Key Down;Z;871079
Key Up;Q;871191
Key Down;A;871359
Key Up;A;871454
Key Up;Z;871519
Key Down;Q;871615
Key Down;S;871790
Key Up;Q;871934
Key Down;Q;872214
Key Up;Q;872238
Key Down;D;872383
Key Up;S;872455
Key Down;Z;872879
Key Up;Z;873214
Key Down;Z;874119
Key Up;D;874503
Key Down;D;874999
Key Up;Z;875078
Key Up;D;875550
Key Down;S;875854
Key Up;S;876438
Key Down;A;876518
Key Up;A;876654
Key Down;Q;877166
Key Down;Z;877271
Key Up;Z;877422
Key Up;Q;877438
Key Down;D;878015
Key Down;Z;878166
Key Up;D;878447
Key Down;D;878727
Key Up;Z;879071
Key Up;D;879278
Key Down;Q;879342
Key Up;Q;879583
Key Down;D;879639
Key Up;D;879823
Key Down;Q;879855
Key Down;S;880598
Key Up;Q;881495
Key Down;D;881927
Key Up;D;882279
Key Down;D;882638
Key Up;D;882726
Key Down;Q;883791
Key Up;Q;883903
Key Down;D;884086
Key Up;D;884214
Key Down;A;885447
Key Up;A;885551
Key Up;S;885735
Key Down;Q;885742
Key Down;Z;887151
Key Up;Q;887183
Key Down;A;887367
Key Up;A;887479
Key Down;D;887719
Key Up;Z;887782
Key Down;Z;887967
Key Up;D;888359
Key Down;D;888495
Key Up;Z;888703
Key Up;D;889062
Key Down;D;889335
Key Down;Z;890295
Key Up;Z;890774
Key Up;D;892270
Key Down;Q;892862
Key Down;Z;892950
Key Up;Z;893078
Key Down;Z;893182
Key Up;Q;893551
Key Down;Q;893975
Key Up;Q;894118
Key Down;A;894486
Key Up;A;894591
Key Down;D;894599
Key Up;Z;894823
Key Up;D;895198
Key Down;S;895254
Key Down;D;896831
Key Up;S;897063
Key Up;D;897175
Key Down;A;901806
Key Up;A;901886
Key Down;S;904455
Key Down;Q;905175
Key Up;Q;905462
Key Down;D;906926
Key Up;D;907110
Key Up;S;907158
Key Down;D;907558
Key Down;Z;907790
Key Up;Z;908022
Key Down;S;909302
Key Up;D;909982
Key Down;Q;910295
Key Up;Q;910478
Key Up;S;910510
Key Down;S;911191
Key Down;Q;911534
Key Up;S;912390
Key Down;Z;914071
Key Up;Q;914439
Key Down;D;914742
Key Up;Z;915071
Key Up;D;915398
Key Down;A;915647
Key Up;A;915758
Key Down;D;915838
Key Up;D;916158
Key Down;Q;916254
Key Down;S;916374
Key Up;Q;916783
Key Up;S;916927
Key Down;S;917990
Key Down;D;918294
Key Up;S;918662
Key Down;Z;919150
Key Down;A;919159
Key Up;A;919279
Key Up;D;919406
Key Up;Z;919495
Key Down;Z;920894
Key Down;Q;921199
Key Up;Q;921662
Key Up;Z;921702
Key Down;Z;922342
Key Down;Q;922479
Key Up;Q;922830
Key Up;Z;922862
Key Down;Z;923294
Key Down;D;924686
Key Up;D;924998
Key Down;A;925038
Key Up;A;925199
Key Down;Q;925550
Key Up;Q;925751
Key Down;D;926054
Key Up;D;926622
Key Down;D;926934
Key Up;D;927086
Key Down;D;927454
Key Up;D;927575
Key Up;Z;928415
Key Down;Z;929974
Key Up;Z;930342
Key Down;Q;930950
Key Up;Q;931102
Key Down;S;931334
Key Down;D;931478
Key Up;D;931622
Key Up;S;931631
Key Down;Q;934534
Key Down;Z;934598
Key Up;Z;935086
Key Up;Q;935543
Key Down;A;935758
Key Up;A;935862
Key Down;Q;936094
Key Up;Q;936206
Key Down;Q;936998
Key Up;Q;939022
Key Down;Tab;939246
Key Up;Tab;942422
Key Down;Q;943207
Key Down;Z;944382
Key Up;Z;944462
Key Down;Z;945846
Key Up;Q;946598
Key Up;Z;946622
Key Down;E;946854
Key Up;E;946974
Key Down;Q;948431
Key Up;Q;948582
Key Down;E;954647
Key Up;E;954774
Key Down;D;957407
Key Down;S;958143
Key Up;D;958254
Key Down;Q;959135
Key Up;S;959454
Key Down;Z;960063
Key Up;Z;960990
Key Down;Z;962431
Key Up;Z;962982
Key Up;Q;963534
Key Down;Tab;963783
Key Up;Tab;965342
Key Down;Z;965975
Key Up;Z;967151
Key Down;E;967486
Key Up;E;967567
Key Down;E;983407
Key Up;E;983526
Key Down;Z;989862
Key Down;Q;989974
Key Up;Z;989998
Key Up;Q;990142
Key Down;Z;990903
Key Up;Z;991047
Key Down;D;991063
Key Up;D;991190
Key Down;Z;994286
Key Up;Z;994390
Key Down;A;995614
Key Up;A;995726
Key Down;Z;996718
Key Down;D;996918
Key Up;D;996990
Key Up;Z;997358
Key Down;Q;997702
Key Down;S;997734
Key Up;Q;997838
Key Up;S;997991
Key Down;D;998407
Key Up;D;998503
Key Down;NumPad 3;999007
Key Up;NumPad 3;999109
Key Down;Z;999727
Key Up;Z;1000686
Key Down;Z;1001175
Key Down;Q;1001190
Key Up;Q;1001551
Key Up;Z;1001790
Key Down;S;1001998
Key Up;S;1002414
Key Down;Z;1002870
Key Up;Z;1003326
Key Down;E;1003487
Key Up;E;1003582
Key Down;S;1003927
Key Down;D;1004078
Key Up;S;1004422
Key Up;D;1004542
Key Down;Q;1004934
Key Up;Q;1005007
Key Down;E;1006750
Key Up;E;1006838
Key Down;D;1007822
Key Up;D;1007943
Key Down;E;1008878
Key Up;E;1008958
Key Down;Q;1009278
Key Up;Q;1009471
Key Down;E;1011486
Key Up;E;1011582
Key Down;S;1011839
Key Down;D;1012015
Key Up;D;1012118
Key Up;S;1013062
Key Down;Q;1013247
Key Down;S;1013614
Key Up;Q;1013830
Key Up;S;1013998
Key Down;A;1015390
Key Up;A;1015510
Key Down;Tab;1017478
Key Up;Tab;1019470
Key Down;Z;1021118
Key Up;Z;1021614
Key Down;E;1022030
Key Up;E;1022038
Key Down;D;1023534
Key Up;D;1023598
Key Down;E;1023862
Key Up;E;1023934
Key Down;Q;1024238
Key Up;Q;1024326
Key Down;E;1025382
Key Up;E;1025519
Key Down;Q;1025790
Key Up;Q;1026198
Key Down;D;1026606
Key Down;S;1026710
Key Up;S;1026983
Key Up;D;1027014
Key Down;Tab;1031271
Key Up;Tab;1032710
Key Down;Z;1033750
Key Up;Z;1034478
Key Down;Z;1035527
Key Up;Z;1036030
Key Down;Z;1036935
Key Up;Z;1037342
Key Down;Z;1038158
Key Up;Z;1044526
Key Down;Z;1047982
Key Down;Espace;1048806
Key Up;Espace;1048942
Key Down;Q;1049374
Key Up;Z;1049822
Key Up;Q;1050526
Key Down;S;1050935
Key Up;S;1051038
Key Down;S;1051630
Key Down;D;1051830
Key Up;S;1052494
Key Down;Z;1052846
Key Up;Z;1053086
Key Down;S;1053454
Key Up;S;1053510
Key Up;D;1054702
Key Down;D;1055478
Key Up;D;1055662
Key Down;Z;1055838
Key Down;D;1056111
Key Up;Z;1056150
Key Up;D;1056238
Key Down;D;1056494
Key Down;S;1056566
Key Up;D;1057014
Key Up;S;1057254
Key Down;Q;1057278
Key Up;Q;1057326
Key Down;Z;1057406
Key Down;Q;1057590
Key Up;Z;1058622
Key Down;S;1058854
Key Up;S;1060230
Key Down;Z;1060806
Key Up;Z;1061598
Key Up;Q;1062358
Key Down;Q;1062918
Key Down;Z;1063134
Key Up;Q;1063326
Key Down;D;1063870
Key Up;D;1064142
Key Down;D;1064494
Key Down;NumPad 3;1065708
Key Up;Z;1065742
Key Up;NumPad 3;1065836
Key Down;S;1066526
Key Up;D;1067934
Key Up;S;1068006
Key Down;D;1068374
Key Down;S;1068406
Key Up;S;1068750
Key Up;D;1068991
Key Down;S;1069334
Key Down;D;1069742
Key Up;D;1070054
Key Up;S;1070438
Key Down;Q;1070702
Key Down;Z;1070758
Key Up;Q;1070990
Key Up;Z;1071022
Key Down;D;1071158
Key Up;D;1071302
Key Down;D;1071646
Key Up;D;1071886
Key Down;S;1072190
Key Down;D;1072230
Key Up;D;1072383
Key Up;S;1072518
Key Down;D;1072879
Key Up;D;1072974
Key Down;D;1073334
Key Down;Z;1073374
Key Up;D;1073494
Key Up;Z;1073790
Key Down;S;1073966
Key Up;S;1074334
Key Down;Z;1074551
Key Up;Z;1074654
Key Down;Z;1074862
Key Down;D;1075030
Key Up;D;1075086
Key Down;Q;1075126
Key Up;Z;1075182
Key Up;Q;1075350
Key Down;Z;1075422
Key Up;Z;1075990
Key Down;S;1076822
Key Down;Q;1077142
Key Up;S;1077710
Key Down;Z;1079822
Key Up;Q;1080230
Key Up;Z;1080358
Key Down;Q;1080646
Key Up;Q;1081110
Key Down;Q;1081398
Key Down;Z;1081462
Key Up;Q;1081718
Key Up;Z;1081758
Key Down;Z;1085494
Key Down;D;1085574
Key Up;Z;1086910
Key Up;D;1087094
Key Down;D;1087494
Key Down;S;1087894
Key Up;S;1088302
Key Down;Z;1088502
Key Up;D;1088566
Key Up;Z;1088782
Key Down;E;1089230
Key Up;E;1089350
Key Down;S;1089998
Key Down;Q;1090142
Key Up;S;1090206
Key Up;Q;1090366
Key Down;E;1091382
Key Up;E;1091462
Key Down;D;1093358
Key Down;Z;1093566
Key Up;D;1093622
Key Up;Z;1093766
Key Down;A;1097342
Key Up;A;1097454
Key Down;Tab;1098710
Key Up;Tab;1099462
Key Down;R;1100054
Key Up;R;1100150
Key Down;Echap;1107526
Key Up;Echap;1107638
Key Down;Echap;1108069
Key Up;Echap;1108182
Key Down;Echap;1108790
Key Up;Echap;1108878
Key Down;Z;1109358
Key Down;Q;1109654
Key Up;Q;1109958
Key Up;Z;1110078
Key Down;Tab;1110214
Key Up;Tab;1114502
Key Down;Z;1120414
Key Up;Z;1120894
Key Down;Z;1121326
Key Up;Z;1121678
Key Down;S;1131294
Key Down;Q;1131622
Key Up;S;1131709
Key Down;S;1132030
Key Up;Q;1132094
Key Down;D;1134006
Key Up;D;1134350
Key Down;Q;1134382
Key Up;Q;1135230
Key Down;D;1135622
Key Up;S;1136853
Key Down;Z;1137878
Key Up;Z;1138798
Key Up;D;1138910
Key Down;Z;1139814
Key Up;Z;1140350
Key Down;Z;1140822
Key Up;Z;1141158
Key Down;Z;1141622
Key Down;Q;1141822
Key Up;Z;1141886
Key Down;S;1142062
Key Up;Q;1142142
Key Up;S;1142350
Key Down;A;1142358
Key Up;A;1142446
Key Down;D;1142830
Key Down;Z;1142917
Key Up;D;1142989
Key Up;Z;1143126
Key Down;E;1143134
Key Up;E;1143230
Key Down;S;1143494
Key Down;D;1143902
Key Up;S;1144390
Key Up;D;1144726
Key Down;S;1145022
Key Up;S;1145142
Key Down;Q;1145333
Key Down;Z;1145534
Key Up;Z;1145678
Key Up;Q;1145766
Key Down;A;1146222
Key Up;A;1146350
Key Down;D;1147334
Key Down;S;1148454
Key Up;S;1148486
Key Down;Z;1149686
Key Up;D;1150118
Key Down;Q;1150302
Key Up;Q;1150549
Key Up;Z;1151326
Key Down;S;1151694
Key Up;S;1151838
Key Down;A;1151926
Key Up;A;1152078
Key Down;D;1152502
Key Up;D;1152942
Key Down;A;1154006
Key Up;A;1154110
Key Down;Q;1154830
Key Up;Q;1154894
Key Down;A;1156734
Key Up;A;1156838
Key Down;Q;1159358
Key Up;Q;1159566
Key Down;S;1160302
Key Down;Q;1160462
Key Up;S;1160582
Key Down;S;1160630
Key Up;Q;1160934
Key Down;A;1161094
Key Up;A;1161142
Key Up;S;1162245
Key Down;Z;1163150
Key Up;Z;1163574
Key Down;Z;1163702
Key Down;Q;1163798
Key Up;Q;1163926
Key Up;Z;1164062
Key Down;S;1164198
Key Up;S;1164453
Key Down;Z;1164590
Key Down;A;1164782
Key Up;A;1164910
Key Down;D;1165086
Key Up;Z;1165181
Key Down;S;1165582
Key Up;D;1165886
Key Down;D;1166022
Key Up;D;1166245
Key Up;S;1166438
Key Down;S;1166614
Key Down;D;1166741
Key Up;D;1166846
Key Down;Q;1166910
Key Up;S;1166934
Key Down;Z;1167118
Key Up;Q;1167502
Key Up;Z;1167590
Key Down;D;1167662
Key Down;S;1168022
Key Up;S;1168350
Key Up;D;1168534
Key Down;Q;1169677
Key Down;Z;1169822
Key Up;Q;1170118
Key Up;Z;1170206
Key Down;Z;1170438
Key Down;Q;1170653
Key Up;Q;1170790
Key Down;A;1170998
Key Up;Z;1171069
Key Up;A;1171102
Key Down;D;1171173
Key Up;D;1171350
Key Down;Z;1173518
Key Down;Q;1173742
Key Up;Q;1173926
Key Down;A;1174414
Key Up;A;1174542
Key Down;D;1174622
Key Up;Z;1175142
Key Down;A;1177629
Key Up;A;1177725
Key Down;S;1177902
Key Up;D;1178198
Key Down;Q;1178517
Key Up;S;1178582
Key Down;Z;1178950
Key Up;Q;1179622
Key Up;Z;1179669
Key Down;S;1179838
Key Down;D;1179854
Key Up;D;1179966
Key Down;D;1180318
Key Up;D;1180534
Key Down;D;1180678
Key Up;S;1180766
Key Down;Z;1181062
Key Up;Z;1181238
Key Down;S;1181534
Key Up;D;1181582
Key Up;S;1181925
Key Down;A;1181949
Key Up;A;1182062
Key Down;D;1182278
Key Down;S;1182350
Key Up;S;1182758
Key Up;D;1182941
Key Down;Q;1183006
Key Up;Q;1183301
Key Down;D;1183558
Key Down;Z;1183685
Key Up;D;1183886
Key Down;Q;1184078
Key Up;Q;1184158
Key Up;Z;1184198
Key Down;Q;1184374
Key Up;Q;1184582
Key Down;D;1186485
Key Down;Z;1187214
Key Up;D;1187222
Key Down;Q;1187326
Key Up;Q;1187614
Key Up;Z;1187758
Key Down;A;1187838
Key Up;A;1187942
Key Down;D;1190622
Key Down;Z;1191269
Key Up;Z;1191462
Key Down;Z;1191550
Key Up;D;1191653
Key Down;Q;1191702
Key Up;Z;1191862
Key Up;Q;1192038
Key Down;A;1192526
Key Up;A;1192622
Key Down;S;1193085
Key Up;S;1194214
Key Down;A;1194342
Key Up;A;1194478
Key Down;S;1196926
Key Down;D;1197094
Key Up;S;1197758
Key Up;D;1197933
Key Down;A;1198166
Key Up;A;1198253
Key Down;Q;1198686
Key Up;Q;1199014
Key Down;Q;1199294
Key Down;S;1199861
Key Up;S;1200446
Key Up;Q;1200742
Key Down;D;1200846
Key Down;Z;1201238
Key Up;Z;1201910
Key Down;S;1202758
Key Up;S;1203006
Key Up;D;1203534
Key Down;D;1203829
Key Down;S;1204845
Key Up;D;1205325
Key Up;S;1205382
Key Down;Q;1205685
Key Up;Q;1205854
Key Down;S;1206046
Key Down;D;1206238
Key Up;S;1206990
Key Down;Z;1207414
Key Up;D;1207502
Key Down;A;1207518
Key Up;A;1207614
Key Up;Z;1207854
Key Down;Z;1208238
Key Down;D;1208293
Key Up;D;1208598
Key Up;Z;1209046
Key Down;D;1209198
Key Down;Z;1209589
Key Up;D;1209718
Key Up;Z;1209766
Key Down;D;1209886
Key Down;S;1209981
Key Up;D;1210166
Key Up;S;1210262
Key Down;Q;1210286
Key Down;Z;1210430
Key Up;Q;1210494
Key Up;Z;1210581
Key Down;A;1210837
Key Up;A;1210958
Key Down;Z;1211094
Key Up;Z;1211278
Key Down;S;1212270
Key Up;S;1212950
Key Down;A;1212966
Key Up;A;1213086
Key Down;Q;1213350
Key Down;Z;1213494
Key Up;Q;1213502
Key Up;Z;1213621
Key Down;Q;1217085
Key Up;Q;1217109
Key Down;D;1217909
Key Up;D;1218182
Key Down;A;1219221
Key Up;A;1219317
Key Down;D;1220597
Key Down;S;1221262
Key Up;S;1221502
Key Up;D;1221630
Key Down;Z;1221678
Key Up;Z;1221798
Key Down;D;1222141
Key Down;Z;1222381
Key Up;D;1222566
Key Down;D;1223069
Key Up;D;1223190
Key Up;Z;1223430
Key Down;A;1223509
Key Up;A;1223582
Key Down;S;1223805
Key Down;Q;1223918
Key Up;S;1223950
Key Down;S;1224414
Key Up;S;1224558
Key Down;S;1225630
Key Up;S;1226037
Key Down;S;1226333
Key Up;Q;1226781
Key Down;A;1226990
Key Up;A;1227094
Key Up;S;1227214
Key Down;D;1227318
Key Down;S;1227398
Key Up;S;1227901
Key Up;D;1228061
Key Down;Q;1228077
Key Up;Q;1228165
Key Down;A;1229150
Key Up;A;1229254
Key Down;D;1229486
Key Down;Z;1229782
Key Up;D;1230238
Key Up;Z;1230517
Key Down;S;1230958
Key Down;D;1231174
Key Up;D;1231877
Key Up;S;1231990
Key Down;Q;1232613
Key Up;Q;1232686
Key Down;D;1233198
Key Down;S;1233254
Key Up;D;1233294
Key Up;S;1234198
Key Down;Q;1234205
Key Up;Q;1234334
Key Down;Q;1234406
Key Up;Q;1234677
Key Down;S;1234845
Key Down;D;1235093
Key Up;S;1235294
Key Down;Z;1235469
Key Up;D;1235542
Key Down;E;1235717
Key Up;Z;1235725
Key Up;E;1235814
Key Down;E;1239846
Key Up;E;1239942
Key Down;D;1240542
Key Up;D;1240725
Key Down;A;1241862
Key Up;A;1241966
Key Down;D;1242933
Key Down;S;1243245
Key Up;S;1243366
Key Down;S;1244030
Key Up;S;1244085
Key Up;D;1245109
Key Down;D;1245526
Key Down;Z;1245798
Key Up;D;1246046
Key Up;Z;1247285
Key Down;Q;1247366
Key Down;Z;1247494
Key Up;Q;1247558
Key Down;D;1247902
Key Up;Z;1248062
Key Up;D;1248246
Key Down;Z;1248325
Key Up;Z;1248421
Key Down;E;1248909
Key Up;E;1248989
Key Down;Tab;1253574
Key Up;Tab;1254694
Key Down;R;1255221
Key Up;R;1255333
Key Down;Echap;1256982
Key Up;Echap;1257125
Key Down;Echap;1257510
Key Up;Echap;1257621
Key Down;Echap;1257990
Key Up;Echap;1258085
Key Down;Tab;1259134
Key Up;Tab;1265126
Key Down;Echap;1265878
Key Up;Echap;1265997
Key Down;Echap;1279902
Key Up;Echap;1280038
Key Down;Echap;1280349
Key Up;Echap;1280469
Key Down;Echap;1280774
Key Up;Echap;1280878
Key Down;F;1282109
Key Up;F;1283101
Key Down;Q;1283358
Key Up;Q;1283509
Key Down;Z;1283878
Key Up;Z;1284101
Key Down;E;1284270
Key Up;E;1284382
Key Down;D;1285830
Key Up;D;1285982
Key Down;S;1286581
Key Up;S;1286637
Key Down;E;1286830
Key Up;E;1286918
Key Down;D;1287501
Key Up;D;1287525
Key Down;Echap;1287926
Key Up;Echap;1288037
Key Down;D;1288198
Key Up;D;1288333
Key Down;Echap;1288693
Key Up;Echap;1288774
Key Down;D;1289237
Key Up;D;1289477
Key Down;S;1289517
Key Up;S;1289597
Key Down;D;1291309
Key Down;S;1291605
Key Up;D;1291613
Key Up;S;1291806
Key Down;Z;1292101
Key Up;Z;1292173
Key Down;E;1292726
Key Up;E;1292789
Key Down;S;1293077
Key Down;Q;1293501
Key Up;Q;1294358
Key Down;Q;1294973
Key Up;Q;1295093
Key Down;Q;1295374
Key Up;S;1295453
Key Down;Z;1295774
Key Up;Z;1296053
Key Down;Z;1297349
Key Up;Q;1297678
Key Down;Q;1297982
Key Up;Q;1298126
Key Down;Q;1298814
Key Up;Q;1299893
Key Up;Z;1299974
Key Down;Tab;1300165
Key Up;Tab;1301070
Key Down;Z;1301973
Key Down;Q;1303133
Key Up;Z;1303614
Key Down;Z;1303909
Key Up;Q;1304101
Key Down;D;1305326
Key Up;D;1305526
Key Down;Q;1305869
Key Up;Q;1306142
Key Down;D;1306590
Key Up;Z;1306838
Key Down;S;1307717
Key Up;S;1308293
Key Down;S;1308813
Key Up;D;1309013
Key Down;Q;1309102
Key Up;Q;1309310
Key Down;D;1309758
Key Up;S;1309766
Key Down;Z;1310053
Key Up;D;1310357
Key Up;Z;1310430
Key Down;D;1310854
Key Down;Z;1310862
Key Up;D;1311053
Key Down;Q;1311454
Key Up;Z;1311677
Key Down;Z;1311750
Key Up;Z;1311837
Key Down;S;1312302
Key Up;S;1312637
Key Down;S;1313101
Key Up;S;1313158
Key Down;Z;1313694
Key Up;Q;1313838
Key Down;D;1313909
Key Up;Z;1314094
Key Down;S;1314438
Key Up;S;1314997
Key Down;Z;1316022
Key Up;D;1316581
Key Down;D;1317078
Key Up;Z;1317406
Key Down;S;1317678
Key Up;D;1318389
Key Down;Q;1318702
Key Up;S;1318813
Key Down;S;1319286
Key Up;S;1319941
Key Up;Q;1320501
Key Down;S;1320798
Key Down;A;1321861
Key Up;S;1321869
Key Up;A;1322006
Key Down;S;1322045
Key Up;S;1322517
Key Down;S;1322878
Key Down;Q;1323493
Key Up;S;1323517
Key Up;Q;1324054
Key Down;Tab;1324301
Key Up;Tab;1324789
Key Down;S;1325142
Key Down;D;1325693
Key Up;D;1326038
Key Up;S;1326117
Key Down;S;1326349
Key Down;D;1326406
Key Up;D;1326821
Key Down;Q;1327726
Key Up;S;1327773
Key Up;Q;1328045
Key Down;Q;1330533
Key Up;Q;1330861
Key Down;Q;1331190
Key Up;Q;1331798
Key Down;Q;1333102
Key Down;S;1337837
Key Up;S;1337957
Key Down;D;1338189
Key Up;Q;1338245
Key Down;S;1338894
Key Up;S;1339237
Key Down;S;1339638
Key Up;S;1339901
Key Up;D;1340125
Key Down;Q;1340253
Key Down;Z;1340301
Key Up;Z;1340446
Key Down;D;1341302
Key Up;D;1341310
Key Down;S;1341342
Key Up;S;1341437
Key Down;Z;1341717
Key Up;Q;1341765
Key Down;D;1341829
Key Up;Z;1341846
Key Down;S;1342110
Key Up;S;1342221
Key Down;Z;1342997
Key Up;D;1343077
Key Up;Z;1343165
Key Down;D;1343725
Key Up;D;1343782
Key Down;S;1343821
Key Up;S;1343878
Key Down;S;1344110
Key Down;Q;1344246
Key Up;S;1344294
Key Down;S;1344358
Key Up;S;1344517
Key Up;Q;1344925
Key Down;D;1344966
Key Up;D;1345069
Key Down;Q;1345149
Key Down;Z;1345454
Key Up;Q;1345557
Key Up;Z;1345718
Key Down;D;1345949
Key Up;D;1346389
Key Down;Q;1346573
Key Up;Q;1346806
Key Down;Q;1346838
Key Down;Z;1346917
Key Up;Z;1347037
Key Up;Q;1347133
Key Down;S;1347349
Key Up;S;1347421
Key Down;Q;1347517
Key Up;Q;1347645
Key Down;Z;1347661
Key Up;Z;1347773
Key Down;Q;1348253
Key Up;Q;1348405
Key Down;S;1348597
Key Up;S;1348709
Key Down;D;1349093
Key Up;D;1349198
Key Down;Q;1349806
Key Down;S;1349893
Key Up;Q;1349917
Key Up;S;1350013
Key Down;D;1350621
Key Down;Z;1350742
Key Up;D;1350766
Key Up;Z;1350845
Key Down;S;1351253
Key Up;S;1351421
Key Down;S;1351437
Key Up;S;1351453
Key Down;Q;1351565
Key Up;Q;1351941
Key Down;D;1352133
Key Down;Z;1352790
Key Up;Z;1353013
Key Down;Z;1353318
Key Up;D;1353405
Key Up;Z;1353470
Key Down;Q;1353966
Key Down;Z;1354078
Key Up;Z;1354237
Key Up;Q;1354269
Key Down;S;1354630
Key Up;S;1355101
Key Down;D;1355198
Key Up;D;1355341
Key Down;Q;1355478
Key Up;Q;1355605
Key Down;Z;1355741
Key Up;Z;1355926
Key Down;Z;1355974
Key Up;Z;1356006
Key Down;Q;1356109
Key Down;Z;1358470
Key Up;Z;1358718
Key Up;Q;1358926
Key Down;D;1358966
Key Up;D;1359046
Key Down;Z;1359181
Key Up;Z;1359318
Key Down;D;1359414
Key Down;S;1359446
Key Up;S;1359733
Key Down;S;1360182
Key Up;S;1360414
Key Down;S;1360909
Key Up;D;1360941
Key Up;S;1361030
Key Down;D;1361294
Key Down;Z;1361405
Key Up;D;1361421
Key Up;Z;1361509
Key Down;D;1361877
Key Down;Q;1362013
Key Up;D;1362045
Key Down;S;1362069
Key Up;S;1362142
Key Up;Q;1362237
Key Down;D;1362261
Key Down;Z;1362525
Key Up;Z;1362702
Key Up;D;1362725
Key Down;D;1362942
Key Down;Q;1363909
Key Up;D;1363917
Key Down;Z;1363982
Key Up;Z;1364085
Key Down;Z;1364238
Key Up;Z;1364357
Key Down;S;1364734
Key Up;S;1364933
Key Down;D;1367149
Key Up;Q;1367174
Key Down;Z;1367533
Key Up;Z;1367589
Key Down;S;1367734
Key Up;D;1367758
Key Down;Q;1367853
Key Up;S;1367901
Key Down;Z;1368085
Key Up;Z;1368318
Key Up;Q;1368341
Key Down;D;1368349
Key Down;S;1368502
Key Up;S;1368630
Key Up;D;1370437
Key Down;D;1370574
Key Up;D;1370957
Key Down;D;1371141
Key Up;D;1371413
Key Down;D;1371790
Key Up;D;1371902
Key Down;Q;1371925
Key Down;Z;1372133
Key Up;Z;1372189
Key Up;Q;1372246
Key Down;S;1372429
Key Up;S;1372541
Key Down;Q;1372557
Key Down;S;1372717
Key Up;S;1372957
Key Down;Z;1373213
Key Up;Z;1373533
Key Down;S;1373757
Key Up;S;1373925
Key Down;Z;1374333
Key Up;Z;1374461
Key Down;Z;1374830
Key Up;Z;1374950
Key Up;Q;1375422
Key Down;D;1375486
Key Up;D;1375654
Key Down;Q;1375670
Key Down;Z;1375909
Key Up;Q;1376102
Key Up;Z;1376110
Key Down;S;1377501
Key Down;D;1377525
Key Up;S;1377654
Key Up;D;1377814
Key Down;Z;1377966
Key Down;D;1378014
Key Up;Z;1378061
Key Down;S;1378206
Key Up;D;1378405
Key Down;D;1378605
Key Up;S;1378630
Key Down;S;1378925
Key Up;D;1378981
Key Down;Q;1379013
Key Up;S;1379069
Key Down;Z;1379197
Key Up;Q;1379245
Key Up;Z;1379398
Key Down;Z;1379605
Key Up;Z;1379934
Key Down;Echap;1391837
Key Up;Echap;1391933
Key Down;Left Alt;1394206
Key Down;F4;1396301
Key Up;F4;1396589
Key Up;Left Alt;1397302
