Event;Key;Time
Key Down;S;11289
Key Down;D;11593
Key Up;S;11978
Key Down;S;12601
Key Up;D;12641
Key Up;S;13345
Key Down;Z;13714
Key Down;Q;13857
Key Up;Z;13937
Key Down;S;14234
Key Up;S;14458
Key Up;Q;14746
Key Down;S;15361
Key Down;Q;15473
Key Up;S;15714
Key Up;Q;15841
Key Down;S;15882
Key Up;S;15914
Key Down;Z;16297
Key Up;Z;16361
Key Down;S;17049
Key Up;S;18218
Key Down;Z;18410
Key Up;Z;18529
Key Down;S;19090
Key Up;S;19178
Key Down;Z;19401
Key Down;Q;19722
Key Up;Z;20282
Key Down;Z;20689
Key Up;Z;21010
Key Up;Q;21241
Key Down;Q;21826
Key Down;S;22105
Key Up;S;22682
Key Up;Q;22937
Key Down;D;23146
Key Down;S;24313
Key Up;D;24913
Key Down;D;25642
Key Up;S;26041
Key Up;D;26801
Key Down;D;27610
Key Down;S;27865
Key Up;D;28154
Key Up;S;28618
Key Down;D;29450
Key Down;S;29609
Key Up;D;29737
Key Up;S;29897
Key Down;D;30705
Key Down;S;30881
Key Up;S;31610
Key Down;Z;31825
Key Up;D;32033
Key Up;Z;32434
Key Down;E;33961
Key Up;E;34074
Key Down;S;34465
Key Down;Q;34754
Key Up;S;35074
Key Down;Z;35305
Key Up;Q;35377
Key Up;Z;35433
Key Down;D;40185
Key Down;S;40281
Key Up;D;40553
Key Up;S;41354
Key Down;S;41657
Key Down;D;42169
Key Up;D;42377
Key Down;Q;42793
Key Up;Q;42954
Key Down;D;43546
Key Up;S;43641
Key Up;D;43673
Key Down;Q;43801
Key Down;Z;43922
Key Up;Q;44113
Key Down;D;44361
Key Up;D;44570
Key Up;Z;45066
Key Down;S;45577
Key Up;S;45737
Key Down;Z;46033
Key Down;Q;46513
Key Up;Q;46545
Key Up;Z;46577
Key Down;Q;46874
Key Up;Q;47041
Key Down;D;47266
Key Up;D;47353
Key Down;S;47361
Key Up;S;47457
Key Down;Q;47833
Key Down;Z;47978
Key Up;Q;47986
Key Up;Z;48050
Key Down;D;48826
Key Up;D;48873
Key Down;Z;49481
Key Up;Z;49705
Key Down;D;50114
Key Up;D;50226
Key Down;Q;50682
Key Up;Q;50825
Key Down;D;51138
Key Up;D;51265
Key Down;Z;52161
Key Up;Z;52265
Key Down;S;52754
Key Down;D;52802
Key Up;D;52953
Key Down;D;53210
Key Up;D;53962
Key Down;Q;54065
Key Up;S;54145
Key Down;Z;54833
Key Up;Q;54906
Key Down;D;55074
Key Up;Z;55113
Key Down;S;55673
Key Up;D;55889
Key Down;D;56137
Key Up;S;56201
Key Up;D;56241
Key Down;Q;56314
Key Up;Q;56338
Key Down;S;56873
Key Up;S;57009
Key Down;Q;57465
Key Up;Q;57497
Key Down;S;57722
Key Up;S;57745
Key Down;Z;57889
Key Up;Z;58234
Key Down;Q;58305
Key Up;Q;58634
Key Down;Z;59018
Key Down;D;59026
Key Up;D;59170
Key Up;Z;59329
Key Down;Q;59458
Key Up;Q;59753
Key Down;D;60713
Key Up;D;60961
Key Down;Q;61113
Key Up;Q;61201
Key Down;Z;61233
Key Up;Z;61681
Key Down;Q;61697
Key Up;Q;61793
Key Down;D;63297
Key Down;S;63441
Key Up;D;63521
Key Up;S;63618
Key Down;D;63825
Key Down;S;63930
Key Up;D;63970
Key Down;D;64354
Key Up;D;65241
Key Down;Q;65418
Key Up;S;65490
Key Down;S;65713
Key Up;Q;65914
Key Up;S;66017
Key Down;D;66097
Key Down;Z;66145
Key Up;D;66281
Key Down;Q;66689
Key Up;Z;67217
Key Down;S;67465
Key Up;Q;68593
Key Up;S;68801
Key Down;S;68929
Key Up;S;68945
Key Down;S;69641
Key Down;D;70185
Key Up;D;70297
Key Up;S;70322
Key Down;Z;70713
Key Down;D;70954
Key Up;Z;71209
Key Up;D;71401
Key Down;Q;71425
Key Up;Q;71602
Key Down;D;71825
Key Down;Z;71889
Key Up;D;72026
Key Down;D;72177
Key Up;Z;72225
Key Up;D;72753
Key Down;Q;74034
Key Down;Z;74209
Key Up;Z;75218
Key Down;S;75641
Key Up;Q;76049
Key Down;Q;76394
Key Up;S;76418
Key Down;Z;76681
Key Up;Q;76825
Key Up;Z;76914
Key Down;D;77129
Key Up;D;77233
Key Down;E;77961
Key Up;E;78065
Key Down;Q;78298
Key Down;Z;78649
Key Up;Q;78785
Key Up;Z;78890
Key Down;Q;79714
Key Down;Z;79785
Key Up;Q;79841
Key Up;Z;80033
Key Down;S;80449
Key Down;D;80674
Key Up;S;81073
Key Down;S;81321
Key Up;S;81481
Key Up;D;81497
Key Down;E;81625
Key Up;E;81722
Key Down;Q;81929
Key Down;Z;82106
Key Up;Q;82753
Key Down;D;83385
Key Up;D;83602
Key Down;Q;84233
Key Up;Q;84329
Key Up;Z;84385
Key Down;Z;85065
Key Up;Z;85313
Key Down;S;85570
Key Down;D;86041
Key Up;D;86146
Key Down;Q;86961
Key Up;Q;87097
Key Down;D;87514
Key Up;S;87865
Key Down;S;88593
Key Up;D;90033
Key Up;S;90081
Key Down;Z;91538
Key Down;Q;91649
Key Up;Z;91969
Key Down;Z;92129
Key Up;Z;92730
Key Up;Q;93274
Key Down;S;93409
Key Up;S;93489
Key Down;D;93729
Key Up;D;93785
Key Down;Espace;94153
Key Up;Espace;94297
Key Down;Z;95410
Key Up;Z;95497
Key Down;Espace;96810
Key Up;Espace;96937
Key Down;S;99137
Key Up;S;99201
Key Down;D;100169
Key Up;D;100289
Key Down;Z;100594
Key Up;Z;100673
Key Down;Q;102897
Key Up;Q;103057
Key Down;S;103281
Key Up;S;103354
Key Down;E;104017
Key Up;E;104129
Key Down;D;106274
Key Down;Z;106665
Key Up;Z;106810
Key Down;S;107033
Key Up;D;107073
Key Up;S;107649
Key Down;D;107689
Key Up;D;107849
Key Down;Z;107858
Key Down;D;107977
Key Up;Z;108177
Key Up;D;108425
Key Down;S;108641
Key Down;Q;108770
Key Up;S;108826
Key Down;S;109113
Key Up;Q;109353
Key Up;S;109937
Key Down;Z;110521
Key Down;D;111025
Key Up;Z;111497
Key Up;D;111769
Key Down;Q;112145
Key Down;S;112321
Key Up;Q;112777
Key Up;S;113601
Key Down;S;113969
Key Up;S;114113
Key Down;Z;115033
Key Down;Q;115361
Key Up;Z;115529
Key Up;Q;115729
Key Down;D;116073
Key Down;S;116161
Key Up;D;116217
Key Up;S;116513
Key Down;D;116521
Key Down;S;117009
Key Up;D;117041
Key Down;Q;117153
Key Up;S;117265
Key Down;S;117337
Key Up;S;118273
Key Up;Q;118337
Key Down;Z;119049
Key Up;Z;119225
Key Down;Q;119410
Key Down;Z;119489
Key Up;Q;119753
Key Up;Z;119953
Key Down;Echap;121105
Key Up;Echap;121233
Key Down;D;126185
Key Down;Z;126737
Key Up;D;127033
Key Down;Q;127225
Key Up;Q;127745
Key Down;D;128065
Key Up;D;128217
Key Down;Q;128449
Key Up;Q;128809
Key Up;Z;129009
Key Down;S;129177
Key Down;D;129274
Key Up;D;129401
Key Down;D;132137
Key Up;D;132817
Key Down;D;133673
Key Up;D;134009
Key Up;S;134129
Key Down;D;134697
Key Down;Z;135569
Key Up;D;135785
Key Down;D;136073
Key Up;Z;136145
Key Down;S;136657
Key Up;S;137025
Key Down;S;137569
Key Up;D;137593
Key Down;D;138057
Key Up;D;138402
Key Up;S;138569
Key Down;Z;138721
Key Down;Q;138889
Key Up;Q;139033
Key Down;D;139337
Key Up;D;139729
Key Up;Z;139769
Key Down;S;141025
Key Up;S;141177
Key Down;Q;141233
Key Up;Q;141401
Key Down;D;141641
Key Down;Z;141777
Key Up;Z;142257
Key Down;Z;142673
Key Up;Z;142754
Key Up;D;142881
Key Down;S;143297
Key Up;S;143385
Key Down;Q;143505
Key Up;Q;143673
Key Down;Z;143905
Key Up;Z;143945
Key Down;Z;144489
Key Up;Z;144625
Key Down;D;145041
Key Up;D;145161
Key Down;S;145185
Key Up;S;145489
Key Down;D;145505
Key Down;S;145713
Key Up;S;145937
Key Up;D;145977
Key Down;Z;146161
Key Up;Z;146409
Key Down;S;146761
Key Down;Q;146993
Key Up;Q;147201
Key Up;S;147425
Key Down;Z;147625
Key Down;D;147641
Key Up;D;147809
Key Up;Z;148209
Key Down;E;148313
Key Up;E;148385
Key Down;Q;148641
Key Up;Q;149273
Key Down;Q;150273
Key Down;S;150505
Key Up;Q;151177
Key Down;Q;151577
Key Up;Q;152153
Key Up;S;152273
Key Down;Z;152513
Key Down;D;152929
Key Up;Z;152969
Key Up;D;153201
Key Down;S;153825
Key Up;S;153937
Key Down;Q;154640
Key Down;Z;154753
Key Up;Q;155097
Key Up;Z;155265
Key Down;Q;155489
Key Up;Q;155593
Key Down;D;156001
Key Down;S;156081
Key Up;D;156713
Key Down;Q;157049
Key Up;S;157097
Key Down;S;157241
Key Up;S;157440
Key Down;S;157561
Key Up;Q;157649
Key Down;D;157977
Key Up;S;158065
Key Down;Q;158561
Key Up;D;158601
Key Down;Z;158681
Key Up;Q;159241
Key Up;Z;159297
Key Down;D;159345
Key Down;S;159553
Key Up;D;159577
Key Up;S;159665
Key Down;D;170857
Key Down;Z;171329
Key Up;D;171537
Key Up;Z;171921
Key Down;S;172241
Key Up;S;172360
Key Down;D;173824
Key Down;S;173880
Key Up;S;174089
Key Down;Z;174393
Key Up;Z;174529
Key Up;D;174601
Key Down;D;174777
Key Down;Z;174993
Key Up;D;175153
Key Down;Q;175505
Key Up;Z;176153
Key Down;S;176489
Key Up;Q;176897
Key Up;S;177241
Key Down;Z;177441
Key Up;Z;177569
Key Down;Z;178241
Key Up;Z;178825
Key Down;S;179313
Key Up;S;179529
Key Down;Z;179880
Key Down;D;180273
Key Up;Z;180385
Key Up;D;180393
Key Down;Q;180481
Key Down;S;180601
Key Up;S;180649
Key Up;Q;180657
Key Down;Z;180833
Key Down;D;180905
Key Up;Z;181145
Key Up;D;181248
Key Down;S;181665
Key Down;D;181929
Key Up;S;182449
Key Down;S;182881
Key Up;D;182937
Key Up;S;183040
Key Down;D;183496
Key Up;D;183665
Key Down;D;186289
Key Down;Z;186457
Key Up;Z;186985
Key Down;Z;187529
Key Up;Z;187761
Key Down;Q;188049
Key Up;D;188073
Key Down;Z;189161
Key Up;Q;189353
Key Down;D;189601
Key Up;Z;189945
Key Down;Z;190521
Key Up;D;191065
Key Up;Z;191137
Key Down;Q;191849
Key Up;Q;191984
Key Down;S;192321
Key Down;D;192456
Key Up;S;192545
Key Down;Z;193080
Key Up;Z;193752
Key Up;D;193889
Key Down;Q;194241
Key Up;Q;194273
Key Down;Q;195329
Key Down;S;195497
Key Up;Q;195673
Key Up;S;195921
Key Down;Z;196465
Key Down;Q;196513
Key Up;Q;196697
Key Up;Z;196705
Key Down;D;197080
Key Down;Z;197177
Key Up;Z;197608
Key Up;D;197897
Key Down;D;199289
Key Up;D;199512
Key Down;D;199544
Key Down;S;199769
Key Up;S;200168
Key Up;D;200425
Key Down;Q;200801
Key Down;Z;201024
Key Up;Q;201064
Key Up;Z;201305
Key Down;S;201497
Key Up;S;201656
Key Down;S;202289
Key Down;D;202369
Key Up;S;202441
Key Up;D;202609
Key Down;Q;203216
Key Down;Z;203305
Key Up;Z;203401
Key Up;Q;203513
Key Down;Z;203977
Key Up;Z;204097
Key Down;Z;204897
Key Down;D;205009
Key Up;D;205113
Key Up;Z;205296
Key Down;Z;205521
Key Down;Q;205593
Key Up;Q;205905
Key Up;Z;206105
Key Down;D;206408
Key Up;D;206513
Key Down;Q;206905
Key Up;Q;206953
Key Down;S;207032
Key Down;D;207265
Key Up;D;207457
Key Down;Q;207513
Key Up;Q;207681
Key Down;Q;207937
Key Up;S;208001
Key Up;Q;208257
Key Down;E;208881
Key Up;E;209001
Key Down;Q;209112
Key Down;S;210073
Key Up;S;210713
Key Down;S;211113
Key Up;Q;211344
Key Down;Q;211601
Key Up;S;211689
Key Up;Q;212649
Key Down;S;212657
Key Down;D;212801
Key Up;S;213465
Key Down;Z;213809
Key Up;Z;214177
Key Down;Q;214425
Key Up;D;214449
Key Down;S;215561
Key Up;Q;216409
Key Down;Q;217105
Key Up;S;217233
Key Down;Z;217417
Key Up;Z;217769
Key Down;S;218121
Key Up;S;218137
Key Down;Z;218288
Key Up;Q;218361
Key Down;D;219344
Key Up;D;219912
Key Down;D;220153
Key Up;Z;220305
Key Down;Z;221072
Key Up;D;221296
Key Down;D;221856
Key Up;D;222001
Key Down;D;222737
Key Up;D;222905
Key Up;Z;223225
Key Down;S;223456
Key Up;S;223585
Key Down;Z;223769
Key Up;Z;223960
Key Down;D;224609
Key Down;Z;224745
Key Up;D;224753
Key Down;Q;224816
Key Up;Z;224896
Key Down;Z;225169
Key Up;Z;225553
Key Up;Q;225856
Key Down;D;226481
Key Up;D;226929
Key Down;D;231345
Key Up;D;231528
Key Down;D;231777
Key Up;D;232073
Key Down;Z;233088
Key Down;Q;233201
Key Up;Q;233385
Key Up;Z;233480
Key Down;S;234145
Key Down;D;234153
Key Up;S;234289
Key Up;D;234417
Key Down;S;234792
Key Up;S;234896
Key Down;Z;235473
Key Up;Z;235608
Key Down;Q;235689
Key Down;Z;235841
Key Up;Q;236008
Key Up;Z;236761
Key Down;S;238017
Key Up;S;238289
Key Down;Z;238528
Key Up;Z;238809
Key Down;Z;238953
Key Down;D;239368
Key Up;Z;239433
Key Up;D;239473
Key Down;Q;240193
Key Up;Q;240313
Key Down;D;241712
Key Down;Z;241776
Key Up;Z;242041
Key Down;S;242209
Key Up;D;242233
Key Up;S;242304
Key Down;D;242409
Key Up;D;242585
Key Down;S;242816
Key Down;Q;242849
Key Up;Q;242929
Key Down;D;243105
Key Up;D;243417
Key Up;S;243505
Key Down;Q;243544
Key Up;Q;243681
Key Down;D;244248
Key Up;D;244521
Key Down;D;244849
Key Down;S;244873
Key Up;S;244921
Key Up;D;244985
Key Down;D;245273
Key Down;Z;245513
Key Up;D;245601
Key Up;Z;245744
Key Down;Q;245840
Key Down;S;246097
Key Up;Q;246209
Key Down;D;246561
Key Up;S;246601
Key Up;D;246824
Key Down;D;247529
Key Down;Z;247673
Key Up;D;248313
Key Down;D;248464
Key Up;D;248624
Key Up;Z;248681
Key Down;Q;248801
Key Down;S;248817
Key Up;Q;248993
Key Down;Q;249264
Key Up;S;249289
Key Up;Q;249840
Key Down;Q;249993
Key Down;Z;250401
Key Up;Q;250417
Key Down;D;250505
Key Up;D;250521
Key Down;Q;250656
Key Up;Q;250945
Key Down;D;251240
Key Up;Z;251457
Key Up;D;251617
Key Down;S;251921
Key Down;D;252001
Key Up;S;252089
Key Down;S;252280
Key Up;D;252336
Key Up;S;252408
Key Down;Q;252665
Key Up;Q;253113
Key Down;S;253121
Key Down;D;253248
Key Up;D;253264
Key Up;S;253576
Key Down;D;253584
Key Down;Z;253817
Key Up;D;253849
Key Up;Z;253913
Key Down;S;254112
Key Down;D;254120
Key Up;S;254465
Key Up;D;254632
Key Down;Z;254664
Key Up;Z;254841
Key Down;S;254993
Key Up;S;255009
Key Down;Q;255033
Key Up;Q;255112
Key Down;S;255288
Key Down;D;255465
Key Up;D;255632
Key Up;S;255737
Key Down;D;256000
Key Up;D;256241
Key Down;Q;256585
Key Up;Q;256713
Key Down;Q;256864
Key Up;Q;256912
Key Down;Z;256937
Key Down;D;257065
Key Up;Z;257113
Key Up;D;257209
Key Down;S;257585
Key Down;Q;257720
Key Up;S;257961
Key Up;Q;258272
Key Down;Q;258849
Key Up;Q;259289
Key Down;Q;259537
Key Down;S;259633
Key Up;Q;259896
Key Down;D;260057
Key Up;S;260480
Key Up;D;260496
Key Down;Z;261264
Key Down;Q;261497
Key Up;Q;261657
Key Up;Z;261808
Key Down;Z;262113
Key Down;D;262161
Key Up;Z;262297
Key Down;S;262681
Key Up;D;262769
Key Up;S;262808
Key Down;Q;262824
Key Up;Q;262985
Key Down;Q;263593
Key Up;Q;263681
Key Down;S;264368
Key Down;Q;264656
Key Up;Q;264744
Key Up;S;264752
Key Down;S;264937
Key Up;S;265041
Key Down;D;265425
Key Up;D;265569
Key Down;Z;266305
Key Up;Z;266737
Key Down;D;267240
Key Up;D;267864
Key Down;Q;268240
Key Down;S;268985
Key Up;Q;269273
Key Up;S;269593
Key Down;Right Shift;274296
Key Down;Barre oblique;274416
Key Up;Right Shift;274472
Key Up;Barre oblique;274512
Key Down;L;274833
Key Up;L;274889
Key Down;O;274985
Key Up;O;275041
Key Down;A;275377
Key Up;A;275441
Key Down;D;275504
Key Up;D;275552
Key Down;M;276705
Key Up;M;276777
Key Down;O;277041
Key Up;O;277097
Key Down;D;277953
Key Up;D;278025
Key Down;Espace;278377
Key Up;Espace;278457
Key Down;B;280632
Key Up;B;280688
Key Down;O;281161
Key Up;O;281217
Key Down;S;281328
Key Up;S;281384
Key Down;S;281464
Key Up;S;281520
Key Down;B;281793
Key Up;B;281857
Key Down;A;281921
Key Up;A;281984
Key Down;R;282048
Key Up;R;282096
Key Down;Entrée;282409
Key Up;Entrée;282481
Key Down;Echap;283688
Key Up;Echap;283769
Key Down;S;290000
Key Down;Q;290281
Key Up;Q;290801
Key Down;Q;291249
Key Up;S;291568
Key Up;Q;291833
Key Down;D;291920
Key Down;Z;291960
Key Up;D;292185
Key Down;Q;292329
Key Up;Q;292520
Key Up;Z;292697
Key Down;S;292936
Key Down;D;293216
Key Up;S;293232
Key Down;Z;293385
Key Up;Z;293496
Key Down;S;293728
Key Up;D;293761
Key Up;S;293817
Key Down;Q;293849
Key Down;Z;294088
Key Up;Q;294096
Key Down;D;294353
Key Up;Z;294409
Key Down;S;295032
Key Up;D;295072
Key Up;S;295273
Key Down;Q;295289
Key Up;Q;295449
Key Down;Q;295512
Key Down;Z;295568
Key Up;Q;295584
Key Down;D;295640
Key Up;Z;295889
Key Up;D;295968
Key Down;S;296032
Key Down;Q;296232
Key Up;S;296289
Key Down;S;296456
Key Up;Q;296576
Key Down;D;296841
Key Up;D;297160
Key Down;Q;297209
Key Up;S;297249
Key Up;Q;297488
Key Down;D;297504
Key Up;D;297600
Key Down;Z;297696
Key Up;Z;297808
Key Down;Q;297817
Key Down;Z;298049
Key Up;Z;298152
Key Down;S;298401
Key Up;Q;298465
Key Down;D;298848
Key Up;S;299216
Key Up;D;299440
Key Down;Q;299464
Key Down;S;300066
Key Up;Q;300689
Key Down;D;300880
Key Up;D;300993
Key Down;Q;301057
Key Up;S;301097
Key Down;D;301217
Key Up;Q;301248
Key Up;D;301360
Key Down;S;302065
Key Up;S;302464
Key Down;D;302513
Key Down;Z;302593
Key Up;Z;303032
Key Down;Z;303209
Key Up;Z;303792
Key Down;Z;305025
Key Up;D;305209
Key Up;Z;305216
Key Down;Q;305224
Key Down;Z;305649
Key Up;Z;305849
Key Down;Z;306136
Key Up;Q;306176
Key Down;Q;306376
Key Up;Q;306568
Key Down;Q;306728
Key Up;Z;306768
Key Down;D;307097
Key Up;Q;307113
Key Down;Z;307504
Key Up;Z;307728
Key Down;S;307872
Key Up;S;308120
Key Down;Q;308465
Key Up;D;308489
Key Down;Z;308568
Key Up;Z;308680
Key Down;S;308921
Key Up;S;309009
Key Down;Z;309256
Key Up;Q;309384
Key Down;D;309592
Key Up;Z;309897
Key Down;S;310120
Key Down;Q;311537
Key Up;S;311561
Key Up;D;311641
Key Down;Z;312840
Key Up;Q;313360
Key Up;Z;313473
Key Down;Echap;315241
Key Up;Echap;315385
Key Down;S;319121
Key Down;Q;319760
Key Up;Q;320321
Key Down;Q;320640
Key Up;S;320817
Key Up;Q;321088
Key Down;D;321273
Key Up;D;321392
Key Down;Z;324424
Key Up;Z;324640
Key Down;D;325544
Key Down;S;326209
Key Up;S;326608
Key Up;D;327400
Key Down;Q;327520
Key Up;Q;327689
Key Down;D;327824
Key Down;Z;328368
Key Up;Z;328513
Key Down;S;329120
Key Up;D;329344
Key Down;D;329456
Key Up;S;329536
Key Down;S;329769
Key Up;D;329777
Key Up;S;329816
Key Down;D;331081
Key Down;Z;331320
Key Up;Z;331416
Key Up;D;331432
Key Down;Z;331544
Key Down;D;331705
Key Up;D;331881
Key Down;Q;332008
Key Up;Z;332056
Key Down;Z;332249
Key Up;Q;333008
Key Down;D;333600
Key Up;Z;333841
Key Down;S;334152
Key Up;S;334289
Key Down;Z;334512
Key Up;D;334616
Key Down;Q;334744
Key Up;Z;334809
Key Up;Q;334833
Key Down;E;335512
Key Up;E;335560
Key Down;Q;335944
Key Up;Q;336000
Key Down;Q;337240
Key Down;Z;337601
Key Up;Z;337760
Key Down;Z;337960
Key Up;Q;337984
Key Up;Z;338232
Key Down;Q;338400
Key Up;Q;338649
Key Down;S;338705
Key Down;Q;339080
Key Up;Q;339889
Key Up;S;339921
Key Down;D;340048
Key Down;S;340393
Key Up;D;340465
Key Up;S;340624
Key Down;D;344712
Key Down;Z;344848
Key Up;D;344968
Key Up;Z;345176
Key Down;Z;347057
Key Up;Z;347512
Key Down;S;347673
Key Down;D;348849
Key Up;S;348905
Key Down;Z;349376
Key Up;Z;349752
Key Down;S;350096
Key Up;S;350600
Key Down;Z;350977
Key Up;D;351320
Key Up;Z;351360
Key Down;Q;351401
Key Up;Q;351512
Key Down;D;351760
Key Down;Z;352176
Key Up;D;352585
Key Up;Z;352705
Key Down;D;353328
Key Down;S;353441
Key Up;D;353489
Key Up;S;353569
Key Down;S;354032
Key Up;S;354440
Key Down;S;354664
Key Up;S;354760
Key Down;Z;356216
Key Down;D;357120
Key Up;D;357265
Key Up;Z;357353
Key Down;S;357520
Key Up;S;357737
Key Down;D;357912
Key Down;Z;357944
Key Up;D;358328
Key Up;Z;358448
Key Down;Q;358472
Key Down;S;358616
Key Up;S;358752
Key Down;Z;358872
Key Up;Q;358968
Key Down;D;359281
Key Up;D;359560
Key Down;D;359760
Key Up;Z;360008
Key Up;D;360048
Key Down;Z;360329
Key Up;Z;360560
Key Down;S;360712
Key Up;S;360856
Key Down;Z;361168
Key Up;Z;361936
Key Down;S;367672
Key Down;Q;367992
Key Up;Q;368152
Key Down;D;368345
Key Up;S;368456
Key Down;S;368992
Key Up;S;369088
Key Up;D;370088
Key Down;D;370561
Key Down;Z;370712
Key Up;D;370768
Key Up;Z;370920
Key Down;Q;370936
Key Up;Q;371113
Key Down;Q;371929
Key Down;Z;371936
Key Up;Q;372232
Key Up;Z;372360
Key Down;D;372392
Key Up;D;372505
Key Down;S;374288
Key Up;S;374409
Key Down;S;374688
Key Up;S;374768
Key Down;Z;375160
Key Down;Q;375416
Key Up;Q;375488
Key Up;Z;375689
Key Down;D;376048
Key Down;Z;376113
Key Up;D;376625
Key Down;Q;376696
Key Up;Q;376920
Key Down;D;377192
Key Up;D;377512
Key Down;D;377944
Key Up;D;378544
Key Up;Z;378744
Key Down;S;379305
Key Down;Q;379560
Key Up;Q;380088
Key Down;D;380392
Key Up;S;380440
Key Up;D;380617
Key Down;Q;380648
Key Down;Z;380848
Key Up;Z;380904
Key Down;Z;380992
Key Up;Q;381040
Key Down;D;381120
Key Up;Z;381192
Key Down;Z;381320
Key Up;D;381504
Key Down;D;381656
Key Up;D;381801
Key Down;D;382304
Key Up;D;382672
Key Down;D;382800
Key Up;Z;382913
Key Up;D;383024
Key Down;Q;383152
Key Up;Q;383280
Key Down;Q;383617
Key Up;Q;383816
Key Down;S;383832
Key Down;D;384064
Key Up;D;384144
Key Down;D;384368
Key Up;D;384464
Key Up;S;384512
Key Down;Z;384696
Key Down;D;384936
Key Up;Z;385048
Key Down;Z;385136
Key Up;Z;385577
Key Up;D;386016
Key Down;Q;386208
Key Down;S;386960
Key Up;S;387040
Key Down;D;387152
Key Up;Q;387177
Key Up;D;387600
Key Down;Q;387712
Key Up;Q;387960
Key Down;E;388088
Key Up;E;388193
Key Down;S;388456
Key Down;D;388464
Key Up;D;388689
Key Up;S;388792
Key Down;D;389176
Key Down;S;389720
Key Up;S;390408
Key Down;S;390760
Key Up;S;390937
Key Down;S;391376
Key Up;D;391489
Key Down;D;391816
Key Up;D;392160
Key Down;Q;392192
Key Up;S;392272
Key Down;Z;392448
Key Up;Q;392520
Key Up;Z;392656
Key Down;Q;392672
Key Up;Q;393520
Key Down;D;393528
Key Down;S;394065
Key Up;S;394577
Key Up;D;394625
Key Down;Q;394649
Key Down;Z;394848
Key Up;Z;395168
Key Down;S;396008
Key Up;Q;397160
Key Down;Q;397472
Key Up;S;397601
Key Down;S;398888
Key Up;Q;399145
Key Up;S;399248
Key Down;Z;399416
Key Down;D;399608
Key Up;D;399872
Key Up;Z;399928
Key Down;S;400584
Key Down;Q;400824
Key Up;Q;400984
Key Up;S;401232
Key Down;Z;401736
Key Up;Z;401872
Key Down;Q;402016
Key Up;Q;402128
Key Down;D;402768
Key Down;S;402792
Key Up;S;403384
Key Up;D;403392
Key Down;D;410552
Key Down;S;410560
Key Up;S;410800
Key Down;Z;411464
Key Up;Z;411856
Key Down;Z;412680
Key Up;D;412688
Key Up;Z;412776
Key Down;S;413801
Key Up;S;413841
Key Down;Q;414352
Key Up;Q;414400
Key Down;S;414768
Key Down;Q;414800
Key Up;S;414896
Key Up;Q;415000
Key Down;D;415728
Key Down;Z;415792
Key Up;D;415944
Key Down;D;415976
Key Up;D;416072
Key Up;Z;416288
Key Down;Z;416744
Key Down;D;416840
Key Up;D;416920
Key Up;Z;416952
Key Down;Q;417056
Key Up;Q;417128
Key Down;D;418088
Key Up;D;418264
Key Down;Q;419272
Key Down;S;419352
Key Up;Q;419632
Key Up;S;419696
Key Down;D;419960
Key Up;D;420112
Key Down;Z;420288
Key Up;Z;420472
Key Down;S;420744
Key Up;S;421120
Key Down;Z;421680
Key Up;Z;422224
Key Down;D;422616
Key Up;D;422744
Key Down;Q;423376
Key Up;Q;423480
Key Down;D;424776
Key Up;D;424968
Key Down;Q;425472
Key Up;Q;425632
Key Down;Z;425720
Key Up;Z;425936
Key Down;D;426128
Key Down;S;426519
Key Up;D;426544
Key Up;S;426688
Key Down;Q;426792
Key Up;Q;426880
Key Down;D;426943
Key Down;Z;427072
Key Up;D;427088
Key Down;Q;427200
Key Up;Z;427256
Key Up;Q;427576
Key Down;Z;427784
Key Down;D;427896
Key Up;D;428032
Key Up;Z;428040
Key Down;S;428200
Key Down;Q;428360
Key Up;Q;428520
Key Down;Q;428736
Key Up;Q;428920
Key Up;S;429160
Key Down;Z;429512
Key Up;Z;429712
Key Down;E;429944
Key Up;E;430008
Key Down;S;430128
Key Up;S;430400
Key Down;D;430696
Key Down;Z;430824
Key Up;D;430848
Key Down;Q;431032
Key Up;Q;431104
Key Up;Z;431296
Key Down;Q;431544
Key Down;Z;431568
Key Up;Q;431584
Key Up;Z;431712
Key Down;D;431848
Key Down;S;432144
Key Up;D;432208
Key Up;S;432288
Key Down;D;432624
Key Up;D;432880
Key Down;S;432888
Key Down;Q;432960
Key Up;S;433144
Key Down;Z;433488
Key Up;Q;433568
Key Up;Z;433616
Key Down;Q;433776
Key Down;S;433816
Key Up;Q;434096
Key Up;S;434176
Key Down;D;438440
Key Up;D;438615
Key Down;S;438704
Key Down;Q;439064
Key Up;Q;439168
Key Down;D;439320
Key Up;S;439544
Key Up;D;439680
Key Down;D;441048
Key Down;S;441952
Key Up;D;441984
Key Up;S;442368
Key Down;Q;442920
Key Down;Z;442944
Key Up;Q;443040
Key Up;Z;443072
Key Down;Q;443344
Key Up;Q;443632
Key Down;S;443688
Key Down;Q;444000
Key Up;S;444864
Key Down;Z;445064
Key Up;Q;445152
Key Down;D;445232
Key Up;Z;445320
Key Down;S;446008
Key Up;D;446120
Key Up;S;446616
Key Down;D;446808
Key Down;Z;446864
Key Up;Z;447672
Key Down;S;447936
Key Up;D;448528
Key Down;Q;448744
Key Up;S;448752
Key Up;Q;448808
Key Down;S;449048
Key Down;D;449152
Key Up;D;449208
Key Up;S;449512
Key Down;D;449696
Key Down;S;449736
Key Up;D;449800
Key Down;D;449816
Key Up;D;450016
Key Up;S;450536
Key Down;Z;450768
Key Down;Q;451552
Key Up;Z;452744
Key Down;S;454472
Key Up;Q;454576
Key Down;D;454896
Key Up;D;455200
Key Down;Q;455887
Key Up;S;456080
Key Up;Q;456168
Key Down;D;456736
Key Up;D;457024
Key Down;Q;457256
Key Up;Q;457432
Key Down;D;457471
Key Down;S;457704
Key Up;D;459168
Key Down;Q;459224
Key Up;S;459280
Key Down;Z;459424
Key Up;Q;459504
Key Up;Z;459736
Key Down;E;460072
Key Up;E;460168
Key Down;S;460304
Key Up;S;460416
Key Down;E;460512
Key Up;E;460576
Key Down;Z;460680
Key Up;Z;460984
Key Down;S;461560
Key Down;D;461799
Key Up;D;461960
Key Down;Q;462080
Key Up;Q;462200
Key Up;S;462336
Key Down;Z;462480
Key Down;Q;462632
Key Up;Q;462799
Key Up;Z;463016
Key Down;Q;463472
Key Up;Q;463615
Key Down;D;463664
Key Down;S;464024
Key Up;D;464032
Key Up;S;464088
Key Down;Q;464095
Key Down;Z;464320
Key Up;Q;464632
Key Up;Z;464720
Key Down;D;465048
Key Down;S;465136
Key Up;D;465272
Key Up;S;465447
Key Down;D;470296
Key Up;D;471856
Key Down;Q;472072
Key Up;Q;472648
Key Down;Q;474080
Key Up;Q;474176
Key Down;D;475016
Key Down;Z;475040
Key Up;D;475495
Key Up;Z;475952
Key Down;Z;476576
Key Down;Q;476856
Key Up;Z;477080
Key Up;Q;477088
Key Down;S;479496
Key Up;S;479584
Key Down;Z;480488
Key Down;Q;480672
Key Up;Q;480784
Key Up;Z;480792
Key Down;S;481512
Key Down;Q;481720
Key Up;S;481824
Key Up;Q;481856
Key Down;Z;482104
Key Down;Q;482424
Key Up;Z;482496
Key Up;Q;482536
Key Down;Z;483088
Key Down;Q;483208
Key Up;Z;483512
Key Up;Q;483728
Key Down;D;483784
Key Up;D;483943
Key Down;D;484360
Key Up;D;484431
Key Down;Q;484744
Key Down;Z;484848
Key Up;Q;485088
Key Up;Z;485440
Key Down;Q;485496
Key Up;Q;485624
Key Down;S;485832
Key Up;S;485928
Key Down;S;486032
Key Up;S;486216
Key Down;S;486447
Key Down;D;486535
Key Up;S;486640
Key Down;S;486880
Key Up;D;486976
Key Up;S;487192
Key Down;Z;488192
Key Down;D;488256
Key Up;Z;488328
Key Up;D;488512
Key Down;S;488744
Key Up;S;488832
Key Down;Z;489136
Key Down;Q;489288
Key Up;Z;489304
Key Down;S;489672
Key Up;S;489784
Key Down;S;490432
Key Up;S;490560
Key Up;Q;490592
Key Down;D;490767
Key Down;Z;490888
Key Up;D;490896
Key Up;Z;490984
Key Down;D;491159
Key Up;D;491360
Key Down;D;491607
Key Up;D;491920
Key Down;Q;492167
Key Up;Q;492216
Key Down;D;492888
Key Down;Z;492967
Key Up;D;493040
Key Down;Q;493168
Key Up;Q;493272
Key Up;Z;493352
Key Down;Z;493832
Key Down;Q;494128
Key Up;Z;494471
Key Up;Q;494624
Key Down;D;494832
Key Up;D;495248
Key Down;Q;495455
Key Up;Q;495528
Key Down;D;496040
Key Down;S;496112
Key Up;D;496192
Key Up;S;496504
Key Down;S;496696
Key Up;S;496848
Key Down;S;497024
Key Up;S;497088
Key Down;Z;498088
Key Down;Q;498264
Key Up;Q;498392
Key Up;Z;499247
Key Down;D;500384
Key Up;D;501095
Key Down;Q;501119
Key Up;Q;501231
Key Down;Q;501848
Key Down;S;502272
Key Up;Q;502423
Key Down;Q;503336
Key Up;S;504160
Key Down;Z;504568
Key Up;Q;505088
Key Up;Z;505279
Key Down;S;505487
Key Down;Q;505720
Key Up;S;505944
Key Up;Q;506104
Key Down;D;506144
Key Up;D;506423
Key Down;Q;506704
Key Up;Q;506832
Key Down;E;509343
Key Up;E;509455
Key Down;D;509776
Key Down;S;510200
Key Up;S;510679
Key Up;D;511048
Key Down;D;512031
Key Up;D;512143
Key Down;Z;512287
Key Up;Z;512376
Key Down;E;512864
Key Up;E;512952
Key Down;Z;513280
Key Up;Z;513527
Key Down;S;513727
Key Up;S;513952
Key Down;E;514672
Key Up;E;514743
Key Down;Q;515288
Key Up;Q;515392
Key Down;S;516976
Key Down;D;516984
Key Up;S;517064
Key Up;D;517128
Key Down;Q;517400
Key Down;Z;518248
Key Up;Z;518655
Key Up;Q;518856
Key Down;E;519072
Key Up;E;519151
Key Down;D;519536
Key Down;S;519623
Key Up;S;519800
Key Down;S;520151
Key Up;S;520312
Key Up;D;520456
Key Down;D;523031
Key Down;S;523256
Key Up;S;523392
Key Up;D;523400
Key Down;E;523928
Key Up;E;524016
Key Down;Z;524183
Key Down;D;525920
Key Up;D;526439
Key Down;D;526824
Key Up;D;526911
Key Up;Z;526935
Key Down;S;527360
Key Down;Q;527463
Key Up;S;527624
Key Down;Z;527832
Key Up;Q;527967
Key Down;D;528440
Key Up;Z;528448
Key Down;S;528919
Key Up;S;529088
Key Up;D;529120
Key Down;S;529535
Key Down;Q;529656
Key Up;S;529728
Key Up;Q;529744
Key Down;D;529911
Key Down;Z;530127
Key Up;D;530240
Key Down;Q;531007
Key Up;Q;531328
Key Down;Q;531528
Key Up;Q;531639
Key Up;Z;531904
Key Down;S;532431
Key Down;D;532680
Key Up;D;532959
Key Down;Q;533712
Key Up;Q;534751
Key Down;D;536464
Key Up;S;537863
Key Down;Q;538160
Key Up;D;538176
Key Up;Q;538303
Key Down;D;540375
Key Up;D;540799
Key Down;Q;541168
Key Up;Q;541303
Key Down;D;541391
Key Up;D;541688
Key Down;Q;541760
Key Up;Q;541968
Key Down;S;551792
Key Up;S;552063
Key Down;S;552567
Key Up;S;552647
Key Down;Z;553128
Key Down;Q;553239
Key Up;Q;553408
Key Up;Z;553488
Key Down;Z;553680
Key Down;D;553775
Key Up;Z;553887
Key Down;Z;554016
Key Up;Z;554088
Key Up;D;554192
Key Down;S;555176
Key Down;Q;555279
Key Up;Q;555648
Key Down;D;555831
Key Up;D;556224
Key Down;D;556680
Key Up;S;556736
Key Down;Q;556800
Key Up;D;556808
Key Down;S;556959
Key Up;Q;557136
Key Up;S;557344
Key Down;Q;557904
Key Up;Q;558040
Key Down;S;558095
Key Up;S;558271
Key Down;D;558631
Key Down;Q;559776
Key Down;Z;559839
Key Up;D;559887
Key Up;Z;559999
Key Down;Z;560760
Key Up;Z;561015
Key Up;Q;561079
Key Down;S;562080
Key Up;S;562223
Key Down;S;562712
Key Up;S;562775
Key Down;Z;563415
Key Down;D;563711
Key Up;D;563823
Key Down;D;564088
Key Up;Z;564583
Key Down;S;564848
Key Up;S;565135
Key Down;Z;566767
Key Up;D;567112
Key Up;Z;567191
Key Down;S;567448
Key Down;D;567528
Key Up;D;568168
Key Up;S;568504
Key Down;D;568576
Key Up;D;568696
Key Down;Q;569207
Key Down;Z;569359
Key Up;Z;569655
Key Up;Q;569848
Key Down;D;569864
Key Up;D;570440
Key Down;S;570520
Key Down;Q;570832
Key Up;S;570920
Key Up;Q;570984
Key Down;Z;572600
Key Up;Z;572783
Key Down;Z;572936
Key Down;Q;573016
Key Up;Z;573111
Key Up;Q;573239
Key Down;D;573376
Key Down;S;573575
Key Up;D;573807
Key Down;Q;573952
Key Up;S;574199
Key Up;Q;574223
Key Down;Z;575503
Key Down;Q;575743
Key Up;Q;575863
Key Up;Z;575983
Key Down;S;576303
Key Down;D;576463
Key Up;D;576720
Key Down;Q;576791
Key Up;S;576895
Key Up;Q;576935
Key Down;Z;578208
Key Up;Z;578592
Key Down;Q;581664
Key Down;Z;581767
Key Up;Z;581880
Key Up;Q;583448
Key Down;Z;583464
Key Down;D;583544
Key Up;Z;583687
Key Down;S;583856
Key Up;D;583903
Key Down;Q;584088
Key Up;S;584399
Key Down;Z;584680
Key Down;D;584704
Key Up;Q;584712
Key Up;Z;584808
Key Up;D;585792
Key Down;S;585864
Key Up;S;585968
Key Down;Q;586383
Key Up;Q;586424
Key Down;S;586703
Key Down;Q;586848
Key Up;S;586872
Key Down;S;587063
Key Up;Q;587103
Key Down;D;587143
Key Up;D;587656
Key Up;S;587871
Key Down;D;589416
Key Up;D;589719
Key Down;Q;590200
Key Up;Q;590312
Key Down;Q;591887
Key Down;S;592224
Key Up;Q;592616
Key Down;Q;592760
Key Up;S;592967
Key Up;Q;593432
Key Down;S;593647
Key Down;D;593768
Key Up;S;593800
Key Up;D;593880
Key Down;D;594448
Key Down;Q;594496
Key Up;D;594504
Key Down;S;594631
Key Up;Q;594807
Key Up;S;594823
Key Down;Z;595087
Key Down;Q;595247
Key Up;Z;595648
Key Down;S;595975
Key Up;Q;596304
Key Up;S;596344
Key Down;S;597031
Key Down;D;597760
Key Up;S;597968
Key Down;Z;598216
Key Up;D;598247
Key Down;Q;598287
Key Up;Z;598335
Key Up;Q;598383
Key Down;Q;598608
Key Up;Q;598664
Key Down;Z;599008
Key Down;D;599752
Key Up;Z;600232
Key Up;D;600240
Key Down;Q;601183
Key Up;Q;601311
Key Down;D;602320
Key Up;D;602408
Key Down;E;602904
Key Up;E;602984
Key Down;D;603711
Key Up;D;603927
Key Down;Q;607039
Key Up;Q;607224
Key Down;E;608335
Key Up;E;608415
Key Down;D;608704
Key Up;D;609040
Key Down;D;609383
Key Down;Z;609560
Key Up;Z;609695
Key Down;S;609903
Key Up;D;610143
Key Up;S;610191
Key Down;Q;611152
Key Down;S;611543
Key Up;Q;611696
Key Up;S;611775
Key Down;D;612319
Key Down;Z;612447
Key Up;D;612879
Key Up;Z;613015
Key Down;D;614735
Key Down;S;614847
Key Up;D;615215
Key Up;S;616255
Key Down;Q;616327
Key Up;Q;616376
Key Down;D;616607
Key Down;S;616895
Key Up;D;617016
Key Down;Q;617064
Key Up;Q;617215
Key Up;S;617287
Key Down;S;618168
Key Up;S;618319
Key Down;Z;618487
Key Down;Q;618495
Key Up;Q;618632
Key Up;Z;618704
Key Down;S;618927
Key Up;S;618975
Key Down;D;619040
Key Up;D;619120
Key Down;Q;619351
Key Down;Z;619471
Key Up;Q;619568
Key Down;Q;619943
Key Up;Q;620120
Key Up;Z;620367
Key Down;S;621039
Key Down;D;621144
Key Up;S;621231
Key Up;D;621239
Key Down;Q;621663
Key Up;Q;621735
Key Down;D;622615
Key Down;S;622631
Key Up;D;622960
Key Down;Q;623343
Key Up;Q;623456
Key Down;D;623551
Key Up;S;623615
Key Up;D;623687
Key Down;Q;623735
Key Down;Z;623783
Key Up;Q;623984
Key Down;Q;624335
Key Up;Q;625535
Key Up;Z;625583
Key Down;S;643479
Key Down;D;643535
Key Up;S;643735
Key Up;D;643816
Key Down;S;644463
Key Up;S;644615
Key Down;Q;644791
Key Up;Q;645007
Key Down;Q;646519
Key Up;Q;646624
Key Down;D;647927
Key Down;Z;647983
Key Up;Z;648144
Key Down;Z;648679
Key Up;Z;648871
Key Up;D;650391
Key Down;Q;650424
Key Down;S;652184
Key Up;Q;652879
Key Down;Q;653351
Key Up;S;653375
Key Up;Q;653640
Key Down;Q;654847
Key Down;S;655855
Key Up;Q;655879
Key Up;S;656064
Key Down;Q;656623
Key Down;S;656768
Key Up;Q;656912
Key Up;S;656919
Key Down;Q;657527
Key Up;Q;657872
Key Down;S;657975
Key Up;S;658079
Key Down;Q;658695
Key Down;S;658807
Key Up;Q;658887
Key Up;S;659047
Key Down;Z;659231
Key Up;Z;659391
Key Down;S;659863
Key Down;D;660488
Key Up;S;660567
Key Up;D;660575
Key Down;D;661911
Key Down;S;662711
Key Up;S;663087
Key Down;S;663463
Key Up;D;663559
Key Up;S;663784
Key Down;S;663927
Key Up;S;663975
Key Down;S;664927
Key Down;Q;665127
Key Up;S;665215
Key Up;Q;665368
Key Down;D;665807
Key Up;D;666231
Key Down;Z;668247
Key Up;Z;668471
Key Down;S;669423
Key Down;Q;669671
Key Up;Q;670623
Key Down;Q;671199
Key Up;Q;671336
Key Up;S;671415
Key Down;Z;671679
Key Up;Z;671943
Key Down;S;673743
Key Up;S;674263
Key Down;S;675183
Key Up;S;675303
Key Down;D;675639
Key Up;D;675823
Key Down;D;676279
Key Down;S;676303
Key Up;S;676752
Key Up;D;676903
Key Down;S;677199
Key Down;Q;677543
Key Up;S;677576
Key Up;Q;677592
Key Down;Q;678311
Key Down;S;678456
Key Up;S;678615
Key Up;Q;678711
Key Down;Q;678879
Key Down;Z;680183
Key Up;Z;680671
Key Down;S;680919
Key Up;S;681144
Key Up;Q;681255
Key Down;D;681503
Key Up;D;681679
Key Down;Q;682199
Key Up;Q;682487
Key Down;Q;683007
Key Down;Z;683263
Key Up;Q;683432
Key Up;Z;683623
Key Down;Q;683655
Key Down;Z;683759
Key Up;Q;683799
Key Up;Z;683951
Key Down;D;685200
Key Up;D;685399
Key Down;Q;685488
Key Down;S;685559
Key Up;Q;685727
Key Up;S;686343
Key Down;Q;686431
Key Down;Z;686511
Key Up;Z;686839
Key Down;S;687312
Key Up;S;687439
Key Down;S;688063
Key Up;S;688663
Key Up;Q;688911
Key Down;D;688943
Key Up;D;689127
Key Down;Q;690607
Key Down;Z;690863
Key Up;Z;691255
Key Up;Q;691407
Key Down;S;691455
Key Down;Q;691671
Key Up;S;692095
Key Up;Q;692543
Key Down;S;692679
Key Down;D;692831
Key Up;S;692863
Key Up;D;692951
Key Down;Z;693303
Key Down;Q;693335
Key Up;Q;693463
Key Up;Z;693471
Key Down;D;693935
Key Up;D;694375
Key Down;Z;694383
Key Up;Z;694399
Key Down;D;694903
Key Down;Z;694975
Key Up;D;695095
Key Up;Z;695415
Key Down;S;695575
Key Down;Q;695975
Key Up;S;696095
Key Down;Z;697551
Key Up;Z;697664
Key Up;Q;697695
Key Down;D;698511
Key Down;Z;698607
Key Up;Z;698775
Key Down;S;699463
Key Up;S;699904
Key Up;D;700239
Key Down;S;700871
Key Down;D;700951
Key Up;D;701103
Key Up;S;701519
Key Down;Z;702287
Key Up;Z;703015
Key Down;E;710007
Key Up;E;710111
Key Down;D;710455
Key Up;D;710583
Key Down;S;710847
Key Down;Q;710967
Key Up;Q;711039
Key Down;D;711175
Key Up;S;711391
Key Up;D;711511
Key Down;Z;712063
Key Down;D;712255
Key Up;Z;712327
Key Up;D;712607
Key Down;Q;712855
Key Down;S;713271
Key Up;Q;713479
Key Down;D;713575
Key Up;S;713751
Key Up;D;713823
Key Down;Z;714343
Key Up;Z;714559
Key Down;S;716327
Key Up;S;716407
Key Down;D;716495
Key Down;Z;717207
Key Up;Z;717455
Key Down;Q;717623
Key Up;D;717631
Key Down;S;718439
Key Up;Q;718471
Key Down;D;718511
Key Up;S;718583
Key Up;D;720943
Key Down;Q;721015
Key Up;Q;721263
Key Down;Q;721471
Key Down;Z;721719
Key Up;Q;721991
Key Up;Z;721999
Key Down;S;722191
Key Down;D;722335
Key Up;D;722471
Key Up;S;722599
Key Down;Q;723487
Key Down;Z;723519
Key Up;Q;723671
Key Up;Z;725015
Key Down;Z;725359
Key Down;D;725462
Key Up;Z;725679
Key Up;D;726279
Key Down;S;726303
Key Down;Q;726623
Key Up;Q;726807
Key Up;S;726815
Key Down;D;727055
Key Up;D;727095
Key Down;Q;728727
Key Up;Q;728983
Key Down;Q;729167
Key Down;S;729295
Key Up;S;729719
Key Down;S;730015
Key Up;S;730151
Key Up;Q;730623
Key Down;D;730735
Key Up;D;731455
Key Down;Z;732335
Key Down;Q;732383
Key Up;Q;732607
Key Up;Z;733319
Key Down;S;733815
Key Up;S;734455
Key Down;S;735415
Key Down;Q;735887
Key Up;S;735943
Key Down;Z;736127
Key Up;Q;736207
Key Up;Z;736351
Key Down;D;736487
Key Down;Z;736759
Key Up;D;736935
Key Up;Z;737375
Key Down;S;737543
Key Down;Q;738047
Key Up;Q;738967
Key Up;S;739143
Key Down;Q;739207
Key Down;S;739215
Key Up;S;739247
Key Down;S;739463
Key Up;Q;739735
Key Down;D;739927
Key Up;D;739991
Key Up;S;740079
Key Down;Z;740191
Key Up;Z;740663
Key Down;S;741359
Key Up;S;742399
Key Down;D;742991
Key Up;D;743591
Key Down;Q;743599
Key Down;Z;743727
Key Up;Q;743782
Key Down;D;744150
Key Up;D;744199
Key Up;Z;744735
Key Down;S;745375
Key Up;S;747638
Key Down;S;747695
Key Down;D;747775
Key Up;D;748078
Key Up;S;748119
Key Down;Z;748343
Key Up;Z;748671
Key Down;S;752311
Key Down;Q;752743
Key Up;Q;753183
Key Down;D;753255
Key Down;Q;753431
Key Up;D;753463
Key Up;Q;753639
Key Up;S;753759
Key Down;D;753903
Key Down;Z;754023
Key Up;D;754415
Key Up;Z;754495
Key Down;S;755319
Key Down;Q;755471
Key Up;S;755543
Key Up;Q;755583
Key Down;D;755767
Key Down;Z;755775
Key Up;D;755943
Key Up;Z;756279
Key Down;S;756951
Key Down;Q;757119
Key Up;S;757607
Key Down;S;758055
Key Up;S;758271
Key Down;Z;758655
Key Up;Q;758694
Key Down;Q;758807
Key Up;Z;758943
Key Up;Q;759103
Key Down;D;759319
Key Up;D;759719
Key Down;D;760127
Key Up;D;760199
Key Down;S;760343
Key Up;S;760687
Key Down;Q;761055
Key Down;Z;761095
Key Up;Z;761487
Key Down;S;761823
Key Up;S;762047
Key Down;S;762439
Key Up;Q;762694
Key Up;S;762759
Key Down;D;762951
Key Down;Z;763023
Key Up;D;763183
Key Up;Z;763383
Key Down;S;764903
Key Down;Q;764966
Key Up;S;765111
Key Up;Q;765135
Key Down;D;765887
Key Down;Z;766295
Key Up;D;766423
Key Down;Q;766463
Key Up;Z;767031
Key Up;Q;767414
Key Down;D;767607
Key Down;S;767671
Key Up;D;767847
Key Up;S;767863
Key Down;Q;768247
Key Down;Z;768255
Key Up;Z;768559
Key Up;Q;769199
Key Down;S;769655
Key Up;S;770263
Key Down;S;775239
Key Up;S;775822
Key Down;Z;775991
Key Down;Q;776079
Key Up;Z;776159
Key Down;S;776310
Key Up;Q;776351
Key Down;Q;776879
Key Up;S;777031
Key Up;Q;777231
Key Down;D;777383
Key Down;S;778319
Key Up;S;778607
Key Down;S;778887
Key Up;D;779230
Key Down;Q;779278
Key Up;S;779318
Key Up;Q;779383
Key Down;D;779423
Key Up;D;779567
Key Down;D;779742
Key Down;Z;779814
Key Up;D;779847
Key Up;Z;779943
Key Down;Q;780103
Key Up;Q;780246
Key Down;Q;785694
Key Down;S;785775
Key Up;Q;786014
Key Down;D;786239
Key Up;S;786807
Key Up;D;787263
Key Down;Q;788615
Key Up;Q;788999
Key Down;D;789487
Key Up;D;789598
Key Down;D;789735
Key Down;S;790431
Key Up;D;790615
Key Down;Q;790862
Key Up;Q;790983
Key Up;S;791303
Key Down;Q;792287
Key Up;Q;792462
Key Down;Q;793223
Key Up;Q;793359
Key Down;D;793751
Key Down;Z;793855
Key Up;Z;794030
Key Up;D;794255
Key Down;S;794654
Key Down;Q;794799
Key Up;Q;794807
Key Up;S;794919
Key Down;D;794927
Key Up;D;795231
Key Down;D;795583
Key Down;Z;795822
Key Up;D;796007
Key Down;Q;796255
Key Up;Q;796359
Key Down;D;796558
Key Up;Z;796686
Key Up;D;796887
Key Down;Q;796943
Key Up;Q;797255
Key Down;Z;797831
Key Down;D;797847
Key Up;Z;798335
Key Up;D;798367
Key Down;Q;799014
Key Down;Z;799102
Key Up;Q;799143
Key Up;Z;799319
Key Down;D;799887
Key Down;Z;800359
Key Up;Z;800871
Key Up;D;800903
Key Down;D;801935
Key Down;S;802319
Key Up;D;803294
Key Down;Q;803414
Key Up;S;803511
Key Down;S;803958
Key Up;Q;803990
Key Up;S;804183
Key Down;D;804766
Key Down;Z;804975
Key Up;Z;805095
Key Down;Z;805495
Key Up;Z;805775
Key Up;D;806543
Key Down;Q;806583
Key Up;Q;807711
Key Down;S;808359
Key Down;D;808462
Key Up;S;808519
Key Down;S;808551
Key Up;S;808559
Key Down;Z;809351
Key Up;Z;809623
Key Down;Q;809662
Key Up;D;809670
Key Down;S;810679
Key Up;S;810959
Key Up;Q;811159
Key Down;E;811894
Key Up;E;811958
Key Down;Q;812119
Key Down;Z;813374
Key Up;Q;814015
Key Up;Z;814174
Key Down;S;814383
Key Up;S;814990
Key Down;D;815303
Key Up;D;815398
Key Down;E;818103
Key Up;E;818174
Key Down;Q;822047
Key Down;S;822455
Key Up;S;822910
Key Down;S;823271
Key Up;Q;823847
Key Down;Q;823959
Key Up;S;823967
Key Up;Q;824014
Key Down;S;842398
Key Down;D;842486
Key Up;D;843103
Key Up;S;843191
Key Down;Q;843199
Key Down;Z;843454
Key Up;Z;843502
Key Down;S;843839
Key Up;Q;843886
Key Down;D;843958
Key Up;S;844039
Key Up;D;844111
Key Down;D;844830
Key Down;S;845647
Key Up;S;846006
Key Down;Q;846254
Key Up;D;846262
Key Down;Z;846559
Key Up;Z;846942
Key Down;S;847447
Key Up;Q;847526
Key Up;S;847574
Key Down;D;848159
Key Down;S;848494
Key Up;S;848790
Key Up;D;848894
Key Down;Q;848902
Key Up;Q;849167
Key Down;D;849295
Key Down;Z;849406
Key Up;Z;849614
Key Down;S;849783
Key Up;S;850295
Key Up;D;850351
Key Down;Q;850359
Key Down;Z;850479
Key Up;Q;850511
Key Down;D;850559
Key Up;Z;850782
Key Down;S;850999
Key Up;S;851182
Key Up;D;851438
Key Down;D;851559
Key Up;D;851775
Key Down;Q;851958
Key Up;Q;852286
Key Down;S;852479
Key Up;S;852982
Key Down;S;853198
Key Up;S;853326
Key Down;D;853878
Key Down;S;854119
Key Up;S;854254
Key Down;S;854830
Key Up;S;854990
Key Down;Q;855311
Key Up;D;855334
Key Up;Q;855430
Key Down;D;856062
Key Down;Z;856343
Key Up;D;856478
Key Up;Z;856902
Key Down;Z;857414
Key Down;Q;857567
Key Up;Z;857630
Key Up;Q;857758
Key Down;Q;857974
Key Down;S;858286
Key Up;Q;858390
Key Down;Q;858815
Key Up;Q;859142
Key Up;S;859630
Key Down;D;859646
Key Up;D;859998
Key Down;Q;860102
Key Down;S;860335
Key Up;Q;860415
Key Up;S;860455
Key Down;D;860470
Key Down;Z;860703
Key Up;Z;860838
Key Down;Z;861063
Key Up;Z;861318
Key Up;D;861599
Key Down;Q;861647
Key Up;Q;861862
Key Down;S;862511
Key Down;Q;862622
Key Up;S;862670
Key Down;S;862934
Key Up;S;863310
Key Down;S;864078
Key Up;S;864222
Key Up;Q;864646
Key Down;Z;864798
Key Up;Z;864975
Key Down;D;866926
Key Up;D;867326
Key Down;D;867382
Key Down;S;867782
Key Up;S;868198
Key Up;D;868606
Key Down;Q;868630
Key Up;Q;868702
Key Down;Z;868999
Key Up;Z;869382
Key Down;Q;869542
Key Down;Z;870183
Key Up;Q;870215
Key Down;Q;870798
Key Up;Z;870942
Key Down;S;871334
Key Up;Q;871382
Key Up;S;871631
Key Down;Q;871687
Key Up;Q;871727
Key Down;Q;871998
Key Up;Q;872102
Key Down;Z;872311
Key Up;Z;872383
Key Down;D;872470
Key Down;S;872791
Key Up;D;872974
Key Down;D;873215
Key Up;S;873278
Key Up;D;874950
Key Down;Z;876326
Key Up;Z;876462
Key Down;Q;877134
Key Up;Q;877286
Key Down;E;878966
Key Up;E;879070
Key Down;E;881295
Key Up;E;881359
Key Down;D;881686
Key Down;S;881751
Key Up;S;881934
Key Up;D;881950
Key Down;S;882319
Key Up;S;882398
Key Down;E;882630
Key Up;E;882719
Key Down;E;885542
Key Up;E;885623
Key Down;Q;889574
Key Up;Q;890574
Key Down;D;897215
Key Down;Z;897334
Key Up;D;897839
Key Down;D;898142
Key Up;Z;898391
Key Down;S;898606
Key Up;D;898734
Key Up;S;898903
Key Down;D;898943
Key Up;D;899007
Key Down;D;899366
Key Up;D;899406
Key Down;Q;899734
Key Up;Q;899782
Key Down;Q;900039
Key Up;Q;900103
Key Down;Q;900639
Key Up;Q;900718
Key Down;D;901966
Key Up;D;902134
Key Down;Z;902327
Key Up;Z;902390
Key Down;Q;902687
Key Up;Q;902782
Key Down;Q;903711
Key Up;Q;903838
Key Down;D;904583
Key Up;D;904950
Key Down;S;904958
Key Up;S;904990
Key Down;Q;905334
Key Up;Q;905438
Key Down;D;905934
Key Up;D;907119
Key Down;Z;907583
Key Up;Z;907646
Key Down;D;907678
Key Up;D;907790
Key Down;Q;908023
Key Up;Q;908055
Key Down;S;908238
Key Down;Q;908374
Key Up;Q;908438
Key Up;S;908502
Key Down;Z;912646
Key Up;Z;912855
Key Down;D;913022
Key Up;D;913062
Key Down;S;913758
Key Down;Q;913806
Key Up;Q;913886
Key Up;S;913894
Key Down;D;917663
Key Up;D;917742
Key Down;S;918550
Key Up;S;918662
Key Down;D;919230
Key Up;D;919334
Key Down;S;919774
Key Down;Q;919822
Key Up;S;920023
Key Up;Q;920726
Key Down;D;924470
Key Down;Z;924486
Key Up;Z;924630
Key Down;S;924863
Key Up;D;924918
Key Up;S;925255
Key Down;D;925359
Key Down;Z;925646
Key Up;Z;925766
Key Up;D;925798
Key Down;Z;926671
Key Up;Z;927038
Key Down;Z;927118
Key Down;Q;927302
Key Up;Z;927334
Key Up;Q;927446
Key Down;Q;927783
Key Down;S;927958
Key Up;S;928286
Key Up;Q;928647
Key Down;D;929623
Key Down;Z;929902
Key Up;Z;930398
Key Up;D;930422
Key Down;Z;933150
Key Down;D;933319
Key Up;D;933406
Key Up;Z;933975
Key Down;S;934902
Key Up;S;935150
Key Down;S;935559
Key Up;S;935750
Key Down;S;935927
Key Up;S;936054
Key Down;Z;936958
Key Down;D;937638
Key Up;Z;938398
Key Up;D;938694
Key Down;D;939334
Key Down;S;939342
Key Up;D;939718
Key Up;S;939958
Key Down;Z;940142
Key Down;Q;940302
Key Up;Q;941430
Key Down;D;941966
Key Up;D;942150
Key Down;Q;942263
Key Up;Z;942454
Key Up;Q;942542
Key Down;D;942606
Key Down;S;942982
Key Up;D;943134
Key Down;Q;943534
Key Up;Q;943598
Key Up;S;943622
Key Down;S;944375
Key Up;S;944550
Key Down;Q;944735
Key Down;Z;944839
Key Up;Q;945447
Key Down;Q;945966
Key Up;Q;946071
Key Up;Z;946190
Key Down;S;946855
Key Up;S;947142
Key Down;S;948055
Key Up;S;948142
Key Down;Z;949006
Key Up;Z;949583
Key Down;Z;950742
Key Down;D;950822
Key Up;D;950959
Key Up;Z;951158
Key Down;S;951342
Key Up;S;952182
Key Down;D;952374
Key Up;D;952558
Key Down;Q;953534
Key Down;Z;953574
Key Up;Q;953902
Key Down;D;954702
Key Up;D;954862
Key Up;Z;955238
Key Down;Q;955727
Key Up;Q;955894
Key Down;Z;955902
Key Up;Z;956686
Key Down;D;956806
Key Down;Z;956886
Key Up;D;956974
Key Up;Z;957166
Key Down;Z;957334
Key Down;Q;957558
Key Up;Q;957606
Key Up;Z;957630
Key Down;D;958806
Key Down;Z;958910
Key Up;D;959158
Key Up;Z;959471
Key Down;Q;960398
Key Down;Z;960470
Key Up;Z;960775
Key Up;Q;960782
Key Down;S;960926
Key Down;Q;961022
Key Up;Q;961270
Key Up;S;961302
Key Down;Z;961766
Key Up;Z;962334
Key Down;Z;963486
Key Down;D;963622
Key Up;D;964006
Key Down;D;964062
Key Up;D;964215
Key Up;Z;964574
Key Down;S;964950
Key Up;S;965239
Key Down;S;966070
Key Down;Q;966462
Key Up;Q;966542
Key Up;S;967015
Key Down;Z;967174
Key Up;Z;967966
Key Down;Z;968398
Key Up;Z;968438
Key Down;E;968790
Key Up;E;968878
Key Down;S;969222
Key Up;S;969406
Key Down;Z;970310
Key Up;Z;970567
Key Down;E;971518
Key Up;E;971630
Key Down;S;971870
Key Down;Q;972518
Key Up;Q;972902
Key Down;D;973519
Key Up;D;973782
Key Down;Q;974334
Key Up;Q;974439
Key Down;D;974702
Key Up;D;974806
Key Down;Q;975686
Key Up;Q;975759
Key Up;S;976550
Key Down;E;983247
Key Up;E;983374
Key Down;Q;983582
Key Up;Q;983718
Key Down;D;988014
Key Up;D;988078
Key Down;E;988726
Key Up;E;988814
Key Down;Q;989678
Key Up;Q;989798
Key Down;S;990542
Key Down;D;990750
Key Up;D;990902
Key Up;S;990926
Key Down;S;991214
Key Down;D;991390
Key Up;S;991414
Key Up;D;991430
Key Down;S;992822
Key Down;Q;992966
Key Up;S;992990
Key Up;Q;993142
Key Down;S;993710
Key Down;Q;993814
Key Up;S;993902
Key Up;Q;993934
Key Down;S;995310
Key Up;S;995638
Key Down;S;996166
Key Up;S;996350
Key Down;Q;996878
Key Up;Q;996942
Key Down;Z;997566
Key Down;D;997926
Key Up;Z;998934
Key Up;D;999518
Key Down;Q;1000270
Key Up;Q;1000382
Key Down;Q;1000734
Key Up;Q;1000782
Key Down;Q;1001990
Key Up;Q;1002134
Key Down;D;1002910
Key Down;S;1003470
Key Up;D;1003654
Key Down;Q;1003774
Key Up;Q;1005414
Key Up;S;1005694
Key Down;Z;1006006
Key Down;D;1006510
Key Up;Z;1007590
Key Up;D;1007662
Key Down;D;1015598
Key Down;Z;1015829
Key Up;Z;1016030
Key Up;D;1016038
Key Down;D;1016758
Key Down;S;1016814
Key Up;D;1016926
Key Up;S;1016934
Key Down;Q;1017766
Key Down;S;1018150
Key Up;S;1018398
Key Up;Q;1018446
Key Down;Q;1018805
Key Up;Q;1018942
Key Down;Z;1019102
Key Up;Z;1019158
Key Down;D;1019182
Key Up;D;1019510
Key Down;D;1019574
Key Up;D;1019614
Key Down;S;1019646
Key Down;D;1019654
Key Up;D;1019742
Key Up;S;1019790
Key Down;Z;1019998
Key Down;D;1020165
Key Up;Z;1020342
Key Down;Q;1020838
Key Up;D;1020878
Key Down;Z;1020886
Key Up;Z;1021014
Key Up;Q;1021094
Key Down;Q;1021206
Key Up;Q;1021278
Key Down;Q;1021670
Key Up;Q;1021830
Key Down;S;1021862
Key Up;S;1022038
Key Down;D;1022046
Key Down;Z;1022654
Key Up;Z;1023086
Key Down;Q;1023438
Key Up;D;1023446
Key Down;Z;1024150
Key Up;Z;1024365
Key Down;Z;1024502
Key Up;Q;1024558
Key Down;D;1024630
Key Up;D;1024902
Key Up;Z;1024958
Key Down;D;1025094
Key Up;D;1025470
Key Down;Q;1025622
Key Up;Q;1026062
Key Down;S;1026294
Key Up;S;1026414
Key Down;S;1026638
Key Down;Q;1026830
Key Up;Q;1026998
Key Up;S;1027157
Key Down;S;1027406
Key Up;S;1027550
Key Down;D;1027558
Key Down;Z;1028046
Key Up;Z;1028310
Key Up;D;1028454
Key Down;Z;1029350
Key Down;Q;1029710
Key Up;Q;1030069
Key Down;D;1030166
Key Up;Z;1030190
Key Down;S;1030902
Key Up;S;1031094
Key Down;Z;1031389
Key Up;D;1031397
Key Down;Q;1031686
Key Up;Q;1032014
Key Down;D;1032390
Key Up;Z;1032446
Key Up;D;1032478
Key Down;D;1033486
Key Down;S;1033806
Key Up;S;1033910
Key Up;D;1033918
Key Down;D;1034454
Key Down;Z;1034605
Key Up;D;1034694
Key Down;D;1035117
Key Up;Z;1035438
Key Up;D;1035573
Key Down;Q;1035638
Key Down;S;1036070
Key Up;Q;1036094
Key Down;Q;1036486
Key Up;S;1036677
Key Down;S;1037078
Key Up;Q;1037293
Key Down;D;1037526
Key Up;S;1038246
Key Down;S;1039198
Key Up;D;1039294
Key Down;Q;1039589
Key Up;S;1039654
Key Down;S;1039806
Key Up;S;1040190
Key Up;Q;1040374
Key Down;Q;1040653
Key Up;Q;1040733
Key Down;D;1041238
Key Down;S;1041662
Key Up;D;1041837
Key Down;D;1041974
Key Up;S;1042238
Key Up;D;1042822
Key Down;Q;1042846
Key Down;Z;1042998
Key Up;Q;1043214
Key Down;D;1043486
Key Up;Z;1043806
Key Up;D;1043934
Key Down;Q;1044086
Key Down;S;1044126
Key Up;Q;1044438
Key Down;D;1044758
Key Up;S;1044957
Key Up;D;1045005
Key Down;E;1052718
Key Up;E;1052830
Key Down;Q;1053206
Key Up;Q;1053405
Key Down;D;1065774
Key Up;D;1065949
Key Down;E;1066174
Key Up;E;1066278
Key Down;Q;1066398
Key Up;Q;1066678
Key Down;D;1067046
Key Up;D;1067318
Key Down;E;1069981
Key Up;E;1070078
Key Down;Q;1070230
Key Up;Q;1070589
Key Down;D;1072109
Key Up;D;1072502
Key Down;E;1073109
Key Up;E;1073182
Key Down;Q;1073933
Key Up;Q;1075158
Key Down;D;1075454
Key Down;S;1075486
Key Up;D;1075566
Key Up;S;1075597
Key Down;Z;1075910
Key Up;Z;1076246
Key Down;S;1084590
Key Down;Q;1084798
Key Up;Q;1084950
Key Up;S;1085158
Key Down;Q;1086766
Key Down;S;1086853
Key Up;S;1086933
Key Up;Q;1086949
Key Down;Q;1087533
Key Down;S;1087630
Key Up;S;1087854
Key Up;Q;1087917
Key Down;D;1087965
Key Down;Z;1088086
Key Up;D;1088246
Key Down;D;1088445
Key Up;D;1088574
Key Down;Q;1088941
Key Up;Q;1089214
Key Down;Q;1090173
Key Up;Z;1090261
Key Down;Z;1090486
Key Up;Q;1090878
Key Up;Z;1091006
Key Down;S;1091397
Key Down;Q;1091877
Key Up;S;1092285
Key Down;Z;1092821
Key Up;Z;1092990
Key Down;Z;1093542
Key Up;Q;1093685
Key Up;Z;1094174
Key Down;Z;1094469
Key Up;Z;1094517
Key Down;Z;1095790
Key Down;D;1096613
Key Up;D;1096702
Key Up;Z;1097446
Key Down;S;1097590
Key Up;S;1097765
Key Down;S;1097886
Key Up;S;1098133
Key Down;D;1098382
Key Up;D;1098486
Key Down;Z;1102902
Key Up;Z;1103446
Key Down;S;1103581
Key Up;S;1103869
Key Down;Z;1104109
Key Up;Z;1104342
Key Down;S;1105301
Key Up;S;1105525
Key Down;Z;1106333
Key Up;Z;1106757
Key Down;Z;1108350
Key Up;Z;1108430
Key Down;Q;1109366
Key Down;Z;1109486
Key Up;Z;1109598
Key Up;Q;1109638
Key Down;D;1109822
Key Up;D;1109957
Key Down;D;1110269
Key Up;D;1110814
Key Down;Q;1111182
Key Up;Q;1111486
Key Down;Z;1111829
Key Down;D;1111893
Key Up;D;1111965
Key Up;Z;1111998
Key Down;Q;1115677
Key Up;Q;1115797
Key Down;D;1115958
Key Down;Z;1116038
Key Up;D;1116166
Key Up;Z;1116733
Key Down;Q;1118694
Key Down;Z;1118806
Key Up;Q;1118918
Key Down;D;1119005
Key Up;D;1119358
Key Up;Z;1120061
Key Down;Z;1120693
Key Down;D;1120942
Key Up;D;1121133
Key Up;Z;1121149
Key Down;D;1126998
Key Up;D;1127389
Key Down;Z;1127397
Key Up;Z;1127517
Key Down;Q;1129086
Key Down;S;1129406
Key Up;S;1129502
Key Up;Q;1129582
Key Down;D;1129805
Key Up;D;1129941
Key Down;Q;1130029
Key Up;Q;1130125
Key Down;S;1130477
Key Up;S;1130581
Key Down;Q;1131262
Key Up;Q;1131374
Key Down;D;1134798
Key Down;Z;1135262
Key Up;D;1135437
Key Up;Z;1135798
Key Down;S;1135981
Key Up;S;1136254
Key Down;S;1136598
Key Down;Q;1136614
Key Up;S;1136718
Key Up;Q;1136790
Key Down;Q;1137142
Key Up;Q;1137206
Key Down;D;1137246
Key Down;S;1137310
Key Up;S;1137453
Key Down;Z;1137670
Key Down;Q;1138310
Key Up;D;1138318
Key Up;Z;1138334
Key Down;S;1138518
Key Up;Q;1139189
Key Down;D;1139309
Key Up;S;1139462
Key Down;Z;1139622
Key Up;D;1139630
Key Down;Q;1139694
Key Up;Z;1139726
Key Down;Z;1139782
Key Up;Q;1139853
Key Up;Z;1140021
Key Down;S;1140157
Key Up;S;1140509
Key Down;Z;1140758
Key Down;D;1141141
Key Up;Z;1141229
Key Up;D;1141262
Key Down;S;1141390
Key Down;Q;1141581
Key Up;Q;1141709
Key Down;D;1141950
Key Up;S;1142054
Key Down;Z;1142189
Key Up;Z;1142597
Key Down;Q;1143133
Key Up;D;1143221
Key Down;Z;1143550
Key Up;Z;1143669
Key Down;S;1144085
Key Up;S;1144382
Key Down;D;1144534
Key Down;Z;1144749
Key Up;Q;1144789
Key Up;Z;1145061
Key Down;S;1145174
Key Up;D;1145190
Key Up;S;1145702
Key Down;Z;1146037
Key Up;Z;1146061
Key Down;Z;1146093
Key Up;Z;1146214
Key Down;Q;1146294
Key Down;Z;1146429
Key Up;Q;1146469
Key Down;D;1146566
Key Up;D;1146765
Key Up;Z;1146981
Key Down;S;1147253
Key Up;S;1147389
Key Down;Z;1147582
Key Down;D;1147653
Key Up;Z;1147877
Key Up;D;1147925
Key Down;Q;1147966
Key Down;S;1148118
Key Up;Q;1148309
Key Down;D;1148638
Key Up;D;1149021
Key Up;S;1149029
Key Down;Z;1149166
Key Up;Z;1149262
Key Down;Q;1149294
Key Down;Z;1149365
Key Up;Q;1149445
Key Down;D;1149710
Key Up;Z;1150150
Key Down;Q;1150230
Key Up;Q;1150357
Key Down;Z;1150477
Key Up;D;1150709
Key Down;Q;1150854
Key Up;Z;1150894
Key Down;S;1151045
Key Up;S;1151469
Key Up;Q;1151718
Key Down;S;1151973
Key Down;Q;1152158
Key Up;Q;1152614
Key Down;D;1152686
Key Up;S;1152901
Key Down;Z;1153062
Key Up;Z;1154781
Key Up;D;1156813
Key Down;Q;1157358
Key Down;Z;1157510
Key Up;Z;1158365
Key Down;Z;1158734
Key Up;Z;1158877
Key Up;Q;1159021
Key Down;D;1159101
Key Up;D;1159326
Key Down;Q;1159437
Key Down;S;1159557
Key Up;S;1160014
Key Down;S;1160646
Key Up;S;1161573
Key Up;Q;1161590
Key Down;D;1161622
Key Up;D;1161678
Key Down;S;1163085
Key Down;Q;1163238
Key Up;Q;1163694
Key Up;S;1163726
Key Down;Q;1164222
Key Up;Q;1164645
Key Down;D;1165085
Key Down;S;1165486
Key Up;S;1165558
Key Up;D;1165654
Key Down;Q;1165758
Key Up;Q;1165909
Key Down;D;1167942
Key Down;Z;1168117
Key Up;D;1168917
Key Up;Z;1168925
Key Down;Z;1169373
Key Down;Q;1169533
Key Up;Q;1169598
Key Down;D;1169670
Key Up;D;1170005
Key Up;Z;1170710
Key Down;Q;1171142
Key Down;S;1171397
Key Up;Q;1171733
Key Down;D;1171789
Key Up;S;1171845
Key Down;S;1171901
Key Up;S;1171958
Key Down;S;1172309
Key Up;D;1172357
Key Down;Q;1172838
Key Up;Q;1174181
Key Down;D;1174358
Key Up;S;1174494
Key Up;D;1174502
Key Down;Q;1174861
Key Up;Q;1174966
Key Down;Z;1175437
Key Up;Z;1175622
Key Down;S;1176173
Key Up;S;1176429
Key Down;D;1177061
Key Down;Z;1177101
Key Up;D;1177637
Key Up;Z;1178005
Key Down;S;1178166
Key Down;Q;1178373
Key Up;S;1178429
Key Up;Q;1178445
Key Down;S;1178686
Key Up;S;1178877
Key Down;S;1179182
Key Up;S;1179341
Key Down;Q;1179685
Key Up;Q;1180221
Key Down;S;1181005
Key Down;D;1181013
Key Up;D;1181126
Key Up;S;1181285
Key Down;S;1187374
Key Down;Q;1187638
Key Up;Q;1187758
Key Down;D;1188045
Key Up;S;1188382
Key Down;S;1189109
Key Up;D;1189534
Key Up;S;1190093
Key Down;D;1190662
Key Down;S;1191493
Key Up;D;1191638
Key Down;Q;1191702
Key Up;Q;1191845
Key Down;D;1192005
Key Up;S;1192141
Key Up;D;1192254
Key Down;D;1193046
Key Down;Z;1193094
Key Up;Z;1193613
Key Down;S;1193910
Key Up;D;1194037
Key Down;Q;1194246
Key Up;Q;1194518
Key Down;D;1194622
Key Up;S;1194869
Key Down;S;1195045
Key Up;D;1195637
Key Down;Q;1195717
Key Up;Q;1195958
Key Up;S;1196101
Key Down;D;1196485
Key Down;Z;1197189
Key Up;D;1197302
Key Down;Q;1197677
Key Up;Z;1197990
Key Down;S;1198357
Key Up;S;1198501
Key Up;Q;1198686
Key Down;S;1198893
Key Down;D;1198917
Key Up;S;1199093
Key Up;D;1199405
Key Down;Q;1199470
Key Up;Q;1199629
Key Down;D;1199949
Key Down;Z;1200518
Key Up;D;1200998
Key Down;Q;1201165
Key Up;Z;1201221
Key Down;S;1201486
Key Up;S;1201533
Key Up;Q;1201549
Key Down;D;1201894
Key Up;D;1202222
Key Down;E;1202397
Key Up;E;1202477
Key Down;Q;1202637
Key Down;Z;1203069
Key Up;Q;1203149
Key Up;Z;1203197
Key Down;S;1203645
Key Down;D;1203693
Key Up;S;1203789
Key Down;S;1204229
Key Up;D;1204278
Key Down;Q;1204326
Key Up;S;1204453
Key Up;Q;1204613
Key Down;Echap;1227061
Key Up;Echap;1227189
Key Down;Q;1242005
Key Down;Z;1242086
Key Up;Q;1242557
Key Down;Q;1243125
Key Up;Z;1243189
Key Up;Q;1243253
Key Down;S;1243501
Key Up;S;1243549
Key Down;D;1244221
Key Up;D;1244293
Key Down;Z;1244333
Key Up;Z;1244421
Key Down;S;1245261
Key Up;S;1245429
Key Down;Z;1247022
Key Down;Q;1247485
Key Up;Q;1247766
Key Down;Q;1248117
Key Up;Q;1248285
Key Up;Z;1248293
Key Down;Q;1249325
Key Up;Q;1249437
Key Down;Z;1249541
Key Down;Q;1249877
Key Up;Q;1250222
Key Up;Z;1250341
Key Down;S;1252013
Key Down;Q;1252062
Key Up;Q;1252301
Key Down;Q;1252397
Key Up;S;1252653
Key Down;Z;1253133
Key Up;Q;1253213
Key Up;Z;1253325
Key Down;S;1253501
Key Down;D;1253517
Key Up;D;1253685
Key Down;D;1254158
Key Up;D;1254541
Key Down;D;1254781
Key Up;D;1255341
Key Up;S;1255413
Key Down;Q;1255461
Key Down;Z;1255613
Key Up;Q;1255645
Key Down;D;1255941
Key Up;Z;1256805
Key Up;D;1256957
Key Down;S;1256989
Key Down;Q;1257085
Key Up;S;1257141
Key Up;Q;1257341
Key Down;S;1257349
Key Up;S;1257422
Key Down;D;1257430
Key Up;D;1257549
Key Down;Z;1257677
Key Down;D;1257838
Key Up;Z;1257862
Key Up;D;1257885
Key Down;Q;1257902
Key Up;Q;1258173
Key Down;D;1258389
Key Down;Z;1258485
Key Up;D;1259693
Key Down;Q;1259893
Key Up;Z;1260029
Key Down;D;1260077
Key Up;Q;1260085
Key Up;D;1260229
Key Down;S;1260334
Key Down;Q;1260597
Key Up;S;1260845
Key Up;Q;1260981
Key Down;D;1261045
Key Down;S;1261229
Key Up;D;1261557
Key Down;Q;1261733
Key Up;S;1261781
Key Up;Q;1261845
Key Down;D;1262845
Key Up;D;1263453
Key Down;Q;1263613
Key Up;Q;1263693
Key Down;D;1265125
Key Down;Z;1265517
Key Up;D;1265581
Key Down;Q;1265669
Key Up;Z;1265821
Key Down;S;1267005
Key Up;Q;1268405
Key Down;Q;1268989
Key Up;S;1269437
Key Down;Z;1269685
Key Up;Q;1269749
Key Down;D;1269821
Key Up;Z;1272829
Key Up;D;1273333
Key Down;D;1273837
Key Up;D;1274181
Key Down;Q;1291525
Key Down;Z;1291725
Key Up;Z;1292141
Key Up;Q;1292469
Key Down;S;1292749
Key Up;S;1293116
Key Down;S;1294653
Key Up;S;1294845
Key Down;Z;1295229
Key Up;Z;1295373
Key Down;Z;1296045
Key Up;Z;1296573
Key Down;S;1297517
Key Down;D;1297757
Key Up;S;1297789
Key Down;S;1297845
Key Up;D;1298156
Key Down;Q;1298517
Key Up;S;1298565
Key Up;Q;1298669
Key Down;S;1299149
Key Up;S;1299197
Key Down;Q;1299245
Key Down;Z;1299517
Key Up;Z;1299629
Key Down;D;1299917
Key Up;Q;1299925
Key Up;D;1300205
Key Down;Q;1300621
Key Down;Z;1300629
Key Up;Z;1300780
Key Down;S;1301237
Key Up;S;1301709
Key Down;Z;1301933
Key Up;Z;1302085
Key Down;S;1302245
Key Up;S;1302692
Key Down;Z;1302933
Key Up;Z;1303021
Key Down;Z;1303061
Key Up;Z;1303125
Key Up;Q;1303541
Key Down;Q;1303733
Key Down;Z;1303933
Key Up;Q;1304061
Key Up;Z;1304325
Key Down;D;1304781
Key Down;Z;1305077
Key Up;Z;1305277
Key Up;D;1305652
Key Down;Q;1305717
Key Up;Q;1305813
Key Down;D;1306021
Key Up;D;1306141
Key Down;D;1306476
Key Up;D;1306613
Key Down;Q;1306805
Key Up;Q;1306957
Key Down;D;1307037
Key Up;D;1307356
Key Down;Q;1307364
Key Down;S;1307940
Key Up;Q;1308093
Key Down;D;1308405
Key Up;S;1308877
Key Down;Z;1309965
Key Up;Z;1310237
Key Up;D;1310389
Key Down;S;1310405
Key Down;Q;1310453
Key Up;S;1311133
Key Up;Q;1311373
Key Down;Z;1311597
Key Up;Z;1312165
Key Down;D;1312596
Key Down;Z;1312805
Key Up;D;1312829
Key Down;D;1312909
Key Up;Z;1312941
Key Up;D;1313573
Key Down;S;1317605
Key Down;D;1318197
Key Up;S;1318613
Key Down;S;1318941
Key Up;S;1319213
Key Up;D;1319445
Key Down;D;1320525
Key Down;S;1321101
Key Up;D;1322309
Key Up;S;1322437
Key Down;Q;1322748
Key Up;Q;1322789
Key Down;S;1326621
Key Down;D;1326725
Key Up;S;1326925
Key Up;D;1326932
Key Down;D;1327093
Key Up;D;1327101
Key Down;Q;1327348
Key Up;Q;1327396
Key Down;D;1327933
Key Up;D;1327989
Key Down;Z;1331293
Key Up;Z;1331492
Key Down;D;1332685
Key Up;D;1333285
Key Down;Z;1333300
Key Up;Z;1333437
Key Down;Q;1334149
Key Up;Q;1334341
Key Down;D;1334661
Key Up;D;1334924
Key Down;D;1335757
Key Up;D;1336149
Key Down;S;1338628
Key Up;S;1338709
Key Down;D;1339213
Key Down;Z;1339253
Key Up;Z;1339397
Key Up;D;1339405
Key Down;Q;1339573
Key Up;Q;1339773
Key Down;S;1340269
Key Up;S;1340301
Key Down;Echap;1345741
Key Up;Echap;1345861
Key Down;D;1349733
Key Down;Z;1349852
Key Up;Z;1350109
Key Down;S;1350533
Key Up;S;1350749
Key Down;S;1350989
Key Up;D;1351029
Key Up;S;1352669
Key Down;D;1354245
Key Down;Z;1354469
Key Up;Z;1354669
Key Up;D;1355061
Key Down;Q;1355093
Key Down;S;1355477
Key Up;Q;1355620
Key Up;S;1355740
Key Down;D;1356037
Key Down;Z;1356116
Key Up;Z;1356397
Key Down;Z;1357028
Key Up;Z;1357181
Key Up;D;1357205
Key Down;Q;1357420
Key Up;Q;1357508
Key Down;D;1357572
Key Up;D;1357765
Key Down;Z;1357773
Key Up;Z;1358277
Key Down;Q;1358333
Key Down;Z;1358500
Key Up;Q;1358613
Key Down;D;1358813
Key Up;Z;1359076
Key Up;D;1359213
Key Down;Z;1359221
Key Down;Q;1359253
Key Up;Q;1359829
Key Up;Z;1359917
Key Down;Z;1360637
Key Up;Z;1360820
Key Down;Q;1361445
Key Down;Z;1361653
Key Up;Q;1361677
Key Down;D;1361860
Key Up;Z;1361924
Key Up;D;1362045
Key Down;Q;1362789
Key Up;Q;1362869
Key Down;Z;1363701
Key Up;Z;1363869
Key Down;D;1363989
Key Up;D;1364093
Key Down;S;1364164
Key Down;Q;1364589
Key Up;Q;1364821
Key Down;D;1365036
Key Up;D;1365477
Key Down;D;1365844
Key Up;D;1366284
Key Down;Q;1366349
Key Up;Q;1366461
Key Up;S;1366509
Key Down;D;1366525
Key Down;Z;1366732
Key Up;Z;1367069
Key Down;S;1367308
Key Up;D;1367364
Key Down;Q;1367565
Key Up;S;1367613
Key Up;Q;1367837
Key Down;D;1367845
Key Down;Z;1368044
Key Up;Z;1368092
Key Up;D;1368100
Key Down;Q;1368325
Key Up;Q;1368405
Key Down;E;1368749
Key Up;E;1368828
Key Down;D;1369069
Key Up;D;1369197
Key Down;Q;1369669
Key Down;S;1370157
Key Up;Q;1370205
Key Down;D;1370213
Key Up;S;1370237
Key Down;S;1370996
Key Up;S;1371101
Key Down;Z;1371309
Key Up;Z;1371452
Key Up;D;1371460
Key Down;D;1372052
Key Down;Z;1372284
Key Up;D;1372412
Key Down;D;1372509
Key Up;Z;1372821
Key Down;S;1373124
Key Up;D;1373269
Key Down;Q;1373469
Key Up;S;1373789
Key Up;Q;1374108
Key Down;D;1374397
Key Down;Z;1374877
Key Up;D;1374997
Key Down;Q;1375109
Key Up;Z;1375453
Key Down;S;1375677
Key Up;S;1376157
Key Down;Z;1377821
Key Up;Q;1377973
Key Up;Z;1378020
Key Down;S;1378653
Key Down;Q;1379164
Key Up;Q;1379349
Key Up;S;1379788
Key Down;S;1380821
Key Down;Q;1381188
Key Up;S;1381461
Key Up;Q;1382085
Key Down;D;1382573
Key Down;Z;1383221
Key Up;D;1383621
Key Down;Q;1385965
Key Up;Q;1386140
Key Down;Q;1386789
Key Up;Q;1387053
Key Down;Q;1387173
Key Up;Q;1387277
Key Up;Z;1388124
Key Down;S;1388309
Key Down;D;1388957
Key Up;D;1389348
Key Down;Q;1391452
Key Up;S;1391636
Key Down;Z;1392429
Key Up;Q;1392733
Key Down;Q;1393132
Key Up;Q;1393276
Key Down;Q;1394132
Key Up;Z;1394341
Key Up;Q;1394485
Key Down;Q;1395589
Key Up;Q;1395820
Key Down;D;1395884
Key Down;S;1396788
Key Up;D;1396812
Key Up;S;1397117
Key Down;Z;1397453
Key Down;Q;1397548
Key Up;Z;1397853
Key Down;Z;1398725
Key Up;Z;1398853
Key Up;Q;1399181
Key Down;Q;1405277
Key Down;S;1405549
Key Up;S;1405732
Key Up;Q;1405981
Key Down;Q;1406797
Key Down;S;1407140
Key Up;S;1407301
Key Up;Q;1407596
Key Down;D;1407677
Key Up;D;1407797
Key Down;Z;1408389
Key Down;Q;1408548
Key Up;Q;1408700
Key Down;Q;1408901
Key Up;Z;1409125
Key Down;D;1409212
Key Up;Q;1409252
Key Up;D;1409300
Key Down;S;1410004
Key Down;Q;1410012
Key Up;Q;1410268
Key Up;S;1410300
Key Down;S;1410644
Key Down;D;1410853
Key Up;S;1410893
Key Down;S;1411124
Key Up;S;1411292
Key Down;Z;1411549
Key Up;D;1411669
Key Down;Q;1412045
Key Up;Q;1412157
Key Down;D;1412229
Key Up;D;1412637
Key Up;Z;1413141
Key Down;Z;1414165
Key Up;Z;1414365
Key Down;Z;1414500
Key Down;Q;1414877
Key Up;Z;1414917
Key Up;Q;1415773
Key Down;S;1417892
Key Up;S;1418117
Key Down;Z;1418429
Key Down;Q;1418501
Key Up;Q;1418692
Key Down;Q;1418860
Key Up;Z;1419236
Key Up;Q;1419340
Key Down;D;1419356
Key Up;D;1419517
Key Down;D;1420445
Key Down;Z;1420517
Key Up;D;1420781
Key Down;Q;1420868
Key Up;Z;1421525
Key Up;Q;1421549
Key Down;D;1421717
Key Up;D;1421845
Key Down;Q;1422533
Key Down;Z;1422764
Key Up;Z;1422868
Key Up;Q;1422941
Key Down;D;1423053
Key Up;D;1423405
Key Down;S;1424172
Key Down;D;1424533
Key Up;D;1424692
Key Down;D;1425316
Key Up;D;1425493
Key Down;D;1426069
Key Up;D;1426204
Key Down;D;1427100
Key Up;D;1427405
Key Down;Q;1427508
Key Up;Q;1427676
Key Up;S;1427709
Key Down;D;1427901
Key Up;D;1427973
Key Down;S;1428052
Key Down;D;1428236
Key Up;S;1428308
Key Up;D;1428389
Key Down;Q;1428965
Key Up;Q;1429253
Key Down;Z;1429452
Key Down;Q;1429549
Key Up;Z;1429757
Key Up;Q;1429813
Key Down;D;1429860
Key Up;D;1430869
Key Down;S;1431005
Key Down;Q;1431196
Key Up;Q;1431884
Key Up;S;1431924
Key Down;Q;1432165
Key Up;Q;1432213
Key Down;Q;1432941
Key Down;S;1433140
Key Up;S;1433389
Key Down;S;1433405
Key Up;Q;1433452
Key Up;S;1433484
Key Down;Z;1433668
Key Down;Q;1434069
Key Up;Z;1434229
Key Down;Z;1435109
Key Up;Z;1435589
Key Up;Q;1435748
Key Down;S;1435844
Key Down;D;1435852
Key Up;S;1436117
Key Down;S;1436613
Key Up;S;1436820
Key Down;Z;1437140
Key Up;D;1438164
Key Down;Q;1438693
Key Up;Q;1438932
Key Down;Q;1440404
Key Up;Q;1440796
Key Up;Z;1441389
Key Down;E;1441660
Key Up;E;1441724
Key Down;S;1441981
Key Down;D;1442092
Key Up;D;1442332
Key Down;D;1444428
Key Up;D;1446260
Key Up;S;1446620
Key Down;Q;1446660
Key Down;Z;1446948
Key Up;Z;1447940
Key Down;S;1448221
Key Up;S;1448724
Key Up;Q;1449420
Key Down;S;1453949
Key Down;Q;1454045
Key Up;S;1454068
Key Up;Q;1454116
Key Down;Q;1457260
Key Down;S;1457284
Key Up;Q;1457965
Key Up;S;1458212
Key Down;D;1458228
Key Down;Z;1458396
Key Up;Z;1458804
Key Up;D;1459380
Key Down;D;1461828
Key Up;D;1462444
Key Down;Q;1462468
Key Up;Q;1464620
Key Down;Q;1465717
Key Up;Q;1465909
Key Down;D;1469725
Key Up;D;1469844
Key Down;Q;1471605
Key Up;Q;1471684
Key Down;D;1472108
Key Up;D;1472220
Key Down;Q;1472829
Key Up;Q;1472916
Key Down;Z;1473564
Key Up;Z;1473628
Key Down;S;1474069
Key Up;S;1474204
Key Down;D;1475068
Key Up;D;1475276
Key Down;Q;1475549
Key Up;Q;1475573
Key Down;D;1477245
Key Up;D;1477420
Key Down;D;1477532
Key Up;D;1477876
Key Down;Q;1477892
Key Up;Q;1478181
Key Down;D;1478261
Key Down;S;1478796
Key Up;S;1479172
Key Up;D;1479373
Key Down;Q;1479604
Key Down;Z;1479812
Key Up;Z;1479981
Key Up;Q;1480100
Key Down;Z;1480412
Key Up;Z;1480485
Key Down;D;1481525
Key Down;S;1481853
Key Up;D;1482148
Key Up;S;1482244
Key Down;Z;1482516
Key Down;D;1482749
Key Up;Z;1482901
Key Up;D;1482964
Key Down;Q;1485925
Key Up;Q;1485996
Key Down;D;1486260
Key Down;S;1487308
Key Up;S;1487396
Key Up;D;1487460
Key Down;Q;1487532
Key Up;Q;1487876
Key Down;Q;1488109
Key Down;S;1488348
Key Up;Q;1488436
Key Up;S;1488781
Key Down;Q;1489044
Key Down;S;1489148
Key Up;Q;1489172
Key Up;S;1489469
Key Down;D;1490244
Key Down;Z;1490252
Key Up;D;1490324
Key Up;Z;1490484
Key Down;S;1490916
Key Up;S;1490996
Key Down;D;1491277
Key Up;D;1491596
Key Down;Q;1491604
Key Up;Q;1491845
Key Down;Z;1493244
Key Up;Z;1493324
Key Down;D;1493837
Key Down;S;1493868
Key Up;S;1494108
Key Down;Z;1494389
Key Up;Z;1494556
Key Down;S;1495012
Key Up;S;1495156
Key Down;S;1496028
Key Up;D;1496421
Key Down;D;1496684
Key Up;S;1496988
Key Up;D;1497292
Key Down;Z;1497356
Key Up;Z;1497468
Key Down;Q;1497700
Key Down;Z;1498244
Key Up;Z;1498628
Key Down;S;1499629
Key Up;Q;1499716
Key Down;Q;1500460
Key Up;Q;1500837
Key Up;S;1501429
Key Down;D;1501580
Key Down;Z;1501588
Key Up;D;1501628
Key Down;D;1502453
Key Up;Z;1502988
Key Up;D;1503580
Key Down;D;1503876
Key Up;D;1504244
Key Down;D;1504300
Key Down;S;1504628
Key Up;D;1504716
Key Down;Q;1504916
Key Up;Q;1505140
Key Down;D;1505868
Key Up;D;1505988
Key Up;S;1506309
Key Down;Q;1507533
Key Up;Q;1507772
Key Down;Z;1507812
Key Down;D;1507868
Key Up;D;1508164
Key Up;Z;1508276
Key Down;Q;1517005
Key Down;Z;1517332
Key Up;Q;1517588
Key Down;Q;1517980
Key Up;Q;1518084
Key Down;D;1518276
Key Up;Z;1518292
Key Up;D;1518396
Key Down;Z;1519956
Key Down;Q;1519972
Key Up;Q;1520220
Key Up;Z;1520252
Key Down;S;1521468
Key Down;D;1521548
Key Up;D;1521717
Key Up;S;1522052
Key Down;Z;1522308
Key Down;D;1522332
Key Up;D;1522453
Key Up;Z;1522461
Key Down;Z;1522636
Key Up;Z;1522884
Key Down;Q;1523268
Key Down;Z;1523340
Key Up;Q;1523500
Key Up;Z;1523596
Key Down;S;1524284
Key Down;Q;1524308
Key Up;S;1524316
Key Down;S;1524437
Key Up;Q;1524469
Key Up;S;1524589
Key Down;Q;1525436
Key Down;Z;1525573
Key Up;Z;1526092
Key Up;Q;1526196
Key Down;D;1526860
Key Down;S;1527004
Key Up;S;1527316
Key Down;S;1527700
Key Up;S;1527932
Key Up;D;1527956
Key Down;Q;1527988
Key Up;Q;1528100
Key Down;Z;1528892
Key Down;Q;1529004
Key Up;Z;1529164
Key Up;Q;1529389
Key Down;S;1529476
Key Up;S;1529540
Key Down;Q;1530804
Key Down;Z;1530909
Key Up;Z;1531276
Key Up;Q;1531748
Key Down;D;1532844
Key Down;S;1532884
Key Up;S;1533012
Key Down;Z;1533373
Key Up;D;1533444
Key Up;Z;1533468
Key Down;Q;1533524
Key Down;Z;1533924
Key Up;Q;1534172
Key Down;D;1534460
Key Up;D;1534596
Key Down;Q;1534780
Key Up;Q;1534909
Key Down;Q;1535100
Key Up;Z;1535196
Key Up;Q;1535476
Key Down;Q;1535828
Key Up;Q;1535989
Key Down;S;1535996
Key Up;S;1536164
Key Down;S;1536340
Key Up;S;1536493
Key Down;S;1537036
Key Up;S;1537140
Key Down;Z;1537444
Key Up;Z;1537652
Key Down;S;1537884
Key Up;S;1538308
Key Down;Z;1538516
Key Up;Z;1538724
Key Down;Z;1539220
Key Up;Z;1539309
Key Down;S;1539780
Key Down;D;1539812
Key Up;D;1539948
Key Up;S;1540356
Key Down;Z;1540588
Key Down;Q;1540796
Key Up;Q;1540925
Key Up;Z;1540957
Key Down;S;1541724
Key Up;S;1541812
Key Down;S;1542308
Key Down;Q;1542740
Key Up;S;1542780
Key Down;Z;1543156
Key Up;Z;1543348
Key Down;Z;1543636
Key Up;Q;1543900
Key Up;Z;1543924
Key Down;D;1543988
Key Up;D;1543996
Key Down;D;1544708
Key Down;Z;1544876
Key Up;Z;1544916
Key Up;D;1544956
Key Down;S;1545268
Key Up;S;1545460
Key Down;Q;1545484
Key Up;Q;1545620
