Event;Key;Time
Key Down;E;5805
Key Up;E;6309
Key Down;Z;6829
Key Up;Z;7213
Key Down;Z;7605
Key Down;Q;7613
Key Up;Q;7789
Key Down;Q;7997
Key Up;Q;8397
Key Up;Z;9085
Key Down;Z;9941
Key Down;Q;10901
Key Up;Z;11214
Key Up;Q;11269
Key Down;Q;11477
Key Down;Z;11773
Key Up;Q;12101
Key Up;Z;12181
Key Down;Z;12893
Key Down;Q;12957
Key Up;Q;13205
Key Up;Z;13285
Key Down;S;13797
Key Down;D;14085
Key Up;S;14261
Key Up;D;14325
Key Down;Q;14645
Key Up;Q;14813
Key Down;Z;15314
Key Down;D;15557
Key Up;D;15686
Key Down;Q;15701
Key Up;Z;15717
Key Up;Q;15861
Key Down;Q;16341
Key Down;Z;16413
Key Up;Q;16604
Key Down;Q;16933
Key Up;Z;17173
Key Up;Q;17269
Key Down;S;17941
Key Down;D;17989
Key Up;D;18213
Key Up;S;18221
Key Down;Q;18709
Key Down;Z;18805
Key Up;Q;18813
Key Up;Z;18909
Key Down;D;19172
Key Up;D;19204
Key Down;Q;19349
Key Up;Q;19405
Key Down;Z;19652
Key Up;Z;19765
Key Down;D;20045
Key Down;S;20181
Key Up;S;20973
Key Down;Z;21397
Key Up;D;21684
Key Up;Z;21693
Key Down;Q;22117
Key Up;Q;22197
Key Down;S;22774
Key Up;S;22829
Key Down;D;22965
Key Up;D;23173
Key Down;D;24077
Key Down;Z;24357
Key Up;D;24429
Key Down;Q;24709
Key Up;Q;24869
Key Down;Q;25333
Key Up;Z;25461
Key Up;Q;25613
Key Down;S;25997
Key Down;Q;26677
Key Up;S;26933
Key Down;Z;27541
Key Up;Q;27573
Key Down;D;27774
Key Up;D;28053
Key Up;Z;28237
Key Down;Z;28709
Key Up;Z;29397
Key Down;Q;29837
Key Up;Q;29925
Key Down;D;30349
Key Down;Z;30357
Key Up;D;30469
Key Down;Q;30661
Key Up;Q;30909
Key Up;Z;30933
Key Down;D;31221
Key Up;D;31325
Key Down;Q;32061
Key Up;Q;32317
Key Down;Q;32701
Key Up;Q;33109
Key Down;D;33421
Key Down;S;33989
Key Up;S;34053
Key Down;S;34261
Key Up;D;34301
Key Up;S;34445
Key Down;S;34605
Key Up;S;34717
Key Down;Z;35365
Key Down;Q;35485
Key Up;Z;35669
Key Up;Q;35973
Key Down;D;36293
Key Down;S;36525
Key Up;D;37365
Key Up;S;37596
Key Down;Echap;37685
Key Up;Echap;37781
Key Down;Q;42677
Key Up;Q;43317
Key Down;Q;43813
Key Up;Q;44261
Key Down;S;44717
Key Down;D;45365
Key Up;D;45517
Key Up;S;45581
Key Down;Z;45805
Key Up;Z;45941
Key Down;Q;47021
Key Down;Z;47125
Key Up;Z;47637
Key Up;Q;47645
Key Down;Q;48189
Key Up;Q;48629
Key Down;D;49189
Key Down;Z;49821
Key Up;D;50077
Key Up;Z;50493
Key Down;D;51333
Key Down;Z;51349
Key Up;D;51589
Key Up;Z;52125
Key Down;D;53109
Key Up;D;53317
Key Down;Q;54597
Key Up;Q;54685
Key Down;Q;55381
Key Down;S;56037
Key Up;Q;56269
Key Up;S;56452
Key Down;D;57909
Key Down;Z;57957
Key Up;D;58541
Key Down;D;59908
Key Up;D;60436
Key Up;Z;60444
Key Down;D;61013
Key Up;D;61253
Key Down;Q;61453
Key Up;Q;61653
Key Down;Q;62277
Key Up;Q;62469
Key Down;S;62781
Key Up;S;62940
Key Down;Z;63309
Key Down;D;63405
Key Up;Z;63588
Key Up;D;63893
Key Down;Q;64069
Key Down;S;64517
Key Up;Q;64708
Key Down;Q;65149
Key Up;Q;65269
Key Down;Q;67461
Key Up;Q;68573
Key Down;Q;69045
Key Up;S;69132
Key Up;Q;69140
Key Down;Z;69317
Key Down;Q;69716
Key Up;Z;70492
Key Up;Q;70500
Key Down;S;70749
Key Up;S;71253
Key Down;S;71429
Key Down;Q;71532
Key Up;S;71572
Key Up;Q;71749
Key Down;Z;72317
Key Down;Q;72701
Key Up;Q;73132
Key Up;Z;73413
Key Down;Q;74013
Key Up;Q;74533
Key Down;D;74685
Key Down;Z;74964
Key Up;D;75045
Key Down;Q;75341
Key Up;Q;75469
Key Up;Z;75501
Key Down;S;75869
Key Down;D;75957
Key Up;D;76229
Key Down;Q;76333
Key Up;S;76573
Key Down;Z;76981
Key Up;Q;77292
Key Down;D;77716
Key Up;D;77989
Key Down;Q;77997
Key Up;Z;78013
Key Down;S;78308
Key Up;Q;78405
Key Down;D;78964
Key Up;S;79324
Key Up;D;79956
Key Down;Z;80013
Key Down;Q;80381
Key Up;Z;80421
Key Up;Q;80525
Key Down;E;80613
Key Up;E;80685
Key Down;S;80829
Key Down;D;81085
Key Up;D;81332
Key Down;Q;81397
Key Up;S;81525
Key Up;Q;81573
Key Down;Q;82117
Key Down;Z;82340
Key Up;Z;82613
Key Up;Q;82645
Key Down;Z;83405
Key Up;Z;83821
Key Down;D;84261
Key Up;D;84389
Key Down;S;84548
Key Down;Q;85029
Key Up;Q;85125
Key Up;S;85693
Key Down;Z;86085
Key Up;Z;86541
Key Down;S;93653
Key Down;D;93805
Key Up;D;93941
Key Up;S;93973
Key Down;D;94476
Key Down;S;94613
Key Up;D;94733
Key Up;S;95580
Key Down;Z;95932
Key Down;Q;96101
Key Up;Q;96237
Key Up;Z;96325
Key Down;Z;97004
Key Up;Z;97028
Key Down;Q;97052
Key Down;Z;97084
Key Up;Q;97148
Key Down;Q;97453
Key Up;Z;97493
Key Down;S;97653
Key Up;Q;97677
Key Up;S;97821
Key Down;D;98388
Key Down;S;98524
Key Up;D;98796
Key Down;D;99413
Key Up;D;99541
Key Down;D;99932
Key Up;S;100164
Key Down;S;100597
Key Up;D;100749
Key Up;S;101085
Key Down;Z;101749
Key Down;Q;101757
Key Up;Z;102221
Key Down;S;102509
Key Up;Q;102565
Key Down;D;102613
Key Up;S;102628
Key Down;S;102748
Key Up;S;103149
Key Down;Z;103309
Key Up;D;103517
Key Up;Z;103589
Key Down;S;103877
Key Down;Q;103893
Key Up;Q;104029
Key Up;S;104324
Key Down;Z;104757
Key Down;D;104853
Key Up;D;104885
Key Up;Z;105045
Key Down;S;105189
Key Up;S;105205
Key Down;D;106077
Key Up;D;106381
Key Down;S;106884
Key Down;Q;107005
Key Up;Q;107245
Key Up;S;107333
Key Down;Q;107852
Key Down;S;107940
Key Up;Q;108213
Key Up;S;108229
Key Down;Z;108445
Key Down;D;108509
Key Up;Z;108677
Key Down;Z;108941
Key Up;Z;109077
Key Down;Z;109381
Key Up;Z;109501
Key Up;D;109685
Key Down;Q;109733
Key Down;S;109997
Key Up;S;110196
Key Down;S;110437
Key Up;Q;110644
Key Up;S;110805
Key Down;D;110869
Key Up;D;110981
Key Down;Z;111429
Key Down;D;111797
Key Up;Z;111853
Key Down;S;112197
Key Up;S;112477
Key Down;S;113444
Key Up;D;113709
Key Up;S;113797
Key Down;Q;113805
Key Down;Z;114028
Key Up;Z;114253
Key Up;Q;114436
Key Down;D;115229
Key Up;D;115317
Key Down;E;116693
Key Up;E;116764
Key Down;Z;117013
Key Down;Q;117157
Key Up;Z;117436
Key Down;S;117645
Key Up;S;118005
Key Up;Q;118101
Key Down;Z;119068
Key Down;Q;119076
Key Up;Z;119636
Key Up;Q;119973
Key Down;Q;121925
Key Down;S;122260
Key Up;Q;122293
Key Up;S;122365
Key Down;D;122421
Key Down;Z;122509
Key Up;Z;122740
Key Up;D;122828
Key Down;Z;122901
Key Up;Z;123140
Key Down;Q;123164
Key Up;Q;123261
Key Down;D;123453
Key Up;D;123604
Key Down;D;123828
Key Down;S;123844
Key Up;D;124109
Key Up;S;124501
Key Down;Tab;124557
Key Up;Tab;125213
Key Down;Tab;125580
Key Down;Z;126436
Key Up;Tab;126444
Key Up;Z;126652
Key Down;Q;126677
Key Up;Q;126901
Key Down;Q;127220
Key Down;S;127533
Key Up;Q;127725
Key Up;S;127892
Key Down;Q;127957
Key Down;S;128029
Key Up;S;128181
Key Up;Q;128501
Key Down;D;128637
Key Up;D;128917
Key Down;Q;129117
Key Down;Z;129453
Key Up;Z;129533
Key Up;Q;129597
Key Down;Q;129893
Key Up;Q;129957
Key Down;Q;130820
Key Down;S;131077
Key Up;S;131541
Key Down;Z;131765
Key Up;Z;131972
Key Up;Q;132044
Key Down;D;133380
Key Down;S;133509
Key Up;D;133844
Key Up;S;134125
Key Down;Z;134285
Key Down;D;134293
Key Up;D;134565
Key Down;Q;135501
Key Up;Z;135692
Key Up;Q;135909
Key Down;S;135981
Key Up;S;136029
Key Down;D;136437
Key Down;S;136445
Key Up;D;136853
Key Down;Q;137092
Key Up;Q;137277
Key Up;S;137301
Key Down;Q;137972
Key Up;Q;138036
Key Down;D;138173
Key Down;S;138589
Key Up;D;138725
Key Up;S;139477
Key Down;Z;139677
Key Down;Q;140021
Key Up;Z;140324
Key Down;Z;140549
Key Up;Z;140828
Key Up;Q;141292
Key Down;D;141477
Key Up;D;141700
Key Down;Q;141764
Key Down;Z;141772
Key Up;Z;142292
Key Up;Q;142316
Key Down;D;142501
Key Up;D;142676
Key Down;Z;142957
Key Up;Z;143076
Key Down;Q;143309
Key Down;S;143341
Key Up;Q;144084
Key Up;S;144116
Key Down;D;144396
Key Down;Z;144412
Key Up;Z;145045
Key Up;D;145341
Key Down;S;145716
Key Down;Q;145909
Key Up;Q;146413
Key Up;S;146548
Key Down;D;146644
Key Up;D;146980
Key Down;Q;147509
Key Down;S;148196
Key Up;Q;148228
Key Up;S;148405
Key Down;S;156164
Key Down;D;156324
Key Up;D;156557
Key Up;S;156565
Key Down;Q;156613
Key Down;Z;156692
Key Up;Q;156756
Key Down;Q;156772
Key Up;Q;156820
Key Up;Z;156933
Key Down;Q;157404
Key Down;S;157460
Key Up;S;157684
Key Down;Z;158052
Key Up;Q;158485
Key Up;Z;158525
Key Down;D;158636
Key Up;D;159253
Key Down;S;159484
Key Down;Q;159613
Key Up;S;159637
Key Up;Q;159773
Key Down;Z;160028
Key Up;Z;160157
Key Down;Q;160237
Key Down;S;160389
Key Up;Q;160453
Key Down;Q;160820
Key Up;S;160997
Key Down;Z;161228
Key Up;Z;161501
Key Down;S;161964
Key Up;Q;162044
Key Down;Q;162469
Key Up;Q;162652
Key Down;D;162901
Key Up;D;163076
Key Up;S;163108
Key Down;Q;163156
Key Up;Q;163260
Key Down;D;163508
Key Up;D;163797
Key Down;Q;163916
Key Down;Z;164141
Key Up;Z;164396
Key Up;Q;164532
Key Down;Z;167485
Key Down;Q;167652
Key Up;Q;167917
Key Down;D;168100
Key Up;Z;168164
Key Up;D;168317
Key Down;S;169461
Key Down;Q;169469
Key Up;Q;169765
Key Down;D;169980
Key Up;S;170060
Key Up;D;170197
Key Down;Q;170661
Key Up;Q;171077
Key Down;D;171484
Key Down;S;172389
Key Up;S;172740
Key Up;D;172949
Key Down;Q;173101
Key Down;Z;173365
Key Up;Z;173692
Key Down;S;174037
Key Up;Q;174212
Key Up;S;174604
Key Down;D;178164
Key Down;S;178332
Key Up;S;178860
Key Down;Z;179300
Key Up;Z;179573
Key Up;D;179685
Key Down;D;181236
Key Up;D;181397
Key Down;S;182028
Key Down;Q;182060
Key Up;Q;182316
Key Up;S;182365
Key Down;Q;182668
Key Up;Q;182917
Key Down;D;183108
Key Up;D;183157
Key Down;D;183165
Key Up;D;183229
Key Down;D;183580
Key Down;Z;183588
Key Up;Z;183972
Key Down;Z;184220
Key Up;Z;184525
Key Up;D;184877
Key Down;Q;184901
Key Up;Q;184949
Key Down;Z;185164
Key Down;Q;185317
Key Up;Q;185397
Key Down;Q;185724
Key Up;Z;186244
Key Down;Z;186348
Key Up;Q;186749
Key Up;Z;186772
Key Down;D;187373
Key Down;S;187428
Key Up;D;187477
Key Up;S;187492
Key Down;Q;187845
Key Down;Z;187861
Key Up;Z;188661
Key Down;S;188964
Key Up;Q;189196
Key Down;Q;189837
Key Up;Q;189917
Key Down;D;191076
Key Up;S;191349
Key Down;Z;191644
Key Up;Z;191861
Key Up;D;192124
Key Down;D;192764
Key Up;D;192956
Key Down;Z;193940
Key Down;D;194052
Key Up;Z;194076
Key Up;D;194244
Key Down;Q;194381
Key Up;Q;194541
Key Down;S;194589
Key Down;D;194628
Key Up;D;194764
Key Up;S;194845
Key Down;Q;195052
Key Down;Z;195108
Key Up;Z;195277
Key Up;Q;195285
Key Down;D;195404
Key Up;D;195428
Key Down;D;197196
Key Down;S;197548
Key Up;D;197660
Key Up;S;197732
Key Down;D;198116
Key Up;D;198228
Key Down;Z;198244
Key Down;Q;198340
Key Up;Z;198388
Key Down;S;199133
Key Up;Q;199188
Key Up;S;199284
Key Down;D;199948
Key Down;Z;199996
Key Up;Z;200124
Key Up;D;200156
Key Down;D;201004
Key Down;S;201109
Key Up;S;201589
Key Down;Z;201773
Key Up;Z;201948
Key Up;D;202020
Key Down;Q;202220
Key Up;Q;202356
Key Down;D;202773
Key Up;D;202948
Key Down;Q;204148
Key Down;Z;204644
Key Up;Z;204940
Key Up;Q;205508
Key Down;Q;206332
Key Up;Q;206396
Key Down;D;207133
Key Down;Z;207405
Key Up;Z;207772
Key Down;Z;208789
Key Up;Z;209828
Key Up;D;209844
Key Down;S;210101
Key Down;Q;210229
Key Up;Q;211452
Key Down;Q;211532
Key Up;Q;211588
Key Up;S;211629
Key Down;Q;211908
Key Down;S;212357
Key Up;S;212612
Key Up;Q;212909
Key Down;Z;213941
Key Down;D;214068
Key Up;Z;214213
Key Down;S;214460
Key Up;S;214549
Key Up;D;214636
Key Down;S;215108
Key Down;Q;215324
Key Up;Q;215652
Key Up;S;215908
Key Down;Z;217917
Key Down;Q;218036
Key Up;Q;219125
Key Up;Z;219556
Key Down;Q;219605
Key Up;Q;219741
Key Down;D;220212
Key Down;S;220429
Key Up;D;220933
Key Up;S;222180
Key Down;Q;229812
Key Down;Z;229924
Key Up;Z;230452
Key Up;Q;230589
Key Down;S;231236
Key Down;Q;231348
Key Up;S;231836
Key Up;Q;231940
Key Down;Z;232620
Key Down;Q;232676
Key Up;Z;232804
Key Up;Q;232812
Key Down;S;232965
Key Down;D;233060
Key Up;S;233180
Key Up;D;233373
Key Down;D;233452
Key Down;Z;233572
Key Up;Z;233725
Key Up;D;233757
Key Down;Q;233940
Key Up;Q;234357
Key Down;D;234389
Key Down;Z;234564
Key Up;Z;234724
Key Up;D;234732
Key Down;Q;235188
Key Up;Q;235260
Key Down;Z;236709
Key Down;Q;236972
Key Up;Q;237084
Key Up;Z;237140
Key Down;D;237252
Key Up;D;237468
Key Down;S;238060
Key Up;S;238180
Key Down;Z;238604
Key Up;Z;238684
Key Down;S;239588
Key Down;Q;239740
Key Up;S;239772
Key Up;Q;239924
Key Down;Z;240180
Key Down;Q;240412
Key Up;Z;240596
Key Up;Q;240740
Key Down;D;241301
Key Down;S;241636
Key Up;D;241724
Key Down;Q;241972
Key Up;S;242125
Key Up;Q;242132
Key Down;Q;242228
Key Down;S;242460
Key Up;Q;242492
Key Up;S;242500
Key Down;Q;242709
Key Down;Z;243012
Key Up;Q;243132
Key Down;D;243444
Key Up;D;243836
Key Up;Z;244244
Key Down;Q;245372
Key Down;S;245636
Key Up;S;245764
Key Up;Q;245772
Key Down;Q;246004
Key Down;Z;246037
Key Up;Q;246204
Key Up;Z;246236
Key Down;D;246404
Key Down;S;246684
Key Up;D;246772
Key Up;S;246796
Key Down;Q;247708
Key Down;Z;248164
Key Up;Q;248244
Key Up;Z;248412
Key Down;Q;248636
Key Down;Z;248652
Key Up;Q;248812
Key Up;Z;249020
Key Down;D;249452
Key Down;S;249476
Key Up;S;249548
Key Up;D;249636
Key Down;Q;250004
Key Up;Q;250340
Key Down;D;250516
Key Up;D;250581
Key Down;Q;250804
Key Up;Q;251004
Key Down;D;251268
Key Down;Z;251396
Key Up;D;251412
Key Up;Z;251524
Key Down;Z;252164
Key Up;Z;252548
Key Down;S;252852
Key Down;Q;252964
Key Up;Q;253052
Key Up;S;253772
Key Down;S;254228
Key Up;S;256581
Key Down;Z;256828
Key Down;Q;259340
Key Up;Z;259564
Key Up;Q;259604
Key Down;D;263196
Key Up;D;263493
Key Down;Q;264164
Key Up;Q;264404
Key Down;Q;265500
Key Up;Q;265709
Key Down;Q;267052
Key Up;Q;267124
Key Down;Q;267492
Key Up;Q;267780
Key Down;Z;268060
Key Down;D;268068
Key Up;Z;268132
Key Up;D;268356
Key Down;Q;268717
Key Down;Z;268748
Key Up;Z;268884
Key Up;Q;268980
Key Down;Q;269276
Key Up;Q;269380
Key Down;S;269700
Key Down;Q;269708
Key Up;S;269820
Key Up;Q;270228
Key Down;S;270244
Key Up;S;270636
Key Down;D;270844
Key Down;Z;270868
Key Up;D;270940
Key Up;Z;270948
Key Down;S;271500
Key Up;S;271652
Key Down;Z;272964
Key Down;D;273052
Key Up;D;273268
Key Up;Z;273388
Key Down;Q;273564
Key Up;Q;273924
Key Down;D;274460
Key Down;S;274764
Key Up;D;274828
Key Up;S;274860
Key Down;Z;275028
Key Up;Z;275164
Key Down;D;276356
Key Up;D;276644
Key Down;Q;276837
Key Down;Z;277564
Key Up;Z;277788
Key Down;Z;278068
Key Up;Q;278076
Key Down;Q;278364
Key Up;Z;278636
Key Up;Q;278732
Key Down;Q;280932
Key Up;Q;281220
Key Down;S;281252
Key Up;S;281420
Key Down;Q;281716
Key Up;Q;282052
Key Down;Q;282669
Key Down;Z;283092
Key Up;Z;283292
Key Up;Q;283300
Key Down;D;283412
Key Up;D;283548
Key Down;D;283668
Key Down;S;283796
Key Up;S;284092
Key Down;Z;284420
Key Up;Z;284708
Key Down;S;285396
Key Up;S;285972
Key Down;S;286460
Key Up;D;286780
Key Down;Q;286876
Key Up;S;287012
Key Up;Q;287060
Key Down;D;287412
Key Down;Z;287508
Key Up;Z;287740
Key Down;Z;288764
Key Up;Z;288860
Key Down;S;289068
Key Up;D;289100
Key Down;Q;289644
Key Up;Q;289748
Key Up;S;292037
Key Down;D;292124
Key Down;Z;292556
Key Up;Z;293300
Key Down;S;294004
Key Up;S;294100
Key Down;Z;295020
Key Up;Z;295308
Key Up;D;295860
Key Down;S;297499
Key Up;S;298276
Key Down;Q;298476
Key Down;S;298572
Key Up;Q;298900
Key Up;S;299084
Key Down;Z;299348
Key Up;Z;299748
Key Down;S;300100
Key Down;D;300588
Key Up;S;300820
Key Up;D;301068
Key Down;Z;301268
Key Up;Z;301388
Key Down;Q;301508
Key Up;Q;301732
Key Down;D;302172
Key Up;D;302668
Key Down;Q;302732
Key Up;Q;302908
Key Down;Q;303460
Key Up;Q;303907
Key Down;D;304196
Key Up;D;304900
Key Down;Z;319484
Key Down;D;319668
Key Up;Z;319916
Key Up;D;320028
Key Down;S;320804
Key Down;D;320908
Key Up;S;321092
Key Up;D;321348
Key Down;Q;321924
Key Down;Z;322115
Key Up;Q;322308
Key Up;Z;322316
Key Down;Z;322828
Key Down;Q;322972
Key Up;Q;323148
Key Down;D;323308
Key Up;Z;323395
Key Up;D;323468
Key Down;S;323820
Key Down;D;323868
Key Up;S;324092
Key Down;Z;324355
Key Up;D;325324
Key Down;Q;325484
Key Up;Q;325716
Key Down;Q;325996
Key Up;Z;326131
Key Down;S;326620
Key Up;Q;326835
Key Down;D;326924
Key Up;S;326996
Key Down;S;327315
Key Up;S;327780
Key Down;S;328380
Key Up;S;328740
Key Down;Z;329116
Key Up;Z;329203
Key Up;D;329364
Key Down;Q;329956
Key Up;Q;330019
Key Down;Q;330292
Key Up;Q;330772
Key Down;D;330844
Key Up;D;331028
Key Down;Q;331300
Key Down;S;331684
Key Up;Q;331908
Key Down;Q;332084
Key Up;S;332212
Key Up;Q;333180
Key Down;D;333652
Key Up;D;334092
Key Down;Q;334908
Key Down;S;335251
Key Up;S;335412
Key Up;Q;335444
Key Down;D;336116
Key Down;S;336540
Key Up;D;336659
Key Up;S;337572
Key Down;Z;337740
Key Down;D;338051
Key Up;Z;338092
Key Down;Z;338396
Key Up;Z;338524
Key Up;D;338588
Key Down;Q;339780
Key Up;Q;340108
Key Down;D;340428
Key Up;D;340924
Key Down;Q;341323
Key Up;Q;341740
Key Down;D;342188
Key Up;D;342380
Key Down;Z;342908
Key Down;Q;343060
Key Up;Q;343188
Key Down;Q;343420
Key Up;Z;343876
Key Up;Q;344036
Key Down;S;344084
Key Up;S;344780
Key Down;Z;345012
Key Up;Z;345532
Key Down;Z;345884
Key Down;D;345908
Key Up;Z;346116
Key Up;D;346140
Key Down;Q;347100
Key Up;Q;347227
Key Down;S;347420
Key Up;S;347468
Key Down;D;347756
Key Down;S;347796
Key Up;S;348036
Key Up;D;348155
Key Down;Q;348260
Key Up;Q;348372
Key Down;S;348924
Key Down;D;349052
Key Up;S;349084
Key Down;S;349340
Key Up;D;349460
Key Up;S;349468
Key Down;D;350188
Key Down;S;350316
Key Up;S;350467
Key Up;D;350483
Key Down;Q;350596
Key Down;S;351195
Key Up;S;351332
Key Up;Q;351484
Key Down;Z;352036
Key Down;D;352564
Key Up;D;352860
Key Up;Z;353220
Key Down;D;353268
Key Down;S;353859
Key Up;D;353875
Key Down;Q;353891
Key Up;S;353972
Key Down;S;354284
Key Up;Q;354852
Key Up;S;355644
Key Down;Z;356004
Key Down;Q;356100
Key Up;Q;356588
Key Up;Z;356700
Key Down;Z;357052
Key Up;Z;357124
Key Down;Q;357140
Key Up;Q;357243
Key Down;D;358035
Key Up;D;358180
Key Down;Z;358476
Key Down;D;358660
Key Up;Z;359075
Key Up;D;359492
Key Down;Q;359724
Key Down;S;359948
Key Up;Q;360324
Key Up;S;360364
Key Down;Z;361076
Key Up;Z;361211
Key Down;Z;361492
Key Up;Z;361643
Key Down;Q;362604
Key Up;Q;362772
Key Down;D;362956
Key Down;Z;363011
Key Up;D;363115
Key Up;Z;363236
Key Down;Q;363276
Key Up;Q;363532
Key Down;Q;363628
Key Up;Q;363803
Key Down;D;364076
Key Up;D;364140
Key Down;D;364907
Key Down;S;365388
Key Up;D;365476
Key Up;S;365484
Key Down;Q;365651
Key Down;Z;365860
Key Up;Z;366004
Key Up;Q;366292
Key Down;D;366460
Key Down;S;366684
Key Up;D;367635
Key Down;Q;367756
Key Up;Q;367948
Key Up;S;368004
Key Down;D;368364
Key Down;S;368380
Key Up;S;368764
Key Up;D;369132
Key Down;S;369180
Key Down;Q;369268
Key Up;Q;369460
Key Up;S;369612
Key Down;Q;369644
Key Down;Z;369835
Key Up;Z;369939
Key Up;Q;370132
Key Down;S;370500
Key Down;Q;370732
Key Up;Q;371500
Key Down;D;371636
Key Up;D;372012
Key Down;Q;372060
Key Up;S;372124
Key Up;Q;372228
Key Down;S;372387
Key Up;S;372427
Key Down;Z;372556
Key Down;D;373204
Key Up;Z;373347
Key Down;S;373876
Key Up;S;373915
Key Down;S;374324
Key Up;D;374684
Key Down;Q;374924
Key Up;S;375300
Key Down;Z;375660
Key Up;Z;376148
Key Down;Z;376356
Key Up;Q;376451
Key Down;D;376596
Key Up;Z;376851
Key Down;S;377900
Key Up;D;378012
Key Down;Q;378484
Key Up;S;378699
Key Down;S;379028
Key Up;S;379124
Key Up;Q;379283
Key Down;D;379892
Key Down;S;379947
Key Up;S;380100
Key Up;D;380156
Key Down;S;380755
Key Up;S;380868
Key Down;D;381235
Key Up;D;381412
Key Down;Q;381428
Key Up;Q;381596
Key Down;S;382044
Key Up;S;382092
Key Down;D;382267
Key Down;Z;382315
Key Up;D;382540
Key Up;Z;382715
Key Down;S;383468
Key Up;S;383500
Key Down;S;384011
Key Down;Q;384171
Key Up;Q;384500
Key Up;S;384524
Key Down;S;384867
Key Up;S;385116
Key Down;Q;385299
Key Up;Q;385468
Key Down;Q;385652
Key Up;Q;386244
Key Down;D;386396
Key Down;S;386556
Key Up;D;387419
Key Down;Q;387548
Key Up;Q;387755
Key Down;Q;388171
Key Up;Q;388324
Key Up;S;388683
Key Down;Z;389587
Key Down;Q;389739
Key Up;Q;390988
Key Down;D;391723
Key Up;D;392332
Key Up;Z;392540
Key Down;Q;392644
Key Up;Q;392715
Key Down;S;392876
Key Down;D;393075
Key Up;D;393276
Key Up;S;393371
Key Down;S;394036
Key Up;S;394579
Key Down;S;401316
Key Down;D;401508
Key Up;S;401700
Key Down;Z;402115
Key Up;Z;402396
Key Up;D;402476
Key Down;Q;402676
Key Up;Q;403043
Key Down;D;404052
Key Up;D;404388
Key Down;Q;404427
Key Down;D;404788
Key Down;S;404828
Key Up;Q;404836
Key Up;S;404908
Key Up;D;404987
Key Down;Q;405396
Key Up;Q;405547
Key Down;Q;405756
Key Up;Q;405884
Key Down;S;406140
Key Up;S;406324
Key Down;Q;407268
Key Up;Q;407435
Key Down;D;407740
Key Down;Z;407756
Key Up;D;407932
Key Up;Z;407972
Key Down;Z;408732
Key Down;Q;408923
Key Up;Q;409115
Key Up;Z;409252
Key Down;Q;409308
Key Up;Q;409420
Key Down;S;409780
Key Down;D;409851
Key Up;D;410315
Key Up;S;410684
Key Down;Z;410939
Key Down;D;410955
Key Up;Z;410995
Key Up;D;411172
Key Down;Q;411188
Key Down;Z;411260
Key Up;Q;411747
Key Up;Z;411876
Key Down;D;412468
Key Up;D;412643
Key Down;Q;412675
Key Up;Q;412731
Key Down;D;413051
Key Down;S;413132
Key Up;D;413308
Key Down;D;413547
Key Up;S;413579
Key Up;D;413635
Key Down;Z;413876
Key Down;Q;413923
Key Up;Z;414419
Key Up;Q;414612
Key Down;D;415067
Key Down;S;415387
Key Up;S;415491
Key Up;D;415508
Key Down;S;415843
Key Down;D;415859
Key Up;S;416140
Key Up;D;416148
Key Down;Q;416195
Key Up;Q;416492
Key Down;S;422860
Key Down;D;422972
Key Up;D;423363
Key Down;D;423604
Key Up;D;423963
Key Down;Q;425147
Key Up;S;425163
Key Down;Z;425532
Key Up;Z;425819
Key Down;Z;426139
Key Up;Z;426332
Key Up;Q;426700
Key Down;Q;429596
Key Down;S;429907
Key Up;S;430651
Key Up;Q;430987
Key Down;S;431035
Key Up;S;431236
Key Down;Z;431947
Key Up;Z;432123
Key Down;Q;432811
Key Down;S;433051
Key Up;S;433252
Key Up;Q;433364
Key Down;Z;433563
Key Up;Z;433739
Key Down;Q;434011
Key Down;Z;434107
Key Up;Z;434420
Key Down;S;435123
Key Up;S;435412
Key Up;Q;435508
Key Down;Q;435755
Key Down;Z;435859
Key Up;Q;436027
Key Up;Z;436036
Key Down;D;436667
Key Up;D;436851
Key Down;Q;437123
Key Down;S;437324
Key Up;S;437340
Key Down;S;437555
Key Up;Q;437820
Key Down;D;437995
Key Up;S;438051
Key Down;Z;438284
Key Up;D;438395
Key Up;Z;438523
Key Down;D;438740
Key Down;Z;439035
Key Up;D;439107
Key Up;Z;439115
Key Down;Q;439203
Key Down;S;439484
Key Up;Q;439699
Key Down;D;439811
Key Up;S;439859
Key Down;Z;440036
Key Up;Z;440580
Key Down;Z;441595
Key Up;Z;442500
Key Down;S;442692
Key Up;D;443283
Key Down;Q;443892
Key Up;Q;444075
Key Down;D;445052
Key Up;S;445275
Key Up;D;445315
Key Down;D;445860
Key Up;D;446139
Key Down;Z;446163
Key Up;Z;446276
Key Down;Z;447172
Key Up;Z;447363
Key Down;S;447883
Key Up;S;447948
Key Down;S;448835
Key Down;D;448899
Key Up;S;449220
Key Up;D;449228
Key Down;S;449691
Key Up;S;450036
Key Down;Q;450044
Key Up;Q;450371
Key Down;D;450451
Key Up;D;450620
Key Down;S;450923
Key Up;S;450979
Key Down;Q;450987
Key Down;Z;451220
Key Up;Q;451244
Key Down;D;451387
Key Up;D;451652
Key Down;Q;451924
Key Up;Q;452123
Key Down;Q;452523
Key Up;Z;452955
Key Down;Z;453204
Key Up;Q;453419
Key Down;D;454396
Key Up;D;454652
Key Up;Z;454908
Key Down;Z;455139
Key Up;Z;455267
Key Down;D;455275
Key Down;Z;456268
Key Up;D;457107
Key Down;Q;457788
Key Up;Z;458404
Key Down;S;458659
Key Up;S;458956
Key Up;Q;459020
Key Down;Echap;459331
Key Up;Echap;459443
Key Down;Q;466371
Key Down;Z;466547
Key Up;Q;466676
Key Up;Z;466684
Key Down;D;467003
Key Down;S;467051
Key Up;D;467243
Key Up;S;467532
Key Down;Q;467811
Key Up;Q;468003
Key Down;S;468027
Key Up;S;468116
Key Down;D;469628
Key Down;Z;469732
Key Up;D;469835
Key Up;Z;469923
Key Down;D;470235
Key Down;Z;470332
Key Up;D;470364
Key Down;Q;470475
Key Up;Z;470700
Key Down;Z;471011
Key Up;Z;471347
Key Down;Z;471612
Key Up;Z;471707
Key Down;Z;472475
Key Up;Q;472628
Key Down;Q;472795
Key Up;Z;472995
Key Down;S;473515
Key Up;Q;473684
Key Down;D;473819
Key Up;D;473932
Key Down;Q;474219
Key Up;S;474779
Key Up;Q;475340
Key Down;Z;475843
Key Down;Q;475995
Key Up;Z;476011
Key Up;Q;476164
Key Down;D;476228
Key Down;Z;477140
Key Up;Z;477291
Key Down;Z;477468
Key Up;D;477572
Key Down;Q;478060
Key Up;Z;478340
Key Down;Z;478476
Key Up;Q;478627
Key Down;Q;479147
Key Up;Z;479203
Key Up;Q;479259
Key Down;Z;479483
Key Up;Z;479692
Key Down;Q;479852
Key Down;S;480011
Key Up;Q;480236
Key Up;S;480395
Key Down;Q;480995
Key Up;Q;481100
Key Down;Z;481227
Key Up;Z;481787
Key Down;D;481948
Key Down;S;482020
Key Up;D;482883
Key Down;Q;483611
Key Up;Q;483899
Key Up;S;484123
Key Down;Q;485171
Key Down;S;485291
Key Up;Q;485363
Key Down;D;485643
Key Up;D;485812
Key Up;S;485932
Key Down;Z;486843
Key Up;Z;486931
Key Down;Q;487891
Key Up;Q;488228
Key Down;D;488403
Key Up;D;488587
Key Down;Q;491515
Key Up;Q;491844
Key Down;S;493291
Key Down;Q;493547
Key Up;Q;493595
Key Up;S;493627
Key Down;D;493788
Key Down;Z;493820
Key Up;D;493916
Key Down;D;494123
Key Up;Z;494267
Key Down;S;494547
Key Up;D;494603
Key Up;S;494827
Key Down;Q;495355
Key Down;S;495755
Key Up;Q;495891
Key Down;Q;496204
Key Up;Q;496612
Key Up;S;497435
Key Down;Z;497763
Key Down;D;497859
Key Up;D;498051
Key Down;Q;498331
Key Up;Z;498435
Key Up;Q;498604
Key Down;Q;498668
Key Up;Q;498716
Key Down;D;498915
Key Up;D;499252
Key Down;Z;499739
Key Up;Z;499955
Key Down;D;500180
Key Down;Z;500227
Key Up;D;500315
Key Up;Z;501075
Key Down;D;501323
Key Down;S;501540
Key Up;D;501556
Key Up;S;501667
Key Down;S;502027
Key Up;S;502067
Key Down;Q;502555
Key Up;Q;502748
Key Down;Z;502764
Key Down;D;502963
Key Up;Z;503187
Key Up;D;503195
Key Down;Q;503772
Key Down;S;503971
Key Up;Q;504067
Key Down;Q;504388
Key Up;S;504451
Key Down;S;504507
Key Up;S;504675
Key Up;Q;504747
Key Down;S;504892
Key Down;Q;504963
Key Up;Q;505459
Key Up;S;505579
Key Down;S;505660
Key Up;S;505779
Key Down;Z;506115
Key Down;D;506147
Key Up;D;506451
Key Up;Z;506667
Key Down;E;507611
Key Up;E;507691
Key Down;S;508396
Key Down;D;508611
Key Up;D;508795
Key Up;S;508996
Key Down;Q;509075
Key Down;S;509308
Key Up;Q;509627
Key Up;S;509731
Key Down;D;509947
Key Down;S;510491
Key Up;D;510531
Key Down;Q;510547
Key Up;Q;510700
Key Up;S;510788
Key Down;Z;511483
Key Up;Z;511627
Key Down;Z;513083
Key Down;Q;513171
Key Up;Z;513507
Key Down;S;513652
Key Up;Q;513867
Key Up;S;513899
Key Down;D;514179
Key Down;S;514571
Key Up;D;514779
Key Up;S;515148
Key Down;Q;527659
Key Down;Z;527739
Key Up;Z;527899
Key Up;Q;527971
Key Down;Q;528307
Key Up;Q;528852
Key Down;Z;529012
Key Up;Z;529235
Key Down;Z;529515
Key Down;Q;529795
Key Up;Z;529843
Key Up;Q;529955
Key Down;D;530228
Key Down;S;530251
Key Up;S;530499
Key Up;D;530707
Key Down;Z;531556
Key Down;D;531604
Key Up;D;531723
Key Down;Q;531891
Key Up;Z;531939
Key Up;Q;531955
Key Down;Z;532299
Key Down;D;532371
Key Up;D;532475
Key Down;Q;532651
Key Up;Z;532763
Key Down;Z;533243
Key Up;Q;533323
Key Up;Z;533755
Key Down;D;534163
Key Down;S;534508
Key Up;D;534675
Key Down;Q;535059
Key Up;Q;535267
Key Up;S;535323
Key Down;D;535867
Key Down;Z;536196
Key Up;Z;536427
Key Down;S;537395
Key Up;S;537515
Key Up;D;537923
Key Down;S;538363
Key Down;Q;538395
Key Up;S;538611
Key Down;Z;538875
Key Up;Z;539107
Key Down;Z;539875
Key Up;Q;541163
Key Down;Q;541739
Key Up;Q;541883
Key Down;D;542260
Key Up;D;542491
Key Up;Z;542515
Key Down;Q;544507
Key Down;Z;544611
Key Up;Z;544747
Key Up;Q;545515
Key Down;D;545763
Key Down;S;546387
Key Up;D;546691
Key Down;Q;549132
Key Up;S;549227
Key Down;Z;549483
Key Up;Z;549659
Key Up;Q;549715
Key Down;Q;550203
Key Up;Q;550267
Key Down;D;550483
Key Down;Z;550931
Key Up;Z;551019
Key Up;D;551035
Key Down;D;552556
Key Up;D;552675
Key Down;D;552883
Key Up;D;552923
Key Down;Z;553259
Key Up;Z;553395
Key Down;S;553595
Key Down;Q;553699
Key Up;S;553851
Key Down;S;553915
Key Up;S;554043
Key Down;Z;554227
Key Up;Z;554411
Key Up;Q;554443
Key Down;Q;555019
Key Up;Q;555195
Key Down;Z;556091
Key Down;D;556115
Key Up;D;556291
Key Down;Q;556507
Key Up;Z;556659
Key Down;Z;556939
Key Up;Z;557043
Key Down;S;557331
Key Up;S;557363
Key Down;S;557603
Key Up;Q;557643
Key Up;S;557716
Key Down;D;557795
Key Up;D;558011
Key Down;Z;558275
Key Up;Z;558419
Key Down;S;558843
Key Up;S;558963
Key Down;S;559164
Key Up;S;559931
Key Down;Q;563867
Key Down;Z;563987
Key Up;Z;564059
Key Up;Q;565155
Key Down;D;566499
Key Down;Z;566707
Key Up;Z;566907
Key Up;D;567139
Key Down;S;567515
Key Up;S;567644
Key Down;S;568811
Key Up;S;569027
Key Down;Q;569467
Key Down;Z;569635
Key Up;Z;569731
Key Down;Z;569883
Key Up;Q;569915
Key Up;Z;569979
Key Down;D;569986
Key Up;D;570091
Key Down;Q;570715
Key Down;S;570986
Key Up;S;571235
Key Down;D;571715
Key Up;Q;571723
Key Up;D;571811
Key Down;D;571963
Key Up;D;572315
Key Down;D;572587
Key Down;Z;572643
Key Up;D;572763
Key Up;Z;572771
Key Down;Q;573387
Key Up;Q;573987
Key Down;D;574147
Key Down;Z;574227
Key Up;D;574323
Key Down;Q;574587
Key Up;Z;574667
Key Up;Q;574763
Key Down;D;575043
Key Down;S;575139
Key Up;D;575147
Key Down;Q;575267
Key Up;S;575451
Key Up;Q;575531
Key Down;S;575571
Key Down;D;575995
Key Up;D;576307
Key Down;Q;576323
Key Up;S;576379
Key Down;Z;576603
Key Up;Z;576955
Key Down;Z;577867
Key Up;Z;577907
Key Up;Q;578027
Key Down;D;578139
Key Down;S;578291
Key Up;D;578595
Key Down;D;579291
Key Up;D;579675
Key Up;S;579835
Key Down;S;580067
Key Up;S;580115
Key Down;D;580195
Key Down;Z;580555
Key Up;Z;580739
Key Up;D;580979
Key Down;S;581435
Key Down;D;581931
Key Up;D;582027
Key Up;S;582203
Key Down;Q;582403
Key Up;Q;582531
Key Down;Z;582643
Key Down;D;582915
Key Up;Z;582923
Key Down;S;583067
Key Up;D;583179
Key Up;S;583323
Key Down;Z;583515
Key Down;D;583539
Key Up;D;583803
Key Down;Q;583843
Key Up;Q;584795
Key Down;Q;585035
Key Up;Z;586179
Key Down;S;586458
Key Up;S;586763
Key Down;S;587083
Key Up;S;587427
Key Up;Q;587771
Key Down;Q;587971
Key Down;Z;588203
Key Up;Q;588259
Key Up;Z;588283
Key Down;S;588795
Key Up;S;588859
Key Down;Z;589139
Key Down;Q;589163
Key Up;Q;589243
Key Down;Q;589355
Key Up;Q;589451
Key Down;Q;589651
Key Up;Q;589803
Key Up;Z;590203
Key Down;Q;592531
Key Up;Q;592619
Key Down;S;592739
Key Up;S;592851
Key Down;Z;593835
Key Down;D;593939
Key Up;D;594067
Key Down;Q;594139
Key Up;Q;594355
Key Up;Z;594379
Key Down;D;594419
Key Down;S;594851
Key Up;S;595051
Key Down;S;595203
Key Up;D;595227
Key Down;Q;596027
Key Up;Q;596731
Key Up;S;596891
Key Down;Q;597435
Key Down;Z;597883
Key Up;Z;598442
Key Down;Z;599018
Key Up;Q;600091
Key Up;Z;600451
Key Down;D;600722
Key Up;D;600851
Key Down;S;601179
Key Down;D;601659
Key Up;S;601923
Key Up;D;602155
Key Down;D;609147
Key Down;Z;609179
Key Up;D;609339
Key Up;Z;609347
Key Down;D;609675
Key Down;Z;609691
Key Up;Z;610027
Key Up;D;610203
Key Down;Q;610419
Key Up;Q;610523
Key Down;D;610922
Key Down;Z;611059
Key Up;Z;611211
Key Up;D;611571
Key Down;Q;611746
Key Up;Q;612283
Key Down;S;612619
Key Up;S;612747
Key Down;Q;612827
Key Up;Q;612883
Key Down;Z;613026
Key Down;Q;613315
Key Up;Q;613379
Key Down;D;613859
Key Up;Z;613987
Key Up;D;613995
Key Down;Q;614675
Key Down;Z;614763
Key Up;Q;615003
Key Down;Q;615291
Key Up;Q;615715
Key Up;Z;615739
Key Down;D;617843
Key Up;D;618523
Key Down;S;618546
Key Down;D;618554
Key Up;S;618763
Key Up;D;618875
Key Down;S;619275
Key Down;Q;619387
Key Up;Q;619499
Key Up;S;619595
Key Down;D;619682
Key Down;S;619931
Key Up;S;620059
Key Up;D;620107
Key Down;D;620803
Key Down;Z;621443
Key Up;D;621539
Key Down;Q;621571
Key Up;Z;621827
Key Up;Q;621843
Key Down;S;622259
Key Down;Q;622339
Key Up;S;622411
Key Down;Z;622587
Key Up;Q;622675
Key Down;Q;623026
Key Up;Q;623139
Key Up;Z;623195
Key Down;D;623211
Key Down;Z;623539
Key Up;D;623827
Key Up;Z;623898
Key Down;D;624627
Key Up;D;624715
Key Down;Q;625443
Key Down;S;625459
Key Up;S;625651
Key Down;Z;625899
Key Up;Q;625946
Key Up;Z;626195
Key Down;D;627203
Key Down;Z;627531
Key Up;D;627619
Key Up;Z;627651
Key Down;S;628059
Key Down;Q;628147
Key Up;S;628531
Key Down;Z;628771
Key Up;Q;628819
Key Up;Z;628955
Key Down;D;629299
Key Down;Z;629651
Key Up;D;629771
Key Up;Z;629819
Key Down;S;630219
Key Down;Q;630363
Key Up;Q;630603
Key Up;S;630707
Key Down;Q;630923
Key Down;Z;631154
Key Up;Q;631170
Key Up;Z;631371
Key Down;D;631690
Key Up;D;632147
Key Down;Z;632827
Key Up;Z;633075
Key Down;Z;633715
Key Down;D;633731
Key Up;Z;633771
Key Up;D;633819
Key Down;Q;633867
Key Down;S;633923
Key Up;Q;634034
Key Down;Q;634434
Key Up;Q;634731
Key Down;Q;634891
Key Up;S;634963
Key Down;Z;635083
Key Up;Q;635155
Key Down;Q;635243
Key Up;Q;635314
Key Down;D;635443
Key Up;Z;635563
Key Down;Z;635770
Key Up;Z;635835
Key Down;S;635971
Key Up;D;636003
Key Up;S;636258
Key Down;Z;636371
Key Up;Z;636915
Key Down;Z;637155
Key Down;Q;637475
Key Up;Q;637842
Key Down;D;637899
Key Up;Z;638011
Key Down;Z;638298
Key Up;D;638595
Key Down;Q;638707
Key Up;Q;638890
Key Up;Z;639227
Key Down;S;639371
Key Up;S;639707
Key Down;D;639715
Key Down;S;639787
Key Up;D;639835
Key Down;D;639874
Key Up;D;640299
Key Down;Q;640451
Key Up;S;640642
Key Up;Q;640779
Key Down;Z;642299
Key Up;Z;642355
Key Down;S;643547
Key Down;Q;644258
Key Up;Q;644595
Key Down;Q;644754
Key Up;Q;644915
Key Down;Q;645298
Key Up;S;645387
Key Up;Q;645531
Key Down;S;645794
Key Down;D;645947
Key Up;S;646451
Key Up;D;646682
Key Down;Q;646690
Key Up;Q;646786
Key Down;Z;646818
Key Down;D;646867
Key Up;D;647003
Key Up;Z;647579
Key Down;D;648698
Key Up;D;650026
Key Down;S;650154
Key Down;Q;650178
Key Up;Q;650643
Key Up;S;650722
Key Down;Q;650842
Key Down;Z;651107
Key Up;Q;651411
Key Up;Z;651483
Key Down;S;659731
Key Up;S;660683
Key Down;Z;661019
Key Up;Z;661210
Key Down;D;661499
Key Down;S;661563
Key Up;D;661731
Key Down;Q;662267
Key Up;S;662467
Key Up;Q;662651
Key Down;D;662835
Key Up;D;662923
Key Down;Q;663170
Key Down;S;663643
Key Up;Q;663922
Key Down;Q;664290
Key Up;S;664683
Key Up;Q;664867
Key Down;D;665242
Key Up;D;665355
Key Down;Z;665954
Key Down;Q;666074
Key Up;Z;666194
Key Up;Q;666226
Key Down;Z;667202
Key Up;Z;667307
Key Down;Q;667475
Key Up;Q;667595
Key Down;D;668146
Key Down;S;668363
Key Up;S;668435
Key Up;D;668491
Key Down;D;668915
Key Down;Z;668994
Key Up;D;669090
Key Up;Z;669123
Key Down;S;669283
Key Up;S;669962
Key Down;Q;669986
Key Down;Z;670203
Key Up;Z;670227
Key Down;S;670562
Key Up;Q;670602
Key Down;D;670811
Key Up;D;671002
Key Up;S;671355
Key Down;Q;673619
Key Down;S;674498
Key Up;Q;674530
Key Up;S;674730
Key Down;Z;675011
Key Down;D;675123
Key Up;D;675171
Key Up;Z;675203
Key Down;Z;675347
Key Down;D;675419
Key Up;Z;675483
Key Up;D;676706
Key Down;Q;676738
Key Down;Z;676803
Key Up;Q;676835
Key Down;D;676939
Key Up;Z;677019
Key Down;Z;677266
Key Up;D;677363
Key Up;Z;677427
Key Down;S;678258
Key Down;D;678362
Key Up;D;678483
Key Down;Q;678835
Key Up;S;678883
Key Down;Z;679650
Key Up;Z;679754
Key Up;Q;679891
Key Down;Q;680219
Key Down;S;680683
Key Up;Q;680755
Key Up;S;681731
Key Down;Z;681946
Key Up;Z;682099
Key Down;S;682227
Key Down;D;682842
Key Up;D;683002
Key Up;S;683211
Key Down;Z;683691
Key Up;Z;683842
Key Down;D;683866
Key Down;Z;684266
Key Up;Z;684539
Key Up;D;684883
Key Down;Q;685419
Key Down;S;685467
Key Up;S;685587
Key Down;Z;685819
Key Up;Q;686323
Key Up;Z;686402
Key Down;Q;687194
Key Down;S;687451
Key Up;Q;687562
Key Up;S;687923
Key Down;D;691947
Key Down;S;692107
Key Up;D;692258
Key Up;S;692706
Key Down;D;692722
Key Up;D;692843
Key Down;D;693178
Key Down;S;693507
Key Up;S;693795
Key Up;D;693874
Key Down;D;693898
Key Up;D;693978
Key Down;Z;694163
Key Up;Z;694283
Key Down;S;694706
Key Down;D;694867
Key Up;S;694899
Key Up;D;695514
Key Down;Q;695851
Key Down;Z;695930
Key Up;Q;696043
Key Up;Z;696547
Key Down;D;698538
Key Down;Z;699731
Key Up;Z;700659
Key Up;D;700811
Key Down;D;701338
Key Up;D;701619
Key Down;D;702451
Key Up;D;702547
Key Down;S;702603
Key Up;S;702835
Key Down;Q;702987
Key Up;Q;703331
Key Down;D;703459
Key Down;Z;704122
Key Up;D;704154
Key Up;Z;704186
Key Down;D;704907
Key Down;Z;705106
Key Up;D;705243
Key Up;Z;705467
Key Down;Q;705842
Key Up;Q;705931
Key Down;Z;706242
Key Down;D;706427
Key Up;D;706539
Key Up;Z;706666
Key Down;Q;706682
Key Up;Q;706706
Key Down;S;706859
Key Down;Q;707178
Key Up;Q;707395
Key Up;S;707482
Key Down;Q;707683
Key Down;Z;707755
Key Up;Q;707978
Key Down;Q;708234
Key Up;Q;708338
Key Up;Z;708386
Key Down;S;709242
Key Up;S;709522
Key Down;S;710043
Key Down;D;710051
Key Up;D;710210
Key Up;S;710266
Key Down;Q;710338
Key Up;Q;710547
Key Down;D;710931
Key Up;D;711379
Key Down;S;711467
Key Up;S;711546
Key Down;Q;711658
Key Up;Q;711706
Key Down;Z;711995
Key Up;Z;712114
Key Down;Q;712202
Key Up;Q;712283
Key Down;Z;713531
Key Up;Z;714186
Key Down;D;714218
Key Down;Z;714267
Key Up;Z;714347
Key Down;Z;714547
Key Up;D;714674
Key Up;Z;715146
Key Down;S;715562
Key Down;D;716411
Key Up;D;716906
Key Up;S;716987
Key Down;Q;717234
Key Up;Q;717362
Key Down;Q;719339
Key Up;Q;719530
Key Down;D;720490
Key Down;S;720690
Key Up;S;720875
Key Up;D;721754
Key Down;Q;721906
Key Up;Q;722251
Key Down;D;722418
Key Up;D;722778
Key Down;E;722947
Key Up;E;723042
Key Down;Q;723162
Key Down;Z;725426
Key Up;Z;725723
Key Down;S;726666
Key Up;Q;726867
Key Down;Q;727979
Key Up;S;728019
Key Down;Z;728954
Key Up;Z;729147
Key Up;Q;729299
Key Down;D;730971
Key Down;S;731258
Key Up;D;731474
Key Down;Q;731754
Key Up;S;731866
Key Down;Z;732091
Key Up;Q;732242
Key Down;Q;732506
Key Up;Q;732675
Key Up;Z;732715
Key Down;Q;733459
Key Up;Q;733835
Key Down;S;739643
Key Down;D;739810
Key Up;S;739979
Key Up;D;740418
Key Down;Q;741786
Key Up;Q;742275
Key Down;Q;742627
Key Down;Z;742707
Key Up;Z;742787
Key Up;Q;742811
Key Down;D;743554
Key Down;Z;744794
Key Up;Z;745058
Key Up;D;745650
Key Down;D;745930
Key Up;D;746218
Key Down;S;746234
Key Down;Q;746570
Key Up;Q;746755
Key Up;S;747050
Key Down;Z;747235
Key Down;Q;747394
Key Up;Q;747651
Key Down;D;747810
Key Up;D;748123
Key Down;Q;748202
Key Up;Z;748587
Key Up;Q;748890
Key Down;S;748898
Key Down;Q;749098
Key Up;S;749274
Key Down;S;749571
Key Up;Q;749707
Key Up;S;750354
Key Down;Z;750562
Key Up;Z;750722
Key Down;D;750754
Key Down;S;750955
Key Up;D;750963
Key Down;D;751210
Key Up;S;751226
Key Down;Z;751619
Key Up;Z;751811
Key Up;D;752050
Key Down;D;752274
Key Up;D;752498
Key Down;Q;752834
Key Down;Z;752914
Key Up;Q;753059
Key Up;Z;753162
Key Down;D;753234
Key Down;S;753442
Key Up;S;754091
Key Down;Z;754602
Key Up;Z;754755
Key Down;Z;755034
Key Up;D;755147
Key Up;Z;755307
Key Down;S;755458
Key Down;D;755570
Key Up;D;755586
Key Down;D;755675
Key Up;S;755778
Key Up;D;755810
Key Down;D;755818
Key Up;D;755874
Key Down;Q;756107
Key Up;Q;756562
Key Down;S;757131
Key Up;S;757235
Key Down;S;757402
Key Up;S;757586
Key Down;S;757978
Key Up;S;758346
Key Down;Z;758530
Key Up;Z;758850
Key Down;Q;760210
Key Down;S;760218
Key Up;Q;760378
Key Up;S;760778
Key Down;D;761139
Key Up;D;761434
Key Down;Q;761978
Key Down;S;761986
Key Up;Q;762130
Key Up;S;762171
Key Down;Z;762418
Key Down;Q;763115
Key Up;Z;763586
Key Up;Q;763666
Key Down;Z;763698
Key Down;D;764026
Key Up;Z;764066
Key Up;D;764194
Key Down;Q;764210
Key Down;S;764267
Key Up;S;765066
Key Up;Q;765274
Key Down;D;769875
Key Down;Z;770066
Key Up;D;770274
Key Up;Z;770298
Key Down;Q;771387
Key Down;S;771754
Key Up;S;772251
Key Down;S;772738
Key Up;S;773011
Key Up;Q;773426
Key Down;D;773850
Key Up;D;774002
Key Down;D;774410
Key Up;D;774930
Key Down;Z;776331
Key Up;Z;776450
Key Down;Q;776674
Key Down;S;777339
Key Up;Q;777450
Key Down;Q;777490
Key Up;S;777594
Key Down;Z;778266
Key Up;Z;778563
Key Up;Q;778611
Key Down;D;778826
Key Down;S;779018
Key Up;S;779275
Key Up;D;780283
Key Down;D;781955
Key Down;Z;782507
Key Up;Z;783018
Key Up;D;783315
Key Down;D;783762
Key Down;S;784106
Key Up;D;784650
Key Up;S;784979
Key Down;Z;785482
Key Down;Q;785850
Key Up;Z;786595
Key Up;Q;787034
Key Down;Q;787202
Key Up;Q;787378
Key Down;S;787394
Key Up;S;787594
Key Down;Q;787818
Key Up;Q;787938
Key Down;Q;788354
Key Up;Q;788850
Key Down;Z;789611
Key Up;Z;789994
Key Down;S;791418
Key Up;S;792058
Key Down;Z;794202
Key Up;Z;795466
Key Down;S;801515
Key Down;Q;801547
Key Up;Q;802011
Key Down;D;802250
Key Up;D;802378
Key Down;Q;802762
Key Up;S;802802
Key Down;S;803370
Key Up;Q;803530
Key Up;S;803642
Key Down;S;803826
Key Down;Q;803842
Key Up;S;804058
Key Down;Z;804195
Key Up;Q;804442
Key Down;Q;804594
Key Up;Q;805042
Key Down;Q;805267
Key Up;Z;805378
Key Up;Q;805626
Key Down;S;811642
Key Down;Q;811906
Key Up;Q;812106
Key Down;D;813314
Key Up;S;813483
Key Down;Z;813987
Key Up;Z;814106
Key Up;D;814186
Key Down;S;815642
Key Down;D;815707
Key Up;S;815755
Key Up;D;816034
Key Down;S;816691
Key Down;Q;817026
Key Up;S;817066
Key Up;Q;817258
Key Down;D;817314
Key Down;Z;817347
Key Up;D;817778
Key Down;Q;817922
Key Up;Q;817962
Key Down;Q;818082
Key Up;Z;818562
Key Up;Q;818786
Key Down;D;818867
Key Down;S;818883
Key Up;D;819050
Key Down;D;819154
Key Up;S;819211
Key Down;S;819323
Key Up;D;819851
Key Up;S;820379
Key Down;Z;821314
Key Up;Z;821402
Key Down;S;821658
Key Down;D;822218
Key Up;S;822290
Key Down;Z;823154
Key Up;Z;823194
Key Down;S;823386
Key Up;S;823682
Key Down;S;824154
Key Up;D;824458
Key Down;D;824659
Key Up;D;825370
Key Up;S;825546
Key Down;Z;826298
Key Down;D;826418
Key Up;Z;826451
Key Up;D;826778
Key Down;Q;826882
Key Up;Q;827114
Key Down;S;827250
Key Up;S;827274
Key Down;D;827698
Key Down;S;829138
Key Up;D;829466
Key Up;S;829826
Key Down;Z;830154
Key Down;D;830634
Key Up;D;830779
Key Down;D;831098
Key Up;Z;831290
Key Up;D;831522
Key Down;Q;831610
Key Up;Q;833170
Key Down;Q;833370
Key Down;Z;833466
Key Up;Z;833626
Key Down;S;833842
Key Up;Q;833890
Key Down;Q;834522
Key Up;Q;834658
Key Up;S;834698
Key Down;E;835314
Key Up;E;835403
Key Down;D;835538
Key Down;Z;835706
Key Up;Z;835818
Key Down;Z;835850
Key Up;D;836010
Key Up;Z;836074
Key Down;Q;836202
Key Up;Q;836218
Key Down;Z;836642
Key Down;Q;836706
Key Up;Z;837474
Key Up;Q;837530
Key Down;S;837922
Key Up;S;837970
Key Down;S;838611
Key Down;Q;838650
Key Up;S;838722
Key Up;Q;838762
Key Down;S;838922
Key Up;S;839042
Key Down;Z;839962
Key Down;D;840339
Key Up;D;840434
Key Down;D;840866
Key Up;D;840986
Key Up;Z;841018
Key Down;Z;841354
Key Up;Z;841706
Key Down;D;842330
Key Up;D;842466
Key Down;Q;843066
Key Down;S;843082
Key Up;Q;843402
Key Down;D;843786
Key Up;S;843970
Key Down;Z;844690
Key Up;D;845042
Key Down;Q;845122
Key Up;Z;845186
Key Up;Q;845402
Key Down;Q;845874
Key Down;Z;846474
Key Up;Q;846570
Key Down;D;846706
Key Up;Z;846714
Key Down;S;847226
Key Up;S;847362
Key Up;D;847369
Key Down;Q;847626
Key Down;S;847771
Key Up;Q;847922
Key Up;S;848026
Key Down;D;848586
Key Down;Z;848714
Key Up;Z;849258
Key Up;D;849330
Key Down;S;849442
Key Down;Q;849666
Key Up;S;849882
Key Up;Q;849954
Key Down;Q;850026
Key Up;Q;850074
Key Down;Z;850082
Key Down;D;850690
Key Up;Z;850834
Key Up;D;850858
Key Down;Z;857826
Key Down;Q;858049
Key Up;Q;858138
Key Up;Z;858674
Key Down;D;859666
Key Down;Z;859978
Key Up;Z;860274
Key Up;D;860394
Key Down;Q;860482
Key Up;Q;860698
Key Down;Z;862170
Key Up;Z;862530
Key Down;Q;862594
Key Down;Z;863018
Key Up;Q;863050
Key Up;Z;863122
Key Down;Q;863146
Key Down;S;863753
Key Up;S;863930
Key Up;Q;863970
Key Down;Q;864178
Key Up;Q;864250
Key Down;D;865250
Key Down;Z;865362
Key Up;Z;865786
Key Up;D;865874
Key Down;Q;865906
Key Down;S;866018
Key Up;S;866538
Key Down;D;866594
Key Up;Q;866626
Key Down;S;866698
Key Up;S;866778
Key Down;Z;867138
Key Up;Z;867266
Key Up;D;867378
Key Down;S;867433
Key Down;Q;867490
Key Up;Q;867666
Key Up;S;867770
Key Down;D;867874
Key Up;D;868018
Key Down;Z;868186
Key Up;Z;868346
Key Down;Z;868754
Key Down;Q;868858
Key Up;Q;869034
Key Down;Q;869218
Key Up;Q;869322
Key Down;D;869378
Key Up;Z;869466
Key Down;Z;869866
Key Up;D;870314
Key Up;Z;870562
Key Down;S;871226
Key Down;Q;871378
Key Up;Q;871545
Key Up;S;871658
Key Down;Q;872250
Key Up;Q;872314
Key Down;D;872410
Key Down;Z;872434
Key Up;D;872810
Key Up;Z;872906
Key Down;Q;872914
Key Down;Z;873153
Key Up;Q;873161
Key Down;D;873490
Key Up;Z;873682
Key Down;Q;874658
Key Up;D;874690
Key Down;S;874738
Key Up;Q;875034
Key Up;S;875258
Key Down;Q;876826
Key Up;Q;876858
Key Down;D;877058
Key Down;S;877203
Key Up;S;877322
Key Down;Z;877482
Key Up;Z;878273
Key Down;Z;878426
Key Up;D;878530
Key Down;Q;878626
Key Up;Z;878658
Key Up;Q;878778
Key Down;D;879074
Key Down;S;879138
Key Up;S;879314
Key Up;D;879570
Key Down;Z;879970
Key Down;Q;880242
Key Up;Z;880306
Key Down;Z;880906
Key Up;Z;880978
Key Up;Q;881010
Key Down;S;881234
Key Down;Q;881458
Key Up;S;881746
Key Up;Q;881962
Key Down;Q;882314
Key Down;Z;882570
Key Up;Q;882642
Key Up;Z;882802
Key Down;Q;882898
Key Up;Q;883202
Key Down;D;883346
Key Down;Z;883818
Key Up;D;884410
Key Up;Z;884746
Key Down;Q;885170
Key Up;Q;885258
Key Down;Z;885314
Key Down;D;885442
Key Up;Z;885986
Key Down;Z;886122
Key Up;Z;886857
Key Up;D;886873
Key Down;Q;887082
Key Up;Q;887186
Key Down;S;887226
Key Down;D;887417
Key Up;S;887642
Key Up;D;888042
Key Down;Q;888050
Key Down;S;888578
Key Up;Q;888810
Key Down;Q;889002
Key Up;S;889338
Key Down;Z;889562
Key Up;Q;889842
Key Up;Z;890042
Key Down;S;890882
Key Up;S;891514
Key Down;Z;892794
Key Down;D;892962
Key Up;Z;893449
Key Up;D;893730
Key Down;Z;894106
Key Down;D;894218
Key Up;Z;894386
Key Up;D;894850
Key Down;D;895274
Key Down;Z;895282
Key Up;Z;895370
Key Up;D;895433
Key Down;Q;896082
Key Down;S;896930
Key Up;Q;897242
Key Down;Q;899034
Key Up;S;899434
Key Down;S;899586
Key Up;Q;899634
Key Up;S;899682
Key Down;D;899874
Key Up;D;900018
Key Down;Q;900066
Key Up;Q;900418
Key Down;D;901650
Key Down;Z;902257
Key Up;D;902282
Key Up;Z;902394
Key Down;S;902698
Key Down;D;902714
Key Up;D;902970
Key Up;S;903617
Key Down;Z;905922
Key Down;Q;906113
Key Up;Q;906233
Key Up;Z;906265
Key Down;D;908578
Key Down;S;908658
Key Up;D;908850
Key Up;S;908890
Key Down;Q;908938
Key Down;Z;909138
Key Up;Z;909370
Key Down;S;910242
Key Up;Q;910914
Key Up;S;911098
Key Down;Z;911778
Key Up;Z;912498
Key Down;D;912650
Key Down;S;913753
Key Up;D;913874
Key Up;S;914106
Key Down;D;920434
Key Up;D;920586
Key Down;S;920626
Key Up;S;921578
Key Down;Z;921698
Key Down;Q;921849
Key Up;Q;921970
Key Down;Q;922514
Key Up;Z;922834
Key Up;Q;922858
Key Down;D;923050
Key Down;S;923169
Key Up;D;923322
Key Up;S;923681
Key Down;Z;924065
Key Up;Z;924266
Key Down;S;924474
Key Down;D;924866
Key Up;D;925186
Key Down;D;925457
Key Up;D;925466
Key Down;D;925706
Key Up;D;925722
Key Down;D;925866
Key Up;S;925962
Key Down;S;926065
Key Up;S;926162
Key Up;D;926242
Key Down;Z;926682
Key Down;Q;926690
Key Up;Q;926929
Key Up;Z;927066
Key Down;Q;927210
Key Up;Q;927298
Key Down;Z;927609
Key Down;Q;927826
Key Up;Q;928034
Key Up;Z;928050
Key Down;Q;928537
Key Up;Q;928754
Key Down;Q;928882
Key Down;S;928890
Key Up;S;929250
Key Up;Q;929578
Key Down;S;929818
Key Up;S;929970
Key Down;S;930290
Key Down;Q;930322
Key Up;S;930450
Key Up;Q;930882
Key Down;S;930898
Key Up;S;931025
Key Down;D;931522
Key Up;D;931673
Key Down;D;932649
Key Down;Z;932666
Key Up;Z;933658
Key Down;Z;934090
Key Up;Z;934201
Key Down;S;934450
Key Up;D;934665
Key Down;D;934906
Key Up;D;935090
Key Up;S;935681
Key Down;Q;935697
Key Down;S;935794
Key Up;S;937385
Key Up;Q;937985
Key Down;Q;938393
Key Down;Z;938610
Key Up;Q;938674
Key Up;Z;938866
Key Down;D;939233
Key Down;Z;939466
Key Up;D;939602
Key Up;Z;939986
Key Down;D;940114
Key Down;S;940130
Key Up;S;940522
Key Down;Z;940849
Key Up;D;940954
Key Up;Z;941122
Key Down;S;941242
Key Up;S;941441
Key Down;D;941554
Key Down;S;941602
Key Up;D;941666
Key Down;Q;941986
Key Up;S;942186
Key Up;Q;942417
Key Down;D;943186
Key Down;Z;943273
Key Up;D;944090
Key Down;Q;944274
Key Up;Z;944313
Key Down;Z;944353
Key Up;Z;944650
Key Up;Q;944658
Key Down;Q;944802
Key Down;Z;944850
Key Up;Q;944930
Key Down;D;945010
Key Up;Z;945034
Key Up;D;945050
Key Down;S;945298
Key Up;S;945690
Key Down;D;945705
Key Up;D;945785
Key Down;Q;945898
Key Down;Z;945930
Key Up;Q;946026
Key Up;Z;946114
Key Down;S;946418
Key Up;S;946554
Key Down;Q;946610
Key Down;Z;946690
Key Up;Q;946698
Key Up;Z;946801
Key Down;S;946962
Key Down;D;947082
Key Up;S;947313
Key Down;Z;947817
Key Up;D;948002
Key Up;Z;948138
Key Down;D;948482
Key Up;D;948946
Key Down;Z;949346
Key Down;D;949354
Key Up;D;949449
Key Down;Q;949818
Key Up;Z;950449
Key Down;Z;950937
Key Up;Z;951210
Key Up;Q;951362
Key Down;D;951458
Key Up;D;952178
Key Down;Z;952210
Key Up;Z;952266
Key Down;Q;952394
Key Up;Q;952505
Key Down;S;953090
Key Up;S;953233
Key Down;Q;953385
Key Down;S;953810
Key Up;S;954513
Key Up;Q;954850
Key Down;Q;955170
Key Down;Z;955449
Key Up;Q;955642
Key Up;Z;955690
Key Down;Q;956233
Key Down;S;956410
Key Up;S;956538
Key Up;Q;956554
Key Down;Q;957010
Key Down;Z;957194
Key Up;Q;957369
Key Up;Z;957385
Key Down;Z;957705
Key Down;Q;957745
Key Up;Q;957873
Key Up;Z;957946
Key Down;Q;958394
Key Down;Z;958426
Key Up;Z;958522
Key Up;Q;958602
Key Down;S;958906
Key Up;S;959042
Key Down;Q;959066
Key Down;Z;959282
Key Up;Q;959354
Key Down;D;959386
Key Up;Z;959457
Key Down;Z;960257
Key Up;D;960506
Key Up;Z;960562
Key Down;Q;960905
Key Down;Z;960961
Key Up;Q;960985
Key Up;Z;961033
Key Down;Z;961961
Key Down;D;961977
Key Up;Z;962242
Key Up;D;962306
Key Down;S;962370
Key Down;Q;963090
Key Up;Q;963194
Key Up;S;963562
Key Down;D;964258
Key Down;Z;964618
Key Up;Z;964762
Key Up;D;964802
Key Down;S;965010
Key Down;D;965121
Key Up;D;965562
Key Up;S;965866
Key Down;D;965874
Key Up;D;966297
Key Down;S;966969
Key Down;D;967050
Key Up;S;967201
Key Up;D;967522
Key Down;Q;967882
Key Up;Q;968313
Key Down;D;968337
Key Up;D;968642
Key Down;Q;971745
Key Down;Z;972097
Key Up;Q;972282
Key Up;Z;972306
Key Down;S;973154
Key Up;S;973217
Key Down;Q;978058
Key Up;Q;979050
Key Down;S;979618
Key Down;Q;979746
Key Up;S;980025
Key Down;S;980370
Key Up;S;980642
Key Down;Z;980914
Key Up;Z;981081
Key Up;Q;981202
Key Down;Z;981842
Key Down;Q;982258
Key Up;Z;982266
Key Up;Q;982282
Key Down;Z;982826
Key Down;Q;982921
Key Up;Z;983306
Key Down;Z;983482
Key Up;Q;983770
Key Up;Z;983969
Key Down;S;984154
Key Down;D;984226
Key Up;D;985457
Key Down;Q;986610
Key Up;S;987145
Key Up;Q;987450
Key Down;Q;987665
Key Down;Z;987762
Key Up;Z;988225
Key Up;Q;988314
Key Down;D;988378
Key Down;S;988722
Key Up;S;989098
Key Down;S;989634
Key Up;D;989849
Key Down;D;990322
Key Up;D;990754
Key Up;S;991218
Key Down;D;991609
Key Down;S;991874
Key Up;D;991978
Key Up;S;993089
Key Down;Z;993314
Key Up;Z;993417
Key Down;S;993746
Key Down;Q;994497
Key Up;S;994545
Key Down;Z;994961
Key Up;Z;995465
Key Up;Q;995578
Key Down;Q;995722
Key Up;Q;996065
Key Down;Z;997201
Key Down;D;997306
Key Up;Z;997442
Key Up;D;997450
Key Down;D;997986
Key Up;D;998242
Key Down;Echap;998674
Key Up;Echap;998802
Key Down;Z;1004242
Key Down;D;1004250
Key Up;Z;1004745
Key Up;D;1006025
Key Down;Q;1006977
Key Up;Q;1007057
Key Down;Q;1007434
Key Up;Q;1007498
Key Down;Q;1008161
Key Down;Z;1008210
Key Up;Q;1008298
Key Up;Z;1008402
Key Down;S;1008994
Key Down;D;1009042
Key Up;D;1009154
Key Up;S;1009162
Key Down;Q;1009353
Key Up;Q;1009369
Key Down;Q;1009778
Key Up;Q;1009881
Key Down;D;1010385
Key Up;D;1010490
Key Down;Q;1010658
Key Up;Q;1010801
Key Down;Q;1011378
Key Up;Q;1011577
Key Down;D;1012586
Key Down;Z;1013386
Key Up;D;1013993
Key Down;Q;1014266
Key Up;Q;1014529
Key Down;D;1014674
Key Up;D;1015001
Key Down;Q;1015129
Key Up;Q;1015633
Key Up;Z;1015802
Key Down;Q;1015921
Key Up;Q;1016106
Key Down;D;1016329
Key Up;D;1016353
Key Down;D;1016482
Key Up;D;1016658
Key Down;S;1016674
Key Down;Q;1016705
Key Up;S;1016849
Key Up;Q;1016913
Key Down;Q;1017009
Key Up;Q;1017090
Key Down;S;1017242
Key Down;D;1017857
Key Up;D;1017937
Key Down;D;1018290
Key Up;S;1018329
Key Down;Z;1018666
Key Up;D;1018769
Key Down;Q;1018889
Key Up;Z;1018930
Key Down;S;1019097
Key Up;Q;1019161
Key Up;S;1019217
Key Down;D;1019346
Key Up;D;1019522
Key Down;Z;1019586
Key Down;D;1019649
Key Up;Z;1019809
Key Up;D;1020010
Key Down;Z;1020042
Key Down;D;1020194
Key Up;Z;1020226
Key Down;Z;1020377
Key Up;Z;1020601
Key Up;D;1020674
Key Down;D;1023930
Key Down;Z;1023994
Key Up;D;1024090
Key Down;Q;1024321
Key Up;Q;1024490
Key Down;Q;1024913
Key Up;Q;1025545
Key Up;Z;1025897
Key Down;Q;1025994
Key Up;Q;1026097
Key Down;D;1027025
Key Up;D;1027154
Key Down;S;1027178
Key Down;Q;1027226
Key Up;S;1027314
Key Up;Q;1027594
Key Down;D;1028833
Key Down;Z;1028873
Key Up;D;1029249
Key Down;D;1029729
Key Up;D;1030170
Key Up;Z;1030202
Key Down;Q;1030545
Key Up;Q;1030633
Key Down;S;1030842
Key Up;S;1030913
Key Down;D;1030993
Key Up;D;1031113
Key Down;Z;1032074
Key Down;Q;1032578
Key Up;Q;1032922
Key Up;Z;1032978
Key Down;Z;1033274
Key Down;Q;1033785
Key Up;Z;1034473
Key Up;Q;1034481
Key Down;S;1034682
Key Down;D;1034714
Key Up;D;1035570
Key Down;D;1036306
Key Up;D;1036457
Key Up;S;1036778
Key Down;E;1037745
Key Up;E;1037858
Key Down;S;1038009
Key Down;D;1039257
Key Up;D;1039426
Key Down;Q;1039489
Key Up;Q;1039730
Key Up;S;1040041
Key Down;Q;1040089
Key Up;Q;1040745
Key Down;Z;1042594
Key Down;Q;1042617
Key Up;Z;1043209
Key Down;S;1044569
Key Up;S;1045025
Key Down;S;1045217
Key Up;Q;1045402
Key Down;D;1045969
Key Up;S;1046081
Key Down;Z;1046873
Key Up;Z;1047129
Key Down;Z;1049345
Key Up;Z;1050434
Key Up;D;1050682
Key Down;Q;1050737
Key Down;S;1051057
Key Up;S;1051274
Key Down;Z;1052417
Key Up;Z;1052738
Key Down;Z;1053049
Key Up;Q;1053897
Key Up;Z;1054681
Key Down;Z;1054745
Key Down;Echap;1054753
Key Up;Z;1054809
Key Up;Echap;1054874
Key Down;S;1066441
Key Down;D;1066793
Key Up;S;1067001
Key Down;Z;1067466
Key Up;D;1067857
Key Down;D;1068786
Key Up;Z;1069113
Key Down;Z;1069649
Key Up;Z;1070193
Key Up;D;1070217
Key Down;D;1070769
Key Down;S;1071441
Key Up;D;1071513
Key Down;Q;1071561
Key Up;S;1071594
Key Down;Z;1071841
Key Up;Z;1071969
Key Up;Q;1072170
Key Down;D;1072505
Key Up;D;1072521
Key Down;D;1073290
Key Up;D;1073673
Key Down;Q;1074633
Key Up;Q;1075090
Key Down;D;1079905
Key Up;D;1080546
Key Down;D;1081905
Key Up;D;1082905
Key Down;Q;1083105
Key Up;Q;1083881
Key Down;Q;1084585
Key Up;Q;1084818
Key Down;Q;1085698
Key Up;Q;1085785
Key Down;D;1087050
Key Down;S;1088025
Key Up;S;1088170
Key Down;Z;1089465
Key Up;D;1089553
Key Down;Q;1089873
Key Up;Z;1089953
Key Up;Q;1090025
Key Down;D;1090745
Key Down;Z;1090954
Key Up;D;1091177
Key Up;Z;1091498
Key Down;Z;1093441
Key Up;Z;1094601
Key Down;D;1094842
Key Up;D;1095137
Key Down;Q;1096018
Key Up;Q;1096209
Key Down;Z;1096561
Key Down;D;1096585
Key Up;D;1096705
Key Up;Z;1096873
Key Down;Q;1096986
Key Up;Q;1097201
Key Down;S;1097281
Key Down;D;1097577
Key Up;S;1097793
Key Up;D;1097953
Key Down;Q;1098041
Key Up;Q;1098258
Key Down;D;1099001
Key Up;D;1099474
Key Down;Q;1099561
Key Down;S;1099953
Key Up;Q;1100025
Key Down;Q;1101634
Key Up;Q;1102441
Key Up;S;1102481
Key Down;Z;1102961
Key Up;Z;1103089
Key Down;D;1105825
Key Down;S;1106217
Key Up;D;1106233
Key Down;Q;1106393
Key Up;Q;1106761
Key Up;S;1106801
Key Down;Q;1107090
Key Down;Z;1107146
Key Up;Z;1107561
Key Up;Q;1107849
Key Down;S;1110458
Key Down;Q;1111377
Key Up;Q;1111826
Key Down;Q;1111897
Key Up;Q;1112217
Key Down;D;1112905
Key Up;D;1113073
Key Down;Q;1113369
Key Up;S;1113625
Key Up;Q;1114009
Key Down;Echap;1114321
Key Up;Echap;1114425
Key Down;S;1122329
Key Down;Q;1122465
Key Up;Q;1122697
Key Down;D;1122969
Key Up;D;1123057
Key Up;S;1123617
Key Down;Q;1123897
Key Up;Q;1124313
Key Down;S;1125377
Key Down;D;1125513
Key Up;S;1125929
Key Down;Z;1126537
Key Up;Z;1126801
Key Up;D;1127225
Key Down;Q;1127745
Key Up;Q;1127849
Key Down;Q;1128241
Key Up;Q;1128617
Key Down;S;1129361
Key Down;D;1129473
Key Up;S;1129569
Key Down;S;1129913
Key Up;D;1130313
Key Up;S;1130545
Key Down;Q;1130689
Key Up;Q;1130825
Key Down;Q;1131057
Key Down;S;1131073
Key Up;Q;1131193
Key Down;Q;1131297
Key Up;S;1131441
Key Up;Q;1131545
Key Down;D;1132185
Key Down;Z;1132369
Key Up;Z;1132657
Key Up;D;1132681
Key Down;Q;1133329
Key Up;Q;1133537
Key Down;S;1133577
Key Down;D;1133593
Key Up;S;1133785
Key Down;S;1134009
Key Up;D;1134145
Key Down;Q;1134257
Key Up;S;1134321
Key Up;Q;1134489
Key Down;D;1134993
Key Up;D;1135121
Key Down;E;1135305
Key Up;E;1135409
Key Down;Q;1135521
Key Down;Z;1135625
Key Up;Q;1135889
Key Up;Z;1136129
Key Down;D;1138153
Key Down;Z;1138609
Key Up;Z;1139225
Key Down;Z;1139713
Key Up;Z;1139969
Key Up;D;1140041
Key Down;Q;1140337
Key Up;Q;1140393
Key Down;S;1141001
Key Up;S;1141121
Key Down;S;1141545
Key Up;S;1141689
Key Down;Q;1141721
Key Up;Q;1141889
Key Down;Z;1143433
Key Down;D;1143473
Key Up;D;1144017
Key Up;Z;1144353
Key Down;D;1144481
Key Down;S;1144553
Key Up;D;1144633
Key Down;Q;1144761
Key Up;S;1146057
Key Down;Z;1147089
Key Up;Z;1147905
Key Down;Z;1148129
Key Up;Z;1148457
Key Down;S;1149441
Key Up;S;1149625
Key Down;S;1150281
Key Up;S;1150649
Key Down;D;1151041
Key Up;Q;1151049
Key Down;S;1152361
Key Up;D;1152545
Key Up;S;1152793
Key Down;Z;1152993
Key Down;D;1153393
Key Up;D;1154321
Key Down;Q;1154673
Key Up;Z;1154697
Key Up;Q;1154825
Key Down;S;1154873
Key Down;Q;1155304
Key Up;Q;1157001
Key Up;S;1157353
Key Down;Z;1157497
Key Down;D;1157713
Key Up;Z;1158825
Key Down;S;1160873
Key Up;S;1161169
Key Down;Z;1162433
Key Up;D;1162649
Key Up;Z;1163169
Key Down;Q;1186537
Key Down;Z;1186841
Key Up;Z;1186993
Key Up;Q;1187153
Key Down;Q;1187953
Key Up;Q;1188401
Key Down;D;1191721
Key Down;S;1191785
Key Up;S;1191833
Key Up;D;1191881
Key Down;Q;1192361
Key Up;Q;1192705
Key Down;Z;1194136
Key Up;Z;1194441
Key Down;Z;1194905
Key Down;Q;1194961
Key Up;Z;1195056
Key Down;S;1195361
Key Up;S;1195721
Key Down;Z;1196121
Key Up;Z;1196496
Key Up;Q;1196601
Key Down;Q;1198617
Key Up;Q;1198680
Key Down;Q;1200657
Key Down;S;1201305
Key Up;Q;1201393
Key Up;S;1201401
Key Down;Z;1202121
Key Up;Z;1202209
Key Down;Q;1203785
Key Down;Z;1203841
Key Up;Q;1204008
Key Up;Z;1204081
Key Down;S;1204840
Key Down;D;1204905
Key Up;S;1204993
Key Up;D;1205033
Key Down;E;1205296
Key Up;E;1205393
Key Down;Q;1205529
Key Down;Z;1205560
Key Up;Q;1205729
Key Up;Z;1205969
Key Down;Q;1206305
Key Up;Q;1206920
Key Down;Z;1207241
Key Down;Q;1207360
Key Up;Z;1207544
Key Up;Q;1207561
Key Down;Z;1208296
Key Up;Z;1208457
Key Down;S;1211569
Key Up;S;1211673
Key Down;S;1212297
Key Down;Q;1212433
Key Up;S;1212729
Key Up;Q;1212817
Key Down;D;1212872
Key Up;D;1212952
Key Down;Z;1212960
Key Up;Z;1213121
Key Down;D;1213328
Key Up;D;1213777
Key Down;D;1213905
Key Down;S;1214025
Key Up;S;1214353
Key Down;S;1214904
Key Up;D;1215073
Key Up;S;1215313
Key Down;D;1215761
Key Up;D;1215825
Key Down;E;1216513
Key Up;E;1216609
Key Down;Z;1217161
Key Up;Z;1217416
Key Down;Q;1217448
Key Up;Q;1217472
Key Down;Q;1218113
Key Down;Z;1218137
Key Up;Z;1218632
Key Down;Z;1219001
Key Up;Z;1219417
Key Up;Q;1219489
Key Down;Z;1221753
Key Down;D;1221761
Key Up;D;1221841
Key Up;Z;1221857
Key Down;Q;1222936
Key Up;Q;1222976
Key Down;S;1223937
Key Up;S;1224121
Key Down;S;1224393
Key Up;S;1225193
Key Down;Z;1225369
Key Up;Z;1225841
Key Down;Q;1226176
Key Down;Z;1226257
Key Up;Z;1226369
Key Up;Q;1227096
Key Down;Z;1227473
Key Down;D;1227577
Key Up;Z;1227720
Key Up;D;1228248
Key Down;D;1229225
Key Down;S;1229345
Key Up;D;1229449
Key Up;S;1230384
Key Down;S;1230937
Key Up;S;1231480
Key Down;Z;1231721
Key Up;Z;1231825
Key Down;S;1232032
Key Up;S;1232536
Key Down;Z;1232865
Key Up;Z;1233560
Key Down;S;1233713
Key Down;Q;1234849
Key Up;S;1235241
Key Up;Q;1235424
Key Down;D;1235512
Key Down;Z;1235673
Key Up;D;1235729
Key Up;Z;1235905
Key Down;Echap;1236448
Key Up;Echap;1236553
Key Down;Left Alt;1237025
Key Down;Tab;1237153
Key Up;Left Alt;1237201
Key Up;Tab;1237249
Key Down;Echap;1244680
Key Up;Echap;1244793
Key Down;Z;1244993
Key Down;D;1245273
Key Up;Z;1245289
Key Down;Z;1245465
Key Up;D;1245584
Key Down;Q;1247264
Key Up;Z;1247809
Key Up;Q;1248089
Key Down;D;1248241
Key Up;D;1248616
Key Down;Z;1249697
Key Down;Q;1249840
Key Up;Z;1249896
Key Up;Q;1249992
Key Down;D;1250152
Key Up;D;1250192
Key Down;Z;1250288
Key Down;Q;1250505
Key Up;Z;1250521
Key Up;Q;1250617
Key Down;S;1250713
Key Up;S;1250881
Key Down;S;1251288
Key Up;S;1251368
Key Down;Q;1251897
Key Down;S;1252017
Key Up;S;1252177
Key Down;Z;1252401
Key Up;Z;1252736
Key Down;Z;1253120
Key Up;Z;1253241
Key Up;Q;1253409
Key Down;Z;1253769
Key Down;D;1254016
Key Up;D;1254184
Key Down;Q;1254633
Key Up;Z;1254841
Key Down;Z;1255137
Key Up;Q;1255321
Key Up;Z;1255337
Key Down;Z;1257417
Key Up;Z;1257473
Key Down;Q;1257601
Key Up;Q;1257680
Key Down;S;1258657
Key Down;Q;1258665
Key Up;S;1258905
Key Up;Q;1259040
Key Down;D;1259176
Key Down;Z;1259224
Key Up;D;1259464
Key Up;Z;1259777
Key Down;S;1260089
Key Down;D;1260105
Key Up;S;1260624
Key Down;S;1260848
Key Up;S;1261121
Key Down;S;1261321
Key Up;D;1261441
Key Up;S;1262657
Key Down;S;1263537
Key Up;S;1263632
Key Down;D;1264088
Key Down;S;1264185
Key Up;D;1264361
Key Up;S;1264441
Key Down;D;1265321
Key Down;Z;1265433
Key Up;D;1265480
Key Up;Z;1265785
Key Down;Q;1265801
Key Up;Q;1265944
Key Down;S;1266312
Key Down;D;1266408
Key Up;D;1266561
Key Down;Q;1266633
Key Up;S;1266800
Key Up;Q;1266848
Key Down;Q;1267633
Key Up;Q;1268137
Key Down;D;1268177
Key Down;S;1268272
Key Up;D;1268625
Key Up;S;1268657
Key Down;D;1269273
Key Down;Z;1269793
Key Up;Z;1271217
Key Up;D;1271249
Key Down;Q;1271841
Key Down;S;1271993
Key Up;S;1273192
Key Up;Q;1273457
Key Down;Q;1300408
Key Up;Q;1301832
Key Down;D;1303384
Key Up;D;1303665
Key Down;Q;1305304
Key Down;Z;1305328
Key Up;Q;1305664
Key Up;Z;1305929
Key Down;S;1306120
Key Up;S;1306600
Key Down;Z;1307672
Key Up;Z;1307800
Key Down;S;1308353
Key Up;S;1308569
Key Down;D;1308848
Key Down;Z;1309064
Key Up;D;1309144
Key Down;Q;1309288
Key Up;Q;1309593
Key Down;D;1310096
Key Up;D;1310400
Key Up;Z;1310408
Key Down;S;1310840
Key Down;Q;1310896
Key Up;S;1311009
Key Up;Q;1311097
Key Down;D;1311841
Key Down;Z;1311969
Key Up;Z;1312321
Key Down;Z;1312553
Key Up;D;1312752
Key Up;Z;1313504
Key Down;S;1313633
Key Up;S;1313720
Key Down;Z;1314880
Key Down;Q;1315337
Key Up;Q;1315488
Key Up;Z;1315600
Key Down;S;1315801
Key Down;D;1316048
Key Up;D;1316136
Key Up;S;1316281
Key Down;Q;1316536
Key Down;Z;1316552
Key Up;Z;1316600
Key Down;Z;1316609
Key Up;Q;1316673
Key Up;Z;1316721
Key Down;Z;1317593
Key Up;Z;1318328
Key Down;E;1318360
Key Up;E;1318449
Key Down;D;1318601
Key Down;S;1318673
Key Up;D;1318728
Key Down;Q;1319032
Key Up;Q;1319072
Key Down;Q;1320208
Key Up;S;1320496
Key Up;Q;1320536
Key Down;Q;1321432
Key Up;Q;1321801
Key Down;S;1321841
Key Up;S;1321936
Key Down;D;1321961
Key Down;S;1322016
Key Up;D;1322064
Key Down;Q;1322448
Key Up;S;1322480
Key Down;Z;1322705
Key Up;Q;1322737
Key Down;D;1322936
Key Up;D;1322984
Key Up;Z;1323176
Key Down;Z;1323616
Key Up;Z;1323944
Key Down;Z;1324280
Key Up;Z;1324545
Key Down;Q;1325209
Key Down;S;1326009
Key Up;Q;1326104
Key Down;D;1326176
Key Up;S;1326216
Key Up;D;1326344
Key Down;Z;1326440
Key Down;Q;1326665
Key Up;Z;1326824
Key Up;Q;1326896
Key Down;S;1327104
Key Down;Q;1327216
Key Up;S;1327224
Key Up;Q;1327296
Key Down;Z;1327561
Key Up;Z;1327816
Key Down;Q;1328224
Key Down;Z;1328312
Key Up;Q;1328352
Key Up;Z;1328512
Key Down;Z;1329097
Key Up;Z;1329384
Key Down;D;1329392
Key Up;D;1329544
Key Down;S;1329592
Key Down;Q;1329777
Key Up;Q;1329905
Key Down;Q;1330192
Key Up;Q;1330240
Key Up;S;1330408
Key Down;S;1330713
Key Down;D;1330841
Key Up;D;1330968
Key Up;S;1331193
Key Down;S;1331912
Key Up;S;1332025
Key Down;Q;1332248
Key Down;Z;1332264
Key Up;Z;1332769
Key Down;S;1333424
Key Up;Q;1333608
Key Up;S;1333816
Key Down;S;1334097
Key Down;D;1334256
Key Up;D;1334312
Key Up;S;1334832
Key Down;S;1334952
Key Down;Q;1335024
Key Up;Q;1335408
Key Up;S;1335768
Key Down;Z;1335992
Key Down;D;1336072
Key Up;Z;1336176
Key Up;D;1336224
Key Down;D;1337136
Key Up;D;1337265
Key Down;Q;1337273
Key Up;Q;1337432
Key Down;D;1337832
Key Down;S;1338072
Key Up;D;1338257
Key Up;S;1338361
Key Down;Q;1338520
Key Down;Z;1338584
Key Up;Z;1339145
Key Up;Q;1339448
Key Down;Z;1339737
Key Up;Z;1339896
Key Down;Z;1340128
Key Down;D;1340200
Key Up;Z;1340376
Key Up;D;1340448
Key Down;S;1340672
Key Down;Q;1340864
Key Up;Q;1341064
Key Up;S;1341368
Key Down;Z;1341488
Key Up;Z;1341769
Key Down;S;1341960
Key Down;D;1343144
Key Up;S;1343385
Key Down;S;1343800
Key Up;D;1343912
Key Down;Q;1344064
Key Up;S;1344072
Key Down;Z;1344304
Key Up;Z;1344417
Key Up;Q;1344441
Key Down;Z;1344881
Key Up;Z;1345016
Key Down;D;1347625
Key Down;S;1347816
Key Up;D;1348392
Key Up;S;1348504
Key Down;Z;1349128
Key Down;Q;1349297
Key Up;Q;1349760
Key Down;D;1350816
Key Up;Z;1352664
Key Down;S;1352936
Key Up;D;1353024
Key Down;D;1353232
Key Up;S;1353528
Key Down;Z;1354392
Key Up;D;1354456
Key Up;Z;1354833
Key Down;D;1355328
Key Down;S;1355400
Key Up;S;1355569
Key Down;Z;1355720
Key Up;D;1355728
Key Up;Z;1355896
Key Down;S;1357328
Key Down;Q;1357352
Key Up;S;1357456
Key Up;Q;1357561
Key Down;Z;1357736
Key Up;Z;1357792
Key Down;S;1358208
Key Down;Q;1358512
Key Up;S;1359328
Key Up;Q;1359448
Key Down;Q;1360984
Key Down;S;1361008
Key Up;Q;1361064
Key Up;S;1361088
Key Down;D;1371064
Key Down;Z;1371089
Key Up;Z;1372033
Key Up;D;1372056
Key Down;Q;1372305
Key Down;S;1372376
Key Up;Q;1372656
Key Up;S;1372769
Key Down;Z;1393344
Key Down;D;1393592
Key Up;Z;1393832
Key Up;D;1393888
Key Down;Q;1403496
Key Down;Z;1403600
Key Up;Q;1403784
Key Up;Z;1404048
Key Down;Z;1405096
Key Up;Z;1405128
Key Down;S;1405328
Key Up;S;1405656
Key Down;Z;1405792
Key Down;Q;1406001
Key Up;Z;1406312
Key Up;Q;1406376
Key Down;Z;1407080
Key Up;Z;1407144
Key Down;S;1407584
Key Down;Q;1407704
Key Up;S;1407776
Key Up;Q;1408104
Key Down;D;1408456
Key Down;Z;1408504
Key Up;D;1408824
Key Up;Z;1408888
Key Down;Z;1409056
Key Up;Z;1409320
Key Down;Z;1409648
Key Up;Z;1409720
Key Down;Q;1410000
Key Down;Z;1410160
Key Up;Z;1410384
Key Down;S;1410696
Key Up;Q;1410880
Key Up;S;1410904
Key Down;D;1411056
Key Down;Z;1411072
Key Up;Z;1411568
Key Down;Z;1412000
Key Up;D;1412088
Key Down;Q;1412152
Key Up;Z;1412184
Key Down;S;1412744
Key Up;S;1412960
Key Up;Q;1413416
Key Down;D;1413568
Key Down;S;1413576
Key Up;D;1413704
Key Up;S;1413928
Key Down;Z;1414440
Key Up;Z;1414848
Key Down;S;1416616
Key Down;D;1416808
Key Up;S;1416824
Key Up;D;1416864
Key Down;S;1417336
Key Down;Q;1417872
Key Up;Q;1418072
Key Up;S;1418544
Key Down;Z;1418696
Key Up;Z;1419296
Key Down;S;1419496
Key Up;S;1420160
Key Down;Q;1420272
Key Down;Z;1420280
Key Up;Q;1420296
Key Up;Z;1420616
Key Down;S;1420776
Key Down;D;1421208
Key Up;D;1421256
Key Up;S;1421320
Key Down;S;1422176
Key Down;Q;1422568
Key Up;Q;1422848
Key Up;S;1422960
Key Down;Z;1423088
Key Down;Q;1423336
Key Up;Q;1423408
Key Up;Z;1423512
Key Down;S;1424008
Key Up;S;1424080
Key Down;Z;1424536
Key Up;Z;1424720
Key Down;D;1425048
Key Down;S;1425112
Key Up;D;1425168
Key Down;Q;1425672
Key Up;Q;1425744
Key Up;S;1426464
Key Down;Z;1426608
Key Down;Q;1426880
Key Up;Z;1427088
Key Up;Q;1427240
Key Down;Z;1427616
Key Up;Z;1427712
Key Down;Q;1428456
Key Down;S;1428608
Key Up;S;1428656
Key Up;Q;1428735
Key Down;D;1429128
Key Up;D;1429456
Key Down;Q;1429520
Key Up;Q;1429672
Key Down;Q;1430560
Key Down;Z;1430624
Key Up;Z;1430872
Key Down;Z;1431208
Key Up;Z;1431416
Key Down;S;1431744
Key Up;S;1432360
Key Up;Q;1432383
Key Down;S;1432960
Key Down;D;1433032
Key Up;D;1433120
Key Up;S;1433632
Key Down;Z;1433960
Key Down;D;1434040
Key Up;D;1434088
Key Down;D;1434912
Key Up;Z;1435208
Key Down;S;1436040
Key Up;D;1436216
Key Up;S;1437144
Key Down;Z;1437400
Key Down;D;1438328
Key Up;Z;1438504
Key Down;S;1438808
Key Up;S;1439144
Key Down;S;1440088
Key Up;D;1440191
Key Down;Q;1440392
Key Up;Q;1440648
Key Up;S;1440952
Key Down;Z;1441096
Key Down;D;1441568
Key Up;Z;1441776
Key Down;S;1442376
Key Up;D;1442552
Key Up;S;1442592
Key Down;Z;1442728
Key Up;Z;1442857
Key Down;Z;1443375
Key Up;Z;1443512
Key Down;Q;1443592
Key Up;Q;1443656
Key Down;S;1444560
Key Down;D;1444752
Key Up;D;1445056
Key Up;S;1445103
Key Down;S;1445368
Key Down;D;1445560
Key Up;D;1445656
Key Up;S;1445768
Key Down;Q;1445840
Key Down;Z;1445944
Key Up;Q;1445992
Key Up;Z;1446760
Key Down;S;1450728
Key Down;Q;1450840
Key Up;S;1451095
Key Down;S;1451944
Key Up;S;1452071
Key Up;Q;1452087
Key Down;Z;1452584
Key Up;Z;1452712
Key Down;Z;1454304
Key Up;Z;1455031
Key Down;S;1455480
Key Down;Q;1455488
Key Up;S;1455576
Key Down;Z;1455800
Key Up;Q;1455888
Key Up;Z;1455896
Key Down;Q;1456536
Key Down;S;1456672
Key Up;S;1456712
Key Up;Q;1456728
Key Down;Q;1457592
Key Down;S;1457912
Key Up;S;1458047
Key Up;Q;1458320
Key Down;D;1462752
Key Up;D;1463464
Key Down;Q;1464160
Key Down;Z;1464472
Key Up;Q;1464744
Key Up;Z;1465600
Key Down;D;1466032
Key Down;Z;1466512
Key Up;D;1466879
Key Up;Z;1467423
Key Down;S;1467984
Key Up;S;1468240
Key Down;Z;1468544
Key Up;Z;1468832
Key Down;Z;1470312
Key Up;Z;1470488
Key Down;Z;1471920
Key Up;Z;1472431
Key Down;Z;1474151
Key Up;Z;1474344
Key Down;S;1476496
Key Up;S;1476711
Key Down;S;1477584
Key Up;S;1477663
Key Down;S;1478360
Key Up;S;1478671
Key Down;S;1479063
Key Up;S;1479184
Key Down;Z;1480360
Key Up;Z;1480527
Key Down;Q;1480608
Key Up;Q;1480712
Key Down;D;1480952
Key Down;Z;1481096
Key Up;D;1481136
Key Up;Z;1481152
Key Down;Z;1482040
Key Up;Z;1482456
Key Down;Z;1483000
Key Up;Z;1483104
Key Down;S;1485056
Key Up;S;1485351
Key Down;S;1486216
Key Up;S;1486440
Key Down;Q;1486464
Key Up;Q;1486536
Key Down;Z;1486903
Key Up;Z;1487032
Key Down;S;1487672
Key Up;S;1487848
Key Down;Z;1489536
Key Up;Z;1490368
Key Down;S;1491095
Key Up;S;1491144
Key Down;D;1491647
Key Down;S;1491752
Key Up;D;1491872
Key Up;S;1491896
Key Down;S;1492151
Key Up;S;1492704
Key Down;Z;1493176
Key Up;Z;1493856
Key Down;Z;1494144
Key Up;Z;1494359
Key Down;S;1495168
Key Up;S;1495232
Key Down;Q;1495312
Key Up;Q;1495407
Key Down;D;1496856
Key Down;S;1496984
Key Up;D;1497039
Key Up;S;1497087
Key Down;S;1497968
Key Up;S;1498167
Key Down;S;1499168
Key Up;S;1499384
Key Down;Z;1500800
Key Up;Z;1501512
Key Down;S;1502816
Key Up;S;1503176
Key Down;Z;1503912
Key Up;Z;1504120
Key Down;S;1504975
Key Up;S;1505095
Key Down;Z;1506016
Key Down;Q;1506184
Key Up;Z;1506224
Key Up;Q;1506351
Key Down;D;1506800
Key Up;D;1506848
Key Down;D;1508559
Key Up;D;1508759
Key Down;S;1508815
Key Up;S;1509256
Key Down;S;1509680
Key Up;S;1510175
Key Down;S;1510376
Key Up;S;1510696
Key Down;Z;1510864
Key Up;Z;1512440
Key Down;Q;1513184
Key Up;Q;1513272
Key Down;Q;1515328
Key Up;Q;1515823
Key Down;Z;1516480
Key Up;Z;1516511
Key Down;Z;1518280
Key Down;D;1518768
Key Up;Z;1518832
Key Down;Z;1518975
Key Up;D;1518991
Key Up;Z;1519216
Key Down;Q;1519688
Key Up;Q;1519800
Key Down;D;1520136
Key Up;D;1520232
Key Down;Q;1520367
Key Up;Q;1520415
Key Down;Q;1520632
Key Up;Q;1520728
Key Down;S;1520944
Key Up;S;1520968
Key Down;D;1521408
Key Up;D;1521472
Key Down;Q;1521944
Key Up;Q;1521984
Key Down;S;1522263
Key Up;S;1522327
Key Down;Z;1524736
Key Up;Z;1525328
Key Down;Z;1525776
Key Down;D;1528560
Key Up;Z;1528591
Key Down;Z;1529359
Key Up;D;1529576
Key Up;Z;1529672
Key Down;Z;1530335
Key Up;Z;1530807
Key Down;S;1531432
Key Up;S;1531568
Key Down;Z;1534335
Key Down;Q;1534887
Key Up;Q;1535888
Key Down;D;1535920
Key Up;Z;1535936
Key Up;D;1536135
Key Down;D;1536432
Key Down;S;1536728
Key Up;D;1536879
Key Up;S;1537007
Key Down;Q;1537072
Key Up;Q;1537487
Key Down;D;1537887
Key Down;S;1537919
Key Up;S;1538039
Key Up;D;1538184
Key Down;S;1538880
Key Up;S;1539024
Key Down;D;1539848
Key Down;Z;1539999
Key Up;Z;1540087
Key Down;S;1540423
Key Up;D;1540632
Key Down;D;1540672
Key Up;S;1540943
Key Down;Z;1541495
Key Up;Z;1541607
Key Down;Z;1542271
Key Up;Z;1542783
Key Up;D;1542855
Key Down;Q;1542863
Key Down;S;1543431
Key Up;Q;1543608
Key Up;S;1543736
Key Down;Q;1544047
Key Up;Q;1544335
Key Down;D;1544808
Key Up;D;1545055
Key Down;Q;1545287
Key Up;Q;1545896
Key Down;D;1546143
Key Up;D;1546904
Key Down;S;1557688
Key Down;D;1557776
Key Up;S;1557951
Key Up;D;1558391
Key Down;Q;1559927
Key Up;Q;1560087
Key Down;D;1560192
Key Up;D;1560591
Key Down;Q;1560671
Key Up;Q;1560808
Key Down;Q;1560912
Key Up;Q;1561039
Key Down;Q;1562168
Key Up;Q;1562383
Key Down;Z;1562887
Key Down;Q;1563079
Key Up;Z;1563184
Key Up;Q;1563192
Key Down;S;1564232
Key Up;S;1564575
Key Down;D;1565999
Key Up;D;1566504
Key Down;D;1567496
Key Down;Z;1567824
Key Up;Z;1567975
Key Down;S;1568392
Key Up;D;1568480
Key Up;S;1568504
Key Down;Q;1568575
Key Up;Q;1568639
Key Down;S;1568784
Key Down;D;1568824
Key Up;S;1568863
Key Up;D;1568959
Key Down;Q;1569616
Key Up;Q;1569688
Key Down;Z;1570920
Key Down;Q;1570952
Key Up;Q;1571063
Key Up;Z;1571103
Key Down;D;1572872
Key Down;S;1573408
Key Up;D;1573456
Key Up;S;1573519
Key Down;D;1574256
Key Up;D;1574568
Key Down;S;1574743
Key Up;S;1574936
Key Down;Z;1575392
Key Down;Q;1575495
Key Up;Z;1575527
Key Up;Q;1575607
Key Down;Z;1576383
Key Down;D;1576495
Key Up;D;1576967
Key Down;Q;1577071
Key Up;Z;1577103
Key Up;Q;1577135
Key Down;S;1577792
Key Down;Q;1578088
Key Up;Q;1578280
Key Up;S;1578415
Key Down;D;1578423
Key Up;D;1578511
Key Down;Z;1578760
Key Down;D;1578888
Key Up;Z;1579071
Key Up;D;1579103
Key Down;Q;1579951
Key Down;S;1579967
Key Up;S;1580552
Key Up;Q;1580560
Key Down;S;1580904
Key Up;S;1581072
Key Down;S;1581175
Key Up;S;1581215
Key Down;Q;1581311
Key Up;Q;1581536
Key Down;Z;1581703
Key Down;D;1581800
Key Up;D;1582000
Key Up;Z;1582016
Key Down;Z;1582599
Key Down;D;1582671
Key Up;D;1582984
Key Up;Z;1583215
Key Down;D;1583255
Key Down;S;1583439
Key Up;S;1583903
Key Up;D;1584080
Key Down;S;1584431
Key Down;D;1584552
Key Up;S;1584728
Key Down;S;1585024
Key Up;D;1585279
Key Down;D;1585440
Key Up;S;1585472
Key Down;S;1585567
Key Up;D;1585623
Key Down;D;1585783
Key Up;D;1585839
Key Up;S;1585912
Key Down;D;1585944
Key Down;S;1586448
Key Up;S;1586775
Key Down;Z;1586935
Key Up;D;1587055
Key Down;D;1587375
Key Up;D;1587592
Key Up;Z;1587768
Key Down;Z;1587951
Key Down;Q;1588176
Key Up;Z;1588232
Key Up;Q;1588264
Key Down;S;1588455
Key Down;Q;1588760
Key Up;Q;1588847
Key Down;Q;1589216
Key Up;Q;1589359
Key Down;Q;1589736
Key Up;S;1590023
Key Down;Z;1590663
Key Up;Z;1590783
Key Up;Q;1590968
Key Down;D;1591000
Key Down;S;1591488
Key Up;S;1591775
Key Down;S;1592064
Key Up;S;1592295
Key Down;S;1592736
Key Up;S;1592823
Key Up;D;1593143
Key Down;Q;1593264
Key Down;Z;1593719
Key Up;Z;1594607
Key Up;Q;1594751
Key Down;D;1595399
Key Up;D;1595512
Key Down;S;1595536
Key Up;S;1595592
Key Down;S;1596143
Key Down;Q;1596151
Key Up;Q;1596504
Key Up;S;1596775
Key Down;D;1597496
Key Down;Z;1597663
Key Up;Z;1597743
Key Up;D;1597759
Key Down;Q;1597807
Key Down;S;1597976
Key Up;Q;1598303
Key Up;S;1598591
Key Down;S;1599016
Key Down;Q;1599144
Key Up;S;1599176
Key Up;Q;1599232
Key Down;D;1599416
Key Down;Z;1599512
Key Up;D;1599560
Key Up;Z;1599687
Key Down;Z;1600447
Key Up;Z;1600591
Key Down;Z;1600983
Key Down;D;1601263
Key Up;D;1601471
Key Down;Q;1601536
Key Up;Z;1601560
Key Up;Q;1601664
Key Down;Q;1601935
Key Up;Q;1601983
Key Down;Z;1602264
Key Down;Q;1602519
Key Up;Q;1602680
Key Up;Z;1602855
Key Down;D;1602927
Key Down;Z;1603455
Key Up;Z;1603583
Key Down;S;1603816
Key Up;D;1603999
Key Down;D;1604232
Key Up;D;1604360
Key Down;D;1604504
Key Up;D;1604567
Key Up;S;1604831
Key Down;S;1605047
Key Up;S;1605255
Key Down;Q;1605383
Key Down;Z;1605471
Key Up;Z;1605783
Key Up;Q;1605943
Key Down;Z;1606400
Key Down;D;1606543
Key Up;Z;1606575
Key Up;D;1606887
Key Down;Z;1607200
Key Down;Q;1607383
Key Up;Z;1607576
Key Up;Q;1607680
Key Down;D;1607767
Key Up;D;1607847
Key Down;D;1608168
Key Up;D;1608391
Key Down;Z;1609127
Key Down;Q;1609151
Key Up;Z;1609255
Key Down;S;1609639
Key Up;Q;1609767
Key Down;D;1610000
Key Up;D;1610256
Key Down;Q;1610455
Key Up;S;1610959
Key Up;Q;1610967
Key Down;D;1611176
Key Up;D;1611295
Key Down;S;1611903
Key Up;S;1612135
Key Down;S;1612447
Key Up;S;1612784
Key Down;D;1614255
Key Down;S;1614632
Key Up;D;1614943
Key Up;S;1614967
Key Down;D;1615887
Key Down;S;1615927
Key Up;D;1616224
Key Up;S;1616903
Key Down;Z;1617039
Key Down;D;1617760
Key Up;D;1617776
Key Up;Z;1617832
Key Down;Q;1622375
Key Up;Q;1622480
Key Down;S;1624911
Key Down;D;1624919
Key Up;S;1625087
Key Up;D;1625111
Key Down;D;1625663
Key Down;Z;1625736
Key Up;D;1625895
Key Down;Q;1625999
Key Up;Z;1626071
Key Up;Q;1626207
Key Down;Q;1627183
Key Up;Q;1627391
Key Down;Q;1627727
Key Down;Z;1627855
Key Up;Z;1628303
Key Up;Q;1628399
Key Down;Z;1628567
Key Down;D;1628999
Key Up;Z;1629071
Key Up;D;1629319
Key Down;S;1629551
Key Down;Q;1629567
Key Up;S;1629663
Key Up;Q;1629904
Key Down;S;1629936
Key Up;S;1630063
Key Down;Q;1630199
Key Up;Q;1630287
Key Down;S;1630543
Key Up;S;1630639
Key Down;Z;1631703
Key Down;Q;1631711
Key Up;Z;1631775
Key Down;Z;1631920
Key Up;Q;1631960
Key Up;Z;1632071
Key Down;D;1632487
Key Down;Z;1633311
Key Up;Z;1633391
Key Up;D;1633488
Key Down;Q;1633584
Key Up;Q;1633823
Key Down;S;1633863
Key Up;S;1634031
Key Down;D;1634280
Key Down;S;1634416
Key Up;D;1634431
Key Up;S;1634463
Key Down;D;1634679
Key Down;S;1634808
Key Up;S;1634927
Key Up;D;1634999
Key Down;Q;1635023
Key Down;Z;1635199
Key Up;Z;1635343
Key Down;Z;1635479
Key Up;Q;1635775
Key Down;Q;1636199
Key Up;Q;1636335
Key Down;D;1636647
Key Up;D;1636864
Key Up;Z;1636960
Key Down;Z;1637239
Key Down;D;1637287
Key Up;Z;1637296
Key Up;D;1637328
Key Down;S;1637656
Key Up;S;1637855
Key Down;Z;1639775
Key Down;Q;1639863
Key Up;Q;1639991
Key Down;Q;1640472
Key Up;Z;1640496
Key Up;Q;1640551
Key Down;S;1642015
Key Up;S;1642567
Key Down;S;1643231
Key Up;S;1643599
Key Down;D;1644600
Key Down;Z;1644648
Key Up;D;1644983
Key Up;Z;1645343
Key Down;Q;1645696
Key Down;Z;1645823
Key Up;Q;1646119
Key Up;Z;1646208
Key Down;S;1647679
Key Down;D;1647896
Key Up;D;1648159
Key Down;Q;1648424
Key Up;Q;1648544
Key Up;S;1648879
Key Down;Z;1649407
Key Down;D;1649520
Key Up;Z;1649671
Key Up;D;1649679
Key Down;Q;1649863
Key Up;Q;1649967
Key Down;D;1650184
Key Down;Z;1650351
Key Up;Z;1650519
Key Up;D;1650551
Key Down;S;1651103
Key Up;S;1651167
Key Down;D;1651224
Key Up;D;1651303
Key Down;Q;1651791
Key Down;Z;1651943
Key Up;Q;1652079
Key Down;Q;1652672
Key Up;Z;1652871
Key Up;Q;1653159
Key Down;D;1653495
Key Down;S;1653671
Key Up;D;1654007
Key Up;S;1654359
Key Down;Z;1654575
Key Down;Q;1654928
Key Up;Z;1655287
Key Up;Q;1655375
Key Down;Q;1656247
Key Down;S;1656735
Key Up;Q;1656783
Key Up;S;1656815
Key Down;D;1656847
Key Down;Z;1656975
Key Up;D;1657080
Key Up;Z;1657135
Key Down;D;1658320
Key Down;Z;1658615
Key Up;D;1658720
Key Down;Q;1658768
Key Up;Z;1658863
Key Down;S;1659135
Key Up;S;1659191
Key Down;S;1659207
Key Up;S;1659336
Key Down;S;1659655
Key Up;S;1659815
Key Down;S;1660264
Key Up;S;1660391
Key Down;Z;1660775
Key Up;Q;1660863
Key Down;Q;1660895
Key Up;Z;1660975
Key Up;Q;1661015
Key Down;Z;1661624
Key Down;Q;1661735
Key Up;Z;1661759
Key Up;Q;1661823
Key Down;D;1662375
Key Down;Z;1662608
Key Up;D;1662640
Key Up;Z;1662775
Key Down;Q;1662935
Key Up;Q;1663351
Key Down;D;1663519
Key Up;D;1663935
Key Down;D;1666359
Key Up;D;1666551
Key Down;Q;1667055
Key Up;Q;1667311
Key Down;D;1667791
Key Up;D;1667807
Key Down;S;1667815
Key Up;S;1667936
Key Down;Q;1668207
Key Up;Q;1668455
Key Down;D;1671208
Key Down;Z;1671343
Key Up;Z;1671479
Key Up;D;1671487
Key Down;S;1671863
Key Up;S;1672119
Key Down;Z;1672575
Key Up;Z;1672671
Key Down;D;1673471
Key Down;S;1673567
Key Up;D;1673599
Key Up;S;1673759
Key Down;Q;1673775
Key Up;Q;1673871
Key Down;S;1674143
Key Up;S;1674167
Key Down;D;1674175
Key Up;D;1674391
Key Down;D;1674719
Key Down;Z;1674959
Key Up;D;1675111
Key Up;Z;1675167
Key Down;Z;1675695
Key Down;Q;1675743
Key Up;Z;1676079
Key Down;S;1676311
Key Up;S;1676487
Key Up;Q;1676591
Key Down;D;1677047
Key Down;S;1677231
Key Up;S;1677719
Key Up;D;1677751
Key Down;Q;1677807
Key Up;Q;1678231
Key Down;Z;1678711
Key Up;Z;1678823
Key Down;Q;1678831
Key Up;Q;1679040
Key Down;S;1679599
Key Down;D;1679631
Key Up;S;1679815
Key Up;D;1679871
Key Down;Q;1679903
Key Down;Z;1679999
Key Up;Z;1680175
Key Up;Q;1680231
Key Down;D;1680439
Key Down;Z;1680695
Key Up;D;1680767
Key Down;Q;1680839
Key Up;Z;1680967
Key Up;Q;1680999
Key Down;S;1681351
Key Down;Q;1681519
Key Up;S;1681567
Key Down;Z;1681839
Key Up;Z;1682023
Key Up;Q;1682135
Key Down;D;1682511
Key Up;D;1682999
Key Down;Q;1683015
Key Up;Q;1683279
Key Down;D;1684231
Key Down;S;1684343
Key Up;S;1684367
Key Up;D;1684415
Key Down;Q;1684775
Key Up;Q;1684887
Key Down;S;1686047
Key Down;D;1686055
Key Up;S;1686279
Key Up;D;1686351
Key Down;Q;1686367
Key Up;Q;1686735
Key Down;D;1686751
Key Down;Z;1687103
Key Up;D;1687119
Key Up;Z;1687159
Key Down;Q;1687463
Key Up;Q;1687599
Key Down;Q;1688351
Key Up;Q;1688479
Key Down;S;1689583
Key Down;D;1689623
Key Up;S;1689671
Key Up;D;1690111
Key Down;Q;1690591
Key Down;Z;1691055
Key Up;Z;1691295
Key Down;Z;1691655
Key Up;Z;1691855
Key Down;Z;1692455
Key Up;Q;1692590
Key Down;D;1693119
Key Up;D;1693391
Key Up;Z;1693399
Key Down;Q;1693423
Key Down;S;1694087
Key Up;Q;1694271
Key Up;S;1694383
Key Down;Q;1695639
Key Down;S;1695831
Key Up;S;1696319
Key Down;Z;1697311
Key Up;Q;1698975
Key Up;Z;1698983
Key Down;D;1699199
Key Down;S;1699327
Key Up;D;1699391
Key Up;S;1699487
Key Down;D;1700079
Key Up;D;1700095
Key Down;S;1700287
Key Up;S;1700327
Key Down;D;1700567
Key Up;D;1700639
Key Down;E;1703951
Key Up;E;1704039
Key Down;S;1705191
Key Up;S;1705471
Key Down;Q;1719423
Key Up;Q;1720007
Key Down;Q;1720511
Key Down;Z;1721575
Key Up;Q;1721662
Key Up;Z;1721702
Key Down;D;1722079
Key Down;S;1722559
Key Up;D;1722999
Key Up;S;1723110
Key Down;Z;1723439
Key Up;Z;1723583
Key Down;Q;1724959
Key Down;Z;1725279
Key Up;Z;1725583
Key Up;Q;1725758
Key Down;D;1726503
Key Down;S;1726559
Key Up;S;1726807
Key Up;D;1726823
Key Down;Q;1727679
Key Down;Z;1728391
Key Up;Q;1729223
Key Up;Z;1729407
Key Down;Z;1729575
Key Down;Q;1729775
Key Up;Q;1730175
Key Up;Z;1730263
Key Down;S;1730431
Key Up;S;1731279
Key Down;Z;1731591
Key Down;Q;1732023
Key Up;Q;1732167
Key Up;Z;1732551
Key Down;D;1732567
Key Down;S;1732702
Key Up;D;1732718
Key Down;D;1733095
Key Up;S;1733679
Key Up;D;1734351
Key Down;S;1734375
Key Down;Q;1734503
Key Up;S;1734567
Key Down;S;1734823
Key Up;Q;1735559
Key Up;S;1735863
Key Down;S;1737759
Key Down;D;1737783
Key Up;S;1738159
Key Up;D;1738167
Key Down;Q;1738366
Key Up;Q;1738511
Key Down;D;1739127
Key Down;S;1739766
Key Up;D;1739806
Key Up;S;1739895
Key Down;Q;1739999
Key Up;Q;1740430
Key Down;D;1740479
Key Up;D;1740687
Key Down;Q;1740807
Key Up;Q;1740999
Key Down;D;1741087
Key Down;S;1741471
Key Up;D;1741775
Key Up;S;1741951
Key Down;D;1742047
Key Up;D;1742375
Key Down;Q;1743295
Key Down;Z;1743727
Key Up;Z;1745311
Key Up;Q;1745511
Key Down;Q;1746543
Key Up;Q;1747006
Key Down;S;1747103
Key Down;D;1747207
Key Up;D;1747486
Key Up;S;1747727
Key Down;Z;1747934
Key Up;Z;1748135
Key Down;Z;1748639
Key Down;Q;1748903
Key Up;Z;1749135
Key Up;Q;1749206
Key Down;D;1749623
Key Down;S;1749687
Key Up;D;1749895
Key Down;D;1750199
Key Up;D;1750311
Key Down;Q;1750399
Key Up;Q;1750902
Key Up;S;1750999
Key Down;Z;1751511
Key Down;D;1751567
Key Up;Z;1751615
Key Up;D;1751647
Key Down;D;1751951
Key Down;Z;1751967
Key Up;D;1752191
Key Down;Q;1752430
Key Up;Z;1752558
Key Up;Q;1752590
Key Down;S;1753063
Key Up;S;1753207
Key Down;Z;1753479
Key Up;Z;1753639
Key Down;S;1753887
Key Up;S;1754262
Key Down;D;1754966
Key Down;Z;1755094
Key Up;D;1755126
Key Up;Z;1755391
Key Down;Q;1755399
Key Up;Q;1755439
Key Down;S;1755703
Key Down;Q;1756055
Key Up;S;1756087
Key Up;Q;1756167
Key Down;Z;1756223
Key Up;Z;1756527
Key Down;S;1757023
Key Up;S;1757447
Key Down;S;1758303
Key Up;S;1758327
Key Down;D;1758951
Key Down;Z;1758959
Key Up;D;1759238
Key Up;Z;1759551
Key Down;Q;1759599
Key Up;Q;1759623
Key Down;S;1759831
Key Down;Q;1760327
Key Up;S;1760623
Key Up;Q;1760935
Key Down;D;1762375
Key Down;S;1762542
Key Up;S;1762719
Key Up;D;1762975
Key Down;Z;1762999
Key Up;Z;1763262
Key Down;Q;1763375
Key Up;Q;1763455
Key Down;D;1763710
Key Up;D;1763830
Key Down;S;1764495
Key Down;Q;1764583
Key Up;S;1764735
Key Up;Q;1764943
Key Down;Q;1765247
Key Up;Q;1765559
Key Down;Z;1766246
Key Up;Z;1766503
Key Down;Z;1766935
Key Up;Z;1767239
Key Down;Z;1767775
Key Up;Z;1769078
Key Down;S;1769239
Key Up;S;1769551
Key Down;D;1769815
Key Down;Z;1769879
Key Up;D;1770007
Key Down;D;1770279
Key Up;D;1770407
Key Up;Z;1770775
Key Down;Z;1772447
Key Up;Z;1772726
Key Down;S;1772879
Key Down;Q;1773831
Key Up;Q;1774031
Key Down;Q;1774663
Key Up;Q;1774791
Key Down;D;1775838
Key Up;D;1775975
Key Down;D;1776150
Key Up;D;1776238
Key Up;S;1776319
Key Down;Q;1776359
Key Up;Q;1776479
Key Down;Z;1776487
Key Up;Z;1776598
Key Down;S;1776879
Key Down;D;1776887
Key Up;D;1777207
Key Down;Q;1777367
Key Up;S;1777519
Key Down;S;1777942
Key Up;S;1778583
Key Down;Z;1778807
Key Up;Q;1779087
Key Up;Z;1779190
Key Down;Q;1779527
Key Down;Z;1779631
Key Up;Z;1779710
Key Up;Q;1779807
Key Down;Q;1780334
Key Down;Z;1780519
Key Up;Q;1781022
Key Up;Z;1781054
Key Down;Echap;1785159
Key Up;Echap;1785303
Key Down;Echap;1786423
Key Up;Echap;1786542
Key Down;Echap;1787118
Key Up;Echap;1787239
Key Down;Echap;1787742
Key Up;Echap;1787847
Key Down;Z;1787951
Key Up;Z;1788303
Key Down;Echap;1788407
Key Up;Echap;1788534
Key Down;Echap;1790278
Key Up;Echap;1790358
Key Down;S;1791143
Key Up;S;1791255
Key Down;D;1793559
Key Down;Z;1793575
Key Up;D;1793615
Key Up;Z;1793695
Key Down;S;1794695
Key Up;S;1794814
Key Down;Z;1795215
Key Up;Z;1795359
Key Down;Z;1795935
Key Up;Z;1796087
Key Down;Q;1798143
Key Down;S;1798206
Key Up;Q;1798286
Key Up;S;1798359
Key Down;S;1798639
Key Up;S;1798783
Key Down;Q;1798791
Key Up;Q;1798831
Key Down;Q;1799687
Key Up;Q;1799862
Key Down;S;1800239
Key Up;S;1800334
Key Down;Z;1800631
Key Up;Z;1800727
Key Down;Q;1800998
Key Up;Q;1801167
Key Down;S;1801638
Key Down;D;1802126
Key Up;S;1802158
Key Up;D;1802206
Key Down;S;1802639
Key Down;Q;1802735
Key Up;S;1802759
Key Up;Q;1803102
Key Down;Z;1803399
Key Up;Z;1803534
Key Down;Q;1803767
Key Down;Z;1803934
Key Up;Q;1803950
Key Up;Z;1804055
Key Down;D;1804247
Key Down;Z;1804294
Key Up;D;1804326
Key Up;Z;1804462
Key Down;Q;1804486
Key Down;S;1804671
Key Up;S;1805022
Key Up;Q;1805103
Key Down;D;1805359
Key Up;D;1805510
Key Down;Q;1806255
Key Up;Q;1806911
Key Down;Q;1807198
Key Down;Z;1807295
Key Up;Z;1807535
Key Down;S;1808054
Key Up;S;1808191
Key Up;Q;1809007
Key Down;D;1809439
Key Up;D;1809479
Key Down;Q;1809559
Key Up;Q;1809742
Key Down;D;1810542
Key Up;D;1810574
Key Down;Q;1810734
Key Up;Q;1810783
Key Down;D;1810831
Key Up;D;1811015
Key Down;Q;1811671
Key Up;Q;1811822
Key Down;Q;1812119
Key Up;Q;1812334
Key Down;D;1812527
Key Up;D;1812703
Key Down;Q;1813007
Key Up;Q;1813127
Key Down;Q;1813310
Key Down;S;1813487
Key Up;Q;1813671
Key Up;S;1814111
Key Down;D;1818279
Key Up;D;1818935
Key Down;Q;1819366
Key Up;Q;1819447
Key Down;D;1820254
Key Down;Z;1820671
Key Up;Z;1821270
Key Down;Z;1821694
Key Up;Z;1821847
Key Up;D;1821871
Key Down;Q;1821895
Key Up;Q;1822295
Key Down;D;1822686
Key Up;D;1823047
Key Down;Q;1824014
Key Up;Q;1824150
Key Down;Z;1824415
Key Up;Z;1824542
Key Down;D;1824951
Key Up;D;1825150
Key Down;Q;1825335
Key Up;Q;1825407
Key Down;S;1826830
Key Down;Q;1826943
Key Up;S;1827103
Key Up;Q;1827111
Key Down;Q;1829239
Key Down;Z;1829495
Key Up;Z;1829566
Key Up;Q;1829814
Key Down;Z;1830254
Key Up;Z;1830278
Key Down;D;1830694
Key Up;D;1830798
Key Down;Q;1831447
Key Up;Q;1831534
Key Down;D;1832031
Key Up;D;1832102
Key Down;Q;1832887
Key Down;Z;1833375
Key Up;Q;1833391
Key Up;Z;1833407
Key Down;D;1834310
Key Down;S;1834471
Key Up;S;1834887
Key Down;Z;1835126
Key Up;D;1835158
Key Down;D;1835190
Key Up;Z;1835246
Key Up;D;1835383
Key Down;D;1837903
Key Up;D;1838038
Key Down;S;1839326
Key Down;D;1839575
Key Up;S;1839710
Key Up;D;1840423
Key Down;Z;1840630
Key Down;D;1840783
Key Up;D;1840983
Key Down;D;1841399
Key Up;D;1841654
Key Up;Z;1841862
Key Down;S;1842015
Key Down;Q;1842415
Key Up;Q;1842534
Key Up;S;1842574
Key Down;Z;1842935
Key Down;D;1843054
Key Up;D;1843527
Key Up;Z;1843710
Key Down;S;1843855
Key Down;Q;1844030
Key Up;Q;1844239
Key Up;S;1844311
Key Down;S;1845158
Key Up;S;1845438
Key Down;Q;1846103
Key Down;Z;1846142
Key Up;Q;1846174
Key Up;Z;1846487
Key Down;D;1847318
Key Down;Z;1847446
Key Up;Z;1847671
Key Up;D;1848510
Key Down;D;1848558
Key Up;D;1848798
Key Down;Q;1848910
Key Up;Q;1849254
Key Down;Q;1849439
Key Down;Z;1849535
Key Up;Z;1849687
Key Down;S;1849950
Key Up;Q;1850103
Key Down;Q;1850358
Key Up;Q;1850510
Key Up;S;1850614
Key Down;S;1850966
Key Down;Q;1851151
Key Up;Q;1851263
Key Up;S;1851342
Key Down;D;1851551
Key Down;Z;1851615
Key Up;D;1851694
Key Up;Z;1851910
Key Down;S;1852055
Key Up;S;1852310
Key Down;Q;1852398
Key Up;Q;1852542
Key Down;Q;1853279
Key Up;Q;1853335
Key Down;Q;1854390
Key Down;S;1854438
Key Up;Q;1854855
Key Down;D;1854871
Key Up;S;1854887
Key Down;Z;1855087
Key Up;Z;1855455
Key Down;Z;1856358
Key Up;D;1856438
Key Down;Q;1857023
Key Up;Z;1857231
Key Down;Z;1857239
Key Up;Q;1857287
Key Down;Q;1857335
Key Up;Z;1857494
Key Up;Q;1857542
Key Down;Q;1858031
Key Up;Q;1858270
Key Down;Z;1858278
Key Up;Z;1858358
Key Down;S;1858878
Key Up;S;1859015
Key Down;D;1859326
Key Down;S;1859334
Key Up;S;1859663
Key Up;D;1859751
Key Down;D;1859798
Key Up;D;1859854
Key Down;Z;1860102
Key Up;Z;1860334
Key Down;Q;1860687
Key Up;Q;1861039
Key Down;D;1861606
Key Up;D;1861806
Key Down;Q;1861959
Key Down;Z;1862078
Key Up;Z;1862311
Key Up;Q;1863502
Key Down;D;1863670
Key Up;D;1864110
Key Down;Q;1864855
Key Down;Z;1865102
Key Up;Z;1865438
Key Up;Q;1865574
Key Down;D;1866111
Key Down;S;1866159
Key Up;S;1866487
Key Up;D;1866646
Key Down;Q;1868463
Key Up;Q;1868734
Key Down;Z;1868862
Key Up;Z;1869095
Key Down;Q;1869519
Key Up;Q;1869599
Key Down;Z;1869846
Key Up;Z;1870766
Key Down;S;1870950
Key Up;S;1871495
Key Down;S;1871639
Key Up;S;1871902
Key Down;Z;1872622
Key Down;D;1873078
Key Up;Z;1873550
Key Up;D;1873590
Key Down;Q;1873598
Key Down;S;1873774
Key Up;Q;1874070
Key Up;S;1874422
Key Down;D;1874438
Key Up;D;1874494
Key Down;Z;1874950
Key Down;D;1875463
Key Up;Z;1875815
Key Down;Q;1875926
Key Up;D;1875934
Key Down;S;1876311
Key Up;Q;1876550
Key Up;S;1876735
Key Down;Z;1877070
Key Down;D;1877215
Key Up;Z;1877327
Key Up;D;1877334
Key Down;D;1880926
Key Down;S;1881279
Key Up;S;1881766
Key Up;D;1882022
Key Down;Q;1882567
Key Up;Q;1882655
Key Down;S;1882918
Key Down;D;1882982
Key Up;S;1883054
Key Up;D;1883143
Key Down;Q;1883446
Key Up;Q;1883623
Key Down;D;1884270
Key Down;S;1884358
Key Up;D;1884519
Key Up;S;1885126
Key Down;S;1885390
Key Up;S;1885615
Key Down;D;1885734
Key Up;D;1886279
Key Down;D;1886598
Key Down;Z;1886663
Key Up;D;1886751
Key Down;Q;1887062
Key Up;Z;1887198
Key Up;Q;1887214
Key Down;Q;1887870
Key Up;Q;1887982
Key Down;D;1889606
Key Down;Z;1890062
Key Up;D;1890142
Key Up;Z;1890198
Key Down;Z;1890718
Key Up;Z;1891918
Key Down;Z;1891998
Key Up;Z;1892303
Key Down;S;1892766
Key Up;S;1893055
Key Down;Z;1893286
Key Up;Z;1893503
Key Down;S;1893678
Key Up;S;1894230
Key Down;Z;1894663
Key Up;Z;1895310
Key Down;D;1908230
Key Up;D;1909526
Key Down;Q;1909622
Key Up;Q;1909958
Key Down;Q;1910406
Key Up;Q;1910879
Key Down;D;1911046
Key Up;D;1911879
Key Down;Q;1911918
Key Up;Q;1912070
Key Down;D;1913398
Key Up;D;1913886
Key Down;D;1914182
Key Up;D;1914238
Key Down;S;1914334
Key Down;Q;1914478
Key Up;Q;1914599
Key Up;S;1914710
Key Down;Z;1914926
Key Down;D;1914998
Key Up;Z;1915119
Key Down;Z;1915598
Key Up;D;1915654
Key Down;Q;1915743
Key Up;Z;1915783
Key Up;Q;1915862
Key Down;Q;1916262
Key Down;Z;1916447
Key Up;Z;1916638
Key Up;Q;1916742
Key Down;Z;1916982
Key Up;Z;1917134
Key Down;S;1917327
Key Down;Q;1917510
Key Up;S;1917670
Key Up;Q;1917694
Key Down;D;1918022
Key Down;Z;1918118
Key Up;D;1918142
Key Up;Z;1918270
Key Down;Z;1918638
Key Up;Z;1919198
Key Down;Z;1919358
Key Down;D;1919502
Key Up;D;1919750
Key Down;Q;1919798
Key Up;Z;1919806
Key Down;S;1919918
Key Up;Q;1919966
Key Down;Q;1921366
Key Up;Q;1921542
Key Up;S;1921966
Key Down;Z;1922230
Key Down;D;1922542
Key Up;Z;1922919
Key Down;Z;1923479
Key Up;D;1923535
Key Up;Z;1923654
Key Down;Q;1923670
Key Down;S;1923910
Key Up;S;1923982
Key Up;Q;1924350
Key Down;Z;1924574
Key Up;Z;1924718
Key Down;Q;1924735
Key Up;Q;1924950
Key Down;D;1925615
Key Down;Q;1926439
Key Up;D;1926494
Key Up;Q;1926558
Key Down;Q;1926711
Key Up;Q;1926894
Key Down;D;1926942
Key Down;Z;1927087
Key Up;Z;1927342
Key Up;D;1927519
Key Down;Q;1927574
Key Down;S;1927686
Key Up;Q;1927967
Key Up;S;1928054
Key Down;D;1928062
Key Up;D;1928254
Key Down;Z;1928438
Key Up;Z;1928710
Key Down;Z;1928758
Key Down;Q;1928966
Key Up;Q;1929006
Key Up;Z;1929046
Key Down;S;1929230
Key Down;Q;1929478
Key Up;S;1929798
Key Up;Q;1930214
Key Down;S;1930630
Key Down;Q;1930750
Key Up;Q;1930847
Key Up;S;1930919
Key Down;Z;1931270
Key Up;Z;1931470
Key Down;D;1931831
Key Down;Z;1932006
Key Up;D;1932287
Key Up;Z;1932446
Key Down;Q;1932542
Key Up;Q;1932655
Key Down;Z;1932782
Key Down;D;1932966
Key Up;Z;1933062
Key Up;D;1933094
Key Down;S;1933215
Key Down;Q;1933718
Key Up;Q;1934102
Key Up;S;1934254
Key Down;S;1935414
Key Down;D;1935582
Key Up;S;1935606
Key Down;Z;1935990
Key Up;D;1936134
Key Up;Z;1936270
Key Down;D;1936350
Key Up;D;1936758
Key Down;Z;1936990
Key Down;Q;1936998
Key Up;Z;1937638
Key Down;Z;1937678
Key Up;Q;1937750
Key Up;Z;1938038
Key Down;Z;1938310
Key Down;D;1938494
Key Up;D;1938886
Key Up;Z;1938950
Key Down;Q;1938982
Key Down;S;1939254
Key Up;S;1939398
Key Up;Q;1939582
Key Down;Z;1940246
Key Down;Q;1940750
Key Up;Z;1940854
Key Up;Q;1940862
Key Down;D;1940998
Key Down;S;1941006
Key Up;D;1941215
Key Up;S;1942086
Key Down;Q;1942094
Key Up;Q;1942246
Key Down;Z;1942254
Key Up;Z;1942302
