Event;Key;Time
Key Down;Volume Down;60535
Key Up;Volume Down;60655
Key Down;Volume Down;60927
Key Up;Volume Down;61039
Key Down;Volume Down;61303
Key Up;Volume Down;61391
Key Down;Volume Down;61647
Key Up;Volume Down;61759
Key Down;Z;102542
Key Down;D;103543
Key Up;D;103806
Key Down;Q;107062
Key Up;Q;107526
Key Down;D;109414
Key Up;Z;109446
Key Down;Z;111343
Key Up;D;111478
Key Down;D;112807
Key Up;D;112942
Key Down;D;114135
Key Up;D;114326
Key Up;Z;115750
Key Down;D;122510
Key Down;Z;122982
Key Up;D;122990
Key Up;Z;129398
Key Down;Z;130463
Key Up;Z;130878
Key Down;Z;131582
Key Down;D;134846
Key Up;D;134934
Key Up;Z;149814
Key Down;A;153007
Key Up;A;156790
Key Down;A;158174
Key Up;A;158238
Key Down;Z;190390
Key Down;D;191046
Key Up;D;191206
Key Down;D;192038
Key Up;D;192518
Key Down;D;193470
Key Up;D;193718
Key Down;D;194638
Key Up;D;194902
Key Down;D;196206
Key Up;Z;196870
Key Up;D;200022
Key Down;D;201414
Key Down;Z;202102
Key Up;D;202110
Key Up;Z;202438
Key Down;D;203438
Key Up;D;203942
Key Down;Z;204118
Key Up;Z;204302
Key Down;Z;205206
Key Down;D;208798
Key Up;D;208973
Key Up;Z;209350
Key Down;Z;209982
Key Down;D;211670
Key Up;D;212078
Key Down;D;212614
Key Up;D;215294
Key Up;Z;218558
Key Down;Z;219038
Key Down;D;220934
Key Up;D;221094
Key Down;D;223230
Key Up;D;224797
Key Down;D;228822
Key Up;D;230254
Key Down;D;230910
Key Up;D;231366
Key Down;D;231710
Key Up;D;234294
Key Down;D;236670
Key Up;D;239422
Key Down;D;241358
Key Up;D;243511
Key Up;Z;258910
Key Down;Z;262022
Key Down;D;263574
Key Up;D;263942
Key Up;Z;264694
Key Down;D;266981
Key Up;D;267189
Key Down;Z;271070
Key Up;Z;271133
Key Down;Z;298797
Key Up;Z;311517
Key Down;D;388301
Key Down;Z;388533
Key Up;D;388838
Key Up;Z;389677
Key Down;Z;390565
Key Down;D;395221
Key Up;Z;395277
Key Down;Z;395397
Key Up;D;395654
Key Down;D;396429
Key Up;D;397509
Key Down;D;397557
Key Up;D;397749
Key Up;Z;398430
Key Down;Z;489989
Key Up;Z;490789
Key Down;Z;494788
Key Up;Z;510925
Key Down;Q;614244
Key Down;Z;614316
Key Up;Q;614332
Key Down;Q;615085
Key Up;Q;615268
Key Up;Z;617581
Key Down;S;617805
Key Down;D;619372
Key Up;D;619796
Key Down;Q;619860
Key Up;S;619996
Key Down;S;620261
Key Up;Q;620309
Key Down;Q;620349
Key Up;S;620413
Key Down;Z;621260
Key Up;Z;621612
Key Down;Z;622828
Key Down;E;622836
Key Up;E;622876
Key Up;Q;622908
Key Up;Z;623349
Key Down;Q;623373
Key Down;S;623732
Key Up;Q;623748
Key Down;D;624765
Key Up;S;624877
Key Down;Q;628228
Key Up;D;628348
Key Down;Z;628876
Key Up;Q;628917
Key Down;Q;630492
Key Up;Z;630508
Key Down;S;630708
Key Up;S;630940
Key Up;Q;633364
Key Down;D;634469
Key Up;D;638788
Key Down;D;647588
Key Up;D;647820
Key Down;D;648532
Key Down;Z;649252
Key Up;D;649868
Key Up;Z;651860
Key Down;S;661021
Key Down;D;664132
Key Up;D;665069
Key Down;D;666436
Key Up;S;666556
Key Down;S;667284
Key Up;D;667364
Key Up;S;669324
Key Down;Z;669548
Key Up;Z;669677
Key Down;Q;669693
Key Up;Q;671340
Key Down;Q;676580
Key Down;S;677460
Key Up;Q;677484
Key Up;S;681372
Key Down;D;681509
Key Up;D;683636
Key Down;Q;686940
Key Up;Q;687508
Key Down;Z;687636
Key Up;Z;690140
Key Down;S;690772
Key Down;Q;691564
Key Up;S;691789
Key Up;Q;693332
Key Down;Z;693348
Key Down;Q;694948
Key Up;Q;695908
Key Down;Q;696468
Key Up;Z;697476
Key Down;Z;697668
Key Up;Q;697908
Key Up;Z;698956
Key Down;S;699308
Key Up;S;700748
Key Down;S;700996
Key Down;D;702748
Key Up;S;702780
Key Down;S;703252
Key Up;D;703396
Key Down;D;704252
Key Up;D;705204
Key Up;S;706660
Key Down;Z;707332
Key Up;Z;708691
Key Down;D;713092
Key Up;D;713396
Key Down;Z;713444
Key Up;Z;713844
Key Down;D;723332
Key Down;Z;723692
Key Up;D;723716
Key Up;Z;724644
Key Down;Z;726524
Key Down;Q;729844
Key Up;Q;730044
Key Up;Z;731380
Key Down;D;733316
Key Up;D;733763
Key Down;Z;748580
Key Down;Q;751380
Key Up;Z;751468
Key Down;Z;751772
Key Up;Q;752012
Key Down;Q;752828
Key Up;Z;752940
Key Down;Z;753228
Key Up;Q;753428
Key Down;Q;754492
Key Up;Z;754660
Key Up;Q;755388
Key Down;Z;755532
Key Down;D;758700
Key Up;D;760356
Key Up;Z;760620
Key Down;Q;762627
Key Up;Q;763060
Key Down;Z;767716
Key Up;Z;769044
Key Down;Q;769316
Key Up;Q;769948
Key Down;Z;770004
Key Down;Q;770540
Key Up;Z;770692
Key Down;Z;771436
Key Up;Q;771452
Key Down;Q;772435
Key Up;Z;772523
Key Down;Z;773180
Key Up;Q;773276
Key Down;Q;774964
Key Up;Q;775508
Key Down;Q;775763
Key Up;Q;775923
Key Up;Z;783220
Key Down;Z;787684
Key Up;Z;788539
Key Down;Espace;789659
Key Down;Z;789779
Key Up;Z;790644
Key Down;Q;791091
Key Up;Espace;791163
Key Down;Z;791812
Key Up;Q;791860
Key Down;Espace;792292
Key Up;Z;795572
Key Up;Espace;795628
Key Down;Z;795692
Key Up;Z;795780
Key Down;Z;803515
Key Up;Z;803667
Key Down;Z;813524
Key Down;Espace;814291
Key Up;Espace;814548
Key Down;Espace;815091
Key Up;Espace;829844
Key Up;Z;830132
Key Down;Z;833012
Key Down;Espace;833659
Key Up;Espace;834939
Key Up;Z;835283
Key Down;Z;837068
Key Down;Espace;838420
Key Up;Espace;839443
Key Up;Z;859259
Key Down;Z;865683
Key Down;Espace;866620
Key Up;Espace;867083
Key Down;Espace;867867
Key Up;Espace;870515
Key Up;Z;871819
Key Down;Z;874195
Key Up;Z;876155
Key Down;Z;877516
Key Up;Z;883651
Key Down;Z;886195
Key Up;Z;892700
Key Down;Z;895988
Key Up;Z;896795
Key Down;Z;898051
Key Down;Espace;903316
Key Up;Espace;917500
Key Up;Z;917843
Key Down;Z;921907
Key Down;Espace;922395
Key Up;Espace;927019
Key Up;Z;927051
Key Down;Z;928707
Key Up;Z;929531
Key Down;V;930691
Key Up;V;930715
Key Down;Espace;931011
Key Up;Espace;931139
Key Down;D;964587
Key Down;Z;965194
Key Up;D;965250
Key Up;Z;966043
Key Down;Z;967267
Key Up;Z;968995
Key Down;S;969299
Key Up;S;970971
Key Down;Z;971179
Key Down;Q;971907
Key Up;Q;972059
Key Down;Espace;972195
Key Up;Z;972579
Key Down;Z;972643
Key Up;Z;979811
Key Up;Espace;981371
Key Down;Espace;982259
Key Up;Espace;982834
Key Down;Z;984059
Key Up;Z;989179
Key Down;Espace;993627
Key Up;Espace;994603
Key Down;Z;995371
Key Down;Espace;995938
Key Up;Espace;999499
Key Up;Z;999643
Key Down;Z;1006467
Key Down;Espace;1006986
Key Up;Espace;1010259
Key Up;Z;1010514
Key Down;Espace;1010995
Key Up;Espace;1011443
Key Down;Z;1019227
Key Up;Z;1032594
Key Down;Z;1035043
Key Up;Z;1045490
Key Down;Espace;1049978
Key Up;Espace;1050114
Key Down;Q;1061106
Key Up;Q;1063610
Key Down;D;1064139
Key Up;D;1067338
Key Down;Z;1067346
Key Down;Q;1067354
Key Up;Z;1067555
Key Up;Q;1068259
Key Down;D;1068298
Key Up;D;1068930
Key Down;Z;1069035
Key Up;Z;1070323
Key Down;X;1073570
Key Up;X;1073794
Key Down;Z;1080323
Key Down;D;1080714
Key Up;Z;1080826
Key Up;D;1081130
Key Down;Z;1081146
Key Up;Z;1081523
Key Down;X;1088034
Key Up;X;1088146
Key Down;D;1091170
Key Down;S;1091947
Key Up;D;1092098
Key Down;D;1092474
Key Up;S;1092634
Key Up;D;1094098
Key Down;Q;1094243
Key Up;Q;1096850
Key Down;Q;1097283
Key Up;Q;1097507
Key Down;Z;1097618
Key Up;Z;1098547
Key Down;X;1110659
Key Up;X;1110715
Key Down;D;1119731
Key Down;Z;1121235
Key Up;D;1121243
Key Up;Z;1121539
Key Down;F;1122426
Key Up;F;1122523
Key Down;F;1126290
Key Up;F;1127051
Key Down;F;1127522
Key Up;F;1127594
Key Down;F;1137058
Key Up;F;1137138
Key Down;X;1146482
Key Up;X;1146554
Key Down;Left Control;1151147
Key Up;Left Control;1154626
Key Down;Z;1218018
Key Up;Z;1220538
Key Down;D;1229730
Key Down;Z;1231322
Key Up;D;1231442
Key Down;D;1231706
Key Up;D;1232426
Key Up;Z;1236066
Key Down;Q;1237810
Key Down;Z;1238170
Key Up;Z;1238234
Key Up;Q;1238754
Key Down;Q;1239714
Key Down;Z;1239994
Key Up;Q;1240018
Key Down;Q;1240778
Key Up;Z;1241010
Key Down;Z;1241162
Key Up;Q;1241474
Key Down;Q;1242154
Key Up;Q;1243210
Key Up;Z;1245810
Key Down;D;1248242
Key Up;D;1248882
Key Down;F;1250506
Key Up;F;1250610
Key Down;Espace;1255818
Key Up;Espace;1255962
Key Down;D;1259090
Key Up;D;1260034
Key Down;Q;1261674
Key Down;Z;1262402
Key Up;Q;1262450
Key Down;D;1263145
Key Up;D;1263314
Key Down;Q;1265498
Key Up;Z;1265729
Key Down;Z;1266330
Key Up;Z;1266562
Key Down;Z;1268082
Key Up;Q;1268218
Key Down;Q;1268625
Key Up;Z;1268721
Key Up;Q;1270425
Key Down;Z;1270449
Key Down;Q;1274210
Key Up;Q;1274513
Key Down;Q;1275722
Key Up;Q;1275914
Key Up;Z;1276498
Key Down;Z;1277362
Key Up;Z;1280538
Key Down;X;1283265
Key Up;X;1283337
Key Down;Z;1285841
Key Up;Z;1288354
Key Down;Z;1296714
Key Up;Z;1298890
Key Down;Espace;1299730
Key Up;Espace;1299786
Key Down;Espace;1302338
Key Up;Espace;1302418
Key Down;Espace;1302562
Key Up;Espace;1302626
Key Down;Espace;1302730
Key Up;Espace;1302810
Key Down;Espace;1302898
Key Up;Espace;1303002
Key Down;Espace;1303074
Key Up;Espace;1303161
Key Down;Espace;1303257
Key Up;Espace;1303353
Key Down;Espace;1303505
Key Up;Espace;1303569
Key Down;Espace;1303674
Key Up;Espace;1303714
Key Down;Espace;1303810
Key Up;Espace;1303866
Key Down;Espace;1303978
Key Up;Espace;1304018
Key Down;Espace;1304122
Key Up;Espace;1304170
Key Down;Espace;1304290
Key Up;Espace;1304346
Key Down;Espace;1304474
Key Up;Espace;1304522
Key Down;Espace;1304649
Key Up;Espace;1304697
Key Down;Espace;1304809
Key Up;Espace;1304873
Key Down;Espace;1305025
Key Up;Espace;1305090
Key Down;Espace;1305226
Key Up;Espace;1305306
Key Down;Espace;1305434
Key Up;Espace;1305522
Key Down;Espace;1305874
Key Up;Espace;1305938
Key Down;Espace;1306057
Key Up;Espace;1306137
Key Down;Espace;1306586
Key Up;Espace;1306634
Key Down;Espace;1306866
Key Up;Espace;1306890
Key Down;Espace;1307082
Key Up;Espace;1307162
Key Down;Left Control;1312642
Key Down;Z;1315010
Key Up;Z;1316170
Key Up;Left Control;1316274
Key Down;Espace;1317346
Key Up;Espace;1317594
Key Down;S;1320745
Key Up;S;1322626
Key Down;Z;1324090
Key Down;Q;1325082
Key Up;Z;1325170
Key Up;Q;1326297
Key Down;Z;1326313
Key Down;Q;1327106
Key Up;Q;1327265
Key Down;Q;1328946
Key Up;Z;1329042
Key Down;Z;1329529
Key Up;Q;1329609
Key Down;Q;1331258
Key Up;Q;1331866
Key Up;Z;1332770
Key Down;S;1333769
Key Down;Q;1334530
Key Up;S;1334586
Key Up;Q;1336337
Key Down;Z;1338961
Key Up;Z;1339625
Key Down;Z;1340818
Key Down;Q;1342698
Key Up;Q;1342930
Key Down;Q;1343962
Key Up;Q;1344226
Key Up;Z;1345129
Key Down;Espace;1345610
Key Up;Espace;1345706
Key Down;Espace;1347657
Key Up;Espace;1347737
Key Down;Espace;1347865
Key Up;Espace;1347929
Key Down;Espace;1348017
Key Up;Espace;1348090
Key Down;Espace;1348186
Key Up;Espace;1348234
Key Down;Espace;1348338
Key Up;Espace;1348386
Key Down;Espace;1348498
Key Up;Espace;1348562
Key Down;Espace;1348666
Key Up;Espace;1348745
Key Down;Espace;1348841
Key Up;Espace;1348937
Key Down;Espace;1349041
Key Up;Espace;1349145
Key Down;Espace;1349233
Key Up;Espace;1349329
Key Down;Espace;1349417
Key Up;Espace;1349498
Key Down;Espace;1349594
Key Up;Espace;1349682
Key Down;Espace;1349794
Key Up;Espace;1349898
Key Down;Espace;1350042
Key Up;Espace;1350098
Key Down;Espace;1350217
Key Up;Espace;1350297
Key Down;Espace;1350393
Key Up;Espace;1350473
Key Down;Espace;1350561
Key Up;Espace;1350641
Key Down;Espace;1350729
Key Up;Espace;1350809
Key Down;Espace;1350898
Key Up;Espace;1350978
Key Down;Espace;1351082
Key Up;Espace;1351162
Key Down;Espace;1351266
Key Up;Espace;1351354
Key Down;Espace;1351570
Key Up;Espace;1351657
Key Down;Espace;1351785
Key Up;Espace;1351857
Key Down;Z;1356537
Key Up;Z;1356858
Key Down;Left Control;1358250
Key Down;Z;1358793
Key Up;Left Control;1360850
Key Up;Z;1361098
Key Down;Q;1361258
Key Up;Q;1363754
Key Down;Z;1363834
Key Down;D;1368657
Key Up;Z;1368802
Key Down;Z;1370258
Key Up;D;1370298
Key Down;D;1371073
Key Up;Z;1371241
Key Down;Z;1372177
Key Up;D;1372226
Key Down;Q;1372522
Key Up;Z;1372578
Key Up;Q;1373297
Key Down;Z;1373305
Key Down;Q;1379945
Key Up;Z;1379969
Key Down;Z;1381273
Key Up;Q;1381289
Key Up;Z;1385274
Key Down;Espace;1386121
Key Up;Espace;1386257
Key Down;S;1387041
Key Up;S;1388130
Key Down;Q;1389490
Key Up;Q;1389993
Key Down;Q;1390601
Key Up;Q;1391393
Key Down;Q;1392218
Key Up;Q;1392969
Key Down;Q;1393433
Key Up;Q;1393906
Key Down;Z;1394497
Key Up;Z;1395569
Key Down;Espace;1398442
Key Up;Espace;1398569
Key Down;Espace;1399818
Key Up;Espace;1399874
Key Down;Espace;1399977
Key Up;Espace;1400049
Key Down;Espace;1400153
Key Up;Espace;1400209
Key Down;Espace;1400321
Key Up;Espace;1400417
Key Down;Espace;1400561
Key Up;Espace;1400657
Key Down;Espace;1400745
Key Up;Espace;1400817
Key Down;Espace;1400905
Key Up;Espace;1400962
Key Down;Espace;1401042
Key Up;Espace;1401114
Key Down;Espace;1401210
Key Up;Espace;1401274
Key Down;Espace;1401841
Key Up;Espace;1401929
Key Down;Espace;1402185
Key Up;Espace;1402249
Key Down;Espace;1402362
Key Up;Espace;1402426
Key Down;Z;1405553
Key Down;Espace;1407825
Key Up;Z;1410929
Key Up;Espace;1412209
Key Down;X;1412945
Key Up;X;1413017
Key Down;E;1414658
Key Up;E;1414977
Key Down;Z;1416194
Key Up;Z;1419409
Key Down;X;1437961
Key Up;X;1438033
Key Down;F;1441297
Key Up;F;1441361
Key Down;Espace;1445945
Key Up;Espace;1446025
Key Down;Z;1448561
Key Down;D;1449353
Key Up;Z;1450354
Key Up;D;1450362
Key Down;Espace;1450609
Key Up;Espace;1450769
Key Down;Espace;1452665
Key Up;Espace;1452793
Key Down;Espace;1452889
Key Up;Espace;1452993
Key Down;Espace;1453130
Key Up;Espace;1453233
Key Down;Espace;1453337
Key Up;Espace;1453409
Key Down;Espace;1453505
Key Up;Espace;1453585
Key Down;Espace;1453697
Key Up;Espace;1453753
Key Down;Espace;1453857
Key Up;Espace;1453953
Key Down;Espace;1454025
Key Up;Espace;1454153
Key Down;Espace;1454241
Key Up;Espace;1454305
Key Down;Espace;1454417
Key Up;Espace;1454497
Key Down;Espace;1454610
Key Up;Espace;1454689
Key Down;Espace;1454801
Key Up;Espace;1454865
Key Down;Espace;1454961
Key Up;Espace;1455049
Key Down;Espace;1455129
Key Up;Espace;1455225
Key Down;Espace;1455337
Key Up;Espace;1455433
Key Down;Espace;1455537
Key Up;Espace;1455657
Key Down;Espace;1455761
Key Up;Espace;1455889
Key Down;Espace;1455994
Key Up;Espace;1456097
Key Down;Espace;1456185
Key Up;Espace;1456289
Key Down;X;1457833
Key Up;X;1457897
Key Down;Left Meta;1460554
Key Up;Left Meta;1461177
Key Down;Left Control;1462393
Key Down;Z;1462841
Key Up;Left Control;1464921
Key Up;Z;1464929
Key Down;Q;1465465
Key Up;Q;1467521
Key Down;Z;1467545
Key Down;Q;1468537
Key Up;Z;1468585
Key Down;Z;1469537
Key Up;Q;1469617
Key Down;Q;1470449
Key Up;Z;1470481
Key Up;Q;1471401
Key Down;Espace;1471729
Key Up;Espace;1471849
Key Down;Espace;1472681
Key Up;Espace;1472769
Key Down;Espace;1472865
Key Up;Espace;1472977
Key Down;Espace;1473041
Key Up;Espace;1473169
Key Down;Espace;1473249
Key Up;Espace;1473361
Key Down;Espace;1473441
Key Up;Espace;1473537
Key Down;Espace;1473577
Key Up;Espace;1473673
Key Down;Espace;1473777
Key Up;Espace;1473841
Key Down;Espace;1473945
Key Up;Espace;1474009
Key Down;Espace;1474121
Key Up;Espace;1474201
Key Down;Espace;1474305
Key Up;Espace;1474409
Key Down;Espace;1474513
Key Up;Espace;1474609
Key Down;Espace;1474721
Key Up;Espace;1474825
Key Down;Espace;1474961
Key Up;Espace;1475065
Key Down;Z;1476857
Key Up;Z;1478569
Key Down;Z;1478761
Key Up;Z;1480049
Key Down;Z;1481889
Key Up;Z;1482785
Key Down;Espace;1484297
Key Up;Espace;1484537
Key Down;Espace;1491337
Key Up;Espace;1491816
Key Down;Espace;1495561
Key Down;Z;1495865
Key Up;Z;1497464
Key Up;Espace;1497536
Key Down;Z;1500081
Key Up;Z;1500489
Key Down;Espace;1505241
Key Up;Espace;1505849
Key Down;D;1507257
Key Up;D;1507889
Key Down;Z;1507905
Key Up;Z;1508249
Key Down;X;1514480
Key Up;X;1514552
Key Down;F;1522529
Key Up;F;1522593
Key Down;Espace;1525673
Key Up;Espace;1525760
Key Down;Espace;1528121
Key Up;Espace;1528233
Key Down;Z;1535696
Key Up;Z;1536121
Key Down;Z;1541041
Key Up;Z;1542305
Key Down;X;1552512
Key Up;X;1552577
Key Down;Z;1563057
Key Down;Espace;1563464
Key Up;Espace;1565897
Key Up;Z;1566072
Key Down;Z;1567512
Key Up;Z;1569145
Key Down;Z;1579200
Key Up;Z;1581569
Key Down;Espace;1582400
Key Up;Espace;1582601
Key Down;Z;1591625
Key Up;Z;1593073
Key Down;X;1595224
Key Up;X;1595296
Key Down;Z;1657529
Key Down;Espace;1657872
Key Up;Espace;1658801
Key Up;Z;1658937
Key Down;Z;1660377
Key Down;Espace;1661096
Key Up;Espace;1661457
Key Up;Z;1661936
Key Down;D;1662544
Key Down;Z;1663696
Key Up;D;1663944
Key Down;D;1664024
Key Up;D;1664168
Key Down;D;1664425
Key Up;D;1665624
Key Down;D;1667273
Key Up;D;1668440
Key Up;Z;1668513
Key Down;Z;1673136
Key Down;D;1673529
Key Up;D;1674184
Key Down;D;1675272
Key Up;D;1675816
Key Down;Q;1677992
Key Up;Q;1678216
Key Down;Q;1679400
Key Up;Q;1679680
Key Up;Z;1682152
Key Down;D;1683768
Key Up;D;1685344
Key Down;Z;1698680
Key Up;Z;1699744
Key Down;Q;1700440
Key Down;Z;1700760
Key Up;Q;1700800
Key Down;Q;1702713
Key Up;Q;1703056
Key Down;Q;1703552
Key Up;Q;1704081
Key Down;Q;1705160
Key Up;Z;1705537
Key Down;Z;1706080
Key Up;Q;1706152
Key Down;Q;1706696
Key Up;Z;1706929
Key Down;Z;1707912
Key Up;Q;1707960
Key Down;E;1708880
Key Up;E;1709288
Key Up;Z;1709640
Key Down;D;1710520
Key Down;Z;1711080
Key Up;D;1711168
Key Down;Q;1712544
Key Up;Q;1712712
Key Down;Q;1715008
Key Up;Q;1715128
Key Down;Q;1722976
Key Up;Q;1723160
Key Up;Z;1724049
Key Down;D;1756368
Key Down;S;1756719
Key Up;D;1756752
Key Up;S;1757160
Key Down;S;1759360
Key Up;S;1760384
Key Down;Q;1760544
Key Up;Q;1760863
Key Down;Espace;1761736
Key Up;Espace;1761888
Key Down;Espace;1764928
Key Up;Espace;1765056
Key Down;Espace;1766200
Key Down;D;1766455
Key Up;D;1766575
Key Down;D;1766599
Key Up;D;1766728
Key Down;D;1766784
Key Down;Q;1767600
Key Up;D;1767616
Key Up;Q;1767951
Key Down;Q;1768312
Key Down;Z;1768736
Key Up;Q;1768840
Key Up;Espace;1768888
Key Down;Q;1769072
Key Up;Z;1769136
Key Up;Q;1769591
Key Down;Q;1774976
Key Up;Q;1775416
Key Down;Q;1775576
Key Up;Q;1776719
Key Down;Espace;1777256
Key Up;Espace;1777696
Key Down;Z;1778664
Key Up;Z;1779704
Key Down;Q;1779840
Key Up;Q;1780040
Key Down;Espace;1781016
Key Up;Espace;1781976
Key Down;Z;1784648
Key Down;Q;1784672
Key Down;D;1784736
Key Up;Z;1785112
Key Up;D;1785440
Key Up;Q;1785480
Key Down;Z;1786728
Key Up;Z;1787464
Key Down;Q;1787504
Key Up;Q;1787944
Key Down;Z;1788392
Key Up;Z;1790824
Key Down;Espace;1791872
Key Up;Espace;1793672
Key Down;Z;1795232
Key Down;Espace;1795847
Key Up;Espace;1796039
Key Down;Espace;1796184
Key Up;Espace;1796312
Key Down;Espace;1796448
Key Up;Espace;1796536
Key Up;Z;1796584
Key Down;Espace;1797207
Key Up;Espace;1797936
Key Down;Espace;1798144
Key Up;Espace;1798639
Key Down;Espace;1798807
Key Down;Z;1798959
Key Up;Espace;1799024
Key Up;Z;1799144
Key Down;Z;1799208
Key Down;Espace;1799912
Key Up;Espace;1800039
Key Down;Espace;1800191
Key Up;Espace;1800279
Key Down;Espace;1800400
Key Up;Espace;1800520
Key Down;Espace;1800672
Key Up;Espace;1800792
Key Up;Z;1801024
Key Down;Z;1801224
Key Down;Espace;1801232
Key Up;Espace;1801312
Key Up;Z;1801391
Key Down;Q;1802392
Key Down;Espace;1803023
Key Up;Q;1803472
Key Up;Espace;1804503
Key Down;Espace;1804648
Key Up;Espace;1804976
Key Down;S;1805240
Key Up;S;1805576
Key Down;Espace;1805815
Key Down;D;1805967
Key Up;Espace;1806168
Key Down;Z;1807584
Key Up;D;1807936
Key Up;Z;1808519
Key Down;Q;1810904
Key Down;Espace;1811655
Key Up;Q;1811776
Key Up;Espace;1812024
Key Down;Q;1812064
Key Up;Q;1812296
Key Down;Espace;1813128
Key Down;Q;1813480
Key Up;Q;1813640
Key Down;Q;1813776
Key Up;Espace;1813840
Key Down;Espace;1814056
Key Up;Q;1814215
Key Up;Espace;1814447
Key Down;D;1815432
Key Up;D;1815944
Key Down;D;1873760
Key Up;D;1874615
Key Down;Z;1875496
Key Up;Z;1875951
Key Down;Z;1876840
Key Up;Z;1878360
Key Down;Z;1880359
Key Down;Q;1880863
Key Up;Z;1880936
Key Down;Z;1881272
Key Up;Q;1881328
Key Down;D;1882624
Key Up;Z;1882720
Key Up;D;1883119
Key Down;Z;1883151
Key Up;Z;1883751
Key Down;Espace;1899319
Key Up;Espace;1899407
Key Down;V;1900640
Key Up;V;1900855
Key Down;Espace;1901159
Key Up;Espace;1901351
Key Down;Entrée;1904367
Key Up;Entrée;1904439
Key Down;Entrée;1917687
Key Up;Entrée;1917759
Key Down;Echap;1920336
Key Up;Echap;1920407
Key Down;Z;1924679
Key Up;Z;1924751
Key Down;Q;1925336
Key Down;Espace;1925535
Key Up;Espace;1925663
Key Down;Espace;1925783
Key Up;Espace;1925903
Key Down;Espace;1926039
Key Up;Espace;1926095
Key Down;Espace;1926199
Key Up;Espace;1926231
Key Up;Q;1926592
Key Down;D;1927391
Key Down;Espace;1927807
Key Up;Espace;1927839
Key Down;Espace;1927959
Key Up;Espace;1928008
Key Down;Espace;1928112
Key Up;Espace;1928176
Key Up;D;1928719
Key Down;Z;1937055
Key Down;Q;1938127
Key Up;Q;1938463
Key Down;D;1939983
Key Up;Z;1940191
Key Up;D;1940983
Key Down;Q;1941399
Key Down;Z;1942527
Key Up;Z;1942863
Key Up;Q;1942919
Key Down;Espace;1943320
Key Down;C;1943328
Key Up;Espace;1943375
Key Up;C;1943383
Key Down;Z;1965887
Key Down;D;1966367
Key Up;Z;1967391
Key Up;D;1967880
Key Down;D;1968127
Key Up;D;1968727
Key Down;Q;1970447
Key Up;Q;1971551
Key Down;Q;2016879
Key Up;Q;2019294
Key Down;Z;2019543
Key Down;Q;2020255
Key Up;Z;2020391
Key Up;Q;2020678
Key Down;Z;2021623
Key Down;Q;2022182
Key Up;Q;2023719
Key Down;Q;2025767
Key Up;Z;2025799
Key Down;Z;2026823
Key Up;Q;2026863
Key Up;Z;2029983
Key Down;Echap;2054415
Key Up;Echap;2054487
Key Down;Z;2056391
Key Down;Q;2057086
Key Up;Z;2057327
Key Down;Z;2057863
Key Up;Q;2057943
Key Down;D;2058358
Key Up;Z;2059071
Key Down;Z;2059247
Key Up;D;2059455
Key Down;Q;2059599
Key Up;Q;2059742
Key Down;Q;2059942
Key Up;Q;2060151
Key Up;Z;2061863
Key Down;Z;2063151
Key Up;Z;2063894
Key Down;Espace;2064439
Key Up;Espace;2064543
Key Down;Z;2068134
Key Down;Q;2071343
Key Up;Z;2071551
Key Down;Z;2071655
Key Up;Q;2072423
Key Up;Z;2072583
Key Down;Espace;2072615
Key Up;Espace;2073135
Key Down;D;2074143
Key Up;D;2075519
Key Down;D;2075663
Key Up;D;2076310
Key Down;D;2077191
Key Up;D;2077646
Key Down;D;2077854
Key Down;Espace;2077910
Key Up;D;2077958
Key Down;D;2078399
Key Up;D;2078551
Key Up;Espace;2078695
Key Down;Espace;2079014
Key Up;Espace;2079086
Key Down;Espace;2087302
Key Up;Espace;2087358
Key Down;Espace;2087431
Key Down;Q;2087519
Key Up;Espace;2087575
Key Down;Espace;2088199
Key Up;Espace;2088255
Key Down;Espace;2088350
Key Up;Espace;2088398
Key Down;Espace;2088494
Key Up;Espace;2088566
Key Up;Q;2088887
Key Down;D;2092391
Key Down;Z;2092662
Key Down;Espace;2093583
Key Up;Espace;2093687
Key Down;Espace;2093767
Key Up;Espace;2093902
Key Down;Q;2094631
Key Up;D;2094823
Key Down;Espace;2095622
Key Down;D;2095638
Key Up;Q;2095670
Key Up;D;2095870
Key Up;Espace;2096079
Key Down;Q;2096303
Key Down;Espace;2097022
Key Up;Espace;2097118
Key Down;Espace;2097222
Key Up;Q;2097254
Key Up;Espace;2097335
Key Up;Z;2098087
Key Down;Q;2098238
Key Up;Q;2098263
Key Down;Z;2102430
Key Down;Q;2103727
Key Up;Z;2103879
Key Down;Z;2103967
Key Up;Q;2104087
Key Down;Q;2104295
Key Up;Q;2104710
Key Down;Espace;2108958
Key Up;Z;2109647
Key Up;Espace;2110583
Key Down;Z;2110687
Key Down;Espace;2112463
Key Up;Espace;2113094
Key Down;Espace;2113343
Key Up;Espace;2113711
Key Down;Espace;2121438
Key Up;Espace;2123039
Key Up;Z;2123095
Key Down;Entrée;2132447
Key Up;Entrée;2132527
Key Down;Tab;2136966
Key Up;Tab;2137062
Key Down;Echap;2144191
Key Up;Echap;2144255
Key Down;Q;2147606
Key Down;Z;2147814
Key Up;Q;2147862
Key Down;D;2148398
Key Up;D;2148998
Key Down;Q;2149734
Key Up;Z;2149830
Key Down;Z;2150454
Key Up;Q;2150494
Key Down;E;2151047
Key Up;Z;2151079
Key Up;E;2151734
Key Down;D;2152518
Key Up;D;2153222
Key Down;Z;2153927
Key Down;Q;2155239
Key Up;Q;2155638
Key Down;Q;2156118
Key Up;Q;2156327
Key Down;Q;2156583
Key Up;Q;2156790
Key Up;Z;2158494
Key Down;Z;2162151
Key Up;Z;2163006
Key Down;Tab;2175718
Key Up;Tab;2175774
Key Down;Echap;2179727
Key Up;Echap;2179839
Key Down;Q;2180766
Key Down;Z;2181103
Key Up;Q;2181151
Key Down;D;2182134
Key Down;Q;2182894
Key Up;D;2183062
Key Up;Q;2183519
Key Down;D;2183543
Key Up;D;2184734
Key Down;D;2185446
Key Up;D;2185766
Key Up;Z;2186383
Key Down;Tab;2186662
Key Up;Tab;2186766
Key Down;Echap;2188806
Key Up;Echap;2188902
Key Down;Z;2189534
Key Down;D;2190086
Key Up;D;2191446
Key Down;D;2195350
Key Up;Z;2195366
Key Down;Z;2196183
Key Up;D;2196342
Key Down;D;2196582
Key Up;Z;2196894
Key Down;Z;2198094
Key Up;D;2198310
Key Down;D;2198734
Key Up;D;2198975
Key Down;D;2199630
Key Up;Z;2199902
Key Down;Z;2200150
Key Up;D;2200246
Key Down;Q;2200934
Key Up;Q;2201118
Key Up;Z;2207343
Key Down;Right Shift;2213038
Key Up;Right Shift;2213039
Key Up;Fin;2213039
Key Down;Right Shift;2213040
Key Up;Right Shift;2213040
Key Down;Origine;2213040
Key Up;Origine;2213040
Key Down;Right Shift;2213040
Key Up;Right Shift;2213040
Key Down;Haut;2213040
Key Up;Haut;2213040
Key Down;Right Shift;2213041
Key Down;Virgule;2213041
Key Up;Virgule;2213041
Key Up;Right Shift;2213041
Key Down;Haut;2213041
Key Up;Haut;2213041
Key Down;Right Shift;2213041
Key Up;Right Shift;2213041
Key Down;Page suivante;2213041
Key Up;Page suivante;2213042
Key Down;Right Shift;2213042
Key Down;Virgule;2213042
Key Up;Virgule;2213042
Key Up;Right Shift;2213042
Key Down;Fin;2213042
Key Up;Fin;2213042
Key Down;Right Shift;2213042
Key Up;Right Shift;2213043
Key Down;Fin;2213043
Key Up;Fin;2213043
Key Down;Right Shift;2213043
Key Up;Right Shift;2213043
Key Down;Fin;2213043
Key Up;Fin;2213043
Key Down;Right Shift;2213043
Key Down;Virgule;2213043
Key Up;Virgule;2213044
Key Up;Right Shift;2213044
Key Down;Page suivante;2213044
Key Up;Page suivante;2213044
Key Down;Right Shift;2213044
Key Up;Right Shift;2213044
Key Down;Page précédente;2213044
Key Up;Page précédente;2213044
Key Down;Right Shift;2213044
Key Down;Virgule;2213044
Key Up;Virgule;2213045
Key Up;Right Shift;2213045
Key Down;Fin;2213045
Key Up;Fin;2213045
Key Down;Right Shift;2213045
Key Up;Right Shift;2213045
Key Down;Insérer;2213045
Key Up;Insérer;2213045
Key Down;Right Shift;2213045
Key Up;Right Shift;2213046
Key Down;Insérer;2213046
Key Up;Insérer;2213046
Key Down;Right Shift;2213046
Key Down;Virgule;2213046
Key Up;Virgule;2213046
Key Up;Right Shift;2213047
Key Down;Page précédente;2213047
Key Up;Page précédente;2213047
Key Down;Right Shift;2213047
Key Up;Right Shift;2213047
Key Down;Page précédente;2213047
Key Up;Page précédente;2213047
Key Down;Right Shift;2213047
Key Down;Entrée;2213048
Key Up;Entrée;2213048
Key Down;Barre oblique;2213049
Key Up;Right Shift;2213050
Key Up;Barre oblique;2213050
Key Down;B;2213050
Key Up;B;2213051
Key Down;Espace;2213051
Key Up;Espace;2213052
Key Down;O;2213052
Key Up;O;2213052
Key Down;V;2213053
Key Up;V;2213053
Key Down;E;2213053
Key Up;E;2213054
Key Down;R;2213054
Key Up;R;2213054
Key Down;Espace;2213054
Key Up;Espace;2213055
Key Down;D;2213055
Key Up;D;2213055
Key Down;NumPad 1;2213055
Key Up;NumPad 1;2213055
Key Down;NumPad 0;2213055
Key Up;NumPad 0;2213056
Key Down;Entrée;2213056
Key Up;Entrée;2213057
Key Down;Right Shift;2213057
Key Down;Barre oblique;2213057
Key Up;Right Shift;2213058
Key Up;Barre oblique;2213058
Key Down;B;2213058
Key Up;B;2213058
Key Down;NumPad 2;2213058
Key Up;NumPad 2;2213059
Key Down;NumPad 0;2213059
Key Up;NumPad 0;2213059
Key Down;Entrée;2213059
Key Up;Entrée;2213059
Key Down;Right Shift;2213059
Key Down;Barre oblique;2213059
Key Up;Right Shift;2213060
Key Up;Barre oblique;2213060
Key Down;V;2213060
Key Up;V;2213060
Key Down;NumPad 1;2213060
Key Up;NumPad 1;2213060
Key Down;Entrée;2213060
Key Up;Entrée;2213061
Key Down;Virgule;2213061
Key Up;Virgule;2213061
Key Down;NumPad 1;2213061
Key Up;NumPad 1;2213061
Key Down;NumPad 6;2213061
Key Up;NumPad 6;2213062
Key Down;NumPad 1;2213062
Key Up;NumPad 1;2213062
Key Down;Virgule;2213062
Key Up;Virgule;2213062
Key Down;NumPad 1;2213062
Key Up;NumPad 1;2213063
Key Down;NumPad 7;2213063
Key Up;NumPad 7;2213063
Key Down;NumPad 8;2213063
Key Up;NumPad 8;2213063
Key Down;Virgule;2213064
Key Up;Virgule;2213064
Key Down;NumPad 8;2213064
Key Up;NumPad 8;2213064
Key Down;NumPad 3;2213065
Key Up;NumPad 3;2213065
Key Down;Virgule;2213065
Key Up;Virgule;2213065
Key Down;NumPad 1;2213065
Key Up;NumPad 1;2213066
Key Down;NumPad 1;2213066
Key Up;NumPad 1;2213066
Key Down;NumPad 1;2213066
Key Up;NumPad 1;2213067
Key Down;Virgule;2213068
Key Up;Virgule;2213068
Key Down;NumPad 3;2213069
Key Up;NumPad 3;2213069
Key Down;NumPad 9;2213070
Key Up;NumPad 9;2213070
Key Down;Virgule;2213070
Key Up;Virgule;2213071
Key Down;NumPad 1;2213071
Key Up;NumPad 1;2213072
Key Down;NumPad 0;2213072
Key Up;NumPad 0;2213073
Key Down;NumPad 0;2213073
Key Up;NumPad 0;2213074
Key Down;Virgule;2213074
Key Up;Virgule;2213074
Key Down;NumPad 9;2213074
Key Up;NumPad 9;2213074
Key Down;NumPad 9;2213075
Key Up;NumPad 9;2213075
Key Down;Entrée;2213075
Key Up;Entrée;2213075
Key Down;Right Shift;2213075
Key Down;Barre oblique;2213076
Key Up;Right Shift;2213076
Key Up;Barre oblique;2213076
Key Down;B;2213076
Key Up;B;2213076
Key Down;Espace;2213076
Key Up;Espace;2213077
Key Down;O;2213077
Key Up;O;2213077
Key Down;V;2213077
Key Up;V;2213077
Key Down;E;2213077
Key Up;E;2213078
Key Down;R;2213078
Key Up;R;2213078
Key Down;Espace;2213078
Key Up;Espace;2213078
Key Down;D;2213079
Key Up;D;2213079
Key Down;NumPad 1;2213079
Key Up;NumPad 1;2213079
Key Down;NumPad 0;2213079
Key Up;NumPad 0;2213079
Key Down;Entrée;2213080
Key Up;Entrée;2213080
Key Down;Right Shift;2213080
Key Down;Barre oblique;2213080
Key Up;Right Shift;2213080
Key Up;Barre oblique;2213080
Key Down;B;2213081
Key Up;B;2213081
Key Down;NumPad 2;2213081
Key Up;NumPad 2;2213081
Key Down;NumPad 0;2213081
Key Up;NumPad 0;2213082
Key Down;Entrée;2213082
Key Up;Entrée;2213082
Key Down;Right Shift;2213082
Key Down;Barre oblique;2213082
Key Up;Right Shift;2213082
Key Up;Barre oblique;2213083
Key Down;V;2213083
Key Up;V;2213083
Key Down;NumPad 1;2213083
Key Up;NumPad 1;2213083
Key Down;Entrée;2213084
Key Up;Entrée;2213084
Key Down;Right Shift;2226716
Key Down;Barre oblique;2226830
Key Up;Right Shift;2226909
Key Up;Barre oblique;2226972
Key Down;H;2227034
Key Up;H;2227129
Key Down;O;2227206
Key Up;O;2227284
Key Down;M;2227394
Key Up;M;2227488
Key Down;E;2227614
Key Up;E;2227691
Key Down;Entrée;2227879
Key Up;Entrée;2227987
Key Down;Echap;2231766
Key Up;Echap;2231854
Key Down;Echap;2237158
Key Up;Echap;2237222
Key Down;Right Shift;2280382
Key Down;Barre oblique;2280504
Key Up;Right Shift;2280582
Key Up;Barre oblique;2280643
Key Down;H;2280707
Key Up;H;2280800
Key Down;O;2280877
Key Up;O;2280956
Key Down;M;2281066
Key Up;M;2281160
Key Down;E;2281284
Key Up;E;2281362
Key Down;Entrée;2281550
Key Up;Entrée;2281659
Key Down;Echap;2322837
Key Up;Echap;2322933
Key Down;Echap;2329334
Key Up;Echap;2329390
Key Down;Echap;2336030
Key Up;Echap;2336094
Key Down;Echap;2341550
Key Up;Echap;2341606
Key Down;F;2344750
Key Up;F;2346494
Key Down;X;2347454
Key Up;X;2347526
Key Down;F;2350093
Key Up;F;2351149
Key Down;F;2351533
Key Up;F;2352541
Key Down;Q;2373118
Key Up;Q;2373510
Key Down;X;2381357
Key Up;X;2381430
Key Down;Q;2381838
Key Up;Q;2382269
Key Down;Z;2382373
Key Up;Z;2382910
Key Down;Z;2382990
Key Down;D;2383030
Key Up;Z;2383054
Key Up;D;2383150
Key Down;Z;2388109
Key Up;Z;2390541
Key Down;Z;2390869
Key Up;Z;2391453
Key Down;Z;2394533
Key Up;Z;2394870
Key Down;Z;2402934
Key Up;Z;2404285
Key Down;Z;2406038
Key Up;Z;2410101
Key Down;Tab;2411758
Key Up;Tab;2411822
Key Down;Echap;2418309
Key Up;Echap;2418365
Key Down;Z;2421381
Key Down;Q;2422101
Key Up;Z;2422197
Key Down;Z;2422309
Key Up;Z;2422405
Key Down;Z;2422901
Key Up;Q;2423030
Key Down;Q;2423334
Key Up;Z;2423461
Key Down;Z;2425429
Key Up;Q;2425469
Key Down;Q;2426094
Key Up;Z;2426190
Key Down;Z;2426309
Key Up;Q;2426421
Key Down;Q;2427709
Key Up;Q;2428413
Key Up;Z;2433269
Key Down;Tab;2433982
Key Up;Tab;2434125
Key Down;Echap;2438789
Key Up;Echap;2438869
Key Down;Q;2439589
Key Up;Q;2441414
Key Down;Verrouillage des majuscules;2441638
Key Down;A;2441733
Key Up;Verrouillage des majuscules;2441774
Key Up;A;2442229
Key Down;Echap;2445358
Key Up;Echap;2445406
Key Down;A;2450821
Key Up;A;2450886
Key Down;Z;2452117
Key Down;D;2455837
Key Up;Z;2455901
Key Down;Z;2456590
Key Up;D;2456638
Key Up;Z;2460133
Key Down;Tab;2461477
Key Up;Tab;2461557
Key Down;Echap;2464741
Key Up;Echap;2464822
Key Down;S;2467045
Key Up;S;2468701
Key Down;Z;2468925
Key Down;Q;2471093
Key Up;Q;2471269
Key Down;D;2471806
Key Up;D;2472157
Key Down;D;2473046
Key Up;D;2473205
Key Down;D;2475373
Key Up;D;2475902
Key Down;D;2476205
Key Up;D;2476573
Key Down;Q;2477069
Key Up;Q;2477509
Key Down;D;2478757
Key Up;D;2478837
Key Up;Z;2478877
Key Down;Tab;2479597
Key Up;Tab;2479669
Key Down;Echap;2481837
Key Up;Echap;2481901
Key Down;Z;2482789
Key Down;Q;2487733
Key Up;Z;2487981
Key Up;Q;2488565
Key Down;Z;2488621
Key Up;Z;2489573
Key Down;Z;2491733
Key Up;Z;2493285
Key Down;Z;2495253
Key Up;Z;2499669
Key Down;X;2500509
Key Up;X;2500581
Key Down;D;2526493
Key Up;D;2527541
Key Down;Z;2529564
Key Up;Z;2529925
Key Down;Z;2542165
Key Down;D;2543045
Key Up;D;2543357
Key Up;Z;2543868
Key Down;D;2547821
Key Down;Z;2550245
Key Up;D;2550261
Key Up;Z;2552677
Key Down;A;2554357
Key Up;A;2554413
Key Down;A;2555085
Key Up;A;2555164
Key Down;Z;2562141
Key Up;Z;2563933
Key Down;D;2572413
Key Up;D;2573164
Key Down;Z;2573196
Key Down;Q;2573604
Key Up;Q;2573957
Key Up;Z;2575988
Key Down;S;2577676
Key Up;S;2578525
Key Down;Z;2579109
Key Up;Z;2579269
Key Down;Z;2579981
Key Up;Z;2580172
Key Down;Z;2586564
Key Up;Z;2588293
Key Down;Q;2591333
Key Down;Z;2591805
Key Up;Z;2591972
Key Down;Z;2592012
Key Up;Q;2592108
Key Up;Z;2593013
Key Down;Q;2593757
Key Up;Q;2594125
Key Down;D;2610332
Key Up;D;2610853
Key Down;Z;2611980
Key Up;Z;2612309
Key Down;Q;2615069
Key Up;Q;2615301
Key Down;Z;2615501
Key Up;Z;2615804
Key Down;D;2616229
Key Up;D;2616549
Key Down;Z;2617236
Key Up;Z;2617348
Key Down;Q;2618388
Key Up;Q;2619349
Key Down;Z;2619820
Key Up;Z;2622957
Key Down;Z;2624053
Key Up;Z;2626837
Key Down;Q;2628852
Key Up;Q;2629221
Key Down;Z;2630300
Key Up;Z;2631197
Key Down;D;2644476
Key Down;Z;2645045
Key Up;D;2645053
Key Up;Z;2646317
Key Down;D;2648908
Key Down;Z;2649133
Key Up;D;2649157
Key Down;D;2649325
Key Up;D;2649405
Key Up;Z;2651748
Key Down;S;2654580
Key Up;S;2655037
Key Down;Espace;2658877
Key Up;Espace;2658989
Key Down;Espace;2659972
Key Up;Espace;2664372
Key Down;Z;2671740
Key Down;D;2672572
Key Up;Z;2676004
Key Up;D;2676412
Key Down;Z;2680061
Key Up;Z;2680756
Key Down;Z;2680868
Key Up;Z;2681237
Key Down;S;2682612
Key Up;S;2682860
Key Down;Z;2693132
Key Up;Z;2693292
Key Down;Q;2695356
Key Up;Q;2695988
Key Down;Z;2699556
Key Down;D;2700196
Key Up;D;2700492
Key Up;Z;2700868
Key Down;Z;2707660
Key Down;D;2708205
Key Up;D;2709268
Key Down;D;2710564
Key Up;Z;2710917
Key Down;Z;2711612
Key Up;D;2711652
Key Up;Z;2717212
Key Down;Z;2719044
Key Down;D;2719732
Key Up;D;2719884
Key Up;Z;2725012
Key Down;Q;2726581
Key Up;Q;2726948
Key Down;Z;2729044
Key Down;D;2729796
Key Up;D;2730492
Key Up;Z;2732356
Key Down;Z;2733236
Key Down;Espace;2741876
Key Up;Espace;2743164
Key Down;Espace;2743804
Key Up;Espace;2747428
Key Up;Z;2747540
Key Down;Z;2748420
Key Up;Z;2749596
Key Down;Espace;2750212
Key Down;Z;2750244
Key Up;Espace;2751916
Key Up;Z;2752196
Key Down;Z;2800660
Key Up;Z;2801868
Key Down;Z;2806196
Key Down;D;2807396
Key Up;D;2807692
Key Up;Z;2808356
Key Down;F;2818836
Key Up;F;2821436
Key Down;Espace;2821996
Key Up;Espace;2822124
Key Down;Espace;2824636
Key Up;Espace;2824756
Key Down;F;2826028
Key Up;F;2826196
Key Down;Espace;2827772
Key Up;Espace;2828115
Key Down;E;2829068
Key Up;E;2829668
Key Down;Espace;2832980
Key Down;Z;2834492
Key Up;Espace;2835692
Key Down;Espace;2835788
Key Up;Espace;2836964
Key Up;Z;2837116
Key Down;Espace;2837364
Key Up;Espace;2837708
Key Down;Espace;2838204
Key Up;Espace;2838260
Key Down;D;2840795
Key Up;D;2844995
Key Down;Espace;2846227
Key Up;Espace;2846339
Key Down;Z;2848628
Key Down;D;2851931
Key Up;Z;2852019
Key Up;D;2853348
Key Down;Espace;2853732
Key Up;Espace;2853844
Key Down;Espace;2854828
Key Up;Espace;2854980
Key Down;Espace;2855084
Key Up;Espace;2855172
Key Down;Espace;2855260
Key Up;Espace;2855324
Key Down;Espace;2855420
Key Up;Espace;2855492
Key Down;Espace;2855587
Key Up;Espace;2855675
Key Down;Espace;2855763
Key Up;Espace;2855835
Key Down;Espace;2855915
Key Up;Espace;2855995
Key Down;Espace;2856075
Key Up;Espace;2856156
Key Down;Espace;2856236
Key Up;Espace;2856324
Key Down;Espace;2856404
Key Up;Espace;2856508
Key Down;Espace;2856596
Key Up;Espace;2856684
Key Down;Espace;2856756
Key Up;Espace;2856844
Key Down;Espace;2856916
Key Up;Espace;2857011
Key Down;Espace;2857091
Key Up;Espace;2857187
Key Down;Espace;2857267
Key Up;Espace;2857379
Key Down;Espace;2857443
Key Up;Espace;2857604
Key Down;Z;2858675
Key Down;Q;2859428
Key Up;Z;2859548
Key Up;Q;2860115
Key Down;Z;2861611
Key Up;Z;2862444
Key Down;Espace;2864179
Key Up;Espace;2864323
Key Down;F;2865491
Key Up;F;2865628
Key Down;Espace;2866723
Key Up;Espace;2867532
Key Down;F;2869435
Key Down;Espace;2870492
Key Up;Espace;2871644
Key Up;F;2871796
Key Down;D;2874556
Key Down;Z;2875019
Key Up;D;2875035
Key Up;Z;2875427
Key Down;Z;2876299
Key Up;Z;2878235
Key Down;D;2887564
Key Up;D;2889564
Key Down;Z;2893379
Key Up;Z;2894060
Key Down;Z;2898003
Key Up;Z;2899860
Key Down;Z;2900211
Key Up;Z;2900491
Key Down;X;2902812
Key Up;X;2902892
Key Down;F;2914787
Key Up;F;2916043
Key Down;F;2916267
Key Up;F;2917699
Key Down;F;2929083
Key Up;F;2929867
Key Down;X;2941979
Key Up;X;2942059
Key Down;Z;2943027
Key Down;Q;2944187
Key Up;Z;2944259
Key Up;Q;2944827
Key Down;Z;2945052
Key Down;Q;2946147
Key Up;Q;2946484
Key Up;Z;2947075
Key Down;Z;2963435
Key Down;Espace;2964372
Key Up;Espace;2965867
Key Up;Z;2965979
Key Down;Z;2966875
Key Up;Z;2967820
Key Down;Espace;2972483
Key Up;Espace;2972691
Key Down;Q;2974635
Key Up;Q;2975155
Key Down;Z;2975404
Key Up;Z;2975563
Key Down;Espace;2977259
Key Up;Espace;2977555
Key Down;F;2980595
Key Down;Espace;2981107
Key Up;F;2982603
Key Up;Espace;2982691
Key Down;Z;2983443
Key Down;D;2984195
Key Up;D;2984755
Key Up;Z;2984915
Key Down;Z;2986275
Key Down;Espace;2987843
Key Up;Z;2987923
Key Up;Espace;2987995
Key Down;Z;2992779
Key Down;Espace;2993115
Key Up;Espace;2993931
Key Up;Z;2993971
Key Down;Z;2994243
Key Up;Z;2994755
Key Down;S;2999363
Key Up;S;2999795
Key Down;Z;3000203
Key Up;Z;3000603
Key Down;Left Control;3004603
Key Down;Z;3005563
Key Up;Z;3008379
Key Up;Left Control;3008427
Key Down;Z;3009275
Key Down;Espace;3009779
Key Up;Espace;3011267
Key Up;Z;3011459
Key Down;Espace;3014331
Key Up;Espace;3015923
Key Down;Q;3018683
Key Up;Q;3028035
Key Down;Espace;3029499
Key Up;Espace;3029635
Key Down;Z;3031507
Key Down;Espace;3033979
Key Up;Espace;3034875
Key Up;Z;3035995
Key Down;Z;3038859
Key Up;Z;3044235
Key Down;Espace;3045491
Key Up;Espace;3045603
Key Down;Z;3045819
Key Down;Espace;3047891
Key Up;Espace;3048467
Key Up;Z;3048731
Key Down;Espace;3048955
Key Up;Espace;3049307
Key Down;Z;3049947
Key Up;Z;3053419
Key Down;F;3055243
Key Down;Espace;3056419
Key Up;F;3058131
Key Up;Espace;3058139
Key Down;Z;3059131
Key Down;Q;3059723
Key Up;Q;3060195
Key Up;Z;3060539
Key Down;Z;3068923
Key Down;Left Meta;3070514
Key Up;Left Meta;3071115
Key Up;Z;3071267
Key Down;Left Control;3072411
Key Down;Left Shift;3072419
Key Up;Left Shift;3072531
Key Down;Z;3073451
Key Up;Z;3082347
Key Up;Left Control;3082451
Key Down;Z;3083843
Key Up;Z;3085859
Key Down;X;3086819
Key Up;X;3089114
Key Down;Z;3090282
Key Up;Z;3091762
Key Down;X;3094019
Key Up;X;3097259
Key Down;Left Control;3103347
Key Up;Left Control;3103522
Key Down;Left Control;3106995
Key Up;Left Control;3107146
Key Down;Left Control;3111987
Key Up;Left Control;3112115
Key Down;Left Control;3113675
Key Up;Left Control;3113818
Key Down;Echap;3121842
Key Up;Echap;3122019
Key Down;Echap;3132899
Key Up;Echap;3133090
Key Down;D;3134754
Key Down;Z;3135419
Key Up;D;3135459
Key Down;D;3135739
Key Up;Z;3135843
Key Up;D;3137250
Key Down;F;3142442
Key Down;Espace;3143179
Key Up;Espace;3144906
Key Up;F;3144922
Key Down;Z;3147474
Key Up;Z;3147642
Key Down;Espace;3151394
Key Up;Espace;3151522
Key Down;Espace;3151610
Key Up;Espace;3151843
Key Down;Z;3187338
Key Down;Q;3188602
Key Up;Q;3189146
Key Up;Z;3190242
Key Down;S;3190762
Key Down;Q;3191458
Key Up;S;3191538
Key Down;Z;3192827
Key Up;Q;3192859
Key Down;Q;3193434
Key Up;Z;3193530
Key Down;Z;3193658
Key Up;Z;3196106
Key Up;Q;3196130
Key Down;X;3196851
Key Up;X;3197227
Key Down;X;3199354
Key Up;X;3201811
Key Down;Z;3204098
Key Up;Z;3205883
Key Down;Z;3208578
Key Up;Z;3212314
Key Down;Z;3212923
Key Up;Z;3215186
Key Down;X;3218642
Key Up;X;3220506
Key Down;X;3226963
Key Up;X;3227058
Key Down;Z;3232467
Key Up;Z;3236130
Key Down;Z;3238330
Key Up;Z;3238890
Key Down;D;3239378
Key Down;Z;3240018
Key Up;D;3240082
Key Up;Z;3241826
Key Down;Z;3244138
Key Up;Z;3244602
Key Down;Z;3252906
Key Up;Z;3253466
Key Down;D;3262370
Key Up;D;3263194
Key Down;Z;3267426
Key Up;Z;3270098
Key Down;Z;3270794
Key Up;Z;3275202
Key Down;C;3275802
Key Down;Espace;3275810
Key Up;C;3275978
Key Up;Espace;3276226
Key Down;Espace;3277738
Key Up;Espace;3277786
Key Down;Espace;3277994
Key Up;Espace;3278090
Key Down;Espace;3278210
Key Up;Espace;3278282
Key Down;Espace;3278370
Key Up;Espace;3278450
Key Down;Espace;3278538
Key Up;Espace;3278618
Key Down;Espace;3278722
Key Up;Espace;3278810
Key Down;Espace;3278898
Key Up;Espace;3278986
Key Down;Espace;3279082
Key Up;Espace;3279170
Key Down;Espace;3279290
Key Up;Espace;3279402
Key Down;Espace;3279490
Key Up;Espace;3279594
Key Down;Espace;3279714
Key Up;Espace;3279810
Key Down;Espace;3279914
Key Up;Espace;3280010
Key Down;Espace;3280106
Key Up;Espace;3280218
Key Down;Espace;3280322
Key Up;Espace;3280458
Key Down;Espace;3280562
Key Up;Espace;3280690
Key Down;Espace;3280810
Key Up;Espace;3280906
Key Down;Espace;3281202
Key Up;Espace;3281314
Key Down;Left Control;3284154
Key Down;Z;3284658
Key Up;Z;3293946
Key Up;Left Control;3293986
Key Down;Espace;3294626
Key Up;Espace;3294714
Key Down;Espace;3295330
Key Up;Espace;3295458
Key Down;Espace;3295578
Key Up;Espace;3295650
Key Down;Espace;3295738
Key Up;Espace;3295833
Key Down;Espace;3295906
Key Up;Espace;3295970
Key Down;Espace;3296066
Key Up;Espace;3296154
Key Down;Espace;3296234
Key Up;Espace;3296306
Key Down;Espace;3296394
Key Up;Espace;3296466
Key Down;Espace;3296554
Key Up;Espace;3296610
Key Down;Espace;3296722
Key Up;Espace;3296786
Key Down;Espace;3296890
Key Up;Espace;3296954
Key Down;Espace;3297058
Key Up;Espace;3297130
Key Down;Espace;3297233
Key Up;Espace;3297305
Key Down;Espace;3297418
Key Up;Espace;3297482
Key Down;Espace;3297594
Key Up;Espace;3297658
Key Down;Espace;3297786
Key Up;Espace;3297850
Key Down;Espace;3297962
Key Up;Espace;3298034
Key Down;Espace;3298146
Key Up;Espace;3298250
Key Down;Espace;3298338
Key Up;Espace;3298418
Key Down;Espace;3298506
Key Up;Espace;3298594
Key Down;Espace;3298681
Key Up;Espace;3298762
Key Down;Espace;3298874
Key Up;Espace;3298946
Key Down;Espace;3299050
Key Up;Espace;3299130
Key Down;Espace;3299210
Key Up;Espace;3299306
Key Down;Espace;3299394
Key Up;Espace;3299498
Key Down;Espace;3299586
Key Up;Espace;3299682
Key Down;Espace;3299770
Key Up;Espace;3299874
Key Down;Espace;3299978
Key Up;Espace;3300081
Key Down;Espace;3300578
Key Up;Espace;3300698
Key Down;Espace;3300786
Key Up;Espace;3300914
Key Down;Espace;3301250
Key Up;Espace;3301362
Key Down;Z;3304034
Key Up;Z;3304442
Key Down;D;3306834
Key Down;Z;3307538
Key Up;D;3307650
Key Down;D;3308306
Key Up;D;3308938
Key Up;Z;3309834
Key Down;X;3311586
Key Up;X;3311650
Key Down;X;3319938
Key Up;X;3320690
Key Down;X;3321922
Key Up;X;3322042
Key Down;Z;3323850
Key Up;Z;3324282
Key Down;Z;3326530
Key Up;Z;3327002
Key Down;F;3331898
Key Up;F;3334026
Key Down;Espace;3338882
Key Down;Z;3339050
Key Up;Z;3341193
Key Up;Espace;3341386
Key Down;Z;3342682
Key Up;Z;3345402
Key Down;F;3346210
Key Up;F;3346258
Key Down;F;3347297
Key Up;F;3347890
Key Down;X;3349825
Key Up;X;3350354
Key Down;X;3351529
Key Up;X;3351625
Key Down;F;3354186
Key Up;F;3356321
Key Down;Z;3360801
Key Down;D;3360881
Key Up;Z;3360921
Key Down;Z;3362530
Key Up;D;3363241
Key Up;Z;3363593
Key Down;F;3367762
Key Up;F;3369186
Key Down;Z;3376938
Key Up;Z;3379322
Key Down;Z;3380802
Key Down;Q;3383858
Key Up;Z;3383946
Key Down;Z;3384882
Key Up;Q;3384906
Key Up;Z;3385498
Key Down;Z;3386553
Key Up;Z;3386730
Key Down;F;3389586
Key Up;F;3391753
Key Down;Espace;3395745
Key Up;Espace;3395826
Key Down;F;3403546
Key Up;F;3403977
Key Down;Espace;3408257
Key Up;Espace;3408417
Key Down;Left Control;3412577
Key Down;Z;3414201
Key Up;Z;3416697
Key Down;F;3416729
Key Up;F;3416897
Key Down;F;3417362
Key Up;Left Control;3417458
Key Up;F;3417498
Key Down;F;3417698
Key Up;F;3417817
Key Down;F;3417905
Key Up;F;3418017
Key Down;F;3418049
Key Up;F;3418153
Key Down;X;3420666
Key Up;X;3420730
Key Down;Z;3423234
Key Up;Z;3424321
Key Down;A;3424642
Key Up;A;3424922
Key Down;Left Control;3425786
Key Up;Left Control;3427201
Key Down;Z;3428993
Key Down;Q;3429754
Key Up;Z;3430361
Key Up;Q;3430785
Key Down;Q;3430857
Key Up;Q;3433722
Key Down;D;3434489
Key Up;D;3435298
Key Down;Z;3468057
Key Up;Z;3475577
Key Down;Espace;3475937
Key Up;Espace;3476058
Key Down;Espace;3476857
Key Up;Espace;3476937
Key Down;Espace;3477041
Key Up;Espace;3477113
Key Down;Espace;3477217
Key Up;Espace;3477281
Key Down;Espace;3477386
Key Up;Espace;3477450
Key Down;Espace;3477546
Key Up;Espace;3477610
Key Down;Espace;3477730
Key Up;Espace;3477817
Key Down;Espace;3477929
Key Up;Espace;3478017
Key Down;Espace;3478113
Key Up;Espace;3478193
Key Down;Espace;3478289
Key Up;Espace;3478369
Key Down;Espace;3478497
Key Up;Espace;3478561
Key Down;Espace;3478673
Key Up;Espace;3478729
Key Down;Espace;3478938
Key Up;Espace;3479026
Key Down;Espace;3479129
Key Up;Espace;3479249
Key Down;Espace;3479361
Key Up;Espace;3479505
Key Down;Espace;3479617
Key Up;Espace;3479713
Key Down;Espace;3479825
Key Up;Espace;3479929
Key Down;Espace;3480009
Key Up;Espace;3480129
Key Down;Espace;3480226
Key Up;Espace;3480354
Key Down;Espace;3480474
Key Up;Espace;3480601
Key Down;Espace;3480737
Key Up;Espace;3480857
Key Down;Espace;3480993
Key Up;Espace;3481137
Key Down;Espace;3481257
Key Up;Espace;3481393
Key Down;Espace;3481529
Key Up;Espace;3481633
Key Down;Espace;3481802
Key Up;Espace;3481929
Key Down;Espace;3482105
Key Up;Espace;3482241
Key Down;Espace;3482337
Key Up;Espace;3482489
Key Down;Espace;3482609
Key Up;Espace;3482705
Key Down;Z;3483553
Key Down;D;3484121
Key Up;Z;3484465
Key Up;D;3484698
Key Down;D;3485137
Key Down;Z;3485513
Key Up;D;3485521
Key Up;Z;3486169
Key Down;X;3487986
Key Up;X;3488042
Key Down;Z;3492114
Key Up;Z;3495329
Key Down;D;3495625
Key Up;D;3498409
Key Down;X;3499985
Key Up;X;3500049
Key Down;X;3501977
Key Up;X;3502081
Key Down;F;3513905
Key Up;F;3513977
Key Down;Z;3522913
Key Down;Espace;3523137
Key Up;Z;3525570
Key Up;Espace;3525601
Key Down;Z;3526193
Key Up;Z;3526969
Key Down;Z;3527233
Key Up;Z;3529705
Key Down;Z;3531697
Key Up;Z;3532033
Key Down;F;3532665
Key Up;F;3533289
Key Down;F;3533617
Key Up;F;3533969
Key Down;D;3535097
Key Up;D;3535265
Key Down;D;3535697
Key Up;D;3536033
Key Down;Z;3536289
Key Up;Z;3536553
Key Down;F;3538377
Key Up;F;3538905
Key Down;Espace;3547673
Key Up;Espace;3547721
Key Down;Left Control;3558129
Key Down;Z;3567545
Key Up;Z;3568416
Key Down;Z;3570657
Key Up;Z;3570849
Key Down;Z;3572033
Key Up;Z;3572177
Key Down;Z;3573177
Key Up;Z;3573337
Key Down;Z;3583537
Key Up;Z;3583705
Key Down;Z;3585473
Key Up;Z;3585729
Key Down;Z;3592609
Key Up;Z;3592777
Key Down;Z;3593553
Key Up;Z;3593777
Key Down;Z;3594464
Key Up;Z;3594649
Key Up;Left Control;3604168
Key Down;X;3604985
Key Up;X;3605041
Key Down;Z;3608001
Key Up;Z;3609065
Key Down;Z;3610153
Key Up;Z;3612721
Key Down;Z;3616729
Key Up;Z;3629921
Key Down;Z;3632360
Key Up;Z;3633121
Key Down;Z;3636705
Key Up;Z;3637321
Key Down;Q;3638913
Key Up;Q;3640392
Key Down;Z;3645945
Key Up;Z;3646168
Key Down;Z;3653272
Key Up;Z;3654104
Key Down;Z;3656369
Key Up;Z;3657680
Key Down;Z;3660624
Key Up;Z;3662465
Key Down;Z;3666201
Key Up;Z;3672593
Key Down;Z;3673384
Key Up;Z;3679705
Key Down;Z;3682537
Key Up;Z;3684761
Key Down;X;3685456
Key Up;X;3685520
Key Down;Z;3687360
Key Up;Z;3687697
Key Down;Z;3687801
Key Up;Z;3693512
Key Down;Z;3694737
Key Up;Z;3695080
Key Down;Z;3697024
Key Up;Z;3697409
Key Down;Z;3699248
Key Up;Z;3706801
Key Down;Z;3707376
Key Up;Z;3708281
Key Down;Z;3716873
Key Down;Q;3717992
Key Up;Q;3718184
Key Up;Z;3722753
Key Down;X;3723296
Key Up;X;3723392
Key Down;Z;3725033
Key Up;Z;3725856
Key Down;Left Control;3730480
Key Down;Z;3731984
Key Up;Z;3734272
Key Up;Left Control;3734392
Key Down;Espace;3734768
Key Up;Espace;3735201
Key Down;D;3746232
Key Up;D;3746617
Key Down;Z;3746648
Key Up;Z;3747136
Key Down;D;3747985
Key Down;S;3748264
Key Up;D;3748280
Key Up;S;3748728
Key Down;Z;3749473
Key Up;Z;3749600
Key Down;D;3749936
Key Up;D;3750296
Key Down;Espace;3750825
Key Up;Espace;3753800
Key Down;Espace;3753992
Key Up;Espace;3754048
Key Down;Espace;3754152
Key Up;Espace;3754224
Key Down;Espace;3754320
Key Up;Espace;3754392
Key Down;Espace;3754472
Key Up;Espace;3754721
Key Down;Espace;3754832
Key Up;Espace;3754888
Key Down;Espace;3754992
Key Up;Espace;3755056
Key Down;Espace;3755160
Key Up;Espace;3755224
Key Down;Espace;3755336
Key Up;Espace;3755392
Key Down;Espace;3755504
Key Up;Espace;3755576
Key Down;Espace;3755680
Key Up;Espace;3755744
Key Down;Espace;3755840
Key Up;Espace;3755928
Key Down;Espace;3756025
Key Up;Espace;3756113
Key Down;Espace;3756192
Key Up;Espace;3756272
Key Down;Espace;3756352
Key Up;Espace;3756440
Key Down;Espace;3756520
Key Up;Espace;3756624
Key Down;Espace;3756728
Key Up;Espace;3756816
Key Down;Espace;3756928
Key Up;Espace;3757000
Key Down;Espace;3757120
Key Up;Espace;3757184
Key Down;Espace;3757296
Key Up;Espace;3757376
Key Down;Espace;3757473
Key Up;Espace;3757577
Key Down;Left Meta;3759672
Key Down;Z;3760200
Key Up;Z;3760848
Key Up;Left Meta;3760952
Key Down;Left Meta;3761136
Key Up;Left Meta;3761681
Key Down;Left Control;3762448
Key Down;Z;3763432
Key Up;Z;3770880
Key Up;Left Control;3771033
Key Down;Espace;3772176
Key Up;Espace;3772288
Key Down;Espace;3772425
Key Up;Espace;3772504
Key Down;Espace;3773032
Key Up;Espace;3773128
Key Down;Espace;3773248
Key Up;Espace;3773320
Key Down;Espace;3773432
Key Up;Espace;3773496
Key Down;Espace;3773600
Key Up;Espace;3773680
Key Down;Espace;3773777
Key Up;Espace;3773856
Key Down;Espace;3773960
Key Up;Espace;3774040
Key Down;Espace;3774136
Key Up;Espace;3774200
Key Down;Espace;3774320
Key Up;Espace;3774376
Key Down;Espace;3774488
Key Up;Espace;3774536
Key Down;Espace;3774664
Key Up;Espace;3774712
Key Down;Espace;3774856
Key Up;Espace;3774896
Key Down;Espace;3775056
Key Up;Espace;3775112
Key Down;Espace;3775241
Key Up;Espace;3775272
Key Down;Espace;3775400
Key Up;Espace;3775464
Key Down;Espace;3775592
Key Up;Espace;3775672
Key Down;Espace;3775840
Key Up;Espace;3775912
Key Down;Espace;3776032
Key Up;Espace;3776120
Key Down;Espace;3776280
Key Up;Espace;3776344
Key Down;Espace;3776568
Key Up;Espace;3776648
Key Down;Espace;3777096
Key Up;Espace;3777152
Key Down;Espace;3777312
Key Up;Espace;3777368
Key Down;Espace;3777632
Key Up;Espace;3777744
Key Down;Espace;3777880
Key Up;Espace;3777952
Key Down;Espace;3778152
Key Up;Espace;3778168
Key Down;Espace;3778416
Key Up;Espace;3778504
Key Down;Espace;3778640
Key Up;Espace;3778728
Key Down;Espace;3778880
Key Up;Espace;3778936
Key Down;Left Control;3782056
Key Down;Z;3783265
Key Up;Z;3783600
Key Down;Z;3784384
Key Up;Z;3785392
Key Down;Z;3785624
Key Up;Z;3785808
Key Down;Z;3785920
Key Up;Z;3791193
Key Up;Left Control;3791224
Key Down;Z;3794752
Key Up;Z;3795368
Key Down;Z;3796992
Key Down;Q;3797960
Key Up;Z;3798032
Key Up;Q;3798264
Key Down;D;3798880
Key Up;D;3799168
Key Down;Z;3799184
Key Up;Z;3799640
Key Down;D;3801120
Key Up;D;3801320
Key Down;Z;3801328
Key Up;Z;3804712
Key Down;Z;3804880
Key Up;Z;3805840
Key Down;D;3807648
Key Down;Z;3808064
Key Up;D;3808088
Key Up;Z;3808496
Key Down;Z;3809296
Key Up;Z;3810040
Key Down;Z;3810192
Key Up;Z;3810272
Key Down;Q;3810712
Key Up;Q;3810880
Key Down;Z;3811023
Key Up;Z;3812272
Key Down;Left Control;3813352
Key Down;Z;3814512
Key Up;Z;3816432
Key Up;Left Control;3816600
Key Down;Left Control;3816872
Key Up;Left Control;3817071
Key Down;Left Control;3817400
Key Down;Z;3818424
Key Up;Z;3819984
Key Up;Left Control;3822480
Key Down;D;3836576
Key Down;S;3837032
Key Up;D;3837088
Key Down;D;3837552
Key Up;S;3837640
Key Up;D;3838584
Key Down;Left Control;3839568
Key Up;Left Control;3843215
Key Down;A;3843632
Key Up;A;3844336
Key Down;A;3844463
Key Up;A;3845296
Key Down;F;3853248
Key Up;F;3855607
Key Down;F;3864288
Key Up;F;3864368
Key Down;X;3892936
Key Up;X;3893016
Key Down;F;3895255
Key Up;F;3896559
Key Down;X;3898368
Key Up;X;3898424
Key Down;F;3902680
Key Up;F;3902752
Key Down;Left Control;3915872
Key Up;Left Control;3918471
Key Down;F;3921488
Key Up;F;3922880
Key Down;Espace;3926687
Key Up;Espace;3928911
Key Down;Espace;3929872
Key Up;Espace;3929920
Key Down;Espace;3930056
Key Up;Espace;3930127
Key Down;Z;3941975
Key Down;D;3943343
Key Up;D;3943759
Key Down;Q;3943767
Key Up;Z;3943911
Key Down;Z;3944448
Key Up;Q;3944528
Key Down;D;3946247
Key Up;Z;3946471
Key Up;D;3947144
Key Down;Z;3947176
Key Up;Z;3948191
Key Down;Z;3951479
Key Down;Q;3952040
Key Up;Q;3952408
Key Down;Q;3952879
Key Up;Q;3952968
Key Up;Z;3955592
Key Down;Left Control;3958536
Key Up;Left Control;3959039
Key Down;Left Control;3959624
Key Up;Left Control;3960375
Key Down;Left Control;3962311
Key Down;Espace;3962984
Key Up;Espace;3963040
Key Up;Left Control;3963543
Key Down;Left Control;3965656
Key Down;Espace;3965848
Key Up;Espace;3966039
Key Up;Left Control;3966503
Key Down;Q;3969568
Key Down;Z;3969903
Key Up;Q;3969943
Key Down;D;3970984
Key Up;D;3971223
Key Down;D;3972232
Key Up;D;3972903
Key Up;Z;3973824
Key Down;F;3974735
Key Up;F;3974799
Key Down;Espace;3982447
Key Down;Z;3982743
Key Up;Z;3985831
Key Up;Espace;3985855
Key Down;Z;3987015
Key Up;Z;3987808
Key Down;Z;3992095
Key Down;Espace;3993232
Key Up;Espace;3995679
Key Up;Z;3995687
Key Down;F;3997743
Key Up;F;4000247
Key Down;X;4012791
Key Up;X;4012863
Key Down;Espace;4019815
Key Up;Espace;4019855
Key Down;Z;4028391
Key Up;Z;4039743
Key Down;Z;4042967
Key Up;Z;4046279
Key Down;F;4047207
Key Up;F;4047279
Key Down;Espace;4050215
Key Up;Espace;4050255
Key Down;F;4053239
Key Up;F;4053303
Key Down;V;4058463
Key Up;V;4058567
Key Down;Espace;4058887
Key Up;Espace;4058975
Key Down;Z;4061639
Key Up;Z;4062215
Key Down;Z;4062663
Key Up;Z;4063319
Key Down;Z;4063767
Key Down;D;4063839
Key Up;Z;4063927
Key Up;D;4064143
Key Down;Z;4064159
Key Down;Q;4064663
Key Up;Z;4064823
Key Down;Z;4065239
Key Up;Q;4065255
Key Up;Z;4066351
Key Down;Z;4066695
Key Up;Z;4067735
Key Down;Z;4068871
Key Up;Z;4070503
Key Down;Z;4071167
Key Up;Z;4076679
Key Down;Z;4077879
Key Up;Z;4078487
Key Down;Z;4079887
Key Up;Z;4092343
Key Down;Z;4093047
Key Up;Z;4100039
Key Down;Z;4100863
Key Up;Z;4105607
Key Down;Z;4108199
Key Up;Z;4110359
Key Down;Z;4116830
Key Up;Z;4117999
Key Down;Tab;4120047
Key Up;Tab;4120111
Key Down;Echap;4129695
Key Up;Echap;4129759
Key Down;D;4131134
Key Up;D;4131478
Key Down;Z;4131519
Key Down;D;4133055
Key Up;D;4133390
Key Down;Q;4136238
Key Up;Q;4136735
Key Up;Z;4137622
Key Down;Q;4138599
Key Down;Z;4139591
Key Up;Q;4139799
Key Down;Q;4139847
Key Up;Z;4139959
Key Down;Z;4141287
Key Up;Q;4141335
Key Down;Q;4142014
Key Up;Q;4142287
Key Up;Z;4147287
Key Down;Z;4148607
Key Up;Z;4156503
Key Down;Z;4159111
Key Down;Q;4159494
Key Up;Q;4159630
Key Up;Z;4166086
Key Down;Z;4167894
Key Up;Z;4168830
Key Down;Z;4171342
Key Down;Q;4172143
Key Up;Q;4172207
Key Up;Z;4174230
Key Down;Z;4175390
Key Up;Z;4184951
Key Down;Z;4185935
Key Up;Z;4187471
Key Down;F;4188374
Key Up;F;4188446
Key Down;Espace;4190630
Key Up;Espace;4190814
Key Down;X;4193119
Key Up;X;4193183
Key Down;Z;4195342
Key Up;Z;4199070
Key Down;D;4212270
Key Up;D;4213326
Key Down;Z;4213638
Key Up;Z;4213982
Key Down;Z;4214487
Key Down;Q;4215559
Key Up;Q;4215959
Key Up;Z;4215998
Key Down;X;4219894
Key Up;X;4219942
Key Down;Z;4224654
Key Up;Z;4225327
Key Down;Z;4225727
Key Up;Z;4229926
Key Down;Z;4236807
Key Up;Z;4238559
Key Down;X;4247103
Key Up;X;4247167
Key Down;Z;4254974
Key Up;Z;4256967
Key Down;X;4272366
Key Up;X;4274550
Key Down;X;4280974
Key Up;X;4282839
Key Down;Z;4283574
Key Up;Z;4288190
Key Down;Z;4299030
Key Up;Z;4299726
Key Down;F;4300614
Key Up;F;4303078
Key Down;F;4303246
Key Up;F;4303406
Key Down;Espace;4304702
Key Up;Espace;4304926
Key Down;X;4308766
Key Up;X;4314086
Key Down;Z;4317838
Key Up;Z;4318926
Key Down;Echap;4352717
Key Up;Echap;4352885
Key Down;Z;4359310
Key Down;D;4360110
Key Up;D;4360590
Key Down;D;4363462
Key Up;D;4363837
Key Down;D;4364430
Key Up;D;4364702
Key Down;Q;4365125
Key Up;Z;4365149
Key Up;Q;4365213
Key Down;Espace;4365566
Key Up;Espace;4365686
Key Down;Z;4408637
Key Up;Z;4409646
Key Down;Q;4409749
Key Up;Q;4410245
Key Down;Z;4410326
Key Up;Z;4410654
Key Down;Z;4412885
Key Up;Z;4414606
Key Down;Z;4416829
Key Up;Z;4417742
Key Down;Z;4418942
Key Up;Z;4423150
Key Down;Espace;4424085
Key Up;Espace;4424301
Key Down;Z;4428357
Key Up;Z;4428974
Key Down;Z;4433254
Key Up;Z;4433861
Key Down;Z;4436694
Key Up;Z;4437413
Key Down;Z;4441453
Key Down;Q;4441749
Key Up;Z;4441854
Key Up;Q;4441870
Key Down;X;4442222
Key Up;X;4442486
Key Down;X;4442613
Key Up;X;4445733
Key Down;X;4453789
Key Up;X;4453861
Key Down;D;4454758
Key Down;Z;4454957
Key Up;D;4454989
Key Down;D;4455894
Key Up;D;4456181
Key Down;D;4457366
Key Up;D;4457877
Key Up;Z;4458614
Key Down;Z;4459358
Key Up;Z;4469382
Key Down;D;4471293
Key Up;D;4472533
Key Down;D;4473725
Key Down;Z;4473893
Key Up;D;4474029
Key Up;Z;4481685
Key Down;Z;4481902
Key Up;Z;4481990
Key Down;Z;4483134
Key Up;Z;4484141
Key Down;Espace;4484501
Key Up;Espace;4484630
Key Down;Z;4489757
Key Up;Z;4490733
Key Down;Z;4495294
Key Up;Z;4496661
Key Down;Espace;4496942
Key Up;Espace;4497062
Key Down;Espace;4498837
Key Up;Espace;4498901
Key Down;Espace;4498997
Key Up;Espace;4499069
Key Down;Espace;4499197
Key Up;Espace;4499269
Key Down;Espace;4499565
Key Up;Espace;4499638
Key Down;Espace;4499781
Key Up;Espace;4499838
Key Down;Espace;4499941
Key Up;Espace;4500029
Key Down;Espace;4500125
Key Up;Espace;4500205
Key Down;Espace;4500302
Key Up;Espace;4500381
Key Down;Espace;4500485
Key Up;Espace;4500550
Key Down;Espace;4500669
Key Up;Espace;4500765
Key Down;Espace;4500862
Key Up;Espace;4500958
Key Down;Espace;4501038
Key Up;Espace;4501142
Key Down;Espace;4501254
Key Up;Espace;4501341
Key Down;Espace;4501461
Key Up;Espace;4501541
Key Down;Espace;4501653
Key Up;Espace;4501741
Key Down;Espace;4501845
Key Up;Espace;4501957
Key Down;Espace;4502053
Key Up;Espace;4502141
Key Down;Espace;4502253
Key Up;Espace;4502334
Key Down;Left Control;4504038
Key Down;Z;4504621
Key Up;Left Control;4505693
Key Up;Z;4517301
Key Down;Espace;4517373
Key Up;Espace;4517557
Key Down;Espace;4518453
Key Up;Espace;4518613
Key Down;Espace;4518717
Key Up;Espace;4518829
Key Down;Espace;4518917
Key Up;Espace;4519053
Key Down;Espace;4519133
Key Up;Espace;4519213
Key Down;Espace;4519533
Key Up;Espace;4519598
Key Down;Espace;4519702
Key Up;Espace;4519766
Key Down;Espace;4519846
Key Up;Espace;4519901
Key Down;Espace;4520005
Key Up;Espace;4520037
Key Down;Espace;4520141
Key Up;Espace;4520189
Key Down;Espace;4520301
Key Up;Espace;4520333
Key Down;Espace;4520453
Key Up;Espace;4520485
Key Down;Espace;4520589
Key Up;Espace;4520637
Key Down;Espace;4520917
Key Up;Espace;4520965
Key Down;Espace;4521070
Key Up;Espace;4521102
Key Down;Espace;4521206
Key Up;Espace;4521253
Key Down;Espace;4521349
Key Up;Espace;4521397
Key Down;Z;4523989
Key Up;Z;4525669
Key Down;Z;4526013
Key Up;Z;4529821
Key Down;Z;4532445
Key Up;Z;4532613
Key Down;F;4533885
Key Up;F;4533957
Key Down;Espace;4534973
Key Up;Espace;4536109
Key Down;Z;4537149
Key Up;Z;4546477
Key Down;Echap;4589765
Key Up;Echap;4589829
