Event;Key;Time
Key Down;Entrée;2830
Key Up;Entrée;2932
Key Down;Z;6503
Key Down;Q;6572
Key Up;Z;7025
Key Down;Z;7266
Key Up;Z;7414
Key Down;Z;7607
Key Up;Z;7708
Key Up;Q;8338
Key Down;Gauche;8369
Key Down;Q;8619
Key Up;Q;8752
Key Down;S;9008
Key Up;S;9248
Key Down;Q;9403
Key Up;Q;9541
Key Down;D;9691
Key Up;D;9968
Key Down;Q;10175
Key Up;Q;10432
Key Down;D;10683
Key Up;D;10986
Key Down;Q;11296
Key Up;Q;11472
Key Down;S;11636
Key Down;D;11651
Key Up;S;11758
Key Up;D;11763
Key Down;S;12014
Key Down;Haut;12148
Key Up;S;12206
Key Down;Q;12371
Key Down;S;12425
Key Up;Gauche;12505
Key Up;S;12590
Key Down;Droite;13049
Key Up;Haut;13166
Key Up;Q;13343
Key Down;Z;13422
Key Up;Z;13551
Key Down;Q;13743
Key Up;Q;14051
Key Down;Z;14207
Key Up;Z;14404
Key Down;D;14532
Key Up;D;14701
Key Down;Q;14743
Key Up;Q;15116
Key Down;Z;15320
Key Down;D;15400
Key Up;Z;15442
Key Down;S;15645
Key Up;S;15799
Key Up;D;15874
Key Down;Z;15943
Key Up;Z;16040
Key Down;D;16114
Key Down;Z;16167
Key Up;D;16354
Key Up;Z;16482
Key Down;Z;16647
Key Up;Z;16840
Key Down;Z;17224
Key Up;Z;17314
Key Down;Z;18082
Key Down;D;18103
Key Up;Z;18129
Key Down;Z;18466
Key Up;Z;18759
Key Up;D;18999
Key Down;Q;19121
Key Up;Q;19388
Key Down;Z;19564
Key Up;Z;19681
Key Down;S;19932
Key Down;Q;19948
Key Up;S;20098
Key Up;Q;20129
Key Down;Q;20279
Key Up;Q;20439
Key Down;Z;21025
Key Up;Z;21120
Key Down;D;21269
Key Down;Bas;21355
Key Up;D;21457
Key Up;Droite;21499
Key Down;Q;21642
Key Down;Gauche;21664
Key Up;Bas;21675
Key Down;S;21990
Key Up;Q;22139
Key Up;Gauche;22315
Key Down;D;22352
Key Up;S;22582
Key Up;D;22694
Key Down;Q;22760
Key Down;Z;22856
Key Up;Z;23186
Key Down;S;23358
Key Down;Gauche;23501
Key Up;S;23629
Key Down;S;23922
Key Up;S;24023
Key Up;Q;24380
Key Down;Q;24641
Key Up;Q;25719
Key Down;D;27392
Key Up;D;27531
Key Down;S;27920
Key Down;D;27947
Key Up;S;28106
Key Up;D;28134
Key Down;D;28330
Key Up;D;28779
Key Down;Z;28816
Key Down;Q;28906
Key Up;Z;29045
Key Up;Q;29286
Key Down;Q;29739
Key Down;S;29782
Key Up;S;29967
Key Up;Q;29999
Key Down;D;30234
Key Up;D;30516
Key Down;D;30692
Key Up;D;30991
Key Down;D;31252
Key Down;S;31257
Key Up;D;31583
Key Up;S;31610
Key Down;Q;31647
Key Up;Q;32154
Key Down;S;32181
Key Up;S;32330
Key Down;Q;32650
Key Down;Z;32709
Key Down;Haut;32783
Key Up;Q;32840
Key Down;D;32877
Key Up;Gauche;32888
Key Up;Z;32926
Key Down;Z;33203
Key Up;D;33774
Key Up;Z;33795
Key Down;S;33949
Key Up;S;34360
Key Down;Q;34430
Key Down;Gauche;34610
Key Down;Z;34824
Key Up;Gauche;35027
Key Up;Q;35192
Key Down;Q;35458
Key Up;Haut;35576
Key Up;Q;35586
Key Down;Q;35779
Key Up;Q;36007
Key Up;Z;36364
Key Down;Entrée;36716
Key Up;Entrée;36866
Key Down;Haut;36978
Key Down;Z;37107
Key Up;Z;37246
Key Down;S;37571
Key Up;S;37726
Key Down;Q;38216
Key Down;Droite;38398
Key Up;Haut;38537
Key Up;Q;38553
Key Down;Q;38782
Key Up;Q;38929
Key Down;Q;39154
Key Up;Q;39421
Key Down;Q;39708
Key Up;Q;39916
Key Down;Z;40060
Key Up;Z;40215
Key Down;Q;40492
Key Up;Q;40668
Key Down;Z;40706
Key Up;Z;41015
Key Down;Bas;41213
Key Down;D;41265
Key Up;Droite;41341
Key Up;D;41378
Key Down;S;41437
Key Up;S;41554
Key Down;Z;41687
Key Up;Z;41895
Key Down;Z;42096
Key Down;Q;42181
Key Up;Z;42304
Key Up;Q;42310
Key Down;Z;42651
Key Up;Z;42789
Key Down;S;42998
Key Up;S;43206
Key Down;D;43403
Key Up;D;43878
Key Down;Z;44107
Key Up;Z;44288
Key Down;D;44480
Key Up;D;44635
Key Down;Q;44843
Key Up;Q;45055
Key Down;Z;45071
Key Down;D;45369
Key Down;Gauche;45391
Key Up;Z;45396
Key Up;Bas;45476
Key Up;D;45572
Key Down;D;45951
Key Up;D;46138
Key Down;S;46393
Key Down;D;46409
Key Up;S;46532
Key Up;D;46612
Key Down;D;46842
Key Up;D;47006
Key Down;S;47034
Key Up;S;47098
Key Down;S;47492
Key Down;Droite;47721
Key Down;Q;47748
Key Up;S;47914
Key Up;Gauche;47924
Key Up;Q;48094
Key Down;D;48110
Key Down;S;48398
Key Up;D;48424
Key Down;Q;48456
Key Up;S;48547
Key Up;Q;48873
Key Down;D;49219
Key Down;S;49374
Key Up;D;49401
Key Up;S;49502
Key Down;Q;49769
Key Down;Z;49998
Key Up;Q;50003
Key Up;Z;50056
Key Down;Q;50414
Key Up;Q;50606
Key Down;Q;50814
Key Up;Q;51020
Key Down;Q;51271
Key Up;Q;51415
Key Down;Q;51612
Key Up;Q;51746
Key Down;Z;51938
Key Down;Bas;51990
Key Down;D;52034
Key Up;Droite;52103
Key Up;Z;52503
Key Up;D;52508
Key Down;S;52818
Key Up;S;52951
Key Down;Z;53127
Key Up;Z;53442
Key Down;Q;53602
Key Up;Q;53719
Key Down;Z;54043
Key Down;Q;54049
Key Up;Z;54209
Key Up;Q;54230
Key Down;Q;54518
Key Up;Q;54667
Key Down;S;54860
Key Down;D;54865
Key Up;D;55137
Key Up;S;55222
Key Down;Q;55473
Key Up;Q;55585
Key Down;S;55659
Key Up;S;55793
Key Down;Z;56187
Key Down;D;56257
Key Up;D;56380
Key Up;Z;56416
Key Down;D;56609
Key Down;S;56625
Key Up;S;56817
Key Up;D;57156
Key Down;Z;57172
Key Up;Z;57439
Key Down;D;57514
Key Down;S;57674
Key Up;D;57802
Key Up;S;57829
Key Down;Q;58735
Key Up;Q;58954
Key Down;Q;59231
Key Up;Q;59615
Key Down;S;59904
Key Up;Bas;60131
Key Down;D;60217
Key Up;S;60473
Key Down;S;60835
Key Up;S;61038
Key Up;D;61044
Key Down;Q;61089
Key Down;Z;61260
Key Up;Q;61302
Key Down;D;61543
Key Up;D;61718
Key Down;D;61996
Key Down;Haut;62097
Key Up;D;62123
Key Up;Z;62769
Key Down;Entrée;63295
Key Up;Entrée;63424
Key Down;S;64010
Key Up;S;64176
Key Down;D;64661
Key Down;Gauche;64789
Key Up;Haut;64880
Key Down;Z;65498
Key Up;D;65818
Key Up;Z;65914
Key Down;Z;66377
Key Up;Z;66468
Key Down;Z;66660
Key Down;Bas;66783
Key Up;Z;66788
Key Down;Z;66931
Key Up;Gauche;66942
Key Up;Z;67065
Key Down;S;67785
Key Down;Gauche;67860
Key Up;Bas;67945
Key Up;S;67961
Key Down;S;68159
Key Up;S;68249
Key Down;S;69618
Key Down;Q;69709
Key Up;S;69922
Key Up;Q;70376
Key Down;D;70999
Key Up;D;71677
Key Down;Z;73344
Key Down;Bas;73435
Key Up;Gauche;73649
Key Up;Z;73750
Key Up;Bas;74427
Key Down;Q;74642
Key Down;S;74680
Key Up;S;75155
Key Down;S;75473
Key Up;S;75692
Key Down;S;75878
Key Up;Q;76001
Key Up;S;78086
Key Down;S;78192
Key Down;Bas;78378
Key Up;S;79338
Key Down;Q;79903
Key Down;S;79951
Key Down;Gauche;79989
Key Up;Bas;80063
Key Up;Q;80265
Key Up;S;80404
Key Down;D;80655
Key Up;D;80846
Key Down;S;80853
Key Down;Q;80953
Key Up;S;81129
Key Up;Q;81194
Key Down;D;81379
Key Up;D;81582
Key Down;S;81854
Key Down;D;81922
Key Up;S;82104
Key Up;D;82141
Key Down;D;82285
Key Up;D;82461
Key Down;Q;82531
Key Down;Z;82782
Key Up;Z;82941
Key Up;Q;83006
Key Down;S;83176
Key Up;S;83384
Key Down;Z;83635
Key Up;Z;83827
Key Down;D;84029
Key Up;D;84211
Key Down;D;84454
Key Up;D;84561
Key Down;Q;84865
Key Down;Z;85094
Key Up;Z;85334
Key Down;S;85473
Key Up;S;85633
Key Down;Z;85755
Key Up;Z;86028
Key Down;S;86198
Key Up;S;86599
Key Down;Bas;86705
Key Up;Q;86711
Key Up;Gauche;86769
Key Down;Z;86785
Key Down;Q;86844
Key Up;Q;86999
Key Up;Z;87073
Key Down;Q;87190
Key Up;Q;87408
Key Down;D;87621
Key Up;D;87941
Key Down;Z;88111
Key Down;Gauche;88202
Key Down;D;88218
Key Up;Z;88229
Key Up;Bas;88256
Key Down;Z;88671
Key Up;Z;88794
Key Up;D;88799
Key Down;D;89216
Key Up;D;89402
Key Down;S;89435
Key Up;S;89552
Key Down;Q;89749
Key Up;Q;90042
Key Down;D;90558
Key Down;Q;90744
Key Up;D;90750
Key Down;Bas;90936
Key Down;Z;91016
Key Up;Gauche;91027
Key Up;Q;91331
Key Up;Z;91379
Key Down;D;91934
Key Up;D;92057
Key Down;Z;92200
Key Up;Z;92414
Key Down;D;92478
Key Up;D;92643
Key Down;S;92670
Key Down;Q;92755
Key Down;Droite;93086
Key Up;Q;93171
Key Down;Q;93203
Key Up;Bas;93283
Key Up;Q;93315
Key Up;S;93352
Key Down;Z;93500
Key Down;D;93511
Key Up;Z;93612
Key Up;D;93697
Key Down;Q;93734
Key Up;Q;93985
Key Down;Q;94220
Key Up;Q;94396
Key Down;Bas;94572
Key Down;S;94604
Key Up;Droite;94642
Key Up;S;94882
Key Down;D;94914
Key Down;Gauche;94935
Key Up;Bas;95031
Key Down;Z;95382
Key Up;D;95569
Key Down;Q;95639
Key Up;Z;95665
Key Down;S;95778
Key Up;S;96054
Key Down;S;96869
Key Up;Q;96917
Key Down;Q;96997
Key Down;Haut;97125
Key Up;S;97167
Key Up;Gauche;97226
Key Down;S;97679
Key Up;Q;97684
Key Up;S;97796
Key Down;D;98020
Key Up;D;98112
Key Down;S;98367
Key Up;S;98522
Key Down;S;98810
Key Down;Bas;99008
Key Up;Haut;99018
Key Up;S;99034
Key Down;D;99215
Key Up;D;99359
Key Down;Q;99423
Key Up;Bas;99518
Key Down;Z;99534
Key Up;Q;99699
Key Down;Gauche;99763
Key Down;Q;100137
Key Up;Z;100627
Key Up;Q;101001
Key Down;Q;101241
Key Up;Q;101443
Key Down;Q;103239
Key Up;Q;103575
Key Down;Q;104753
Key Up;Q;105153
Key Down;D;105164
Key Down;Droite;105244
Key Up;Gauche;105308
Key Up;D;105431
Key Down;Q;105452
Key Down;Z;105611
Key Down;Bas;105733
Key Up;Droite;105835
Key Up;Z;105856
Key Down;S;106192
Key Down;D;106443
Key Up;Q;106448
Key Down;Droite;106475
Key Up;S;106624
Key Up;Bas;106704
Key Down;Z;107254
Key Up;Z;107360
Key Down;Z;107632
Key Up;Z;107728
Key Down;Bas;108330
Key Down;S;108516
Key Up;Droite;108654
Key Up;D;109284
Key Down;D;109561
Key Up;D;109753
Key Up;S;110409
Key Down;Q;110996
Key Up;Q;111123
Key Down;Q;111597
Key Up;Q;111735
Key Down;Q;112013
Key Up;Q;112141
Key Down;Q;112328
Key Down;Droite;112439
Key Down;S;112456
Key Up;Bas;112546
Key Up;Q;112604
Key Down;D;112973
Key Up;S;112983
Key Up;D;113106
Key Down;S;113186
Key Down;Q;113191
Key Up;S;113388
Key Up;Q;113393
Key Down;S;113773
Key Up;S;113884
Key Down;D;114183
Key Down;Z;114524
Key Up;D;114551
Key Down;D;114625
Key Up;Z;114667
Key Down;Haut;114705
Key Up;Droite;114811
Key Down;S;114945
Key Up;D;115110
Key Up;S;115212
Key Down;D;115372
Key Down;S;115382
Key Up;D;115568
Key Up;S;115638
Key Down;D;115761
Key Up;D;115947
Key Down;D;116203
Key Up;D;116289
Key Down;D;116561
Key Up;D;116662
Key Down;Z;116897
Key Down;Q;117040
Key Up;Z;117142
Key Up;Q;117147
Key Down;Gauche;117297
Key Down;Z;117313
Key Up;Haut;117350
Key Up;Z;117775
Key Down;D;118116
Key Up;D;118228
Key Down;Q;118308
Key Up;Q;118484
Key Down;S;118671
Key Down;Bas;118879
Key Down;Q;118980
Key Up;Gauche;119103
Key Up;S;119332
Key Down;Droite;119492
Key Up;Bas;119620
Key Down;Z;119647
Key Up;Q;119684
Key Up;Z;119866
Key Down;D;119892
Key Down;S;119988
Key Down;Bas;120009
Key Up;D;120036
Key Up;Droite;120062
Key Down;D;120330
Key Up;D;120489
Key Up;S;120830
Key Down;S;121256
Key Down;Droite;121464
Key Up;Bas;121565
Key Down;D;121592
Key Up;D;121800
Key Down;Q;121970
Key Up;S;121981
Key Up;Q;122248
Key Down;Z;122675
Key Up;Z;122813
Key Down;Q;123400
Key Up;Q;123602
Key Down;Q;123873
Key Up;Q;124076
Key Down;S;124257
Key Down;Q;124300
Key Up;S;124407
Key Up;Q;124481
Key Down;Q;124827
Key Up;Q;124982
Key Down;Z;125500
Key Down;D;125628
Key Up;Z;125671
Key Up;D;125809
Key Down;Q;125969
Key Up;Q;126177
Key Down;D;126321
Key Down;Z;126667
Key Up;Z;126804
Key Up;D;126826
Key Down;Q;127242
Key Up;Q;127375
Key Down;Q;127529
Key Up;Q;127711
Key Down;D;127946
Key Up;D;128207
Key Down;D;128458
Key Down;Z;128474
Key Up;D;128602
Key Up;Z;128613
Key Down;Q;129049
Key Up;Q;129194
Key Down;D;129391
Key Down;Z;129449
Key Up;D;129567
Key Up;Z;129573
Key Down;S;129751
Key Down;D;129912
Key Up;S;130258
Key Up;D;130370
Key Down;Q;130557
Key Up;Q;130813
Key Down;D;131085
Key Up;D;131395
Key Down;Q;131687
Key Up;Q;131949
Key Down;D;132045
Key Up;D;132359
Key Down;Q;132685
Key Down;S;132870
Key Up;S;132971
Key Up;Q;133168
Key Down;D;133488
Key Up;Droite;133574
Key Up;D;133777
Key Down;Q;133836
Key Down;Z;133895
Key Up;Q;133980
Key Up;Z;134124
Key Down;Q;134254
Key Down;S;134329
Key Down;Gauche;134467
Key Up;S;134473
Key Down;Z;134921
Key Up;Z;135017
Key Up;Q;135619
Key Down;Q;135889
Key Down;Z;136343
Key Up;Z;136460
Key Up;Q;136684
Key Down;D;136850
Key Down;Z;137052
Key Up;Z;137132
Key Up;D;137511
Key Down;Z;137660
Key Up;Z;137804
Key Down;S;138103
Key Up;S;138193
Key Down;D;138348
Key Up;D;138572
Key Down;S;138764
Key Down;D;138775
Key Up;D;138912
Key Up;S;138991
Key Down;Q;139178
Key Down;Z;139243
Key Up;Z;139397
Key Up;Q;139691
Key Down;Bas;139722
Key Down;Q;139839
Key Down;S;139856
Key Up;Q;139893
Key Down;D;139930
Key Up;S;139984
Key Down;S;140069
Key Up;S;140170
Key Up;D;140298
Key Up;Bas;140362
Key Up;Gauche;140405
Key Down;Gauche;140463
Key Down;S;140479
Key Down;Q;140569
Key Up;S;140575
Key Up;Q;140905
Key Down;Q;141135
Key Up;Gauche;141172
Key Down;S;141274
Key Up;Q;141572
Key Up;S;141625
Key Down;Q;141688
Key Down;Z;141768
Key Up;Q;142039
Key Down;D;142470
Key Up;Z;142534
Key Down;S;142790
Key Up;D;142822
Key Down;Bas;143046
Key Down;D;143259
Key Up;D;143371
Key Down;D;143681
Key Up;D;143809
Key Up;S;144139
Key Down;S;144380
Key Down;Droite;144667
Key Up;S;144672
Key Down;D;144790
Key Up;Bas;144801
Key Up;D;144938
Key Down;Z;144965
Key Up;Z;145098
Key Down;D;145450
Key Up;D;145578
Key Down;Q;145712
Key Up;Q;145850
Key Down;S;146058
Key Down;D;146154
Key Down;Haut;146362
Key Up;D;146367
Key Up;Droite;146528
Key Up;S;146549
Key Down;Q;146580
Key Down;S;146671
Key Up;Q;146799
Key Up;S;147129
Key Down;Q;147296
Key Down;S;147530
Key Up;Q;147535
Key Up;S;147823
Key Down;D;147944
Key Down;Gauche;148019
Key Down;S;148040
Key Up;Haut;148104
Key Up;S;148173
Key Down;S;148302
Key Up;S;148722
Key Down;Z;148920
Key Up;Z;149171
Key Up;D;149566
Key Down;D;150157
Key Up;D;150296
Key Down;D;150509
Key Up;D;150749
Key Down;Z;150861
Key Up;Z;150977
Key Down;D;151207
Key Up;D;151383
Key Down;Z;152742
Key Up;Z;152876
Key Down;Q;153036
Key Up;Q;153142
Key Down;D;153244
Key Up;D;153596
Key Down;S;154442
Key Up;S;154554
Key Down;D;155029
Key Down;Z;155125
Key Up;D;155199
Key Up;Z;155231
Key Down;D;155380
Key Up;D;155519
Key Down;S;156254
Key Up;S;156393
Key Down;Q;156563
Key Down;S;156628
Key Up;S;156719
Key Up;Q;156761
Key Down;S;156883
Key Down;D;156905
Key Up;S;157031
Key Up;D;157069
Key Down;D;157266
Key Down;Z;157421
Key Up;Z;157570
Key Up;D;157597
Key Down;D;157868
Key Up;D;158044
Key Down;D;158381
Key Down;S;158407
Key Up;S;158498
Key Up;D;158541
Key Down;Z;158637
Key Up;Z;158754
Key Down;S;159426
Key Down;D;159431
Key Up;S;159501
Key Down;Z;159612
Key Up;D;159746
Key Up;Z;159826
Key Down;S;160625
Key Up;S;160827
Key Down;S;161312
Key Down;Q;161424
Key Up;S;161558
Key Down;Haut;161712
Key Down;Droite;161834
Key Up;Haut;161877
Key Up;Gauche;161899
Key Down;S;161974
Key Up;S;162149
Key Down;Z;162661
Key Up;Z;162811
Key Up;Q;162954
Key Down;Z;162986
Key Up;Z;163108
Key Down;Q;163342
Key Up;Q;163518
Key Down;D;163823
Key Up;D;164009
Key Down;S;164035
Key Up;S;164137
Key Down;Q;164419
Key Up;Q;164798
Key Down;Q;165001
Key Up;Q;165166
Key Down;Z;165539
Key Up;Z;165619
Key Down;D;165641
Key Down;Haut;166140
Key Up;Droite;166156
Key Down;S;166364
Key Up;D;166503
Key Up;S;166573
Key Down;D;167208
Key Up;D;167319
Key Down;D;167789
Key Up;Haut;168018
Key Down;Z;168194
Key Down;Q;168391
Key Up;D;168402
Key Up;Z;168834
Key Down;Gauche;168886
Key Down;Z;169184
Key Up;Z;169339
Key Up;Q;169344
Key Down;D;169610
Key Up;D;169765
Key Down;D;170000
Key Down;Droite;170293
Key Up;Gauche;170400
Key Down;Z;170463
Key Up;Z;170586
Key Up;D;170629
Key Down;D;170981
Key Up;D;171098
Key Down;D;171440
Key Up;D;171599
Key Down;Haut;171674
Key Up;Droite;171711
Key Down;Q;172248
Key Up;Q;172344
Key Down;Z;173128
Key Down;Droite;173149
Key Down;Q;173240
Key Up;Haut;173320
Key Up;Z;173347
Key Up;Q;173459
Key Down;Z;173464
Key Down;D;173587
Key Up;Z;173656
Key Up;D;173774
Key Down;Z;173949
Key Up;Z;174066
Key Down;Q;174775
Key Up;Q;174994
Key Down;Z;175356
Key Down;Haut;175548
Key Up;Droite;175596
Key Down;Q;175724
Key Up;Q;175879
Key Down;Q;176060
Key Up;Q;176183
Key Down;D;177799
Key Down;Droite;177985
Key Up;Haut;178207
Key Up;Z;178367
Key Down;Z;178559
Key Up;Z;178720
Key Down;Z;178986
Key Up;Z;179087
Key Up;D;179445
Key Down;D;179754
Key Up;D;179893
Key Down;Bas;180096
Key Up;Droite;180154
Key Down;Z;180186
Key Down;Q;180223
Key Up;Q;180314
Key Up;Z;180357
Key Down;Z;180789
Key Up;Z;180938
Key Down;Droite;181189
Key Down;D;181225
Key Down;S;181230
Key Up;Bas;181320
Key Up;D;181411
Key Down;D;181774
Key Up;S;181844
Key Up;D;182030
Key Down;Q;182712
Key Up;Q;182888
Key Down;Q;183043
Key Down;Z;183161
Key Down;Haut;183256
Key Up;Q;183262
Key Up;Droite;183310
Key Down;D;183336
Key Up;Z;183582
Key Up;D;183587
Key Down;S;183929
Key Down;D;183966
Key Up;D;184088
Key Up;S;184200
Key Down;D;184428
Key Up;D;184561
Key Down;S;184812
Key Down;Q;184967
Key Up;S;184983
Key Up;Q;185169
Key Down;S;185548
Key Up;S;185698
Key Down;S;185879
Key Down;D;185889
Key Up;S;186087
Key Up;D;186172
Key Down;Z;186348
Key Down;D;186369
Key Up;D;186470
Key Up;Z;186497
Key Down;Q;187201
Key Up;Q;187305
Key Down;Q;187551
Key Down;Droite;187663
Key Down;Z;187679
Key Up;Haut;187786
Key Up;Q;187829
Key Down;D;188282
Key Up;Z;188506
Key Up;Droite;188564
Key Up;D;188980
Key Down;Z;188991
Key Down;Q;189183
Key Up;Q;189439
Key Down;Haut;189689
Key Down;Q;190904
Key Up;Q;191191
Key Down;D;191607
Key Up;D;191879
Key Down;Droite;192290
Key Down;D;192380
Key Up;Haut;192524
Key Up;Z;193021
Key Down;S;193397
Key Up;S;193569
Key Down;Bas;194048
Key Up;Bas;194165
Key Down;Bas;194331
Key Down;S;194347
Key Up;Bas;194640
Key Up;S;194832
Key Down;Z;195232
Key Up;Z;195669
Key Down;Haut;196431
Key Up;Droite;196510
Key Down;Z;196739
Key Up;D;197203
Key Down;D;197348
Key Up;D;197535
Key Up;Z;197689
Key Down;Z;198190
Key Up;Z;198750
Key Down;Q;198964
Key Down;S;198979
Key Down;Droite;199230
Key Up;Haut;199240
Key Up;S;199257
Key Up;Q;199348
Key Down;S;199452
Key Up;S;199660
Key Down;Z;199905
Key Up;Z;200156
Key Down;Bas;200182
Key Up;Droite;200337
Key Down;Z;200439
Key Up;Z;200577
Key Down;D;200711
Key Down;S;200721
Key Up;Bas;200732
Key Up;D;201196
Key Down;Droite;201761
Key Down;D;201777
Key Up;S;202517
Key Up;D;203439
Key Down;D;203664
Key Up;D;203956
Key Down;Z;204266
Key Down;Q;204352
Key Up;Z;204442
Key Up;Q;204500
Key Down;Q;204884
Key Up;Q;205055
Key Down;S;205172
Key Down;Q;205274
Key Up;Q;205491
Key Down;Gauche;205550
Key Down;D;205592
Key Up;Droite;205619
Key Up;S;206008
Key Up;D;206441
Key Down;D;206605
Key Up;D;206846
Key Down;D;207011
Key Up;D;207229
Key Down;D;208366
Key Up;D;208497
Key Down;Q;208907
Key Up;Gauche;209083
Key Up;Q;209584
Key Down;Q;210028
Key Up;Q;210183
Key Down;A;210394
Key Up;A;210532
Key Down;D;210793
Key Up;D;211092
Key Down;D;211538
Key Up;D;211618
Key Down;A;212124
Key Up;A;212241
Key Down;Bas;213805
Key Down;S;214896
Key Up;S;215025
Key Down;Q;215814
Key Up;Q;215942
Key Down;S;217456
Key Down;Droite;217567
Key Up;Bas;217625
Key Up;S;217706
Key Down;D;218718
Key Up;Droite;218863
Key Down;Z;218926
Key Up;D;218985
Key Up;Z;219732
Key Down;D;219909
Key Down;Z;219952
Key Up;D;220160
Key Up;Z;220314
Key Down;Espace;220391
Key Up;Espace;220545
Key Down;Gauche;220624
Key Down;Q;220842
Key Up;Q;221062
Key Down;Q;221301
Key Up;Q;221439
Key Down;D;221558
Key Down;Z;221723
Key Up;D;221824
Key Up;Z;221866
Key Down;Z;222187
Key Down;Q;222261
Key Up;Z;222320
Key Up;Q;222437
Key Down;S;222592
Key Down;Q;222683
Key Up;S;222730
Key Up;Q;222816
Key Down;Droite;223157
Key Down;D;223172
Key Up;Gauche;223343
Key Up;D;223434
Key Down;Q;223472
Key Down;S;223525
Key Up;Q;223589
Key Down;D;223641
Key Up;S;223838
Key Up;D;223849
Key Down;Q;224062
Key Down;S;224179
Key Up;Q;224211
Key Up;S;224307
Key Down;D;224584
Key Up;D;224782
Key Down;Q;225075
Key Up;Q;225283
Key Down;Z;225337
Key Up;Z;225657
Key Down;Z;225934
Key Up;Z;226238
Key Down;D;226392
Key Down;S;226483
Key Up;D;226595
Key Up;S;226642
Key Down;Q;226738
Key Down;S;226764
Key Up;S;226929
Key Up;Q;226945
Key Down;D;227164
Key Down;S;227218
Key Up;D;227308
Key Up;S;227319
Key Down;D;227569
Key Down;Z;227666
Key Up;D;227719
Key Up;Z;227772
Key Down;Z;227900
Key Down;D;227927
Key Up;Z;228044
Key Up;D;228124
Key Down;Z;228652
Key Down;D;228684
Key Up;Z;228892
Key Up;D;229083
Key Down;S;229807
Key Down;Bas;229839
Key Up;Droite;229929
Key Up;S;230404
Key Down;Droite;230516
Key Down;S;230538
Key Up;Bas;230623
Key Down;D;230639
Key Up;S;230783
Key Up;D;230910
Key Down;Q;231556
Key Down;Gauche;231801
Key Up;Droite;231892
Key Up;Q;232738
Key Down;Q;232930
Key Down;Haut;233005
Key Up;Q;233032
Key Up;Gauche;233085
Key Down;D;233298
Key Up;D;233394
Key Down;Q;233905
Key Up;Q;233975
Key Down;D;234359
Key Up;D;234460
Key Down;Z;234636
Key Down;Q;234861
Key Up;Q;234973
Key Up;Z;235181
Key Down;Z;236374
Key Down;Gauche;236560
Key Up;Haut;236651
Key Up;Z;236730
Key Down;Q;237019
Key Up;Q;237152
Key Down;D;237653
Key Up;D;237771
Key Down;Q;237882
Key Up;Q;238032
Key Down;S;238048
Key Down;Bas;238090
Key Down;D;238272
Key Up;Gauche;238288
Key Down;Droite;238310
Key Up;S;238315
Key Up;Bas;238362
Key Down;Z;238651
Key Down;Haut;238782
Key Up;Droite;238862
Key Down;Droite;239118
Key Up;Haut;239182
Key Up;D;239198
Key Down;D;239539
Key Up;Z;240094
Key Down;Z;240350
Key Up;Z;240441
Key Up;D;241080
Key Down;D;241262
Key Up;D;241502
Key Down;D;241900
Key Up;D;242326
Key Down;D;242764
Key Up;D;242956
Key Down;Q;243004
Key Down;Gauche;243382
Key Up;Droite;243494
Key Down;Z;247055
Key Up;Z;247311
Key Down;S;247422
Key Up;S;247684
Key Down;S;247896
Key Up;S;248146
Key Down;Z;248387
Key Up;Z;248535
Key Down;Z;248706
Key Up;Z;248823
Key Down;Bas;249170
Key Down;S;249431
Key Up;Gauche;249500
Key Up;S;249655
Key Down;S;249826
Key Up;Q;250439
Key Down;Droite;250743
Key Up;Droite;251024
Key Down;Q;251088
Key Up;S;251200
Key Down;S;251413
Key Up;S;251813
Key Down;S;251973
Key Up;Q;252421
Key Down;Q;252858
Key Up;Q;253824
Key Down;Droite;254232
Key Down;D;254249
Key Up;Bas;254472
Key Up;S;254723
Key Down;S;254760
Key Up;S;254952
Key Down;Z;256269
Key Up;Z;256494
Key Down;S;257371
Key Up;S;257590
Key Down;S;257788
Key Up;S;257910
Key Up;D;258469
Key Down;D;258657
Key Up;D;258864
Key Down;Haut;258976
Key Up;Droite;259030
Key Down;Q;259104
Key Up;Q;259233
Key Down;Z;260788
Key Down;Droite;260820
Key Up;Haut;260948
Key Up;Z;261000
Key Down;D;261113
Key Down;Z;261438
Key Up;Z;261534
Key Up;D;261966
Key Down;Q;262297
Key Up;Q;262600
Key Down;Q;263382
Key Down;S;263878
Key Up;Q;263915
Key Down;D;264145
Key Up;S;264150
Key Up;D;264224
Key Up;Droite;264283
Key Down;S;264542
Key Down;D;264548
Key Up;S;264798
Key Up;D;264851
Key Down;Q;264885
Key Down;Z;265189
Key Up;Q;265402
Key Up;Z;265429
Key Down;Q;265820
Key Down;S;266111
Key Up;S;266266
Key Down;Z;266639
Key Up;Q;267396
Key Down;Q;267615
Key Up;Q;267914
Key Down;Q;268367
Key Up;Q;268526
Key Down;D;269042
Key Up;Z;269160
Key Down;Z;269677
Key Up;D;269815
Key Down;Q;269938
Key Up;Q;270258
Key Down;Q;270546
Key Up;Z;270610
Key Down;Z;271085
Key Up;Q;271250
Key Down;D;271697
Key Up;D;272102
Key Down;Q;272139
Key Up;Q;272422
Key Down;Q;272683
Key Up;Q;272826
Key Up;Z;275497
Key Down;Entrée;275744
Key Up;Entrée;275856
Key Down;Entrée;275971
Key Up;Entrée;276056
Key Down;Entrée;276185
Key Up;Entrée;276265
Key Down;Entrée;276373
Key Up;Entrée;276475
Key Down;Entrée;276582
Key Up;Entrée;276668
Key Down;Entrée;276766
Key Up;Entrée;276862
Key Down;Entrée;276980
Key Up;Entrée;277087
Key Down;Entrée;277192
Key Up;Entrée;277282
Key Down;Entrée;277392
Key Up;Entrée;277478
Key Down;Entrée;277586
Key Up;Entrée;277671
Key Down;Entrée;277777
Key Up;Entrée;277867
Key Down;Entrée;277974
Key Up;Entrée;278054
Key Down;Gauche;280105
Key Down;Q;280655
Key Up;Q;281097
Key Down;Q;281240
Key Up;Q;282274
Key Down;Q;282775
Key Up;Q;282950
Key Down;Z;283036
Key Down;Q;283111
Key Up;Z;283276
Key Up;Q;283282
Key Down;D;283628
Key Up;D;283788
Key Down;D;283819
Key Up;D;283889
Key Down;D;284352
Key Up;D;284549
Key Down;Q;284704
Key Up;Q;285055
Key Down;Z;286794
Key Down;Q;286884
Key Up;Z;287007
Key Up;Q;287092
Key Down;D;287554
Key Up;D;287709
Key Down;Q;288093
Key Up;Q;288237
Key Down;Q;288568
Key Up;Q;288717
Key Down;D;289069
Key Up;D;289277
Key Down;Q;289516
Key Up;Q;289671
Key Down;Z;290034
Key Down;Q;290119
Key Up;Z;290172
Key Up;Q;290353
Key Down;Q;290635
Key Up;Q;290810
Key Down;D;291317
Key Up;D;291536
Key Down;D;291941
Key Up;D;292203
Key Down;D;292325
Key Up;D;292517
Key Down;D;292677
Key Up;D;292858
Key Down;D;292986
Key Down;S;293141
Key Up;S;293427
Key Up;D;293465
Key Down;D;293720
Key Up;D;293858
Key Down;Q;293976
Key Up;Q;294334
Key Down;Z;294403
Key Up;Z;294515
Key Down;Q;295149
Key Up;Q;295325
Key Down;D;295443
Key Up;D;295783
Key Down;S;295970
Key Up;S;296076
Key Down;D;296326
Key Up;D;296535
Key Down;D;297079
Key Down;S;297202
Key Up;D;297639
Key Up;S;298086
Key Down;Q;298214
Key Down;Z;298272
Key Up;Z;298433
Key Up;Q;298465
Key Down;Q;298897
Key Down;Z;299281
Key Up;Q;299375
Key Down;D;299429
Key Up;Z;299493
Key Down;S;299652
Key Up;S;299951
Key Up;D;299962
Key Down;S;300089
Key Down;Q;300286
Key Up;S;300329
Key Down;Haut;300377
Key Up;Gauche;300420
Key Down;Droite;300628
Key Up;Haut;300670
Key Up;Q;300810
Key Down;Q;301119
Key Down;Haut;301289
Key Up;Q;301295
Key Up;Droite;301327
Key Down;D;301460
Key Down;Gauche;301780
Key Up;Haut;301859
Key Up;D;302137
Key Down;Z;302323
Key Up;Z;302391
Key Down;D;302461
Key Up;D;302732
Key Down;D;302988
Key Up;D;303143
Key Down;D;303308
Key Down;Z;303581
Key Down;Bas;303601
Key Up;D;303719
Key Up;Gauche;303900
Key Up;Z;303969
Key Down;Z;304321
Key Up;Z;304439
Key Down;Z;304625
Key Up;Z;304827
Key Down;Q;305163
Key Up;Q;305292
Key Down;D;305648
Key Down;S;305722
Key Up;D;305850
Key Up;S;305855
Key Down;Z;306020
Key Up;Z;306324
Key Down;Gauche;306532
Key Down;D;306549
Key Up;Bas;306596
Key Down;S;306681
Key Down;Haut;306970
Key Up;D;307119
Key Up;Gauche;307151
Key Up;S;307199
Key Down;Z;307331
Key Down;Gauche;307380
Key Up;Haut;307402
Key Up;Z;307610
Key Down;D;307870
Key Up;D;308004
Key Down;Z;308217
Key Up;Z;308356
Key Down;D;308440
Key Down;S;308508
Key Up;D;308765
Key Up;S;308781
Key Down;Q;308807
Key Down;Z;308993
Key Up;Gauche;309068
Key Up;Z;309346
Key Down;Z;309773
Key Up;Z;309964
Key Down;Espace;310007
Key Up;Espace;310145
Key Up;Q;310572
Key Down;D;310605
Key Down;Droite;310695
Key Down;S;311483
Key Up;S;311867
Key Down;S;312117
Key Up;S;312251
Key Down;Bas;313078
Key Up;Bas;313210
Key Down;Haut;313456
Key Down;Z;313488
Key Up;Droite;313648
Key Up;D;313776
Key Up;Z;314426
Key Down;Q;315086
Key Up;Q;315220
Key Down;D;315492
Key Down;Gauche;315753
Key Up;Haut;315865
Key Up;D;315993
Key Down;D;316206
Key Down;Z;316584
Key Up;D;316595
Key Down;Bas;316691
Key Up;Gauche;316995
Key Down;Q;317011
Key Up;Q;317214
Key Up;Z;317342
Key Down;Q;317532
Key Down;Z;317564
Key Down;Droite;317825
Key Up;Z;317842
Key Up;Bas;317943
Key Up;Q;318113
Key Down;S;318268
Key Down;Q;318310
Key Up;S;318417
Key Up;Q;318497
Key Down;S;318759
Key Up;S;319019
Key Down;D;319132
Key Down;S;319201
Key Down;Haut;319259
Key Up;S;319376
Key Up;Droite;319387
Key Up;D;319473
Key Down;D;319660
Key Up;D;319819
Key Down;S;319915
Key Down;D;319958
Key Down;Gauche;320075
Key Up;S;320129
Key Up;D;320193
Key Up;Haut;320229
Key Down;D;320379
Key Down;Z;320427
Key Up;D;320553
Key Up;Z;320564
Key Down;D;320836
Key Down;Z;321023
Key Down;Bas;321092
Key Up;D;321097
Key Down;Q;321198
Key Up;Gauche;321214
Key Up;Q;321311
Key Down;Q;321513
Key Up;Q;321635
Key Up;Z;321860
Key Down;Z;322009
Key Down;Q;322185
Key Up;Z;322270
Key Down;Droite;322302
Key Up;Bas;322424
Key Up;Q;322494
Key Down;S;322638
Key Down;Q;322755
Key Up;S;322973
Key Up;Q;323262
Key Down;Q;323315
Key Down;S;323336
Key Up;Q;323411
Key Down;Haut;323501
Key Down;D;323570
Key Up;Droite;323639
Key Up;S;323724
Key Up;D;324012
Key Down;D;324251
Key Down;Gauche;324417
Key Down;S;324444
Key Up;Haut;324518
Key Up;S;324657
Key Up;D;324737
Key Down;S;324945
Key Down;Q;325025
Key Up;S;325030
Key Down;S;325120
Key Up;S;325408
Key Up;Q;325883
Key Down;Z;325948
Key Up;Z;326118
Key Down;Z;326289
Key Down;D;326518
Key Up;Z;326714
Key Down;Z;326746
Key Up;D;326927
Key Up;Z;327012
Key Down;Q;327141
Key Up;Q;327370
Key Down;D;327466
Key Up;D;328101
Key Down;S;328160
Key Down;Q;328266
Key Up;S;328325
Key Up;Q;328384
Key Down;S;328458
Key Down;Haut;328581
Key Up;Gauche;328794
Key Down;D;328815
Key Up;D;328954
Key Up;S;328997
Key Down;S;329247
Key Up;S;329450
Key Down;Q;329794
Key Up;Q;329943
Key Down;D;330567
Key Up;D;330679
Key Down;Droite;330818
Key Up;Haut;330908
Key Down;Q;331005
Key Up;Q;331633
Key Down;Z;331767
Key Down;D;331820
Key Up;Z;332140
Key Up;D;332741
Key Down;Q;332784
Key Up;Droite;333125
Key Down;Z;333365
Key Up;Q;333477
Key Down;D;333610
Key Up;Z;333664
Key Up;D;333866
Key Down;Q;333871
Key Down;Z;333989
Key Down;Haut;334058
Key Up;Q;334090
Key Up;Z;334735
Key Down;Q;335460
Key Up;Q;335588
Key Down;Q;335688
Key Down;Z;335736
Key Up;Q;335821
Key Up;Z;335885
Key Down;D;335912
Key Down;S;336237
Key Up;S;336397
Key Up;D;336445
Key Down;D;336637
Key Up;D;336738
Key Down;Q;336946
Key Down;S;336973
Key Up;Q;337064
Key Up;S;337101
Key Down;Q;337389
Key Up;Q;337511
Key Down;D;337719
Key Up;D;337885
Key Down;Q;338082
Key Up;Q;338199
Key Down;D;338694
Key Up;D;338774
Key Down;Gauche;338976
Key Up;Haut;339045
Key Down;D;339062
Key Down;Z;339430
Key Up;D;339547
Key Up;Z;339595
Key Down;Z;340065
Key Up;Z;340235
Key Down;Z;341365
Key Up;Z;341504
Key Down;Z;342489
Key Up;Z;342580
Key Down;S;342734
Key Down;Haut;343001
Key Up;Gauche;343198
Key Down;Q;343225
Key Up;Q;343400
Key Up;S;343470
Key Down;Q;343838
Key Up;Q;343971
Key Down;Q;344147
Key Down;Droite;344345
Key Up;Q;344451
Key Down;D;344482
Key Down;Gauche;344675
Key Up;Droite;344697
Key Up;Haut;344753
Key Up;D;344855
Key Down;Q;345062
Key Down;Droite;345137
Key Down;Z;345153
Key Up;Gauche;345163
Key Up;Q;345340
Key Up;Z;345499
Key Down;S;346390
Key Up;S;346512
Key Down;D;346721
Key Down;Haut;346795
Key Up;Droite;346822
Key Down;S;346924
Key Up;D;346945
Key Up;S;346993
Key Down;S;347269
Key Down;D;347376
Key Up;S;347456
Key Up;D;347521
Key Down;S;347648
Key Down;D;347774
Key Up;S;347795
Key Up;D;347897
Key Down;Q;347962
Key Up;Q;348079
Key Down;Q;348196
Key Up;Haut;348367
Key Down;Gauche;348494
Key Down;Z;348558
Key Up;Gauche;348574
Key Up;Q;348580
Key Down;D;348622
Key Up;D;348921
Key Down;Q;349263
Key Up;Z;349481
Key Down;S;349630
Key Up;S;349747
Key Down;Z;349859
Key Up;Q;349965
Key Down;Espace;350004
Key Up;Z;350009
Key Down;Q;350067
Key Up;Espace;350141
Key Down;D;350216
Key Up;Q;350227
Key Down;Z;350504
Key Up;D;350653
Key Down;Haut;351025
Key Up;Z;351105
Key Down;Q;351585
Key Down;Z;351606
Key Down;Gauche;351729
Key Up;Q;351734
Key Up;Haut;351777
Key Up;Z;351793
Key Down;D;351868
Key Down;S;351878
Key Up;D;352049
Key Up;S;352097
Key Down;Z;352395
Key Up;Z;352534
Key Down;Droite;353408
Key Up;Gauche;353446
Key Down;Q;353611
Key Down;Z;353681
Key Up;Q;353729
Key Up;Z;353849
Key Down;Z;354143
Key Up;Z;354302
Key Down;Z;354468
Key Up;Droite;354575
Key Up;Z;354590
Key Down;D;354767
Key Down;S;354810
Key Up;D;354922
Key Down;Q;356068
Key Up;S;356308
Key Down;S;356494
Key Up;Q;356815
Key Down;D;356915
Key Up;S;357096
Key Down;S;357447
Key Up;D;357538
Key Down;D;359633
Key Up;S;360074
Key Down;Droite;360293
Key Down;S;360336
Key Up;S;360448
Key Down;Z;360715
Key Up;Z;360896
Key Up;D;361263
Key Down;D;361578
Key Up;D;361818
Key Down;Z;361855
Key Down;D;361999
Key Up;Z;362554
Key Up;Droite;362612
Key Down;S;362810
Key Up;S;363245
Key Up;D;364403
Key Down;Droite;364595
Key Down;Z;365667
Key Up;Z;365860
Key Down;Z;366438
Key Up;Z;366588
Key Down;Gauche;367137
Key Up;Droite;367185
Key Down;Q;367367
Key Down;Z;367425
Key Up;Q;367473
Key Up;Z;367564
Key Down;Q;368475
Key Down;Droite;368508
Key Down;S;368523
Key Up;Gauche;368662
Key Up;Q;368758
Key Up;S;368822
Key Down;S;369231
Key Up;S;369359
Key Down;S;369711
Key Up;S;369828
Key Down;Z;370026
Key Up;Z;370175
Key Down;Z;370346
Key Up;Z;370462
Key Down;Z;371390
Key Up;Z;371534
Key Down;Q;372023
Key Down;S;372039
Key Up;Q;372194
Key Down;Haut;372263
Key Down;D;372295
Key Up;Droite;372316
Key Up;D;372482
Key Up;S;372567
Key Down;S;372833
Key Down;D;372978
Key Up;D;373164
Key Up;S;373196
Key Down;S;373500
Key Down;D;373542
Key Up;S;373628
Key Down;Droite;373729
Key Up;D;373762
Key Down;D;373927
Key Up;Haut;373974
Key Up;D;374513
Key Down;Z;374940
Key Up;Z;375039
Key Down;D;375161
Key Up;D;375359
Key Down;Q;375561
Key Up;Droite;375775
Key Down;Z;375817
Key Up;Z;376089
Key Down;Z;376212
Key Up;Q;376255
Key Up;Z;376388
Key Down;S;376592
Key Down;Bas;376869
Key Down;D;377045
Key Up;D;377136
Key Up;S;377589
Key Down;S;377872
Key Up;S;377989
Key Down;Espace;378205
Key Up;Espace;378328
Key Down;Droite;378782
Key Down;D;378797
Key Up;Bas;378893
Key Up;D;378963
Key Down;S;379011
Key Up;S;379085
Key Down;Z;379229
Key Up;Z;379352
Key Down;Q;379533
Key Up;Q;379875
Key Down;Z;380167
Key Down;Q;380210
Key Down;Bas;380264
Key Up;Z;380285
Key Up;Droite;380408
Key Up;Q;380706
Key Down;S;380711
Key Up;S;380866
Key Down;Q;381371
Key Up;Q;381462
Key Down;S;381606
Key Up;S;381782
Key Down;Z;382858
Key Up;Z;382997
Key Down;Z;383168
Key Up;Z;383280
Key Down;Z;383584
Key Down;Droite;383679
Key Down;D;383711
Key Up;Bas;383743
Key Up;Z;383877
Key Down;S;384307
Key Up;S;384440
Key Up;D;384680
Key Down;D;384947
Key Up;D;385235
Key Down;S;385342
Key Up;S;385491
Key Down;Q;385928
Key Down;Z;385965
Key Up;Z;386114
Key Up;Q;386211
Key Down;D;386509
Key Down;S;386706
Key Up;D;386733
Key Down;Q;386770
Key Up;S;386819
Key Up;Q;386915
Key Down;Z;387354
Key Up;Z;387472
Key Down;D;387659
Key Down;Bas;387702
Key Up;Droite;387755
Key Up;D;387787
Key Down;S;387808
Key Up;S;387952
Key Up;Bas;388250
Key Down;D;388256
Key Down;S;388310
Key Up;D;388394
Key Down;Q;388454
Key Up;S;388715
Key Down;D;388773
Key Up;Q;388816
Key Down;Droite;388906
Key Down;Z;389253
Key Up;Z;389349
Key Up;D;389749
Key Down;D;390200
Key Up;D;390472
Key Down;D;390963
Key Down;Z;391085
Key Up;D;391091
Key Down;Q;391128
Key Up;Z;391181
Key Down;D;391607
Key Down;S;391805
Key Up;D;391917
Key Up;S;391933
Key Up;Q;392381
Key Down;D;392568
Key Up;D;392887
Key Down;Q;392999
Key Up;Q;393201
Key Down;Z;393494
Key Down;D;393622
Key Up;D;393926
Key Up;Z;393937
Key Down;Q;394081
Key Up;Q;394294
Key Down;D;394342
Key Down;Z;394678
Key Up;Z;394774
Key Up;D;394918
Key Down;D;395260
Key Up;D;395504
Key Down;S;395963
Key Down;Q;396207
Key Down;Bas;396228
Key Up;Droite;396239
Key Up;Q;396324
Key Up;S;396490
Key Down;Z;396655
Key Up;Z;396825
Key Down;Espace;396916
Key Up;Espace;397060
Key Down;D;397194
Key Up;D;397348
Key Down;S;397545
Key Down;Q;397593
Key Up;S;397679
Key Up;Q;397699
Key Down;Q;398254
Key Down;Gauche;398287
Key Up;Bas;398355
Key Down;S;398462
Key Up;S;398564
Key Up;Q;398703
Key Down;S;398937
Key Up;S;399059
Key Down;Z;399287
Key Up;Z;399393
Key Down;Q;399617
Key Up;Q;399751
Key Down;D;400076
Key Down;S;400247
Key Up;S;400354
Key Down;Z;400705
Key Up;D;400801
Key Down;Q;400848
Key Up;Z;400887
Key Down;S;401062
Key Up;S;401574
Key Up;Q;401729
Key Down;D;402016
Key Up;D;402172
Key Down;Q;402644
Key Down;Z;402762
Key Down;Haut;402938
Key Up;Q;402943
Key Up;Gauche;402953
Key Down;Q;403194
Key Up;Q;403315
Key Down;Q;403524
Key Up;Z;403529
Key Up;Q;403652
Key Down;S;404676
Key Down;Gauche;404793
Key Up;Haut;404905
Key Down;Q;404953
Key Up;S;404995
Key Down;Bas;405457
Key Down;S;405783
Key Up;Gauche;405921
Key Up;S;406066
Key Down;S;406177
Key Up;Q;406439
Key Down;Q;406625
Key Up;Q;406790
Key Up;S;407051
Key Down;Droite;407713
Key Down;S;407728
Key Up;Bas;407766
Key Down;D;407814
Key Up;S;408262
Key Down;S;408548
Key Up;Droite;408591
Key Up;S;408607
Key Up;D;408730
Key Down;Q;408760
Key Up;Q;409037
Key Down;Q;409419
Key Down;S;409632
Key Up;Q;409707
Key Down;Q;409733
Key Down;Bas;409797
Key Up;Q;410181
Key Down;D;410709
Key Up;D;411082
Key Up;S;411368
Key Down;S;411736
Key Up;S;411917
Key Down;Z;412072
Key Up;Z;412211
Key Down;Q;412413
Key Down;S;412664
Key Down;Droite;412701
Key Up;Bas;412818
Key Up;Q;412877
Key Up;S;413101
Key Down;S;413778
Key Up;Droite;413922
Key Down;D;413927
Key Up;S;414002
Key Up;D;414050
Key Down;S;414310
Key Up;S;414422
Key Down;Z;414551
Key Down;D;414727
Key Up;Z;415009
Key Up;D;415085
Key Down;Q;415178
Key Down;S;415183
Key Down;Bas;415327
Key Up;S;415381
Key Up;Bas;415396
Key Up;Q;415412
Key Down;Z;415484
Key Down;Q;415633
Key Up;Z;415762
Key Up;Q;415772
Key Down;D;415869
Key Down;S;415949
Key Up;D;416071
Key Down;D;416408
Key Up;D;416514
Key Up;S;417042
Key Down;Entrée;417360
Key Up;Entrée;417524
Key Down;Bas;417683
Key Down;S;417912
Key Up;S;418003
Key Down;Z;418478
Key Up;Z;418589
Key Down;Z;420349
Key Up;Z;420480
Key Down;Q;420785
Key Up;Q;420923
Key Down;D;421707
Key Up;D;421808
Key Down;D;422267
Key Up;D;422768
Key Down;D;423237
Key Down;S;423370
Key Down;Gauche;423396
Key Up;Bas;423434
Key Up;D;423524
Key Up;S;423855
Key Down;Z;424137
Key Up;Z;424244
Key Down;Haut;424264
Key Down;Q;424334
Key Down;S;424340
Key Up;Gauche;424355
Key Up;Q;424531
Key Up;S;424558
Key Down;Q;424910
Key Down;S;424926
Key Up;Q;425038
Key Up;S;425107
Key Down;Z;425491
Key Up;Z;425635
Key Down;S;426286
Key Up;S;426408
Key Down;S;426811
Key Up;S;427121
Key Down;Q;427153
Key Down;Droite;427216
Key Up;Q;427286
Key Up;Droite;427329
Key Down;D;427361
Key Up;D;427457
Key Down;D;427617
Key Down;Z;427766
Key Up;D;427804
Key Down;Q;428197
Key Down;Droite;428251
Key Up;Z;428288
Key Up;Haut;428369
Key Down;S;428517
Key Up;S;428592
Key Up;Q;428635
Key Down;Q;428869
Key Down;Z;428976
Key Up;Z;429147
Key Up;Q;429222
Key Down;Q;429371
Key Up;Q;429726
Key Down;Q;430243
Key Up;Q;430350
Key Down;S;430595
Key Down;Q;430644
Key Up;Q;430772
Key Up;S;430845
Key Down;Q;431651
Key Down;Z;431689
Key Up;Q;431768
Key Up;Z;431907
Key Down;S;432195
Key Up;S;432414
Key Down;Q;432462
Key Up;Q;432731
Key Down;S;433057
Key Down;D;433180
Key Up;S;433436
Key Up;D;433473
Key Down;D;433755
Key Down;Z;433910
Key Up;D;433969
Key Up;Z;434000
Key Down;S;434368
Key Down;Q;434427
Key Up;S;434464
Key Up;Q;434576
Key Down;D;434955
Key Up;D;435120
Key Down;Q;435807
Key Up;Q;436009
Key Down;Q;436232
Key Up;Q;436409
Key Down;Z;436606
Key Down;D;436707
Key Up;D;436883
Key Up;Z;436968
Key Down;Z;437059
Key Down;D;437283
Key Up;Z;437390
Key Down;S;437576
Key Up;D;437774
Key Down;Haut;437827
Key Down;D;437933
Key Up;Droite;437944
Key Up;D;438078
Key Down;D;438221
Key Up;S;438424
Key Up;D;438430
Key Down;S;438640
Key Down;Q;438657
Key Up;S;438796
Key Up;Q;438844
Key Down;Z;439254
Key Down;Q;439324
Key Down;Droite;439414
Key Up;Haut;439563
Key Up;Q;439595
Key Up;Z;439622
Key Down;Q;439957
Key Down;Z;439963
Key Up;Z;440091
Key Up;Q;440123
Key Down;Z;440273
Key Down;D;440395
Key Up;Z;440630
Key Up;D;440672
Key Down;Z;441003
Key Up;Z;441088
Key Down;D;441231
Key Up;D;441354
Key Down;Q;441392
Key Up;Q;441652
Key Down;D;441956
Key Up;D;442089
Key Down;D;442409
Key Up;D;442526
Key Down;Q;442846
Key Down;S;442883
Key Up;S;442926
Key Up;Q;443033
Key Down;S;443299
Key Up;S;443405
Key Down;Q;443721
Key Up;Q;444136
Key Down;S;444317
Key Down;Q;444350
Key Down;Haut;444488
Key Up;Q;444668
Key Up;Droite;444700
Key Down;D;444844
Key Up;S;444929
Key Up;D;444951
Key Down;S;445078
Key Down;D;445201
Key Down;Gauche;445286
Key Up;S;445371
Key Up;Haut;445451
Key Down;Q;445793
Key Up;D;445824
Key Down;Droite;445905
Key Up;Gauche;446006
Key Up;Q;446102
Key Down;D;446166
Key Down;Z;446475
Key Up;D;446486
Key Up;Z;446592
Key Down;D;446688
Key Down;Haut;446800
Key Up;Droite;446947
Key Up;D;447144
Key Down;S;447246
Key Up;S;447523
Key Down;Q;447686
Key Up;Q;448236
Key Down;Q;448401
Key Down;Droite;448497
Key Up;Haut;448615
Key Down;Z;448780
Key Up;Q;448887
Key Down;Q;449004
Key Up;Z;449073
Key Down;Z;449244
Key Up;Q;449254
Key Up;Z;449376
Key Down;Z;449723
Key Down;D;450102
Key Up;Z;450229
Key Down;S;450405
Key Up;D;450470
Key Down;Haut;450608
Key Down;D;450678
Key Up;Droite;450729
Key Up;S;450799
Key Down;S;450879
Key Up;D;450953
Key Up;S;451017
Key Down;Q;451347
Key Down;Z;451471
Key Up;Q;451513
Key Up;Z;451614
Key Down;Q;451876
Key Up;Q;452019
Key Down;S;452702
Key Up;S;452995
Key Down;D;453288
Key Up;D;453566
Key Down;D;453709
Key Down;Z;453751
Key Up;Z;453889
Key Down;Gauche;454173
Key Up;Haut;454237
Key Down;Z;454568
Key Up;D;454658
Key Down;Q;454685
Key Up;Gauche;454701
Key Up;Z;454872
Key Down;Haut;454903
Key Up;Q;455319
Key Down;S;455629
Key Up;S;455820
Key Down;Gauche;456386
Key Down;Z;456407
Key Up;Haut;456455
Key Down;D;456460
Key Up;Z;456545
Key Up;D;456800
Key Down;D;457119
Key Down;Z;457263
Key Up;Z;457477
Key Up;D;457514
Key Down;Q;458143
Key Down;S;458308
Key Up;S;458447
Key Up;Q;458644
Key Down;D;459124
Key Down;Q;459284
Key Up;D;459289
Key Down;Haut;459332
Key Up;Gauche;459348
Key Down;S;459439
Key Up;Q;459444
Key Down;D;459470
Key Up;S;459545
Key Up;D;459647
Key Down;S;459826
Key Down;D;459853
Key Up;D;459965
Key Up;S;460002
Key Down;D;460162
Key Down;S;460242
Key Up;D;460280
Key Up;S;460349
Key Down;Q;461788
Key Down;Droite;462087
Key Up;Haut;462183
Key Up;Q;462423
Key Down;D;462487
Key Up;D;462646
Key Down;Z;462721
Key Down;D;462832
Key Down;Haut;462853
Key Up;Z;462859
Key Up;Droite;462927
Key Up;D;463311
Key Down;S;464398
Key Up;S;464506
Key Down;Q;465236
Key Up;Q;465970
Key Down;D;466221
Key Down;Gauche;466418
Key Up;Haut;466530
Key Down;Z;466568
Key Up;D;466615
Key Up;Z;466717
Key Down;Z;466887
Key Down;Q;466946
Key Up;Q;467138
Key Up;Z;467303
Key Down;D;467650
Key Up;D;467777
Key Down;S;468156
Key Up;S;468487
Key Up;Gauche;468593
Key Down;Q;468815
Key Down;S;468952
Key Up;Q;469027
Key Down;D;469043
Key Up;S;469101
Key Down;Z;469293
Key Up;D;469436
Key Down;Q;469964
Key Up;Q;470701
Key Down;Haut;470828
Key Up;Haut;472346
Key Down;Espace;472469
Key Up;Espace;472618
Key Down;Q;474073
Key Up;Q;474302
Key Down;D;474537
Key Up;D;474782
Key Up;Z;476668
Key Down;Haut;476917
Key Down;Q;477787
Key Down;Droite;477909
Key Up;Haut;478030
Key Down;Z;478078
Key Up;Q;478328
Key Up;Z;478440
Key Down;D;478766
Key Up;D;479059
Key Up;Droite;479181
Key Down;Z;479237
Key Down;D;479333
Key Up;Z;479424
Key Up;D;479599
Key Down;S;479633
Key Up;S;479803
Key Down;Espace;480263
Key Up;Espace;480418
Key Down;Z;480429
Key Up;Z;481376
Key Down;Haut;481728
Key Down;Z;481882
Key Up;Z;482356
Key Up;Haut;482463
Key Down;S;482525
Key Down;Q;482690
Key Up;S;482728
Key Up;Q;482872
Key Down;D;483286
Key Down;Haut;483343
Key Up;D;483402
Key Down;Q;483781
Key Up;Q;483930
Key Down;Gauche;484708
Key Up;Haut;484873
Key Down;Bas;485027
Key Up;Gauche;485081
Key Down;D;485752
Key Up;D;486073
Key Down;D;486296
Key Down;Z;486387
Key Up;D;486505
Key Up;Z;486574
Key Down;Z;486777
Key Up;Z;486883
Key Down;D;486995
Key Down;S;487011
Key Up;D;487100
Key Up;S;487158
Key Down;Q;487233
Key Up;Q;487345
Key Down;S;487638
Key Up;S;487771
Key Down;S;488064
Key Up;S;488139
Key Down;D;488332
Key Up;D;488449
Key Down;Z;488598
Key Down;Q;488609
Key Up;Q;488720
Key Up;Z;488736
Key Down;Z;488912
Key Up;Z;489024
Key Down;Z;489601
Key Down;Q;489606
Key Up;Bas;489686
Key Up;Q;490132
Key Down;D;490265
Key Up;Z;490308
Key Up;D;490404
Key Down;E;490699
Key Up;E;490800
Key Down;Q;490898
Key Down;S;490903
Key Up;Q;491574
Key Up;S;491628
Key Down;S;491903
Key Up;S;492004
Key Down;D;492323
Key Up;D;492445
Key Down;Z;492607
Key Up;Z;493400
Key Down;D;493410
Key Up;D;493549
Key Down;S;493555
Key Down;D;494061
Key Up;D;494194
Key Down;D;494408
Key Up;D;494579
Key Down;D;495005
Key Down;Droite;495212
Key Up;S;495511
Key Down;Bas;495708
Key Up;Droite;495719
Key Down;S;495986
Key Up;S;496256
Key Down;Gauche;496757
Key Up;Bas;496864
Key Up;D;497236
Key Down;Haut;497295
Key Up;Gauche;497519
Key Down;Q;497626
Key Up;Haut;497920
Key Down;Droite;497940
Key Up;Q;498068
Key Down;Bas;498303
Key Down;Q;498324
Key Down;S;498400
Key Up;S;498538
Key Up;Droite;498666
Key Up;Q;498687
Key Down;D;499103
Key Up;D;499272
Key Up;Bas;499485
Key Down;Q;499905
Key Down;Z;500183
Key Up;Z;500322
Key Down;S;501206
Key Up;Q;501979
Key Down;Q;503935
Key Up;Q;504031
Key Down;Q;504441
Key Up;Q;504564
Key Down;D;504670
Key Up;D;504846
Key Up;S;505501
Key Down;S;505718
Key Down;Q;505723
Key Up;Q;505900
Key Down;D;505974
Key Up;D;506161
Key Up;S;509081
Key Down;Z;509226
Key Up;Z;509850
Key Down;Entrée;510131
Key Up;Entrée;510227
Key Down;Entrée;510365
Key Up;Entrée;510451
Key Down;Entrée;510571
Key Up;Entrée;510651
Key Down;Entrée;510774
Key Up;Entrée;510860
Key Down;Entrée;510979
Key Up;Entrée;511064
Key Down;Entrée;511176
Key Up;Entrée;511271
Key Down;Entrée;511377
Key Up;Entrée;511462
Key Down;Entrée;511571
Key Up;Entrée;511652
Key Down;Entrée;511773
Key Up;Entrée;511858
Key Down;Entrée;511982
Key Up;Entrée;512067
Key Down;Entrée;512198
Key Up;Entrée;512279
Key Down;Entrée;512403
Key Up;Entrée;512473
Key Down;Gauche;514274
Key Down;Q;515424
Key Down;Bas;515979
Key Up;Gauche;516230
Key Up;Q;516763
Key Down;Q;517173
Key Up;Q;517396
Key Down;D;517497
Key Up;D;517732
Key Down;Z;517769
Key Up;Z;517950
Key Down;D;518120
Key Down;S;518190
Key Up;D;518270
Key Up;S;518297
Key Down;S;518504
Key Up;S;518637
Key Down;S;518664
Key Up;S;518776
Key Down;S;518888
Key Down;Q;519005
Key Up;S;519229
Key Up;Q;519459
Key Down;Q;519762
Key Down;Z;519863
Key Up;Q;519922
Key Down;D;520099
Key Up;D;520491
Key Up;Z;520572
Key Down;S;520800
Key Up;S;521093
Key Down;S;521376
Key Up;S;521606
Key Down;Z;521793
Key Down;Q;521904
Key Up;Z;521936
Key Down;S;522054
Key Up;Q;522107
Key Down;D;522213
Key Up;S;522245
Key Up;D;522326
Key Down;Z;522565
Key Down;Q;522570
Key Up;Z;522794
Key Up;Q;522821
Key Down;D;523135
Key Up;D;523475
Key Down;Q;523603
Key Up;Q;523811
Key Down;D;523955
Key Up;D;524125
Key Down;Q;524216
Key Down;Z;524322
Key Up;Z;524510
Key Down;Gauche;524552
Key Up;Bas;524621
Key Up;Q;524803
Key Down;D;525101
Key Down;Bas;525149
Key Up;Gauche;525207
Key Up;D;525240
Key Down;Droite;525432
Key Up;Bas;525517
Key Down;Q;526002
Key Down;Z;526162
Key Up;Q;526247
Key Up;Z;526263
Key Down;Z;526491
Key Down;Q;526501
Key Up;Z;526790
Key Up;Q;526976
Key Down;Q;527189
Key Up;Q;527334
Key Down;D;527398
Key Up;D;527696
Key Down;D;527909
Key Up;D;528069
Key Down;D;528331
Key Up;D;528485
Key Down;Q;528634
Key Up;Q;528783
Key Down;Q;529008
Key Up;Q;529162
Key Down;D;529269
Key Up;D;529763
Key Down;Q;529907
Key Up;Q;530301
Key Down;Q;530488
Key Up;Q;530861
Key Down;Z;530973
Key Up;Z;531106
Key Down;Z;531271
Key Down;Q;531309
Key Up;Z;531378
Key Up;Q;531416
Key Down;Q;532024
Key Up;Q;532156
Key Down;S;532439
Key Up;S;532571
Key Down;D;532592
Key Up;D;532864
Key Down;Z;533302
Key Up;Z;533503
Key Down;Q;533728
Key Up;Q;533866
Key Down;D;533888
Key Down;S;534042
Key Up;S;534420
Key Up;D;534425
Key Down;Q;534634
Key Down;S;534708
Key Up;S;534900
Key Up;Q;535018
Key Down;Haut;535039
Key Down;D;535194
Key Up;D;535300
Key Up;Droite;535369
Key Down;Q;535433
Key Down;Z;535471
Key Up;Q;535678
Key Up;Z;535704
Key Down;S;535922
Key Down;Droite;536045
Key Up;Haut;536067
Key Down;Bas;536135
Key Up;Droite;536216
Key Up;S;536387
Key Down;Q;536823
Key Down;Z;536941
Key Up;Q;536984
Key Up;Z;537212
Key Down;Z;537591
Key Up;Z;537800
Key Down;S;538242
Key Up;S;538386
Key Down;D;538503
Key Up;D;538613
Key Down;S;538853
Key Down;D;538880
Key Up;S;539061
Key Down;Z;539253
Key Up;D;539269
Key Up;Bas;539349
Key Down;D;539371
Key Up;Z;539435
Key Down;Z;539514
Key Up;Z;539616
Key Down;Q;539754
Key Up;D;539760
Key Down;Gauche;539967
Key Down;Espace;540511
Key Up;Espace;540645
Key Up;Q;541280
Key Down;Bas;541396
Key Up;Gauche;541466
Key Down;Q;541624
Key Up;Q;542019
Key Down;Droite;542339
Key Up;Bas;542349
Key Down;Q;542914
Key Up;Q;543111
Key Down;D;543586
Key Up;D;543836
Key Down;Q;544215
Key Down;S;544333
Key Up;S;544476
Key Up;Q;544481
Key Down;D;544593
Key Up;D;544742
Key Down;Z;544774
Key Up;Z;544897
Key Down;S;545126
Key Down;D;545169
Key Up;S;545366
Key Up;D;545424
Key Down;Q;545510
Key Down;Z;545611
Key Up;Z;545712
Key Up;Q;545744
Key Down;Q;545979
Key Down;Z;546032
Key Up;Q;546144
Key Up;Z;546159
Key Down;Q;546843
Key Up;Q;547002
Key Down;D;547509
Key Up;D;547785
Key Down;Z;548094
Key Down;D;548110
Key Up;D;548360
Key Up;Z;548365
Key Down;S;548627
Key Up;S;548755
Key Down;S;549059
Key Down;Q;549262
Key Up;S;549368
Key Up;Q;549544
Key Down;Q;549720
Key Down;S;549875
Key Up;S;550018
Key Up;Q;550056
Key Down;Q;550268
Key Down;Z;550391
Key Up;Q;550508
Key Up;Z;550583
Key Down;Q;550726
Key Down;Haut;550827
Key Up;Q;550865
Key Up;Droite;550939
Key Down;Droite;551136
Key Up;Haut;551158
Key Down;Bas;551419
Key Up;Droite;551493
Key Down;Droite;551883
Key Up;Bas;551894
Key Down;Q;551921
Key Down;Haut;552075
Key Up;Q;552090
Key Up;Droite;552144
Key Down;Z;552373
Key Down;Q;552464
Key Down;Droite;552496
Key Down;Gauche;552613
Key Up;Q;552624
Key Up;Droite;552725
Key Down;D;552784
Key Up;Haut;552831
Key Up;D;553061
Key Up;Z;553109
Key Down;Bas;553226
Key Up;Gauche;553375
Key Down;Gauche;553923
Key Up;Bas;554131
Key Down;S;554317
Key Down;Bas;554339
Key Up;S;554440
Key Up;Gauche;554482
Key Down;Z;554909
Key Down;D;554995
Key Up;Z;555059
Key Down;Droite;555096
Key Down;Z;555111
Key Down;Gauche;555373
Key Up;Bas;555474
Key Up;Droite;555496
Key Up;Z;555517
Key Down;S;555837
Key Up;D;555922
Key Up;Gauche;555959
Key Down;Q;556104
Key Up;S;556365
Key Down;Z;556741
Key Up;Q;556826
Key Down;D;556869
Key Up;Z;556918
Key Down;Z;557371
Key Up;Z;557589
Key Down;Droite;558693
Key Down;Gauche;559157
Key Up;Droite;559199
Key Down;Haut;560834
Key Down;Z;560956
Key Up;Gauche;560967
Key Up;D;561340
Key Down;Droite;561846
Key Up;Haut;561879
Key Down;Bas;562130
Key Up;Z;562135
Key Up;Droite;562215
Key Down;Z;562673
Key Down;Gauche;563013
Key Up;Z;563952
Key Up;Gauche;564533
Key Down;Z;564623
Key Up;Z;564767
Key Down;S;567399
Key Up;S;567644
Key Down;Z;567900
Key Up;Bas;567964
Key Up;Z;568161
Key Down;Z;568368
Key Down;D;568985
Key Up;Z;569113
Key Up;D;569278
Key Down;D;569477
Key Down;S;569519
Key Up;D;569743
Key Up;S;569871
Key Down;S;570071
Key Down;D;570092
Key Down;Haut;570130
Key Up;D;570269
Key Up;S;570290
Key Down;Z;570466
Key Up;Z;570705
Key Down;Z;570806
Key Down;Q;570908
Key Up;Q;571287
Key Up;Z;571314
Key Down;Z;571345
Key Up;Z;571388
Key Down;Q;571522
Key Up;Q;571660
Key Down;D;571866
Key Down;S;572063
Key Up;D;572208
Key Down;D;572303
Key Up;D;572554
Key Up;S;572597
Key Down;Z;573204
Key Down;Q;573289
Key Up;Q;573791
Key Up;Z;573881
Key Down;D;573994
Key Down;S;574137
Key Up;D;574244
Key Up;S;574330
Key Down;Z;574521
Key Up;Haut;574548
Key Down;Q;574627
Key Up;Z;574777
Key Down;S;575043
Key Up;Q;575143
Key Down;D;575325
Key Up;D;575405
Key Down;Q;575821
Key Up;S;575954
Key Down;Z;576322
Key Down;Haut;576428
Key Up;Q;576498
Key Up;Haut;576722
Key Up;Z;576786
Key Down;Z;577044
Key Down;Q;577049
Key Up;Q;577140
Key Down;Bas;577188
Key Up;Z;577225
Key Down;S;577705
Key Down;Gauche;577854
Key Down;D;578327
Key Up;S;578364
Key Up;Gauche;578375
Key Up;Bas;578493
Key Up;D;578583
Key Down;Q;578783
Key Down;Z;578890
Key Down;Haut;579076
Key Up;Q;579082
Key Up;Z;579204
Key Up;Haut;579460
Key Down;Z;579528
Key Up;Z;579683
Key Down;Bas;579950
Key Down;D;580201
Key Down;Gauche;580222
Key Down;S;580259
Key Up;Bas;580461
Key Up;D;580520
Key Up;Gauche;580686
Key Up;S;580915
Key Down;Echap;583311
Key Up;Echap;583465
Key Down;Left Alt;584334
Key Down;Tab;584404
Key Up;Left Alt;584532
Key Up;Tab;584558
