Event;Key;Time
Key Down;Echap;2760
Key Up;Echap;2824
Key Down;Z;3288
Key Down;D;3856
Key Up;D;4136
Key Down;D;4640
Key Up;D;4792
Key Up;Z;5000
Key Down;Left Control;5744
Key Down;Q;6656
Key Up;Q;7000
Key Down;Z;7288
Key Up;Z;7472
Key Down;Z;7912
Key Up;Z;8008
Key Down;Z;8120
Key Up;Z;8208
Key Down;Z;8328
Key Up;Z;8384
Key Down;Z;8512
Key Up;Z;8585
Key Down;Z;8689
Key Up;Z;8785
Key Down;Z;8897
Key Up;Z;8985
Key Down;Q;10192
Key Down;Z;10200
Key Up;Q;10432
Key Down;Q;11024
Key Up;Q;11632
Key Up;Left Control;14209
Key Down;D;14273
Key Up;D;14641
Key Up;Z;14912
Key Down;E;15024
Key Up;E;15144
Key Down;Z;15344
Key Up;Z;15512
Key Down;E;15544
Key Up;E;15664
Key Down;Z;15752
Key Down;E;15904
Key Up;Z;15936
Key Up;E;16032
Key Down;Z;16200
Key Down;E;16888
Key Up;E;17048
Key Down;E;17168
Key Up;E;17256
Key Up;Z;18225
Key Down;E;18481
Key Up;E;18609
Key Down;Z;18945
Key Down;Tab;19673
Key Up;Tab;19808
Key Up;Z;19840
Key Down;Echap;65329
Key Up;Echap;65433
Key Down;Z;66001
Key Up;Z;69874
Key Down;E;69970
Key Up;E;70066
Key Down;E;71050
Key Up;E;71130
Key Down;E;71714
Key Up;E;71818
Key Down;E;72274
Key Up;E;72378
Key Down;E;73481
Key Up;E;73577
Key Down;E;74226
Key Up;E;74322
Key Down;E;74921
Key Up;E;75057
Key Down;Z;78354
Key Down;D;78850
Key Up;Z;79170
Key Up;D;79249
Key Down;Q;79921
Key Down;Z;79929
Key Up;Q;80226
Key Up;Z;80394
Key Down;Z;80626
Key Down;Espace;80794
Key Up;Espace;81050
Key Down;Q;82082
Key Up;Z;82386
Key Up;Q;82402
Key Down;Z;83106
Key Up;Z;83634
Key Down;Z;85378
Key Down;Q;86154
Key Up;Q;86506
Key Up;Z;86674
Key Down;Z;87410
Key Down;D;88090
Key Up;D;88842
Key Up;Z;89186
Key Down;S;90002
Key Up;S;90346
Key Down;Z;90506
Key Down;Left Shift;90594
Key Down;Espace;90938
Key Up;Espace;91162
Key Up;Left Shift;91914
Key Up;Z;91970
Key Down;Z;94138
Key Up;Z;94578
Key Down;Z;96042
Key Up;Z;96522
Key Down;Z;97202
Key Up;Z;97362
Key Down;Z;97722
Key Up;Z;98163
Key Down;G;98275
Key Up;G;99211
Key Down;D;100490
Key Up;D;101074
Key Down;Z;101106
Key Up;Z;101434
Key Down;Z;101834
Key Down;D;102154
Key Up;Z;102490
Key Up;D;103083
Key Down;Z;103251
Key Up;Z;103347
Key Down;E;103579
Key Up;E;103667
Key Down;Q;105131
Key Down;Z;105499
Key Up;Q;105722
Key Up;Z;106138
Key Down;Z;109898
Key Down;D;109986
Key Up;Z;110058
Key Up;D;110426
Key Down;R;110755
Key Up;R;110866
Key Down;D;115922
Key Up;D;116066
Key Down;Left Control;116402
Key Down;S;120435
Key Up;S;121482
Key Down;S;122547
Key Up;S;122995
Key Down;Q;123315
Key Down;S;123323
Key Up;S;123571
Key Down;S;123827
Key Up;Q;124043
Key Down;D;124115
Key Up;S;124811
Key Down;S;125003
Key Up;D;125163
Key Up;S;125187
Key Down;Q;125195
Key Up;Q;125474
Key Up;Left Control;126483
Key Down;S;126867
Key Down;D;126955
Key Up;S;127147
Key Down;Z;127283
Key Up;D;127411
Key Down;Left Shift;127475
Key Down;D;127723
Key Up;Left Shift;127859
Key Up;Z;128003
Key Down;Q;128179
Key Up;D;128195
Key Down;Z;128259
Key Down;Left Shift;128443
Key Up;Q;128603
Key Down;D;129099
Key Up;Left Shift;129107
Key Up;Z;129395
Key Down;Z;129499
Key Up;Z;129731
Key Down;S;129899
Key Up;D;129979
Key Down;Q;130003
Key Up;Q;130275
Key Up;S;130346
Key Down;Q;133875
Key Up;Q;134147
Key Down;Z;134187
Key Up;Z;134323
Key Down;Z;135083
Key Up;Z;135115
Key Down;Z;137915
Key Down;D;137979
Key Up;Z;138019
Key Up;D;138123
Key Down;S;141171
Key Up;S;141579
Key Down;S;142164
Key Down;D;142236
Key Up;S;142460
Key Up;D;142531
Key Down;D;142867
Key Down;Z;142875
Key Up;Z;143652
Key Up;D;144012
Key Down;Z;144060
Key Up;Z;144284
Key Down;D;144291
Key Up;D;144363
Key Down;Z;144467
Key Up;Z;144683
Key Down;D;145323
Key Up;D;145435
Key Down;S;147715
Key Up;S;147900
Key Down;E;148036
Key Up;E;148140
Key Down;E;148212
Key Up;E;148308
Key Down;E;148348
Key Up;E;148428
Key Down;E;148460
Key Up;E;148532
Key Down;E;148596
Key Up;E;148660
Key Down;E;148724
Key Up;E;148796
Key Down;E;148908
Key Up;E;148948
Key Down;E;149012
Key Up;E;149060
Key Down;E;149132
Key Up;E;149212
Key Down;E;149284
Key Up;E;149348
Key Down;E;149412
Key Up;E;149491
Key Down;E;149563
Key Up;E;149627
Key Down;E;149715
Key Up;E;149779
Key Down;E;149867
Key Up;E;149939
Key Down;E;150027
Key Up;E;150107
Key Down;E;150203
Key Up;E;150267
Key Down;E;150379
Key Up;E;150427
Key Down;E;150532
Key Up;E;150588
Key Down;E;150692
Key Up;E;150764
Key Down;E;150876
Key Up;E;150948
Key Down;E;151108
Key Up;E;151124
Key Down;E;151252
Key Up;E;151332
Key Down;E;151444
Key Up;E;151516
Key Down;E;151636
Key Up;E;151716
Key Down;E;151844
Key Up;E;151940
Key Down;E;152068
Key Up;E;152148
Key Down;E;152276
Key Up;E;152339
Key Down;Z;152435
Key Down;Q;152675
Key Up;Z;152963
Key Up;Q;153243
Key Down;D;153283
Key Up;D;153363
Key Down;R;153635
Key Up;R;153715
Key Down;D;156412
Key Up;D;156636
Key Down;D;156876
Key Down;Z;156948
Key Up;D;157459
Key Down;R;158835
Key Up;R;158915
Key Down;D;165196
Key Up;D;165908
Key Up;Z;166636
Key Down;F;167603
Key Up;F;167715
Key Down;Z;168323
Key Up;Z;169004
Key Down;Z;169292
Key Up;Z;169708
Key Down;Z;170556
Key Up;Z;170780
Key Down;Z;171540
Key Up;Z;171796
Key Down;Z;172443
Key Down;Q;172916
Key Up;Q;173196
Key Down;Q;174292
Key Up;Q;174532
Key Up;Z;175532
Key Down;Z;175764
Key Down;Q;178948
Key Up;Q;179444
Key Down;Q;180228
Key Up;Q;181044
Key Up;Z;181172
Key Down;Z;182060
Key Down;Q;182212
Key Up;Q;182404
Key Down;Espace;182492
Key Up;Espace;182820
Key Down;Espace;183124
Key Down;D;183340
Key Up;Espace;183348
Key Up;D;183500
Key Down;D;183716
Key Up;D;183836
Key Up;Z;184124
Key Down;Z;185308
Key Down;D;185460
Key Up;D;185652
Key Up;Z;185820
Key Down;Virgule;187108
Key Up;Virgule;187292
Key Down;Z;188364
Key Down;D;188876
Key Up;D;189108
Key Down;Echap;189596
Key Up;Echap;189708
Key Up;Z;189964
Key Down;Echap;190164
Key Up;Echap;190284
Key Down;Z;190396
Key Up;Z;191069
Key Down;Q;191293
Key Down;Z;191373
Key Up;Q;191548
Key Up;Z;191788
Key Down;Z;192292
Key Down;Q;192564
Key Up;Q;193260
Key Up;Z;193980
Key Down;S;195645
Key Down;Q;197268
Key Up;Q;198020
Key Down;Q;198324
Key Up;S;198372
Key Down;Z;198508
Key Up;Z;198972
Key Down;S;199148
Key Up;Q;199308
Key Down;D;199501
Key Up;S;199941
Key Down;S;199997
Key Up;S;200069
Key Up;D;200077
Key Down;Z;200741
Key Down;Q;200981
Key Up;Q;201253
Key Down;D;201420
Key Up;Z;201580
Key Up;D;201676
Key Down;R;203852
Key Up;R;203893
Key Down;R;204693
Key Up;R;204773
Key Down;Q;205085
Key Down;Z;205141
Key Up;Q;205989
Key Down;Q;206612
Key Up;Q;206964
Key Up;Z;207092
Key Down;Espace;207388
Key Down;Z;207404
Key Up;Espace;207564
Key Down;Espace;207964
Key Up;Espace;208156
Key Down;Espace;208421
Key Up;Espace;208565
Key Down;Virgule;209397
Key Up;Virgule;209509
Key Up;Z;209949
Key Down;Z;210517
Key Down;Q;212861
Key Up;Q;212989
Key Up;Z;213021
Key Down;Z;213749
Key Up;Z;214061
Key Down;Z;214780
Key Down;D;215637
Key Up;D;216325
Key Up;Z;216613
Key Down;E;216789
Key Up;E;216893
Key Down;E;217317
Key Up;E;217413
Key Down;E;218253
Key Up;E;218365
Key Down;Z;218669
Key Down;D;218973
Key Up;Z;219021
Key Up;D;219237
Key Down;Z;219517
Key Up;Z;220045
Key Down;Q;220141
Key Down;Z;220325
Key Up;Q;220501
Key Down;Q;221500
Key Up;Q;221844
Key Down;D;222501
Key Up;D;223397
Key Down;Q;224845
Key Down;D;225037
Key Up;Q;225069
Key Up;Z;225165
Key Up;D;225237
Key Down;Z;226245
Key Up;Z;226829
Key Down;E;226917
Key Up;E;227021
Key Down;E;227237
Key Up;E;227341
Key Down;E;227525
Key Up;E;227637
Key Down;Q;228237
Key Up;Q;228581
Key Down;E;228989
Key Up;E;229109
Key Down;E;229381
Key Up;E;229477
Key Down;E;229629
Key Up;E;229733
Key Down;Z;230205
Key Up;Z;230557
Key Down;Left Control;231214
Key Down;Z;231733
Key Up;Z;232165
Key Up;Left Control;235349
Key Down;Z;235446
Key Up;Z;235542
Key Down;S;236469
Key Up;S;236629
Key Down;Left Control;237661
Key Down;Q;239061
Key Down;Z;239069
Key Up;Q;240022
Key Up;Z;240414
Key Down;E;240486
Key Up;E;240614
Key Down;E;240998
Key Up;E;241086
Key Down;Q;241301
Key Up;Q;241589
Key Down;E;241661
Key Up;E;241781
Key Down;E;242093
Key Up;E;242205
Key Down;E;242413
Key Up;E;242517
Key Down;Z;242757
Key Down;D;242941
Key Up;D;243317
Key Down;D;243717
Key Up;D;243885
Key Up;Z;243901
Key Down;D;244862
Key Down;Z;244894
Key Up;D;245014
Key Up;Z;245150
Key Down;Z;257621
Key Down;D;257765
Key Up;D;258814
Key Down;D;259261
Key Up;D;260702
Key Up;Left Control;261478
Key Down;Q;262662
Key Up;Q;263381
Key Down;Left Shift;264334
Key Down;Q;264894
Key Up;Q;265070
Key Down;Espace;265406
Key Up;Espace;265606
Key Down;D;265998
Key Up;D;266190
Key Down;D;266454
Key Up;D;266654
Key Up;Left Shift;267078
Key Up;Z;267222
Key Down;D;267302
Key Up;D;267446
Key Down;Left Control;269638
Key Down;Z;269934
Key Down;D;270134
Key Up;D;270902
Key Up;Z;271414
Key Down;Z;273062
Key Up;Z;273622
Key Down;F;273822
Key Up;F;273902
Key Down;D;274846
Key Up;D;275302
Key Down;Q;277543
Key Down;Z;277807
Key Up;Q;277910
Key Up;Z;277998
Key Down;D;278558
Key Up;D;278790
Key Up;Left Control;279230
Key Down;D;279614
Key Down;Z;279758
Key Up;Z;280174
Key Down;S;280334
Key Up;D;280406
Key Down;D;281078
Key Up;D;281150
Key Down;D;281686
Key Up;S;281839
Key Up;D;282071
Key Down;S;282143
Key Down;D;282175
Key Up;S;282239
Key Down;Z;282439
Key Up;Z;282663
Key Up;D;283078
Key Down;S;283174
Key Up;S;283398
Key Down;Q;283766
Key Down;S;283846
Key Up;Q;283934
Key Up;S;284006
Key Down;Z;284318
Key Up;Z;284734
Key Down;S;284934
Key Up;S;285190
Key Down;Z;285366
Key Down;Q;285918
Key Up;Z;285974
Key Down;Z;286270
Key Up;Z;286694
Key Down;S;286998
Key Up;Q;287214
Key Down;Q;287662
Key Up;S;287958
Key Up;Q;287982
Key Down;D;288286
Key Down;Z;288487
Key Up;Z;288975
Key Down;Q;289527
Key Up;D;289559
Key Down;Z;289951
Key Up;Q;290071
Key Up;Z;290718
Key Down;Q;292439
Key Up;Q;292647
Key Down;Z;292967
Key Down;D;294334
Key Up;D;295182
Key Up;Z;295911
Key Down;Z;296199
Key Up;Z;296719
Key Down;Z;297175
Key Up;Z;297607
Key Down;Z;298718
Key Up;Z;299206
Key Down;D;299550
Key Up;D;299903
Key Down;Z;300631
Key Down;D;300735
Key Up;D;300911
Key Up;Z;301039
Key Down;Z;301287
Key Down;Q;301559
Key Up;Q;301711
Key Down;D;301959
Key Up;Z;302031
Key Down;S;302311
Key Up;S;303038
Key Down;Z;303302
Key Up;D;303398
Key Down;D;303790
Key Up;D;304391
Key Down;D;305743
Key Up;D;306343
Key Down;D;306727
Key Up;Z;307623
Key Up;D;307663
Key Down;F;308566
Key Up;F;308654
Key Down;Q;310231
Key Down;Z;310471
Key Up;Q;310583
Key Down;Left Shift;311807
Key Up;Left Shift;313943
Key Down;D;314583
Key Up;D;315079
Key Up;Z;315823
Key Down;Q;322159
Key Down;Z;322447
Key Up;Q;322815
Key Down;D;327407
Key Up;Z;327599
Key Up;D;327967
Key Down;Z;331911
Key Down;D;331992
Key Up;D;334295
Key Up;Z;334375
Key Down;Z;334975
Key Up;Z;336216
Key Down;Q;336576
Key Down;Z;336856
Key Up;Q;336936
Key Down;D;337000
Key Up;Z;337960
Key Up;D;338295
Key Down;S;338303
Key Up;S;338807
Key Down;Q;338863
Key Up;Q;339087
Key Down;Z;339175
Key Down;Q;339727
Key Up;Q;339831
Key Up;Z;340079
Key Down;Z;340423
Key Down;D;340880
Key Up;D;341232
Key Up;Z;341248
Key Down;Z;341632
Key Up;Z;342472
Key Down;E;342496
Key Up;E;342600
Key Down;Z;343160
Key Down;Q;344455
Key Up;Z;347768
Key Down;Z;348255
Key Up;Q;348567
Key Up;Z;348735
Key Down;Z;348959
Key Up;Z;349119
Key Down;Z;349311
Key Up;Z;349359
Key Down;E;349487
Key Up;E;349583
Key Down;E;349952
Key Up;E;350064
Key Down;Z;350208
Key Up;Z;350384
Key Down;E;350424
Key Up;E;350560
Key Down;Q;350720
Key Down;Z;350752
Key Up;Q;351384
Key Down;Q;352248
Key Up;Q;353303
Key Down;Q;353727
Key Up;Z;354472
Key Down;Z;354936
Key Up;Q;355160
Key Down;Q;355472
Key Up;Z;356088
Key Down;Z;356704
Key Up;Q;357016
Key Up;Z;362496
Key Down;Q;368936
Key Down;Z;369208
Key Up;Q;369272
Key Up;Z;369472
Key Down;D;369632
Key Down;Z;369912
Key Up;D;370784
Key Up;Z;371416
Key Down;Z;372041
Key Up;Z;372161
Key Down;Z;374656
Key Down;D;375440
Key Up;Z;376344
Key Up;D;376408
Key Down;S;378264
Key Up;S;378824
Key Down;Left Control;379104
Key Down;S;380448
Key Down;Q;381089
Key Up;S;381825
Key Up;Q;381913
Key Down;S;385224
Key Up;S;388320
Key Down;D;393936
Key Down;S;394553
Key Up;D;394641
Key Up;S;394921
Key Down;R;403224
Key Up;R;403360
Key Down;Q;403673
Key Up;Q;404161
Key Down;Z;406217
Key Up;Left Control;406873
Key Up;Z;408009
Key Down;R;408177
Key Up;R;410185
Key Down;Z;410737
Key Down;D;411137
Key Up;D;412377
Key Down;D;414465
Key Up;D;415034
Key Down;D;415322
Key Up;D;415697
Key Down;Q;415913
Key Up;Z;416249
Key Up;Q;416481
Key Down;Z;416657
Key Down;D;417441
Key Up;Z;417545
Key Up;D;418169
Key Down;Z;418417
Key Down;Left Shift;418569
Key Up;Left Shift;419466
Key Up;Z;420218
Key Down;D;420562
Key Up;D;420897
Key Down;Q;420985
Key Down;Z;421001
Key Up;Q;421521
Key Down;Q;422001
Key Up;Q;422113
Key Up;Z;422169
Key Down;D;422481
Key Down;Z;422569
Key Up;D;422705
Key Down;Left Shift;422833
Key Up;Left Shift;430801
Key Down;E;433426
Key Up;E;433530
Key Up;Z;434698
Key Down;Q;435034
Key Down;Z;435306
Key Up;Q;435466
Key Down;D;436298
Key Up;D;437610
Key Down;D;438026
Key Up;D;438489
Key Up;Z;441697
Key Down;E;441745
Key Up;E;441865
Key Down;E;442249
Key Up;E;442377
Key Down;Z;442690
Key Up;Z;442858
Key Down;E;442970
Key Up;E;443122
Key Down;Z;443362
Key Down;Q;444562
Key Up;Q;445074
Key Up;Z;445098
Key Down;Z;456770
Key Up;Z;458050
Key Down;E;458082
Key Up;E;458178
Key Down;E;458330
Key Up;E;458418
Key Down;Z;458514
Key Down;E;458634
Key Up;E;458786
Key Down;E;459226
Key Up;E;459370
Key Down;E;459515
Key Up;Z;459539
Key Up;E;459635
Key Down;E;459763
Key Up;E;459867
Key Down;E;460011
Key Down;Z;460027
Key Up;E;460122
Key Down;E;461482
Key Up;Z;461562
Key Up;E;461610
Key Down;E;461746
Key Up;E;461842
Key Down;E;462010
Key Up;E;462130
Key Down;Z;462362
Key Down;Q;462890
Key Up;Q;463154
Key Down;Q;463538
Key Up;Q;463834
Key Down;Q;464211
Key Up;Q;464723
Key Up;Z;464915
Key Down;E;464955
Key Up;E;465043
Key Down;E;465194
Key Up;E;465282
Key Down;E;465402
Key Up;E;465514
Key Down;Z;466386
Key Up;Z;466730
Key Down;Z;470506
Key Down;Left Shift;471091
Key Up;Left Shift;474923
Key Up;Z;475491
Key Down;Z;475627
Key Up;Z;477546
Key Down;E;477787
Key Down;Z;478163
Key Up;E;478179
Key Down;E;478411
Key Up;Z;478427
Key Up;E;478787
Key Down;Z;478867
Key Down;Left Shift;479490
Key Up;Left Shift;480618
Key Down;E;480978
Key Up;E;481099
Key Down;Q;481171
Key Down;E;481227
Key Up;E;481323
Key Down;E;481443
Key Up;E;481539
Key Up;Z;481595
Key Up;Q;481611
Key Down;E;481635
Key Up;E;481747
Key Down;E;481875
Key Up;E;481995
Key Down;E;482307
Key Up;E;482411
Key Down;Z;482571
Key Down;E;483179
Key Up;E;483291
Key Down;E;483435
Key Up;E;483523
Key Down;E;483635
Key Down;Q;483683
Key Up;E;483723
Key Down;E;483843
Key Up;Z;483875
Key Up;Q;483899
Key Up;E;483955
Key Down;E;484058
Key Up;E;484154
Key Down;E;484274
Key Up;E;484378
Key Down;E;484506
Key Down;Z;484522
Key Up;E;484602
Key Down;E;484730
Key Up;E;484818
Key Down;E;484938
Key Up;Z;485042
Key Up;E;485050
Key Down;E;485162
Key Up;E;485250
Key Down;E;485378
Key Up;E;485474
Key Down;Z;485482
Key Down;E;485611
Key Up;Z;485715
Key Up;E;485747
Key Down;E;485867
Key Up;E;485995
Key Down;Z;486043
Key Down;E;486147
Key Up;E;486251
Key Down;E;486411
Key Up;E;486507
Key Down;E;486627
Key Up;E;486731
Key Down;E;486835
Key Up;Z;486851
Key Up;E;486963
Key Down;Z;486987
Key Down;E;487179
Key Up;Z;487219
Key Up;E;487299
Key Down;Z;487387
Key Down;E;487419
Key Up;E;487539
Key Down;E;487963
Key Up;Z;488051
Key Up;E;488099
Key Down;E;488219
Key Up;E;488339
Key Down;Z;488427
Key Down;E;488475
Key Up;E;488563
Key Down;Q;488699
Key Down;E;488835
Key Up;E;488963
Key Down;E;489114
Key Up;Q;489146
Key Up;Z;489194
Key Up;E;489242
Key Down;Z;489314
Key Down;E;489354
Key Up;E;489466
Key Down;Left Shift;491779
Key Up;Left Shift;498195
Key Up;Z;498267
Key Down;E;499211
Key Up;E;500195
Key Down;D;501051
Key Down;S;501099
Key Up;S;501139
Key Down;Z;501291
Key Up;D;501363
Key Down;Left Shift;501467
Key Down;D;502307
Key Up;Z;502691
Key Down;S;502907
Key Up;D;503019
Key Down;D;503427
Key Up;S;504291
Key Up;D;504603
Key Up;Left Shift;505267
Key Down;Z;506371
Key Down;Left Shift;506619
Key Up;Left Shift;507659
Key Up;Z;507851
Key Down;D;508092
Key Up;D;508268
Key Down;Z;524428
Key Down;Left Shift;524684
Key Up;Left Shift;534460
Key Up;Z;534980
Key Down;Z;559956
Key Up;Z;560516
Key Down;Z;570212
Key Down;Q;571477
Key Up;Q;571685
Key Down;Q;572301
Key Up;Q;573332
Key Down;Q;575829
Key Up;Z;576828
Key Up;Q;576844
Key Down;Z;578285
Key Down;Q;578341
Key Up;Z;578525
Key Up;Q;578933
Key Down;Z;581109
Key Down;Left Shift;581261
Key Down;Espace;582421
Key Up;Espace;582661
Key Down;Q;582973
Key Up;Q;583101
Key Down;Espace;583901
Key Up;Espace;584228
Key Down;Q;584324
Key Up;Q;584500
Key Up;Left Shift;584636
Key Down;E;584877
Key Up;Z;584893
Key Up;E;585037
Key Down;Z;585189
Key Up;Z;585757
Key Down;Q;586749
Key Down;Z;586821
Key Up;Q;586973
Key Down;E;586997
Key Up;E;587117
Key Up;Z;587429
Key Down;Z;589949
Key Up;Z;590125
Key Down;S;591661
Key Up;S;592013
Key Down;Z;592301
Key Down;Left Shift;592861
Key Down;Espace;593469
Key Up;Espace;593886
Key Down;Espace;595021
Key Up;Espace;595221
Key Up;Left Shift;596805
Key Down;Q;597021
Key Up;Q;597325
Key Down;Left Shift;597773
Key Up;Left Shift;599709
Key Down;Q;600725
Key Up;Q;600901
Key Down;E;601101
Key Up;E;601213
Key Up;Z;601349
Key Down;D;601789
Key Down;Z;601893
Key Up;D;602165
Key Down;Left Shift;602413
Key Up;Left Shift;603822
Key Up;Z;604557
Key Down;Z;605093
Key Up;Z;606301
Key Down;Z;606829
Key Down;Q;607374
Key Up;Q;607926
Key Down;Left Shift;608086
Key Down;Espace;608374
Key Up;Espace;608510
Key Up;Left Shift;608814
Key Down;Q;608822
Key Up;Z;608942
Key Up;Q;608957
Key Down;E;609013
Key Up;E;609149
Key Down;E;609301
Key Up;E;609437
Key Down;E;609741
Key Up;E;609821
Key Down;S;610229
Key Up;S;610349
Key Down;E;610493
Key Up;E;610573
Key Down;E;610773
Key Up;E;610853
Key Down;E;611093
Key Up;E;611189
Key Down;E;611373
Key Up;E;611453
Key Down;E;611598
Key Up;E;611694
Key Down;E;611838
Key Up;E;611934
Key Down;Z;612606
Key Down;Q;612630
Key Up;Q;612749
Key Up;Z;612885
Key Down;Z;613582
Key Up;Z;614534
Key Down;Z;614869
Key Up;Z;615213
Key Down;Z;616062
Key Down;Q;616414
Key Up;Q;617445
Key Up;Z;617862
Key Down;Z;619678
Key Up;Z;620110
Key Down;Z;621189
Key Down;D;621358
Key Up;D;621590
Key Up;Z;621710
Key Down;Left Control;622934
Key Down;Z;623230
Key Down;Q;623406
Key Up;Q;623966
Key Down;Q;624478
Key Up;Q;624758
Key Up;Z;624950
Key Down;Q;625454
Key Down;Z;625462
Key Up;Q;626150
Key Up;Z;626910
Key Down;Q;627358
Key Down;Z;627366
Key Up;Q;628286
Key Down;D;629702
Key Up;D;630286
Key Up;Z;630318
Key Down;Z;633382
Key Down;D;633518
Key Up;D;634430
Key Up;Left Control;635950
Key Down;D;637158
Key Up;Z;638638
Key Down;S;639566
Key Up;D;639630
Key Up;S;640062
Key Down;Z;645566
Key Down;Q;646678
Key Up;Z;647327
Key Up;Q;647527
Key Down;Z;648271
Key Down;D;648279
Key Up;D;648798
Key Down;D;652830
Key Up;Z;653662
Key Up;D;653686
Key Down;D;660263
Key Up;D;660927
Key Down;D;673231
Key Down;Z;673479
Key Up;D;673535
Key Up;Z;673783
Key Down;Left Control;674343
Key Down;S;688407
Key Down;Q;689735
Key Up;S;689903
Key Up;Q;690032
Key Down;S;690472
Key Down;Q;690736
Key Up;Q;691784
Key Up;S;691808
Key Down;Q;697823
Key Down;Z;697951
Key Up;Z;698223
Key Up;Q;698303
Key Down;D;698487
Key Down;S;699000
Key Up;D;699336
Key Up;S;699384
Key Down;R;727944
Key Up;R;728088
Key Down;D;729648
Key Down;S;730384
Key Up;D;730416
Key Up;S;730800
Key Down;S;731096
Key Up;S;732088
Key Down;Q;732328
Key Down;Z;732448
Key Up;Q;732688
Key Up;Z;732720
Key Down;Q;732936
Key Down;S;734360
Key Up;Q;734728
Key Up;S;734784
Key Down;Q;739448
Key Down;S;740408
Key Up;Q;740552
Key Up;S;740624
Key Down;Z;740993
Key Up;Z;741297
Key Down;D;741449
Key Down;S;741817
Key Up;D;742097
Key Up;S;742193
Key Down;Q;742529
Key Down;Z;742784
Key Up;Q;742825
Key Up;Z;742904
Key Down;Z;743168
Key Up;Z;743656
Key Down;Z;743888
Key Up;Z;744152
Key Down;S;744600
Key Up;S;744864
Key Down;Z;745176
Key Up;Z;745400
Key Down;S;745617
Key Up;S;746081
Key Down;D;746305
Key Down;S;746457
Key Up;D;746873
Key Up;S;747489
Key Down;Q;750009
Key Down;Z;750065
Key Up;Left Control;750393
Key Up;Q;750513
Key Down;Left Shift;750601
Key Down;Q;751801
Key Up;Z;751865
Key Up;Left Shift;751881
Key Down;S;752009
Key Up;Q;752097
Key Down;Q;752704
Key Up;S;752776
Key Up;Q;752872
Key Down;Z;752968
Key Up;Z;753920
Key Down;D;754256
Key Down;S;754561
Key Up;S;755201
Key Down;Z;755553
Key Up;D;755585
Key Up;Z;755681
Key Down;S;756177
Key Up;S;756817
Key Down;R;757960
Key Up;R;758072
Key Down;Z;766817
Key Up;Z;767665
Key Down;D;824066
Key Down;Z;824154
Key Up;D;824242
Key Down;D;825618
Key Up;Z;826699
Key Down;Z;826867
Key Up;D;827099
Key Up;Z;827243
Key Down;Z;827770
Key Up;Z;828130
Key Down;Espace;842235
Key Up;Espace;842427
Key Down;Z;845507
Key Down;D;847195
Key Up;D;847723
Key Up;Z;850459
Key Down;Z;850947
Key Up;Z;851315
Key Down;Z;878468
Key Up;Z;881283
Key Down;E;881427
Key Up;E;881563
Key Down;Z;882099
Key Up;Z;882267
Key Down;E;882340
Key Up;E;882452
Key Down;Tab;883980
Key Up;Tab;884164
Key Down;F;923420
Key Up;F;923484
Key Down;Echap;934165
Key Up;Echap;934333
Key Down;Q;939133
Key Down;Z;939325
Key Up;Z;939597
Key Up;Q;940548
Key Down;D;942221
Key Down;Z;943005
Key Up;Z;943181
Key Up;D;943581
Key Down;Z;944909
Key Down;Q;944917
Key Up;Q;945277
Key Up;Z;945421
Key Down;Z;945741
Key Down;D;945749
Key Up;Z;946004
Key Up;D;946012
Key Down;D;950533
Key Up;D;950781
Key Down;Z;950837
Key Up;Z;950997
Key Down;Z;952261
Key Down;Q;952757
Key Up;Q;953085
Key Down;D;954229
Key Up;Z;954389
Key Up;D;954429
Key Down;Z;959422
Key Down;Q;960157
Key Up;Q;961277
Key Down;Q;961861
Key Up;Z;962061
Key Up;Q;962477
Key Down;E;962701
Key Up;E;962813
Key Down;Q;963045
Key Up;Q;963237
Key Down;E;963405
Key Up;E;963501
Key Down;Q;963581
Key Down;E;963813
Key Up;Q;963821
Key Up;E;963910
Key Down;Q;964094
Key Up;Q;964246
Key Down;E;964470
Key Up;E;964574
Key Down;Q;964646
Key Up;Q;964806
Key Down;E;964838
Key Up;E;964934
Key Down;Q;965757
Key Down;Z;965853
Key Up;Q;965957
Key Up;Z;966157
Key Down;Z;967965
Key Up;Z;972429
Key Down;Z;972846
Key Up;Z;976829
Key Down;D;977366
Key Down;Z;977726
Key Up;D;978798
Key Up;Z;978982
Key Down;Z;979998
Key Down;Q;980366
Key Up;Q;982437
Key Down;D;982973
Key Up;Z;983445
Key Down;Z;983998
Key Up;D;984302
Key Up;Z;984446
Key Down;D;984638
Key Down;Z;984806
Key Up;D;985502
Key Down;Left Shift;986334
Key Up;Left Shift;986829
Key Down;Q;987902
Key Up;Q;988750
Key Down;Left Shift;989118
Key Up;Left Shift;989598
Key Down;Q;989710
Key Up;Q;993206
Key Up;Z;994590
Key Down;E;994710
Key Up;E;994822
Key Down;Q;995198
Key Down;Z;995366
Key Up;Q;995614
Key Down;Q;996173
Key Up;Q;996870
Key Down;Left Shift;997070
Key Up;Left Shift;997726
Key Down;Left Shift;998478
Key Up;Left Shift;999334
Key Down;D;1000006
Key Up;Z;1001966
Key Up;D;1002046
Key Down;E;1002294
Key Up;E;1002390
Key Down;Z;1002926
Key Up;Z;1003358
Key Down;D;1004574
Key Down;Z;1004958
Key Up;Z;1005431
Key Up;D;1005463
Key Down;Q;1006326
Key Down;Z;1006702
Key Up;Q;1007518
Key Down;D;1008030
Key Up;D;1008462
Key Down;Q;1009999
Key Up;Q;1010767
Key Up;Z;1011750
Key Down;Z;1012278
Key Down;Q;1012550
Key Up;Q;1013950
Key Down;Q;1016030
Key Up;Q;1017159
Key Down;Q;1017663
Key Up;Q;1018542
Key Down;D;1018934
Key Up;Z;1019998
Key Up;D;1020150
Key Down;Z;1020254
Key Down;Q;1020671
Key Up;Z;1020695
Key Up;Q;1021103
Key Down;D;1022030
Key Down;Z;1022302
Key Up;Z;1022582
Key Up;D;1023119
Key Down;D;1023607
Key Down;Z;1024487
Key Up;D;1024535
Key Down;Q;1025223
Key Up;Q;1025862
Key Down;D;1026038
Key Up;Z;1026630
Key Down;Z;1027070
Key Up;D;1027166
Key Down;D;1027639
Key Up;D;1028103
Key Down;D;1028831
Key Up;Z;1029575
Key Up;D;1029679
Key Down;Z;1031054
Key Down;D;1032279
Key Up;D;1032407
Key Up;Z;1032695
Key Down;E;1032903
Key Up;E;1032991
Key Down;Tab;1033519
Key Up;Tab;1033663
Key Down;Echap;1069575
Key Up;Echap;1069735
Key Down;D;1071312
Key Down;Z;1071616
Key Up;Z;1072064
Key Up;D;1072408
Key Down;Z;1072944
Key Up;Z;1073072
Key Down;Q;1075744
Key Up;Q;1076248
Key Down;Q;1076784
Key Down;Z;1076936
Key Up;Q;1077272
Key Down;Q;1078056
Key Up;Z;1079487
Key Down;Z;1079816
Key Up;Q;1080232
Key Up;Z;1080304
Key Down;Z;1082320
Key Up;Z;1082480
Key Down;Q;1084520
Key Down;Z;1084864
Key Up;Z;1086120
Key Up;Q;1086304
Key Down;Tab;1090456
Key Up;Tab;1094272
Key Down;Z;1094344
Key Up;Z;1094656
Key Down;E;1094944
Key Up;E;1095080
Key Down;Echap;1099088
Key Up;Echap;1099208
Key Down;Z;1100048
Key Down;D;1100448
Key Up;D;1100592
Key Down;Left Shift;1100873
Key Down;Q;1101569
Key Up;Left Shift;1101609
Key Up;Z;1103176
Key Up;Q;1103400
Key Down;E;1103640
Key Up;E;1103744
Key Down;F;1117432
Key Up;F;1117496
Key Down;F;1117760
Key Up;F;1117808
Key Down;F;1118056
Key Up;F;1118128
Key Down;F;1121785
Key Up;F;1121881
Key Down;E;1130905
Key Up;E;1131009
Key Down;E;1132137
Key Up;E;1132225
Key Down;E;1133233
Key Up;E;1133321
Key Down;E;1133833
Key Up;E;1133921
Key Down;E;1134417
Key Up;E;1134465
Key Down;E;1136113
Key Up;E;1136217
Key Down;Echap;1136929
Key Up;Echap;1136993
Key Down;Echap;1137489
Key Up;Echap;1137609
Key Down;D;1138193
Key Down;Z;1138289
Key Up;D;1138513
Key Down;Q;1139305
Key Up;Q;1140338
Key Up;Z;1140674
Key Down;E;1140762
Key Up;E;1140842
Key Down;Echap;1174674
Key Up;Echap;1174778
Key Down;Echap;1177282
Key Up;Echap;1177394
Key Down;Echap;1180002
Key Up;Echap;1180130
Key Down;Echap;1185066
Key Up;Echap;1185210
Key Down;E;1189891
Key Up;E;1190018
Key Down;Echap;1190754
Key Up;Echap;1190882
Key Down;Echap;1191330
Key Up;Echap;1191474
Key Down;Echap;1198226
Key Up;Echap;1198346
Key Down;Echap;1199338
Key Up;Echap;1199442
Key Down;Echap;1199626
Key Up;Echap;1199722
Key Down;Echap;1200122
Key Up;Echap;1200211
Key Down;Z;1201979
Key Down;Q;1202011
Key Up;Z;1202482
Key Up;Q;1202658
Key Down;Z;1203259
Key Up;Z;1203803
Key Down;Q;1203875
Key Down;Z;1204043
Key Up;Q;1204067
Key Up;Z;1204131
Key Down;D;1205771
Key Up;D;1206003
Key Down;E;1206299
Key Up;E;1206403
Key Down;Echap;1207130
Key Up;Echap;1207234
Key Down;Q;1207794
Key Down;Z;1207866
Key Up;Q;1208251
Key Down;Q;1208611
Key Up;Z;1208787
Key Up;Q;1209035
Key Down;Q;1209411
Key Down;Z;1209595
Key Up;Q;1210779
Key Down;Q;1211762
Key Up;Q;1212723
Key Up;Z;1212835
Key Down;Q;1216722
Key Up;Q;1217291
Key Down;Z;1217795
Key Down;D;1218131
Key Up;Z;1218171
Key Up;D;1218291
Key Down;Q;1218907
Key Up;Q;1219051
Key Down;D;1219419
Key Up;D;1219955
Key Down;Q;1220515
Key Up;Q;1220883
Key Down;D;1221314
Key Down;Z;1221619
Key Up;D;1221707
Key Down;Left Shift;1222067
Key Up;Left Shift;1224179
Key Down;D;1225379
Key Up;D;1227203
Key Down;Q;1228827
Key Up;Q;1230668
Key Down;Q;1231084
Key Up;Q;1231555
Key Down;D;1236083
Key Up;D;1237155
Key Down;Q;1237283
Key Up;Q;1238051
Key Down;D;1240796
Key Up;D;1243420
Key Down;Q;1243660
Key Up;Q;1244171
Key Down;Q;1245508
Key Up;Z;1245972
Key Down;Z;1246716
Key Up;Q;1247252
Key Down;D;1247843
Key Up;Z;1248547
Key Up;D;1248603
Key Down;Z;1258948
Key Down;D;1259004
Key Up;D;1260340
Key Down;D;1260508
Key Up;Z;1260900
Key Down;Z;1261252
Key Up;D;1262859
Key Down;Q;1262955
Key Up;Z;1263228
Key Up;Q;1263508
Key Down;Z;1264156
Key Down;D;1264244
Key Up;D;1264732
Key Down;D;1265268
Key Up;Z;1265548
Key Up;D;1265756
Key Down;Z;1265876
Key Down;D;1266276
Key Up;D;1266508
Key Up;Z;1266764
Key Down;Z;1267028
Key Down;Left Shift;1268164
Key Up;Left Shift;1268844
Key Down;D;1269012
Key Up;D;1269812
Key Up;Z;1270076
Key Down;Z;1271004
Key Up;Z;1271212
Key Down;Q;1272404
Key Down;Z;1272532
Key Up;Q;1272548
Key Down;Left Shift;1272788
Key Down;D;1274180
Key Up;Left Shift;1274220
Key Up;Z;1274877
Key Up;D;1275276
Key Down;Q;1276316
Key Down;Z;1276756
Key Up;Q;1276804
Key Down;Left Shift;1276956
Key Down;Q;1277500
Key Up;Q;1277668
Key Down;D;1277980
Key Up;D;1278268
Key Down;D;1278461
Key Up;Left Shift;1278669
Key Up;Z;1278813
Key Up;D;1279076
Key Down;Z;1280188
Key Down;Q;1280396
Key Up;Q;1280716
Key Down;Left Shift;1281004
Key Up;Left Shift;1283301
Key Up;Z;1283501
Key Down;E;1283629
Key Up;E;1283741
Key Down;Z;1283924
Key Up;Z;1285348
Key Down;E;1285516
Key Up;E;1285636
Key Down;Z;1286372
Key Up;Z;1287573
Key Down;Q;1288109
Key Up;Q;1288605
Key Down;Z;1289332
Key Down;D;1289468
Key Up;D;1290188
Key Down;D;1290932
Key Up;Z;1292485
Key Down;Z;1292749
Key Up;D;1293005
Key Down;Q;1297525
Key Up;Q;1298661
Key Down;Q;1300701
Key Up;Q;1301061
Key Down;E;1301469
Key Up;Z;1301477
Key Up;E;1301581
Key Down;Q;1302549
Key Up;Q;1302653
Key Down;Z;1303837
Key Up;Z;1303844
Key Down;E;1303852
Key Up;E;1303956
Key Down;E;1304524
Key Up;E;1304620
Key Down;Z;1304748
Key Down;D;1305533
Key Up;D;1306045
Key Down;D;1306733
Key Up;D;1309445
Key Down;Left Shift;1309453
Key Down;Q;1309989
Key Up;Left Shift;1310685
Key Up;Z;1310717
Key Down;E;1310725
Key Up;Q;1310757
Key Up;E;1310877
Key Down;Q;1311053
Key Down;Z;1311117
Key Up;Q;1311308
Key Up;Z;1312101
Key Down;D;1312461
Key Down;Z;1312477
Key Up;D;1312989
Key Down;Left Shift;1313053
Key Up;Left Shift;1316557
Key Up;Z;1316653
Key Down;Z;1317005
Key Down;Left Shift;1317269
Key Up;Left Shift;1318565
Key Up;Z;1318613
Key Down;Q;1318725
Key Down;Z;1319421
Key Up;Z;1319781
Key Up;Q;1320533
Key Down;Z;1320901
Key Down;Left Shift;1321149
Key Down;D;1323245
Key Up;D;1323502
Key Up;Left Shift;1333022
Key Up;Z;1333774
Key Down;Z;1334190
Key Down;Left Shift;1334413
Key Down;Q;1335213
Key Up;Left Shift;1336101
Key Up;Q;1336173
Key Up;Z;1336317
Key Down;E;1336613
Key Up;E;1336693
Key Down;F;1343326
Key Up;F;1343406
Key Down;F;1350070
Key Up;F;1350198
Key Down;Echap;1350686
Key Up;Echap;1350782
Key Down;Echap;1351637
Key Up;Echap;1351757
Key Down;D;1352197
Key Up;D;1352766
Key Down;Q;1353686
Key Down;Z;1353774
Key Up;Q;1354006
Key Up;Z;1354198
Key Down;E;1354286
Key Up;E;1354373
Key Down;Echap;1367766
Key Up;Echap;1367902
Key Down;Echap;1368302
Key Up;Echap;1368414
Key Down;Z;1368998
Key Down;Left Shift;1369446
Key Up;Left Shift;1383071
Key Up;Z;1384327
Key Down;Z;1387358
Key Down;D;1387438
Key Up;Z;1387638
Key Up;D;1387670
Key Down;Z;1398735
Key Down;Q;1399479
Key Up;Q;1399783
Key Up;Z;1399839
Key Down;D;1409375
Key Down;Z;1409735
Key Up;Z;1409871
Key Up;D;1410111
Key Down;Q;1413256
Key Down;Z;1413951
Key Up;Q;1414279
Key Up;Z;1414415
Key Down;Q;1416543
Key Down;Z;1416623
Key Up;Q;1417199
Key Down;G;1420232
Key Up;G;1420400
Key Down;D;1421632
Key Up;Z;1422104
Key Up;D;1422240
Key Down;Z;1426560
Key Down;D;1427527
Key Up;D;1427807
Key Down;D;1429456
Key Up;D;1429664
Key Up;Z;1431303
Key Down;Espace;1453832
Key Up;Espace;1453984
Key Down;Z;1458905
Key Down;Q;1459696
Key Up;Z;1459832
Key Up;Q;1459984
Key Down;Z;1460328
Key Down;D;1461216
Key Up;D;1461408
Key Up;Z;1464360
Key Down;E;1464640
Key Up;E;1464768
Key Down;E;1465104
Key Up;E;1465216
Key Down;E;1465393
Key Up;E;1465513
Key Down;Q;1466785
Key Down;Z;1466952
Key Up;Q;1467080
Key Up;Z;1467112
Key Down;D;1467504
Key Down;Z;1467760
Key Up;D;1468096
Key Down;D;1470081
Key Up;Z;1470449
Key Up;D;1470545
Key Down;Q;1471113
Key Down;Z;1471265
Key Up;Q;1472008
Key Down;D;1472184
Key Up;Z;1472704
Key Up;D;1473128
Key Down;Q;1473224
Key Down;Z;1473232
Key Up;Q;1473360
Key Down;D;1476369
Key Up;D;1476721
Key Down;D;1477784
Key Up;Z;1478440
Key Up;D;1478929
Key Down;D;1480169
Key Down;Z;1480505
Key Up;D;1480593
Key Down;Echap;1481425
Key Up;Z;1481497
Key Up;Echap;1481561
Key Down;Echap;1485049
Key Up;Echap;1485177
Key Down;Echap;1494121
Key Up;Echap;1494257
Key Down;Echap;1496065
Key Up;Echap;1496217
Key Down;Echap;1504361
Key Up;Echap;1504481
Key Down;Echap;1504777
Key Up;Echap;1504897
Key Down;Echap;1505145
Key Up;Echap;1505249
Key Down;Z;1505665
Key Up;Z;1506058
Key Down;Z;1506410
Key Down;D;1506658
Key Up;D;1507121
Key Down;D;1507913
Key Up;D;1508617
Key Down;D;1509337
Key Up;D;1510418
Key Up;Z;1510538
Key Down;Z;1511594
Key Down;Espace;1512825
Key Up;Espace;1513257
Key Up;Z;1513369
Key Down;Q;1513457
Key Down;Z;1513537
Key Up;Q;1514737
Key Down;D;1514938
Key Up;D;1515594
Key Down;E;1516825
Key Up;E;1516921
Key Up;Z;1517009
Key Down;E;1517081
Key Up;E;1517201
Key Down;E;1517377
Key Down;Z;1517489
Key Up;E;1517513
Key Down;Q;1517873
Key Up;Q;1518041
Key Up;Z;1518289
Key Down;E;1518377
Key Up;E;1518465
Key Down;Z;1518897
Key Up;Z;1519530
Key Down;D;1520010
Key Down;Z;1520018
Key Up;D;1520362
Key Up;Z;1520914
Key Down;E;1521002
Key Up;E;1521146
Key Down;Z;1521554
Key Down;Q;1523033
Key Up;Q;1523369
Key Down;Q;1525298
Key Up;Q;1525674
Key Down;Q;1528706
Key Up;Q;1529186
Key Down;D;1530298
Key Up;D;1530545
Key Down;Q;1531129
Key Up;Z;1531666
Key Down;Z;1532330
Key Up;Q;1532450
Key Down;D;1536506
Key Up;D;1536642
Key Up;Z;1536650
Key Down;S;1537138
Key Down;D;1537250
Key Up;S;1537529
Key Up;D;1538226
Key Down;Z;1545434
Key Up;Z;1546330
Key Down;Z;1547930
Key Up;Z;1548154
Key Down;E;1548330
Key Up;E;1548506
Key Down;Z;1548666
Key Up;Z;1549354
Key Down;Z;1549522
Key Down;Q;1550666
Key Up;Q;1551779
Key Down;Q;1552954
Key Up;Z;1553170
Key Up;Q;1553194
Key Down;S;1553378
Key Down;D;1553570
Key Up;D;1553650
Key Up;S;1553858
Key Down;Left Control;1554290
Key Down;Z;1555226
Key Down;Q;1555410
Key Up;Left Control;1556387
Key Up;Q;1557242
Key Up;Z;1557322
Key Down;E;1557498
Key Up;E;1557706
Key Down;Z;1557946
Key Up;Z;1558098
Key Down;E;1558226
Key Up;E;1558354
Key Down;E;1558850
Key Up;E;1558954
Key Down;E;1559362
Key Up;E;1559474
Key Down;E;1559842
Key Up;E;1559970
Key Down;Q;1560138
Key Down;Z;1560315
Key Up;Q;1560355
Key Up;Z;1560451
Key Down;E;1560699
Key Up;E;1560819
Key Down;Z;1563170
Key Down;Espace;1564554
Key Up;Espace;1564763
Key Down;Espace;1565842
Key Up;Espace;1566090
Key Down;Espace;1567451
Key Up;Espace;1567611
Key Up;Z;1570122
Key Down;Q;1570355
Key Down;Z;1570699
Key Up;Q;1570835
Key Up;Z;1570907
Key Down;E;1571283
Key Up;E;1571363
Key Down;Z;1571931
Key Down;Q;1572115
Key Up;Z;1572227
Key Up;Q;1572458
Key Down;Z;1572642
Key Down;D;1574035
Key Up;D;1574395
Key Up;Z;1577322
Key Down;E;1577371
Key Up;E;1577491
Key Down;Z;1581395
Key Down;Q;1582099
Key Up;Q;1582603
Key Up;Z;1583003
Key Down;E;1583019
Key Up;E;1583147
Key Down;E;1583763
Key Up;E;1583883
Key Down;Tab;1584203
Key Up;Tab;1584331
Key Down;Echap;1619348
Key Up;Echap;1619484
Key Down;E;1621219
Key Up;E;1621339
Key Down;E;1621571
Key Up;E;1621667
Key Down;E;1621828
Key Up;E;1621948
Key Down;E;1622292
Key Up;E;1622412
Key Down;Z;1622988
Key Down;Q;1623092
Key Up;Z;1623188
Key Up;Q;1623196
Key Down;E;1623580
Key Up;E;1623676
Key Down;E;1623788
Key Up;E;1623876
Key Down;E;1623996
Key Up;E;1624092
Key Down;S;1624228
Key Down;D;1624372
Key Up;S;1624444
Key Down;Z;1624708
Key Up;D;1624900
Key Up;Z;1625036
Key Down;Z;1625875
Key Down;Q;1626300
Key Up;Q;1626540
Key Up;Z;1626548
Key Down;Z;1627284
Key Down;E;1627932
Key Up;Z;1627988
Key Up;E;1628052
Key Down;E;1628276
Key Down;Z;1628332
Key Down;Q;1628340
Key Up;E;1628420
Key Up;Q;1628532
Key Down;D;1628788
Key Up;D;1629380
Key Down;Left Shift;1629756
Key Down;T;1634572
Key Up;T;1634660
Key Down;D;1636628
Key Up;Left Shift;1636788
Key Up;D;1637100
Key Up;Z;1637204
Key Down;Z;1638420
Key Up;Z;1638564
Key Down;E;1639092
Key Up;E;1639204
Key Down;E;1639380
Key Up;E;1639484
Key Down;E;1640245
Key Up;E;1640333
Key Down;Z;1640589
Key Up;Z;1640996
Key Down;E;1641084
Key Up;E;1641196
Key Down;Z;1641820
Key Up;Z;1641948
Key Down;E;1641956
Key Up;E;1642092
Key Down;S;1642284
Key Down;D;1642428
Key Up;S;1642452
Key Down;Z;1642781
Key Up;D;1643285
Key Down;Left Shift;1643501
Key Up;Left Shift;1648173
Key Down;Q;1648341
Key Up;Q;1648549
Key Down;Q;1648828
Key Up;Q;1649988
Key Down;D;1651581
Key Up;D;1651933
Key Up;Z;1653548
Key Down;Z;1662020
Key Up;Z;1662324
Key Down;Z;1664293
Key Up;Z;1664637
Key Down;Z;1665501
Key Up;Z;1666573
Key Down;Left Control;1666725
Key Down;Z;1667172
Key Down;D;1667204
Key Up;D;1668685
Key Up;Z;1669261
Key Down;Q;1672372
Key Up;Q;1672749
Key Down;D;1673085
Key Down;Z;1673613
Key Up;D;1673669
Key Up;Z;1673725
Key Down;Q;1676053
Key Up;Q;1676389
Key Down;D;1681117
Key Down;S;1681589
Key Up;S;1682333
Key Up;D;1682365
Key Down;Q;1682709
Key Up;Q;1682941
Key Down;D;1684133
Key Down;Z;1684549
Key Up;Z;1684949
Key Up;D;1685054
Key Down;Q;1685382
Key Up;Q;1685878
Key Down;D;1686525
Key Up;D;1686669
Key Down;Q;1687869
Key Up;Q;1688021
Key Down;Q;1691421
Key Down;Z;1691525
Key Up;Z;1691909
Key Up;Q;1692069
Key Down;Q;1692645
Key Down;Z;1692765
Key Up;Q;1693685
Key Up;Left Control;1694782
Key Down;D;1695294
Key Up;D;1696261
Key Down;D;1697245
Key Up;Z;1697477
Key Up;D;1698021
Key Down;Z;1698670
Key Up;Z;1699014
Key Down;Z;1701389
Key Down;D;1701397
Key Up;D;1701813
Key Up;Z;1701845
Key Down;Z;1704198
Key Down;Espace;1704654
Key Up;Espace;1704862
Key Down;Left Shift;1705190
Key Down;Espace;1705670
Key Up;Espace;1706109
Key Up;Left Shift;1706773
Key Up;Z;1708902
Key Down;G;1723190
Key Up;G;1723294
Key Down;Q;1729934
Key Up;Q;1730390
Key Down;Z;1745206
Key Down;D;1748647
Key Up;D;1749351
Key Down;Left Shift;1751254
Key Down;Q;1752783
Key Up;Left Shift;1752887
Key Up;Z;1753087
Key Up;Q;1753799
Key Down;Z;1754815
Key Down;D;1754911
Key Up;D;1755255
Key Up;Z;1755319
Key Down;Q;1755838
Key Up;Q;1755966
Key Down;Z;1760447
Key Down;D;1761423
Key Up;D;1761639
Key Down;D;1762095
Key Up;Z;1762327
Key Up;D;1762614
Key Down;Q;1762846
Key Down;Z;1763062
Key Down;Left Shift;1763559
Key Up;Q;1763919
Key Down;Q;1764447
Key Up;Q;1764847
Key Down;Q;1765303
Key Up;Q;1765767
Key Up;Left Shift;1769399
Key Up;Z;1769615
Key Down;Q;1769647
Key Up;Q;1769759
Key Down;D;1769871
Key Up;D;1770143
Key Down;Z;1770151
Key Down;Espace;1770287
Key Up;Espace;1770695
Key Down;D;1770911
Key Up;D;1771031
Key Down;Q;1771135
Key Up;Q;1771719
Key Down;T;1772511
Key Up;T;1772615
Key Down;D;1773263
Key Up;D;1773327
Key Up;Z;1773471
Key Down;Q;1774047
Key Up;Q;1774183
Key Down;Q;1774479
Key Down;Z;1774791
Key Up;Q;1774863
Key Down;D;1775287
Key Up;D;1777503
Key Down;Espace;1778599
Key Up;Espace;1779079
Key Down;Q;1779143
Key Down;Espace;1779263
Key Up;Q;1779303
Key Up;Espace;1779407
Key Down;D;1779503
Key Up;D;1779591
Key Up;Z;1781144
Key Down;E;1781232
Key Up;E;1781328
Key Down;Z;1781552
Key Up;Z;1781711
Key Down;E;1781927
Key Up;E;1782031
Key Down;Z;1782231
Key Up;Z;1782431
Key Down;E;1782471
Key Up;E;1782583
Key Down;E;1782855
Key Up;E;1782959
Key Down;Z;1783079
Key Down;E;1783119
Key Up;E;1783271
Key Up;Z;1783615
Key Down;E;1783631
Key Up;E;1783767
Key Down;E;1783895
Key Down;Z;1783903
Key Up;E;1784023
Key Down;E;1784784
Key Up;Z;1784816
Key Up;E;1784944
Key Down;E;1785104
Key Up;E;1785232
Key Down;Z;1785352
Key Down;D;1785488
Key Down;Left Shift;1785616
Key Up;D;1785624
Key Down;D;1786056
Key Up;D;1786176
Key Down;Espace;1786216
Key Up;Espace;1786375
Key Down;D;1786423
Key Down;Espace;1786863
Key Up;D;1786887
Key Up;Espace;1787063
Key Down;Espace;1787431
Key Up;Espace;1787615
Key Down;D;1788079
Key Up;Left Shift;1788295
Key Up;D;1788559
Key Down;D;1788927
Key Up;D;1789456
Key Up;Z;1789528
Key Down;E;1789640
Key Up;E;1789752
Key Down;E;1790024
Key Up;E;1790128
Key Down;Z;1790512
Key Down;E;1790520
Key Up;Z;1790632
Key Up;E;1790664
Key Down;E;1790832
Key Up;E;1790952
Key Down;E;1791272
Key Up;E;1791336
Key Down;Z;1793664
Key Up;Z;1796391
Key Down;R;1796583
Key Up;R;1796679
Key Down;Z;1799047
Key Down;D;1799295
Key Up;D;1800088
Key Down;Q;1800144
Key Up;Z;1800352
Key Up;Q;1800544
Key Down;D;1800928
Key Down;Z;1801112
Key Up;Z;1801272
Key Up;D;1801680
Key Down;Z;1801808
Key Down;D;1801896
Key Up;Z;1802567
Key Up;D;1802623
Key Down;D;1804632
Key Up;D;1804976
Key Down;R;1805536
Key Up;R;1805608
Key Down;Z;1806496
Key Down;Q;1808023
Key Up;Q;1808392
Key Up;Z;1808760
Key Down;Z;1809424
Key Down;Q;1809920
Key Up;Z;1810056
Key Down;Z;1810216
Key Up;Q;1810248
Key Down;Q;1810496
Key Up;Q;1810976
Key Up;Z;1812600
Key Down;Z;1812920
Key Up;Z;1813056
Key Down;E;1813272
Key Up;E;1813400
Key Down;Z;1813504
Key Up;Z;1813696
Key Down;E;1813920
Key Up;E;1814016
Key Down;Q;1815424
Key Up;Q;1815624
Key Down;Q;1816144
Key Up;Q;1816336
Key Down;E;1816520
Key Up;E;1816616
Key Down;E;1817113
Key Up;E;1817225
Key Down;E;1818016
Key Up;E;1818096
Key Down;Z;1818464
Key Up;Z;1820272
Key Down;E;1822057
Key Up;E;1822177
Key Down;R;1823584
Key Up;R;1823608
Key Down;Z;1824048
Key Down;D;1824264
Key Up;Z;1824320
Key Up;D;1824600
Key Down;R;1828456
Key Up;R;1828560
Key Down;Z;1829937
Key Down;G;1832848
Key Up;G;1832944
Key Down;E;1833993
Key Up;E;1834081
Key Down;Q;1834664
Key Up;Z;1834944
Key Up;Q;1834968
Key Down;E;1835184
Key Up;E;1835304
Key Down;Z;1835449
Key Down;Q;1837224
Key Up;Q;1838328
Key Up;Z;1839201
Key Down;E;1839241
Key Up;E;1839361
Key Down;E;1839641
Key Up;E;1839753
Key Down;Z;1840009
Key Down;Q;1840433
Key Up;Q;1840697
Key Down;Q;1841353
Key Up;Q;1842816
Key Down;Q;1843224
Key Up;Q;1843641
Key Down;Q;1844641
Key Up;Q;1845641
Key Down;Left Shift;1845921
Key Up;Left Shift;1846536
Key Down;Q;1846648
Key Up;Z;1846960
Key Down;Z;1847552
Key Up;Q;1848033
Key Down;Left Shift;1848393
Key Up;Left Shift;1849769
Key Down;Echap;1851177
Key Up;Z;1851185
Key Up;Echap;1851297
Key Down;Left Alt;1851912
Key Down;Tab;1852032
Key Up;Left Alt;1852120
Key Up;Tab;1852146
