Event;Key;Time
Key Down;Entrée;1517
Key Up;Entrée;1629
Key Down;Q;5184
Key Down;Z;5414
Key Down;Gauche;5434
Key Up;Z;5707
Key Down;Z;6017
Key Up;Z;6300
Key Up;Q;6906
Key Down;Q;7242
Key Up;Q;7557
Key Down;D;8875
Key Up;D;9152
Key Down;Q;9216
Key Up;Q;9547
Key Down;D;11371
Key Up;D;11526
Key Down;D;12011
Key Up;D;12124
Key Down;S;12618
Key Down;Haut;12730
Key Up;Gauche;12875
Key Down;Q;12950
Key Up;S;13002
Key Up;Q;13130
Key Down;Q;13264
Key Down;S;13381
Key Down;Droite;13578
Key Up;S;13584
Key Up;Haut;13744
Key Up;Q;13787
Key Down;Z;13947
Key Up;Z;14065
Key Down;Q;14257
Key Up;Q;14502
Key Down;D;14763
Key Down;Haut;14817
Key Up;Droite;14945
Key Up;D;15030
Key Down;Z;15951
Key Up;Z;16149
Key Down;Z;16528
Key Up;Z;16645
Key Down;Z;16917
Key Up;Z;17035
Key Down;Gauche;17423
Key Down;Z;17488
Key Up;Haut;17557
Key Up;Z;17599
Key Down;Q;18469
Key Up;Q;18586
Key Down;Q;19183
Key Down;Bas;19354
Key Up;Q;19359
Key Up;Gauche;19460
Key Down;S;19487
Key Up;S;19658
Key Down;D;19876
Key Up;D;19973
Key Down;S;20565
Key Up;S;20745
Key Down;S;21402
Key Down;Droite;21460
Key Up;Bas;21535
Key Up;S;21551
Key Down;D;21584
Key Up;D;21699
Key Down;D;22424
Key Down;Z;22467
Key Up;D;22675
Key Down;Q;22771
Key Down;Haut;22814
Key Up;Z;22863
Key Down;Gauche;22879
Key Up;Droite;22895
Key Up;Haut;22943
Key Down;S;22996
Key Up;Q;23662
Key Up;S;23683
Key Down;D;24212
Key Up;D;24351
Key Down;Q;24564
Key Down;Z;24729
Key Up;Z;24894
Key Up;Q;24931
Key Down;D;25310
Key Down;Droite;25342
Key Up;Gauche;25379
Key Down;Z;25395
Key Up;Z;25764
Key Down;Z;25998
Key Up;Z;26408
Key Down;Z;26547
Key Up;Z;26702
Key Up;D;26761
Key Down;Z;27060
Key Up;Z;27177
Key Down;D;27619
Key Down;S;27700
Key Up;D;27847
Key Up;S;27911
Key Down;D;28776
Key Down;S;28867
Key Up;S;29357
Key Down;Haut;30013
Key Down;Z;30333
Key Up;Droite;30536
Key Up;D;30648
Key Up;Z;31319
Key Down;Gauche;31868
Key Down;Z;31890
Key Up;Haut;31943
Key Up;Z;32210
Key Down;D;32461
Key Down;Z;32568
Key Up;Z;32770
Key Up;D;32855
Key Down;D;33074
Key Up;D;33320
Key Down;Q;33426
Key Up;Q;34006
Key Down;D;34876
Key Up;D;35335
Key Down;Q;35452
Key Down;Z;35836
Key Up;Z;36065
Key Up;Q;36381
Key Down;Z;36519
Key Up;Z;36652
Key Down;D;36908
Key Up;D;37355
Key Down;Q;37531
Key Up;Q;37718
Key Down;D;37814
Key Down;S;37825
Key Up;S;37948
Key Down;S;38402
Key Down;Q;38530
Key Up;D;38722
Key Up;Gauche;38743
Key Up;S;38966
Key Down;S;39836
Key Up;S;39969
Key Up;Q;40054
Key Down;E;40194
Key Down;Z;40301
Key Up;E;40354
Key Down;D;40727
Key Up;Z;40840
Key Down;Z;41170
Key Up;Z;41293
Key Down;S;41458
Key Up;D;41618
Key Down;Q;41859
Key Up;S;41986
Key Down;Z;42526
Key Up;Q;42574
Key Down;Q;42622
Key Up;Z;42824
Key Down;D;42999
Key Up;Q;43020
Key Down;Droite;43127
Key Down;Haut;43452
Key Up;Droite;43719
Key Down;Droite;44177
Key Up;Haut;44225
Key Up;D;45058
Key Down;D;45485
Key Up;D;45768
Key Down;Z;45832
Key Down;Q;46075
Key Up;Z;46129
Key Up;Q;46427
Key Down;S;46555
Key Up;S;46726
Key Down;Z;46987
Key Up;Z;47105
Key Down;Z;47222
Key Down;Bas;47350
Key Up;Z;47457
Key Up;Droite;47505
Key Down;D;47857
Key Up;D;47963
Key Down;Z;48102
Key Down;Q;48156
Key Up;Q;48284
Key Up;Z;48444
Key Down;Droite;48508
Key Up;Bas;48566
Key Down;Z;48732
Key Down;D;48764
Key Up;D;48908
Key Up;Z;48949
Key Down;Q;49002
Key Down;S;49023
Key Down;Haut;49178
Key Up;Droite;49466
Key Up;Q;49482
Key Up;S;49589
Key Down;S;49813
Key Down;D;49851
Key Up;D;49979
Key Up;S;50197
Key Down;S;50549
Key Up;S;50661
Key Down;Q;50891
Key Up;Q;51008
Key Down;S;51067
Key Up;S;51509
Key Down;D;51931
Key Down;Gauche;52010
Key Up;Haut;52111
Key Up;D;52329
Key Down;D;52431
Key Down;Z;52516
Key Up;Z;52601
Key Up;D;52778
Key Down;D;53370
Key Down;Haut;53487
Key Down;Z;53546
Key Up;Gauche;53567
Key Up;D;53663
Key Up;Z;53748
Key Down;Q;53850
Key Up;Q;54026
Key Down;S;54271
Key Down;Q;54560
Key Up;S;54570
Key Up;Q;54719
Key Down;Droite;54810
Key Down;Q;54981
Key Up;Haut;55017
Key Down;Z;55038
Key Up;Q;55225
Key Up;Z;55247
Key Down;Q;55443
Key Up;Q;55593
Key Down;Bas;55817
Key Down;Z;55833
Key Up;Droite;56063
Key Down;D;56143
Key Up;D;56244
Key Down;Q;56463
Key Up;Z;56516
Key Up;Q;56596
Key Down;Z;57209
Key Up;Z;57385
Key Down;S;57642
Key Up;S;58072
Key Down;Q;58365
Key Up;Q;58488
Key Down;Z;58596
Key Down;Q;58792
Key Up;Q;58947
Key Up;Z;59092
Key Down;D;59376
Key Up;D;59470
Key Down;Z;59620
Key Down;Droite;59641
Key Up;Bas;59747
Key Down;D;59902
Key Up;D;60025
Key Up;Z;60137
Key Down;D;60494
Key Up;D;60697
Key Down;Q;60868
Key Up;Q;61064
Key Down;S;61310
Key Up;S;61406
Key Down;D;61768
Key Down;S;61800
Key Up;S;61864
Key Up;D;61896
Key Down;Q;62141
Key Down;S;62146
Key Up;Q;62301
Key Up;S;62434
Key Down;D;63342
Key Down;S;63358
Key Up;D;63533
Key Up;S;63539
Key Down;S;64162
Key Down;D;64189
Key Up;S;64316
Key Up;D;64380
Key Down;S;65181
Key Down;D;65207
Key Down;Haut;65309
Key Up;Droite;65468
Key Up;S;65506
Key Up;D;65773
Key Down;Q;66029
Key Up;Q;66115
Key Down;D;66872
Key Up;D;66984
Key Down;S;67137
Key Up;S;67287
Key Down;S;67831
Key Down;Q;67847
Key Up;S;68001
Key Up;Q;68007
Key Down;S;68311
Key Up;S;68465
Key Down;Droite;68983
Key Down;S;68999
Key Down;Q;69042
Key Up;S;69181
Key Up;Haut;69239
Key Up;Q;69325
Key Down;Z;69458
Key Down;Q;69618
Key Up;Z;69661
Key Up;Q;69757
Key Down;Q;70034
Key Up;Q;70210
Key Down;Gauche;70476
Key Up;Droite;70540
Key Down;D;71020
Key Down;Droite;71495
Key Up;Gauche;71607
Key Up;D;71820
Key Down;Q;72418
Key Down;Z;73537
Key Up;Q;73579
Key Up;Z;74593
Key Down;Q;74822
Key Down;Z;74849
Key Up;Q;74923
Key Down;Haut;74966
Key Up;Z;74993
Key Up;Droite;75003
Key Down;D;75046
Key Up;D;75169
Key Down;D;76832
Key Down;Z;77072
Key Up;Haut;77082
Key Down;Bas;77136
Key Up;Z;77365
Key Up;D;77744
Key Down;D;78944
Key Up;D;79036
Key Down;Q;79978
Key Up;Q;80128
Key Down;D;80447
Key Down;Droite;80788
Key Up;Bas;80874
Key Up;D;82269
Key Down;Q;82563
Key Down;S;82980
Key Up;Q;83065
Key Up;S;83092
Key Down;Q;83454
Key Up;Q;83615
Key Down;D;83742
Key Down;Z;83806
Key Up;Z;84025
Key Up;D;84100
Key Down;Q;84238
Key Up;Q;84612
Key Down;Z;84734
Key Down;Q;84815
Key Up;Z;84884
Key Up;Q;85231
Key Down;D;85635
Key Up;D;85960
Key Down;D;86248
Key Up;D;86430
Key Down;Q;86483
Key Down;S;86653
Key Down;Bas;86915
Key Up;S;87043
Key Up;Q;87161
Key Up;Bas;87235
Key Down;Z;87342
Key Down;Q;87513
Key Up;Z;87620
Key Up;Q;87832
Key Down;D;88111
Key Down;Bas;89165
Key Up;Droite;89255
Key Down;S;89517
Key Up;D;89917
Key Up;S;89949
Key Down;Q;91150
Key Up;Q;91458
Key Down;D;91607
Key Down;S;91730
Key Down;Droite;91772
Key Up;Bas;91815
Key Up;D;91879
Key Down;Q;91932
Key Up;S;91943
Key Down;S;92124
Key Up;Q;92268
Key Up;S;92273
Key Down;Q;92412
Key Down;Gauche;92631
Key Up;Droite;92647
Key Up;Gauche;93127
Key Down;Z;94242
Key Up;Z;94635
Key Down;Gauche;95036
Key Down;Z;96278
Key Down;Haut;96337
Key Up;Haut;96380
Key Up;Z;96487
Key Up;Q;96636
Key Down;D;96866
Key Up;D;97212
Key Down;Q;97356
Key Down;S;97462
Key Up;S;97627
Key Up;Q;97664
Key Down;D;97840
Key Up;D;98262
Key Down;D;98481
Key Up;D;98662
Key Down;Q;98705
Key Up;Q;99376
Key Down;S;99617
Key Up;S;99899
Key Down;D;99910
Key Up;D;100235
Key Down;Q;100353
Key Up;Q;100474
Key Down;S;100501
Key Down;D;100528
Key Up;S;100614
Key Up;D;100933
Key Down;Q;101002
Key Up;Q;101269
Key Down;D;101280
Key Up;D;101701
Key Down;Q;101723
Key Down;S;102352
Key Up;S;102774
Key Up;Q;102934
Key Down;D;103217
Key Up;D;103908
Key Down;Q;104079
Key Down;Z;104309
Key Up;Q;104394
Key Down;D;104426
Key Up;D;105035
Key Down;Q;105067
Key Up;Z;105137
Key Down;Haut;105265
Key Down;S;105281
Key Up;Gauche;105403
Key Up;Q;105739
Key Up;S;105750
Key Down;S;105771
Key Up;S;105947
Key Down;Q;106331
Key Down;Z;106390
Key Up;Q;106454
Key Up;Z;106533
Key Down;D;106784
Key Up;D;106901
Key Down;Z;107008
Key Down;D;107269
Key Up;Z;107290
Key Up;D;107413
Key Down;S;107653
Key Up;S;107829
Key Down;Q;107957
Key Down;Gauche;108192
Key Up;Haut;108223
Key Down;S;108517
Key Up;S;108666
Key Down;Haut;109274
Key Up;Gauche;109440
Key Up;Q;109534
Key Down;Droite;109651
Key Down;Q;109700
Key Up;Q;109838
Key Up;Droite;109865
Key Down;Droite;110009
Key Down;Q;110025
Key Down;Z;110057
Key Up;Haut;110350
Key Up;Q;110361
Key Up;Z;110622
Key Down;Z;110676
Key Down;D;110953
Key Up;Z;111001
Key Up;D;111124
Key Down;Q;111236
Key Up;Q;111609
Key Down;S;112856
Key Down;D;112905
Key Up;S;112995
Key Up;D;113037
Key Down;Q;113251
Key Down;S;113523
Key Up;Q;113714
Key Down;D;113901
Key Up;Droite;113997
Key Up;S;114029
Key Down;S;114808
Key Down;Droite;115059
Key Up;S;115113
Key Down;Haut;115724
Key Down;Z;115794
Key Up;D;116168
Key Up;Droite;116290
Key Down;D;117357
Key Up;D;117464
Key Up;Z;117917
Key Up;Haut;118050
Key Down;Haut;118511
Key Down;Q;118632
Key Up;Q;118915
Key Down;Q;119112
Key Down;Z;119144
Key Up;Q;119235
Key Up;Z;119326
Key Down;Q;119950
Key Up;Q;120035
Key Down;D;120345
Key Down;Z;120728
Key Down;Droite;120947
Key Up;D;120958
Key Up;Haut;120984
Key Down;Q;121000
Key Up;Z;121049
Key Up;Q;121139
Key Up;Droite;121268
Key Down;S;121273
Key Down;D;121279
Key Down;Haut;121455
Key Up;S;121560
Key Down;S;121614
Key Up;S;121720
Key Up;D;121783
Key Down;D;122365
Key Up;D;122451
Key Down;Q;123715
Key Up;Q;123789
Key Down;D;124430
Key Up;D;124510
Key Down;Q;124668
Key Down;S;124721
Key Down;Bas;124753
Key Up;Haut;124764
Key Up;Q;125506
Key Down;Gauche;126529
Key Up;Bas;126764
Key Down;Q;127196
Key Up;S;127728
Key Down;Z;128454
Key Up;Z;128656
Key Down;Z;129685
Key Up;Z;130064
Key Down;S;130784
Key Up;S;131270
Key Up;Q;131478
Key Down;Q;131898
Key Down;Bas;132197
Key Up;Gauche;132262
Key Up;Q;132485
Key Down;S;133093
Key Up;S;133280
Key Down;Z;133817
Key Up;Z;133961
Key Down;Q;134052
Key Down;Z;134260
Key Up;Z;134682
Key Up;Q;134698
Key Down;S;135087
Key Up;S;135279
Key Down;Q;135823
Key Up;Q;135956
Key Down;Z;136330
Key Up;Z;136602
Key Down;D;136829
Key Down;Gauche;137021
Key Up;Bas;137070
Key Up;D;137246
Key Down;D;137459
Key Up;D;137747
Key Down;D;137966
Key Up;D;138158
Key Down;D;138371
Key Down;S;138425
Key Up;S;138665
Key Up;D;138697
Key Down;S;138932
Key Down;D;138953
Key Down;Haut;139225
Key Up;Gauche;139348
Key Up;D;139364
Key Up;S;139842
Key Down;Q;139890
Key Down;S;140034
Key Up;Q;140055
Key Down;Q;140498
Key Up;Q;140589
Key Up;S;140674
Key Down;Q;141149
Key Down;Droite;141218
Key Up;Haut;141416
Key Down;S;141443
Key Up;S;141581
Key Up;Q;141608
Key Down;Q;141864
Key Down;S;141960
Key Up;S;142087
Key Up;Q;142189
Key Down;Z;142499
Key Up;Z;142638
Key Down;Q;143132
Key Up;Q;143372
Key Down;Q;144135
Key Up;Q;144284
Key Down;Q;144641
Key Up;Q;144759
Key Down;S;144967
Key Up;S;145106
Key Down;Q;145426
Key Up;Q;145580
Key Down;S;145973
Key Up;S;146283
Key Down;Q;146390
Key Up;Q;146646
Key Down;Q;146939
Key Up;Q;147121
Key Down;Q;147504
Key Up;Q;148049
Key Down;Q;148075
Key Up;Q;148235
Key Down;Haut;148257
Key Up;Droite;148321
Key Down;Q;148460
Key Up;Q;148598
Key Down;Z;148986
Key Up;Z;149305
Key Down;Z;149636
Key Up;Z;149893
Key Down;Droite;150085
Key Up;Haut;150095
Key Down;D;150224
Key Down;S;150256
Key Up;S;150634
Key Down;Haut;150858
Key Down;Z;150875
Key Up;Z;150970
Key Up;Droite;151002
Key Up;D;151125
Key Down;Q;151770
Key Up;Q;151866
Key Up;Haut;151944
Key Down;Bas;152058
Key Down;D;152107
Key Down;Droite;152213
Key Down;S;152240
Key Up;D;152352
Key Up;Bas;152395
Key Down;Q;152598
Key Up;S;152704
Key Up;Q;152816
Key Down;D;153302
Key Up;D;153504
Key Down;Q;154070
Key Up;Q;154224
Key Down;D;154673
Key Up;Droite;154837
Key Down;Haut;156036
Key Down;Z;156052
Key Down;Droite;156175
Key Up;D;156180
Key Up;Haut;156223
Key Up;Z;156410
Key Down;Haut;156564
Key Up;Haut;156697
Key Down;Z;156751
Key Down;D;156858
Key Up;Z;157076
Key Up;D;157156
Key Down;D;157386
Key Up;D;157663
Key Down;Z;157749
Key Up;Z;157887
Key Down;Q;157898
Key Up;Q;157982
Key Down;Q;159267
Key Up;Q;159390
Key Down;Z;159624
Key Down;Q;159635
Key Up;Z;159886
Key Up;Q;160019
Key Down;Z;160201
Key Up;Droite;160211
Key Down;Haut;160297
Key Up;Z;160537
Key Down;D;161042
Key Down;Z;161111
Key Up;D;161143
Key Up;Z;161244
Key Down;Q;161660
Key Down;Z;161778
Key Up;Haut;161874
Key Down;Gauche;161916
Key Up;Z;162141
Key Down;S;162657
Key Up;S;162732
Key Down;Z;162866
Key Up;Z;163330
Key Down;S;163895
Key Up;S;163964
Key Up;Q;164310
Key Down;S;164689
Key Down;Q;164769
Key Up;S;164913
Key Up;Q;164972
Key Down;Z;165319
Key Up;Z;165511
Key Down;D;165687
Key Up;D;165798
Key Down;Q;165831
Key Down;S;166135
Key Up;S;166268
Key Up;Q;166615
Key Down;D;166759
Key Down;Z;166929
Key Up;D;167031
Key Up;Z;167041
Key Down;Q;167318
Key Down;S;167718
Key Down;Bas;167830
Key Up;Gauche;167910
Key Up;Q;167926
Key Down;D;168102
Key Up;S;168369
Key Down;Z;168513
Key Up;Z;169367
Key Down;S;169772
Key Up;D;170133
Key Down;D;170255
Key Up;D;170443
Key Down;D;170838
Key Up;S;170880
Key Down;Droite;170961
Key Down;S;171057
Key Up;Bas;171132
Key Up;D;171217
Key Down;Q;171788
Key Down;Gauche;171921
Key Up;Droite;171970
Key Up;S;171985
Key Down;Z;172529
Key Up;Q;172583
Key Up;Gauche;173073
Key Down;Haut;173126
Key Down;Q;173360
Key Up;Q;173686
Key Down;Q;174053
Key Up;Q;174474
Key Up;Z;174918
Key Down;Gauche;175712
Key Down;Q;175727
Key Up;Haut;175813
Key Up;Q;175958
Key Down;D;176548
Key Down;Z;176671
Key Up;D;176783
Key Down;Q;176895
Key Up;Z;177001
Key Up;Q;177097
Key Down;S;177278
Key Up;S;177454
Key Down;Q;177545
Key Up;Q;177721
Key Down;Z;177994
Key Down;D;177999
Key Up;D;178133
Key Up;Z;178143
Key Down;Q;178479
Key Up;Q;178591
Key Down;D;178735
Key Down;Haut;178799
Key Up;Gauche;178879
Key Up;D;179245
Key Down;Z;179288
Key Down;D;179459
Key Up;Z;179592
Key Up;D;179614
Key Down;S;179854
Key Down;D;179859
Key Up;D;179955
Key Up;S;180019
Key Down;S;180340
Key Up;S;180642
Key Down;Q;180979
Key Down;Z;180990
Key Up;Q;181123
Key Up;Z;181229
Key Down;S;181971
Key Down;D;182067
Key Up;S;182237
Key Down;Z;182397
Key Up;D;182595
Key Up;Z;182611
Key Down;S;183143
Key Down;D;183229
Key Up;S;183330
Key Up;D;183570
Key Down;Z;183719
Key Down;D;184019
Key Up;Z;184103
Key Up;D;184151
Key Down;S;184589
Key Down;D;184685
Key Up;D;184834
Key Up;S;184935
Key Down;Q;187100
Key Up;Q;187227
Key Down;D;187761
Key Up;D;187868
Key Down;D;188805
Key Up;D;188970
Key Down;Q;189306
Key Up;Q;189451
Key Down;Z;189675
Key Down;Q;189755
Key Up;Q;189861
Key Up;Z;189877
Key Down;D;194818
Key Up;D;194920
Key Down;Q;195704
Key Up;Q;195838
Key Down;D;196701
Key Up;D;196921
Key Down;Q;197480
Key Up;Q;197581
Key Down;D;198509
Key Up;Haut;198765
Key Down;S;199043
Key Up;S;199272
Key Down;Z;199496
Key Up;D;199545
Key Up;Z;199769
Key Down;D;199780
Key Down;Droite;199828
Key Down;Z;200008
Key Up;D;200137
Key Up;Z;200207
Key Down;S;200978
Key Up;S;201106
Key Down;D;201330
Key Down;Gauche;201367
Key Down;Z;201421
Key Up;D;201528
Key Up;Z;201608
Key Down;Q;201650
Key Up;Droite;201661
Key Down;Z;201752
Key Up;Z;202371
Key Up;Q;202408
Key Down;Q;203191
Key Down;Droite;203446
Key Up;Q;203451
Key Down;Z;203467
Key Up;Gauche;203537
Key Down;D;203643
Key Up;Z;204539
Key Up;D;204550
Key Down;D;205356
Key Up;D;205585
Key Down;Q;205777
Key Up;Droite;206001
Key Up;Q;206374
Key Down;Tab;206729
Key Up;Tab;207470
Key Down;Z;207628
Key Down;Haut;207750
Key Down;D;207766
Key Up;D;207906
Key Up;Z;208209
Key Down;Z;208727
Key Down;Q;208849
Key Down;Gauche;208972
Key Up;Q;209014
Key Up;Haut;209073
Key Up;Z;209164
Key Down;D;209430
Key Up;D;209621
Key Down;Q;209835
Key Up;Q;209989
Key Down;D;210240
Key Up;D;210682
Key Down;Q;210907
Key Up;Q;211354
Key Down;D;211531
Key Up;D;211829
Key Down;Z;212043
Key Up;Z;212240
Key Down;Q;212459
Key Up;Q;212905
Key Down;D;213279
Key Up;D;213576
Key Down;Q;213659
Key Up;Q;214134
Key Down;D;214241
Key Up;D;214657
Key Down;Q;214753
Key Up;Q;215319
Key Down;D;215479
Key Down;S;215973
Key Up;D;216192
Key Down;Q;216245
Key Up;S;216442
Key Up;Q;216932
Key Down;D;217104
Key Down;Z;217360
Key Up;D;217493
Key Up;Z;217685
Key Down;S;217973
Key Down;Q;218160
Key Up;Q;218373
Key Up;S;218574
Key Down;Z;219736
Key Down;D;219918
Key Up;Z;219956
Key Up;D;219988
Key Down;S;220287
Key Up;S;220532
Key Down;Z;220783
Key Down;Q;220975
Key Up;Z;220991
Key Down;Z;221167
Key Up;Q;221300
Key Up;Z;221333
Key Down;S;221832
Key Down;Q;221933
Key Up;S;221939
Key Up;Q;222087
Key Down;D;222376
Key Down;Z;222525
Key Up;D;222627
Key Down;Q;222762
Key Up;Z;223003
Key Up;Q;223057
Key Down;Q;223446
Key Up;Q;223622
Key Down;Z;224038
Key Up;Z;224107
Key Down;D;224400
Key Down;S;224422
Key Up;S;224671
Key Up;D;224687
Key Down;Z;224805
Key Up;Z;225029
Key Down;Q;225285
Key Up;Q;225429
Key Down;S;226185
Key Up;S;226330
Key Down;Q;226388
Key Up;Q;226554
Key Down;S;226703
Key Up;S;226847
Key Down;D;226912
Key Up;D;227226
Key Down;Q;227568
Key Down;Z;227668
Key Up;Q;227722
Key Up;Z;227796
Key Down;D;227818
Key Up;D;227983
Key Down;Q;228090
Key Down;Z;228229
Key Up;Z;228373
Key Up;Q;228447
Key Down;Z;228788
Key Up;Z;228942
Key Down;Z;229300
Key Down;Q;229369
Key Up;Q;229524
Key Up;Z;229711
Key Down;D;230250
Key Down;S;230309
Key Up;D;230410
Key Up;S;230479
Key Down;Z;231011
Key Down;Q;231032
Key Up;Q;231182
Key Up;Z;231230
Key Down;D;231678
Key Down;S;231726
Key Up;D;231811
Key Up;S;231854
Key Down;D;232307
Key Up;D;232579
Key Down;S;232692
Key Up;S;232830
Key Down;Q;233140
Key Up;Q;233300
Key Down;D;233427
Key Up;Gauche;233571
Key Down;Z;233725
Key Up;Z;234263
Key Up;D;234456
Key Down;S;234542
Key Down;Droite;234654
Key Down;D;234824
Key Up;Droite;235274
Key Up;S;235359
Key Down;Z;235994
Key Up;D;236132
Key Down;Q;236229
Key Up;Z;236372
Key Up;Q;236516
Key Down;E;236704
Key Down;Z;236777
Key Up;E;236857
Key Down;D;236948
Key Up;D;237509
Key Up;Z;237909
Key Down;Z;238233
Key Up;Z;238345
Key Down;S;238478
Key Down;Q;238984
Key Up;S;239230
Key Down;Z;239400
Key Up;Q;239491
Key Up;Z;239731
Key Down;S;239873
Key Down;Q;240167
Key Up;S;240311
Key Up;Q;240524
Key Down;D;240644
Key Up;D;240992
Key Down;Q;241938
Key Up;Q;242077
Key Down;D;242229
Key Down;S;242394
Key Up;D;242490
Key Down;Bas;242639
Key Up;S;242736
Key Down;D;242789
Key Down;Droite;242846
Key Up;Bas;242947
Key Up;D;242974
Key Down;Z;243054
Key Up;Z;243550
Key Down;S;243838
Key Down;D;244036
Key Up;D;244340
Key Up;S;244345
Key Down;D;244685
Key Down;S;244744
Key Up;S;244968
Key Up;D;245320
Key Down;Entrée;245630
Key Up;Entrée;245790
Key Down;D;245975
Key Up;D;246369
Key Down;Q;246583
Key Up;Q;246860
Key Down;Q;247058
Key Up;Q;247202
Key Down;Z;247442
Key Down;D;247469
Key Down;Bas;247639
Key Up;Droite;247815
Key Up;Z;248135
Key Down;Gauche;248316
Key Up;Bas;248492
Key Down;S;248625
Key Up;D;249035
Key Up;S;249040
Key Down;D;249371
Key Up;D;249584
Key Down;S;249882
Key Down;Haut;250122
Key Down;Q;250213
Key Up;Gauche;250513
Key Up;S;250561
Key Up;Q;250587
Key Down;Gauche;250618
Key Down;Z;250672
Key Down;D;250677
Key Up;Haut;250715
Key Up;Z;251008
Key Up;D;251040
Key Down;D;251317
Key Up;D;251456
Key Down;Z;251771
Key Down;Q;251999
Key Down;Droite;252111
Key Up;Gauche;252484
Key Up;Z;252526
Key Down;S;253007
Key Up;S;253284
Key Up;Q;253540
Key Down;D;253567
Key Down;Q;254197
Key Up;D;254202
Key Up;Q;254521
Key Down;D;254671
Key Up;D;254900
Key Down;Q;254926
Key Down;S;255059
Key Up;Q;255267
Key Down;D;255406
Key Down;Haut;255549
Key Up;S;255672
Key Up;Droite;255715
Key Down;Gauche;255784
Key Up;Haut;255945
Key Down;Z;256142
Key Up;D;256541
Key Up;Z;256712
Key Down;S;256926
Key Down;Q;256974
Key Up;S;257102
Key Down;S;257565
Key Down;Droite;257715
Key Up;Gauche;257779
Key Up;S;257853
Key Down;Z;257986
Key Up;Q;258029
Key Down;Q;258082
Key Up;Z;258168
Key Down;Z;258296
Key Up;Q;258322
Key Up;Z;258429
Key Down;Q;258595
Key Up;Q;258771
Key Down;D;258888
Key Down;S;259139
Key Down;Q;259144
Key Up;D;259182
Key Up;S;259262
Key Up;Q;259725
Key Down;D;259863
Key Down;S;260264
Key Down;Haut;260370
Key Up;Droite;260589
Key Up;S;260643
Key Down;Gauche;260723
Key Up;Haut;260883
Key Down;Z;260983
Key Up;Z;261302
Key Up;D;261425
Key Down;D;261665
Key Down;Z;261777
Key Up;D;261814
Key Up;Z;261942
Key Down;Q;261990
Key Up;Q;262134
Key Down;D;262284
Key Up;D;262625
Key Down;Z;262993
Key Up;Z;263239
Key Down;Q;263867
Key Down;S;263953
Key Up;S;264095
Key Up;Q;264127
Key Down;Q;264544
Key Down;Droite;264672
Key Down;S;264720
Key Up;Gauche;264885
Key Up;S;265173
Key Down;Z;265531
Key Up;Q;265866
Key Up;Z;265978
Key Down;D;266363
Key Up;D;266570
Key Down;Q;266725
Key Down;S;266810
Key Up;Q;266933
Key Up;S;266976
Key Down;D;267007
Key Up;D;267449
Key Down;Q;267796
Key Up;Q;268681
Key Down;S;268985
Key Down;Haut;269113
Key Down;D;269220
Key Up;S;269422
Key Up;D;269466
Key Up;Haut;269534
Key Down;Z;269566
Key Down;D;269839
Key Up;Z;269913
Key Down;S;270115
Key Down;Haut;270333
Key Up;Droite;270610
Key Up;S;270626
Key Down;Gauche;270812
Key Up;Haut;270930
Key Down;Z;270994
Key Up;Z;271303
Key Up;D;271319
Key Down;D;271917
Key Down;S;272050
Key Down;Q;272183
Key Up;D;272189
Key Up;S;272514
Key Up;Q;272520
Key Down;D;272541
Key Up;D;272722
Key Down;Q;272803
Key Up;Q;272920
Key Down;D;273110
Key Down;Z;273462
Key Up;D;273809
Key Up;Z;273963
Key Down;Z;274315
Key Down;Q;274347
Key Down;Bas;274427
Key Up;Gauche;274635
Key Up;Q;274737
Key Up;Z;274966
Key Down;Q;275430
Key Down;Droite;275590
Key Up;Bas;275729
Key Down;S;275825
Key Up;S;276224
Key Up;Q;276448
Key Down;D;276634
Key Up;D;276901
Key Down;Q;276960
Key Down;S;277269
Key Up;S;277381
Key Up;Q;277723
Key Down;Z;277893
Key Up;Z;277984
Key Down;Q;278123
Key Up;Q;278293
Key Down;D;278544
Key Up;D;278774
Key Down;Q;279073
Key Up;Q;279263
Key Down;S;279369
Key Down;D;279556
Key Down;Haut;279801
Key Up;Droite;280137
Key Up;S;280180
Key Down;Gauche;280569
Key Down;Z;280607
Key Up;Haut;280639
Key Up;D;280714
Key Down;Q;280879
Key Up;Q;281295
Key Up;Z;281359
Key Down;Q;281626
Key Up;Q;281775
Key Down;S;281978
Key Down;Q;282052
Key Up;S;282116
Key Down;D;282195
Key Up;Q;282216
Key Up;D;282354
Key Down;D;282552
Key Down;S;282659
Key Up;S;282765
Key Up;D;282909
Key Down;D;283069
Key Up;D;283624
Key Down;Q;283747
Key Up;Q;284579
Key Down;Q;284841
Key Down;Droite;284905
Key Up;Gauche;284964
Key Up;Q;285224
Key Down;D;285650
Key Down;Q;285943
Key Up;D;285948
Key Up;Q;286493
Key Down;D;286659
Key Up;D;287283
Key Down;Q;287421
Key Up;Q;287758
Key Down;Q;287966
Key Down;S;288002
Key Up;Q;288253
Key Down;D;288306
Key Down;Gauche;288333
Key Up;Droite;288391
Key Up;D;288503
Key Down;Q;288546
Key Up;Q;288748
Key Up;S;288753
Key Down;D;289388
Key Down;Droite;289772
Key Up;Gauche;289863
Key Up;D;290695
Key Down;Q;291128
Key Down;Gauche;291387
Key Up;Droite;291573
Key Down;Z;291670
Key Up;Q;291963
Key Up;Z;291989
Key Up;Gauche;292203
Key Down;D;292556
Key Down;Z;293116
Key Down;Haut;293212
Key Up;D;293282
Key Up;Z;293335
Key Down;S;294119
Key Down;D;294459
Key Up;S;294592
Key Up;Haut;294624
Key Down;Z;294731
Key Down;Q;294736
Key Up;D;294768
Key Up;Z;294928
Key Down;Gauche;295003
Key Down;Z;295541
Key Up;Z;295808
Key Down;Z;296006
Key Up;Q;296491
Key Up;Z;296667
Key Down;D;297030
Key Down;Bas;297216
Key Up;Gauche;297243
Key Down;S;297562
Key Up;D;297749
Key Up;S;297887
Key Up;Bas;297925
Key Down;Entrée;300315
Key Up;Entrée;300415
Key Down;Gauche;302416
Key Down;Droite;302773
Key Up;Gauche;302826
Key Down;D;303099
Key Up;D;304686
Key Down;D;305256
Key Up;D;305374
Key Down;Haut;305699
Key Down;D;305758
Key Up;Droite;305768
Key Up;D;305843
Key Down;Q;307089
Key Up;Haut;307185
Key Down;Bas;307223
Key Up;Q;307330
Key Down;S;309010
Key Up;Bas;309020
Key Up;S;309330
Key Down;E;309599
Key Down;Z;309694
Key Up;E;309763
Key Down;D;310004
Key Up;Z;310174
Key Up;D;310756
Key Down;Q;311328
Key Down;S;311546
Key Up;S;312357
Key Up;Q;312373
Key Down;Z;312527
Key Down;D;312543
Key Up;Z;312581
Key Up;D;312864
Key Down;Droite;312905
Key Down;Z;312953
Key Down;D;313017
Key Up;Z;313134
Key Down;Z;313321
Key Up;Z;313491
Key Up;D;313507
Key Down;D;314739
Key Up;Droite;315012
Key Down;Z;315252
Key Up;Z;315418
Key Up;D;315863
Key Down;Q;315953
Key Down;E;316011
Key Up;E;316176
Key Down;Z;316598
Key Up;Q;316902
Key Up;Z;316993
Key Down;S;317607
Key Down;D;317719
Key Up;S;318040
Key Down;Z;318375
Key Up;D;318482
Key Up;Z;318636
Key Down;D;318752
Key Down;Q;318982
Key Up;D;318987
Key Down;S;318993
Key Up;Q;319270
Key Down;D;319323
Key Down;Droite;319440
Key Up;S;319510
Key Up;D;320054
Key Down;D;320385
Key Up;D;320795
Key Down;D;321451
Key Up;D;321801
Key Down;D;322325
Key Up;D;322634
Key Down;Q;322932
Key Up;Q;323172
Key Down;Q;323481
Key Up;Q;323652
Key Down;Z;323909
Key Up;Z;324058
Key Down;D;324063
Key Down;Z;324202
Key Up;D;324245
Key Down;Q;324250
Key Up;Z;324495
Key Up;Q;325054
Key Down;Q;325379
Key Down;S;325502
Key Up;S;325657
Key Down;S;325859
Key Up;Q;325912
Key Up;S;326014
Key Down;Q;326206
Key Up;Q;326371
Key Down;S;326707
Key Down;Q;326792
Key Up;Q;326948
Key Up;S;327001
Key Down;Z;327213
Key Down;D;327320
Key Up;Z;327352
Key Up;D;327682
Key Down;Z;328273
Key Down;Q;328343
Key Up;Z;328374
Key Up;Q;328577
Key Down;Q;329063
Key Up;Q;329223
Key Down;Z;329393
Key Down;D;329591
Key Down;Bas;329628
Key Up;Z;329773
Key Up;Droite;329804
Key Down;Gauche;329836
Key Up;Bas;329890
Key Down;S;330076
Key Up;S;330407
Key Up;D;330439
Key Down;D;330667
Key Up;D;330934
Key Down;D;331163
Key Up;D;331424
Key Down;D;331654
Key Up;D;332054
Key Down;Z;332086
Key Up;Z;332209
Key Down;D;332310
Key Down;Z;332481
Key Up;D;332555
Key Up;Z;332609
Key Down;D;332828
Key Up;D;333035
Key Down;Q;333132
Key Up;Q;333419
Key Down;Q;333440
Key Down;S;333711
Key Up;S;333844
Key Up;Q;333935
Key Down;S;334255
Key Down;Q;334341
Key Up;S;334400
Key Up;Q;334538
Key Down;D;334772
Key Down;Z;335002
Key Up;D;335013
Key Down;Q;335104
Key Up;Q;335316
Key Down;D;335407
Key Up;Z;336016
Key Up;D;336165
Key Down;S;336357
Key Down;Q;336586
Key Up;S;336739
Key Up;Q;336814
Key Down;S;337342
Key Up;S;337460
Key Down;Q;337588
Key Up;Q;337700
Key Down;S;337993
Key Down;Q;338137
Key Up;Q;338265
Key Up;S;338270
Key Down;D;338505
Key Down;Z;338771
Key Up;Z;338889
Key Up;D;338943
Key Down;Q;339070
Key Up;Q;339385
Key Down;D;339604
Key Up;D;339783
Key Down;Q;339933
Key Up;Q;340104
Key Up;Gauche;340135
Key Down;Q;340312
Key Up;Q;340660
Key Down;D;341045
Key Down;Z;341269
Key Up;D;341456
Key Up;Z;341557
Key Down;D;342144
Key Down;Z;342385
Key Up;D;342448
Key Down;Q;342470
Key Up;Z;342528
Key Down;S;342815
Key Up;S;343146
Key Down;Z;343568
Key Up;Z;343908
Key Down;S;344133
Key Down;Gauche;344335
Key Up;S;344559
Key Down;Bas;345012
Key Down;S;345375
Key Up;Gauche;345439
Key Up;Q;346270
Key Up;S;346771
Key Down;S;347000
Key Down;Droite;347134
Key Up;Bas;347219
Key Down;D;347236
Key Up;S;347390
Key Up;D;347395
Key Down;Q;347513
Key Up;Q;347720
Key Down;Q;348046
Key Up;Q;348217
Key Down;S;348409
Key Up;S;348756
Key Down;Q;348809
Key Down;Haut;348941
Key Up;Q;348947
Key Down;D;349037
Key Up;Droite;349112
Key Down;S;349283
Key Up;D;349288
Key Down;D;349432
Key Up;S;349586
Key Up;D;349624
Key Down;Q;350050
Key Down;Droite;350077
Key Down;Z;350295
Key Up;Haut;350327
Key Up;Z;350498
Key Up;Q;350551
Key Down;Q;351015
Key Up;Q;351277
Key Down;Z;351470
Key Down;D;351528
Key Up;Z;351613
Key Up;D;351979
Key Down;Q;352107
Key Up;Q;352432
Key Down;D;352566
Key Down;S;352971
Key Down;Q;353057
Key Up;D;353062
Key Up;S;353163
Key Up;Q;353265
Key Down;Q;353409
Key Up;Q;353548
Key Down;S;353697
Key Down;D;353708
Key Up;D;353841
Key Down;Q;353899
Key Up;S;353905
Key Up;Q;354097
Key Down;D;354396
Key Up;D;354890
Key Down;Z;354906
Key Down;Q;354965
Key Up;Z;355029
Key Down;S;355279
Key Up;S;355445
Key Down;Z;355567
Key Up;Z;355802
Key Up;Q;355818
Key Down;S;355946
Key Up;S;356116
Key Down;Q;356368
Key Up;Q;356549
Key Down;Q;356650
Key Down;Z;356704
Key Up;Q;356923
Key Up;Z;356944
Key Down;Z;357435
Key Down;D;357568
Key Up;Z;357605
Key Down;S;358426
Key Up;S;358595
Key Up;D;358617
Key Down;Q;358921
Key Up;Q;359236
Key Down;Q;359396
Key Up;Q;359705
Key Down;D;359865
Key Down;Z;359966
Key Up;Z;360212
Key Up;D;360473
Key Down;Q;360730
Key Up;Q;360995
Key Down;Z;361101
Key Down;D;361325
Key Up;Z;361347
Key Up;D;361496
Key Down;Q;361518
Key Up;Q;361774
Key Down;D;361902
Key Down;Z;362072
Key Up;Z;362200
Key Up;D;362435
Key Down;Q;362557
Key Up;Q;362995
Key Down;Z;363064
Key Up;Z;363133
Key Down;Q;363554
Key Down;Z;363688
Key Up;Z;363876
Key Up;Q;363980
Key Down;D;364097
Key Down;Z;364444
Key Up;Z;364545
Key Up;D;364684
Key Down;S;364865
Key Down;Q;364994
Key Up;S;365047
Key Up;Q;365250
Key Down;Z;365319
Key Down;D;365457
Key Up;Z;365495
Key Down;Q;365660
Key Up;D;365665
Key Down;S;365900
Key Up;Q;366018
Key Down;D;366050
Key Up;S;366204
Key Down;S;366242
Key Up;S;366364
Key Up;D;366636
Key Down;Q;366668
Key Down;Gauche;366823
Key Up;Droite;366967
Key Down;S;367003
Key Up;S;367211
Key Down;Z;367376
Key Up;Z;367600
Key Down;Haut;367829
Key Up;Gauche;367883
Key Down;Z;368197
Key Up;Q;368234
Key Up;Z;368379
Key Down;S;368827
Key Down;Bas;368907
Key Up;Haut;368928
Key Up;S;369616
Key Down;Z;369824
Key Up;Z;370095
Key Down;D;370393
Key Down;Droite;370484
Key Up;Bas;370521
Key Down;S;370649
Key Up;D;370804
Key Down;Q;370820
Key Up;S;371039
Key Down;S;371178
Key Up;Q;371322
Key Down;D;371418
Key Up;S;371476
Key Up;Droite;371491
Key Down;Z;371572
Key Up;D;371577
Key Down;D;371732
Key Up;Z;371833
Key Up;D;372164
Key Down;Q;372169
Key Down;S;372591
Key Up;Q;372709
Key Up;S;372751
Key Down;D;372777
Key Down;Z;372868
Key Up;Z;373101
Key Down;Bas;373287
Key Down;S;373325
Key Up;S;373586
Key Down;S;373831
Key Up;D;373981
Key Up;S;374311
Key Down;Q;374946
Key Up;Q;375074
Key Down;Q;375634
Key Up;Q;375768
Key Down;Q;376097
Key Up;Q;376209
Key Down;Droite;376331
Key Down;Q;376417
Key Up;Bas;376545
Key Down;S;376710
Key Up;Q;376832
Key Up;S;376864
Key Down;D;376902
Key Up;D;377153
Key Down;Q;377479
Key Up;Q;377729
Key Down;S;378038
Key Down;Q;378065
Key Up;S;378182
Key Up;Q;378236
Key Down;D;378353
Key Up;D;378577
Key Down;S;378599
Key Down;Q;378652
Key Up;S;378753
Key Up;Q;378780
Key Down;D;378887
Key Up;D;379084
Key Down;Q;379702
Key Down;S;379974
Key Up;Q;380133
Key Down;D;380245
Key Up;S;380363
Key Down;Z;380555
Key Up;D;380565
Key Up;Z;380661
Key Down;Q;380891
Key Down;S;381130
Key Up;Q;381280
Key Down;D;381365
Key Up;S;381413
Key Down;Z;381626
Key Up;Z;381728
Key Down;S;381904
Key Up;Droite;382053
Key Down;Haut;382085
Key Up;S;382206
Key Up;D;382516
Key Down;D;382863
Key Down;Gauche;382970
Key Up;Haut;383023
Key Down;Z;383039
Key Up;D;383306
Key Up;Z;383386
Key Down;D;384703
Key Down;S;384852
Key Up;Gauche;384943
Key Up;D;385225
Key Down;Q;385230
Key Up;S;385246
Key Up;Q;385358
Key Down;Z;385373
Key Down;D;385635
Key Up;D;385913
Key Down;Q;386084
Key Down;Gauche;386126
Key Up;Z;386206
Key Up;Q;386265
Key Down;S;386681
Key Down;Q;386686
Key Up;S;386755
Key Up;Q;386841
Key Down;D;386911
Key Up;D;387043
Key Down;D;387230
Key Down;Z;387380
Key Up;D;387487
Key Up;Z;387588
Key Down;Q;387652
Key Down;S;387769
Key Up;Q;387897
Key Up;S;387988
Key Down;D;388328
Key Down;Z;388499
Key Up;D;388541
Key Up;Z;388733
Key Down;Q;388765
Key Down;S;388861
Key Up;Q;389139
Key Up;S;389144
Key Down;Z;389245
Key Down;Q;389565
Key Up;Z;389613
Key Up;Gauche;389640
Key Down;S;390717
Key Up;Q;390904
Key Down;Q;391249
Key Up;Q;391447
Key Down;D;391570
Key Up;S;391718
Key Down;Z;392305
Key Up;D;392407
Key Down;Q;392411
Key Up;Z;392476
Key Down;Z;393111
Key Up;Z;393442
Key Down;Gauche;393996
Key Up;Q;394012
Key Down;Q;394198
Key Up;Q;394763
Key Down;Q;395158
Key Up;Q;395547
Key Down;D;396037
Key Up;D;396181
Key Down;D;396517
Key Up;D;396587
Key Down;Q;396742
Key Up;Q;396928
Key Down;Espace;397141
Key Up;Espace;397326
Key Down;Q;399204
Key Down;Z;399231
Key Up;Z;399716
Key Up;Q;400153
Key Down;Z;400287
Key Up;Z;400435
Key Down;Q;400536
Key Down;Bas;400637
Key Down;S;400722
Key Up;Gauche;400786
Key Up;Q;400803
Key Up;S;401506
Key Down;D;401986
Key Down;Droite;402088
Key Down;S;402104
Key Up;Bas;402211
Key Up;S;402269
Key Up;D;403383
Key Down;Q;403446
Key Down;Z;404865
Key Up;Q;404957
Key Down;D;405015
Key Up;Droite;405031
Key Up;Z;405490
Key Down;Z;405778
Key Down;Droite;406066
Key Up;Z;406151
Key Down;Z;406731
Key Up;Z;406875
Key Up;D;406987
Key Down;S;407121
Key Down;D;407244
Key Up;S;407403
Key Down;Z;407510
Key Up;Z;407553
Key Down;S;407692
Key Up;S;408305
Key Down;Bas;408588
Key Down;S;408700
Key Up;Droite;408780
Key Up;S;409164
Key Down;S;409498
Key Up;S;409738
Key Down;Droite;409807
Key Up;Bas;409860
Key Down;Z;410202
Key Up;Z;410928
Key Up;D;411376
Key Down;D;411637
Key Up;D;412096
Key Down;Q;412400
Key Up;Q;412633
Key Down;D;412809
Key Up;D;413033
Key Down;Q;413336
Key Down;Bas;413358
Key Up;Droite;413368
Key Up;Q;413485
Key Down;Q;413667
Key Up;Q;413758
Key Down;Q;414355
Key Up;Q;414574
Key Down;Droite;415197
Key Up;Bas;415363
Key Down;D;415714
Key Up;D;416163
Key Down;D;416397
Key Down;Gauche;416915
Key Up;D;416963
Key Up;Droite;417064
Key Down;D;417214
Key Down;Bas;417384
Key Up;Gauche;417518
Key Up;D;417634
Key Down;Q;417720
Key Up;Q;417880
Key Down;D;418029
Key Up;Bas;418082
Key Down;Haut;418227
Key Up;D;418339
Key Down;Q;419543
Key Up;Q;419708
Key Down;Z;419932
Key Down;Gauche;419980
Key Up;Haut;420060
Key Down;Q;420082
Key Up;Z;420535
Key Up;Q;421121
Key Down;Q;421829
Key Down;S;421995
Key Down;Bas;422235
Key Up;Bas;422358
Key Down;Haut;422502
Key Up;Gauche;422512
Key Up;S;422560
Key Up;Q;422678
Key Down;Q;422811
Key Up;Q;422992
Key Down;S;423109
Key Up;S;423312
Key Down;Z;424450
Key Up;Haut;424459
Key Down;Q;424543
Key Up;Z;424661
Key Down;Gauche;425066
Key Down;S;425466
Key Up;Gauche;425711
Key Down;Bas;425775
Key Up;S;425941
Key Down;S;426126
Key Up;Q;426709
Key Down;Q;426975
Key Up;Q;427183
Key Up;S;427311
Key Down;Z;428205
Key Down;Q;428291
Key Up;Bas;428301
Key Up;Z;428638
Key Up;Q;429550
Key Down;Q;429772
Key Down;Z;429986
Key Up;Z;430758
Key Down;D;430822
Key Up;Q;430864
Key Down;S;431195
Key Up;S;431648
Key Down;S;431931
Key Up;D;432028
Key Down;Q;432064
Key Up;S;432171
Key Down;Bas;432523
Key Up;Q;432587
Key Down;D;433585
Key Up;Bas;434074
Key Down;S;434090
Key Up;D;434095
Key Up;S;434426
Key Down;Bas;434535
Key Down;Q;434551
Key Down;S;434557
Key Up;Q;434695
Key Up;S;435101
Key Down;Q;435719
Key Down;Gauche;435852
Key Up;Bas;435863
Key Down;S;436018
Key Up;Q;436167
Key Up;S;436183
Key Down;D;436678
Key Down;S;436874
Key Up;D;436917
Key Up;S;437019
Key Down;Z;437398
Key Down;Q;437606
Key Down;Droite;437659
Key Up;Gauche;437712
Key Up;Z;437905
Key Down;S;438149
Key Up;S;438325
Key Up;Q;438331
Key Down;S;438945
Key Down;Q;439089
Key Up;S;439147
Key Down;S;439291
Key Up;Q;439329
Key Down;Haut;439414
Key Down;D;439440
Key Up;Droite;439478
Key Up;S;439754
Key Up;D;439871
Key Down;S;440079
Key Down;Q;440159
Key Up;Q;440356
Key Down;D;440447
Key Up;S;440527
Key Up;D;440949
Key Down;D;441481
Key Up;D;441785
Key Down;Gauche;442052
Key Down;D;442068
Key Up;Haut;442079
Key Up;D;442329
Key Down;D;442591
Key Down;Z;442733
Key Up;D;442834
Key Up;Z;442968
Key Down;D;443347
Key Up;D;443549
Key Down;Q;443843
Key Up;Q;444019
Key Down;Q;444313
Key Up;Q;444578
Key Down;D;444686
Key Up;D;445251
Key Down;Q;445331
Key Down;Bas;445853
Key Up;Gauche;445933
Key Down;Z;446162
Key Up;Q;446248
Key Up;Bas;446327
Key Up;Z;446424
Key Down;S;447001
Key Up;S;447284
Key Down;S;448098
Key Down;D;448205
Key Up;S;448257
Key Down;Z;448396
Key Up;D;448476
Key Down;Q;448695
Key Up;Z;448821
Key Up;Q;449066
Key Down;S;449111
Key Down;Bas;449176
Key Down;D;449309
Key Up;S;449432
Key Up;D;449533
Key Down;Q;449858
Key Up;Q;449997
Key Down;S;450013
Key Down;D;450211
Key Up;D;450396
Key Up;S;450536
Key Up;Bas;450787
Key Down;Bas;451179
Key Down;Z;451548
Key Up;Z;451681
Key Down;Q;452068
Key Up;Q;452244
Key Down;D;452484
Key Up;D;452650
Key Down;D;453098
Key Down;Gauche;453183
Key Up;Bas;453269
Key Down;S;453408
Key Up;S;453578
Key Up;D;453669
Key Down;D;453999
Key Up;D;454117
Key Down;S;454272
Key Down;D;454367
Key Down;Haut;454543
Key Up;Gauche;454768
Key Up;D;454800
Key Down;Q;454867
Key Up;Q;455118
Key Up;S;455193
Key Down;S;455689
Key Down;Q;455758
Key Up;S;455987
Key Down;Droite;456089
Key Up;Haut;456190
Key Down;Z;456207
Key Up;Z;456345
Key Down;Z;456563
Key Up;Z;456692
Key Up;Q;456761
Key Down;Q;457300
Key Up;Q;457513
Key Down;Z;457759
Key Down;Q;457838
Key Up;Z;457906
Key Up;Q;457997
Key Down;Q;458354
Key Up;Q;458525
Key Down;D;458978
Key Up;D;459122
Key Down;Q;459426
Key Down;S;459570
Key Up;Q;459655
Key Up;S;459724
Key Down;Q;460215
Key Down;Z;460274
Key Up;Q;460360
Key Up;Z;460428
Key Down;D;461024
Key Down;Bas;461068
Key Up;Droite;461152
Key Down;Z;461169
Key Up;D;461184
Key Up;Z;461328
Key Down;Z;461516
Key Up;Z;461653
Key Down;Z;462172
Key Down;D;462476
Key Up;Z;462599
Key Up;D;462662
Key Down;Q;462838
Key Up;Q;462940
Key Down;D;463196
Key Down;S;463280
Key Up;S;463788
Key Down;S;464048
Key Up;D;464202
Key Up;S;464320
Key Down;Q;464404
Key Up;Q;464532
Key Down;S;464640
Key Up;S;464820
Key Down;Z;465013
Key Down;Droite;465055
Key Up;Bas;465152
Key Down;D;465211
Key Up;Z;465925
Key Up;D;465930
Key Down;Q;466405
Key Down;S;466463
Key Up;Q;466640
Key Up;S;466656
Key Down;Z;466991
Key Down;D;467124
Key Up;Z;467140
Key Up;D;467322
Key Down;Q;467412
Key Down;S;467610
Key Down;Bas;467631
Key Up;Droite;467642
Key Up;Q;467924
Key Down;Q;468212
Key Up;S;468452
Key Up;Bas;468633
Key Down;Gauche;468713
Key Down;Z;468740
Key Up;Z;469295
Key Up;Q;469759
Key Down;Q;469957
Key Up;Q;470280
Key Down;Q;470424
Key Down;Z;470643
Key Up;Z;470835
Key Up;Q;470878
Key Down;D;470984
Key Up;D;471246
Key Down;Z;471416
Key Down;Q;471496
Key Up;Z;471566
Key Up;Q;471688
Key Down;D;471907
Key Down;Z;472157
Key Up;D;472323
Key Up;Z;472334
Key Down;S;472686
Key Up;S;472814
Key Down;S;473553
Key Down;Haut;473910
Key Down;Q;473996
Key Up;Gauche;474086
Key Down;Droite;474284
Key Up;S;474375
Key Up;Haut;474386
Key Down;Z;475084
Key Up;Z;475367
Key Up;Q;475394
Key Down;Z;475660
Key Down;D;475698
Key Down;Bas;475788
Key Down;Gauche;475863
Key Up;Droite;475948
Key Up;Bas;476049
Key Up;Z;476331
Key Up;D;476816
Key Down;D;476955
Key Up;D;477190
Key Down;D;477404
Key Up;D;477548
Key Down;D;477745
Key Down;S;477809
Key Down;Q;478182
Key Up;D;478198
Key Down;Bas;478262
Key Up;Gauche;478320
Key Up;S;478438
Key Down;Z;478897
Key Up;Q;479156
Key Up;Z;479220
Key Down;S;479354
Key Down;Q;479578
Key Up;Q;479695
Key Down;D;479887
Key Up;D;480041
Key Up;Bas;480143
Key Up;S;480517
Key Down;Entrée;480884
Key Up;Entrée;481006
Key Down;Bas;481232
Key Down;Q;481776
Key Up;Q;481915
Key Down;D;488460
Key Down;Gauche;488642
Key Up;Bas;488674
Key Up;D;489500
Key Down;D;489569
Key Down;S;489714
Key Down;Haut;489836
Key Up;D;489842
Key Up;Gauche;489997
Key Up;S;490588
Key Down;S;490620
Key Up;S;490808
Key Down;Q;491133
Key Up;Q;491270
Key Down;Z;491681
Key Up;Z;491857
Key Down;Z;492406
Key Down;Q;492476
Key Up;Z;492603
Key Up;Q;492806
Key Down;Z;493083
Key Up;Z;493244
Key Down;Q;493392
Key Up;Q;493451
Key Down;D;493654
Key Up;D;493824
Key Down;Gauche;493883
Key Down;Q;493921
Key Up;Haut;494011
Key Down;S;494265
Key Up;S;494479
Key Up;Q;494532
Key Down;D;494676
Key Up;D;495204
Key Down;D;495365
Key Up;D;495573
Key Down;D;495743
Key Down;S;495914
Key Down;Haut;495988
Key Up;D;496025
Key Down;Q;496224
Key Up;Gauche;496261
Key Up;S;496452
Key Down;Droite;496543
Key Up;Q;496645
Key Down;Q;497018
Key Up;Droite;497028
Key Up;Q;497141
Key Down;Q;497523
Key Up;Q;497715
Key Down;D;497907
Key Up;D;498104
Key Down;Q;498184
Key Up;Q;498425
Key Down;Z;498813
Key Up;Z;499108
Key Down;Droite;499581
Key Down;Z;499608
Key Down;Q;499613
Key Up;Q;499773
Key Up;Haut;499784
Key Up;Z;499805
Key Down;Q;500104
Key Up;Q;500289
Key Down;D;500449
Key Up;D;500817
Key Down;Q;500882
Key Up;Q;501382
Key Down;S;501452
Key Down;Haut;501559
Key Up;Droite;501617
Key Down;D;501958
Key Up;D;502093
Key Up;S;502215
Key Down;S;502546
Key Down;Q;502861
Key Down;Droite;502945
Key Up;S;502972
Key Up;Q;503126
Key Down;D;503322
Key Up;D;503579
Key Down;Z;503718
Key Up;Droite;503834
Key Up;Z;504016
Key Down;Droite;504053
Key Up;Haut;504127
Key Down;Z;504437
Key Up;Z;504576
Key Down;D;504805
Key Up;D;504986
Key Down;Q;505040
Key Up;Q;505408
Key Down;D;505601
Key Up;D;506005
Key Down;Q;506101
Key Up;Q;506564
Key Down;Q;506741
Key Up;Q;506949
Key Down;Q;507077
Key Down;Z;507258
Key Up;Q;507359
Key Down;Bas;507386
Key Up;Droite;507524
Key Down;D;507589
Key Up;D;507690
Key Up;Z;507887
Key Down;Q;508265
Key Down;S;508351
Key Down;Droite;508409
Key Up;Q;508511
Key Up;Bas;508617
Key Down;D;508708
Key Up;S;508905
Key Up;D;509055
Key Down;D;509236
Key Up;D;509603
Key Down;D;509838
Key Up;D;510072
Key Down;Q;510158
Key Up;Q;510403
Key Down;Q;510531
Key Up;Q;510675
Key Down;Q;510819
Key Up;Q;511022
Key Down;Q;511220
Key Up;Q;511443
Key Down;Q;511598
Key Up;Q;511774
Key Down;Z;512030
Key Down;Bas;512073
Key Down;D;512217
Key Up;Droite;512318
Key Up;D;512423
Key Up;Z;512476
Key Down;Q;512498
Key Down;Droite;512519
Key Up;Bas;512610
Key Down;S;512626
Key Up;Q;512743
Key Down;D;512850
Key Up;S;512978
Key Up;D;513154
Key Down;Z;513314
Key Up;Z;513431
Key Down;D;513554
Key Up;D;513746
Key Down;S;513959
Key Down;D;514055
Key Up;S;514226
Key Up;D;514311
Key Down;Q;514338
Key Down;Haut;514536
Key Up;Droite;514609
Key Down;Z;514775
Key Up;Q;514914
Key Up;Z;515047
Key Down;Q;515346
Key Up;Q;515425
Key Down;D;515584
Key Up;D;515755
Key Down;Z;516027
Key Up;Z;516150
Key Down;Espace;516597
Key Up;Espace;516773
Key Down;Q;516869
Key Down;S;516912
Key Up;Q;517040
Key Down;Droite;517333
Key Up;Haut;517568
Key Down;D;518139
Key Up;S;518384
Key Down;Bas;518665
Key Down;S;518718
Key Up;D;518809
Key Up;Droite;518836
Key Down;D;519044
Key Up;S;519070
Key Up;Bas;519193
Key Up;D;519369
Key Down;Z;519450
Key Down;Q;519472
Key Up;Z;519525
Key Down;Z;519669
Key Up;Z;519807
Key Up;Q;519829
Key Down;Bas;520186
Key Down;S;520250
Key Up;S;520400
Key Down;D;520420
Key Up;D;520522
Key Down;Q;521487
Key Up;Q;521592
Key Down;S;521630
Key Up;S;522003
Key Down;Gauche;522718
Key Down;S;522733
Key Up;Bas;522787
Key Down;Q;522819
Key Up;S;522968
Key Up;Q;523006
Key Down;D;523976
Key Down;Droite;524072
Key Up;Gauche;524147
Key Up;D;524206
Key Down;Z;525362
Key Up;Droite;525559
Key Down;Q;525580
Key Up;Q;525692
Key Down;D;525922
Key Up;D;526130
Key Up;Z;526172
Key Down;D;526273
Key Down;Haut;526294
Key Down;Z;526566
Key Up;D;526646
Key Down;Droite;526731
Key Up;Haut;526742
Key Down;D;526944
Key Up;Z;527382
Key Up;D;527387
Key Down;D;527684
Key Up;D;527844
Key Down;D;528346
Key Up;D;528570
Key Down;Z;529065
Key Up;Z;529199
Key Down;Z;530042
Key Down;Haut;530116
Key Up;Droite;530164
Key Down;Q;530367
Key Up;Q;530463
Key Up;Z;530558
Key Down;Q;530984
Key Down;Z;531123
Key Up;Haut;531144
Key Up;Z;531373
Key Up;Q;531608
Key Down;Tab;531729
Key Up;Tab;533137
Key Down;Q;533253
Key Down;Z;533477
Key Up;Q;533754
Key Down;D;534628
Key Up;Z;534788
Key Down;Droite;535049
Key Down;S;535311
Key Up;S;535412
Key Up;Droite;536190
Key Down;Haut;536425
Key Down;Z;536446
Key Up;D;537219
Key Up;Haut;537230
Key Down;Q;538339
Key Up;Z;538371
Key Down;S;538494
Key Up;S;538819
Key Down;Z;538989
Key Up;Q;539144
Key Down;D;539288
Key Up;D;539745
Key Down;D;540188
Key Up;D;540406
Key Down;D;540737
Key Up;D;540913
Key Down;Q;541073
Key Up;Q;541249
Key Down;D;541654
Key Up;Z;542177
Key Down;Z;542647
Key Up;Z;543040
Key Down;Bas;543877
Key Up;Bas;543972
Key Down;Bas;544107
Key Up;Bas;544191
Key Down;Bas;544298
Key Up;Bas;544389
Key Down;Bas;544485
Key Up;Bas;544587
Key Down;Bas;544677
Key Up;Bas;544794
Key Down;Bas;544890
Key Up;Bas;544991
Key Down;Bas;545088
Key Up;Bas;545184
Key Down;Bas;545274
Key Up;Bas;545365
Key Down;Droite;545908
Key Up;D;545972
Key Down;D;546249
Key Up;D;546399
Key Down;Haut;546462
Key Up;Droite;546473
Key Down;Z;546873
Key Up;Z;546985
Key Down;D;547647
Key Up;Haut;547950
Key Up;D;548153
Key Down;Q;548176
Key Up;Q;548603
Key Down;D;548815
Key Up;D;549066
Key Down;D;549797
Key Down;S;549893
Key Up;D;549946
Key Down;Q;550011
Key Up;S;550048
Key Up;Q;550218
Key Down;A;550871
Key Up;A;551005
Key Down;D;551143
Key Down;Z;551351
Key Up;D;551420
Key Down;Q;551495
Key Up;Z;551506
Key Up;Q;551776
Key Down;D;551838
Key Down;Z;552223
Key Up;Z;552511
Key Down;Q;552521
Key Up;D;552527
Key Down;S;552692
Key Up;Q;552751
Key Down;D;552975
Key Up;S;553012
Key Down;Z;553129
Key Up;Z;553422
Key Down;S;553561
Key Up;D;553663
Key Down;Q;553972
Key Up;Q;554110
Key Down;Q;554270
Key Up;S;554430
Key Down;Z;554877
Key Up;Q;554999
Key Up;Z;555143
Key Down;Q;555300
Key Down;Z;555571
Key Up;Q;555651
Key Down;D;555700
Key Up;Z;555705
Key Up;D;555801
Key Down;Q;555871
Key Down;Z;556164
Key Up;Z;556292
Key Down;Gauche;556394
Key Down;Bas;557912
Key Up;Gauche;558605
Key Up;Bas;558627
Key Down;Z;559118
Key Up;Q;559245
Key Down;Q;559422
Key Up;Z;559491
Key Down;Haut;559715
Key Down;Z;559933
Key Up;Q;560275
Key Up;Z;560653
Key Down;Q;560902
Key Up;Haut;560918
Key Down;Z;561009
Key Up;Z;561366
Key Up;Q;561734
Key Down;Z;562010
Key Down;D;562309
Key Up;D;562506
Key Up;Z;562527
Key Down;E;562616
Key Up;E;562754
Key Down;D;562836
Key Up;D;563737
Key Down;Q;564103
Key Down;Z;565223
Key Up;Z;565325
Key Up;Q;565394
Key Down;D;565405
Key Down;Bas;565692
Key Down;S;565730
Key Up;S;566002
Key Down;S;566231
Key Up;D;566317
Key Up;Bas;567665
Key Down;Q;567686
Key Up;S;567894
Key Down;S;568401
Key Up;Q;568710
Key Down;D;568983
Key Up;S;569318
Key Down;S;569793
Key Up;D;569873
Key Down;Q;570672
Key Up;Q;570799
Key Down;D;570959
Key Up;D;571088
Key Down;Q;572426
Key Up;S;572555
Key Down;S;572789
Key Up;Q;572880
Key Down;D;573097
Key Up;D;573507
Key Down;Q;574126
Key Down;Gauche;574596
Key Up;S;574633
Key Up;Gauche;575763
Key Down;S;575934
Key Down;Bas;576044
Key Up;Q;576594
Key Up;Bas;577394
Key Up;S;577592
Key Down;Z;577707
Key Up;Z;578336
Key Down;Entrée;579546
Key Up;Entrée;579631
Key Down;Entrée;582234
Key Up;Entrée;582357
Key Down;Droite;584903
Key Down;Z;584945
Key Up;Z;585221
Key Down;D;585296
Key Up;D;585824
Key Down;D;586065
Key Up;D;586811
Key Down;D;587152
Key Up;D;587569
Key Down;Q;588212
Key Up;Q;588644
Key Down;S;588841
Key Down;D;588937
Key Up;S;588991
Key Up;D;589135
Key Down;Z;589700
Key Up;Z;589919
Key Down;S;590191
Key Up;S;590399
Key Down;Z;590521
Key Up;Z;590676
Key Down;S;590922
Key Down;D;590954
Key Down;Haut;591044
Key Up;S;591109
Key Up;Droite;591165
Key Up;D;591998
Key Down;Q;592648
Key Up;Q;592739
Key Down;Q;592803
Key Up;Haut;593203
Key Up;Q;593459
Key Down;D;593577
Key Up;D;593982
Key Down;Q;594503
Key Down;D;595031
Key Up;Q;595058
Key Down;Q;595954
Key Up;D;595959
Key Down;Gauche;596044
Key Down;Haut;598113
Key Down;Z;598353
Key Up;Gauche;598433
Key Up;Q;598545
Key Up;Z;599185
Key Down;Z;599591
Key Down;Q;600134
Key Down;Droite;600182
Key Up;Z;600198
Key Up;Haut;600266
Key Up;Q;600528
Key Down;S;600747
Key Down;Q;600869
Key Up;S;600991
Key Up;Q;601317
Key Down;Z;601461
Key Down;D;601557
Key Up;Z;601600
Key Up;D;601712
Key Down;Q;601802
Key Up;Q;602090
Key Down;D;602229
Key Down;S;602512
Key Down;Bas;602715
Key Up;Droite;602896
Key Up;D;603390
Key Up;S;604900
Key Down;Z;605870
Key Up;Z;606083
Key Down;D;608540
Key Up;D;608663
Key Down;Q;610352
Key Up;Q;610523
Key Down;Z;611019
Key Up;Z;611174
Key Down;Q;611616
Key Up;Q;611744
Key Down;Q;611888
Key Up;Q;612027
Key Down;D;612563
Key Up;D;612665
Key Down;Q;613033
Key Down;Droite;613139
Key Up;Bas;613289
Key Up;Q;613342
Key Down;Q;613486
Key Down;S;613534
Key Up;S;613801
Key Up;Q;613817
Key Down;S;614174
Key Up;S;614361
Key Down;S;614878
Key Down;D;614889
Key Up;D;615012
Key Up;S;615017
Key Down;Z;615294
Key Down;D;615348
Key Up;Z;615442
Key Up;D;615511
Key Down;Q;615767
Key Down;Z;615794
Key Up;Q;616029
Key Up;Z;616077
Key Down;D;616621
Key Up;D;616855
Key Down;Z;617042
Key Up;Z;617213
Key Down;Q;617469
Key Down;S;617693
Key Up;Q;617736
Key Down;D;617890
Key Up;S;618433
Key Up;D;618470
Key Down;Z;619547
Key Up;Z;619750
Key Down;Q;620161
Key Up;Q;620353
Key Down;D;620502
Key Up;D;620886
Key Down;Q;620977
Key Up;Q;621323
Key Down;D;621465
Key Down;S;621572
Key Up;D;621674
Key Up;S;621748
Key Down;D;621893
Key Up;D;622026
Key Down;Q;622159
Key Up;Q;622361
Key Down;D;622638
Key Down;Z;622767
Key Up;Z;623135
Key Up;D;623231
Key Down;Q;623279
Key Up;Q;623764
Key Down;D;624159
Key Down;S;624383
Key Up;S;624525
Key Up;D;624803
Key Down;S;625368
Key Up;Droite;625458
Key Down;Q;625571
Key Up;Q;625682
Key Up;S;625714
Key Down;Z;626482
Key Down;Q;626648
Key Up;Q;626957
Key Up;Z;627143
Key Down;A;627504
Key Up;A;627616
Key Down;Q;627737
Key Down;S;627779
Key Up;Q;627875
Key Down;D;628147
Key Up;S;628222
Key Down;Z;628371
Key Up;D;628409
Key Down;D;628792
Key Up;D;628889
Key Down;Droite;629262
Key Down;D;629513
Key Up;Z;629837
Key Down;Z;630136
Key Up;Z;630237
Key Down;S;630551
Key Up;S;630641
Key Up;D;631036
Key Down;D;631286
Key Up;D;633234
Key Down;D;633574
Key Up;D;633691
Key Down;Q;634021
Key Up;Q;634240
Key Down;Z;634293
Key Up;Z;634501
Key Down;Z;634661
Key Up;Z;634778
Key Down;S;635077
Key Up;S;635189
Key Down;Z;635376
Key Down;D;635552
Key Up;Z;635600
Key Up;D;635717
Key Down;Q;636122
Key Up;Q;636341
Key Down;Q;636868
Key Down;S;637006
Key Up;Q;637315
Key Down;Haut;637341
Key Up;Droite;637758
Key Down;D;637950
Key Down;Droite;638185
Key Up;D;638404
Key Up;Haut;638473
Key Up;S;638537
Key Down;D;639017
Key Up;Droite;639751
Key Down;S;639762
Key Up;S;639890
Key Up;D;640162
Key Down;Q;640454
Key Up;Q;640577
Key Down;D;640680
Key Down;Z;640813
Key Up;D;640935
Key Down;Q;640967
Key Up;Z;641106
Key Down;S;641580
Key Up;Q;642162
Key Down;Bas;642221
Key Down;D;642279
Key Up;D;643217
Key Up;S;643393
Key Down;S;644070
Key Down;Q;644177
Key Up;S;644193
Key Down;Gauche;644214
Key Up;Bas;644251
Key Down;S;644598
Key Up;S;644742
Key Up;Q;644758
Key Down;Z;645398
Key Up;Z;645488
Key Down;S;645695
Key Down;D;645791
Key Up;Gauche;645908
Key Down;Q;646004
Key Up;S;646009
Key Up;D;646015
Key Down;Z;646303
Key Up;Q;646489
Key Down;D;646687
Key Up;Z;646788
Key Down;Droite;646815
Key Down;S;647151
Key Up;S;647348
Key Up;D;648020
Key Down;S;648372
Key Down;Q;648575
Key Up;S;648633
Key Up;Q;648738
Key Down;D;648744
Key Up;Droite;648776
Key Down;Z;648914
Key Up;D;649155
Key Down;D;649384
Key Up;Z;649421
Key Down;Q;649458
Key Up;D;649480
Key Down;S;649565
Key Up;Q;649741
Key Up;S;649821
Key Down;Q;649936
Key Down;Z;650102
Key Down;Bas;650187
Key Up;Z;650235
Key Down;S;650470
Key Up;Q;650587
Key Down;Q;650817
Key Up;Q;650988
Key Up;S;652052
Key Down;Z;652702
Key Up;Z;652852
Key Down;D;654106
Key Down;Gauche;654281
Key Up;Bas;654340
Key Down;S;654612
Key Up;S;654851
Key Up;D;654867
Key Down;S;655112
Key Down;D;655197
Key Up;D;655421
Key Up;Gauche;655517
Key Down;Haut;655539
Key Down;Q;655560
Key Up;Q;655768
Key Down;Q;655960
Key Up;S;656195
Key Down;Droite;656355
Key Up;Haut;656504
Key Down;Z;656808
Key Up;Z;656962
Key Up;Q;657069
Key Down;Q;657234
Key Down;Z;657341
Key Up;Z;657495
Key Up;Q;657597
Key Down;Q;657954
Key Down;Z;657959
Key Up;Z;658092
Key Up;Q;658140
Key Down;D;658519
Key Down;S;658759
Key Down;Haut;659067
Key Down;Gauche;659142
Key Up;Haut;659227
Key Up;Droite;659249
Key Up;S;659361
Key Down;Z;659537
Key Up;D;659607
Key Up;Z;659697
Key Down;Q;660124
Key Up;Q;660246
Key Down;D;660620
Key Up;D;661130
Key Down;Q;661226
Key Down;S;661428
Key Up;S;661605
Key Up;Q;661728
Key Down;D;661738
Key Up;D;662367
Key Down;Q;662410
Key Down;S;662586
Key Up;S;662730
Key Up;Q;662890
Key Down;D;663301
Key Down;Z;663456
Key Up;D;663536
Key Up;Z;663600
Key Down;D;663962
Key Up;D;664202
Key Down;Q;664330
Key Up;Q;664564
Key Down;Q;664991
Key Down;S;665071
Key Up;S;665225
Key Up;Q;665279
Key Down;Q;665790
Key Down;Droite;666015
Key Up;Gauche;666046
Key Down;Z;666399
Key Up;Q;666447
Key Up;Z;666580
Key Down;Q;666799
Key Up;Q;666942
Key Down;Q;667086
Key Down;Z;667149
Key Up;Q;667245
Key Down;Bas;667293
Key Down;D;667463
Key Up;Droite;667496
Key Up;Z;667714
Key Up;D;667719
Key Down;Q;667907
Key Down;S;668035
Key Up;Q;668072
Key Up;S;668195
Key Down;D;668504
Key Up;D;668664
Key Down;D;668931
Key Up;D;669149
Key Down;Q;669608
Key Up;Q;669709
Key Down;D;670534
Key Up;D;670603
Key Down;Q;670977
Key Up;Q;671180
Key Down;Q;671729
Key Up;Q;671888
Key Down;Z;672359
Key Down;D;672486
Key Up;Bas;672524
Key Down;Droite;672545
Key Up;Z;672604
Key Up;D;673220
Key Down;Q;673439
Key Up;Q;673588
Key Down;D;673861
Key Up;D;673999
Key Down;Q;674020
Key Up;Droite;674463
Key Up;Q;674469
Key Down;D;674611
Key Down;S;674691
Key Up;D;674882
Key Down;D;675219
Key Up;S;675245
Key Up;D;675427
Key Down;Q;675610
Key Down;S;675685
Key Up;Q;675722
Key Down;Bas;675844
Key Up;S;676269
Key Down;S;676797
Key Up;Bas;677309
Key Up;S;677379
Key Down;Q;677402
Key Up;Q;677631
Key Down;Q;678082
Key Up;Q;678429
Key Down;D;678634
Key Down;S;678795
Key Up;D;678955
Key Down;Q;679022
Key Up;S;679140
Key Up;Q;679289
Key Down;Z;679328
Key Down;Q;679754
Key Up;Q;679962
Key Up;Z;679995
Key Down;Droite;680035
Key Down;D;680462
Key Up;D;680590
Key Down;Q;680942
Key Up;Q;681113
Key Down;D;681273
Key Up;D;681838
Key Down;Q;681971
Key Up;Q;682103
Key Down;D;682365
Key Down;S;682551
Key Down;Bas;682572
Key Up;D;682578
Key Up;Droite;682679
Key Down;D;682754
Key Up;D;682871
Key Down;Q;682956
Key Up;S;683004
Key Down;Gauche;683052
Key Up;Bas;683079
Key Down;Z;683276
Key Up;Z;683634
Key Down;S;683783
Key Up;S;683895
Key Down;S;684077
Key Up;S;684236
Key Up;Q;684583
Key Down;Q;684988
Key Down;S;685701
Key Up;S;685909
Key Up;Q;686303
Key Down;D;686469
Key Down;S;686843
Key Up;S;686992
Key Up;D;687141
Key Down;D;687237
Key Down;Z;687338
Key Up;Z;687450
Key Down;Z;687530
Key Down;Bas;687583
Key Up;D;687770
Key Up;Gauche;687867
Key Down;Q;687888
Key Up;Z;688053
Key Up;Q;688104
Key Down;Q;688307
Key Down;Droite;688328
Key Up;Bas;688467
Key Down;S;688584
Key Up;S;688798
Key Up;Q;688872
Key Down;D;689022
Key Down;S;689049
Key Down;Q;689214
Key Up;D;689252
Key Up;S;689502
Key Up;Q;689593
Key Down;Z;689689
Key Down;Q;689951
Key Up;Z;690057
Key Down;S;690276
Key Up;S;690328
Key Up;Q;690452
Key Down;Q;690580
Key Up;Q;690793
Key Down;Q;690894
Key Up;Q;691054
Key Down;Q;691228
Key Down;Z;691244
Key Up;Z;691511
Key Up;Q;691735
Key Down;Z;692131
Key Up;Z;692365
Key Down;Q;692408
Key Up;Q;692946
Key Down;Q;693138
Key Down;S;693314
Key Down;Haut;693415
Key Up;Q;693496
Key Up;Droite;693554
Key Up;S;693949
Key Down;D;694045
Key Down;Z;694188
Key Up;D;694193
Key Down;Droite;694278
Key Down;D;694379
Key Up;Haut;694390
Key Up;Z;694849
Key Up;D;695051
Key Down;Q;695116
Key Up;Q;695255
Key Down;D;695297
Key Up;D;695420
Key Down;D;695575
Key Down;Bas;695852
Key Up;Droite;695937
Key Down;S;696102
Key Up;D;696124
Key Up;S;696428
Key Down;Z;696529
Key Up;Z;697068
Key Down;D;697205
Key Down;Gauche;697291
Key Up;Bas;697359
Key Up;D;697552
Key Down;D;697696
Key Up;D;698181
Key Down;D;698368
Key Up;D;698533
Key Down;D;698693
Key Up;D;698954
Key Down;D;699099
Key Down;S;699588
Key Down;Haut;699743
Key Up;D;699770
Key Up;Gauche;699908
Key Up;S;700149
Key Down;Q;700243
Key Down;Gauche;700350
Key Up;Haut;700408
Key Down;Z;700425
Key Up;Q;700494
Key Up;Z;700601
Key Down;Q;700793
Key Down;Z;700846
Key Up;Z;701406
Key Up;Q;701475
Key Down;Q;701886
Key Up;Q;701987
Key Down;D;702008
Key Up;D;702585
Key Down;Q;702648
Key Up;Q;703144
Key Down;D;703260
Key Up;D;703628
Key Down;D;703953
Key Up;D;704118
Key Down;Q;704140
Key Down;Droite;704764
Key Up;Gauche;704822
Key Up;Q;704967
Key Down;Q;705111
Key Up;Q;705260
Key Down;D;705484
Key Up;D;705590
Key Down;Q;705633
Key Up;Q;706034
Key Down;Q;706220
Key Up;Q;706629
Key Down;Q;706853
Key Up;Q;707216
Key Down;D;707461
Key Down;S;707808
Key Up;S;707941
Key Up;D;708027
Key Down;S;708293
Key Down;D;708341
Key Up;S;708405
Key Down;S;708565
Key Up;D;709040
Key Down;Q;709088
Key Up;Q;709359
Key Up;S;709391
Key Down;Q;709886
Key Down;S;709956
Key Down;Haut;710196
Key Up;Q;710201
Key Up;Droite;710302
Key Down;D;710425
Key Up;D;710617
Key Up;S;710697
Key Down;Z;711278
Key Down;Droite;711726
Key Up;Z;711763
Key Down;Z;711801
Key Up;Haut;711827
Key Down;D;711923
Key Up;Z;711934
Key Up;D;712180
Key Down;Z;712249
Key Up;Z;712392
Key Down;D;712482
Key Up;D;712764
Key Down;Q;712818
Key Up;Q;713325
Key Down;D;713554
Key Up;D;713906
Key Down;Q;713944
Key Up;Q;714274
Key Down;Q;714604
Key Down;Z;714700
Key Up;Q;714930
Key Up;Z;714936
Key Down;Z;715424
Key Down;Bas;715595
Key Up;Droite;715712
Key Up;Z;715808
Key Down;Z;716214
Key Up;Z;716342
Key Down;Q;716486
Key Up;Q;716630
Key Down;Droite;716949
Key Down;Q;716987
Key Up;Bas;717078
Key Up;Q;717259
Key Down;Q;717472
Key Up;Q;717632
Key Down;D;717717
Key Down;S;717872
Key Up;S;718192
Key Down;S;718320
Key Up;D;718644
Key Up;S;718836
Key Down;Q;718937
Key Up;Q;719060
Key Down;Z;719284
Key Up;Z;719636
Key Down;D;719684
Key Down;Q;719865
Key Up;D;719870
Key Up;Q;720159
Key Down;Q;720303
Key Down;Z;720473
Key Up;Q;720522
Key Down;Bas;720575
Key Up;Droite;720676
Key Down;D;720697
Key Up;D;720815
Key Down;Q;721070
Key Up;Z;721075
Key Up;Q;721188
Key Down;D;721453
Key Down;Gauche;721618
Key Up;Bas;721677
Key Up;D;721879
Key Down;D;722162
Key Up;D;722515
Key Down;S;722584
Key Down;D;723288
Key Up;S;723480
Key Up;D;723608
Key Down;D;723826
Key Up;D;724087
Key Down;D;724135
Key Up;D;724349
Key Down;Q;724433
Key Up;Q;724689
Key Down;D;724801
Key Down;Q;725142
Key Up;D;725148
Key Down;Bas;725366
Key Up;Gauche;725553
Key Down;Z;726199
Key Up;Q;726359
Key Down;Q;726727
Key Up;Q;726849
Key Down;Q;727036
Key Down;Droite;727131
Key Up;Z;727190
Key Up;Bas;727270
Key Up;Q;727647
Key Down;D;727823
Key Up;D;728021
Key Down;D;728277
Key Down;Bas;728346
Key Up;Droite;728464
Key Up;D;728608
Key Down;S;729183
Key Down;D;729333
Key Up;D;729450
Key Up;S;729493
Key Down;S;729893
Key Down;Q;730191
Key Down;Gauche;730271
Key Up;Bas;730319
Key Down;Bas;730356
Key Up;Q;730504
Key Down;Q;730638
Key Up;Bas;730680
Key Up;S;730835
Key Down;S;731198
Key Up;Gauche;731225
Key Down;Haut;731246
Key Up;S;731337
Key Down;Z;731512
Key Up;Q;731587
Key Down;Droite;732163
Key Up;Haut;732227
Key Up;Z;732312
Key Down;Haut;732414
Key Down;Gauche;732462
Key Up;Haut;732505
Key Up;Droite;732525
Key Down;S;732755
Key Down;D;732825
Key Up;D;732953
Key Up;S;733150
Key Down;S;733294
Key Down;D;733299
Key Down;Haut;733516
Key Up;D;733522
Key Up;Gauche;733570
Key Up;S;733634
Key Down;S;733948
Key Down;Q;734194
Key Up;Q;734316
Key Up;S;734327
Key Down;S;734615
Key Down;D;734663
Key Up;D;734818
Key Up;S;734924
Key Down;D;735004
Key Down;Gauche;735058
Key Up;Haut;735116
Key Down;Z;735361
Key Up;D;735400
Key Up;Gauche;735468
Key Down;Q;735596
Key Up;Q;736077
Key Down;D;736576
Key Down;Espace;736853
Key Up;Z;736933
Key Up;Espace;737040
Key Up;D;737392
Key Down;D;737970
Key Down;S;738253
Key Up;S;738520
Key Up;D;738579
Key Down;Q;738762
Key Up;Q;738969
Key Down;Q;739176
Key Down;Z;739836
Key Up;Q;739943
Key Down;D;740209
Key Up;Z;740354
Key Down;S;740940
Key Up;D;740951
Key Down;Q;741025
Key Up;S;741111
Key Up;Q;741148
Key Down;D;741180
Key Down;Z;741382
Key Down;Q;741607
Key Up;D;741617
Key Up;Z;741623
Key Down;S;741868
Key Up;Q;742113
Key Down;Q;742566
Key Up;Q;742842
Key Down;D;743557
Key Up;S;743685
Key Up;D;743786
Key Down;S;744038
Key Down;Q;744108
Key Down;Gauche;744129
Key Up;S;744226
Key Down;Z;744673
Key Up;Z;744854
Key Up;Gauche;744919
Key Down;Gauche;745275
Key Up;Q;745281
Key Down;Q;745648
Key Down;S;746085
Key Up;Q;746133
Key Down;Haut;746170
Key Up;Gauche;746208
Key Up;S;746235
Key Down;Q;746480
Key Up;Q;746597
Key Down;Z;746943
Key Up;Z;747066
Key Down;Q;747798
Key Down;Z;747947
Key Up;Haut;748032
Key Up;Z;748085
Key Up;Q;748149
Key Down;S;748438
Key Down;Haut;748762
Key Up;S;748810
Key Down;Q;749023
Key Up;Q;749120
Key Down;S;750815
Key Down;Q;750831
Key Up;S;751034
Key Up;Q;751114
Key Down;Q;751726
Key Up;Q;751822
Key Down;D;752798
Key Down;Droite;752942
Key Up;Haut;752973
Key Down;Z;753449
Key Up;Z;753699
Key Down;Z;753929
Key Up;Z;754035
Key Down;Bas;754286
Key Up;Bas;754467
Key Down;Bas;754574
Key Up;Bas;754686
Key Down;Bas;754775
Key Up;Bas;754898
Key Down;Bas;754984
Key Down;S;755000
Key Up;Bas;755101
Key Down;Bas;755175
Key Up;Bas;755299
Key Down;Bas;755384
Key Up;Bas;755506
Key Up;D;755575
Key Up;Droite;755650
Key Up;S;756050
Key Down;Bas;756318
Key Down;Gauche;756632
Key Up;Bas;756670
Key Down;S;756691
Key Down;Q;756702
Key Up;Q;756872
Key Up;S;757049
Key Down;S;757368
Key Up;S;757571
Key Down;Z;758444
Key Down;Bas;758508
Key Up;Gauche;758700
Key Up;Z;758855
Key Down;Z;759362
Key Up;Z;759527
Key Down;Droite;759777
Key Down;Q;759793
Key Down;S;759927
Key Up;Bas;759996
Key Up;S;760146
Key Up;Q;760284
Key Down;Q;760811
Key Down;Z;760896
Key Up;Z;760965
Key Up;Q;761232
Key Down;D;761440
Key Down;S;761595
Key Up;S;761813
Key Up;D;762085
Key Down;Z;762421
Key Down;D;762544
Key Up;Z;762581
Key Up;Droite;762634
Key Down;Bas;763024
Key Up;D;763157
Key Down;Gauche;763520
Key Up;Bas;763680
Key Down;S;763902
Key Down;Q;763950
Key Up;Q;764068
Key Up;S;764254
Key Down;Z;764559
Key Down;Q;764788
Key Up;Z;764911
Key Up;Q;764932
Key Down;Q;765092
Key Up;Q;765337
Key Down;Bas;765417
Key Up;Gauche;765475
Key Down;S;765524
Key Up;S;765684
Key Down;Droite;765737
Key Down;Q;765817
Key Up;Q;766078
Key Down;S;766105
Key Down;Gauche;766131
Key Up;Droite;766148
Key Up;S;766228
Key Up;Bas;766260
Key Down;S;766372
Key Up;S;766548
Key Down;D;766839
Key Down;S;766924
Key Up;S;767336
Key Up;D;767495
Key Down;Q;767660
Key Up;Q;767911
Key Down;Z;768098
Key Down;Haut;768130
Key Up;Haut;768284
Key Down;Q;768359
Key Up;Z;768477
Key Down;Z;768610
Key Up;Z;768744
Key Up;Q;768792
Key Down;S;769074
Key Up;S;769245
Key Down;D;769266
Key Down;S;769367
Key Up;D;769415
Key Down;Haut;769500
Key Down;Q;769602
Key Up;S;769607
Key Up;Q;769751
Key Up;Gauche;769800
Key Down;Q;770214
Key Down;S;770486
Key Up;Q;770769
Key Up;S;771030
Key Down;Q;771158
Key Down;Z;771355
Key Up;Q;771387
Key Up;Z;771488
Key Down;Droite;771766
Key Down;Q;771824
Key Down;Z;771867
Key Up;Q;771926
Key Down;D;771947
Key Up;Z;772011
Key Up;D;772315
Key Up;Droite;772363
Key Down;Q;772900
Key Up;Q;773012
Key Down;D;773108
Key Down;S;773124
Key Up;S;773247
Key Up;D;773295
Key Down;Z;773391
Key Down;Q;773466
Key Up;Z;773700
Key Up;Q;773716
Key Down;Q;774041
Key Up;Q;774201
Key Down;Z;774533
Key Down;Q;774596
Key Down;Gauche;774740
Key Up;Gauche;774868
Key Up;Z;774884
Key Up;Haut;775204
Key Up;Q;775209
Key Down;D;775410
Key Down;S;775420
Key Down;Droite;775489
Key Up;S;775676
Key Down;S;776303
Key Up;S;776586
Key Up;D;777104
Key Down;Q;777162
Key Up;Droite;777173
Key Up;Q;777307
Key Down;Z;777464
Key Down;Q;777630
Key Up;Z;777742
Key Up;Q;778142
Key Down;A;778448
Key Up;A;778592
Key Down;Q;778738
Key Down;D;778971
Key Up;Q;778988
Key Down;S;779003
Key Up;S;779174
Key Down;Z;779510
Key Up;Z;779686
Key Down;S;779852
Key Up;S;780023
Key Down;Droite;780395
Key Down;S;781121
Key Up;S;781238
Key Up;D;781318
Key Down;Q;781367
Key Down;S;781590
Key Up;Q;781638
Key Down;D;781788
Key Up;S;781862
Key Up;D;782010
Key Down;D;782261
Key Up;D;782469
Key Down;D;782837
Key Up;D;782960
Key Down;Q;783760
Key Up;Q;783893
Key Down;D;784020
Key Down;Haut;784613
Key Up;Droite;784912
Key Down;Droite;785183
Key Up;D;785199
Key Down;Q;785321
Key Up;Haut;785332
Key Down;Haut;785380
Key Up;Q;785620
Key Up;Droite;785727
Key Down;D;785854
Key Up;D;786057
Key Down;Q;786521
Key Up;Q;786713
Key Down;Q;786959
Key Up;Q;787076
Key Down;D;787215
Key Up;D;787332
Key Down;D;787887
Key Down;Z;788136
Key Up;D;788312
Key Up;Z;788552
Key Down;S;788669
Key Down;Gauche;789155
Key Down;D;789208
Key Up;S;789235
Key Up;Haut;789245
Key Up;D;789479
Key Down;Q;789517
Key Down;Z;789719
Key Up;Z;789842
Key Up;Q;789927
Key Down;Q;790168
Key Down;S;790216
Key Up;S;790568
Key Up;Q;790616
Key Down;Q;790829
Key Down;Z;790866
Key Up;Z;791016
Key Up;Q;791116
Key Down;Z;791494
Key Up;Z;791670
Key Down;Q;791830
Key Up;Q;791958
Key Down;Z;792049
Key Up;Z;792332
Key Down;Q;792486
Key Down;Z;792513
Key Up;Z;792780
Key Up;Q;793297
Key Down;S;793452
Key Down;Q;793505
Key Up;Q;793740
Key Up;S;793996
Key Down;S;794251
Key Down;D;794261
Key Up;S;794379
Key Up;D;794384
Key Down;D;794709
Key Up;D;794832
Key Down;Z;794939
Key Down;Q;795003
Key Up;Q;795173
Key Up;Z;795344
Key Down;D;795349
Key Down;S;795510
Key Down;Haut;795664
Key Up;D;795707
Key Up;Gauche;795771
Key Up;S;795787
Key Down;D;796176
Key Up;D;796298
Key Down;S;796469
Key Down;D;796543
Key Up;S;796677
Key Up;D;796714
Key Down;D;797315
Key Up;D;797486
Key Down;Q;797731
Key Down;Droite;797945
Key Up;Q;797972
Key Up;Haut;798025
Key Down;D;798206
Key Down;Z;798222
Key Up;Z;798403
Key Up;D;798462
Key Down;D;799060
Key Up;D;799353
Key Down;Haut;799497
Key Down;S;799545
Key Down;D;799556
Key Up;S;799662
Key Up;Haut;799822
Key Up;D;799998
Key Down;D;800413
Key Down;Haut;800520
Key Up;Droite;800647
Key Down;Z;800685
Key Up;Z;801010
Key Down;Z;801234
Key Up;D;801570
Key Up;Z;801618
Key Down;S;801906
Key Down;Q;802353
Key Up;Q;802583
Key Down;Q;802855
Key Up;S;802941
Key Down;Droite;803333
Key Up;Haut;803483
Key Down;Z;803702
Key Up;Z;803840
Key Up;Q;804006
Key Down;Q;804341
Key Up;Q;804506
Key Down;Q;804752
Key Up;Q;805259
Key Down;D;805398
Key Up;D;805605
Key Down;Q;805926
Key Up;Q;806123
Key Down;D;806217
Key Up;D;806542
Key Down;Q;806579
Key Down;Z;806601
Key Up;Z;806723
Key Up;Q;806990
Key Down;Q;807188
Key Up;Q;807454
Key Down;Q;807801
Key Up;Q;808047
Key Down;Z;808100
Key Down;D;808223
Key Up;Z;808276
Key Up;Droite;808296
Key Down;Haut;809017
Key Down;S;809187
Key Up;S;809490
Key Up;Haut;809634
Key Down;Haut;810028
Key Up;Haut;810103
Key Down;Haut;810263
Key Up;Haut;810349
Key Down;Haut;810477
Key Down;Z;810493
Key Up;Haut;810562
Key Up;D;810653
Key Down;Q;810951
Key Up;Q;811176
Key Up;Z;811363
Key Down;Z;811911
Key Up;Z;812162
Key Down;D;812473
Key Up;D;812590
Key Down;E;812997
Key Down;Z;813103
Key Up;E;813136
Key Down;Q;813184
Key Up;Q;813461
Key Down;D;813695
Key Up;D;813829
Key Up;Z;814122
Key Down;S;814693
Key Down;D;815044
Key Up;S;815215
Key Up;D;815459
Key Down;Q;815605
Key Down;E;815626
Key Up;E;815802
Key Down;Z;816117
Key Up;Q;816186
Key Up;Z;816378
Key Down;S;816673
Key Up;S;816732
Key Down;Q;816875
Key Up;Q;817083
Key Down;D;817322
Key Down;S;817424
Key Up;S;817813
Key Down;Z;818154
Key Up;Z;818366
Key Down;Q;818558
Key Up;D;818563
Key Down;S;818990
Key Up;Q;819113
Key Up;S;819262
Key Down;Z;819366
Key Down;Q;819430
Key Up;Q;819521
Key Down;D;819819
Key Up;Z;819824
Key Down;S;819958
Key Up;D;820048
Key Down;Bas;820203
Key Down;D;820373
Key Up;S;820587
Key Up;Bas;820677
Key Down;Z;821067
Key Up;D;821131
Key Down;D;821206
Key Up;Z;821301
Key Down;S;821828
Key Down;Droite;821961
Key Up;S;822639
Key Up;Droite;822831
Key Up;D;823033
Key Down;Droite;823318
Key Down;D;823376
Key Down;S;823622
Key Up;Droite;823856
Key Up;D;824479
Key Down;Bas;824751
Key Up;S;824821
Key Down;Gauche;825188
Key Up;Bas;825236
Key Down;S;825252
Key Down;Q;825295
Key Up;S;825439
Key Up;Q;825561
Key Down;Q;825817
Key Up;Q;826021
Key Down;D;826580
Key Up;Gauche;826767
Key Down;Droite;826820
Key Up;D;827119
Key Down;D;827448
Key Up;D;827566
Key Down;Q;828057
Key Up;Q;828232
Key Up;Droite;828552
Key Down;Q;828781
Key Down;S;828840
Key Up;Q;828973
Key Down;Q;829139
Key Up;Q;829293
Key Up;S;829384
Key Down;Z;829561
Key Up;Z;829881
Key Down;D;831168
Key Down;S;831280
Key Up;D;831499
Key Up;S;831707
Key Down;Z;831852
Key Down;Espace;832253
Key Up;Espace;832454
Key Down;Droite;833153
Key Down;Q;834202
Key Up;Q;834395
Key Down;D;834821
Key Up;Z;835248
Key Down;Z;835435
Key Up;Z;835647
Key Up;D;836304
Key Down;D;836553
Key Up;D;836916
Key Down;Q;837290
Key Down;S;837567
Key Up;Q;837727
Key Down;D;837855
Key Up;D;838371
Key Up;S;838409
Key Down;D;838660
Key Down;Z;838692
Key Up;D;839012
Key Down;Bas;839134
Key Down;D;839150
Key Up;Droite;839305
Key Up;Z;839476
Key Up;D;839693
Key Down;D;839778
Key Down;Gauche;839943
Key Down;S;839960
Key Up;Bas;840008
Key Up;D;840184
Key Up;S;840387
Key Down;Q;840664
Key Up;Q;841218
Key Down;S;841240
Key Up;S;841330
Key Down;Q;841800
Key Down;Haut;842125
Key Up;Gauche;842151
Key Up;Q;842220
Key Down;Q;842503
Key Up;Q;842758
Key Down;Q;843211
Key Down;Z;843302
Key Up;Q;843360
Key Down;Q;843456
Key Down;Droite;843718
Key Up;Haut;843771
Key Up;Q;843787
Key Down;D;843915
Key Up;Z;843926
Key Down;Bas;844182
Key Up;D;844209
Key Up;Droite;844277
Key Down;Z;844471
Key Up;Z;844918
Key Down;Q;844977
Key Up;Q;845078
Key Down;D;845733
Key Up;D;845850
Key Down;Gauche;846116
Key Down;D;846180
Key Up;Bas;846255
Key Down;S;846468
Key Up;D;846895
Key Up;S;846970
Key Down;D;847119
Key Up;Gauche;847759
Key Down;Z;847775
Key Up;Z;847983
Key Down;Droite;848031
Key Up;D;849214
Key Down;Q;849256
Key Down;Gauche;849368
Key Up;Droite;849443
Key Down;Z;851410
Key Down;Haut;851517
Key Up;Q;851565
Key Up;Gauche;851624
Key Up;Z;852295
Key Down;Z;852353
Key Down;D;852460
Key Up;D;852651
Key Up;Z;852924
Key Down;Entrée;853249
Key Up;Entrée;853495
Key Down;Z;853649
Key Up;Z;853772
Key Down;D;854699
Key Up;D;854885
Key Down;Q;855616
Key Down;Droite;855696
Key Up;Haut;855786
Key Up;Q;856159
Key Down;D;856346
Key Down;Z;856384
Key Up;Z;856571
Key Up;D;856592
Key Down;Z;856965
Key Up;Z;857082
Key Down;Q;857546
Key Up;Q;857795
Key Down;Q;857923
Key Up;Q;858216
Key Down;Q;858248
Key Up;Q;858296
Key Down;S;858483
Key Down;Haut;858654
Key Down;D;858723
Key Up;S;858792
Key Up;D;858985
Key Up;Haut;859011
Key Down;Z;859017
Key Down;D;859134
Key Up;Z;859145
Key Up;D;859379
Key Down;D;859646
Key Up;D;859849
Key Down;Q;860083
Key Up;Q;860227
Key Down;D;860510
Key Up;D;860743
Key Down;Q;860977
Key Up;Q;861110
Key Down;Q;861281
Key Up;Q;861612
Key Down;Q;861916
Key Up;Q;862049
Key Down;D;862183
Key Down;S;862284
Key Up;D;862465
Key Up;S;862572
Key Down;Q;862817
Key Up;Q;863121
Key Down;D;863431
Key Down;S;863686
Key Up;D;863898
Key Up;S;863909
Key Down;D;864410
Key Down;Q;864452
Key Up;D;864469
Key Up;Q;864698
Key Down;D;865060
Key Down;S;865124
Key Up;D;865284
Key Up;S;865295
Key Down;Z;865722
Key Up;Z;865856
Key Down;D;865941
Key Up;D;866138
Key Down;D;866356
Key Down;S;866447
Key Up;S;866681
Key Up;D;866834
Key Down;Gauche;867086
Key Up;Droite;867214
Key Down;Q;867272
Key Down;Haut;867294
Key Up;Gauche;867406
Key Up;Q;867529
Key Down;Q;868066
Key Down;Z;868307
Key Down;Droite;868435
Key Up;Q;868510
Key Down;Q;868904
Key Up;Z;868909
Key Up;Haut;869155
Key Up;Q;869235
Key Down;D;869794
Key Up;D;870417
Key Down;D;870913
Key Down;S;871020
Key Up;D;871105
Key Up;S;871143
Key Down;Q;871756
Key Up;Q;872167
Key Down;Z;872449
Key Down;Q;872491
Key Up;Z;872695
Key Up;Q;872885
Key Down;D;873205
Key Up;D;873327
Key Down;Q;873909
Key Up;Q;874031
Key Down;D;874170
Key Down;Z;874330
Key Up;Z;874453
Key Up;D;874533
Key Down;Z;874687
Key Up;Z;874928
Key Down;S;875125
Key Down;D;875232
Key Up;S;875440
Key Up;D;875504
Key Down;D;876095
Key Up;D;876228
Key Down;Q;876724
Key Up;Q;877012
Key Down;D;877156
Key Up;D;877615
Key Down;Q;877684
Key Down;Z;877983
Key Up;Q;878409
Key Down;Q;878612
Key Up;Z;878745
Key Up;Q;878761
Key Down;D;879746
Key Up;D;879869
Key Down;Q;879933
Key Up;Q;880189
Key Down;Q;880605
Key Down;S;880722
Key Up;S;881330
Key Up;Q;881389
Key Down;Z;881698
Key Up;Z;881858
Key Down;Z;882134
Key Up;Z;882219
Key Down;Z;882352
Key Down;D;882469
Key Down;Bas;882566
Key Up;Z;882651
Key Up;Droite;882709
Key Up;Bas;883019
Key Up;D;883136
Key Down;S;883283
Key Down;D;883560
Key Up;D;883917
Key Up;S;884152
Key Down;Q;884294
Key Down;Z;884353
Key Up;Q;884438
Key Up;Z;884646
Key Down;Q;885011
Key Down;Z;885064
Key Up;Q;885187
Key Up;Z;885288
Key Down;Z;885703
Key Up;Z;885874
Key Down;Entrée;886390
Key Up;Entrée;886455
Key Down;Entrée;886749
Key Up;Entrée;886823
Key Down;Entrée;887230
Key Up;Entrée;887321
Key Down;Entrée;887880
Key Up;Entrée;887971
Key Down;Entrée;889707
Key Up;Entrée;889771
Key Down;Gauche;892116
Key Down;Q;892494
Key Up;Q;895068
Key Down;Q;895282
Key Up;Q;895501
Key Down;S;896450
Key Up;S;896705
Key Down;Q;896973
Key Up;Q;897126
Key Down;Q;897313
Key Up;Q;897473
Key Down;D;897515
Key Down;Q;897852
Key Up;D;897883
Key Up;Q;898449
Key Down;D;898529
Key Up;D;898715
Key Down;D;898843
Key Up;D;899003
Key Down;D;899536
Key Up;D;899659
Key Down;Q;899771
Key Up;Q;899910
Key Down;Q;900048
Key Down;Z;900287
Key Up;Q;900292
Key Up;Z;900569
Key Down;D;900719
Key Up;D;900895
Key Down;Z;901034
Key Up;Z;901146
Key Down;Q;901663
Key Up;Q;901796
Key Down;Q;901978
Key Up;Q;902122
Key Down;Q;902713
Key Up;Q;902857
Key Down;Q;903395
Key Down;Z;903506
Key Up;Gauche;903517
Key Up;Q;903704
Key Up;Z;903875
Key Down;D;904012
Key Down;S;904194
Key Up;S;904301
Key Down;Z;904514
Key Up;Z;904636
Key Up;D;904679
Key Down;Q;904706
Key Down;S;904856
Key Up;Q;904914
Key Down;D;905160
Key Up;S;905496
Key Down;Q;905762
Key Up;D;905794
Key Down;S;905853
Key Up;Q;906024
Key Down;D;906204
Key Up;S;906285
Key Down;Z;906445
Key Up;D;906482
Key Down;Q;906567
Key Up;Z;906615
Key Down;S;906850
Key Up;S;907037
Key Down;Z;907473
Key Up;Q;907510
Key Down;D;907633
Key Down;Droite;907709
Key Up;Z;907853
Key Down;Z;908342
Key Up;Z;908460
Key Down;Haut;909286
Key Up;Droite;909488
Key Down;Z;909542
Key Up;D;910102
Key Down;Q;910619
Key Up;Q;910923
Key Up;Z;911248
Key Down;Z;911658
Key Up;Z;911856
Key Down;Z;912467
Key Up;Z;912654
Key Down;Q;912713
Key Up;Q;912846
Key Down;D;913923
Key Up;D;914243
Key Down;Z;915287
Key Down;Q;915329
Key Up;Haut;915404
Key Up;Q;915516
Key Up;Z;915521
Key Down;S;915773
Key Down;Q;915778
Key Up;Q;915944
Key Down;Bas;916147
Key Down;D;916211
Key Up;D;916382
Key Up;S;918200
Key Down;S;918864
Key Down;Droite;918902
Key Up;Bas;919030
Key Down;D;919068
Key Up;S;919111
Key Up;D;919168
Key Down;Q;919387
Key Down;S;919494
Key Up;S;919649
Key Up;Q;919782
Key Down;D;920182
Key Up;D;920289
Key Down;Q;920348
Key Down;S;920417
Key Up;Q;920598
Key Up;S;920625
Key Down;D;921121
Key Down;Z;921243
Key Up;Z;921348
Key Down;Q;921413
Key Up;D;921434
Key Up;Q;921754
Key Down;Q;921903
Key Up;Q;922069
Key Down;S;922281
Key Up;S;922393
Key Down;Q;922500
Key Down;Z;922649
Key Up;Q;922703
Key Up;Z;923049
Key Down;Q;923263
Key Up;Q;923487
Key Down;Q;924074
Key Down;S;924462
Key Up;Q;924638
Key Down;D;925139
Key Up;S;925278
Key Down;S;925400
Key Up;S;925464
Key Up;D;925795
Key Down;D;926077
Key Down;S;926274
Key Up;S;926403
Key Up;D;926520
Key Down;Q;926664
Key Up;Q;926824
Key Down;S;926919
Key Down;D;926947
Key Up;S;927021
Key Up;D;927154
Key Down;Z;928028
Key Up;Z;928134
Key Down;Q;928428
Key Up;Q;928551
Key Up;Droite;928833
Key Down;Q;928870
Key Down;Z;929099
Key Up;Q;929169
Key Up;Z;931417
Key Down;Z;931732
Key Up;Z;937308
Key Down;S;937431
Key Up;S;937724
Key Down;S;938346
Key Down;Droite;939035
Key Down;D;939087
Key Up;S;939593
Key Down;S;939988
Key Up;S;940106
Key Up;D;940526
Key Down;D;940846
Key Up;D;940996
Key Down;D;942733
Key Up;D;942872
Key Down;Q;944728
Key Up;Q;944952
Key Down;Z;945240
Key Down;D;945304
Key Up;Z;945309
Key Up;D;945442
Key Down;Q;945996
Key Up;Q;946156
Key Down;D;946395
Key Up;Droite;946518
Key Up;D;946555
Key Down;Z;946698
Key Down;D;946731
Key Up;Z;946987
Key Up;D;947056
Key Down;D;947209
Key Down;Z;947476
Key Up;Z;947572
Key Up;D;947615
Key Down;S;947943
Key Down;D;947981
Key Up;S;948183
Key Up;D;948188
Key Down;Gauche;948435
Key Down;D;949516
Key Up;D;949633
Key Down;D;950054
Key Up;D;950156
Key Down;Q;950406
Key Down;Bas;950481
Key Up;Q;950529
Key Up;Gauche;950572
Key Down;Q;951142
Key Down;Droite;951196
Key Up;Q;951255
Key Up;Bas;951313
Key Down;Bas;951653
Key Up;Droite;951739
Key Down;Z;951754
Key Down;Droite;951882
Key Up;Z;951904
Key Up;Bas;951936
Key Down;Q;952053
Key Down;Z;952293
Key Up;Q;952325
Key Up;Z;952421
Key Down;S;953104
Key Down;Q;953237
Key Up;S;953264
Key Up;Q;953642
Key Down;Q;953898
Key Up;Q;954015
Key Down;S;954021
Key Down;D;954133
Key Up;D;954277
Key Up;S;954288
Key Down;Q;954459
Key Up;Q;954665
Key Down;Z;955000
Key Up;Droite;955080
Key Up;Z;955096
Key Down;D;955274
Key Up;D;955525
Key Down;Bas;955604
Key Down;Z;956372
Key Up;Z;956478
Key Up;Bas;956548
Key Down;Q;956659
Key Down;Z;956750
Key Up;Q;956852
Key Up;Z;956868
Key Down;S;957237
Key Down;D;957338
Key Up;S;957397
Key Up;D;957492
Key Down;Gauche;957863
Key Down;D;958055
Key Up;D;958209
Key Down;D;958765
Key Up;Gauche;958850
Key Up;D;958898
Key Down;D;959288
Key Up;D;959555
Key Down;S;959847
Key Up;S;960071
Key Down;Q;960459
Key Up;Q;960587
Key Down;Q;962010
Key Up;Q;962080
Key Down;D;962597
Key Up;D;962720
Key Down;Z;963280
Key Down;D;963456
Key Up;D;963600
Key Up;Z;963622
Key Down;D;963895
Key Up;D;964092
Key Down;S;964271
Key Up;S;964484
Key Down;D;964736
Key Up;D;964832
Key Down;S;964996
Key Up;S;965167
Key Down;S;965547
Key Down;Q;965579
Key Up;S;965632
Key Up;Q;965707
Key Down;Q;965978
Key Down;S;966170
Key Up;S;966277
Key Up;Q;966314
Key Down;S;966689
Key Down;Q;966694
Key Up;S;966827
Key Up;Q;966917
Key Down;Q;967230
Key Down;Z;967278
Key Up;Z;967470
Key Up;Q;967651
Key Down;Q;967919
Key Down;Z;968032
Key Up;Z;968527
Key Down;S;968676
Key Up;S;969113
Key Down;Gauche;969401
Key Down;Bas;969791
Key Up;Gauche;970088
Key Down;S;970104
Key Up;Q;970387
Key Down;Q;970808
Key Up;Q;970984
Key Up;S;971133
Key Down;S;971288
Key Down;Q;971506
Key Up;Q;971645
Key Down;D;971794
Key Up;D;971959
Key Up;S;972498
Key Down;S;973111
Key Down;Gauche;973430
Key Down;Q;973516
Key Up;Bas;973564
Key Up;S;973798
Key Up;Q;974257
Key Down;D;974865
Key Up;D;975089
Key Down;D;975457
Key Up;D;975740
Key Down;D;976367
Key Down;Q;976399
Key Up;D;976410
Key Up;Q;976794
Key Down;Z;976938
Key Down;Q;977018
Key Up;Z;977200
Key Up;Q;977216
Key Down;D;977418
Key Up;D;977823
Key Down;D;978090
Key Up;D;978421
Key Down;Q;978522
Key Up;Q;978645
Key Down;D;978714
Key Up;D;979048
Key Down;Q;979059
Key Down;Bas;980419
Key Up;Q;980494
Key Up;Gauche;980627
Key Down;Q;980701
Key Down;S;980904
Key Up;S;981048
Key Up;Q;981080
Key Down;Z;981288
Key Down;Q;981448
Key Up;Z;981827
Key Up;Q;981917
Key Down;S;982022
Key Down;D;982102
Key Up;Bas;982145
Key Up;S;982662
Key Down;S;982849
Key Up;D;983015
Key Up;S;983169
Key Down;Gauche;983406
Key Down;D;983448
Key Down;Z;983491
Key Up;D;983534
Key Up;Z;983593
Key Down;Z;984052
Key Up;Z;984536
Key Down;S;984745
Key Up;Gauche;984755
Key Down;Q;985105
Key Up;Q;985281
Key Up;S;985335
Key Down;S;985797
Key Down;Gauche;985893
Key Up;S;985898
Key Down;Z;986346
Key Up;Z;986420
Key Down;D;986644
Key Down;Z;986804
Key Up;Gauche;986975
Key Up;D;987082
Key Up;Z;987210
Key Down;Echap;989998
Key Up;Echap;990174
Key Down;Left Alt;991181
Key Down;Tab;991336
Key Up;Left Alt;991443
Key Up;Tab;991480
