Event;Key;Time
Key Down;Left Alt;628
Key Down;Tab;737
Key Up;Left Alt;812
Key Up;Tab;904
Key Down;E;1459
Key Up;E;1536
Key Down;Q;6539
Key Down;D;6887
Key Up;Q;6924
Key Up;D;7588
Key Down;Q;7655
Key Down;D;8773
Key Up;Q;8815
Key Up;D;9465
Key Down;R;9771
Key Up;R;9900
Key Down;Q;10010
Key Up;Q;10383
Key Down;D;10403
Key Up;D;11265
Key Down;D;12727
Key Up;D;13372
Key Down;Q;13650
Key Up;Q;13772
Key Down;D;13978
Key Up;D;14071
Key Down;Q;14323
Key Up;Q;14539
Key Down;D;15068
Key Up;D;15166
Key Down;Q;15645
Key Up;Q;15954
Key Down;Q;16075
Key Down;Espace;16167
Key Up;Espace;16360
Key Up;Q;17079
Key Down;D;17179
Key Up;D;17451
Key Down;D;17899
Key Up;D;18032
Key Down;Q;18488
Key Up;Q;18644
Key Down;Q;18873
Key Up;Q;19154
Key Down;Q;19433
Key Down;Espace;19481
Key Down;D;19665
Key Up;Q;19700
Key Up;Espace;19704
Key Up;D;19856
Key Down;Espace;20203
Key Down;D;20330
Key Up;Espace;20520
Key Up;D;20622
Key Down;Q;20637
Key Up;Q;20896
Key Down;D;21289
Key Up;D;21371
Key Down;D;21986
Key Up;D;22216
Key Down;D;22387
Key Up;D;22541
Key Down;D;23845
Key Down;Q;24062
Key Up;D;24085
Key Up;Q;24269
Key Down;D;24537
Key Up;D;24688
Key Down;D;24762
Key Up;D;24941
Key Down;Q;25079
Key Up;Q;25173
Key Down;D;25408
Key Up;D;25557
Key Down;Q;25645
Key Down;Espace;25866
Key Down;D;25885
Key Down;S;25921
Key Up;Q;26069
Key Up;Espace;26125
Key Up;D;26490
Key Down;Espace;26890
Key Up;Espace;26942
Key Down;Q;27016
Key Up;Q;27605
Key Down;D;27862
Key Up;S;27955
Key Up;D;28091
Key Down;D;28454
Key Up;D;28572
Key Down;D;28809
Key Up;D;28937
Key Down;Q;29179
Key Up;Q;29739
Key Down;Q;29778
Key Up;Q;29986
Key Down;Q;30353
Key Up;Q;30573
Key Down;D;30587
Key Up;D;31351
Key Down;Q;31804
Key Up;Q;31998
Key Down;D;32092
Key Up;D;32669
Key Down;Q;32837
Key Up;Q;33633
Key Down;D;33666
Key Up;D;34113
Key Down;Q;34174
Key Up;Q;34486
Key Down;D;34530
Key Down;Q;34871
Key Up;D;34959
Key Up;Q;35085
Key Down;Q;35254
Key Up;Q;35536
Key Down;D;35646
Key Up;D;35871
Key Down;Q;35897
Key Up;Q;36042
Key Down;D;36044
Key Up;D;36494
Key Down;Q;37062
Key Up;Q;37472
Key Down;D;37561
Key Up;D;38109
Key Down;Q;38316
Key Up;Q;38641
Key Down;D;38666
Key Up;D;39468
Key Down;Q;39866
Key Down;Espace;39925
Key Up;Espace;40334
Key Up;Q;40880
Key Down;Q;41051
Key Up;Q;41443
Key Down;Espace;41901
Key Up;Espace;42102
Key Down;D;42238
Key Up;D;42825
Key Down;D;43550
Key Up;D;43782
Key Down;Q;45130
Key Up;Q;45330
Key Down;Q;45945
Key Up;Q;46146
Key Down;Q;46443
Key Up;Q;46726
Key Down;Q;46829
Key Up;Q;47124
Key Down;D;47127
Key Up;D;48263
Key Down;Q;48943
Key Up;Q;49725
Key Down;D;50659
Key Up;D;50935
Key Down;D;53134
Key Up;D;53769
Key Down;D;54040
Key Up;D;54245
Key Down;D;54563
Key Up;D;54913
Key Down;D;55273
Key Up;D;55457
Key Down;Q;55585
Key Up;Q;56275
Key Down;D;56519
Key Down;Espace;56644
Key Up;D;56687
Key Down;Q;56766
Key Up;Espace;56884
Key Up;Q;57008
Key Down;Q;57653
Key Up;Q;58008
Key Down;D;58037
Key Up;D;58272
Key Down;R;60155
Key Up;R;60258
Key Down;R;61369
Key Up;R;61508
Key Down;R;63487
Key Up;R;63615
Key Down;Q;64736
Key Up;Q;64889
Key Down;D;65018
Key Up;D;65299
Key Down;Q;65500
Key Up;Q;65715
Key Down;Q;66167
Key Up;Q;66652
Key Down;S;66695
Key Down;D;66988
Key Up;S;67066
Key Up;D;67456
Key Down;D;67698
Key Up;D;67836
Key Down;D;68177
Key Up;D;68347
Key Down;Q;68811
Key Up;Q;68970
Key Down;D;69096
Key Up;D;69395
Key Down;Q;69798
Key Up;Q;70189
Key Down;Q;70591
Key Up;Q;70788
Key Down;D;71050
Key Up;D;71121
Key Down;Q;71181
Key Up;Q;71582
Key Down;D;72221
Key Up;D;72343
Key Down;D;72497
Key Up;D;73457
Key Down;D;73816
Key Up;D;73929
Key Down;D;74154
Key Up;D;74264
Key Down;Q;74944
Key Up;Q;75642
Key Down;Q;76044
Key Up;Q;76525
Key Down;D;77296
Key Up;D;77613
Key Down;D;78300
Key Up;D;78459
Key Down;Q;79080
Key Up;Q;79269
Key Down;Q;79443
Key Up;Q;79679
Key Down;D;79821
Key Up;D;80216
Key Down;Q;80340
Key Up;Q;80549
Key Down;Q;80755
Key Up;Q;80966
Key Down;Q;81880
Key Up;Q;82094
Key Down;D;82170
Key Up;D;82620
Key Down;D;83711
Key Down;Espace;84036
Key Down;Q;84178
Key Up;Espace;84296
Key Up;D;84301
Key Up;Q;84524
Key Down;Espace;84663
Key Up;Espace;84970
Key Down;E;85256
Key Up;E;85384
Key Down;E;87953
Key Up;E;88087
Key Down;S;88266
Key Down;Espace;88347
Key Up;Espace;88562
Key Up;S;88657
Key Down;E;88767
Key Up;E;88915
Key Down;Espace;89215
Key Up;Espace;89629
Key Down;E;89790
Key Up;E;89877
Key Down;R;95412
Key Up;R;95549
Key Down;Q;96069
Key Up;Q;96478
Key Down;D;96516
Key Up;D;97093
Key Down;Q;97133
Key Up;Q;97668
Key Down;D;98689
Key Up;D;98893
Key Down;Q;100079
Key Up;Q;100462
Key Down;D;100749
Key Up;D;100947
Key Down;Q;101149
Key Up;Q;101356
Key Down;D;101520
Key Up;D;101764
Key Down;D;102245
Key Up;D;102408
Key Down;Q;103210
Key Up;Q;103456
Key Down;Q;103802
Key Up;Q;104006
Key Down;Q;105218
Key Up;Q;105377
Key Down;D;105780
Key Up;D;106259
Key Down;Q;109031
Key Up;Q;109231
Key Down;D;109432
Key Up;D;110118
Key Down;Q;110211
Key Up;Q;110505
Key Down;Q;110775
Key Up;Q;111639
Key Down;D;113022
Key Up;D;113216
Key Down;D;113575
Key Up;D;113789
Key Down;D;115501
Key Up;D;115905
Key Down;Q;117025
Key Up;Q;117325
Key Down;D;117891
Key Up;D;118070
Key Down;D;118391
Key Up;D;118571
Key Down;Q;119176
Key Up;Q;119492
Key Down;Q;119622
Key Up;Q;119908
Key Down;Q;120396
Key Up;Q;120555
Key Down;Q;120645
Key Up;Q;120801
Key Down;D;121637
Key Up;D;121782
Key Down;D;122210
Key Up;D;122358
Key Down;Q;122534
Key Up;Q;122801
Key Down;Espace;123429
Key Up;Espace;123624
Key Down;D;124124
Key Up;D;124273
Key Down;D;125646
Key Up;D;125852
Key Down;D;126329
Key Up;D;126782
Key Down;D;129022
Key Up;D;129823
Key Down;Q;130000
Key Up;Q;130471
Key Down;Q;130779
Key Up;Q;131101
Key Down;Q;131331
Key Up;Q;131527
Key Down;D;131922
Key Up;D;132255
Key Down;D;133085
Key Up;D;133182
Key Down;Q;133203
Key Up;Q;133607
Key Down;D;133645
Key Up;D;133942
Key Down;Q;134284
Key Up;Q;134544
Key Down;D;134578
Key Up;D;134929
Key Down;Q;135055
Key Up;Q;135356
Key Down;Q;135617
Key Up;Q;135817
Key Down;D;136823
Key Up;D;137392
Key Down;D;137787
Key Up;D;137937
Key Down;D;137981
Key Up;D;138470
Key Down;D;138725
Key Up;D;139112
Key Down;Q;139672
Key Up;Q;140632
Key Down;Q;140944
Key Up;Q;141082
Key Down;D;141972
Key Up;D;142401
Key Down;D;142756
Key Up;D;142889
Key Down;D;143647
Key Up;D;144116
Key Down;Q;144625
Key Down;Espace;145187
Key Up;Espace;145424
Key Up;Q;145981
Key Down;D;146221
Key Up;D;146648
Key Down;D;147718
Key Up;D;147856
Key Down;D;148982
Key Up;D;149182
Key Down;Q;149606
Key Up;Q;149810
Key Down;D;151928
Key Up;D;152244
Key Down;D;152915
Key Up;D;153125
Key Down;Q;153407
Key Up;Q;153576
Key Down;D;153631
Key Up;D;153785
Key Down;Q;153929
Key Up;Q;154073
Key Down;D;154086
Key Up;D;154161
Key Down;D;154478
Key Up;D;154712
Key Down;Q;155181
Key Up;Q;155375
Key Down;Q;156219
Key Up;Q;157269
Key Down;R;157591
Key Up;R;157744
Key Down;D;158295
Key Up;D;158831
Key Down;Q;158941
Key Up;Q;159684
Key Down;D;159702
Key Down;Q;160526
Key Up;D;160543
Key Up;Q;161000
Key Down;Espace;161256
Key Up;Espace;161460
Key Down;Q;161774
Key Up;Q;162129
Key Down;Q;162493
Key Up;Q;162719
Key Down;D;162732
Key Down;Q;163130
Key Up;D;163148
Key Up;Q;163618
Key Down;Q;163958
Key Up;Q;164160
Key Down;D;164949
Key Up;D;165214
Key Down;Q;165292
Key Up;Q;165518
Key Down;D;165792
Key Up;D;166469
Key Down;Q;166645
Key Up;Q;166912
Key Down;D;166960
Key Up;D;167245
Key Down;D;167258
Key Up;D;167396
Key Down;Q;167582
Key Up;Q;167788
Key Down;D;167806
Key Up;D;168116
Key Down;D;168231
Key Up;D;168293
Key Down;Q;168357
Key Up;Q;168552
Key Down;D;168615
Key Up;D;169074
Key Down;D;169199
Key Up;D;169666
Key Down;Espace;170066
Key Down;Q;170156
Key Up;Espace;170324
Key Up;Q;170417
Key Down;Q;170846
Key Up;Q;171085
Key Down;Q;171321
Key Up;Q;171622
Key Down;D;171869
Key Up;D;172099
Key Down;Q;172159
Key Up;Q;172398
Key Down;Q;172618
Key Up;Q;172782
Key Down;Q;172944
Key Up;Q;173002
Key Down;D;173086
Key Up;D;173365
Key Down;Q;173520
Key Up;Q;174129
Key Down;D;174437
Key Up;D;174630
Key Down;Q;174853
Key Up;Q;175033
Key Down;Q;175203
Key Up;Q;175427
Key Down;D;176028
Key Up;D;176187
Key Down;D;176502
Key Up;D;176590
Key Down;Q;176699
Key Up;Q;176849
Key Down;D;176922
Key Up;D;177049
Key Down;Q;177121
Key Up;Q;177385
Key Down;Q;177565
Key Up;Q;177822
Key Down;D;178115
Key Up;D;178354
Key Down;Q;178413
Key Up;Q;178678
Key Down;D;178697
Key Up;D;178983
Key Down;Q;178985
Key Down;D;179240
Key Up;Q;179263
Key Up;D;179515
Key Down;Q;179518
Key Down;D;179760
Key Up;Q;179778
Key Up;D;179946
Key Down;Q;179948
Key Down;D;180118
Key Up;Q;180135
Key Up;D;180341
Key Down;Q;180343
Key Up;Q;180655
Key Down;D;180754
Key Up;D;181496
Key Down;D;181636
Key Up;D;182024
Key Down;Q;182341
Key Up;Q;182540
Key Down;D;182619
Key Up;D;182803
Key Down;Q;183009
Key Up;Q;183402
Key Down;Q;183583
Key Up;Q;183721
Key Down;Q;183897
Key Up;Q;184116
Key Down;Q;184257
Key Up;Q;184432
Key Down;Q;184950
Key Up;Q;185059
Key Down;Espace;185638
Key Down;D;185700
Key Up;Espace;185832
Key Down;S;186083
Key Down;Espace;186298
Key Up;Espace;186522
Key Up;D;186674
Key Down;Q;186787
Key Down;Espace;186858
Key Up;Espace;187053
Key Up;Q;187484
Key Down;Espace;187604
Key Down;Q;187765
Key Up;Espace;187873
Key Up;Q;187938
Key Down;D;188034
Key Up;D;188222
Key Down;Q;188334
Key Up;Q;188512
Key Down;Espace;188627
Key Down;D;188753
Key Up;Espace;188841
Key Up;D;188942
Key Down;Q;189296
Key Up;Q;189884
Key Down;Q;190165
Key Up;Q;190341
Key Down;D;190390
Key Up;S;191239
Key Up;D;191375
Key Down;D;191476
Key Up;D;191623
Key Down;D;191827
Key Up;D;192098
Key Down;D;192308
Key Up;D;192681
Key Down;Q;192710
Key Down;D;192881
Key Up;Q;192894
Key Up;D;193076
Key Down;Q;193132
Key Up;Q;193826
Key Down;D;193831
Key Up;D;194034
Key Down;Q;194036
Key Down;D;194413
Key Up;Q;194417
Key Down;Q;194994
Key Up;D;195022
Key Down;D;195782
Key Up;Q;195808
Key Up;D;196101
Key Down;Q;196103
Key Up;Q;196831
Key Down;D;196851
Key Up;D;196909
Key Down;Q;196977
Key Up;Q;197086
Key Down;D;197206
Key Up;D;197319
Key Down;Q;197357
Key Down;D;197516
Key Up;D;197568
Key Up;Q;197598
Key Down;Espace;197708
Key Down;D;197848
Key Up;Espace;198017
Key Up;D;198553
Key Down;Q;198747
Key Up;Q;198964
Key Down;D;199104
Key Down;Q;199220
Key Up;D;199232
Key Up;Q;199518
Key Down;D;199581
Key Down;Espace;199708
Key Up;Espace;199912
Key Up;D;199973
Key Down;Q;200016
Key Up;Q;200353
Key Down;D;200378
Key Up;D;200484
Key Down;Q;200535
Key Up;Q;201108
Key Down;D;201775
Key Up;D;202201
Key Down;Q;202257
Key Up;Q;202475
Key Down;D;202646
Key Up;D;202734
Key Down;Q;202794
Key Up;Q;202987
Key Down;Q;203298
Key Up;Q;203396
Key Down;Q;203556
Key Up;Q;203757
Key Down;D;203830
Key Up;D;204086
Key Down;Q;204087
Key Down;D;204399
Key Up;Q;204416
Key Down;Q;204689
Key Up;D;204715
Key Down;D;204951
Key Up;Q;204963
Key Down;Q;205164
Key Up;Q;205382
Key Up;D;205516
Key Down;Q;205518
Key Up;Q;205988
Key Down;D;206062
Key Up;D;206413
Key Down;D;206542
Key Up;D;206874
Key Down;Q;207971
Key Up;Q;208236
Key Down;D;208281
Key Up;D;208402
Key Down;Q;208488
Key Up;Q;208750
Key Down;Q;208880
Key Down;D;208985
Key Up;Q;209002
Key Up;D;209295
Key Down;D;209735
Key Up;D;210447
Key Down;D;210768
Key Up;D;210917
Key Down;Q;211197
Key Up;Q;211585
Key Down;D;212230
Key Up;D;212354
Key Down;Q;212420
Key Up;Q;212862
Key Down;Q;213041
Key Down;D;213608
Key Up;Q;213626
Key Up;D;214356
Key Down;Q;214530
Key Up;Q;215302
Key Down;D;215529
Key Up;D;216024
Key Down;Q;216037
Key Up;Q;216449
Key Down;D;216691
Key Up;D;217682
Key Down;D;218100
Key Up;D;218547
Key Down;Q;222113
Key Down;D;223012
Key Up;Q;223052
Key Down;Q;224154
Key Up;D;224192
Key Down;E;224650
Key Up;E;224753
Key Up;Q;224757
Key Down;D;232503
Key Down;Q;233647
Key Up;D;233680
Key Down;Espace;233839
Key Up;Espace;234276
Key Down;Espace;234624
Key Up;Espace;235056
Key Up;Q;235208
Key Down;Espace;235360
Key Down;D;235597
Key Up;Espace;235644
Key Up;D;235761
Key Down;E;235941
Key Up;E;236068
Key Down;Echap;238433
Key Up;Echap;238580
Key Down;S;238785
Key Down;Espace;238941
Key Down;D;239037
Key Up;Espace;239134
Key Up;S;239187
Key Down;Espace;239400
Key Up;Espace;239628
Key Down;Espace;240016
Key Up;Espace;240245
Key Down;E;241377
Key Up;D;241404
Key Up;E;241476
Key Down;Q;243079
Key Down;Espace;243540
Key Up;Espace;243718
Key Down;Espace;244200
Key Up;Espace;244401
Key Down;Espace;244854
Key Up;Espace;245034
Key Up;Q;245217
Key Down;D;245436
Key Up;D;245632
Key Down;Q;245778
Key Down;E;246226
Key Up;Q;246241
Key Up;E;246350
Key Down;E;246603
Key Up;E;246655
Key Down;Q;254516
Key Down;D;254806
Key Up;Q;254824
Key Down;Q;255094
Key Up;D;255141
Key Down;E;256008
Key Up;Q;256064
Key Up;E;256135
Key Down;D;256947
Key Up;D;257282
Key Down;D;259949
Key Up;D;260203
Key Down;D;261320
Key Up;D;261534
Key Down;Espace;263122
Key Up;Espace;263265
Key Down;Q;263591
Key Up;Q;263781
Key Down;D;264053
Key Up;D;264262
Key Down;D;265001
Key Up;D;265093
Key Down;D;265678
Key Up;D;265796
Key Down;Q;266919
Key Down;Espace;266999
Key Up;Q;267168
Key Up;Espace;267183
Key Down;D;267185
Key Up;D;267410
Key Down;Q;267439
Key Up;Q;267634
Key Down;Espace;267761
Key Down;D;267763
Key Up;Espace;267993
Key Up;D;268631
Key Down;Q;268761
Key Up;Q;268890
Key Down;D;269037
Key Up;D;269196
Key Down;Espace;269370
Key Down;Q;269420
Key Down;Z;269607
Key Up;Espace;269665
Key Up;Z;269711
Key Up;Q;269863
Key Down;Espace;270237
Key Down;Q;270252
Key Up;Espace;270415
Key Up;Q;270456
Key Down;Q;270757
Key Up;Q;270905
Key Down;Q;271174
Key Up;Q;271600
Key Down;Q;272029
Key Up;Q;272230
Key Down;D;272697
Key Up;D;272795
Key Down;Q;274074
Key Up;Q;274591
Key Down;Q;274946
Key Up;Q;275114
Key Down;D;275326
Key Up;D;275455
Key Down;Q;275557
Key Up;Q;275747
Key Down;D;277567
Key Down;Espace;277654
Key Up;Espace;278005
Key Up;D;278081
Key Down;Espace;278334
Key Down;D;278405
Key Up;Espace;278523
Key Up;D;278629
Key Down;E;278800
Key Up;E;278957
Key Down;E;279098
Key Up;E;279186
Key Down;S;281541
Key Up;S;284114
Key Down;E;284255
Key Up;E;284396
Key Down;D;289953
Key Down;Espace;289979
Key Up;Espace;290396
Key Down;Espace;290819
Key Up;Espace;290892
Key Up;D;291313
Key Down;Q;291787
Key Up;Q;291926
Key Down;S;292325
Key Down;Q;292526
Key Up;S;292677
Key Up;Q;292718
Key Down;D;292847
Key Up;D;293132
Key Down;Q;293509
Key Up;Q;293662
Key Down;Q;294040
Key Up;Q;294184
Key Down;D;294314
Key Up;D;294465
Key Down;Q;294573
Key Up;Q;294794
Key Down;D;295015
Key Up;D;295163
Key Down;D;295399
Key Up;D;295498
Key Down;Espace;295734
Key Down;D;295897
Key Up;Espace;295944
Key Up;D;296277
Key Down;Espace;296433
Key Up;Espace;296694
Key Down;S;301122
Key Down;Espace;301354
Key Up;Espace;301535
Key Up;S;302001
Key Down;Q;302590
Key Up;Q;302744
Key Down;Q;303194
Key Up;Q;303288
Key Down;D;303579
Key Down;Espace;303700
Key Up;Espace;304007
Key Down;Q;304041
Key Up;D;304103
Key Up;Q;304107
Key Down;Espace;304449
Key Up;Espace;304695
Key Down;Espace;305100
Key Down;Q;305129
Key Up;Espace;305464
Key Up;Q;306326
Key Down;Q;306973
Key Up;Q;307182
Key Down;Q;307837
Key Down;Espace;307901
Key Up;Espace;308124
Key Up;Q;308411
Key Down;Q;309144
Key Up;Q;309404
Key Down;Q;309801
Key Up;Q;309972
Key Down;D;310051
Key Up;D;310527
Key Down;D;310754
Key Up;D;311248
Key Down;D;312582
Key Up;D;313096
Key Down;Q;314820
Key Down;Espace;315807
Key Up;Espace;316089
Key Up;Q;316246
Key Down;Espace;316436
Key Down;Q;316633
Key Up;Espace;316650
Key Up;Q;316747
Key Down;D;316948
Key Down;Espace;316988
Key Up;Espace;317468
Key Up;D;318178
Key Down;E;318257
Key Up;E;318365
Key Down;D;322041
Key Up;D;322772
Key Down;D;323034
Key Up;D;323183
Key Down;E;323293
Key Up;E;323386
Key Down;D;327512
Key Up;D;327635
Key Down;D;328235
Key Up;D;328348
Key Down;Q;328655
Key Up;Q;329499
Key Down;D;330650
Key Down;Espace;330898
Key Up;Espace;331087
Key Up;D;331309
Key Down;Echap;347498
Key Up;Echap;347689
Key Down;Echap;352443
Key Up;Echap;352627
Key Down;A;373566
Key Up;A;373680
Key Down;A;374249
Key Up;A;374369
Key Down;Echap;374856
Key Up;Echap;374975
Key Down;Echap;375356
Key Up;Echap;375496
Key Down;Echap;376101
Key Up;Echap;376240
Key Down;Echap;378612
Key Up;Echap;378781
Key Down;Echap;379117
Key Up;Echap;379280
Key Down;E;379995
Key Up;E;380136
Key Down;Espace;384161
Key Up;Espace;384284
Key Down;Espace;384379
Key Up;Espace;384538
Key Down;D;385259
Key Down;Espace;385547
Key Up;Espace;385744
Key Down;Q;386384
Key Down;Espace;386414
Key Up;D;386476
Key Down;D;386514
Key Up;D;386573
Key Up;Espace;386694
Key Down;D;387411
Key Up;Q;387499
Key Down;Q;388138
Key Up;D;388188
Key Up;Q;388706
Key Down;D;391834
Key Up;D;392767
Key Down;Q;393018
Key Up;Q;393237
Key Down;Q;393935
Key Up;Q;394417
Key Down;D;394684
Key Up;D;394935
Key Down;D;394990
Key Up;D;395192
Key Down;Q;395194
Key Down;Espace;395211
Key Up;Espace;395400
Key Up;Q;395842
Key Down;Q;396199
Key Up;Q;396433
Key Down;D;396499
Key Up;D;396611
Key Down;Q;396645
Key Up;Q;397037
Key Down;D;397146
Key Down;Espace;397373
Key Up;Espace;397567
Key Up;D;397879
Key Down;Q;398311
Key Up;Q;398589
Key Down;Q;398950
Key Up;Q;399093
Key Down;D;399703
Key Up;D;399924
Key Down;D;400144
Key Up;D;400363
Key Down;Q;402297
Key Down;Espace;403151
Key Down;D;403346
Key Up;Espace;403383
Key Up;Q;403408
Key Up;D;403596
Key Down;Q;403902
Key Down;D;404051
Key Up;Q;404063
Key Up;D;405181
Key Down;Q;405424
Key Up;Q;406171
Key Down;Q;406729
Key Down;Z;406799
Key Down;Espace;406927
Key Up;Espace;407122
Key Up;Z;407158
Key Up;Q;407208
Key Down;Espace;408773
Key Down;Z;408804
Key Down;D;408839
Key Up;Espace;409029
Key Up;Z;409125
Key Up;D;410362
Key Down;Q;410598
Key Up;Q;411106
Key Down;D;411358
Key Up;D;411537
Key Down;Q;411802
Key Down;D;412036
Key Up;Q;412048
Key Up;D;412143
Key Down;Q;412214
Key Up;Q;412348
Key Down;D;412908
Key Up;D;413060
Key Down;Q;413154
Key Up;Q;413345
Key Down;D;413810
Key Up;D;413954
Key Down;Q;414054
Key Up;Q;414265
Key Down;D;414541
Key Up;D;414629
Key Down;D;416190
Key Up;D;417940
Key Down;D;418694
Key Up;D;419024
Key Down;Q;420537
Key Up;Q;420772
Key Down;Q;421355
Key Up;Q;422983
Key Down;D;423485
Key Up;D;423729
Key Down;Q;423884
Key Down;Espace;424325
Key Up;Espace;424536
Key Up;Q;424697
Key Down;Espace;425017
Key Down;D;425043
Key Up;Espace;425189
Key Up;D;425293
Key Down;Q;425363
Key Up;Q;425549
Key Down;D;425664
Key Down;Espace;425674
Key Up;Espace;426025
Key Up;D;426836
Key Down;D;427106
Key Up;D;427703
Key Down;S;429152
Key Down;Espace;429171
Key Up;Espace;429432
Key Up;S;429824
Key Down;Q;430114
Key Up;Q;431509
Key Down;D;431822
Key Up;D;432253
Key Down;D;433086
Key Up;D;433331
Key Down;Q;433877
Key Up;Q;434136
Key Down;D;434337
Key Up;D;434583
Key Down;Q;435411
Key Up;Q;436006
Key Down;Q;437265
Key Up;Q;437438
Key Down;Q;437817
Key Up;Q;438122
Key Down;D;439632
Key Up;D;440031
Key Down;D;440591
Key Up;D;441368
Key Down;Q;441537
Key Up;Q;441747
Key Down;D;442009
Key Up;D;442191
Key Down;Q;442814
Key Up;Q;443308
Key Down;D;443388
Key Up;D;443714
Key Down;Q;443747
Key Up;Q;444456
Key Down;Q;444532
Key Up;Q;444987
Key Down;Q;445509
Key Down;Espace;445565
Key Up;Espace;445734
Key Up;Q;445865
Key Down;D;446022
Key Up;D;446318
Key Down;Espace;446542
Key Down;D;446568
Key Up;Espace;446758
Key Down;Q;446791
Key Up;D;447032
Key Down;D;447222
Key Down;Espace;447232
Key Up;Q;447244
Key Up;Espace;447396
Key Up;D;447498
Key Down;S;454333
Key Down;Espace;454434
Key Up;Espace;454633
Key Up;S;454694
Key Down;D;455026
Key Down;S;455432
Key Up;D;455504
Key Down;Q;455563
Key Up;S;455843
Key Down;D;456054
Key Up;Q;456092
Key Up;D;456341
Key Down;D;459289
Key Up;D;459493
Key Down;Espace;460384
Key Down;Q;460568
Key Up;Espace;460708
Key Up;Q;460823
Key Down;D;460847
Key Up;D;461777
Key Down;E;461977
Key Up;E;462092
Key Down;E;462889
Key Up;E;463035
Key Down;E;463951
Key Up;E;464094
Key Down;Q;464315
Key Up;Q;464916
Key Down;E;464981
Key Up;E;465123
Key Down;D;465348
Key Up;D;465666
Key Down;E;465745
Key Up;E;465858
Key Down;S;469079
Key Down;Espace;469241
Key Up;Espace;469434
Key Up;S;469682
Key Down;Echap;469964
Key Up;Echap;470128
Key Down;S;470927
Key Down;Espace;471043
Key Up;Espace;471221
Key Up;S;471404
Key Down;S;471406
Key Up;S;471424
Key Down;E;471427
Key Up;E;471609
Key Down;Q;474804
Key Down;D;475401
Key Up;Q;475427
Key Down;S;475706
Key Up;S;475810
Key Up;D;475955
Key Down;Q;476030
Key Down;D;476324
Key Down;S;476348
Key Up;Q;476396
Key Up;S;476538
Key Up;D;476877
Key Down;Q;476880
Key Down;D;477159
Key Up;Q;477220
Key Up;D;477445
Key Down;Q;477468
Key Up;Q;478099
Key Down;D;478118
Key Down;Q;478609
Key Up;D;478657
Key Up;Q;479344
Key Down;D;479881
Key Up;D;480191
Key Down;D;480924
Key Down;Q;481232
Key Up;D;481244
Key Up;Q;482089
Key Down;Q;482472
Key Up;Q;482708
Key Down;Espace;483052
Key Down;D;483081
Key Up;Espace;483270
Key Up;D;483442
Key Down;Q;483770
Key Up;Q;484037
Key Down;Q;484369
Key Up;Q;484507
Key Down;Espace;485807
Key Down;D;485950
Key Up;Espace;486144
Key Up;D;486599
Key Down;D;486963
Key Up;D;487082
Key Down;D;489038
Key Up;D;489322
Key Down;Q;489716
Key Up;Q;490286
Key Down;S;490677
Key Down;Espace;490825
Key Up;Espace;491061
Key Up;S;491288
Key Down;Q;491539
Key Up;Q;491999
Key Down;D;492062
Key Down;S;492102
Key Up;D;492903
Key Down;Q;493012
Key Up;Q;493517
Key Down;D;493580
Key Up;D;494099
Key Down;Q;494155
Key Up;Q;494822
Key Down;D;495087
Key Up;D;496082
Key Down;D;496278
Key Up;D;496502
Key Down;Q;496625
Key Up;Q;497088
Key Down;Espace;497144
Key Down;D;497255
Key Up;Espace;497495
Key Up;D;497621
Key Down;Espace;497836
Key Down;D;498060
Key Up;Espace;498180
Key Up;D;498255
Key Up;S;498371
Key Down;D;498535
Key Down;Espace;498784
Key Up;Espace;498852
Key Up;D;499090
Key Down;Q;499226
Key Up;Q;500500
Key Down;D;500664
Key Up;D;501235
Key Down;Q;501542
Key Up;Q;501767
Key Down;Q;501936
Key Up;Q;502101
Key Down;Q;502337
Key Up;Q;502400
Key Down;D;502852
Key Up;D;503148
Key Down;Q;503285
Key Up;Q;503891
Key Down;Q;503922
Key Down;D;503942
Key Up;D;503964
Key Up;Q;504122
Key Down;D;504197
Key Up;D;504593
Key Down;D;504835
Key Up;D;504981
Key Down;D;505133
Key Up;D;505471
Key Down;D;505480
Key Up;D;505543
Key Down;Q;506040
Key Up;Q;506580
Key Down;D;506584
Key Up;D;506950
Key Down;Q;507013
Key Up;Q;507817
Key Down;D;508072
Key Down;Espace;508316
Key Up;Espace;508536
Key Up;D;508815
Key Down;Q;508934
Key Up;Q;509032
Key Down;Q;509624
Key Up;Q;509804
Key Down;Q;510347
Key Up;Q;510548
Key Down;Q;510649
Key Up;Q;510780
Key Down;Espace;511300
Key Down;D;511494
Key Up;Espace;511582
Key Up;D;511749
Key Down;Q;512194
Key Up;Q;512276
Key Down;D;512344
Key Up;D;513232
Key Down;D;513936
Key Up;D;514070
Key Down;Q;514904
Key Up;Q;515886
Key Down;Q;516191
Key Up;Q;516369
Key Down;Q;516497
Key Up;Q;517076
Key Down;Q;517475
Key Up;Q;517610
Key Down;D;519570
Key Up;D;520530
Key Down;D;521191
Key Up;D;521638
Key Down;D;522791
Key Up;D;522920
Key Down;D;523212
Key Up;D;523366
Key Down;Q;523608
Key Up;Q;523788
Key Down;Q;526650
Key Up;Q;527606
Key Down;Q;527849
Key Up;Q;527972
Key Down;D;528474
Key Up;D;529422
Key Down;D;530536
Key Up;D;530821
Key Down;Q;531070
Key Up;Q;531650
Key Down;D;531712
Key Up;D;531892
Key Down;Q;531967
Key Up;Q;532242
Key Down;D;533978
Key Up;D;534675
Key Down;Q;534828
Key Down;D;535183
Key Up;Q;535195
Key Up;D;535843
Key Down;Q;536060
Key Up;Q;536618
Key Down;Q;536850
Key Up;Q;536992
Key Down;Espace;537221
Key Down;Q;537357
Key Up;Espace;537814
Key Up;Q;537873
Key Down;D;537895
Key Up;D;538080
Key Down;Espace;538337
Key Down;D;538349
Key Up;Espace;538544
Key Down;Q;538618
Key Up;D;538645
Key Up;Q;538858
Key Down;D;539690
Key Down;Espace;540014
Key Up;Espace;540392
Key Up;D;540478
Key Down;D;541147
Key Up;D;541931
Key Down;D;542334
Key Up;D;542644
Key Down;Q;542916
Key Down;Espace;542932
Key Up;Espace;543182
Key Up;Q;543238
Key Down;S;544139
Key Down;Espace;544258
Key Up;Espace;544437
Key Up;S;544554
Key Down;Q;544881
Key Down;D;545807
Key Up;Q;545865
Key Up;D;546256
Key Down;R;546397
Key Up;R;546545
Key Down;Q;546951
Key Down;D;547164
Key Up;Q;547197
Key Up;D;547815
Key Down;Q;547843
Key Up;Q;548520
Key Down;Espace;548589
Key Down;Q;548755
Key Up;Espace;548884
Key Up;Q;548904
Key Down;Espace;550128
Key Up;Espace;550424
Key Down;D;551285
Key Up;D;551612
Key Down;Q;552202
Key Up;Q;552494
Key Down;Espace;552926
Key Down;D;552955
Key Up;Espace;553171
Key Up;D;553282
Key Down;Q;553448
Key Up;Q;553779
Key Down;Espace;553893
Key Down;D;554130
Key Up;Espace;554204
Key Up;D;554396
Key Down;Q;554508
Key Up;Q;554707
Key Down;Q;554968
Key Up;Q;555151
Key Down;D;555560
Key Down;Espace;555672
Key Up;Espace;555901
Key Up;D;555951
Key Down;Q;555969
Key Up;Q;556455
Key Down;Espace;557008
Key Down;D;557044
Key Up;Espace;557622
Key Up;D;558339
Key Down;D;558571
Key Up;D;558633
Key Down;Q;558818
Key Up;Q;558911
Key Down;D;559076
Key Up;D;559341
Key Down;Q;559451
Key Up;Q;559677
Key Down;Espace;559717
Key Down;D;559821
Key Up;Espace;559841
Key Up;D;560126
Key Down;Q;561052
Key Down;Espace;561151
Key Up;Espace;561437
Key Up;Q;561492
Key Down;Q;561689
Key Up;Q;562166
Key Down;Q;562383
Key Up;Q;562680
Key Down;Q;562774
Key Up;Q;562917
Key Down;Q;563370
Key Up;Q;563459
Key Down;Q;563640
Key Up;Q;563698
Key Down;Q;563897
Key Up;Q;563980
Key Down;D;563982
Key Down;Espace;564008
Key Up;Espace;564333
Key Up;D;565058
Key Down;D;565097
Key Up;D;565155
Key Down;D;565467
Key Up;D;565839
Key Down;D;565999
Key Up;D;566112
Key Down;Q;566416
Key Up;Q;566602
Key Down;Q;566765
Key Down;Espace;566970
Key Up;Espace;567175
Key Up;Q;568283
Key Down;Q;568950
Key Up;Q;569084
Key Down;D;569516
Key Up;D;569685
Key Down;Espace;570160
Key Down;S;570191
Key Up;Espace;570400
Key Up;S;570603
Key Down;A;570684
Key Up;A;570856
Key Down;S;571093
Key Down;Espace;571356
Key Up;Espace;571591
Key Down;D;571680
Key Up;D;572073
Key Down;Q;572243
Key Up;S;572467
Key Up;Q;572635
Key Down;D;572816
Key Up;D;572955
Key Down;Q;573195
Key Down;Espace;573336
Key Down;D;573462
Key Up;Q;573490
Key Up;Espace;573597
Key Down;Q;573771
Key Up;D;573784
Key Up;Q;573927
Key Down;D;574219
Key Up;D;574332
Key Down;Q;574436
Key Up;Q;574529
Key Down;D;574863
Key Up;D;574915
Key Down;Espace;574958
Key Down;Q;574989
Key Up;Espace;575173
Key Up;Q;575203
Key Down;D;575292
Key Up;D;575340
Key Down;Q;577250
Key Up;Q;577358
Key Down;D;577492
Key Down;Espace;577518
Key Up;Espace;577783
Key Up;D;578351
Key Down;Q;578384
Key Up;Q;578478
Key Down;D;578640
Key Up;D;578757
Key Down;Q;578876
Key Up;Q;578933
Key Down;D;578983
Key Down;Espace;579257
Key Up;Espace;579481
Key Up;D;579637
Key Down;Q;580174
Key Up;Q;580341
Key Down;D;580482
Key Up;D;580666
Key Down;D;580992
Key Up;D;581132
Key Down;D;581413
Key Up;D;581521
Key Down;Espace;581671
Key Down;Q;581681
Key Up;Espace;581865
Key Up;Q;583443
Key Down;D;583613
Key Up;D;583691
Key Down;Q;584116
Key Up;Q;584254
Key Down;D;585092
Key Down;Espace;585173
Key Down;Q;585325
Key Up;Espace;585337
Key Up;D;585342
Key Up;Q;585488
Key Down;D;586639
Key Up;D;586987
Key Down;D;588165
Key Down;Espace;588322
Key Up;Espace;588571
Key Up;D;589158
Key Down;Q;590255
Key Down;S;590503
Key Up;Q;590545
Key Down;Espace;590564
Key Up;Espace;590758
Key Down;Q;590791
Key Up;S;590949
Key Up;Q;591231
Key Down;Q;591617
Key Up;Q;591730
Key Down;Q;592291
Key Up;Q;592379
Key Down;E;596055
Key Up;E;596185
Key Down;Q;596278
Key Down;D;596841
Key Up;Q;596869
Key Down;Q;598325
Key Up;D;598363
Key Up;Q;599199
Key Down;Q;602527
Key Up;Q;602984
Key Down;D;603017
Key Down;E;605066
Key Up;D;605081
Key Up;E;605202
Key Down;Q;605327
Key Up;Q;605405
Key Down;E;607707
Key Up;E;607861
Key Down;Q;609274
Key Up;Q;610156
Key Down;Q;610650
Key Down;E;612700
Key Up;Q;612737
Key Up;E;612778
Key Down;Q;621220
Key Down;E;622087
Key Up;Q;622131
Key Up;E;622206
Key Down;Q;624545
Key Down;D;624729
Key Up;Q;624841
Key Up;D;625137
Key Down;Q;625342
Key Up;Q;625592
Key Down;D;625625
Key Up;D;626014
Key Down;Q;627185
Key Up;Q;627520
Key Down;D;628374
Key Up;D;628583
Key Down;D;628945
Key Up;D;629217
Key Down;Q;629301
Key Up;Q;629521
Key Down;Q;629872
Key Down;Espace;629963
Key Up;Espace;630280
Key Up;Q;631507
Key Down;D;631687
Key Up;D;631841
Key Down;Q;631911
Key Up;Q;632025
Key Down;Espace;632679
Key Down;D;632974
Key Up;Espace;633046
Key Up;D;633245
Key Down;Q;633289
Key Down;Espace;633415
Key Up;Q;633503
Key Down;D;633541
Key Up;Espace;633589
Key Up;D;633680
Key Down;Q;633930
Key Down;Espace;634032
Key Up;Espace;634217
Key Down;S;634246
Key Up;Q;634344
Key Up;S;634541
Key Down;Q;634565
Key Up;Q;634683
Key Down;S;634817
Key Down;Espace;634843
Key Up;Espace;635206
Key Down;D;635305
Key Up;S;635373
Key Up;D;635585
Key Down;D;635785
Key Up;D;636066
Key Down;Q;636131
Key Down;Espace;636335
Key Down;D;636562
Key Up;Espace;636574
Key Up;Q;636599
Key Up;D;636857
Key Down;Q;637037
Key Up;Q;637190
Key Down;Espace;637468
Key Down;D;637478
Key Up;Espace;637632
Key Up;D;637668
Key Down;Q;637687
Key Up;Q;637922
Key Down;D;637924
Key Up;D;638171
Key Down;Q;638394
Key Up;Q;638557
Key Down;Q;638926
Key Down;S;639310
Key Up;Q;639454
Key Down;D;639823
Key Up;S;639939
Key Up;D;640977
Key Down;Q;641007
Key Down;D;641383
Key Up;Q;641395
Key Up;D;641628
Key Down;Q;641643
Key Up;Q;641841
Key Down;D;641869
Key Up;D;642521
Key Down;Q;642534
Key Up;Q;643360
Key Down;D;643395
Key Up;D;643887
Key Down;Q;643906
Key Up;Q;644550
Key Down;D;644576
Key Down;E;645644
Key Up;D;645687
Key Up;E;645768
Key Down;S;650500
Key Down;Espace;650588
Key Up;Espace;650797
Key Up;S;650893
Key Down;E;650967
Key Up;E;651116
Key Down;D;654734
Key Up;D;654887
Key Down;D;656984
Key Up;D;657063
Key Down;Q;657787
Key Up;Q;657969
Key Down;Q;658310
Key Up;Q;658581
Key Down;Espace;659881
Key Down;Q;659977
Key Up;Espace;660155
Key Up;Q;660342
Key Down;Q;660730
Key Up;Q;660875
Key Down;Q;661293
Key Up;Q;661457
Key Down;D;661703
Key Up;D;662704
Key Down;D;663254
Key Down;Espace;663335
Key Down;Q;663486
Key Up;Espace;663536
Key Up;D;663579
Key Up;Q;663997
Key Down;Q;664081
Key Down;Espace;664137
Key Up;Espace;664331
Key Up;Q;664710
Key Down;Q;665079
Key Up;Q;665318
Key Down;D;665581
Key Down;Espace;665686
Key Up;Espace;665795
Key Up;D;666073
Key Down;Q;666233
Key Up;Q;666437
Key Down;D;666770
Key Down;Espace;667050
Key Up;Espace;667280
Key Up;D;667360
Key Down;Espace;667646
Key Down;Q;667657
Key Up;Espace;667862
Key Up;Q;668040
Key Down;Q;668626
Key Down;Espace;668791
Key Down;D;668957
Key Up;Espace;669038
Key Up;Q;669099
Key Up;D;669366
Key Down;Q;669505
Key Up;Q;669603
Key Down;D;669707
Key Up;D;669771
Key Down;D;673705
Key Down;E;674464
Key Up;D;674499
Key Up;E;674621
Key Down;D;679100
Key Down;E;679887
Key Up;D;679930
Key Up;E;680002
Key Down;D;683487
Key Up;D;684312
Key Down;D;685582
Key Up;D;685771
Key Down;Q;687019
Key Up;Q;687284
Key Down;D;687338
Key Up;D;687606
Key Down;Q;687820
Key Down;Espace;688006
Key Up;Espace;688217
Key Up;Q;688262
Key Down;D;688273
Key Up;D;688578
Key Down;Q;689009
Key Down;Espace;689187
Key Up;Espace;689402
Key Down;D;689472
Key Up;Q;689487
Key Up;D;689641
Key Down;Q;689685
Key Down;Espace;690068
Key Up;Espace;690344
Key Up;Q;690988
Key Down;D;691397
Key Up;D;691602
Key Down;D;691863
Key Down;Espace;692104
Key Up;Espace;692263
Key Up;D;692821
Key Down;Q;693208
Key Down;Espace;693446
Key Up;Espace;693678
Key Up;Q;694112
Key Down;D;694509
Key Up;D;694707
Key Down;D;695038
Key Down;S;695514
Key Up;D;695588
Key Down;Espace;695591
Key Up;Espace;695771
Key Up;S;695827
Key Down;E;695961
Key Up;E;696008
Key Down;D;696234
Key Up;D;696367
Key Down;E;696471
Key Up;E;696574
Key Down;D;697008
Key Up;D;697268
Key Down;Q;697321
Key Up;Q;697582
Key Down;E;698541
Key Up;E;698661
Key Down;Espace;698862
Key Down;Z;699064
Key Up;Z;699198
Key Up;Espace;699278
Key Down;E;699403
Key Up;E;699526
Key Down;E;700222
Key Up;E;700301
Key Down;D;700422
Key Up;D;700534
Key Down;D;704330
Key Up;D;705595
Key Down;Q;705764
Key Up;Q;706010
Key Down;E;706033
Key Up;E;706147
Key Down;Q;710113
Key Down;D;710617
Key Up;Q;710634
Key Up;D;710936
Key Down;Q;710945
Key Up;Q;711607
Key Down;Q;711952
Key Down;Espace;712116
Key Up;Espace;712319
Key Up;Q;712415
Key Down;D;712853
Key Down;Espace;713042
Key Up;Espace;713276
Key Up;D;713337
Key Down;Q;713593
Key Up;Q;713863
Key Down;D;714585
Key Up;D;714875
Key Down;Q;714970
Key Up;Q;715044
Key Down;D;715133
Key Up;D;715235
Key Down;Q;715389
Key Up;Q;715483
Key Down;D;715648
Key Up;D;715803
Key Down;Q;716208
Key Up;Q;716275
Key Down;Q;717204
Key Up;Q;717355
Key Down;Espace;717805
Key Down;Q;717815
Key Up;Espace;718310
Key Up;Q;718441
Key Down;Espace;719214
Key Down;D;719330
Key Up;Espace;719863
Key Up;D;719960
Key Down;Q;720702
Key Up;Q;720851
Key Down;Q;721312
Key Up;Q;721705
Key Down;S;721708
Key Down;D;721929
Key Up;S;722387
Key Up;D;722494
Key Down;Q;722583
Key Up;Q;722746
Key Down;D;722780
Key Up;D;723051
Key Down;D;723172
Key Up;D;723381
Key Down;D;723485
Key Up;D;723633
Key Down;D;723724
Key Up;D;723999
Key Down;D;724142
Key Up;D;724268
Key Down;D;724676
Key Up;D;724798
Key Down;D;724948
Key Down;Espace;724969
Key Up;Espace;725144
Key Up;D;725433
Key Down;D;725810
Key Down;Espace;725922
Key Up;Espace;726086
Key Up;D;726326
Key Down;A;726435
Key Up;A;726583
Key Down;Q;726854
Key Up;Q;727235
Key Down;Espace;727337
Key Down;Q;727366
Key Up;Espace;727601
Key Down;E;728166
Key Up;Q;728188
Key Up;E;728243
Key Down;Espace;729831
Key Up;Espace;730272
Key Down;Espace;731785
Key Up;Espace;732793
Key Down;Espace;733086
Key Down;Q;733636
Key Up;Espace;733651
Key Down;Espace;733871
Key Up;Espace;734072
Key Up;Q;734092
Key Down;D;734252
Key Down;Espace;734418
Key Up;Espace;734748
Key Up;D;734754
Key Down;E;734865
Key Up;E;735008
Key Down;Q;735062
Key Up;Q;735201
Key Down;E;735251
Key Up;E;735344
Key Down;Espace;740158
Key Down;Q;740296
Key Up;Espace;740567
Key Up;Q;740608
Key Down;Espace;742203
Key Down;D;742218
Key Up;Espace;742388
Key Up;D;742433
Key Down;D;742751
Key Up;D;742823
Key Down;D;743834
Key Down;Espace;743855
Key Up;Espace;744115
Key Up;D;744403
Key Down;Q;745231
Key Up;Q;745462
Key Down;Q;745571
Key Up;Q;745732
Key Down;Espace;747109
Key Up;Espace;747258
Key Down;Q;747962
Key Up;Q;748017
Key Down;D;748775
Key Down;Espace;749068
Key Up;Espace;749287
Key Up;D;749546
Key Down;D;752040
Key Up;D;752274
Key Down;D;752404
Key Up;D;752552
Key Down;E;753123
Key Up;E;753267
Key Down;Q;758827
Key Up;Q;759052
Key Down;Q;759217
Key Down;Espace;759987
Key Down;D;760195
Key Up;Espace;760216
Key Up;Q;760262
Key Up;D;760530
Key Down;Espace;760600
Key Up;Espace;760885
Key Down;D;761056
Key Down;Espace;761390
Key Up;Espace;761898
Key Down;Q;762255
Key Up;D;762268
Key Down;D;763361
Key Up;Q;763383
Key Down;Q;763694
Key Up;D;763732
Key Up;Q;764643
Key Down;Q;765254
Key Up;Q;765881
Key Down;D;767022
Key Down;S;768296
Key Down;Espace;768356
Key Up;D;768656
Key Up;Espace;768660
Key Down;Q;768927
Key Up;S;769127
Key Up;Q;769192
Key Down;D;770072
Key Up;D;770294
Key Down;E;770530
Key Up;E;770678
Key Down;S;771193
Key Down;D;771356
Key Up;S;771464
Key Up;D;771666
Key Down;Q;771716
Key Down;D;772034
Key Up;Q;772062
Key Up;D;772630
Key Down;Q;772632
Key Up;Q;773464
Key Down;D;773466
Key Down;Espace;773894
Key Up;D;773972
Key Up;Espace;774180
Key Down;Espace;774478
Key Down;Q;774528
Key Up;Espace;774909
Key Up;Q;775016
Key Down;Q;775140
Key Up;Q;775839
Key Down;D;775885
Key Up;D;776191
Key Down;Espace;777147
Key Down;Q;777364
Key Up;Espace;777589
Key Down;D;777685
Key Up;Q;777712
Key Up;D;777748
Key Down;Q;777750
Key Down;Espace;777842
Key Up;Q;777854
Key Down;D;778124
Key Up;Espace;778188
Key Up;D;778885
Key Down;Q;779022
Key Up;Q;779358
Key Down;D;779386
Key Up;D;779703
Key Down;Q;779706
Key Down;D;779813
Key Up;Q;779845
Key Up;D;780128
Key Down;Q;780294
Key Up;Q;780459
Key Down;D;780488
Key Up;D;780950
Key Down;Q;780973
Key Up;Q;781334
Key Down;Q;781516
Key Down;Espace;781572
Key Up;Espace;781765
Key Up;Q;782155
Key Down;D;782508
Key Up;D;782574
Key Down;D;782702
Key Down;S;782887
Key Up;D;782960
Key Down;Espace;783069
Key Up;Espace;783284
Key Down;D;783308
Key Up;S;783451
Key Up;D;783497
Key Down;Q;783637
Key Up;Q;783720
Key Down;D;783799
Key Up;D;784024
Key Down;Q;784109
Key Down;D;784550
Key Up;Q;784582
Key Up;D;784937
Key Down;Q;785232
Key Up;Q;785313
Key Down;D;785335
Key Up;D;785611
Key Down;D;785761
Key Up;D;785900
Key Down;D;786256
Key Up;D;786427
Key Down;D;786628
Key Up;D;786756
Key Down;Q;786961
Key Up;Q;787287
Key Down;D;787331
Key Up;D;787560
Key Down;Q;787562
Key Down;D;788423
Key Up;Q;788428
Key Down;Espace;788442
Key Up;Espace;788658
Key Up;D;789066
Key Down;Q;789404
Key Down;D;790687
Key Up;Q;790699
Key Down;Espace;790758
Key Up;Espace;791017
Key Up;D;791351
Key Down;Q;792043
Key Down;D;792345
Key Up;Q;792363
Key Down;Q;792829
Key Down;Espace;792854
Key Up;D;792871
Key Up;Espace;793078
Key Down;D;793142
Key Up;Q;793159
Key Down;Espace;793461
Key Up;D;793492
Key Down;Q;793506
Key Up;Espace;793986
Key Up;Q;794212
Key Down;Q;794623
Key Up;Q;794786
Key Down;Q;795042
Key Up;Q;795120
Key Down;S;797278
Key Down;Espace;797369
Key Up;S;797497
Key Up;Espace;797541
Key Down;Q;798996
Key Up;Q;799381
Key Down;D;799383
Key Up;D;799746
Key Down;Q;799814
Key Up;Q;799990
Key Down;E;800044
Key Up;E;800167
Key Down;D;800291
Key Up;D;800734
Key Down;E;800837
Key Up;E;800958
Key Down;D;801061
Key Down;Q;801757
Key Up;D;801812
Key Down;D;802591
Key Up;Q;802657
Key Down;Q;802808
Key Up;D;802826
Key Up;Q;803118
Key Down;D;803121
Key Up;D;803243
Key Down;Q;807087
Key Down;Espace;808625
Key Up;Espace;808871
Key Up;Q;808967
Key Down;Espace;809194
Key Down;D;809225
Key Up;Espace;809464
Key Up;D;809509
Key Down;E;809771
Key Up;E;809906
Key Down;E;810375
Key Up;E;810488
Key Down;Echap;817072
Key Up;Echap;817240
Key Down;S;817447
Key Down;Espace;817645
Key Down;D;817791
Key Up;Espace;817828
Key Up;S;817909
Key Down;E;818493
Key Up;D;818529
Key Up;E;818620
Key Down;D;827581
Key Down;Q;827849
Key Up;D;827881
Key Up;Q;828493
Key Down;D;829230
Key Up;D;829455
Key Down;Q;830142
Key Up;Q;830385
Key Down;D;830523
Key Up;D;830762
Key Down;Q;830828
Key Up;Q;831237
Key Down;D;831864
Key Up;D;832042
Key Down;D;832587
Key Up;D;832752
Key Down;D;833135
Key Up;D;833278
Key Down;Q;833362
Key Up;Q;833845
Key Down;D;834017
Key Up;D;834121
Key Down;Q;834310
Key Up;Q;834550
Key Down;D;834849
Key Up;D;835240
Key Down;Q;835339
Key Up;Q;835590
Key Down;D;835726
Key Up;D;836441
Key Down;D;836720
Key Up;D;836885
Key Down;D;837301
Key Up;D;837405
Key Down;Q;837489
Key Up;Q;838301
Key Down;Q;838430
Key Up;Q;838590
Key Down;Q;838739
Key Up;Q;838864
Key Down;D;838873
Key Down;Q;839060
Key Up;D;839072
Key Down;Espace;839222
Key Down;D;839342
Key Up;Espace;839415
Key Up;Q;839419
Key Up;D;839787
Key Down;D;839857
Key Up;D;840062
Key Down;D;840200
Key Up;D;840334
Key Down;D;840677
Key Up;D;840812
Key Down;Q;840814
Key Up;Q;841323
Key Down;Q;841393
Key Up;Q;841648
Key Down;D;841921
Key Down;Espace;842234
Key Up;Espace;842433
Key Up;D;842437
Key Down;Q;842452
Key Up;Q;842692
Key Down;D;842807
Key Up;D;843099
Key Down;D;843238
Key Up;D;843356
Key Down;D;843830
Key Up;D;844006
Key Down;Q;844075
Key Up;Q;844457
Key Down;Q;844761
Key Up;Q;845015
Key Down;D;845331
Key Up;D;845909
Key Down;Q;846850
Key Up;Q;847745
Key Down;Q;848093
Key Up;Q;848272
Key Down;D;848698
Key Up;D;848833
Key Down;Q;848912
Key Up;Q;848974
Key Down;D;849035
Key Up;D;849193
Key Down;Q;849247
Key Up;Q;849562
Key Down;Espace;849859
Key Down;Q;849869
Key Down;D;849970
Key Up;Q;850007
Key Up;Espace;850093
Key Up;D;850256
Key Down;Q;851055
Key Down;Espace;851075
Key Down;D;851171
Key Up;Espace;851340
Key Up;Q;851390
Key Down;Espace;851666
Key Up;Espace;851815
Key Down;Q;851889
Key Up;Q;851967
Key Up;D;852017
Key Down;D;852370
Key Up;D;852484
Key Down;Q;853238
Key Down;Espace;853297
Key Up;Espace;853558
Key Up;Q;853876
Key Down;Q;854365
Key Up;Q;854530
Key Down;Q;854982
Key Up;Q;855255
Key Down;S;856025
Key Down;D;856199
Key Up;S;856428
Key Down;Espace;856457
Key Up;Espace;856650
Key Up;D;856705
Key Down;D;857183
Key Up;D;857809
Key Down;Q;858239
Key Up;Q;858378
Key Down;D;858380
Key Up;D;858574
Key Down;D;859139
Key Up;D;859492
Key Down;D;859804
Key Up;D;860166
Key Down;Q;860317
Key Up;Q;861507
Key Down;D;861548
Key Up;D;862263
Key Down;Q;862379
Key Up;Q;862594
Key Down;D;862603
Key Down;Q;862890
Key Up;D;862908
Key Up;Q;863976
Key Down;Espace;864060
Key Down;D;864092
Key Down;Q;864263
Key Up;Espace;864275
Key Up;D;864326
Key Up;Q;864575
Key Down;D;865144
Key Up;D;865293
Key Down;D;865658
Key Up;D;865861
Key Down;D;867444
Key Down;Espace;867620
Key Up;Espace;867976
Key Up;D;868712
Key Down;D;869550
Key Up;D;870126
Key Down;D;871270
Key Up;D;871719
Key Down;D;871883
Key Up;D;872006
Key Down;Q;873229
Key Up;Q;873459
Key Down;D;873498
Key Up;D;874015
Key Down;Q;874901
Key Down;Espace;874982
Key Down;D;875088
Key Up;Espace;875156
Key Up;D;875297
Key Up;Q;875658
Key Down;Q;875881
Key Up;Q;876108
Key Down;Q;876232
Key Up;Q;876558
Key Down;D;876624
Key Up;D;876803
Key Down;Espace;877230
Key Down;D;877397
Key Up;Espace;877515
Key Up;D;877690
Key Down;D;877840
Key Down;Espace;877853
Key Up;Espace;878093
Key Up;D;878574
Key Down;D;878719
Key Up;D;878954
Key Down;D;879144
Key Up;D;879344
Key Down;D;879614
Key Up;D;880113
Key Down;D;880363
Key Up;D;880599
Key Down;Q;880710
Key Up;Q;880869
Key Down;Q;881462
Key Up;Q;881543
Key Down;Espace;883064
Key Down;Q;883173
Key Up;Espace;883352
Key Down;D;883354
Key Up;Q;883509
Key Up;D;883535
Key Down;Espace;884210
Key Down;Q;884358
Key Up;Espace;884562
Key Up;Q;884633
Key Down;D;884666
Key Up;D;884908
Key Down;Q;885073
Key Down;Espace;885109
Key Up;Espace;885642
Key Up;Q;885673
Key Down;D;886727
Key Down;Espace;886881
Key Up;Espace;887085
Key Up;D;887347
Key Down;Q;888238
Key Up;Q;888553
Key Down;Q;889048
Key Down;Espace;889109
Key Up;Espace;889368
Key Up;Q;889828
Key Down;Q;890484
Key Up;Q;891227
Key Down;S;891247
Key Up;S;891459
Key Down;D;891771
Key Down;Espace;892867
Key Up;Espace;893112
Key Up;D;893455
Key Down;D;893473
Key Up;D;893746
Key Down;Q;893904
Key Up;Q;893946
Key Down;D;894006
Key Up;D;894372
Key Down;Q;894410
Key Up;Q;894675
Key Down;D;894780
Key Up;D;895062
Key Down;S;895065
Key Down;Espace;895459
Key Up;Espace;895663
Key Down;Q;895762
Key Up;S;895988
Key Up;Q;896112
Key Down;Q;896626
Key Up;Q;897038
Key Down;D;897093
Key Up;D;897539
Key Down;Q;897761
Key Up;Q;898149
Key Down;D;898194
Key Up;D;898664
Key Down;Q;898825
Key Up;Q;899004
Key Down;Q;899325
Key Up;Q;900783
Key Down;D;900860
Key Up;D;900986
Key Down;Q;901060
Key Up;Q;901244
Key Down;D;901286
Key Up;D;902342
Key Down;Q;905071
Key Up;Q;905188
Key Down;Espace;905673
Key Down;Q;905985
Key Up;Espace;906130
Key Down;D;906209
Key Up;Q;906221
Key Up;D;906405
Key Down;E;906600
Key Up;E;906723
Key Down;E;909642
Key Up;E;909796
Key Down;E;910767
Key Up;E;910945
Key Down;E;911342
Key Up;E;911478
Key Down;Q;911684
Key Up;Q;911924
Key Down;E;912117
Key Up;E;912282
Key Down;E;913618
Key Up;E;913807
Key Down;E;914239
Key Up;E;914486
Key Down;E;916810
Key Up;E;916908
Key Down;E;917615
Key Up;E;917748
Key Down;E;918140
Key Up;E;918297
Key Down;E;918708
Key Up;E;918841
Key Down;E;919108
Key Up;E;919252
Key Down;S;919558
Key Down;Espace;919656
Key Up;Espace;919885
Key Up;S;919981
Key Down;E;920070
Key Up;E;920209
Key Down;Q;928248
Key Down;D;928653
Key Up;Q;928665
Key Up;D;928844
Key Down;Q;929229
Key Down;D;929452
Key Up;Q;929465
Key Up;D;930053
Key Down;Q;930178
Key Up;Q;930473
Key Down;D;930775
Key Up;D;931284
Key Down;D;931525
Key Up;D;931704
Key Down;Q;931880
Key Up;Q;932084
Key Down;D;932086
Key Up;D;932281
Key Down;D;932503
Key Up;D;932687
Key Down;Q;932689
Key Up;Q;933320
Key Down;D;933322
Key Up;D;933514
Key Down;Q;933584
Key Up;Q;934391
Key Down;Q;934651
Key Down;D;934998
Key Up;Q;935011
Key Down;Q;935367
Key Up;D;935409
Key Down;D;935683
Key Up;Q;935699
Key Up;D;936060
Key Down;Q;936074
Key Up;Q;936556
Key Down;D;936708
Key Up;D;936810
Key Down;Q;936865
Key Down;Espace;937099
Key Down;D;937129
Key Up;Q;937175
Key Up;Espace;937722
Key Down;Q;938445
Key Up;D;938478
Key Down;S;939732
Key Up;Q;939769
Key Down;D;939849
Key Up;S;939951
Key Down;Q;940412
Key Up;D;940434
Key Down;D;940679
Key Up;Q;940696
Key Up;D;941568
Key Down;Q;941582
Key Down;D;941776
Key Up;Q;941780
Key Up;D;942143
Key Down;Q;942289
Key Up;Q;943052
Key Down;D;943054
Key Up;D;943626
Key Down;Q;943840
Key Up;Q;944552
Key Down;D;944554
Key Up;D;945314
Key Down;D;945970
Key Up;D;946192
Key Down;Q;946795
Key Up;Q;947343
Key Down;D;947360
Key Up;D;947719
Key Down;Q;947924
Key Up;Q;948425
Key Down;D;948624
Key Up;D;949316
Key Down;Q;949318
Key Up;Q;950191
Key Down;Q;950705
Key Up;Q;950924
Key Down;D;950969
Key Up;D;951269
Key Down;Q;951315
Key Up;Q;951841
Key Down;Q;952306
Key Up;Q;952427
Key Down;Q;952516
Key Down;Espace;952647
Key Down;D;952778
Key Up;Q;952820
Key Up;Espace;952851
Key Up;D;953094
Key Down;D;953378
Key Up;D;953530
Key Down;D;953621
Key Down;Espace;953634
Key Up;Espace;954035
Key Up;D;954911
Key Down;D;955234
Key Up;D;955377
Key Down;D;955847
Key Up;D;956035
Key Down;Q;956430
Key Up;Q;956543
Key Down;D;956662
Key Up;D;956846
Key Down;Q;956990
Key Up;Q;957738
Key Down;D;957772
Key Up;D;957921
Key Down;Q;957923
Key Down;D;958370
Key Up;Q;958382
Key Up;D;958677
Key Down;Q;958838
Key Down;D;959373
Key Up;Q;959385
Key Up;D;960322
Key Down;Q;960372
Key Down;Espace;960525
Key Up;Espace;960800
Key Up;Q;961078
Key Down;Q;961252
Key Up;Q;961402
Key Down;D;961593
Key Up;D;962619
Key Down;D;962744
Key Up;D;962880
Key Down;Q;963012
Key Up;Q;963191
Key Down;D;963522
Key Up;D;963651
Key Down;Q;963716
Key Up;Q;963896
Key Down;Q;964449
Key Up;Q;964680
Key Down;D;965625
Key Up;D;965774
Key Down;D;966220
Key Up;D;966344
Key Down;Q;966574
Key Up;Q;966771
Key Down;Espace;967076
Key Down;Q;967193
Key Up;Espace;967678
Key Up;Q;968619
Key Down;Q;968760
Key Up;Q;968863
Key Down;D;969012
Key Up;D;969125
Key Down;Q;969654
Key Up;Q;970108
Key Down;D;970141
Key Up;D;970472
Key Down;D;970888
Key Down;Espace;971503
Key Up;Espace;971761
Key Up;D;971980
Key Down;A;971984
Key Up;A;972151
Key Down;Q;972315
Key Down;Espace;972335
Key Up;Espace;972581
Key Up;Q;973047
Key Down;D;973329
Key Down;Espace;973928
Key Up;Espace;974167
Key Down;Q;974357
Key Up;D;974393
Key Up;Q;974730
Key Down;D;975042
Key Down;Espace;975123
Key Up;Espace;975322
Key Up;D;975382
Key Down;D;975689
Key Down;Q;976469
Key Up;D;976506
Key Up;Q;976634
Key Down;D;976678
Key Up;D;976877
Key Down;Q;976887
Key Down;D;977176
Key Up;Q;977188
Key Up;D;977440
Key Down;Espace;977458
Key Down;Q;977469
Key Up;Espace;977658
Key Up;Q;977830
Key Down;D;977874
Key Up;D;978074
Key Down;Q;979144
Key Down;Espace;979185
Key Up;Espace;979936
Key Up;Q;980544
Key Down;D;980620
Key Up;D;981032
Key Down;Espace;982391
Key Down;D;982467
Key Up;Espace;982651
Key Down;Q;982674
Key Up;D;982716
Key Up;Q;982899
Key Down;Q;983096
Key Up;Q;983319
Key Down;Espace;983535
Key Down;D;983580
Key Up;Espace;983739
Key Up;D;983841
Key Down;Q;983926
Key Up;Q;984113
Key Down;Q;984336
Key Up;Q;984590
Key Down;Q;984878
Key Down;D;985132
Key Up;Q;985330
Key Down;Q;985606
Key Up;D;985649
Key Down;D;986022
Key Up;Q;986044
Key Up;D;986511
Key Down;D;988144
Key Up;D;988336
Key Down;Q;988654
Key Up;Q;988888
Key Down;D;988945
Key Up;D;989195
Key Down;Q;989245
Key Up;Q;989574
Key Down;D;989927
Key Up;D;990019
Key Down;Q;990253
Key Up;Q;990355
Key Down;A;990468
Key Up;A;990597
Key Down;D;990610
Key Up;D;990809
Key Down;D;991208
Key Up;D;991306
Key Down;D;991644
Key Up;D;991760
Key Down;Q;992426
Key Up;Q;992779
Key Down;D;993011
Key Up;D;993149
Key Down;Q;993172
Key Up;Q;993244
Key Down;Q;993734
Key Up;Q;993872
Key Down;D;994018
Key Down;Espace;994033
Key Down;Q;994255
Key Up;Espace;994274
Key Down;Espace;994307
Key Up;D;994365
Key Up;Espace;994380
Key Up;Q;994547
Key Down;Espace;994646
Key Down;Q;994772
Key Down;D;994852
Key Up;Espace;994869
Key Up;Q;994905
Key Up;D;995474
Key Down;Q;995503
Key Up;Q;996331
Key Down;D;996486
Key Up;D;996771
Key Down;Q;996773
Key Down;D;996790
Key Up;Q;996826
Key Up;D;996903
Key Down;Q;997385
Key Up;Q;998031
Key Down;D;998070
Key Up;D;998861
Key Down;D;998906
Key Up;D;999130
Key Down;Q;999180
Key Down;D;1000195
Key Up;Q;1000207
Key Down;Espace;1000396
Key Up;Espace;1000809
Key Up;D;1000895
Key Down;Q;1000897
Key Down;Espace;1000958
Key Up;Q;1000981
Key Up;Espace;1001219
Key Down;D;1001248
Key Down;Espace;1001369
Key Up;Espace;1001676
Key Up;D;1001833
Key Down;Espace;1002352
Key Up;Espace;1002604
Key Down;Q;1002612
Key Down;Espace;1002743
Key Up;Espace;1002882
Key Up;Q;1002916
Key Down;D;1003000
Key Up;D;1003914
Key Down;D;1004223
Key Up;D;1004824
Key Down;Espace;1004989
Key Down;Q;1005050
Key Up;Espace;1005234
Key Up;Q;1005321
Key Down;D;1005369
Key Down;Espace;1005775
Key Up;Espace;1006020
Key Up;D;1006135
Key Down;Left Alt;1010516
Key Up;Left Alt;1010846
Key Down;Left Alt;1011377
Key Down;Tab;1011489
Key Up;Left Alt;1011547
Key Up;Tab;1011623
