Event;Key;Time
Key Down;Q;5021
Key Down;Espace;5444
Key Up;Espace;5726
Key Up;Q;5854
Key Down;D;5955
Key Down;Espace;6031
Key Up;Espace;6397
Key Down;Espace;6816
Key Up;Espace;7085
Key Up;D;7445
Key Down;Q;7455
Key Down;Espace;7485
Key Up;Espace;7836
Key Down;S;8518
Key Up;Q;8637
Key Down;Espace;8776
Key Up;Espace;9016
Key Down;D;9140
Key Up;S;9324
Key Up;D;9651
Key Down;Q;9653
Key Up;Q;10440
Key Down;D;11061
Key Up;D;11433
Key Down;D;11513
Key Up;D;11770
Key Down;Q;11919
Key Up;Q;12458
Key Down;D;12506
Key Up;D;12935
Key Down;Q;13343
Key Up;Q;13663
Key Down;D;13826
Key Up;D;13975
Key Down;Q;14250
Key Down;D;14295
Key Up;Q;14399
Key Down;Espace;14463
Key Up;Espace;14881
Key Down;Q;14990
Key Up;D;15017
Key Down;Espace;15325
Key Up;Espace;15539
Key Up;Q;15859
Key Down;D;16226
Key Up;D;16582
Key Down;Q;16709
Key Up;Q;17135
Key Down;Q;17365
Key Up;Q;17475
Key Down;Q;17691
Key Down;Espace;17838
Key Up;Q;17889
Key Down;D;17944
Key Up;Espace;18042
Key Up;D;18148
Key Down;D;18780
Key Down;Espace;18860
Key Up;Espace;19510
Key Up;D;19682
Key Down;D;19840
Key Up;D;20067
Key Down;D;20370
Key Up;D;20548
Key Down;Q;21464
Key Down;S;22014
Key Up;Q;22045
Key Down;Espace;22047
Key Up;Espace;22257
Key Down;Q;22402
Key Up;Q;22816
Key Up;S;22979
Key Down;D;23962
Key Up;D;24521
Key Down;Q;24931
Key Up;Q;25110
Key Down;Q;25402
Key Up;Q;25525
Key Down;D;25761
Key Up;D;25911
Key Down;D;26142
Key Up;D;26366
Key Down;D;27140
Key Up;D;27268
Key Down;Q;27667
Key Up;Q;27881
Key Down;D;28160
Key Up;D;28419
Key Down;Q;28579
Key Up;Q;28947
Key Down;D;28981
Key Up;D;29236
Key Down;Q;29238
Key Down;Espace;29299
Key Up;Espace;29452
Key Up;Q;29690
Key Down;Q;30014
Key Up;Q;30188
Key Down;Q;30544
Key Up;Q;30673
Key Down;D;30738
Key Up;D;31423
Key Down;Q;31689
Key Up;Q;33056
Key Down;D;33120
Key Up;D;33521
Key Down;Q;33549
Key Up;Q;33788
Key Down;D;34657
Key Up;D;35205
Key Down;D;35246
Key Up;D;35486
Key Down;D;36045
Key Up;D;36200
Key Down;D;36472
Key Up;D;36625
Key Down;D;37128
Key Up;D;37356
Key Down;D;37596
Key Up;D;37735
Key Down;Q;37946
Key Up;Q;38253
Key Down;D;38267
Key Up;D;38714
Key Down;D;38925
Key Up;D;39058
Key Down;Q;39220
Key Up;Q;40184
Key Down;D;40259
Key Up;D;40823
Key Down;D;40825
Key Up;D;41066
Key Down;D;41293
Key Up;D;41477
Key Down;D;41601
Key Up;D;41769
Key Down;D;42203
Key Up;D;42419
Key Down;Q;42513
Key Down;Espace;42543
Key Up;Espace;42813
Key Up;Q;43004
Key Down;Q;43313
Key Up;Q;43451
Key Down;D;43818
Key Up;D;43941
Key Down;Q;44072
Key Down;Espace;44228
Key Up;Espace;44419
Key Up;Q;44728
Key Down;D;44969
Key Up;D;45213
Key Down;D;45381
Key Up;D;45484
Key Down;Q;45577
Key Up;Q;45792
Key Down;D;45951
Key Up;D;46095
Key Down;Q;46175
Key Up;Q;46376
Key Down;D;46868
Key Down;Espace;46950
Key Up;Espace;47119
Key Up;D;47155
Key Down;D;48047
Key Up;D;48238
Key Down;Q;48673
Key Up;Q;48766
Key Down;D;48794
Key Up;D;49318
Key Down;D;49504
Key Down;Q;49612
Key Up;D;49658
Key Down;D;50350
Key Up;Q;50362
Key Up;D;50640
Key Down;Q;50650
Key Down;R;50979
Key Up;R;51066
Key Up;Q;51254
Key Down;D;51329
Key Up;D;52033
Key Down;Q;52793
Key Up;Q;53048
Key Down;Q;53401
Key Up;Q;53602
Key Down;D;54080
Key Up;D;54229
Key Down;D;54764
Key Up;D;54888
Key Down;D;55230
Key Up;D;55384
Key Down;D;55507
Key Up;D;55648
Key Down;Q;56314
Key Down;Espace;57224
Key Down;D;57487
Key Up;Espace;57530
Key Up;Q;57688
Key Up;D;57692
Key Down;D;58540
Key Up;D;59184
Key Down;Q;60155
Key Up;Q;60557
Key Down;D;60834
Key Up;D;61003
Key Down;D;61295
Key Up;D;61455
Key Down;D;61568
Key Up;D;62386
Key Down;Q;62445
Key Down;D;62894
Key Up;Q;62940
Key Down;Q;63292
Key Down;Espace;63302
Key Up;D;63320
Key Up;Espace;63451
Key Up;Q;63563
Key Down;D;63631
Key Up;D;63878
Key Down;Q;63972
Key Up;Q;64592
Key Down;D;64621
Key Up;D;64812
Key Down;Q;64846
Key Down;D;65033
Key Up;Q;65070
Key Down;Q;65615
Key Up;D;65627
Key Down;D;65885
Key Up;Q;65897
Key Up;D;66115
Key Down;Q;66116
Key Up;Q;66971
Key Down;Q;67120
Key Up;Q;67239
Key Down;D;67352
Key Up;D;68105
Key Down;Q;68114
Key Down;D;68500
Key Up;Q;68512
Key Up;D;68689
Key Down;Q;68691
Key Down;D;68876
Key Up;Q;68908
Key Up;D;69063
Key Down;Q;69140
Key Up;Q;69304
Key Down;D;73133
Key Up;D;73929
Key Down;Q;74853
Key Down;D;75195
Key Up;Q;75211
Key Up;D;75433
Key Down;Q;75446
Key Up;Q;75935
Key Down;Q;76342
Key Up;Q;76456
Key Down;D;76545
Key Up;D;76876
Key Down;Q;76995
Key Up;Q;77192
Key Down;D;77275
Key Up;D;77464
Key Down;Q;77528
Key Down;D;77761
Key Up;Q;77771
Key Up;D;78123
Key Down;Q;78141
Key Down;Espace;79048
Key Up;Espace;79273
Key Up;Q;79540
Key Down;Espace;79912
Key Up;Espace;80144
Key Down;D;80496
Key Up;D;80908
Key Down;D;81303
Key Up;D;81516
Key Down;D;81782
Key Up;D;81942
Key Down;D;82136
Key Up;D;82408
Key Down;Q;82603
Key Down;D;82800
Key Up;Q;82812
Key Up;D;83037
Key Down;Q;83040
Key Down;D;83213
Key Up;Q;83225
Key Up;D;84299
Key Down;D;84473
Key Up;D;84576
Key Down;Q;84775
Key Up;Q;84980
Key Down;D;85039
Key Up;D;85193
Key Down;Espace;85349
Key Down;D;85395
Key Up;Espace;85625
Key Up;D;85910
Key Down;D;86286
Key Up;D;86440
Key Down;Q;86670
Key Up;Q;87026
Key Down;Q;87405
Key Up;Q;87735
Key Down;Espace;88138
Key Down;D;88219
Key Down;Q;88347
Key Up;D;88384
Key Up;Espace;88536
Key Up;Q;88723
Key Down;Q;88848
Key Up;Q;88895
Key Down;Q;89007
Key Up;Q;89535
Key Down;Q;89957
Key Up;Q;90177
Key Down;Q;90409
Key Up;Q;90456
Key Down;Q;90863
Key Down;Espace;90995
Key Up;Espace;91189
Key Up;Q;91484
Key Down;Espace;92934
Key Down;D;93126
Key Up;Espace;93159
Key Up;D;93341
Key Down;D;93649
Key Up;D;93803
Key Down;Q;94190
Key Up;Q;94528
Key Down;D;94734
Key Down;Espace;95924
Key Up;Espace;96158
Key Down;Espace;96533
Key Up;Espace;96761
Key Down;Espace;97042
Key Up;Espace;97404
Key Up;D;97507
Key Down;Espace;97928
Key Down;Q;98044
Key Up;Espace;98249
Key Up;Q;98562
Key Down;D;99178
Key Up;D;99307
Key Down;Q;99427
Key Up;Q;101119
Key Down;D;101772
Key Down;Espace;102187
Key Up;D;102580
Key Up;Espace;102605
Key Down;E;102690
Key Up;E;102798
Key Down;E;102883
Key Up;E;103002
Key Down;E;103055
Key Up;E;103178
Key Down;E;106348
Key Up;E;106482
Key Down;Q;106586
Key Up;Q;107156
Key Down;E;107321
Key Up;E;107445
Key Down;D;114739
Key Down;Q;115060
Key Up;D;115071
Key Up;Q;115536
Key Down;D;115747
Key Up;D;116519
Key Down;Q;117009
Key Up;Q;117314
Key Down;Q;117596
Key Up;Q;117760
Key Down;D;118412
Key Up;D;118538
Key Down;Q;118883
Key Down;D;119428
Key Up;Q;119459
Key Up;D;119753
Key Down;Q;119771
Key Down;D;120016
Key Up;Q;120038
Key Up;D;121036
Key Down;D;121548
Key Down;Q;121624
Key Up;D;121662
Key Up;Q;122506
Key Down;D;122515
Key Up;D;122867
Key Down;Q;122869
Key Down;D;123161
Key Up;D;123238
Key Up;Q;123597
Key Down;Q;123918
Key Up;Q;124155
Key Down;D;124225
Key Down;Q;124617
Key Up;D;124644
Key Up;Q;125353
Key Down;D;125494
Key Down;Espace;125782
Key Up;Espace;126139
Key Up;D;126560
Key Down;Q;127261
Key Down;Espace;127347
Key Up;Espace;127557
Key Up;Q;127799
Key Down;D;133672
Key Up;D;134011
Key Down;Q;134265
Key Up;Q;134450
Key Down;D;135166
Key Up;D;135305
Key Down;Q;135567
Key Down;Espace;135577
Key Up;Espace;135816
Key Up;Q;136191
Key Down;Q;136480
Key Down;Espace;136568
Key Down;D;136732
Key Up;Espace;136755
Key Up;Q;136759
Key Up;D;138140
Key Down;D;139264
Key Up;D;139581
Key Down;D;140412
Key Up;D;140639
Key Down;S;141021
Key Down;Espace;141196
Key Up;Espace;141366
Key Up;S;141610
Key Down;Q;141800
Key Up;Q;142212
Key Down;Q;143020
Key Up;Q;143462
Key Down;Q;144102
Key Up;Q;144689
Key Down;D;145224
Key Up;D;145525
Key Down;D;145677
Key Up;D;145936
Key Down;D;146481
Key Up;D;146606
Key Down;Q;146897
Key Up;Q;147040
Key Down;D;147089
Key Down;Espace;147155
Key Up;Espace;147395
Key Up;D;147450
Key Down;Q;147545
Key Up;Q;147797
Key Down;Q;148135
Key Up;Q;148459
Key Down;D;148733
Key Up;D;148927
Key Down;Q;148996
Key Down;D;149396
Key Up;Q;149449
Key Down;Q;149777
Key Up;D;149820
Key Up;Q;150371
Key Down;D;150496
Key Up;D;151832
Key Down;D;152056
Key Up;D;152225
Key Down;Q;152259
Key Down;Espace;152339
Key Up;Espace;152509
Key Up;Q;153350
Key Down;D;153373
Key Up;D;153608
Key Down;Q;153855
Key Up;Q;154345
Key Down;D;154372
Key Up;D;155284
Key Down;Q;155395
Key Down;D;155730
Key Up;Q;155742
Key Up;D;155941
Key Down;Q;156096
Key Down;D;156598
Key Up;Q;156610
Key Up;D;156910
Key Down;Q;156985
Key Up;Q;157163
Key Down;D;157165
Key Up;D;157601
Key Down;D;157743
Key Up;D;157898
Key Down;D;158562
Key Up;D;158758
Key Down;D;159565
Key Up;D;159736
Key Down;Q;159803
Key Up;Q;160109
Key Down;D;160139
Key Up;D;160308
Key Down;Q;160371
Key Up;Q;160550
Key Down;D;160553
Key Up;D;160723
Key Down;Q;160773
Key Up;Q;160963
Key Down;D;160971
Key Up;D;161145
Key Down;Q;161194
Key Up;Q;161383
Key Down;D;161397
Key Up;D;161561
Key Down;Q;161605
Key Down;D;161768
Key Up;Q;161780
Key Up;D;161931
Key Down;Q;161967
Key Up;Q;162176
Key Down;Q;163731
Key Up;Q;163947
Key Down;D;163952
Key Up;D;164607
Key Down;Q;171650
Key Up;Q;172136
Key Down;Q;172475
Key Down;D;173302
Key Up;Q;173332
Key Up;D;174150
Key Down;Q;174275
Key Up;Q;174735
Key Down;D;174748
Key Up;D;175201
Key Down;Q;175235
Key Up;Q;175623
Key Down;D;175860
Key Up;D;175978
Key Down;Q;176407
Key Down;Espace;176458
Key Up;Espace;176758
Key Up;Q;177015
Key Down;Espace;177172
Key Down;D;177440
Key Up;Espace;177518
Key Up;D;177564
Key Down;D;177818
Key Down;Espace;177884
Key Up;Espace;178272
Key Up;D;179314
Key Down;D;179672
Key Up;D;179830
Key Down;Q;180350
Key Up;Q;182155
Key Down;Q;182514
Key Up;Q;182678
Key Down;D;182697
Key Up;D;183778
Key Down;D;184049
Key Up;D;184234
Key Down;D;184536
Key Up;D;184968
Key Down;D;185169
Key Up;D;185353
Key Down;D;185544
Key Up;D;185678
Key Down;D;186029
Key Up;D;186162
Key Down;D;186785
Key Up;D;186877
Key Down;Espace;186879
Key Down;Q;186927
Key Up;Espace;187141
Key Up;Q;188244
Key Down;Q;188983
Key Up;Q;189341
Key Down;S;189354
Key Down;Espace;189891
Key Up;Espace;190192
Key Down;D;190330
Key Up;S;190435
Key Up;D;190947
Key Down;S;191922
Key Down;D;192170
Key Up;S;192222
Key Up;D;192562
Key Down;Q;192591
Key Down;D;192972
Key Up;Q;193115
Key Down;Q;193400
Key Up;D;193464
Key Up;Q;194131
Key Down;D;194166
Key Up;D;195091
Key Down;Q;195105
Key Up;Q;195318
Key Down;D;195332
Key Up;D;195720
Key Down;Q;196827
Key Up;Q;197066
Key Down;D;197084
Key Up;D;197466
Key Down;Q;197468
Key Up;Q;198151
Key Down;Q;198636
Key Up;Q;199497
Key Down;Q;199913
Key Up;Q;200072
Key Down;Q;201203
Key Up;Q;201403
Key Down;D;202807
Key Up;D;202963
Key Down;Q;203470
Key Down;D;203902
Key Up;Q;203935
Key Down;Espace;204004
Key Up;Espace;204269
Key Up;D;204689
Key Down;Q;204823
Key Up;Q;205114
Key Down;D;205153
Key Up;D;205893
Key Down;Q;206162
Key Up;Q;206311
Key Down;D;206330
Key Up;D;206691
Key Down;Q;206872
Key Up;Q;207068
Key Down;Espace;207414
Key Up;Espace;207674
Key Down;D;207916
Key Up;D;208072
Key Down;Espace;208165
Key Up;Espace;208415
Key Down;Espace;209394
Key Down;S;209444
Key Up;Espace;209649
Key Down;Q;209805
Key Up;Q;209978
Key Down;Espace;210200
Key Up;Espace;210439
Key Up;S;210855
Key Down;Q;212797
Key Up;Q;213061
Key Down;D;213121
Key Down;Espace;213824
Key Up;Espace;214100
Key Up;D;214218
Key Down;Espace;214453
Key Down;Q;214463
Key Up;Espace;214846
Key Up;Q;215266
Key Down;A;215365
Key Up;A;215497
Key Down;Espace;215536
Key Down;D;215546
Key Up;Espace;215979
Key Down;S;216226
Key Up;D;216304
Key Down;Espace;216499
Key Up;Espace;216739
Key Up;S;217179
Key Down;Espace;217829
Key Down;Q;217854
Key Up;Espace;217994
Key Up;Q;217998
Key Down;Q;219124
Key Up;Q;219407
Key Down;Q;219950
Key Up;Q;220114
Key Down;D;220708
Key Up;D;220843
Key Down;Q;221060
Key Up;Q;221183
Key Down;D;221236
Key Down;Q;221493
Key Up;D;221497
Key Down;Espace;221516
Key Up;Espace;221755
Key Up;Q;222823
Key Down;D;223374
Key Up;D;223553
Key Down;Q;224184
Key Up;Q;224296
Key Down;D;224391
Key Down;Espace;224594
Key Up;Espace;224838
Key Up;D;225807
Key Down;S;226166
Key Down;Espace;226335
Key Up;Espace;226531
Key Down;Q;226725
Key Up;S;226895
Key Up;Q;226899
Key Down;D;227065
Key Down;Espace;227223
Key Up;Espace;227426
Key Up;D;227509
Key Down;Espace;227826
Key Down;Q;227860
Key Up;Espace;228081
Key Up;Q;229140
Key Down;S;229371
Key Down;Espace;229640
Key Up;Espace;229855
Key Down;Q;230095
Key Up;Q;230224
Key Down;Q;230399
Key Up;Q;230535
Key Down;D;230568
Key Up;S;231114
Key Up;D;231405
Key Down;D;231611
Key Up;D;231902
Key Down;D;232304
Key Up;D;232442
Key Down;Q;232671
Key Down;D;232858
Key Up;Q;232873
Key Down;Q;232944
Key Up;D;232955
Key Up;Q;233337
Key Down;A;233417
Key Up;A;233569
Key Down;Q;233827
Key Up;Q;234438
Key Down;Q;234631
Key Up;Q;234799
Key Down;Q;235036
Key Down;D;235076
Key Up;Q;235149
Key Up;D;235341
Key Down;Q;235343
Key Down;D;235578
Key Up;Q;235615
Key Up;D;235803
Key Down;Q;235806
Key Down;Espace;235954
Key Down;D;235989
Key Up;Q;236017
Key Up;Espace;236477
Key Up;D;237161
Key Down;D;238111
Key Down;Espace;238206
Key Down;Q;238383
Key Up;D;238406
Key Up;Espace;238623
Key Down;Espace;238681
Key Up;Espace;238752
Key Down;Espace;239340
Key Up;Espace;239744
Key Up;Q;239835
Key Down;Espace;240046
Key Down;D;240271
Key Up;Espace;240545
Key Down;Espace;241909
Key Up;Espace;242119
Key Up;D;242230
Key Down;Q;242592
Key Up;Q;242721
Key Down;S;243468
Key Up;S;243593
Key Down;S;243622
Key Down;Espace;243737
Key Up;Espace;243964
Key Down;Q;244053
Key Up;S;244226
Key Up;Q;244242
Key Down;D;244453
Key Up;D;244633
Key Down;D;245122
Key Up;D;245260
Key Down;D;245699
Key Up;D;245847
Key Down;Q;245988
Key Up;Q;246182
Key Down;Q;249136
Key Down;D;250852
Key Up;Q;250899
Key Down;E;251541
Key Up;D;251599
Key Up;E;251670
Key Down;Q;258680
Key Up;Q;259180
Key Down;Q;259435
Key Down;Espace;259618
Key Up;Espace;259855
Key Up;Q;259914
Key Down;Espace;260198
Key Down;D;260418
Key Up;Espace;260562
Key Up;D;260637
Key Down;E;260772
Key Up;E;260877
Key Down;Echap;265092
Key Up;Echap;265262
Key Down;S;265433
Key Down;Espace;265629
Key Down;D;265690
Key Up;Espace;265798
Key Up;S;265833
Key Down;E;266454
Key Up;D;266473
Key Up;E;266574
Key Down;R;272764
Key Up;R;272928
Key Down;Q;274116
Key Down;E;274939
Key Up;Q;274979
Key Up;E;275050
Key Down;R;275747
Key Up;R;275910
Key Down;R;276527
Key Up;R;276615
Key Down;R;276713
Key Up;R;276812
Key Down;R;276891
Key Up;R;277009
Key Down;R;277078
Key Up;R;277176
Key Down;R;277249
Key Up;R;277344
Key Down;R;277413
Key Up;R;277510
Key Down;R;277632
Key Up;R;277724
Key Down;R;277819
Key Up;R;277902
Key Down;R;278011
Key Up;R;278099
Key Down;R;278229
Key Up;R;278349
Key Down;Espace;279014
Key Down;Q;279024
Key Up;Espace;279203
Key Up;Q;279527
Key Down;Espace;281980
Key Down;Q;282040
Key Up;Espace;282290
Key Up;Q;282692
Key Down;Espace;283300
Key Down;D;283375
Key Up;Espace;283596
Key Up;D;284107
Key Down;Q;284333
Key Down;Espace;284552
Key Up;Espace;284742
Key Up;Q;285075
Key Down;Espace;285143
Key Down;D;285351
Key Up;Espace;285403
Key Up;D;285459
Key Down;Q;285464
Key Down;D;285904
Key Up;Q;285922
Key Down;Espace;285945
Key Up;Espace;286397
Key Up;D;287073
Key Down;D;287524
Key Up;D;287723
Key Down;Q;288060
Key Down;Espace;288263
Key Up;Espace;288457
Key Up;Q;288497
Key Down;Q;288937
Key Up;Q;289034
Key Down;D;289451
Key Down;Espace;289564
Key Up;Espace;289677
Key Up;D;289911
Key Down;Q;290131
Key Up;Q;290264
Key Down;D;290363
Key Up;D;290512
Key Down;Q;290677
Key Up;Q;290816
Key Down;D;290902
Key Up;D;291060
Key Down;Q;291220
Key Up;Q;291353
Key Down;E;291722
Key Up;E;291859
Key Down;D;294807
Key Up;D;295503
Key Down;D;296569
Key Down;E;297702
Key Up;D;297779
Key Up;E;297865
Key Down;D;302539
Key Up;D;302803
Key Down;D;304555
Key Down;Espace;304585
Key Up;Espace;304880
Key Up;D;305468
Key Down;Q;305942
Key Up;Q;306050
Key Down;Q;306215
Key Up;Q;306319
Key Down;D;306782
Key Up;D;306956
Key Down;Q;307687
Key Up;Q;307785
Key Down;D;308132
Key Up;D;308243
Key Down;D;308507
Key Up;D;308580
Key Down;Q;308922
Key Up;Q;309076
Key Down;D;309131
Key Up;D;309310
Key Down;Q;309870
Key Down;Espace;309886
Key Up;Espace;310091
Key Up;Q;310186
Key Down;D;310199
Key Up;D;310397
Key Down;Q;310480
Key Up;Q;310634
Key Down;Q;313930
Key Down;Espace;314030
Key Up;Espace;314717
Key Down;E;314821
Key Up;Q;314849
Key Up;E;314975
Key Down;Q;319734
Key Down;S;319931
Key Up;Q;319943
Key Down;Espace;320068
Key Down;D;320219
Key Up;Espace;320343
Key Up;S;320368
Key Up;D;320547
Key Down;E;320630
Key Up;E;320739
Key Down;Q;320848
Key Up;Q;320871
Key Down;Q;320873
Key Up;Q;320910
Key Down;Q;321283
Key Up;Q;323435
Key Down;D;324715
Key Up;D;324913
Key Down;Q;326546
Key Up;Q;326670
Key Down;Espace;327772
Key Down;D;327807
Key Up;Espace;328132
Key Up;D;328490
Key Down;Espace;329189
Key Up;Espace;329392
Key Down;Q;330197
Key Up;Q;331437
Key Down;D;331530
Key Down;Q;331955
Key Up;D;331967
Key Down;D;332172
Key Up;Q;332200
Key Up;D;332424
Key Down;Q;332426
Key Down;D;332711
Key Up;Q;332723
Key Up;D;332876
Key Down;Q;332899
Key Down;D;333077
Key Up;D;333123
Key Up;Q;333194
Key Down;D;333318
Key Up;D;333411
Key Down;Q;333445
Key Down;D;333612
Key Up;Q;333624
Key Up;D;333761
Key Down;Q;333789
Key Down;D;333959
Key Up;Q;333971
Key Up;D;334121
Key Down;Q;334141
Key Down;D;334307
Key Up;Q;334341
Key Up;D;334457
Key Down;Q;334485
Key Down;D;334623
Key Up;Q;334645
Key Up;D;334771
Key Down;Q;334773
Key Up;Q;335041
Key Down;D;335662
Key Up;D;335884
Key Down;Q;336164
Key Up;Q;336444
Key Down;D;336588
Key Up;D;336768
Key Down;D;336955
Key Up;D;337048
Key Down;Q;337050
Key Down;D;337212
Key Up;Q;337224
Key Up;D;337392
Key Down;Q;337472
Key Up;Q;337641
Key Down;D;337659
Key Up;D;337896
Key Down;Q;338041
Key Up;Q;338240
Key Down;D;338298
Key Up;D;338467
Key Down;Q;338522
Key Up;Q;338639
Key Down;D;338679
Key Up;D;338802
Key Down;Q;338896
Key Down;D;339045
Key Up;Q;339057
Key Up;D;339481
Key Down;D;339702
Key Up;D;339830
Key Down;Q;340133
Key Up;Q;340626
Key Down;D;340816
Key Up;D;341153
Key Down;E;341242
Key Up;E;341365
Key Down;E;341808
Key Up;E;341966
Key Down;E;343978
Key Up;E;344108
Key Down;S;344369
Key Down;Espace;344479
Key Up;Espace;344684
Key Up;S;344826
Key Down;E;344844
Key Up;E;344982
Key Down;Q;349254
Key Down;E;349870
Key Up;Q;349907
Key Up;E;350025
Key Down;E;350218
Key Up;E;350325
Key Down;D;354261
Key Up;D;354448
Key Down;Q;355549
Key Up;Q;356331
Key Down;D;356849
Key Up;D;357375
Key Down;D;357667
Key Up;D;357785
Key Down;D;358061
Key Down;Espace;358132
Key Up;Espace;358454
Key Up;D;358631
Key Down;Q;358634
Key Up;Q;358940
Key Down;Espace;359522
Key Down;D;359592
Key Up;Espace;359741
Key Up;D;360181
Key Down;Q;361176
Key Up;Q;361350
Key Down;D;361931
Key Up;D;362054
Key Down;Q;364177
Key Up;Q;364808
Key Down;Q;365458
Key Up;Q;365582
Key Down;Espace;365672
Key Up;Espace;365890
Key Down;D;367026
Key Up;D;367165
Key Down;D;367288
Key Up;D;367704
Key Down;D;368232
Key Up;D;368384
Key Down;Q;368405
Key Down;D;368604
Key Up;Q;368621
Key Down;Q;369160
Key Up;D;369172
Key Down;Espace;369174
Key Up;Espace;369630
Key Down;Espace;369796
Key Up;Espace;369978
Key Up;Q;370155
Key Down;Espace;370371
Key Down;Q;370452
Key Up;Espace;370600
Key Up;Q;370718
Key Down;D;371449
Key Up;D;371655
Key Down;Q;372087
Key Up;Q;372321
Key Down;E;372330
Key Up;E;372454
Key Down;Q;373020
Key Up;Q;373975
Key Down;Q;376012
Key Up;Q;376576
Key Down;Q;377042
Key Up;Q;377203
Key Down;E;377253
Key Up;E;377383
Key Down;Q;380852
Key Up;Q;380940
Key Down;D;381030
Key Up;D;381127
Key Down;Espace;386777
Key Up;Espace;387498
Key Down;E;388552
Key Up;E;388696
Key Down;R;390861
Key Up;R;391025
Key Down;R;391979
Key Up;R;392027
Key Down;D;393709
Key Up;D;394264
Key Down;Q;394359
Key Up;Q;394573
Key Down;D;394631
Key Up;D;394830
Key Down;Q;394832
Key Down;D;395021
Key Up;Q;395033
Key Down;Q;395255
Key Up;D;395267
Key Down;D;395463
Key Up;Q;395485
Key Down;Q;395903
Key Up;D;395962
Key Down;D;396199
Key Up;Q;396216
Key Down;Q;396427
Key Up;D;396444
Key Down;D;396613
Key Up;Q;396626
Key Down;Q;396806
Key Up;D;396848
Key Up;Q;397026
Key Down;D;397028
Key Up;D;397250
Key Down;Q;397258
Key Down;D;397461
Key Up;Q;397473
Key Up;D;397654
Key Down;Q;397656
Key Down;D;397819
Key Up;Q;397841
Key Up;D;397937
Key Down;Q;398017
Key Down;D;398148
Key Up;Q;398166
Key Up;D;398263
Key Down;Q;398343
Key Up;Q;398482
Key Down;D;398495
Key Up;D;398618
Key Down;Q;398713
Key Up;Q;398926
Key Down;D;399311
Key Down;Q;399866
Key Up;D;399919
Key Up;Q;400427
Key Down;D;400608
Key Down;S;401242
Key Up;D;401335
Key Down;Espace;401949
Key Up;Espace;402089
Key Down;Q;402298
Key Up;S;402460
Key Up;Q;402722
Key Down;D;403131
Key Up;D;403991
Key Down;Q;404234
Key Down;D;404953
Key Up;Q;404965
Key Up;D;405493
Key Down;D;406319
Key Up;D;406620
Key Down;Q;406701
Key Down;D;407096
Key Up;Q;407108
Key Down;Q;407379
Key Up;D;407397
Key Down;D;407640
Key Up;Q;407656
Key Down;Q;407962
Key Up;D;408005
Key Down;D;408190
Key Up;Q;408229
Key Down;Q;408458
Key Up;D;408498
Key Down;D;408678
Key Up;Q;408740
Key Down;Espace;409239
Key Down;Q;409391
Key Up;D;409506
Key Up;Espace;409521
Key Up;Q;409691
Key Down;D;409693
Key Up;D;409906
Key Down;Q;409908
Key Down;Espace;409924
Key Up;Espace;410184
Key Down;D;410821
Key Up;Q;410836
Key Up;D;411111
Key Down;Q;412147
Key Up;Q;412342
Key Down;D;412416
Key Up;D;412484
Key Down;Q;412496
Key Up;Q;413014
Key Down;D;413030
Key Up;D;413619
Key Down;Q;413656
Key Down;D;414008
Key Up;Q;414021
Key Up;D;414380
Key Down;Q;414524
Key Up;Q;414781
Key Down;A;414894
Key Up;A;415028
Key Down;Q;415178
Key Up;Q;415668
Key Down;D;415797
Key Up;D;416021
Key Down;Q;416096
Key Up;Q;416473
Key Down;D;416796
Key Up;D;417252
Key Down;D;417416
Key Down;Espace;417484
Key Up;Espace;417801
Key Up;D;417938
Key Down;D;418072
Key Up;D;418286
Key Down;Q;418613
Key Down;Espace;418852
Key Up;Espace;419117
Key Down;D;419373
Key Up;Q;419414
Key Up;D;420013
Key Down;Q;420033
Key Down;D;420361
Key Up;Q;420373
Key Down;S;420646
Key Up;D;420698
Key Down;Espace;420748
Key Up;Espace;420950
Key Down;D;420961
Key Up;D;421205
Key Down;Q;421273
Key Up;Q;421412
Key Down;D;421430
Key Up;S;421461
Key Down;Espace;421547
Key Up;Espace;421711
Key Up;D;421756
Key Down;Q;421771
Key Down;D;422126
Key Up;Q;422143
Key Up;D;422776
Key Down;Q;422877
Key Up;Q;423193
Key Down;D;423247
Key Up;D;423389
Key Down;Q;423545
Key Up;Q;423719
Key Down;D;423748
Key Up;D;423913
Key Down;Q;423987
Key Down;D;424129
Key Up;Q;424171
Key Up;D;424323
Key Down;Q;424568
Key Up;Q;424753
Key Down;D;424806
Key Up;D;425027
Key Down;Q;425055
Key Up;Q;425507
Key Down;D;425520
Key Up;D;425740
Key Down;Q;425764
Key Down;D;426079
Key Up;Q;426091
Key Down;Espace;426458
Key Up;Espace;426734
Key Up;D;427180
Key Down;Q;427380
Key Up;Q;428458
Key Down;Q;428590
Key Up;Q;428862
Key Down;D;429113
Key Up;D;429283
Key Down;D;429503
Key Up;D;429649
Key Down;D;429852
Key Down;Espace;430122
Key Down;Q;430358
Key Up;D;430396
Key Up;Espace;430416
Key Down;D;430720
Key Up;Q;430735
Key Down;Espace;430975
Key Down;Q;431281
Key Up;Espace;431308
Key Up;D;431323
Key Down;Espace;432043
Key Up;Espace;432508
Key Up;Q;432700
Key Down;Espace;432815
Key Up;Espace;433036
Key Down;D;433377
Key Down;A;433823
Key Up;A;434012
Key Up;D;434276
Key Down;Q;434278
Key Up;Q;434635
Key Down;D;434653
Key Up;D;434984
Key Down;Q;435023
Key Up;Q;435552
Key Down;D;435581
Key Down;Q;436696
Key Up;D;436794
Key Down;Espace;437081
Key Up;Espace;437277
Key Up;Q;437529
Key Down;D;437542
Key Up;D;437827
Key Down;Q;437845
Key Down;D;438369
Key Up;D;438452
Key Up;Q;438557
Key Down;S;438779
Key Down;Espace;438986
Key Up;Espace;439203
Key Down;D;439232
Key Up;S;439510
Key Up;D;439546
Key Down;Espace;439632
Key Down;D;439741
Key Up;Espace;439855
Key Up;D;439910
Key Down;Q;440035
Key Up;Q;440225
Key Down;D;440264
Key Up;D;440626
Key Down;D;440839
Key Up;D;441010
Key Down;Q;441424
Key Up;Q;441558
Key Down;D;441978
Key Up;D;442103
Key Down;Q;442281
Key Up;Q;442430
Key Down;D;442510
Key Up;D;442535
Key Down;Q;442881
Key Up;Q;443137
Key Down;D;443273
Key Up;D;443382
Key Down;Q;443426
Key Up;Q;443609
Key Down;D;443707
Key Up;D;443821
Key Down;Q;443930
Key Up;Q;444099
Key Down;D;444238
Key Up;D;444365
Key Down;D;444454
Key Down;Espace;444468
Key Up;Espace;445105
Key Up;D;445177
Key Down;Espace;445361
Key Down;Q;445445
Key Up;Espace;445599
Key Up;Q;445695
Key Down;D;445723
Key Up;D;445988
Key Down;S;446407
Key Down;Espace;446531
Key Up;Espace;446737
Key Down;Q;446791
Key Up;S;446970
Key Up;Q;448261
Key Down;D;448277
Key Up;D;448386
Key Down;D;448874
Key Up;D;449240
Key Down;D;450134
Key Up;D;450348
Key Down;Q;451437
Key Up;Q;452003
Key Down;D;452032
Key Down;E;452520
Key Up;E;452671
Key Up;D;453138
Key Down;Q;453156
Key Up;Q;453705
Key Down;Q;458695
Key Down;Espace;460300
Key Up;Espace;460495
Key Up;Q;460551
Key Down;D;460579
Key Up;D;460749
Key Down;D;460914
Key Down;Espace;460929
Key Up;D;461058
Key Down;Q;461071
Key Up;Espace;461264
Key Up;Q;461309
Key Down;E;461606
Key Up;E;461736
Key Down;Echap;465279
Key Up;Echap;465438
Key Down;S;465666
Key Down;D;465888
Key Down;Espace;465961
Key Up;Espace;466183
Key Up;S;466326
Key Down;E;466826
Key Up;D;466868
Key Up;E;466975
Key Down;D;473548
Key Up;D;474013
Key Down;R;474874
Key Up;R;475004
Key Down;Q;476239
Key Down;D;476671
Key Up;Q;476714
Key Down;Q;477054
Key Up;D;477079
Key Down;D;477301
Key Up;Q;477318
Key Up;D;477596
Key Down;Q;477695
Key Down;Espace;477782
Key Up;Espace;478017
Key Up;Q;478416
Key Down;Q;478740
Key Up;Q;478988
Key Down;D;479846
Key Up;D;480507
Key Down;D;480819
Key Up;D;481008
Key Down;D;481412
Key Up;D;481549
Key Down;D;481877
Key Up;D;482030
Key Down;D;482494
Key Up;D;482622
Key Down;Q;482890
Key Up;Q;483441
Key Down;Q;483608
Key Up;Q;483787
Key Down;D;483861
Key Up;D;484026
Key Down;Q;484069
Key Up;Q;484276
Key Down;D;484304
Key Up;D;484423
Key Down;Q;484451
Key Up;Q;484690
Key Down;Q;484824
Key Up;Q;484979
Key Down;Espace;485771
Key Down;Q;485781
Key Up;Q;485798
Key Up;Espace;485965
Key Down;D;486303
Key Up;D;486487
Key Down;Q;488288
Key Up;Q;488431
Key Down;D;489622
Key Up;D;489826
Key Down;D;490017
Key Up;D;490186
Key Down;D;490625
Key Up;D;490778
Key Down;D;491602
Key Up;D;491771
Key Down;Q;492696
Key Up;Q;492966
Key Down;Q;493274
Key Up;Q;493346
Key Down;D;493421
Key Up;D;493605
Key Down;Q;493719
Key Up;Q;493858
Key Down;D;494230
Key Up;D;494401
Key Down;D;494635
Key Up;D;494759
Key Down;Q;495079
Key Up;Q;495209
Key Down;D;495564
Key Up;D;495700
Key Down;Q;496321
Key Up;Q;496451
Key Down;Q;496496
Key Up;Q;496633
Key Down;D;496717
Key Up;D;496927
Key Down;Q;497061
Key Up;Q;497221
Key Down;D;497385
Key Up;D;497540
Key Down;Q;497669
Key Down;D;497927
Key Down;Espace;497942
Key Up;Q;497954
Key Up;Espace;498213
Key Up;D;498297
Key Down;D;499835
Key Up;D;500196
Key Down;D;500448
Key Up;D;500579
Key Down;Q;500869
Key Down;Espace;500884
Key Up;Espace;501093
Key Up;Q;501442
Key Down;Espace;501445
Key Down;Q;501583
Key Up;Espace;501813
Key Up;Q;501889
Key Down;Q;502150
Key Up;Q;502430
Key Down;Q;502654
Key Up;Q;502785
Key Down;D;502819
Key Up;D;503078
Key Down;D;504165
Key Up;D;504298
Key Down;Q;504455
Key Up;Q;504618
Key Down;Q;504845
Key Up;Q;504938
Key Down;Q;505402
Key Up;Q;505484
Key Down;Q;506461
Key Up;Q;506516
Key Down;D;506784
Key Down;Espace;506891
Key Up;D;507069
Key Down;Q;507083
Key Up;Espace;507094
Key Up;Q;507231
Key Down;Q;508824
Key Up;Q;508972
Key Down;Espace;510396
Key Up;Espace;510550
Key Down;D;510798
Key Up;D;511043
Key Down;Q;511510
Key Up;Q;511664
Key Down;D;511815
Key Up;D;511944
Key Down;D;512038
Key Up;D;512434
Key Down;Q;512503
Key Up;Q;512866
Key Down;Q;513826
Key Up;Q;513964
Key Down;Q;514468
Key Up;Q;514627
Key Down;D;514901
Key Up;D;515078
Key Down;A;515244
Key Up;A;515392
Key Down;D;515610
Key Up;D;516178
Key Down;Q;516392
Key Up;Q;516643
Key Down;D;517054
Key Up;D;517568
Key Down;D;517887
Key Up;D;517997
Key Down;Q;518086
Key Down;D;518445
Key Up;Q;518461
Key Up;D;519489
Key Down;Q;520249
Key Up;Q;520716
Key Down;Q;521055
Key Up;Q;521497
Key Down;Q;521995
Key Down;Espace;522052
Key Up;Espace;522250
Key Up;Q;522413
Key Down;D;522573
Key Up;D;522858
Key Down;Q;523186
Key Up;Q;523334
Key Down;Q;523500
Key Up;Q;523642
Key Down;D;524255
Key Down;Espace;524349
Key Down;Q;524567
Key Up;Espace;524584
Key Up;D;524665
Key Down;D;524703
Key Up;D;524760
Key Up;Q;524820
Key Down;D;524987
Key Up;D;525045
Key Down;D;525317
Key Down;Espace;525746
Key Up;Espace;526007
Key Up;D;526761
Key Down;D;526916
Key Up;D;527163
Key Down;Q;527202
Key Down;Espace;527212
Key Up;Espace;527456
Key Up;Q;527491
Key Down;Q;528027
Key Up;Q;528110
Key Down;Q;528322
Key Up;Q;528473
Key Down;D;528589
Key Up;D;528814
Key Down;Espace;529070
Key Down;Q;529085
Key Down;D;529280
Key Up;Espace;529291
Key Up;Q;529307
Key Up;D;529560
Key Down;Q;529663
Key Up;Q;529853
Key Down;Q;530450
Key Down;Espace;530534
Key Up;Espace;530810
Key Up;Q;530909
Key Down;Q;531083
Key Down;Espace;531167
Key Up;Espace;531684
Key Up;Q;532137
Key Down;Q;532354
Key Up;Q;532674
Key Down;D;532863
Key Up;D;533013
Key Down;Q;533522
Key Up;Q;533925
Key Down;D;533957
Key Up;D;534183
Key Down;Q;535403
Key Down;Espace;535422
Key Up;Espace;535591
Key Up;Q;535641
Key Down;D;535643
Key Down;Espace;536058
Key Up;Espace;536248
Key Up;D;536279
Key Down;D;536541
Key Up;D;536730
Key Down;Q;537037
Key Up;Q;537502
Key Down;Q;537767
Key Up;Q;537939
Key Down;D;538184
Key Up;D;538317
Key Down;D;539003
Key Up;D;539122
Key Down;Espace;541330
Key Down;D;541485
Key Up;Espace;541887
Key Up;D;541891
Key Down;Q;541905
Key Up;Q;542469
Key Down;Q;542742
Key Up;Q;542871
Key Down;Q;543987
Key Up;Q;544349
Key Down;Q;545128
Key Up;Q;545300
Key Down;D;545482
Key Up;D;545822
Key Down;D;546118
Key Up;D;546339
Key Down;Q;546419
Key Up;Q;546614
Key Down;D;546823
Key Up;D;547149
Key Down;D;547252
Key Up;D;547621
Key Down;Q;548129
Key Up;Q;548546
Key Down;Q;549001
Key Up;Q;549094
Key Down;D;549557
Key Up;D;550175
Key Down;Q;550256
Key Down;D;550880
Key Up;Q;550892
Key Down;Espace;551098
Key Down;Q;551239
Key Up;D;551272
Key Up;Espace;551312
Key Up;Q;551600
Key Down;Q;551914
Key Up;Q;552144
Key Down;Q;552146
Key Up;Q;552350
Key Down;D;552353
Key Up;D;553445
Key Down;Q;553582
Key Up;Q;553978
Key Down;D;554028
Key Up;D;554505
Key Down;Q;554705
Key Up;Q;555092
Key Down;Q;555925
Key Down;Espace;556254
Key Up;Q;556331
Key Down;D;556380
Key Up;Espace;556417
Key Up;D;556707
Key Down;D;557268
Key Up;D;557788
Key Down;Q;558401
Key Up;Q;559010
Key Down;D;559569
Key Up;D;560039
Key Down;Q;560244
Key Up;Q;560469
Key Down;D;560669
Key Up;D;560962
Key Down;Q;561271
Key Up;Q;561451
Key Down;R;561774
Key Up;R;561897
Key Down;Espace;565387
Key Down;Q;565574
Key Up;Espace;565825
Key Down;D;565929
Key Up;Q;565941
Key Down;E;566720
Key Up;D;566797
Key Up;E;566823
Key Down;E;607163
Key Up;E;607325
Key Down;Q;607594
Key Down;E;608377
Key Up;E;608496
Key Up;Q;608526
Key Down;E;610553
Key Up;E;610700
Key Down;S;610984
Key Down;Espace;611196
Key Up;Espace;611415
Key Down;D;611469
Key Up;S;611502
Key Down;E;612080
Key Up;D;612115
Key Up;E;612212
Key Down;Q;618296
Key Down;D;618754
Key Up;Q;618786
Key Down;Q;619201
Key Up;D;619238
Key Up;Q;619807
Key Down;D;619864
Key Up;D;620174
Key Down;Q;620184
Key Up;Q;620307
Key Down;D;620784
Key Up;D;620918
Key Down;Q;620957
Key Up;Q;621416
Key Down;D;621445
Key Down;Q;621757
Key Up;D;621770
Key Up;Q;622037
Key Down;D;622046
Key Down;Q;622367
Key Up;D;622383
Key Down;D;622619
Key Up;Q;622642
Key Up;D;622965
Key Down;Q;623029
Key Down;D;623186
Key Up;Q;623199
Key Down;Q;623349
Key Up;D;623362
Key Down;D;623502
Key Up;Q;623513
Key Down;Q;623642
Key Up;D;623665
Key Up;Q;624136
Key Down;Q;624489
Key Up;Q;624738
Key Down;D;624934
Key Up;D;625148
Key Down;Q;625267
Key Up;Q;625497
Key Down;D;625644
Key Down;Espace;625659
Key Up;Espace;625885
Key Down;Espace;626272
Key Up;Espace;626514
Key Up;D;626554
Key Down;D;627392
Key Down;Espace;627832
Key Up;Espace;627995
Key Up;D;628097
Key Down;Q;628421
Key Up;Q;630102
Key Down;Q;630411
Key Up;Q;630514
Key Down;D;631147
Key Up;D;631292
Key Down;D;631401
Key Up;D;631541
Key Down;Q;631711
Key Up;Q;631864
Key Down;D;632004
Key Up;D;632128
Key Down;Q;632161
Key Up;Q;632528
Key Down;Q;632730
Key Up;Q;632908
Key Down;D;633346
Key Down;Espace;633442
Key Up;Espace;633886
Key Up;D;633981
Key Down;D;635254
Key Up;D;636372
Key Down;D;636545
Key Up;D;636732
Key Down;D;637014
Key Up;D;637193
Key Down;D;637395
Key Up;D;637548
Key Down;D;637721
Key Up;D;637873
Key Down;D;638057
Key Up;D;638317
Key Down;Q;638366
Key Up;Q;638591
Key Down;Espace;638656
Key Down;Q;638838
Key Up;Espace;638861
Key Up;Q;639017
Key Down;D;639659
Key Up;D;639821
Key Down;Q;640335
Key Down;Espace;640365
Key Up;Espace;640749
Key Up;Q;640824
Key Down;Espace;641161
Key Down;Q;641201
Key Up;Espace;641858
Key Up;Q;642091
Key Down;D;642665
Key Up;D;642826
Key Down;Q;642828
Key Down;Espace;642844
Key Up;Q;643033
Key Up;Espace;643037
Key Down;D;643051
Key Up;D;643280
Key Down;Q;643562
Key Up;Q;643747
Key Down;Q;643853
Key Up;Q;644052
Key Down;Q;644374
Key Up;Q;644431
Key Down;D;644568
Key Up;D;644814
Key Down;Q;645121
Key Down;Espace;645210
Key Up;Q;645263
Key Down;D;645337
Key Up;Espace;645394
Key Up;D;645500
Key Down;D;645666
Key Down;Espace;645789
Key Up;Espace;645960
Key Up;D;646008
Key Down;Q;646134
Key Up;Q;646930
Key Down;Q;647091
Key Up;Q;647295
Key Down;Q;647561
Key Up;Q;647751
Key Down;D;647797
Key Up;D;648035
Key Down;D;648169
Key Up;D;648323
Key Down;D;648502
Key Up;D;648539
Key Down;Q;648574
Key Up;Q;648753
Key Down;D;649141
Key Up;D;649315
Key Down;Q;649431
Key Up;Q;649679
Key Down;D;649829
Key Down;Espace;650150
Key Up;Espace;650696
Key Up;D;650932
Key Down;Q;651510
Key Up;Q;651700
Key Down;Q;651903
Key Down;Espace;652096
Key Up;Espace;652319
Key Up;Q;652933
Key Down;Q;653208
Key Up;Q;653372
Key Down;Q;653374
Key Up;Q;653660
Key Down;D;654373
Key Up;D;654632
Key Down;Espace;655077
Key Down;D;655102
Key Up;Espace;655403
Key Down;Espace;655462
Key Up;Espace;655928
Key Up;D;656092
Key Down;D;656762
Key Up;D;656935
Key Down;Q;657283
Key Up;Q;657740
Key Down;Q;658272
Key Up;Q;658395
Key Down;Q;659114
Key Up;Q;659605
Key Down;D;660228
Key Up;D;660376
Key Down;Q;662387
Key Up;Q;662642
Key Down;Q;663044
Key Up;Q;663179
Key Down;Q;663395
Key Up;Q;663533
Key Down;Espace;664057
Key Down;Q;664128
Key Down;D;664162
Key Up;Espace;664365
Key Up;D;664501
Key Up;Q;664556
Key Down;D;664641
Key Up;D;664829
Key Down;Espace;664994
Key Up;Espace;665206
Key Down;D;665309
Key Down;Espace;665324
Key Up;Espace;665614
Key Up;D;665660
Key Down;D;665936
Key Up;D;666065
Key Down;D;666555
Key Up;D;666678
Key Down;D;666768
Key Up;D;667273
Key Down;D;667413
Key Up;D;667540
Key Down;Q;668758
Key Up;Q;668932
Key Down;Q;669254
Key Up;Q;669784
Key Down;Q;669991
Key Up;Q;670374
Key Down;Q;670830
Key Up;Q;671064
Key Down;D;671343
Key Up;D;671496
Key Down;D;672839
Key Up;D;672983
Key Down;Q;673160
Key Up;Q;673970
Key Down;Espace;674110
Key Up;Espace;674300
Key Down;D;674405
Key Up;D;674696
Key Down;D;676768
Key Up;D;677419
Key Down;Q;677873
Key Up;Q;678777
Key Down;Q;678886
Key Up;Q;679099
Key Down;Espace;679154
Key Down;D;679175
Key Up;Espace;679684
Key Up;D;680688
Key Down;Q;681174
Key Down;Espace;681299
Key Up;Espace;681885
Key Up;Q;682235
Key Down;Q;682492
Key Up;Q;682683
Key Down;Q;682785
Key Up;Q;683022
Key Down;D;683201
Key Up;D;683284
Key Down;D;683587
Key Up;D;683894
Key Down;Q;683932
Key Up;Q;684122
Key Down;D;684251
Key Down;Espace;684317
Key Up;Espace;684521
Key Up;D;684626
Key Down;Q;684688
Key Up;Q;684887
Key Down;D;684976
Key Up;D;685565
Key Down;Q;686177
Key Up;Q;686280
Key Down;D;686436
Key Up;D;686869
Key Down;D;686927
Key Up;D;687111
Key Down;Q;687135
Key Up;Q;687419
Key Down;Q;687970
Key Up;Q;688539
Key Down;D;688572
Key Up;D;688758
Key Down;Q;689054
Key Up;Q;689253
Key Down;Q;689680
Key Up;Q;689819
Key Down;D;689906
Key Up;D;690125
Key Down;Q;690200
Key Up;Q;690422
Key Down;Q;690604
Key Up;Q;690767
Key Down;D;690930
Key Up;D;691096
Key Down;Q;691212
Key Down;D;691349
Key Up;Q;691366
Key Up;D;691721
Key Down;Q;691780
Key Up;Q;691985
Key Down;D;692004
Key Up;D;692239
Key Down;D;692545
Key Up;D;693034
Key Down;Q;693037
Key Down;Espace;693053
Key Up;Espace;693247
Key Up;Q;693459
Key Down;D;694050
Key Up;D;694694
Key Down;D;694722
Key Up;D;694846
Key Down;Q;695208
Key Up;Q;695479
Key Down;D;695756
Key Up;D;695952
Key Down;Q;696814
Key Up;Q;697055
Key Down;D;697281
Key Up;D;697636
Key Down;D;698063
Key Up;D;698174
Key Down;D;699164
Key Up;D;699348
Key Down;Q;699695
Key Up;Q;699850
Key Down;D;699965
Key Up;D;700110
Key Down;Q;700180
Key Up;Q;700480
Key Down;D;700497
Key Up;D;700667
Key Down;D;701647
Key Up;D;701717
Key Down;Q;701840
Key Down;D;702125
Key Up;Q;702137
Key Up;D;702466
Key Down;Q;702510
Key Down;Espace;702752
Key Up;Espace;703008
Key Up;Q;703086
Key Down;Q;704530
Key Up;Q;704760
Key Down;D;704824
Key Down;Espace;704837
Key Up;Espace;705029
Key Down;A;705190
Key Up;D;705233
Key Up;A;705343
Key Down;Q;705588
Key Down;S;705918
Key Up;Q;705940
Key Down;Espace;706039
Key Up;Espace;706275
Key Down;D;706349
Key Up;S;706445
Key Up;D;706735
Key Down;D;706883
Key Up;D;707203
Key Down;Q;707586
Key Up;Q;707668
Key Down;D;707743
Key Down;Espace;707787
Key Up;Espace;708241
Key Up;D;708448
Key Down;Q;708582
Key Down;Espace;708592
Key Up;Espace;708975
Key Up;Q;709141
Key Down;D;709191
Key Up;D;709679
Key Down;Q;726703
Key Down;Espace;726969
Key Up;Espace;727193
Key Down;D;727384
Key Up;Q;727397
Key Down;Espace;727571
Key Up;Espace;727869
Key Down;Q;728169
Key Up;D;728211
Key Down;Espace;728255
Key Up;Espace;728490
Key Up;Q;728830
Key Down;D;728832
Key Down;S;729351
Key Up;D;729478
Key Down;Espace;729502
Key Up;Espace;729712
Key Down;Q;729806
Key Up;S;729975
Key Down;Espace;730200
Key Down;D;730400
Key Up;Espace;730446
Key Up;Q;730461
Key Up;D;731656
Key Down;Q;731790
Key Up;Q;732508
Key Down;Q;732745
Key Up;Q;732883
Key Down;Q;733391
Key Down;D;733711
Key Up;Q;733727
Key Up;D;734403
Key Down;Q;735044
Key Up;Q;735652
Key Down;Q;735937
Key Up;Q;736252
Key Down;Q;736381
Key Down;Espace;736422
Key Up;Q;736682
Key Up;Espace;736686
Key Down;Espace;737467
Key Down;D;737541
Key Up;Espace;737665
Key Up;D;737685
Key Down;D;738808
Key Down;Espace;738828
Key Up;Espace;739393
Key Up;D;739767
Key Down;D;740186
Key Up;D;740395
Key Down;D;740591
Key Up;D;740857
Key Down;Q;741332
Key Up;Q;741490
Key Down;D;741513
Key Up;D;741880
Key Down;D;742296
Key Up;D;742463
Key Down;Q;742831
Key Up;Q;743005
Key Down;D;743184
Key Up;D;743313
Key Down;Espace;744581
Key Down;Q;744805
Key Up;Espace;744852
Key Up;Q;744943
Key Down;Q;745417
Key Up;Q;745568
Key Down;D;745715
Key Up;D;745910
Key Down;Q;746016
Key Up;Q;747249
Key Down;S;747752
Key Down;Espace;747829
Key Up;Espace;748023
Key Up;S;748176
Key Down;D;748598
Key Up;D;749577
Key Down;D;749789
Key Up;D;749962
Key Down;Q;750235
Key Up;Q;750672
Key Down;D;750790
Key Up;D;750950
Key Down;Q;750973
Key Down;D;751188
Key Up;Q;751199
Key Up;D;751346
Key Down;Q;751390
Key Down;D;751511
Key Up;Q;751563
Key Down;Q;751642
Key Up;D;751695
Key Up;Q;752014
Key Down;D;752123
Key Up;D;752258
Key Down;Q;752323
Key Down;D;752706
Key Up;Q;752738
Key Up;D;752839
Key Down;Q;752842
Key Up;Q;753078
Key Down;D;753405
Key Up;D;753585
Key Down;D;753662
Key Up;D;753812
Key Down;Q;753840
Key Up;Q;754570
Key Down;D;754692
Key Up;D;755250
Key Down;Q;755252
Key Up;Q;755803
Key Down;D;755816
Key Up;D;756493
Key Down;D;756980
Key Up;D;757104
Key Down;D;757414
Key Up;D;758164
Key Down;Espace;758217
Key Down;Q;758282
Key Up;Espace;758383
Key Up;Q;758424
Key Down;Q;758543
Key Up;Q;759025
Key Down;Q;759396
Key Up;Q;759629
Key Down;D;759702
Key Up;D;760475
Key Down;Q;760600
Key Up;Q;761850
Key Down;Q;762027
Key Up;Q;762217
Key Down;D;762300
Key Up;D;762512
Key Down;D;762716
Key Up;D;763256
Key Down;Q;763462
Key Up;Q;764190
Key Down;D;764192
Key Up;D;764912
Key Down;Q;765231
Key Up;Q;765617
Key Down;D;765741
Key Up;D;765945
Key Down;D;767405
Key Up;D;767691
Key Down;Q;768214
Key Up;Q;768764
Key Down;D;768796
Key Up;D;769292
Key Down;Q;769294
Key Up;Q;769718
Key Down;D;770339
Key Up;D;770604
Key Down;Q;770715
Key Up;Q;771155
Key Down;Q;771442
Key Up;Q;771604
Key Down;D;771682
Key Up;D;771835
Key Down;Q;771878
Key Up;Q;772108
Key Down;D;772624
Key Down;Espace;772786
Key Up;Espace;773000
Key Up;D;773429
Key Down;D;773728
Key Up;D;773846
Key Down;Q;774208
Key Up;Q;774768
Key Down;D;774771
Key Up;D;774990
Key Down;Q;775069
Key Down;D;775802
Key Up;Q;775817
Key Up;D;776607
Key Down;Q;776934
Key Up;Q;777062
Key Down;D;777064
Key Down;Q;777781
Key Up;D;777813
Key Down;D;778491
Key Up;Q;778507
Key Up;D;778767
Key Down;Q;778850
Key Up;Q;779327
Key Down;D;779463
Key Up;D;779656
Key Down;Q;779808
Key Up;Q;780002
Key Down;D;780031
Key Up;D;780341
Key Down;D;780660
Key Up;D;780889
Key Down;D;781751
Key Down;Espace;781806
Key Up;Espace;781978
Key Up;D;782371
Key Down;Espace;782917
Key Down;Q;783004
Key Up;Espace;783162
Key Up;Q;783339
Key Down;Espace;783886
Key Down;Q;783956
Key Up;Espace;784130
Key Up;Q;784424
Key Down;D;784524
Key Up;D;784954
Key Down;S;785476
Key Down;Espace;785557
Key Up;Espace;785767
Key Down;Q;785918
Key Up;S;786041
Key Up;Q;786566
Key Down;D;786672
Key Up;D;786862
Key Down;Espace;792714
Key Up;Espace;793299
Key Down;E;793368
Key Up;E;793491
Key Down;S;796525
Key Down;Espace;796661
Key Up;Espace;796853
Key Up;S;797133
Key Down;Echap;797442
Key Up;Echap;797604
Key Down;S;797811
Key Up;S;797882
Key Down;S;797884
Key Down;Espace;798039
Key Up;Espace;798234
Key Up;S;798300
Key Down;E;798333
Key Up;E;798481
Key Down;Q;804429
Key Down;D;804889
Key Up;Q;804901
Key Up;D;805373
Key Down;Q;805442
Key Down;D;805881
Key Down;S;805892
Key Up;S;805975
Key Up;Q;806005
Key Down;Q;806181
Key Up;D;806279
Key Up;Q;806560
Key Down;D;806583
Key Up;D;806792
Key Down;D;806886
Key Up;D;807593
Key Down;Q;807757
Key Up;Q;808012
Key Down;D;808025
Key Up;D;808496
Key Down;D;808616
Key Up;D;808914
Key Down;D;809307
Key Up;D;809473
Key Down;D;809987
Key Up;D;810120
Key Down;Q;810317
Key Up;Q;810548
Key Down;D;810614
Key Up;D;810704
Key Down;Q;810777
Key Up;Q;810855
Key Down;D;810955
Key Up;D;811034
Key Down;Q;811102
Key Up;Q;811307
Key Down;Q;811682
Key Up;Q;811859
Key Down;Q;812008
Key Up;Q;812456
Key Down;D;812502
Key Up;D;812634
Key Down;Q;812658
Key Up;Q;812882
Key Down;Q;813072
Key Up;Q;813256
Key Down;Q;813564
Key Up;Q;813754
Key Down;D;813847
Key Up;D;814092
Key Down;Q;814175
Key Down;D;814256
Key Up;Q;814292
Key Up;D;814555
Key Down;Q;815322
Key Up;Q;815688
Key Down;D;815743
Key Up;D;815891
Key Down;Q;815924
Key Up;Q;816310
Key Down;Q;817058
Key Up;Q;817256
Key Down;D;817307
Key Up;D;817921
Key Down;D;818071
Key Up;D;818448
Key Down;D;818496
Key Up;D;818569
Key Down;Q;818872
Key Up;Q;819631
Key Down;D;819809
Key Up;D;819982
Key Down;Q;820082
Key Up;Q;820276
Key Down;D;820278
Key Up;D;820449
Key Down;Q;820472
Key Up;Q;820724
Key Down;D;820737
Key Up;D;820865
Key Down;Q;820903
Key Up;Q;821173
Key Down;D;821175
Key Up;D;821939
Key Down;Espace;822174
Key Down;D;822361
Key Up;Espace;822454
Key Down;Z;822513
Key Up;D;822666
Key Down;Q;822668
Key Up;Z;822770
Key Up;Q;823038
Key Down;Espace;823121
Key Down;D;823293
Key Up;Espace;823811
Key Up;D;823933
Key Down;Espace;823975
Key Down;Q;824064
Key Up;Espace;824284
Key Up;Q;824399
Key Down;Q;824508
Key Up;Q;825760
Key Down;Q;826115
Key Up;Q;826274
Key Down;S;826449
Key Down;Espace;826559
Key Up;Espace;826785
Key Down;D;826829
Key Up;S;826928
Key Up;D;827381
Key Down;Q;827619
Key Up;Q;827803
Key Down;D;827909
Key Up;D;828168
Key Down;D;828398
Key Up;D;828714
Key Down;Q;828768
Key Up;Q;828985
Key Down;D;829460
Key Up;D;829555
Key Down;Q;829614
Key Up;Q;829844
Key Down;D;829972
Key Up;D;830926
Key Down;Q;832376
Key Up;Q;832650
Key Down;D;835369
Key Up;D;835740
Key Down;Q;837721
Key Up;Q;838077
Key Down;D;838117
Key Up;D;838448
Key Down;Q;838496
Key Up;Q;838924
Key Down;Q;839272
Key Up;Q;839456
Key Down;Espace;843087
Key Down;Q;843102
Key Up;Espace;843359
Key Up;Q;843667
Key Down;Q;844454
Key Up;Q;844664
Key Down;D;845346
Key Up;D;845525
Key Down;D;849492
Key Up;D;849883
Key Down;Q;849947
Key Up;Q;850203
Key Down;Q;851628
Key Up;Q;851917
Key Down;D;852124
Key Up;D;852775
Key Down;Q;852829
Key Down;Espace;853021
Key Up;Espace;853296
Key Up;Q;853403
Key Down;D;853605
Key Down;Espace;853641
Key Up;Espace;853854
Key Up;D;854008
Key Down;D;854478
Key Up;D;854672
Key Down;Q;854802
Key Up;Q;854995
Key Down;S;855227
Key Down;Espace;855404
Key Up;Espace;855625
Key Up;S;855837
Key Down;D;855891
Key Up;D;856090
Key Down;Q;858319
Key Up;Q;858763
Key Down;D;858852
Key Up;D;859251
Key Down;D;860012
Key Down;Q;860456
Key Up;D;860560
Key Down;D;861310
Key Up;Q;861361
Key Up;D;862182
Key Down;Q;862459
Key Down;D;862832
Key Up;Q;862835
Key Down;Espace;863204
Key Up;Espace;863424
Key Up;D;863663
Key Down;Q;863686
Key Up;Q;864401
Key Down;Q;865814
Key Up;Q;866180
Key Down;D;866194
Key Up;D;866379
Key Down;Q;866414
Key Up;Q;866582
Key Down;D;866610
Key Up;D;866674
Key Down;Q;866676
Key Up;Q;867217
Key Down;Q;867220
Key Up;Q;867499
Key Down;D;867759
Key Up;D;867936
Key Down;Q;867950
Key Up;Q;868163
Key Down;Q;868551
Key Up;Q;868759
Key Down;D;868892
Key Up;D;869046
Key Down;Q;869180
Key Up;Q;869364
Key Down;D;869382
Key Up;D;869551
Key Down;Q;869646
Key Up;Q;869743
Key Down;D;869830
Key Up;D;870522
Key Down;Q;870533
Key Up;Q;870748
Key Down;D;870797
Key Up;D;870973
Key Down;Q;870985
Key Up;Q;871220
Key Down;D;871315
Key Up;D;871479
Key Down;Q;871534
Key Up;Q;871677
Key Down;D;871736
Key Up;D;871881
Key Down;Q;872015
Key Up;Q;872260
Key Down;Q;872399
Key Up;Q;872858
Key Down;Q;873096
Key Up;Q;873309
Key Down;D;873515
Key Up;D;874064
Key Down;Q;874311
Key Up;Q;874480
Key Down;Q;874792
Key Up;Q;874952
Key Down;A;875680
Key Down;D;875809
Key Up;A;875821
Key Up;D;876278
Key Down;D;877223
Key Up;D;877372
Key Down;D;877638
Key Up;D;877807
Key Down;D;877966
Key Up;D;878147
Key Down;D;878283
Key Up;D;878426
Key Down;Q;878541
Key Up;Q;879263
Key Down;Q;879428
Key Up;Q;879632
Key Down;D;880264
Key Up;D;881825
Key Down;Q;881960
Key Up;Q;883187
Key Down;Q;883294
Key Up;Q;883528
Key Down;Q;883875
Key Up;Q;883983
Key Down;D;884120
Key Up;D;884657
Key Down;Q;884735
Key Up;Q;885006
Key Down;D;885025
Key Up;D;885160
Key Down;Q;885662
Key Up;Q;885715
Key Down;Q;886028
Key Up;Q;886344
Key Down;D;886399
Key Up;D;886673
Key Down;Q;886674
Key Down;D;886994
Key Up;Q;887010
Key Up;D;887247
Key Down;Q;887249
Key Down;D;887527
Key Up;Q;887560
Key Down;Q;887826
Key Up;D;887853
Key Down;D;888129
Key Up;Q;888156
Key Down;Q;888421
Key Up;Q;888563
Key Up;D;888643
Key Down;Q;888645
Key Down;D;889027
Key Up;Q;889044
Key Up;D;889695
Key Down;Q;889786
Key Up;Q;890001
Key Down;Q;890412
Key Up;Q;890888
Key Down;Q;891114
Key Up;Q;891273
Key Down;Q;891485
Key Up;Q;891578
Key Down;D;891616
Key Down;Espace;891687
Key Up;Espace;892012
Key Up;D;892652
Key Down;D;893084
Key Up;D;893248
Key Down;D;893369
Key Up;D;893487
Key Down;D;893575
Key Up;D;893679
Key Down;Q;893793
Key Down;D;893944
Key Up;Q;893957
Key Up;D;894524
Key Down;Q;894534
Key Up;Q;895826
Key Down;D;895875
Key Up;D;896149
Key Down;Q;896311
Key Up;Q;896507
Key Down;Q;896596
Key Up;Q;896800
Key Down;Q;896915
Key Up;Q;897511
Key Down;Espace;897907
Key Down;Q;897922
Key Up;Espace;898116
Key Down;D;898175
Key Up;Q;898209
Key Up;D;898304
Key Down;Espace;898526
Key Up;Espace;898741
Key Down;D;899315
Key Up;D;900036
Key Down;S;900100
Key Down;Espace;900294
Key Up;Espace;900505
Key Down;Q;900664
Key Up;S;901132
Key Up;Q;901181
Key Down;D;901191
Key Up;D;901748
Key Down;Q;901886
Key Up;Q;901979
Key Down;D;902018
Key Up;D;902362
Key Down;Q;902383
Key Down;D;903193
Key Up;Q;903205
Key Down;Q;904019
Key Up;D;904092
Key Up;Q;904396
Key Down;D;904398
Key Up;D;904668
Key Down;Q;904670
Key Down;D;904831
Key Up;Q;904843
Key Up;D;905015
Key Down;Q;905028
Key Up;Q;905575
Key Down;D;905628
Key Up;D;905848
Key Down;Q;905849
Key Down;D;906169
Key Up;Q;906181
Key Up;D;906302
Key Down;Q;906325
Key Up;Q;906580
Key Down;D;906954
Key Up;D;907345
Key Down;A;907355
Key Up;A;907488
Key Down;Q;907622
Key Up;Q;907905
Key Down;D;907942
Key Up;D;908213
Key Down;D;908580
Key Up;D;909090
Key Down;Q;909113
Key Down;D;909553
Key Up;Q;909565
Key Down;Q;909787
Key Up;D;909800
Key Down;D;910451
Key Up;Q;910455
Key Up;D;910705
Key Down;Q;911762
Key Up;Q;912098
Key Down;D;912177
Key Down;Q;912522
Key Up;D;912549
Key Up;Q;912944
Key Down;D;913049
Key Up;D;913101
Key Down;Q;913134
Key Up;Q;913293
Key Down;D;913383
Key Up;D;913659
Key Down;Q;913697
Key Up;Q;913954
Key Down;D;913962
Key Up;D;914089
Key Down;Q;914128
Key Up;Q;914322
Key Down;D;914324
Key Up;D;914413
Key Down;D;914487
Key Up;D;914851
Key Down;Q;915137
Key Up;Q;915311
Key Down;Q;915460
Key Up;Q;915696
Key Down;D;915714
Key Up;D;916309
Key Down;Q;916311
Key Up;Q;916846
Key Down;D;917145
Key Up;D;917601
Key Down;D;917933
Key Up;D;918393
Key Down;Q;918463
Key Up;Q;918723
Key Down;D;918752
Key Up;D;918869
Key Down;Q;918965
Key Up;Q;919190
Key Down;D;919192
Key Up;D;919341
Key Down;Q;919354
Key Up;Q;919604
Key Down;D;919606
Key Down;Q;919937
Key Up;D;919966
Key Up;Q;920334
Key Down;D;920342
Key Up;D;920603
Key Down;Q;920605
Key Down;D;920915
Key Up;Q;920927
Key Up;D;921166
Key Down;Q;921168
Key Up;Q;921389
Key Down;D;921394
Key Up;D;921561
Key Down;Q;921563
Key Down;D;921761
Key Up;Q;921789
Key Up;D;922038
Key Down;Q;922040
Key Up;Q;922301
Key Down;D;922629
Key Up;D;922908
Key Down;Q;922981
Key Down;D;923186
Key Up;Q;923198
Key Up;D;924550
Key Down;Q;928561
Key Down;D;929980
Key Up;Q;930037
Key Down;E;930810
Key Up;E;930948
Key Up;D;931239
Key Down;Q;931293
Key Up;Q;931970
Key Down;Q;936898
Key Down;Espace;938773
Key Up;Espace;939012
Key Up;Q;939127
Key Down;Espace;939359
Key Down;D;939428
Key Up;Espace;939626
Key Up;D;939717
Key Down;E;939878
Key Up;E;940006
Key Down;E;940476
Key Up;E;940548
Key Down;Echap;947662
Key Up;Echap;947825
Key Down;S;948059
Key Down;Espace;948196
Key Down;D;948326
Key Up;Espace;948391
Key Up;S;948446
Key Down;E;949079
Key Up;D;949105
Key Up;E;949181
Key Down;Q;957436
Key Up;Q;958196
Key Down;E;958207
Key Up;E;958334
Key Down;Q;962765
Key Down;Espace;962880
Key Up;Espace;963076
Key Up;Q;963132
Key Down;D;967446
Key Up;D;967593
Key Down;D;968372
Key Up;D;968515
Key Down;D;968878
Key Up;D;969001
Key Down;Q;969541
Key Up;Q;969709
Key Down;D;970613
Key Up;D;970711
Key Down;D;971337
Key Up;D;971451
Key Down;Q;975181
Key Down;Espace;975370
Key Up;Espace;975539
Key Up;Q;975620
Key Down;D;978962
Key Up;D;979072
Key Down;D;979652
Key Up;D;979826
Key Down;D;979982
Key Up;D;980120
Key Down;Espace;981843
Key Down;Z;981918
Key Down;Q;981938
Key Up;Espace;982398
Key Up;Z;982609
Key Down;Espace;982847
Key Up;Espace;983050
Key Up;Q;983268
Key Down;D;983506
Key Up;D;983675
Key Down;D;984139
Key Up;D;984267
Key Down;D;984470
Key Up;D;984623
Key Down;Q;985364
Key Down;Espace;985401
Key Up;Espace;985600
Key Up;Q;985827
Key Down;D;986444
Key Up;D;987046
Key Down;D;987695
Key Up;D;987863
Key Down;D;988263
Key Down;Espace;988382
Key Up;Espace;989017
Key Up;D;989093
Key Down;Q;989095
Key Down;Espace;989461
Key Up;Espace;989601
Key Up;Q;989662
Key Down;D;990064
Key Down;Espace;990134
Key Up;Espace;990344
Key Up;D;990598
Key Down;D;991051
Key Up;D;991200
Key Down;D;991386
Key Down;Espace;991451
Key Up;Espace;991808
Key Up;D;991869
Key Down;Espace;992494
Key Down;Q;992544
Key Up;Espace;993033
Key Up;Q;993108
Key Down;Q;993192
Key Down;Espace;993202
Key Up;Espace;993849
Key Up;Q;993898
Key Down;Q;994949
Key Down;Espace;994990
Key Up;Espace;995209
Key Up;Q;995613
Key Down;D;996099
Key Up;D;996242
Key Down;D;996833
Key Up;D;997360
Key Down;D;997663
Key Up;D;997848
Key Down;D;998023
Key Up;D;998369
Key Down;Q;998486
Key Up;Q;998882
Key Down;Q;999816
Key Up;Q;1000076
Key Down;D;1000471
Key Up;D;1000652
Key Down;D;1001011
Key Up;D;1001837
Key Down;E;1002300
Key Up;E;1002399
Key Down;S;1007597
Key Down;Espace;1007649
Key Up;Espace;1007873
Key Up;S;1007971
Key Down;E;1008080
Key Up;E;1008234
Key Down;D;1013751
Key Up;D;1013946
Key Down;D;1014861
Key Up;D;1015005
Key Down;D;1016445
Key Down;Espace;1016678
Key Down;Q;1016788
Key Up;Espace;1016989
Key Up;Q;1017028
Key Up;D;1017420
Key Down;Q;1017650
Key Up;Q;1018032
Key Down;D;1018091
Key Down;Espace;1018105
Key Down;Q;1018204
Key Up;D;1018226
Key Up;Espace;1018373
Key Up;Q;1018737
Key Down;Q;1018922
Key Up;Q;1019132
Key Down;D;1019189
Key Up;D;1019452
Key Down;Q;1019480
Key Up;Q;1020197
Key Down;Q;1020584
Key Up;Q;1020788
Key Down;D;1020806
Key Up;D;1021276
Key Down;Q;1021365
Key Down;D;1021921
Key Up;Q;1021947
Key Down;Espace;1022002
Key Up;Espace;1022268
Key Up;D;1022592
Key Down;Q;1023624
Key Down;Espace;1023649
Key Up;Espace;1023868
Key Up;Q;1024051
Key Down;D;1025026
Key Down;Espace;1025168
Key Up;Espace;1025652
Key Up;D;1025894
Key Down;Q;1026344
Key Up;Q;1026624
Key Down;Espace;1026773
Key Down;Q;1026894
Key Up;Espace;1027062
Key Up;Q;1027394
Key Down;D;1027493
Key Up;D;1028494
Key Down;Q;1028588
Key Up;Q;1028742
Key Down;D;1028822
Key Up;D;1028984
Key Down;Q;1029180
Key Up;Q;1029299
Key Down;Q;1029813
Key Up;Q;1030067
Key Down;D;1030303
Key Up;D;1030433
Key Down;Q;1030478
Key Up;Q;1030728
Key Down;D;1030776
Key Up;D;1030900
Key Down;Q;1031140
Key Up;Q;1031280
Key Down;D;1032295
Key Up;D;1032388
Key Down;Q;1032406
Key Down;Espace;1032509
Key Up;Espace;1032682
Key Up;Q;1032739
Key Down;D;1032908
Key Up;D;1033021
Key Down;Q;1033084
Key Up;Q;1033400
Key Down;Q;1033764
Key Down;D;1033962
Key Up;Q;1033974
Key Down;Espace;1034079
Key Up;Espace;1034370
Key Up;D;1034543
Key Down;Q;1034545
Key Down;D;1034875
Key Up;Q;1034887
Key Down;Espace;1035132
Key Up;Espace;1035322
Key Up;D;1036147
Key Down;Q;1036263
Key Down;Espace;1036643
Key Up;Espace;1036842
Key Up;Q;1037220
Key Down;Q;1037625
Key Up;Q;1037804
Key Down;Q;1038035
Key Up;Q;1038225
Key Down;D;1038247
Key Down;Espace;1038379
Key Up;Espace;1038573
Key Up;D;1038884
Key Down;Q;1039025
Key Up;Q;1039277
Key Down;Q;1039813
Key Down;Espace;1039909
Key Up;Espace;1040058
Key Up;Q;1040295
Key Down;D;1040430
Key Up;D;1042329
Key Down;Q;1042344
Key Up;Q;1042545
Key Down;Q;1042847
Key Up;Q;1043362
Key Down;D;1043464
Key Up;D;1043638
Key Down;Q;1043687
Key Up;Q;1043878
Key Down;Q;1044204
Key Up;Q;1044308
Key Down;Q;1044687
Key Up;Q;1044820
Key Down;D;1044903
Key Up;D;1045108
Key Down;Q;1045197
Key Up;Q;1045362
Key Down;Q;1045544
Key Up;Q;1045681
Key Down;Q;1046009
Key Up;Q;1046143
Key Down;Q;1046322
Key Up;Q;1046430
Key Down;Q;1046643
Key Up;Q;1046777
Key Down;D;1046936
Key Up;D;1047686
Key Down;Q;1047715
Key Down;D;1047935
Key Up;Q;1047957
Key Down;Espace;1048020
Key Up;Espace;1048244
Key Up;D;1048396
Key Down;Q;1048561
Key Up;Q;1049013
Key Down;Q;1049705
Key Down;Espace;1049771
Key Up;Espace;1049896
Key Up;Q;1050173
Key Down;D;1050420
Key Up;D;1050765
Key Down;Q;1050896
Key Down;D;1051590
Key Down;Espace;1051609
Key Up;Q;1051620
Key Up;Espace;1051803
Key Up;D;1052179
Key Down;Q;1052465
Key Up;Q;1052643
Key Down;Espace;1052815
Key Down;Q;1052860
Key Up;Espace;1053015
Key Up;Q;1053238
Key Down;D;1053468
Key Up;D;1053840
Key Down;D;1054925
Key Up;D;1055075
Key Down;Q;1056112
Key Up;Q;1056407
Key Down;Q;1056875
Key Up;Q;1057026
Key Down;D;1057389
Key Up;D;1057581
Key Down;Q;1057883
Key Up;Q;1058054
Key Down;D;1058163
Key Up;D;1058246
Key Down;Q;1058259
Key Up;Q;1058433
Key Down;D;1058491
Key Up;D;1058823
Key Down;Q;1060627
Key Up;Q;1060857
Key Down;D;1060961
Key Up;D;1061132
Key Down;Q;1061205
Key Up;Q;1061511
Key Down;D;1061535
Key Down;Espace;1061595
Key Up;Espace;1061797
Key Up;D;1061891
Key Down;Q;1062234
Key Up;Q;1062797
Key Down;D;1063191
Key Down;Q;1063484
Key Up;D;1063512
Key Up;Q;1063911
Key Down;D;1063966
Key Up;D;1064257
Key Down;D;1064431
Key Up;D;1064636
Key Down;Q;1064792
Key Up;Q;1065249
Key Down;D;1065251
Key Up;D;1065952
Key Down;D;1066105
Key Up;D;1066265
Key Down;Q;1066781
Key Up;Q;1066950
Key Down;Q;1067259
Key Up;Q;1067347
Key Down;Q;1067865
Key Up;Q;1067963
Key Down;Q;1068488
Key Up;Q;1068576
Key Down;D;1068791
Key Up;D;1068957
Key Down;Q;1069228
Key Up;Q;1069341
Key Down;D;1069410
Key Up;D;1069533
Key Down;D;1071224
Key Up;D;1071350
Key Down;E;1071449
Key Up;E;1071577
Key Down;D;1073672
Key Up;D;1073955
Key Down;D;1074411
Key Up;D;1076139
Key Down;Q;1076360
Key Down;E;1077136
Key Up;Q;1077162
Key Up;E;1077249
Key Down;D;1082621
Key Up;D;1082890
Key Down;D;1083137
Key Up;D;1083273
Key Down;D;1085699
Key Up;D;1086756
Key Down;D;1087113
Key Up;D;1087659
Key Down;Q;1087722
Key Up;Q;1087870
Key Down;D;1087945
Key Up;D;1088345
Key Down;Q;1088470
Key Up;Q;1088639
Key Down;D;1088690
Key Up;D;1088843
Key Down;Q;1088866
Key Up;Q;1089065
Key Down;D;1089164
Key Up;D;1089302
Key Down;Q;1089370
Key Up;Q;1089740
Key Down;D;1089753
Key Down;Espace;1089778
Key Up;Espace;1090406
Key Up;D;1090472
Key Down;D;1091055
Key Up;D;1091575
Key Down;Q;1091881
Key Down;Espace;1091956
Key Up;Espace;1092200
Key Up;Q;1092473
Key Down;D;1092501
Key Down;Espace;1093046
Key Up;Espace;1093274
Key Up;D;1093405
Key Down;D;1094082
Key Up;D;1094205
Key Down;Q;1094774
Key Up;Q;1095022
Key Down;Q;1095324
Key Down;Espace;1095505
Key Up;Espace;1096070
Key Up;Q;1096196
Key Down;Espace;1096265
Key Down;D;1096285
Key Down;Q;1096352
Key Up;D;1096369
Key Up;Espace;1096749
Key Down;Espace;1096782
Key Up;Espace;1096973
Key Up;Q;1097940
Key Down;D;1098574
Key Up;D;1098733
Key Down;Q;1098837
Key Up;Q;1099189
Key Down;D;1099305
Key Up;D;1099499
Key Down;Q;1099592
Key Up;Q;1099966
Key Down;D;1100949
Key Up;D;1101185
Key Down;Q;1102083
Key Up;Q;1102308
Key Down;D;1102409
Key Down;Espace;1102447
Key Up;Espace;1102994
Key Up;D;1104586
Key Down;Espace;1105283
Key Down;D;1105318
Key Up;Espace;1105472
Key Up;D;1105547
Key Down;D;1105662
Key Up;D;1105892
Key Down;Q;1106749
Key Up;Q;1108294
Key Down;Q;1108463
Key Up;Q;1108682
Key Down;Q;1109199
Key Up;Q;1109423
Key Down;Q;1109810
Key Up;Q;1110112
Key Down;D;1110732
Key Down;Espace;1110920
Key Up;Espace;1111389
Key Up;D;1111864
Key Down;D;1111902
Key Up;D;1112245
Key Down;D;1113528
Key Up;D;1113767
Key Down;S;1113769
Key Down;Espace;1113861
Key Up;Espace;1114102
Key Down;Espace;1114682
Key Up;Espace;1114947
Key Down;Q;1115000
Key Down;Espace;1115362
Key Up;Espace;1115697
Key Down;Espace;1115756
Key Up;Espace;1115859
Key Up;S;1116367
Key Up;Q;1116412
Key Down;D;1116739
Key Up;D;1116900
Key Down;Q;1117028
Key Up;Q;1117154
Key Down;Q;1117373
Key Up;Q;1117537
Key Down;Q;1117888
Key Up;Q;1118072
Key Down;Q;1118491
Key Up;Q;1118746
Key Down;Espace;1118956
Key Down;D;1119037
Key Up;Espace;1119313
Key Down;Q;1119325
Key Up;D;1119353
Key Down;Espace;1119423
Key Down;D;1119650
Key Up;Q;1119663
Key Up;Espace;1119667
Key Down;Espace;1119930
Key Up;Espace;1120210
Key Down;Espace;1120447
Key Up;Espace;1120742
Key Down;Espace;1121069
Key Up;Espace;1121355
Key Up;D;1121467
Key Down;D;1122319
Key Up;D;1122560
Key Down;Q;1122903
Key Up;Q;1123095
Key Down;D;1123219
Key Up;D;1123410
Key Down;D;1123735
Key Down;Espace;1123774
Key Up;Espace;1124003
Key Up;D;1124104
Key Down;Espace;1124514
Key Down;D;1124549
Key Down;Q;1124710
Key Up;D;1124738
Key Up;Espace;1124915
Key Up;Q;1125173
Key Down;Espace;1125231
Key Down;Q;1125333
Key Up;Espace;1125534
Key Up;Q;1126262
Key Down;D;1127160
Key Down;S;1128018
Key Up;D;1128040
Key Down;Espace;1128305
Key Up;Espace;1128535
Key Down;Q;1128858
Key Up;S;1128946
Key Down;Espace;1129171
Key Up;Espace;1129528
Key Up;Q;1129543
Key Down;D;1129836
Key Down;Espace;1129896
Key Up;Espace;1130252
Key Down;Espace;1130614
Key Up;Espace;1130967
Key Up;D;1131088
Key Down;Q;1131228
Key Up;Q;1131414
Key Down;E;1131427
Key Up;E;1131550
Key Down;E;1133434
Key Up;E;1133573
Key Down;Q;1133601
Key Down;Espace;1133841
Key Up;Espace;1134070
Key Down;Espace;1134675
Key Up;Espace;1134876
Key Up;Q;1135624
Key Down;S;1135728
Key Down;Espace;1135877
Key Up;Espace;1136121
Key Down;D;1136342
Key Up;D;1136548
Key Down;Espace;1136611
Key Up;Espace;1136817
Key Down;Q;1136927
Key Up;S;1137070
Key Down;Espace;1137209
Key Down;D;1137554
Key Up;Espace;1137565
Key Up;Q;1137586
Key Down;Espace;1137914
Key Up;Espace;1138460
Key Down;Q;1138597
Key Up;D;1138609
Key Down;Espace;1138663
Key Up;Espace;1139172
Key Down;Espace;1139378
Key Up;Espace;1139561
Key Up;Q;1139668
Key Down;E;1139743
Key Up;E;1139887
Key Down;E;1140022
Key Up;E;1140135
Key Down;E;1140208
Key Up;E;1140311
Key Down;D;1144778
Key Down;E;1145605
Key Up;D;1145625
Key Up;E;1145725
Key Down;Q;1149909
Key Down;Espace;1149935
Key Up;Espace;1150135
Key Up;Q;1150617
Key Down;Q;1151521
Key Down;Espace;1151576
Key Up;Espace;1151741
Key Up;Q;1151984
Key Down;D;1152468
Key Down;Espace;1152580
Key Up;Espace;1152743
Key Up;D;1152864
Key Down;Q;1152955
Key Up;Q;1153083
Key Down;Q;1154453
Key Up;Q;1154607
Key Down;D;1155086
Key Up;D;1155448
Key Down;Q;1155607
Key Up;Q;1155745
Key Down;Q;1156258
Key Up;Q;1156396
Key Down;D;1156507
Key Up;D;1156942
Key Down;Q;1157276
Key Down;Espace;1157584
Key Up;Espace;1157793
Key Up;Q;1158123
Key Down;Espace;1158293
Key Down;Q;1158309
Key Up;Espace;1158558
Key Up;Q;1158665
Key Down;Espace;1158804
Key Down;Q;1158900
Key Up;Espace;1159014
Key Up;Q;1159186
Key Down;D;1159359
Key Down;Espace;1159372
Key Up;Espace;1159829
Key Up;D;1159889
Key Down;Q;1159913
Key Down;Espace;1160042
Key Up;Espace;1160428
Key Up;Q;1160533
Key Down;Espace;1160775
Key Down;D;1160785
Key Up;Espace;1161177
Key Up;D;1161324
Key Down;Q;1161790
Key Down;S;1162314
Key Up;Q;1162358
Key Down;D;1162463
Key Up;S;1162849
Key Up;D;1163562
Key Down;D;1163854
Key Up;D;1164318
Key Down;Q;1164484
Key Up;Q;1164663
Key Down;Q;1164897
Key Up;Q;1165031
Key Down;D;1165593
Key Down;Espace;1165699
Key Up;D;1165887
Key Up;Espace;1165891
Key Down;Q;1165906
Key Down;D;1166083
Key Up;Q;1166095
Key Down;Espace;1166643
Key Up;Espace;1166865
Key Down;Q;1166904
Key Up;D;1166931
Key Down;E;1167705
Key Up;Q;1167753
Key Up;E;1167773
Key Down;Espace;1172490
Key Down;Q;1172551
Key Up;Espace;1172762
Key Up;Q;1172868
Key Down;Espace;1173125
Key Down;D;1173154
Key Up;Espace;1173374
Key Up;D;1173435
Key Down;E;1173543
Key Up;E;1173674
Key Down;E;1173769
Key Up;E;1173877
Key Down;E;1173937
Key Up;E;1174073
Key Down;Q;1177959
Key Up;Q;1178294
Key Down;D;1178363
Key Up;D;1178833
Key Down;Q;1178881
Key Up;Q;1179181
Key Down;D;1179221
Key Up;D;1179369
Key Down;Q;1181220
Key Up;Q;1181377
Key Down;D;1181619
Key Down;Espace;1181645
Key Up;Espace;1181672
Key Up;D;1181866
Key Down;Q;1181880
Key Down;Espace;1182011
Key Up;Espace;1182391
Key Up;Q;1182665
Key Down;D;1182937
Key Down;Espace;1183089
Key Up;Espace;1183689
Key Up;D;1184376
Key Down;Q;1184709
Key Up;Q;1185378
Key Down;Q;1185671
Key Up;Q;1185855
Key Down;Q;1185998
Key Down;Espace;1186102
Key Up;Espace;1186422
Key Up;Q;1186807
Key Down;D;1187251
Key Up;D;1187364
Key Down;D;1187599
Key Down;Espace;1187671
Key Up;Espace;1187876
Key Up;D;1188079
Key Down;D;1188375
Key Up;D;1188879
Key Down;Q;1189045
Key Down;E;1189292
Key Up;Q;1189330
Key Up;E;1189446
Key Down;E;1189556
Key Up;E;1189635
Key Down;Q;1200357
Key Up;Q;1201136
Key Down;Q;1201601
Key Down;S;1201950
Key Up;Q;1202047
Key Down;D;1202378
Key Down;Espace;1202776
Key Up;D;1202781
Key Up;Espace;1202961
Key Up;S;1203337
Key Down;Q;1203406
Key Up;Q;1203761
Key Down;D;1203816
Key Up;D;1204611
Key Down;Q;1208870
Key Down;D;1209506
Key Up;Q;1209528
Key Down;Espace;1209940
Key Down;Q;1210319
Key Up;D;1210367
Key Up;Espace;1210382
Key Up;Q;1210501
Key Down;D;1210639
Key Down;Espace;1210664
Key Down;Q;1210786
Key Up;D;1210828
Key Up;Espace;1211027
Key Down;D;1211644
Key Up;Q;1211661
Key Up;D;1211838
Key Down;Q;1213019
Key Down;Espace;1213368
Key Down;D;1213517
Key Up;Espace;1213549
Key Up;Q;1213590
Key Up;D;1213887
Key Down;Q;1213922
Key Up;Q;1214329
Key Down;D;1214331
Key Down;Q;1215138
Key Up;D;1215160
Key Down;D;1215585
Key Up;Q;1215633
Key Up;D;1216223
Key Down;A;1216555
Key Up;A;1216708
Key Down;Q;1216841
Key Up;Q;1217563
Key Down;D;1217670
Key Up;D;1217898
Key Down;Q;1217972
Key Up;Q;1218374
Key Down;D;1218422
Key Up;D;1218643
Key Down;Q;1218722
Key Up;Q;1218987
Key Down;S;1219354
Key Down;Espace;1219546
Key Up;Espace;1219757
Key Up;S;1220156
Key Down;D;1220169
Key Down;Espace;1220179
Key Down;Q;1220381
Key Up;D;1220404
Key Up;Espace;1220419
Key Down;Espace;1220788
Key Up;Q;1220805
Key Up;Espace;1221058
Key Down;Q;1221072
Key Up;Q;1221154
Key Down;D;1221422
Key Down;Q;1222677
Key Up;D;1222695
Key Down;Espace;1222710
Key Up;Espace;1222909
Key Up;Q;1222985
Key Down;Q;1223361
Key Up;Q;1223525
Key Down;Q;1223719
Key Up;Q;1223957
Key Down;Q;1224298
Key Down;S;1224588
Key Up;Q;1224606
Key Down;Espace;1224781
Key Down;D;1224923
Key Up;Espace;1224960
Key Up;D;1225026
Key Down;D;1225292
Key Up;S;1225309
Key Down;Espace;1225311
Key Up;Espace;1225557
Key Up;D;1226297
Key Down;Q;1226406
Key Up;Q;1227132
Key Down;Q;1227373
Key Up;Q;1227547
Key Down;Q;1227815
Key Up;Q;1227923
Key Down;D;1228014
Key Down;Espace;1228184
Key Down;Q;1228365
Key Up;D;1228413
Key Up;Espace;1228625
Key Up;Q;1228656
Key Down;D;1228669
Key Up;D;1229007
Key Down;Q;1229009
Key Up;Q;1229609
Key Down;D;1229672
Key Up;D;1229821
Key Down;Q;1229897
Key Up;Q;1230096
Key Down;D;1230230
Key Up;D;1230378
Key Down;D;1230507
Key Up;D;1230611
Key Down;Q;1230613
Key Up;Q;1230809
Key Down;D;1230858
Key Up;D;1230959
Key Down;Q;1230960
Key Down;D;1231224
Key Up;Q;1231236
Key Down;Q;1231737
Key Up;D;1231768
Key Up;Q;1231956
Key Down;Q;1232373
Key Up;Q;1232466
Key Down;D;1232531
Key Down;A;1232763
Key Up;A;1232896
Key Up;D;1233064
Key Down;Q;1233066
Key Up;Q;1233332
Key Down;D;1233335
Key Up;D;1233561
Key Down;Q;1233624
Key Up;Q;1233749
Key Down;D;1234698
Key Up;D;1234882
Key Down;Q;1235099
Key Up;Q;1235319
Key Down;D;1235386
Key Up;D;1235551
Key Down;Q;1235694
Key Up;Q;1235748
Key Down;D;1235757
Key Down;Espace;1236082
Key Up;Espace;1236438
Key Up;D;1236503
Key Down;Espace;1236714
Key Down;Q;1236769
Key Up;Espace;1237717
Key Up;Q;1237788
Key Down;D;1237879
Key Up;D;1237997
Key Down;Q;1239534
Key Up;Q;1239652
Key Down;D;1239725
Key Up;D;1240124
Key Down;Q;1240127
Key Up;Q;1240408
Key Down;D;1240441
Key Up;D;1241018
Key Down;Q;1241068
Key Down;Espace;1241338
Key Up;Espace;1241896
Key Up;Q;1242171
Key Down;D;1242239
Key Up;D;1243036
Key Down;Q;1259164
Key Down;D;1259692
Key Up;Q;1259730
Key Down;Espace;1260107
Key Down;Q;1260253
Key Up;D;1260287
Key Up;Espace;1260322
Key Down;D;1261137
Key Up;Q;1261172
Key Down;Q;1262175
Key Up;D;1262206
Key Up;Q;1262526
Key Down;D;1262528
Key Up;D;1262663
Key Down;Q;1262753
Key Up;Q;1262987
Key Down;D;1262989
Key Up;D;1263189
Key Down;Q;1263217
Key Up;Q;1263473
Key Down;D;1263721
Key Up;D;1263870
Key Down;Q;1266727
Key Up;Q;1266972
Key Down;D;1267005
Key Down;Espace;1267323
Key Up;Espace;1268083
Key Up;D;1268126
Key Down;D;1268386
Key Down;Espace;1268538
Key Down;Q;1268685
Key Up;Espace;1268760
Key Up;D;1268882
Key Up;Q;1268912
Key Down;Q;1269533
Key Up;Q;1271054
Key Down;Q;1271580
Key Up;Q;1271801
Key Down;Q;1272058
Key Up;Q;1272206
Key Down;Q;1272406
Key Up;Q;1272697
Key Down;D;1272765
Key Up;D;1273007
Key Down;D;1273307
Key Up;D;1273491
Key Down;D;1273902
Key Up;D;1274562
Key Down;D;1275608
Key Down;S;1275765
Key Up;D;1275839
Key Down;Espace;1275841
Key Up;Espace;1276091
Key Up;S;1276289
Key Down;D;1276414
Key Up;D;1276848
Key Down;Q;1276905
Key Down;Z;1277526
Key Up;Z;1277710
Key Up;Q;1277950
Key Down;D;1278069
Key Up;D;1278217
Key Down;Q;1278219
Key Up;Q;1278576
Key Down;D;1278595
Key Up;D;1278702
Key Down;D;1278834
Key Up;D;1279009
Key Down;Q;1279062
Key Up;Q;1279186
Key Down;D;1279406
Key Up;D;1279600
Key Down;Q;1279722
Key Up;Q;1279823
Key Down;D;1279872
Key Up;D;1280088
Key Down;D;1280530
Key Up;D;1280831
Key Down;D;1280966
Key Up;D;1281209
Key Down;Q;1281629
Key Up;Q;1282089
Key Down;Q;1282284
Key Down;Espace;1282446
Key Up;Espace;1282679
Key Up;Q;1282781
Key Down;Q;1283459
Key Up;Q;1283643
Key Down;Espace;1284589
Key Down;D;1284983
Key Up;Espace;1285303
Key Up;D;1285674
Key Down;D;1285986
Key Up;D;1286218
Key Down;Q;1286499
Key Up;Q;1286712
Key Down;Q;1292010
Key Down;Espace;1292030
Key Up;Espace;1292272
Key Down;S;1292811
Key Up;Q;1292848
Key Down;Espace;1292922
Key Up;Espace;1293162
Key Up;S;1293497
Key Down;D;1293499
Key Up;D;1293593
Key Down;D;1294113
Key Up;D;1294852
Key Down;Q;1295178
Key Up;Q;1295509
Key Down;D;1295719
Key Up;D;1295913
Key Down;Q;1296387
Key Up;Q;1296692
Key Down;D;1296963
Key Up;D;1297574
Key Down;D;1297719
Key Up;D;1298266
Key Down;Q;1298803
Key Up;Q;1299209
Key Down;D;1299774
Key Up;D;1300207
Key Down;D;1300428
Key Up;D;1300613
Key Down;Q;1300834
Key Up;Q;1301072
Key Down;D;1301213
Key Up;D;1301406
Key Down;Q;1302647
Key Down;D;1303635
Key Up;Q;1303677
Key Up;D;1304173
Key Down;D;1305680
Key Up;D;1306421
Key Down;Q;1306423
Key Down;D;1306782
Key Up;Q;1306852
Key Down;Q;1307006
Key Up;D;1307019
Key Up;Q;1307795
Key Down;D;1308420
Key Up;D;1308830
Key Down;D;1309275
Key Up;D;1309419
Key Down;Q;1309915
Key Up;Q;1311052
Key Down;D;1311352
Key Up;D;1312245
Key Down;Q;1312247
Key Up;Q;1312496
Key Down;D;1312535
Key Down;Q;1313117
Key Up;D;1313165
Key Down;D;1313442
Key Up;Q;1313454
Key Down;Q;1313696
Key Up;D;1313743
Key Up;Q;1313851
Key Down;D;1313911
Key Up;D;1314072
Key Down;Q;1314074
Key Up;Q;1314672
Key Down;D;1314673
Key Up;D;1315257
Key Down;Q;1315374
Key Up;Q;1315584
Key Down;D;1315612
Key Down;Q;1315801
Key Up;D;1315813
Key Up;Q;1316273
Key Down;D;1316275
Key Up;D;1316485
Key Down;Q;1316498
Key Down;D;1316742
Key Up;D;1316805
Key Up;Q;1316852
Key Down;Q;1317017
Key Up;Q;1317175
Key Down;D;1317284
Key Up;D;1317452
Key Down;Q;1317580
Key Up;Q;1317768
Key Down;D;1317835
Key Up;D;1318371
Key Down;D;1318714
Key Up;D;1318875
Key Down;D;1319166
Key Up;D;1319561
Key Down;Q;1319925
Key Up;Q;1320397
Key Down;Q;1320551
Key Up;Q;1321237
Key Down;Q;1321928
Key Up;Q;1322197
Key Down;D;1323262
Key Up;D;1323821
Key Down;Q;1324190
Key Up;Q;1324526
Key Down;D;1326607
Key Up;D;1327253
Key Down;Q;1327929
Key Down;D;1328474
Key Up;Q;1328504
Key Up;D;1329103
Key Down;Q;1330452
Key Down;D;1331480
Key Up;Q;1331492
Key Up;D;1333062
Key Down;Q;1333380
Key Up;Q;1333952
Key Down;D;1334007
Key Up;D;1334863
Key Down;D;1335204
Key Up;D;1335373
Key Down;Q;1335826
Key Up;Q;1337630
Key Down;Q;1337746
Key Up;Q;1337970
Key Down;D;1338207
Key Up;D;1338393
Key Down;Q;1338421
Key Up;Q;1338605
Key Down;D;1338607
Key Up;D;1339401
Key Down;Q;1339688
Key Down;D;1339844
Key Up;D;1339909
Key Up;Q;1340266
Key Down;D;1340407
Key Down;Espace;1340949
Key Up;Espace;1341376
Key Up;D;1341947
Key Down;Q;1342938
Key Down;Espace;1343139
Key Up;Espace;1343370
Key Down;S;1343960
Key Up;Q;1343977
Key Down;Espace;1344443
Key Down;D;1344601
Key Up;Espace;1344645
Key Up;S;1344854
Key Up;D;1345341
Key Down;Q;1345394
Key Up;Q;1345480
Key Down;Espace;1345501
Key Down;Q;1345537
Key Up;Q;1345656
Key Down;D;1345678
Key Up;Espace;1345716
Key Down;Q;1345916
Key Up;D;1345944
Key Down;Espace;1346266
Key Up;Espace;1346613
Key Up;Q;1346750
Key Down;Espace;1347030
Key Down;Q;1347177
Key Up;Espace;1347275
Key Up;Q;1347323
Key Down;D;1347810
Key Up;D;1347948
Key Down;Q;1348062
Key Up;Q;1348247
Key Down;Q;1348458
Key Up;Q;1348531
Key Down;D;1348621
Key Up;D;1349228
Key Down;Q;1349239
Key Down;D;1349263
Key Up;Q;1349290
Key Down;Espace;1349436
Key Up;Espace;1349657
Key Down;Q;1349685
Key Up;D;1349708
Key Down;D;1351364
Key Up;Q;1351368
Key Down;Espace;1351773
Key Up;Espace;1351986
Key Down;Q;1353068
Key Up;D;1353080
Key Down;D;1354450
Key Up;Q;1354518
Key Up;D;1354768
Key Down;Q;1354988
Key Up;Q;1355255
Key Down;D;1355286
Key Up;D;1355516
Key Down;Q;1355535
Key Down;D;1355672
Key Up;Q;1355706
Key Down;Q;1355861
Key Up;D;1355883
Key Down;D;1355992
Key Up;Q;1356030
Key Down;S;1356869
Key Up;D;1356941
Key Down;Espace;1357116
Key Up;Espace;1357303
Key Down;D;1357521
Key Up;S;1357559
Key Down;Espace;1357944
Key Up;Espace;1358192
Key Down;Q;1358311
Key Up;D;1358343
Key Up;Q;1358476
Key Down;Q;1358732
Key Up;Q;1358861
Key Down;D;1358863
Key Down;S;1358967
Key Down;Espace;1359071
Key Up;D;1359118
Key Up;Espace;1359255
Key Down;Q;1359380
Key Up;S;1359560
Key Up;Q;1359635
Key Down;D;1359759
Key Up;D;1359952
Key Down;Q;1360192
Key Down;Espace;1360238
Key Up;Espace;1360655
Key Up;Q;1360715
Key Down;Q;1361003
Key Down;Espace;1361038
Key Up;Espace;1361232
Key Up;Q;1361504
Key Down;Espace;1361569
Key Down;D;1361576
Key Up;D;1361877
Key Up;Espace;1361903
Key Down;Q;1361983
Key Up;Q;1362115
Key Down;E;1362235
Key Up;E;1362383
Key Down;E;1362549
Key Up;E;1362622
Key Down;E;1362766
Key Up;E;1362858
Key Down;E;1362969
Key Up;E;1363057
Key Down;Q;1363723
Key Down;D;1364019
Key Up;Q;1364031
Key Up;D;1364355
Key Down;E;1364444
Key Up;E;1364527
Key Down;Q;1364570
Key Down;E;1364988
Key Up;Q;1365000
Key Up;E;1365127
Key Down;Left Meta;1365460
Key Up;Left Meta;1365478
Key Down;Echap;1370145
Key Up;Echap;1370278
Key Down;Q;1376671
Key Up;Q;1376860
Key Down;Q;1377260
Key Up;Q;1377641
Key Down;D;1377787
Key Up;D;1378451
Key Down;Q;1378490
Key Up;Q;1379189
Key Down;D;1379200
Key Down;Q;1379336
Key Up;D;1379390
Key Up;Q;1379789
Key Down;D;1379816
Key Up;D;1380138
Key Down;Q;1380151
Key Up;Q;1380504
Key Down;Espace;1380864
Key Down;Q;1380976
Key Up;Q;1381145
Key Up;Espace;1381149
Key Down;Espace;1383376
Key Up;Espace;1383707
Key Down;Q;1383709
Key Up;Q;1383793
Key Down;Espace;1384019
Key Down;D;1384032
Key Up;Espace;1385400
Key Up;D;1386037
Key Down;Q;1386774
Key Up;Q;1387631
Key Down;D;1388329
Key Up;D;1388722
Key Down;Q;1389281
Key Up;Q;1389679
Key Down;S;1390165
Key Down;Espace;1390229
Key Up;Espace;1390437
Key Down;Q;1390715
Key Up;S;1390905
Key Up;Q;1391006
Key Down;Q;1392987
Key Up;Q;1393298
Key Down;D;1395765
Key Up;D;1396674
Key Down;Q;1397076
Key Up;Q;1398323
Key Down;D;1398325
Key Down;Q;1399216
Key Up;D;1399241
Key Up;Q;1400174
Key Down;D;1400229
Key Up;D;1401182
Key Down;D;1401454
Key Up;D;1402180
Key Down;Q;1402274
Key Up;Q;1403066
Key Down;D;1403428
Key Up;D;1404262
Key Down;Q;1404264
Key Down;D;1404550
Key Up;Q;1404562
Key Up;D;1404779
Key Down;Q;1404831
Key Up;Q;1405071
Key Down;D;1405189
Key Up;D;1405318
Key Down;Q;1405320
Key Up;Q;1406691
Key Down;D;1406847
Key Up;D;1407056
Key Down;Q;1407100
Key Down;D;1407580
Key Up;Q;1407610
Key Up;D;1407779
Key Down;Q;1407833
Key Up;Q;1408034
Key Down;D;1408043
Key Up;D;1408226
Key Down;Q;1408290
Key Up;Q;1408428
Key Down;D;1408507
Key Up;D;1408732
Key Down;D;1408934
Key Up;D;1409082
Key Down;D;1409243
Key Up;D;1409356
Key Down;Q;1409439
Key Up;Q;1409728
Key Down;D;1409886
Key Up;D;1410081
Key Down;Q;1410235
Key Down;D;1410437
Key Up;Q;1410464
Key Up;D;1410602
Key Down;Q;1410655
Key Up;Q;1410860
Key Down;D;1410888
Key Up;D;1411074
Key Down;Q;1411148
Key Up;Q;1411306
Key Down;D;1411391
Key Up;D;1411534
Key Down;Q;1411603
Key Up;Q;1411763
Key Down;D;1411786
Key Up;D;1411889
Key Down;D;1412093
Key Up;D;1412245
Key Down;D;1412779
Key Up;D;1413311
Key Down;D;1413903
Key Up;D;1414005
Key Down;Q;1414016
Key Up;Q;1414407
Key Down;Q;1414706
Key Up;Q;1414954
Key Down;Q;1415170
Key Down;D;1415302
Key Up;Q;1415339
Key Up;D;1415471
Key Down;Q;1415519
Key Up;Q;1415709
Key Down;D;1415731
Key Down;Q;1415929
Key Up;D;1415942
Key Down;D;1416474
Key Up;Q;1416478
Key Up;D;1417624
Key Down;D;1418135
Key Up;D;1418306
Key Down;Q;1418336
Key Down;D;1418665
Key Up;Q;1418677
Key Up;D;1419144
Key Down;Q;1424466
Key Down;Espace;1424967
Key Up;Espace;1425166
Key Up;Q;1425738
Key Down;Q;1425985
Key Up;Q;1426123
Key Down;D;1426856
Key Up;D;1426997
Key Down;Q;1427379
Key Up;Q;1427634
Key Down;D;1428129
Key Up;D;1428369
Key Down;D;1428634
Key Up;D;1428843
Key Down;D;1428902
Key Down;S;1429126
Key Up;D;1429224
Key Down;Q;1429475
Key Up;S;1429958
Key Up;Q;1429962
Key Down;D;1429996
Key Up;D;1430145
Key Down;Q;1430220
Key Up;Q;1430496
Key Down;D;1430514
Key Up;D;1430865
Key Down;Q;1430919
Key Up;Q;1431108
Key Down;D;1431224
Key Down;Espace;1431499
Key Up;D;1431648
Key Up;Espace;1431699
Key Down;Q;1431701
Key Up;Q;1432043
Key Down;Q;1432364
Key Up;Q;1432630
Key Down;Espace;1432632
Key Up;Espace;1432818
Key Down;Espace;1433465
Key Down;D;1433485
Key Up;Espace;1434000
Key Up;D;1435087
Key Down;S;1435527
Key Down;Espace;1435696
Key Up;Espace;1435908
Key Down;D;1435966
Key Up;D;1436142
Key Down;Q;1436250
Key Up;S;1436355
Key Up;Q;1436370
Key Down;Espace;1436552
Key Down;Q;1436617
Key Up;Espace;1436723
Key Up;Q;1436786
Key Down;D;1436911
Key Up;D;1437109
Key Down;Q;1437204
Key Up;Q;1437358
Key Down;D;1437462
Key Up;D;1437633
Key Down;S;1438085
Key Down;Espace;1438323
Key Up;Espace;1438569
Key Down;Q;1438815
Key Up;S;1438954
Key Down;Espace;1439164
Key Up;Espace;1439339
Key Up;Q;1439653
Key Down;Q;1439769
Key Up;Q;1440057
Key Down;D;1440481
Key Up;D;1440647
Key Down;D;1441033
Key Up;D;1441700
Key Down;Q;1441734
Key Up;Q;1442227
Key Down;D;1442275
Key Up;D;1442556
Key Down;Q;1442558
Key Down;D;1442788
Key Up;Q;1442811
Key Up;D;1442977
Key Down;Q;1443162
Key Up;Q;1443336
Key Down;D;1446362
Key Up;D;1446875
Key Down;D;1448042
Key Down;Q;1448143
Key Up;D;1448166
Key Up;Q;1449144
Key Down;Q;1450078
Key Up;Q;1450459
Key Down;Q;1450820
Key Up;Q;1451017
Key Down;Q;1451334
Key Up;Q;1451527
Key Down;Q;1451774
Key Down;Espace;1451932
Key Down;D;1452088
Key Up;Q;1452166
Key Up;Espace;1452216
Key Down;Espace;1452376
Key Up;Espace;1452808
Key Down;Espace;1453010
Key Up;Espace;1453486
Key Up;D;1453601
Key Down;Espace;1453718
Key Down;Q;1453733
Key Up;Espace;1453964
Key Up;Q;1454802
Key Down;Q;1454813
Key Up;Q;1455222
Key Down;Q;1455481
Key Down;D;1455710
Key Up;Q;1455737
Key Down;Espace;1455790
Key Up;Espace;1456399
Key Up;D;1457071
Key Down;Q;1457225
Key Up;Q;1457409
Key Down;A;1457528
Key Up;A;1457636
Key Down;Q;1457943
Key Up;Q;1458043
Key Down;Q;1458153
Key Down;S;1458314
Key Up;Q;1458356
Key Down;Espace;1458470
Key Down;D;1458652
Key Up;Espace;1458817
Key Up;D;1459031
Key Down;Q;1459387
Key Up;S;1459530
Key Up;Q;1459601
Key Down;D;1459750
Key Down;Espace;1460083
Key Up;Espace;1460296
Key Down;Q;1460350
Key Up;D;1460543
Key Up;Q;1460559
Key Down;Espace;1460759
Key Down;Q;1460966
Key Up;Espace;1461055
Key Up;Q;1461224
Key Down;Q;1461347
Key Up;Q;1461687
Key Down;D;1462040
Key Up;D;1462135
Key Down;D;1462839
Key Up;D;1462994
Key Down;D;1463208
Key Up;D;1463505
Key Down;Q;1464115
Key Up;Q;1464387
Key Down;D;1464788
Key Up;D;1464983
Key Down;S;1465474
Key Down;Espace;1465534
Key Up;Espace;1465767
Key Down;Q;1465836
Key Up;S;1466072
Key Up;Q;1467161
Key Down;D;1467174
Key Up;D;1468113
Key Down;D;1468372
Key Up;D;1468450
Key Down;Q;1468483
Key Up;Q;1468754
Key Down;D;1468850
Key Up;D;1469014
Key Down;Q;1469016
Key Up;Q;1469516
Key Down;D;1469574
Key Down;Espace;1469595
Key Up;Espace;1469885
Key Down;Espace;1470350
Key Down;Q;1470370
Key Up;D;1470383
Key Up;Espace;1470630
Key Up;Q;1471544
Key Down;S;1472108
Key Down;Espace;1472138
Key Up;Espace;1472402
Key Down;D;1472494
Key Up;S;1472627
Key Up;D;1472768
Key Down;Espace;1472983
Key Down;D;1472993
Key Up;Espace;1473274
Key Up;D;1473523
Key Down;Q;1474927
Key Down;Espace;1475824
Key Up;Espace;1476017
Key Up;Q;1476186
Key Down;D;1476372
Key Up;D;1476607
Key Down;Q;1476716
Key Up;Q;1476915
Key Down;D;1477046
Key Up;D;1477204
Key Down;Q;1477372
Key Up;Q;1477559
Key Down;D;1477617
Key Up;D;1477908
Key Down;Q;1478053
Key Up;Q;1478464
Key Down;Q;1478565
Key Down;Espace;1478687
Key Down;D;1478697
Key Up;Q;1478785
Key Up;Espace;1479012
Key Up;D;1479827
Key Down;D;1480370
Key Up;D;1480600
Key Down;Q;1480715
Key Up;Q;1480908
Key Down;D;1480926
Key Up;D;1481130
Key Down;Q;1481132
Key Down;D;1481286
Key Up;Q;1481298
Key Down;Q;1481477
Key Up;D;1481510
Key Down;Espace;1481611
Key Up;Espace;1481825
Key Up;Q;1482153
Key Down;Q;1482420
Key Up;Q;1482642
Key Down;D;1482842
Key Up;D;1483010
Key Down;Q;1483845
Key Up;Q;1484336
Key Down;D;1484338
Key Up;D;1484595
Key Down;Q;1484616
Key Up;Q;1484946
Key Down;D;1485091
Key Up;D;1485230
Key Down;Q;1485422
Key Up;Q;1485599
Key Down;D;1485721
Key Up;D;1486668
Key Down;Q;1487232
Key Down;Espace;1487618
Key Down;D;1487647
Key Up;Q;1487697
Key Up;Espace;1487883
Key Up;D;1488535
Key Down;Q;1488852
Key Up;Q;1489408
Key Down;D;1489441
Key Up;D;1489551
Key Down;D;1489935
Key Up;D;1490123
Key Down;D;1490288
Key Up;D;1490523
Key Down;Q;1495243
Key Down;E;1495557
Key Up;E;1495721
Key Down;D;1496327
Key Up;Q;1496359
Key Up;D;1497215
Key Down;Q;1501636
Key Down;Espace;1503165
Key Up;Espace;1503447
Key Up;Q;1503483
Key Down;Espace;1503915
Key Down;D;1504044
Key Up;Espace;1504213
Key Up;D;1504217
Key Down;E;1504443
Key Up;E;1504588
Key Down;E;1504697
Key Up;E;1504816
Key Down;Echap;1509148
Key Up;Echap;1509316
Key Down;S;1509525
Key Down;Espace;1509698
Key Down;D;1509713
Key Up;Espace;1509861
Key Up;S;1509921
Key Down;E;1510319
Key Up;D;1510364
Key Up;E;1510430
Key Down;D;1518801
Key Down;E;1519594
Key Up;D;1519649
Key Up;E;1519716
Key Down;R;1521368
Key Up;R;1521385
Key Down;R;1522314
Key Up;R;1522402
Key Down;D;1524197
Key Up;D;1524396
Key Down;D;1524664
Key Up;D;1524782
Key Down;D;1525948
Key Down;Espace;1526004
Key Up;Espace;1526239
Key Up;D;1526575
Key Down;D;1528343
Key Up;D;1528451
Key Down;Q;1528479
Key Up;Q;1528619
Key Down;D;1528621
Key Up;D;1528938
Key Down;D;1529143
Key Up;D;1529271
Key Down;Q;1529757
Key Up;Q;1529941
Key Down;Q;1530262
Key Up;Q;1530462
Key Down;D;1530724
Key Up;D;1530913
Key Down;D;1531199
Key Up;D;1531399
Key Down;D;1531774
Key Down;Espace;1531908
Key Up;D;1531920
Key Down;Q;1531922
Key Up;Espace;1532233
Key Up;Q;1532476
Key Down;D;1532627
Key Up;D;1532745
Key Down;Espace;1532803
Key Down;Q;1532827
Key Up;Espace;1533476
Key Up;Q;1533585
Key Down;D;1534112
Key Up;D;1534311
Key Down;D;1535233
Key Down;Espace;1535312
Key Up;Espace;1535830
Key Up;D;1535867
Key Down;Q;1536074
Key Down;Espace;1536147
Key Up;Q;1536883
Key Up;Espace;1536888
Key Down;E;1536898
Key Up;E;1537001
Key Down;S;1542568
Key Down;Espace;1542637
Key Up;Espace;1542834
Key Up;S;1542907
Key Down;E;1543016
Key Up;E;1543154
Key Down;E;1543298
Key Up;E;1543311
Key Down;D;1547747
Key Down;Espace;1547898
Key Up;Espace;1548048
Key Up;D;1548968
Key Down;Espace;1549026
Key Up;Espace;1549324
Key Down;Espace;1549641
Key Up;Espace;1549916
Key Down;Q;1550512
Key Down;S;1551153
Key Up;Q;1551204
Key Down;D;1551495
Key Up;S;1551764
Key Up;D;1551856
Key Down;D;1551988
Key Up;D;1552197
Key Down;Q;1552699
Key Up;Q;1552894
Key Down;D;1552989
Key Up;D;1553175
Key Down;S;1553344
Key Down;Espace;1553444
Key Up;Espace;1553670
Key Up;S;1553913
Key Down;Q;1554098
Key Up;Q;1554224
Key Down;Q;1554398
Key Up;Q;1554466
Key Down;D;1554490
Key Down;Espace;1554728
Key Down;Z;1554748
Key Up;D;1554781
Key Down;D;1554926
Key Up;Espace;1555155
Key Up;D;1555208
Key Down;Q;1555226
Key Up;Z;1555284
Key Up;Q;1555455
Key Down;Q;1556132
Key Down;Espace;1556294
Key Up;Espace;1556831
Key Up;Q;1556910
Key Down;D;1557725
Key Up;D;1558143
Key Down;Q;1558682
Key Down;Espace;1558799
Key Up;Espace;1559273
Key Up;Q;1559303
Key Down;D;1560060
Key Up;D;1560321
Key Down;Espace;1562373
Key Up;Espace;1562642
Key Down;E;1562644
Key Up;E;1562794
Key Down;E;1562897
Key Up;E;1563006
Key Down;E;1563085
Key Up;E;1563209
Key Down;Q;1567980
Key Up;Q;1568956
Key Down;E;1568971
Key Up;E;1569059
Key Down;D;1573227
Key Up;D;1573356
Key Down;D;1573623
Key Down;Espace;1573689
Key Up;Espace;1574059
Key Up;D;1574236
Key Down;Q;1574472
Key Down;Espace;1574681
Key Up;Espace;1574885
Key Up;Q;1575127
Key Down;D;1576289
Key Up;D;1576639
Key Down;D;1576829
Key Up;D;1577000
Key Down;D;1577171
Key Up;D;1577447
Key Down;D;1577480
Key Up;D;1577676
Key Down;Q;1577994
Key Up;Q;1578171
Key Down;D;1578210
Key Up;D;1578537
Key Down;Q;1578539
Key Down;D;1578693
Key Up;Q;1578706
Key Down;Espace;1578860
Key Up;Espace;1579114
Key Up;D;1579194
Key Down;D;1580053
Key Down;Espace;1580154
Key Up;Espace;1580478
Key Up;D;1580607
Key Down;Espace;1580880
Key Down;Q;1581021
Key Up;Espace;1581124
Key Up;Q;1581362
Key Down;D;1581582
Key Down;Espace;1581688
Key Down;Q;1581862
Key Up;D;1581899
Key Up;Espace;1581985
Key Up;Q;1582471
Key Down;Q;1582713
Key Down;Espace;1582854
Key Up;Espace;1582963
Key Up;Q;1583895
Key Down;D;1583999
Key Up;D;1584198
Key Down;Q;1584303
Key Up;Q;1584520
Key Down;D;1584530
Key Up;D;1584744
Key Down;Q;1584746
Key Up;Q;1585154
Key Down;D;1585326
Key Up;D;1585480
Key Down;Q;1585542
Key Up;Q;1585770
Key Down;D;1585782
Key Up;D;1585958
Key Down;Q;1585977
Key Up;Q;1586166
Key Down;D;1586168
Key Up;D;1586440
Key Down;Q;1586452
Key Up;Q;1586673
Key Down;D;1587077
Key Up;D;1587878
Key Down;Q;1588131
Key Up;Q;1588325
Key Down;Q;1588732
Key Up;Q;1588896
Key Down;Q;1589230
Key Up;Q;1589398
Key Down;D;1589512
Key Up;D;1589689
Key Down;Q;1589732
Key Down;Espace;1590086
Key Up;Espace;1590351
Key Up;Q;1590492
Key Down;Espace;1590839
Key Down;Q;1590895
Key Up;Espace;1591056
Key Up;Q;1591147
Key Down;Espace;1592946
Key Down;D;1593108
Key Up;Espace;1593362
Key Up;D;1593540
Key Down;Q;1593770
Key Up;Q;1593979
Key Down;D;1594459
Key Up;D;1594557
Key Down;D;1594870
Key Up;D;1595013
Key Down;Espace;1595381
Key Down;D;1595432
Key Up;Espace;1595965
Key Up;D;1596021
Key Down;D;1596336
Key Up;D;1596401
Key Down;Espace;1597051
Key Down;Q;1597139
Key Up;Q;1597212
Key Up;Espace;1597216
Key Down;Q;1597958
Key Down;Espace;1598162
Key Up;Espace;1598568
Key Up;Q;1598694
Key Down;Q;1598906
Key Up;Q;1599085
Key Down;D;1599397
Key Up;D;1599561
Key Down;D;1599715
Key Up;D;1600665
Key Down;D;1600896
Key Up;D;1600955
Key Down;Q;1600993
Key Up;Q;1601235
Key Down;D;1601470
Key Up;D;1601654
Key Down;D;1601894
Key Down;Q;1602188
Key Up;D;1602200
Key Up;Q;1602617
Key Down;D;1602766
Key Up;D;1603041
Key Down;E;1603150
Key Up;E;1603319
Key Down;E;1603684
Key Up;E;1603811
Key Down;E;1605741
Key Up;E;1605872
Key Down;Q;1605944
Key Up;Q;1606332
Key Down;Espace;1606346
Key Up;Espace;1606595
Key Down;Espace;1606815
Key Down;Q;1606997
Key Up;Espace;1607106
Key Up;Q;1607172
Key Down;D;1607340
Key Up;D;1607661
Key Down;Espace;1607969
Key Down;D;1608248
Key Up;Espace;1608285
Key Down;Espace;1608462
Key Up;Espace;1608878
Key Down;Q;1608906
Key Up;D;1608942
Key Down;Espace;1609536
Key Up;Espace;1609965
Key Down;Espace;1610137
Key Up;Espace;1610387
Key Up;Q;1610485
Key Down;Espace;1610831
Key Down;Q;1611002
Key Up;Espace;1611090
Key Up;Q;1611253
Key Down;Espace;1611491
Key Down;D;1611511
Key Up;Espace;1612434
Key Up;D;1612714
Key Down;E;1612804
Key Up;E;1612946
Key Down;Q;1617655
Key Down;E;1618394
Key Up;Q;1618421
Key Up;E;1618502
Key Down;Q;1622741
Key Down;Espace;1622761
Key Up;Espace;1623051
Key Up;Q;1623364
Key Down;D;1624241
Key Up;D;1624400
Key Down;D;1624659
Key Up;D;1624813
Key Down;D;1625224
Key Up;D;1625363
Key Down;Q;1626217
Key Up;Q;1626564
Key Down;Q;1626993
Key Down;Espace;1627119
Key Down;D;1627256
Key Up;Q;1627288
Key Up;Espace;1627308
Key Up;D;1627728
Key Down;Q;1627824
Key Up;Q;1628175
Key Down;Q;1628436
Key Up;Q;1628523
Key Down;D;1628628
Key Up;D;1628925
Key Down;Q;1629010
Key Up;Q;1629218
Key Down;Q;1629363
Key Up;Q;1629517
Key Down;D;1629616
Key Up;D;1629785
Key Down;D;1630103
Key Up;D;1630749
Key Down;Q;1630981
Key Up;Q;1631155
Key Down;Q;1631630
Key Down;Espace;1631841
Key Up;Espace;1632007
Key Up;Q;1632295
Key Down;Q;1632743
Key Up;Q;1632939
Key Down;D;1633371
Key Up;D;1633590
Key Down;Q;1633851
Key Up;Q;1634007
Key Down;Q;1634348
Key Down;Espace;1634394
Key Up;Espace;1634579
Key Up;Q;1634711
Key Down;Q;1635160
Key Up;Q;1635258
Key Down;D;1635761
Key Up;D;1635895
Key Down;Q;1635939
Key Up;Q;1636104
Key Down;Q;1636204
Key Up;Q;1636311
Key Down;Q;1636380
Key Up;Q;1636564
Key Down;D;1636724
Key Up;D;1637485
Key Down;D;1637982
Key Up;D;1638122
Key Down;D;1638453
Key Up;D;1638516
Key Down;Q;1638661
Key Up;Q;1638961
Key Down;Espace;1639400
Key Down;Q;1639516
Key Up;Espace;1639640
Key Up;Q;1639984
Key Down;D;1640327
Key Up;D;1641128
Key Down;D;1641513
Key Up;D;1641641
Key Down;Q;1642670
Key Up;Q;1642789
Key Down;D;1642859
Key Up;D;1643157
Key Down;Q;1643862
Key Up;Q;1644042
Key Down;Q;1644254
Key Down;Espace;1644299
Key Up;Espace;1644493
Key Up;Q;1644736
Key Down;D;1645074
Key Up;D;1645238
Key Down;D;1645917
Key Up;D;1646306
Key Down;D;1646465
Key Up;D;1646649
Key Down;D;1646819
Key Up;D;1646942
Key Down;Q;1647518
Key Up;Q;1647864
Key Down;Q;1648304
Key Up;Q;1648396
Key Down;Q;1649356
Key Up;Q;1649469
Key Down;D;1650257
Key Up;D;1650436
Key Down;D;1650543
Key Up;D;1650867
Key Down;D;1655733
Key Up;D;1656139
Key Down;E;1656229
Key Up;E;1656332
Key Down;Espace;1661280
Key Down;D;1661577
Key Up;Espace;1661717
Key Up;D;1661873
Key Down;Espace;1661968
Key Down;Q;1662123
Key Up;Espace;1662455
Key Up;Q;1662459
Key Down;E;1662495
Key Up;E;1662648
Key Down;E;1662773
Key Up;E;1662871
Key Down;Espace;1672268
Key Down;D;1672283
Key Up;Espace;1672554
Key Up;D;1672726
Key Down;Espace;1673134
Key Down;Q;1673201
Key Up;Espace;1673620
Key Up;Q;1673789
Key Down;Espace;1673956
Key Down;D;1674138
Key Up;Espace;1674398
Key Up;D;1674503
Key Down;Q;1674915
Key Up;Q;1674967
Key Down;Q;1675105
Key Down;Espace;1675242
Key Up;Espace;1675699
Key Up;Q;1675730
Key Down;Espace;1677211
Key Down;D;1677256
Key Up;Espace;1677871
Key Up;D;1677897
Key Down;Espace;1678087
Key Down;D;1678320
Key Up;Espace;1678545
Key Up;D;1678591
Key Down;Espace;1678782
Key Up;Espace;1679088
Key Down;Espace;1679423
Key Down;Q;1679449
Key Up;Espace;1679791
Key Up;Q;1679816
Key Down;Espace;1680078
Key Down;Q;1680290
Key Up;Espace;1680454
Key Up;Q;1680838
Key Down;Espace;1682160
Key Down;D;1682211
Key Up;Espace;1682652
Key Up;D;1682693
Key Down;Espace;1683082
Key Up;Espace;1683166
Key Down;Q;1684937
Key Down;Espace;1684947
Key Up;Espace;1685351
Key Up;Q;1685426
Key Down;Left Alt;1695101
Key Down;Tab;1695217
Key Up;Left Alt;1695286
Key Up;Tab;1695347
