Event;Key;Time
Key Down;Entrée;1668
Key Up;Entrée;1796
Key Down;S;6317
Key Up;S;7633
Key Down;Z;7726
Key Down;Q;7913
Key Up;Z;8009
Key Down;Droite;8062
Key Down;S;8280
Key Up;Q;8312
Key Up;S;8477
Key Down;Q;8611
Key Up;Q;8798
Key Down;S;8984
Key Up;S;9113
Key Down;D;9203
Key Up;D;9555
Key Down;Z;9694
Key Up;Z;9849
Key Down;D;9923
Key Up;D;10067
Key Down;Z;10195
Key Down;Haut;10525
Key Down;D;10541
Key Up;Droite;10568
Key Up;D;10652
Key Down;Q;11111
Key Down;Gauche;11132
Key Up;Haut;11159
Key Up;Z;11250
Key Down;Z;11591
Key Up;Z;12018
Key Up;Q;12594
Key Down;Q;12833
Key Up;Q;12967
Key Up;Gauche;13089
Key Down;Gauche;13121
Key Down;Q;13159
Key Up;Q;13436
Key Down;S;14101
Key Down;Haut;14437
Key Down;Q;14479
Key Up;Gauche;14501
Key Up;S;14747
Key Up;Q;14895
Key Down;Q;15066
Key Up;Q;15188
Key Down;Z;15909
Key Up;Z;16042
Key Down;S;16681
Key Down;D;16948
Key Up;S;17102
Key Down;Gauche;17204
Key Up;Haut;17311
Key Down;Z;17475
Key Up;D;17582
Key Up;Z;17843
Key Down;Z;18254
Key Up;Z;18366
Key Down;S;20146
Key Up;Gauche;20316
Key Down;Q;20381
Key Up;S;20711
Key Down;Z;21021
Key Up;Q;21165
Key Down;Q;21208
Key Up;Q;21362
Key Down;Q;21752
Key Down;Gauche;21907
Key Up;Z;21912
Key Up;Q;21992
Key Down;D;22364
Key Up;D;22412
Key Down;S;22737
Key Up;Gauche;22934
Key Down;Q;23089
Key Up;S;23217
Key Down;Haut;23382
Key Up;Q;23430
Key Down;Z;23526
Key Up;Z;23660
Key Down;S;24230
Key Down;D;24268
Key Up;Haut;24726
Key Up;S;24929
Key Down;Z;25686
Key Up;Z;26186
Key Up;D;28952
Key Down;D;29219
Key Down;Droite;29283
Key Up;D;29390
Key Down;Q;30265
Key Down;Z;30351
Key Up;Q;30388
Key Up;Z;30500
Key Down;S;30696
Key Down;Q;30808
Key Up;S;30905
Key Down;S;31177
Key Up;Q;31358
Key Down;D;31492
Key Up;S;31529
Key Down;Z;31742
Key Up;D;32007
Key Up;Z;32077
Key Down;Q;32258
Key Up;Q;32572
Key Down;D;32791
Key Down;Z;33010
Key Up;Z;33388
Key Up;D;33831
Key Down;Q;34055
Key Up;Q;34172
Key Down;D;34391
Key Up;D;34551
Key Down;Q;34711
Key Up;Q;35147
Key Down;Q;35349
Key Down;S;35541
Key Up;Q;35579
Key Down;D;35803
Key Up;S;36176
Key Up;D;36623
Key Down;S;36885
Key Down;Q;36907
Key Up;S;36986
Key Up;Q;37120
Key Down;D;37211
Key Up;D;37493
Key Down;S;37552
Key Up;S;37658
Key Down;S;37680
Key Down;Q;37765
Key Up;S;37881
Key Up;Q;37913
Key Down;D;38180
Key Down;Z;38260
Key Up;D;38415
Key Up;Z;38420
Key Down;Q;38718
Key Up;Q;38996
Key Down;Q;39214
Key Up;Q;39327
Key Down;D;39412
Key Up;D;39801
Key Down;Z;40009
Key Up;Z;40131
Key Down;Q;40350
Key Up;Q;40468
Key Down;Q;40729
Key Up;Q;41005
Key Up;Droite;41074
Key Down;Q;41282
Key Down;Z;41287
Key Up;Q;41473
Key Down;D;41548
Key Up;Z;41606
Key Down;S;42178
Key Up;S;42290
Key Down;Z;42530
Key Up;Z;42626
Key Up;D;43047
Key Down;D;43363
Key Up;D;43581
Key Down;Q;43754
Key Down;S;43776
Key Down;Bas;43844
Key Up;S;43892
Key Up;Q;43998
Key Down;Z;44291
Key Up;Z;44531
Key Down;D;44574
Key Up;D;44755
Key Down;Z;44915
Key Down;Q;45027
Key Up;Z;45128
Key Up;Q;45155
Key Up;Bas;45459
Key Down;S;45470
Key Down;Droite;45640
Key Down;D;45694
Key Up;S;45982
Key Down;S;46441
Key Up;S;46600
Key Up;D;46878
Key Down;Q;46899
Key Up;Q;47398
Key Down;S;47441
Key Down;Q;47500
Key Up;S;47671
Key Up;Q;47730
Key Down;Q;47943
Key Down;Z;48076
Key Up;Q;48150
Key Down;D;48321
Key Up;D;48465
Key Up;Z;48481
Key Down;Q;48630
Key Up;Q;48945
Key Down;S;49025
Key Down;D;49116
Key Up;S;49361
Key Up;D;49393
Key Down;D;49414
Key Up;D;49495
Key Down;Q;49836
Key Down;S;49996
Key Up;S;50176
Key Up;Q;50282
Key Down;D;50603
Key Up;D;51099
Key Down;Q;51147
Key Up;Q;51392
Key Down;Q;51562
Key Up;Q;51723
Key Down;D;51835
Key Up;D;52037
Key Down;Z;52053
Key Down;Q;52079
Key Up;Q;52213
Key Up;Z;52287
Key Down;D;52309
Key Up;D;52475
Key Down;Q;52490
Key Up;Q;52790
Key Down;Q;53017
Key Up;Q;53134
Key Down;D;53182
Key Up;Droite;53198
Key Down;S;54191
Key Down;Haut;54324
Key Up;S;54393
Key Up;D;54409
Key Down;D;54638
Key Up;D;54697
Key Down;Q;55006
Key Up;Haut;55347
Key Up;Q;55369
Key Down;Z;55487
Key Down;D;55706
Key Up;D;55786
Key Down;Q;55818
Key Up;Z;55882
Key Down;Z;55989
Key Up;Z;56158
Key Up;Q;56206
Key Down;D;56265
Key Up;D;57683
Key Down;Droite;57834
Key Down;D;58031
Key Up;D;58197
Key Down;S;58213
Key Down;D;58410
Key Up;S;58549
Key Down;S;58693
Key Down;Haut;58714
Key Up;Droite;58735
Key Up;D;58879
Key Up;S;58933
Key Down;D;59459
Key Up;D;59709
Key Down;Q;60115
Key Up;Q;60243
Key Down;Q;60520
Key Down;Droite;60547
Key Down;Z;60568
Key Up;Haut;60595
Key Up;Q;60680
Key Down;Q;60979
Key Up;Z;61150
Key Up;Q;61155
Key Down;Z;61379
Key Down;Q;61390
Key Up;Q;61513
Key Up;Z;61545
Key Down;S;61778
Key Up;S;62002
Key Down;Q;62156
Key Up;Q;62267
Key Down;Q;62721
Key Up;Droite;62993
Key Up;Q;63057
Key Down;Z;63175
Key Down;D;63223
Key Up;Z;63261
Key Down;S;63405
Key Down;Q;63410
Key Up;D;63437
Key Up;S;63490
Key Down;Z;63613
Key Up;Q;63677
Key Down;D;63810
Key Up;Z;63853
Key Down;S;63944
Key Up;S;64284
Key Down;Z;64428
Key Up;Z;64791
Key Down;S;64893
Key Down;Q;64973
Key Up;D;64978
Key Up;S;65142
Key Down;S;65463
Key Up;S;65585
Key Down;Z;65750
Key Up;Z;66033
Key Down;S;66230
Key Up;S;66331
Key Down;Bas;66955
Key Down;S;67185
Key Up;Bas;67467
Key Up;Q;67606
Key Down;Q;68000
Key Up;Q;68255
Key Up;S;68543
Key Down;D;69232
Key Down;Bas;69472
Key Up;D;69494
Key Down;Q;69749
Key Up;Bas;69760
Key Down;Z;69990
Key Up;Z;70144
Key Up;Q;70288
Key Down;Q;70719
Key Down;S;70757
Key Down;Droite;71007
Key Up;S;71045
Key Up;Droite;71125
Key Up;Q;71262
Key Down;S;71396
Key Down;D;71627
Key Up;S;71941
Key Down;S;72015
Key Up;S;72356
Key Down;Z;72606
Key Up;D;73156
Key Down;Q;73183
Key Up;Z;73460
Key Down;Z;73593
Key Up;Z;73732
Key Up;Q;73785
Key Down;D;73861
Key Up;D;74187
Key Down;D;74562
Key Up;D;74632
Key Down;Q;74727
Key Up;Q;74897
Key Down;Q;75087
Key Down;S;75321
Key Up;Q;75331
Key Down;D;75459
Key Up;D;75817
Key Up;S;75961
Key Down;Z;76136
Key Up;Z;76414
Key Down;Z;76743
Key Down;Q;76748
Key Up;Q;76972
Key Down;D;76983
Key Up;Z;77031
Key Down;S;77164
Key Up;D;77339
Key Down;Q;77366
Key Up;S;77382
Key Down;Z;77488
Key Up;Q;77781
Key Down;D;77813
Key Up;Z;77856
Key Down;S;77962
Key Up;D;78139
Key Down;Q;78347
Key Up;Q;79007
Key Up;S;79354
Key Down;Q;79950
Key Down;Gauche;80094
Key Down;S;80296
Key Up;Q;80414
Key Up;S;80451
Key Down;Q;81449
Key Down;S;81518
Key Up;Gauche;81582
Key Up;S;81699
Key Up;Q;81704
Key Down;Droite;81752
Key Down;D;81784
Key Down;Z;81859
Key Up;D;82002
Key Up;Z;82104
Key Down;D;82269
Key Up;D;82392
Key Down;Q;82451
Key Up;Q;82760
Key Down;S;82899
Key Up;S;83016
Key Down;Z;83277
Key Up;Z;83398
Key Down;Q;83564
Key Up;Q;83761
Key Down;Q;83921
Key Down;S;83937
Key Up;Q;84273
Key Down;Haut;84310
Key Up;Droite;84321
Key Up;S;84364
Key Down;D;84385
Key Down;S;84449
Key Up;D;84524
Key Up;S;84625
Key Down;S;84871
Key Up;S;85004
Key Up;Haut;85015
Key Down;Z;85128
Key Up;Z;85325
Key Down;Z;85493
Key Down;D;85791
Key Up;Z;85972
Key Down;S;86101
Key Up;S;86654
Key Down;Q;86835
Key Up;D;86862
Key Down;Z;87528
Key Up;Z;87699
Key Up;Q;88333
Key Down;Q;88738
Key Down;Gauche;88861
Key Down;S;89148
Key Up;S;89357
Key Up;Q;89387
Key Down;D;90033
Key Up;D;90193
Key Down;D;90411
Key Up;D;90688
Key Down;Q;90917
Key Up;Q;91141
Key Down;D;91248
Key Down;S;91259
Key Up;D;91408
Key Up;S;91445
Key Down;Z;91910
Key Up;Z;92080
Key Down;D;92267
Key Up;D;92643
Key Down;Q;92761
Key Down;Z;92804
Key Up;Q;92985
Key Up;Z;93001
Key Down;D;93188
Key Up;D;93412
Key Down;Z;93711
Key Down;Q;93839
Key Up;Q;94239
Key Up;Z;94266
Key Down;D;94447
Key Up;D;94634
Key Down;S;94841
Key Down;Q;94906
Key Down;Bas;95039
Key Up;Gauche;95092
Key Up;Q;95778
Key Up;S;95869
Key Down;Z;96162
Key Down;D;96168
Key Up;D;96210
Key Up;Z;96509
Key Down;Q;96536
Key Up;Bas;96722
Key Up;Q;96882
Key Down;D;97146
Key Down;Gauche;97173
Key Up;D;97531
Key Down;D;97909
Key Up;D;98069
Key Down;D;98235
Key Up;D;98410
Key Up;Gauche;98437
Key Down;Q;98442
Key Down;S;98447
Key Up;Q;99150
Key Down;D;99220
Key Up;S;99289
Key Up;D;99454
Key Down;Q;99909
Key Down;S;99946
Key Up;Q;100149
Key Down;D;100180
Key Up;S;100271
Key Down;Z;100399
Key Up;D;100591
Key Down;D;100719
Key Up;D;100863
Key Down;Q;101103
Key Up;Z;101402
Key Down;Z;101593
Key Up;Z;102024
Key Down;S;102195
Key Up;Q;102382
Key Down;Q;102493
Key Up;S;102633
Key Down;Z;102723
Key Up;Q;102819
Key Down;Q;102920
Key Up;Z;103006
Key Down;S;103150
Key Up;Q;103438
Key Up;S;103497
Key Down;E;103646
Key Up;E;103778
Key Down;Z;103814
Key Down;D;103889
Key Up;Z;103953
Key Up;D;104794
Key Down;Q;105276
Key Down;S;105831
Key Up;S;106000
Key Down;Z;106310
Key Down;D;106753
Key Up;Q;106806
Key Up;Z;106822
Key Down;S;107148
Key Up;S;107532
Key Down;S;107812
Key Up;D;107978
Key Down;Q;108373
Key Up;Q;108560
Key Down;Q;108794
Key Up;Q;109072
Key Down;D;109445
Key Up;D;109546
Key Up;S;110026
Key Down;Entrée;110327
Key Up;Entrée;110455
Key Down;Bas;110636
Key Down;S;110764
Key Up;S;110919
Key Down;D;111255
Key Up;D;111382
Key Down;Z;111468
Key Up;Z;111622
Key Down;D;111841
Key Up;D;111942
Key Down;D;112012
Key Down;S;112220
Key Up;D;112257
Key Down;Gauche;112332
Key Up;Bas;112396
Key Up;S;112519
Key Down;S;112710
Key Down;D;112763
Key Up;S;112849
Key Up;D;112870
Key Down;D;113036
Key Up;D;113206
Key Down;S;113297
Key Down;Q;113340
Key Up;S;113494
Key Down;Z;113674
Key Up;Z;113866
Key Up;Q;113877
Key Down;D;114042
Key Up;D;114101
Key Down;Q;114160
Key Down;Z;114245
Key Up;Z;114410
Key Up;Q;114485
Key Down;S;114715
Key Down;Q;114725
Key Up;Q;115067
Key Up;S;115099
Key Down;D;115376
Key Up;D;115594
Key Down;D;115914
Key Up;D;116090
Key Down;S;116533
Key Down;Q;116549
Key Up;S;116708
Key Up;Q;116825
Key Down;D;117236
Key Up;D;117386
Key Down;Z;118083
Key Up;Z;118259
Key Down;Z;118863
Key Down;Q;118953
Key Up;Z;118996
Key Down;Z;119044
Key Up;Q;119150
Key Up;Z;119316
Key Down;S;119746
Key Down;Q;119848
Key Up;S;119944
Key Up;Q;120029
Key Down;Z;120269
Key Up;Z;120434
Key Down;D;120445
Key Down;Z;120536
Key Up;D;120616
Key Up;Z;120632
Key Down;S;121036
Key Up;S;121351
Key Down;Q;121501
Key Up;Q;121757
Key Down;D;122242
Key Down;S;122408
Key Up;D;122477
Key Up;S;122584
Key Down;S;122800
Key Down;D;122933
Key Up;S;123008
Key Up;D;123157
Key Down;Q;123590
Key Up;Q;123873
Key Down;S;124326
Key Up;S;124492
Key Down;D;124608
Key Up;D;124859
Key Down;Z;125147
Key Down;Q;125227
Key Up;Z;125323
Key Down;Z;125387
Key Up;Q;125440
Key Up;Z;125542
Key Down;D;125743
Key Down;Z;125919
Key Up;D;125924
Key Up;Z;126036
Key Down;D;126303
Key Down;S;126441
Key Up;D;126617
Key Down;Q;126724
Key Up;S;126729
Key Up;Q;126943
Key Down;S;126985
Key Down;D;126996
Key Up;S;127118
Key Up;D;127166
Key Up;Gauche;127326
Key Down;Q;128085
Key Up;Q;128330
Key Down;D;128424
Key Down;Z;128616
Key Up;D;128790
Key Down;Q;129312
Key Up;Q;129926
Key Down;D;130625
Key Up;Z;131062
Key Down;Z;131131
Key Up;D;131292
Key Down;D;131366
Key Up;D;131505
Key Down;D;131659
Key Up;Z;131834
Key Down;Z;132506
Key Up;D;133065
Key Up;Z;133391
Key Down;Z;133646
Key Down;D;133811
Key Up;Z;133822
Key Down;Z;134056
Key Up;D;134120
Key Down;Q;134232
Key Up;Z;134323
Key Up;Q;134408
Key Down;E;134572
Key Up;E;134678
Key Down;D;134796
Key Down;Z;135167
Key Up;Z;135498
Key Up;D;135508
Key Down;S;136337
Key Down;Q;136470
Key Up;S;136694
Key Up;Q;136764
Key Down;Z;136883
Key Down;Gauche;136904
Key Down;D;136989
Key Up;Z;137112
Key Up;D;137123
Key Down;D;137411
Key Up;D;137698
Key Down;Z;137873
Key Up;Z;137958
Key Down;S;138347
Key Down;D;138582
Key Up;S;138609
Key Up;D;138716
Key Down;Z;139004
Key Up;Z;139270
Key Down;Q;139639
Key Down;Bas;139761
Key Up;Gauche;139777
Key Up;Q;139836
Key Down;Z;139995
Key Up;Z;140230
Key Up;Bas;140769
Key Down;S;140785
Key Down;Q;141056
Key Up;S;141211
Key Down;S;141414
Key Up;Q;141574
Key Up;S;142426
Key Down;S;142586
Key Down;D;142693
Key Up;D;142992
Key Down;Q;143151
Key Up;Q;143541
Key Up;S;143856
Key Down;S;144120
Key Down;D;144193
Key Up;S;144439
Key Up;D;144449
Key Down;Q;144544
Key Up;Q;144848
Key Down;E;145012
Key Down;Z;145065
Key Up;E;145124
Key Down;Q;145268
Key Up;Z;145449
Key Up;Q;145998
Key Down;D;146271
Key Up;D;146378
Key Down;D;146763
Key Down;S;146964
Key Up;S;147669
Key Up;D;147744
Key Down;Z;147804
Key Down;Q;147842
Key Up;Z;148130
Key Up;Q;148135
Key Down;Q;148255
Key Down;S;148382
Key Up;S;148702
Key Up;Q;148820
Key Down;D;148836
Key Down;Z;149449
Key Up;D;149566
Key Down;D;149882
Key Up;D;149971
Key Down;Q;150044
Key Up;Z;150104
Key Up;Q;150231
Key Down;D;150355
Key Down;S;150505
Key Up;D;150526
Key Down;Droite;150622
Key Up;S;150633
Key Down;D;150973
Key Down;Z;151033
Key Up;D;151124
Key Up;Z;151166
Key Down;Q;151268
Key Up;Q;151496
Key Down;D;152035
Key Up;D;152169
Key Down;Q;152313
Key Up;Q;152484
Key Down;D;152760
Key Up;D;152921
Key Down;S;153122
Key Up;Droite;153207
Key Down;Q;153484
Key Up;S;153746
Key Down;Gauche;153825
Key Up;Q;153943
Key Down;D;154402
Key Up;D;154487
Key Down;Q;154733
Key Up;Q;154924
Key Down;S;155063
Key Up;S;155207
Key Down;D;155356
Key Up;D;155447
Key Down;D;155736
Key Up;D;155815
Key Down;Q;155959
Key Up;Q;156128
Key Down;D;156677
Key Up;D;156880
Key Down;Q;156939
Key Down;Z;157067
Key Up;Z;157162
Key Up;Q;157232
Key Down;D;157440
Key Up;D;157739
Key Down;Z;157819
Key Down;Q;157856
Key Up;Gauche;157909
Key Up;Z;158250
Key Down;S;159492
Key Up;Q;159753
Key Up;S;160094
Key Down;S;160748
Key Up;S;161159
Key Down;Z;161327
Key Up;Z;161753
Key Down;Entrée;165057
Key Up;Entrée;165195
Key Down;Z;167325
Key Down;Haut;167570
Key Up;Z;168838
Key Up;Haut;168956
Key Down;Q;169475
Key Down;Z;169646
Key Up;Q;169848
Key Up;Z;170168
Key Down;S;170475
Key Up;S;170565
Key Down;D;171040
Key Down;Z;171077
Key Up;D;171485
Key Up;Z;171816
Key Down;S;172749
Key Down;Q;173006
Key Up;Q;173603
Key Down;D;173848
Key Up;D;174114
Key Down;D;174919
Key Up;S;174988
Key Down;Droite;175174
Key Down;Z;175558
Key Up;Z;175655
Key Up;Droite;175804
Key Up;D;176065
Key Down;D;176320
Key Down;Z;176635
Key Up;Z;176683
Key Down;Haut;176848
Key Up;D;176891
Key Down;S;176960
Key Up;S;177131
Key Down;S;178079
Key Down;Q;178084
Key Up;Q;178159
Key Up;S;178223
Key Down;Z;178825
Key Up;Z;178996
Key Down;Q;179375
Key Up;Q;179524
Key Down;Z;179674
Key Up;Haut;179689
Key Down;Droite;179791
Key Down;D;180026
Key Up;Z;180133
Key Up;Droite;180143
Key Up;D;180360
Key Down;Q;180453
Key Down;E;180480
Key Up;E;180618
Key Down;S;180741
Key Up;Q;180864
Key Down;D;181124
Key Up;D;181258
Key Up;S;181338
Key Down;D;181565
Key Up;D;181842
Key Down;Q;182273
Key Down;Z;182514
Key Up;Q;182625
Key Down;D;182764
Key Up;D;183004
Key Down;Q;183025
Key Up;Z;183456
Key Down;S;183568
Key Up;Q;183616
Key Down;D;183680
Key Down;Droite;184053
Key Up;S;184176
Key Down;S;184213
Key Up;S;184336
Key Down;Z;184459
Key Up;Z;184821
Key Down;Q;185071
Key Up;D;185077
Key Up;Q;185317
Key Down;S;185349
Key Up;S;185434
Key Down;Q;185578
Key Up;Q;185866
Key Up;Droite;186015
Key Down;D;186115
Key Up;D;186450
Key Down;S;186551
Key Up;S;186684
Key Down;Q;186777
Key Down;Z;186835
Key Up;Q;186942
Key Down;Q;186963
Key Up;Z;187027
Key Up;Q;187113
Key Down;D;187180
Key Down;S;187645
Key Up;S;187751
Key Down;Z;187992
Key Up;Z;188125
Key Up;D;188466
Key Down;D;188838
Key Up;D;188929
Key Down;Droite;189001
Key Down;Q;189230
Key Up;Q;189426
Key Down;Haut;189447
Key Up;Droite;189458
Key Down;S;189565
Key Down;D;189618
Key Up;D;189767
Key Up;S;189869
Key Down;Q;190098
Key Up;Q;190210
Key Down;D;190366
Key Up;D;190477
Key Down;D;191079
Key Up;D;191159
Key Down;S;191500
Key Down;D;191612
Key Up;S;191708
Key Up;D;191735
Key Down;D;193313
Key Up;D;193409
Key Down;Q;194235
Key Up;Q;194459
Key Down;D;194896
Key Down;Z;195077
Key Up;D;195216
Key Up;Z;195318
Key Down;Q;195552
Key Down;S;195711
Key Up;Q;195823
Key Down;D;195892
Key Up;S;195972
Key Up;D;196212
Key Down;Z;196654
Key Up;Z;196761
Key Down;Q;197951
Key Up;Q;198111
Key Down;D;198447
Key Up;D;198616
Key Down;D;198637
Key Down;Z;198839
Key Up;D;198861
Key Up;Z;198994
Key Down;S;200189
Key Up;S;200397
Key Down;Z;201862
Key Up;Z;202171
Key Down;Z;202497
Key Up;Z;202609
Key Down;S;202828
Key Up;S;203056
Key Down;Q;203317
Key Up;Q;203429
Key Down;D;203659
Key Down;S;203739
Key Up;S;204006
Key Up;D;204086
Key Down;Z;204369
Key Up;Z;204529
Key Down;Q;204820
Key Up;Q;204911
Key Down;Z;205167
Key Up;Z;205279
Key Down;D;205518
Key Up;D;205582
Key Down;S;205940
Key Up;S;206159
Key Down;Z;206532
Key Up;Z;206836
Key Down;Z;207071
Key Up;Z;207210
Key Down;Q;208643
Key Up;Q;208771
Key Down;Q;209214
Key Down;S;209235
Key Up;S;209592
Key Up;Q;209651
Key Down;Z;210184
Key Up;Z;210339
Key Down;D;211206
Key Down;S;211228
Key Up;D;211324
Key Up;S;211329
Key Down;Z;211596
Key Down;D;211788
Key Up;Haut;211911
Key Down;Droite;212428
Key Up;Z;212493
Key Up;D;212524
Key Down;Q;212870
Key Down;Z;212935
Key Up;Q;212988
Key Up;Z;213068
Key Down;D;213319
Key Down;S;213383
Key Up;D;213394
Key Up;S;213479
Key Down;Q;213755
Key Up;Droite;213909
Key Down;Z;214118
Key Up;Q;214267
Key Up;Z;214331
Key Down;Z;214367
Key Down;D;214388
Key Up;D;214495
Key Up;Z;214723
Key Down;Haut;214992
Key Up;Haut;215371
Key Down;Z;215387
Key Down;D;215484
Key Up;Z;215579
Key Up;D;215595
Key Down;Z;215989
Key Down;D;216042
Key Up;D;216170
Key Down;Q;216250
Key Up;Z;216282
Key Up;Q;216378
Key Down;S;216491
Key Down;Q;216719
Key Up;Q;216948
Key Down;Gauche;217541
Key Down;Q;217605
Key Up;Q;218026
Key Up;Gauche;218143
Key Down;Q;218421
Key Up;S;218666
Key Down;S;219520
Key Down;Bas;219584
Key Up;Q;220147
Key Up;S;220445
Key Down;Q;221128
Key Up;Q;221278
Key Down;D;221801
Key Up;D;221859
Key Down;D;222791
Key Up;D;223090
Key Up;Bas;223169
Key Down;Gauche;223213
Key Down;S;223528
Key Down;D;223544
Key Up;D;223699
Key Up;S;223704
Key Down;D;224013
Key Up;D;224147
Key Down;D;224541
Key Up;D;224727
Key Down;D;224919
Key Down;S;224968
Key Up;D;225229
Key Up;S;225298
Key Down;S;225464
Key Down;Q;225592
Key Up;Gauche;225656
Key Down;Haut;225688
Key Up;Q;225803
Key Up;S;225873
Key Down;Q;226529
Key Up;Q;226668
Key Down;Q;227035
Key Up;Haut;227152
Key Down;Droite;227179
Key Down;Z;227195
Key Up;Q;227329
Key Up;Z;227350
Key Down;Z;227659
Key Down;Q;227675
Key Up;Q;227788
Key Up;Z;227814
Key Up;Droite;227953
Key Down;S;228184
Key Up;S;228408
Key Down;Q;228466
Key Up;Q;228583
Key Down;S;228750
Key Down;Bas;228828
Key Up;Bas;229154
Key Up;S;229196
Key Down;S;229800
Key Down;Bas;229880
Key Up;S;229997
Key Down;Z;230307
Key Up;Z;230483
Key Down;Z;230718
Key Up;Z;230873
Key Down;D;231480
Key Down;Gauche;231656
Key Up;D;231688
Key Up;Bas;231736
Key Down;S;231846
Key Down;D;231905
Key Up;D;232065
Key Up;S;232167
Key Down;Z;232614
Key Up;Z;232726
Key Down;D;233398
Key Up;D;233510
Key Down;D;233911
Key Up;D;234054
Key Down;S;234268
Key Down;D;234289
Key Up;D;234444
Key Up;S;234481
Key Down;S;234726
Key Down;Q;234785
Key Down;Haut;234874
Key Up;Gauche;234901
Key Up;Q;234928
Key Up;S;235088
Key Down;S;235418
Key Up;S;235456
Key Down;S;235711
Key Up;S;235909
Key Down;S;236218
Key Up;S;236485
Key Down;Z;236741
Key Up;Z;237131
Key Down;Z;237531
Key Down;Gauche;237637
Key Up;Haut;237658
Key Up;Z;237787
Key Down;Z;237946
Key Up;Z;238233
Key Down;S;238505
Key Up;S;238676
Key Down;S;239012
Key Down;Haut;239161
Key Up;Gauche;239182
Key Down;Q;239204
Key Up;Q;239332
Key Up;S;239460
Key Down;S;239945
Key Up;S;240084
Key Down;Z;240612
Key Up;Z;240799
Key Down;Q;241048
Key Up;Haut;241139
Key Down;Z;241304
Key Up;Q;241464
Key Down;Gauche;241581
Key Down;Q;241806
Key Up;Z;241976
Key Up;Q;242024
Key Down;D;242397
Key Up;D;242664
Key Down;Q;242803
Key Down;S;243054
Key Up;Q;243154
Key Up;S;243208
Key Down;S;243341
Key Down;Q;243427
Key Up;Gauche;243485
Key Up;S;243618
Key Up;Q;243656
Key Down;Gauche;243830
Key Down;Q;244224
Key Down;Z;244448
Key Up;Z;244576
Key Up;Q;244783
Key Down;D;245103
Key Up;D;245215
Key Down;Z;245253
Key Down;Q;245322
Key Up;Z;245413
Key Up;Q;245535
Key Down;Q;246117
Key Up;Q;246443
Key Up;Gauche;246570
Key Down;D;246575
Key Down;S;247161
Key Up;S;247423
Key Down;Z;247982
Key Up;Z;248184
Key Down;S;248579
Key Up;D;248670
Key Down;Q;248830
Key Up;Q;249065
Key Down;D;249353
Key Up;D;249475
Key Down;D;249657
Key Up;S;249699
Key Down;S;250183
Key Up;S;250262
Key Up;D;250643
Key Down;D;250994
Key Down;Droite;251101
Key Up;D;251213
Key Down;Z;251261
Key Down;D;251346
Key Up;Z;251443
Key Up;D;251837
Key Down;Q;253249
Key Up;Q;253383
Key Down;S;254049
Key Up;S;254209
Key Down;Q;254284
Key Up;Q;254395
Key Down;Z;254683
Key Up;Z;254833
Key Down;Q;255073
Key Up;Q;255297
Key Down;Q;256703
Key Down;S;256868
Key Up;Q;256986
Key Down;Haut;257055
Key Up;Droite;257087
Key Down;D;257338
Key Up;S;257349
Key Up;D;257418
Key Down;Z;257610
Key Up;Haut;257690
Key Down;Droite;257834
Key Down;D;257909
Key Up;Z;257973
Key Up;D;258277
Key Down;Q;258405
Key Up;Q;258692
Key Down;Q;259198
Key Up;Q;259336
Key Down;S;260169
Key Up;S;260280
Key Down;D;260403
Key Up;D;260525
Key Down;Z;260595
Key Up;Z;260680
Key Down;D;260979
Key Up;D;261155
Key Down;S;261475
Key Up;S;261603
Key Down;Q;262449
Key Up;Q;262561
Key Down;Z;262823
Key Down;D;262882
Key Up;Z;262952
Key Up;Droite;262961
Key Down;Z;263479
Key Up;D;263522
Key Down;D;263602
Key Up;Z;263655
Key Down;S;263783
Key Up;D;263991
Key Up;S;264098
Key Down;D;264114
Key Down;Z;264514
Key Up;D;264540
Key Down;Q;264561
Key Up;Z;264594
Key Down;Z;264749
Key Up;Z;265116
Key Down;S;265552
Key Up;S;266027
Key Down;Z;266454
Key Up;Z;266630
Key Down;Bas;267307
Key Down;S;267547
Key Up;Q;267990
Key Down;D;268276
Key Up;D;268522
Key Up;S;268799
Key Down;Q;269685
Key Up;Q;269802
Key Down;S;270895
Key Up;S;271012
Key Down;Z;271886
Key Up;Z;272024
Key Down;D;272233
Key Up;D;272467
Key Down;S;273848
Key Up;S;273944
Key Down;Z;274914
Key Down;Q;274924
Key Up;Z;275035
Key Up;Bas;275057
Key Down;S;275286
Key Up;Q;275452
Key Down;D;275686
Key Up;S;275718
Key Up;D;275836
Key Down;Q;276353
Key Down;Z;276530
Key Up;Q;276577
Key Down;D;276817
Key Up;D;277180
Key Down;Q;277440
Key Up;Z;277871
Key Down;Z;278079
Key Up;Q;278416
Key Down;Q;278645
Key Up;Z;278762
Key Down;Z;279616
Key Up;Q;279727
Key Down;Q;279839
Key Up;Z;280127
Key Down;S;280301
Key Up;S;280531
Key Up;Q;280973
Key Down;Q;281458
Key Up;Q;281564
Key Down;D;282334
Key Up;D;282414
Key Down;Haut;282618
Key Down;Q;282794
Key Up;Q;282885
Key Down;Z;284163
Key Up;Haut;284243
Key Down;Gauche;284291
Key Down;Q;284419
Key Up;Z;284494
Key Up;Q;284680
Key Down;S;284893
Key Down;Q;284909
Key Up;S;284973
Key Up;Q;285053
Key Down;Q;285347
Key Up;Q;285560
Key Down;D;286179
Key Up;D;286348
Key Down;Q;286460
Key Up;Q;286620
Key Down;D;286859
Key Up;Gauche;286972
Key Down;S;287163
Key Up;S;287371
Key Down;S;288471
Key Down;Bas;288492
Key Up;S;288737
Key Up;Bas;288790
Key Down;Z;289164
Key Up;Z;289413
Key Down;S;289738
Key Up;D;290053
Key Up;S;290229
Key Down;Q;290398
Key Down;Z;290414
Key Up;Q;290526
Key Down;Q;290825
Key Up;Z;290958
Key Down;Z;291763
Key Up;Z;292062
Key Down;S;292914
Key Up;S;293036
Key Up;Q;293255
Key Down;S;294063
Key Down;D;294223
Key Up;S;294228
Key Down;Z;294335
Key Up;D;294383
Key Down;D;294505
Key Up;Z;294569
Key Down;Bas;295474
Key Down;Z;295549
Key Up;Z;295736
Key Down;S;296034
Key Up;S;296189
Key Up;Bas;296248
Key Down;S;296686
Key Up;D;296814
Key Down;D;297597
Key Up;D;297981
Key Up;S;298141
Key Down;D;298340
Key Down;S;298468
Key Up;D;298639
Key Up;S;298761
Key Down;Q;299653
Key Down;S;299867
Key Down;Gauche;299915
Key Up;S;300203
Key Up;Q;300886
Key Down;Q;301402
Key Up;Q;301609
Key Down;D;301994
Key Up;D;302111
Key Down;Q;302335
Key Up;Q;302537
Key Down;D;302938
Key Up;D;303114
Key Down;Q;303406
Key Up;Q;303534
Key Down;Z;303577
Key Up;Gauche;303806
Key Down;Q;303823
Key Up;Z;304063
Key Down;Bas;304100
Key Up;Q;304121
Key Down;Q;304431
Key Up;Q;304495
Key Down;S;306914
Key Up;S;307282
Key Up;Bas;307405
Key Down;Z;307508
Key Up;Z;307795
Key Down;Q;307940
Key Down;S;308207
Key Up;Q;308296
Key Down;D;308537
Key Up;D;308932
Key Up;S;309257
Key Down;Bas;309535
Key Down;Z;310292
Key Down;Q;310362
Key Down;Droite;310447
Key Up;Z;310457
Key Up;Bas;310595
Key Down;S;310659
Key Up;S;310893
Key Up;Q;310909
Key Down;D;311203
Key Up;D;311320
Key Down;Q;311443
Key Up;Q;311614
Key Down;D;311950
Key Up;D;312099
Key Down;Q;312211
Key Up;Q;312397
Key Down;S;312701
Key Up;S;312851
Key Down;Q;313108
Key Down;Z;313186
Key Up;Z;313272
Key Up;Q;313282
Key Down;D;313852
Key Up;D;314076
Key Down;Z;314556
Key Up;Z;314643
Key Down;D;314785
Key Up;D;314913
Key Down;Q;315073
Key Up;Q;315238
Key Down;D;315558
Key Down;S;315607
Key Up;Droite;315676
Key Up;D;315692
Key Down;D;315895
Key Up;S;315921
Key Down;Z;316215
Key Up;D;316263
Key Down;D;316295
Key Up;Z;316369
Key Up;D;316445
Key Down;Q;316499
Key Down;Z;317094
Key Up;Z;317200
Key Up;Q;317697
Key Down;Entrée;318216
Key Up;Entrée;318349
Key Down;Gauche;318474
Key Down;Q;318538
Key Up;Q;318795
Key Down;D;319504
Key Up;D;319621
Key Down;D;320516
Key Up;D;320623
Key Down;S;320819
Key Down;Q;320846
Key Down;Haut;320904
Key Up;Gauche;321187
Key Up;S;321246
Key Down;Droite;321363
Key Down;Z;321470
Key Up;Haut;321550
Key Up;Q;321657
Key Up;Z;321731
Key Down;S;321924
Key Down;D;322014
Key Up;S;322105
Key Down;Q;322206
Key Up;D;322217
Key Down;S;322399
Key Up;Q;322436
Key Up;S;322537
Key Down;D;322728
Key Up;D;322839
Key Down;Q;322861
Key Up;Q;323068
Key Down;D;323196
Key Up;D;323388
Key Down;Q;323527
Key Up;Q;323682
Key Down;D;323778
Key Up;D;323970
Key Down;Q;323980
Key Up;Q;324328
Key Down;D;324339
Key Up;Droite;324465
Key Down;Gauche;324540
Key Up;D;325048
Key Down;Q;325484
Key Up;Q;325580
Key Down;D;325755
Key Up;D;325990
Key Down;Q;326096
Key Up;Q;326310
Key Down;D;326523
Key Up;D;326651
Key Down;Q;327003
Key Down;Droite;327142
Key Up;Gauche;327174
Key Up;Q;327212
Key Down;D;327228
Key Down;Gauche;327281
Key Up;Droite;327297
Key Up;D;327420
Key Down;D;327755
Key Up;D;327921
Key Down;Q;328262
Key Down;Z;328284
Key Down;Droite;328395
Key Up;Gauche;328614
Key Up;Z;328667
Key Down;S;328784
Key Up;Q;328858
Key Down;D;328976
Key Up;S;329093
Key Up;D;329162
Key Down;Q;329237
Key Up;Q;329397
Key Down;Q;329599
Key Up;Q;329919
Key Down;D;330448
Key Up;D;330576
Key Down;Q;330763
Key Up;Q;330891
Key Down;Q;331114
Key Up;Q;331279
Key Down;Q;331691
Key Down;Z;331754
Key Up;Q;331801
Key Down;Bas;331881
Key Up;Droite;331913
Key Down;D;331934
Key Up;Z;332041
Key Down;Gauche;332094
Key Up;Bas;332142
Key Down;S;332356
Key Up;D;332510
Key Up;S;332569
Key Down;Q;332803
Key Up;Q;332927
Key Down;D;332964
Key Up;D;333487
Key Down;Q;333993
Key Up;Q;334387
Key Down;D;334553
Key Up;D;334723
Key Down;Q;334866
Key Up;Q;335048
Key Down;D;335282
Key Up;D;335539
Key Down;D;335789
Key Up;D;335981
Key Down;Z;337197
Key Down;Q;337256
Key Down;Droite;337352
Key Up;Z;337576
Key Up;Gauche;337608
Key Down;S;337704
Key Up;Q;337873
Key Down;D;337889
Key Up;S;338006
Key Up;D;338033
Key Down;Q;338252
Key Up;Q;338524
Key Down;Q;338715
Key Up;Q;338859
Key Down;Q;339190
Key Up;Q;339318
Key Down;D;339366
Key Down;Gauche;339462
Key Up;Droite;339547
Key Up;D;340022
Key Down;Q;340348
Key Up;Q;340524
Key Down;D;340636
Key Up;D;340917
Key Down;Q;340986
Key Up;Q;341391
Key Down;D;341594
Key Up;D;341807
Key Down;Q;341887
Key Up;Q;342036
Key Up;Gauche;342260
Key Down;D;342285
Key Down;S;342311
Key Up;D;342487
Key Up;S;342578
Key Down;Q;342794
Key Up;Q;343034
Key Down;D;343275
Key Up;D;343451
Key Down;Q;343541
Key Up;Q;343733
Key Down;D;343923
Key Up;D;344078
Key Down;Q;344182
Key Down;Z;344273
Key Up;Q;344385
Key Up;Z;344422
Key Down;D;344433
Key Up;D;344625
Key Down;Q;344738
Key Down;S;344834
Key Up;Q;344941
Key Up;S;344962
Key Down;Z;345422
Key Up;Z;345534
Key Down;Q;345670
Key Up;Q;345857
Key Down;D;346512
Key Up;D;346603
Key Down;Bas;347576
Key Down;S;347918
Key Up;S;348190
Key Down;Q;348932
Key Down;Gauche;348974
Key Up;Bas;349001
Key Down;S;349017
Key Up;S;349118
Key Up;Q;349135
Key Down;D;350354
Key Up;D;350529
Key Down;Droite;350711
Key Up;Gauche;350844
Key Down;Q;350940
Key Up;Q;351042
Key Down;D;351228
Key Up;D;351410
Key Down;Q;351842
Key Up;Droite;352150
Key Up;Q;352156
Key Down;S;352189
Key Up;S;352365
Key Down;S;352603
Key Up;S;352806
Key Down;D;352856
Key Up;D;352989
Key Down;D;353517
Key Up;D;353720
Key Down;D;353995
Key Down;Z;354387
Key Up;D;354873
Key Down;Q;354990
Key Up;Z;355107
Key Up;Q;355689
Key Down;Z;355776
Key Down;D;356000
Key Up;D;356313
Key Up;Z;356606
Key Down;Q;356860
Key Down;Z;357201
Key Up;Z;357425
Key Up;Q;357462
Key Down;D;357532
Key Down;Z;357681
Key Up;Z;358065
Key Up;D;358348
Key Down;Entrée;361804
Key Up;Entrée;361894
Key Down;Z;364064
Key Down;Haut;364294
Key Up;Z;365621
Key Down;Q;366889
Key Down;Gauche;367007
Key Up;Haut;367044
Key Down;Z;367097
Key Up;Q;367236
Key Up;Z;367242
Key Down;Z;368195
Key Up;Z;368403
Key Down;Z;368633
Key Up;Z;368712
Key Down;Z;369341
Key Up;Gauche;369405
Key Down;Droite;369437
Key Down;D;369453
Key Up;Z;369528
Key Up;D;369933
Key Down;Z;369944
Key Up;Z;370014
Key Down;D;370227
Key Up;D;370403
Key Down;Q;370713
Key Up;Q;370835
Key Down;Q;371150
Key Up;Droite;371182
Key Up;Q;371335
Key Down;S;371476
Key Down;Q;371481
Key Up;Q;371663
Key Up;S;371861
Key Down;Z;371988
Key Up;Z;372665
Key Down;Z;373321
Key Up;Z;374247
Key Down;Z;374578
Key Up;Z;374749
Key Down;Haut;374876
Key Down;S;375340
Key Up;S;375495
Key Down;Q;377094
Key Down;Z;377143
Key Down;Droite;377429
Key Up;Z;377456
Key Up;Haut;377621
Key Up;Q;377696
Key Down;Z;377835
Key Down;D;377936
Key Up;D;378139
Key Up;Z;378214
Key Down;S;378853
Key Up;S;379173
Key Down;S;379286
Key Down;Haut;379307
Key Down;D;379323
Key Up;Droite;379339
Key Up;S;379387
Key Up;D;379509
Key Down;S;379680
Key Up;S;379846
Key Down;D;379851
Key Up;D;380022
Key Down;Z;380670
Key Down;Q;380777
Key Up;Z;380782
Key Up;Q;380921
Key Down;D;381385
Key Up;D;381460
Key Down;S;381790
Key Up;S;381908
Key Down;Q;381972
Key Down;Z;382196
Key Down;Droite;382281
Key Up;Haut;382303
Key Up;Q;382484
Key Down;D;382596
Key Up;Z;382703
Key Down;Bas;383018
Key Up;D;383040
Key Up;Droite;383098
Key Down;Z;383469
Key Down;D;383554
Key Up;Z;383613
Key Up;D;383752
Key Down;Q;383960
Key Up;Q;384082
Key Down;Q;384317
Key Down;S;384328
Key Down;Droite;384408
Key Up;Bas;384483
Key Up;S;384525
Key Up;Q;384563
Key Down;Q;384814
Key Up;Q;384936
Key Down;Q;385102
Key Up;Q;385234
Key Down;D;385458
Key Up;D;385591
Key Down;Q;386243
Key Up;Q;386438
Key Down;S;386812
Key Up;S;386934
Key Down;Z;387148
Key Down;D;387233
Key Up;Z;387318
Key Up;D;387404
Key Down;Q;387559
Key Up;Q;387783
Key Down;Q;387953
Key Down;S;388156
Key Up;Q;388161
Key Down;D;388284
Key Up;S;388348
Key Up;D;388529
Key Down;Z;388593
Key Up;Z;388812
Key Down;D;389068
Key Down;Q;389158
Key Up;D;389165
Key Up;Q;389361
Key Down;D;389574
Key Up;D;389782
Key Down;Q;389926
Key Up;Q;390091
Key Down;D;390273
Key Up;D;390416
Key Down;S;390474
Key Down;Q;390577
Key Up;S;390582
Key Up;Q;390705
Key Down;Q;390965
Key Up;Q;391120
Key Down;Z;391216
Key Up;Z;391333
Key Down;Q;391653
Key Down;S;391696
Key Down;Haut;391904
Key Up;Q;391909
Key Up;Droite;391931
Key Up;S;392133
Key Down;S;392537
Key Down;D;392601
Key Up;S;392879
Key Up;D;393028
Key Down;D;393306
Key Up;D;393605
Key Down;D;393999
Key Up;D;394329
Key Down;Gauche;394399
Key Up;Haut;394447
Key Down;Z;394533
Key Up;Z;394825
Key Down;Z;395007
Key Down;Bas;395081
Key Up;Z;395296
Key Up;Gauche;395375
Key Down;Q;395512
Key Up;Q;395667
Key Down;D;396051
Key Up;D;396195
Key Down;S;396329
Key Down;Gauche;396350
Key Up;Bas;396382
Key Up;S;396617
Key Down;D;397165
Key Up;D;397256
Key Down;Z;397507
Key Up;Z;397576
Key Down;S;398035
Key Down;Haut;398109
Key Up;Gauche;398158
Key Up;S;398254
Key Down;Q;398535
Key Up;Q;398637
Key Down;S;399233
Key Up;S;399393
Key Down;Gauche;399554
Key Up;Haut;399602
Key Down;D;399618
Key Up;D;399702
Key Down;Z;399953
Key Up;Z;400103
Key Down;D;400135
Key Up;D;400199
Key Down;Z;400732
Key Up;Z;401036
Key Down;Bas;401410
Key Down;Z;401426
Key Down;Q;401442
Key Up;Gauche;401547
Key Up;Q;401557
Key Up;Z;401573
Key Down;Z;401781
Key Up;Z;402005
Key Down;Z;402443
Key Down;Q;402496
Key Up;Z;402731
Key Up;Q;402763
Key Down;Q;402976
Key Down;Droite;403019
Key Up;Q;403163
Key Up;Bas;403174
Key Down;S;403307
Key Down;Q;403344
Key Up;S;403546
Key Up;Q;403568
Key Down;Q;403914
Key Up;Q;404053
Key Down;Z;404267
Key Up;Z;404352
Key Down;D;404480
Key Up;D;404575
Key Down;Q;404724
Key Up;Q;404863
Key Down;D;405439
Key Down;Haut;405582
Key Up;Droite;405619
Key Down;S;405657
Key Up;D;405774
Key Up;S;405838
Key Down;S;406100
Key Down;Q;406158
Key Up;Q;406313
Key Up;S;406329
Key Down;Z;406734
Key Down;D;406815
Key Up;Z;406937
Key Up;D;406942
Key Down;Q;407209
Key Down;Droite;407316
Key Down;Z;407396
Key Up;Haut;407428
Key Up;Q;407498
Key Up;Z;407581
Key Down;Q;407736
Key Down;S;407966
Key Up;Q;407971
Key Up;S;408082
Key Down;S;408311
Key Up;S;408397
Key Down;S;408541
Key Down;Q;408605
Key Up;S;408733
Key Up;Q;408776
Key Down;D;409053
Key Up;D;409181
Key Down;Z;409501
Key Up;Z;409624
Key Down;Q;409832
Key Down;Z;409863
Key Up;Q;410013
Key Up;Z;410024
Key Down;D;410370
Key Up;D;410472
Key Down;Q;410536
Key Up;Q;410732
Key Down;S;410945
Key Down;D;411079
Key Up;S;411100
Key Up;D;411217
Key Down;S;411297
Key Down;Haut;411420
Key Down;D;411436
Key Up;Droite;411447
Key Up;D;411532
Key Up;S;411617
Key Down;D;411719
Key Down;S;411831
Key Up;D;411879
Key Up;S;411974
Key Down;Z;412412
Key Down;Q;412422
Key Down;Droite;412582
Key Up;Haut;412620
Key Up;Q;412636
Key Up;Z;412823
Key Down;Q;412887
Key Down;S;413004
Key Up;Q;413020
Key Down;D;413025
Key Up;S;413094
Key Down;Bas;413196
Key Down;Z;413297
Key Up;Droite;413308
Key Up;Z;413495
Key Up;Bas;413521
Key Up;D;413744
Key Down;Bas;413796
Key Down;Q;413877
Key Up;Q;414010
Key Down;S;414144
Key Down;D;414154
Key Up;D;414250
Key Up;S;414266
Key Down;Q;414367
Key Down;D;414489
Key Up;Q;414496
Key Up;D;414623
Key Down;Q;414687
Key Down;Droite;414825
Key Down;S;414842
Key Up;Bas;414852
Key Up;Q;414922
Key Down;Q;415274
Key Up;S;415322
Key Up;Q;415508
Key Down;D;415546
Key Up;D;415770
Key Down;Z;415812
Key Down;Q;415903
Key Up;Z;415914
Key Up;Q;416004
Key Down;Q;416271
Key Down;D;416368
Key Up;Q;416415
Key Up;D;416549
Key Down;Q;416581
Key Up;Q;416665
Key Down;D;416729
Key Down;Z;416857
Key Up;D;416873
Key Up;Z;416985
Key Down;Q;416990
Key Up;Q;417176
Key Down;S;417347
Key Down;D;417352
Key Up;S;417485
Key Up;D;417534
Key Down;Q;417640
Key Up;Droite;417779
Key Down;Z;417832
Key Up;Q;417870
Key Down;D;417944
Key Up;Z;417998
Key Up;D;418158
Key Down;Z;418295
Key Down;Q;418327
Key Up;Q;418482
Key Down;D;418562
Key Up;D;418691
Key Down;Q;418946
Key Up;Q;419074
Key Up;Z;419330
Key Down;S;419840
Key Down;Q;420603
Key Up;S;420890
Key Down;Z;421071
Key Up;Z;421242
Key Down;Z;421332
Key Up;Z;421456
Key Down;S;421812
Key Up;S;421972
Key Up;Q;422474
Key Down;Gauche;422506
Key Down;Q;422835
Key Up;Q;423033
Key Down;D;423928
Key Up;D;424206
Key Down;Z;424297
Key Up;Z;424542
Key Down;S;424809
Key Up;S;424958
Key Down;Q;425060
Key Up;Q;425220
Key Down;S;425469
Key Up;S;425635
Key Down;Z;425900
Key Down;Q;425927
Key Up;Z;426039
Key Up;Q;426071
Key Down;D;426076
Key Up;D;426428
Key Down;Q;426807
Key Up;Q;426941
Key Down;D;427149
Key Down;S;427308
Key Up;D;427351
Key Up;S;427426
Key Down;S;427597
Key Up;S;427751
Key Down;Q;427874
Key Down;Z;427911
Key Up;Q;428007
Key Down;D;428119
Key Up;Z;428269
Key Down;Z;428360
Key Up;D;428365
Key Up;Z;428530
Key Down;D;428870
Key Up;D;428955
Key Down;Q;428960
Key Up;Q;429211
Key Down;Q;429339
Key Down;Z;429419
Key Up;Z;429515
Key Up;Q;429654
Key Down;D;429798
Key Up;D;430166
Key Down;Q;430235
Key Down;Z;430246
Key Up;Z;430352
Key Up;Q;430454
Key Down;D;430534
Key Up;D;430753
Key Down;Q;430758
Key Down;D;430945
Key Up;Q;430961
Key Down;Q;431126
Key Down;S;431169
Key Up;D;431179
Key Up;S;431542
Key Up;Q;431564
Key Down;Z;431654
Key Down;D;431899
Key Up;Z;431924
Key Up;D;432004
Key Down;Q;432026
Key Up;Gauche;432138
Key Down;S;432298
Key Up;Q;432581
Key Down;D;432698
Key Up;S;432768
Key Down;Z;432912
Key Up;D;432917
Key Down;Q;433008
Key Up;Z;433072
Key Down;Z;433409
Key Up;Z;433542
Key Up;Q;434069
Key Down;Gauche;434190
Key Down;Q;434542
Key Up;Q;434691
Key Down;Z;434766
Key Down;Q;434866
Key Up;Z;434951
Key Up;Q;435015
Key Down;D;435095
Key Up;D;435373
Key Down;S;435405
Key Down;Q;435485
Key Up;Gauche;435597
Key Up;S;436114
Key Down;Droite;436263
Key Down;Z;436279
Key Up;Z;436418
Key Up;Q;436444
Key Down;Q;436637
Key Down;Z;436935
Key Up;Q;436973
Key Up;Droite;437117
Key Down;D;437213
Key Up;Z;437432
Key Up;D;437763
Key Down;S;437932
Key Up;S;438358
Key Down;D;438632
Key Down;Z;438680
Key Up;D;438729
Key Down;Q;438793
Key Up;Z;438862
Key Down;Z;438996
Key Up;Q;439011
Key Down;D;439090
Key Up;Z;439138
Key Up;D;439347
Key Down;Z;440090
Key Down;Q;440149
Key Up;Z;440288
Key Up;Q;440517
Key Down;S;440686
Key Down;D;440691
Key Up;S;440956
Key Up;D;440961
Key Down;D;441123
Key Down;Z;441384
Key Up;D;441453
Key Down;Q;441512
Key Up;Z;441656
Key Down;Gauche;442451
Key Up;Q;442547
Key Down;Q;442984
Key Up;Q;443389
Key Down;D;443779
Key Up;D;443959
Key Down;S;443970
Key Up;S;444119
Key Down;Z;444295
Key Up;Z;444503
Key Down;D;444690
Key Down;Z;444989
Key Up;D;445026
Key Down;Bas;445182
Key Down;Q;445229
Key Up;Gauche;445249
Key Up;Z;445436
Key Down;Droite;445532
Key Up;Bas;445591
Key Up;Q;445671
Key Down;Q;445826
Key Up;Q;446140
Key Down;Q;446615
Key Up;Q;446823
Key Down;Q;446982
Key Up;Q;447180
Key Down;Q;447505
Key Up;Q;447654
Key Down;S;447883
Key Down;Haut;448177
Key Up;S;448209
Key Up;Droite;448241
Key Down;S;448423
Key Up;S;448640
Key Down;S;448827
Key Up;S;449025
Key Down;S;449212
Key Up;S;449361
Key Down;D;449585
Key Down;S;449622
Key Up;D;449665
Key Up;S;449761
Key Down;D;450016
Key Down;Gauche;450150
Key Up;Haut;450240
Key Up;D;450379
Key Down;D;450572
Key Up;D;450853
Key Down;D;451051
Key Up;D;451237
Key Down;D;451456
Key Up;D;451552
Key Down;Q;451606
Key Up;Gauche;451712
Key Up;Q;452187
Key Down;Z;452218
Key Down;D;452336
Key Up;D;452518
Key Up;Z;452743
Key Down;Q;453022
Key Up;Q;453155
Key Down;S;453542
Key Up;S;453723
Key Down;D;453749
Key Down;Z;453898
Key Down;A;454112
Key Up;A;454267
Key Up;D;454363
Key Down;Q;454517
Key Up;Q;454778
Key Down;Q;455136
Key Up;Z;455226
Key Up;Q;455269
Key Down;S;455357
Key Down;D;455469
Key Up;S;455843
Key Down;Z;455970
Key Up;D;456012
Key Down;Q;456097
Key Up;Z;456145
Key Up;Q;456230
Key Down;D;456268
Key Down;S;456386
Key Up;S;456759
Key Down;Z;457016
Key Up;Z;457389
Key Down;Bas;457783
Key Down;S;458280
Key Up;Bas;458419
Key Up;D;458467
Key Down;D;458711
Key Up;D;458947
Key Up;S;459147
Key Down;Bas;459352
Key Down;S;459763
Key Up;S;459944
Key Down;D;459976
Key Up;D;460147
Key Down;Z;460243
Key Down;Q;460441
Key Down;Droite;460510
Key Up;Z;460515
Key Up;Bas;460665
Key Up;Q;460777
Key Down;S;460825
Key Down;D;460852
Key Up;D;461171
Key Down;D;461288
Key Up;S;461342
Key Down;Gauche;461374
Key Up;Droite;461422
Key Up;D;461608
Key Down;S;461785
Key Down;Q;461790
Key Down;Haut;462167
Key Up;Gauche;462268
Key Up;S;462306
Key Up;Q;462317
Key Down;Z;462471
Key Down;Q;462536
Key Down;Droite;462600
Key Up;Droite;462780
Key Down;Droite;462898
Key Up;Q;462946
Key Up;Haut;463010
Key Up;Z;463031
Key Down;Bas;463330
Key Down;D;463421
Key Up;Droite;463431
Key Up;D;463554
Key Down;Z;463832
Key Up;Z;463964
Key Down;D;464157
Key Down;Z;464237
Key Up;D;464306
Key Up;Z;464370
Key Down;D;464733
Key Up;D;464994
Key Down;D;465430
Key Up;D;465536
Key Down;Z;466053
Key Down;Q;466283
Key Up;Z;466288
Key Up;Q;466491
Key Down;Gauche;466704
Key Down;S;466726
Key Up;Bas;466747
Key Down;D;466929
Key Up;S;467009
Key Up;D;467067
Key Down;Z;467435
Key Up;Z;467525
Key Down;S;467675
Key Up;S;468022
Key Down;Q;468319
Key Down;Haut;468431
Key Down;S;468473
Key Up;Gauche;468553
Key Up;Q;468639
Key Up;S;468677
Key Down;D;468714
Key Down;Gauche;468735
Key Up;Haut;468778
Key Up;D;468906
Key Down;Z;469055
Key Up;Z;469263
Key Down;Z;469503
Key Down;Bas;469717
Key Up;Z;469861
Key Down;Q;470037
Key Up;Gauche;470069
Key Up;Q;470175
Key Down;Q;470485
Key Up;Q;470703
Key Down;Droite;470804
Key Down;S;470820
Key Up;Bas;470927
Key Up;S;471098
Key Down;S;471395
Key Up;S;471598
Key Down;Z;472009
Key Up;Z;472110
Key Down;Z;472889
Key Up;Droite;473011
Key Down;D;473075
Key Up;Z;473203
Key Up;D;473374
Key Down;S;473398
Key Down;Q;473660
Key Up;Q;473777
Key Down;D;473975
Key Up;D;474103
Key Up;S;474266
Key Down;Bas;474742
Key Down;Z;475105
Key Up;Z;475206
Key Down;D;475393
Key Down;S;475574
Key Down;Gauche;475605
Key Up;Bas;475691
Key Up;D;475707
Key Up;S;475744
Key Down;D;475968
Key Down;S;476075
Key Up;D;476161
Key Up;S;476342
Key Down;D;476619
Key Down;S;476742
Key Up;D;476769
Key Down;Q;476939
Key Up;S;476961
Key Up;Q;477083
Key Down;D;477546
Key Up;D;477738
Key Down;D;477973
Key Up;D;478138
Key Down;Q;478208
Key Up;Q;478416
Key Down;Q;478671
Key Down;S;478778
Key Up;S;479071
Key Down;Droite;479221
Key Up;Gauche;479338
Key Down;Z;479386
Key Up;Z;479578
Key Up;Q;479813
Key Down;Z;479968
Key Up;Z;480107
Key Down;Z;480256
Key Up;Z;480351
Key Down;Z;480612
Key Up;Z;480761
Key Down;Z;481006
Key Up;Z;481107
Key Down;S;481513
Key Down;D;481684
Key Up;S;481737
Key Up;D;481759
Key Down;S;481908
Key Down;D;482196
Key Up;S;482223
Key Down;Gauche;482404
Key Down;S;482505
Key Up;Droite;482516
Key Up;S;482692
Key Down;Z;482905
Key Up;Z;483199
Key Up;D;483204
Key Down;Q;483592
Key Up;Q;483752
Key Down;S;483928
Key Down;D;483939
Key Up;S;484023
Key Up;D;484237
Key Down;Z;484435
Key Down;Q;484451
Key Up;Z;484637
Key Up;Q;484653
Key Down;Z;484803
Key Up;Z;484920
Key Down;D;484963
Key Up;D;485181
Key Down;S;485469
Key Up;S;485576
Key Down;S;485880
Key Up;S;486014
Key Down;D;486163
Key Up;D;486307
Key Down;Q;486391
Key Down;Z;486541
Key Up;Q;486610
Key Up;Z;486680
Key Down;D;486814
Key Down;S;486902
Key Up;D;487025
Key Down;Q;487159
Key Down;Haut;487249
Key Up;Gauche;487271
Key Up;Q;487335
Key Up;S;487388
Key Down;Q;487495
Key Up;Q;487618
Key Down;Q;487928
Key Down;Droite;488109
Key Up;Haut;488204
Key Up;Q;488247
Key Down;D;488487
Key Down;Z;488567
Key Up;D;488584
Key Down;Q;488669
Key Up;Z;488908
Key Up;Q;488972
Key Down;Q;489202
Key Up;Q;489467
Key Down;Q;490075
Key Up;Q;490203
Key Down;Z;490757
Key Up;Droite;490944
Key Down;D;490949
Key Up;Z;490955
Key Up;D;491547
Key Down;Q;491586
Key Down;S;491746
Key Up;S;491911
Key Down;Z;492226
Key Up;Z;492338
Key Up;Q;492817
Key Down;Entrée;493427
Key Up;Entrée;493592
Key Down;Gauche;493898
Key Down;Q;494468
Key Up;Q;494639
Key Down;Q;494847
Key Up;Q;495253
Key Down;D;495742
Key Up;D;495945
Key Down;D;496313
Key Down;Z;496569
Key Down;Bas;496654
Key Up;D;496659
Key Up;Gauche;496702
Key Down;Q;496718
Key Down;Droite;496766
Key Up;Z;496846
Key Up;Bas;496889
Key Down;S;496980
Key Up;S;497172
Key Up;Q;497284
Key Down;S;497561
Key Down;Q;497630
Key Up;S;497689
Key Up;Q;497833
Key Down;S;498046
Key Down;Q;498153
Key Up;S;498228
Key Up;Q;498399
Key Down;Z;498477
Key Down;Bas;498642
Key Up;Droite;498701
Key Down;D;498759
Key Up;Z;498866
Key Up;D;498978
Key Down;Gauche;499079
Key Down;S;499128
Key Down;Q;499170
Key Up;Bas;499240
Key Down;D;499325
Key Up;Q;499330
Key Up;S;499539
Key Up;D;499756
Key Down;S;499879
Key Down;D;499986
Key Up;S;500028
Key Up;D;500508
Key Down;Z;500813
Key Down;Q;500829
Key Down;Droite;500855
Key Up;Gauche;500973
Key Up;Z;501069
Key Down;S;501272
Key Up;S;501526
Key Up;Q;501532
Key Down;Q;502049
Key Down;Z;502583
Key Up;Q;502699
Key Down;Bas;502774
Key Down;D;502795
Key Up;Droite;502828
Key Down;Gauche;502875
Key Up;Z;502907
Key Up;Bas;502928
Key Down;S;503244
Key Up;S;503382
Key Up;D;503408
Key Down;D;503671
Key Down;Z;504246
Key Down;Droite;504347
Key Up;D;504353
Key Down;Q;504380
Key Up;Gauche;504491
Key Up;Z;504634
Key Down;S;504922
Key Up;S;505125
Key Up;Q;505281
Key Down;Q;505606
Key Up;Q;505899
Key Down;Q;505931
Key Up;Q;506049
Key Down;Z;506240
Key Down;Gauche;506271
Key Down;D;506287
Key Up;Droite;506400
Key Up;Z;506602
Key Down;S;506832
Key Up;D;507013
Key Up;S;507050
Key Down;D;507424
Key Down;Z;507977
Key Down;Droite;508073
Key Up;D;508090
Key Down;Q;508175
Key Up;Gauche;508453
Key Up;Z;508458
Key Down;S;508649
Key Up;S;508895
Key Up;Q;508991
Key Down;Q;509173
Key Down;S;509695
Key Up;Q;509737
Key Down;D;509871
Key Down;Gauche;509913
Key Up;S;510031
Key Up;Droite;510042
Key Down;Z;510298
Key Up;D;510532
Key Up;Z;510626
Key Down;D;510771
Key Down;S;511347
Key Down;Droite;511496
Key Up;D;511525
Key Up;Gauche;511549
Key Down;Q;511587
Key Up;S;511853
Key Down;Z;512051
Key Up;Z;512387
Key Up;Q;512595
Key Down;Q;512771
Key Down;S;513181
Key Up;Q;513240
Key Down;Gauche;513309
Key Down;D;513363
Key Up;Droite;513405
Key Up;S;513501
Key Down;Z;513708
Key Up;Z;514066
Key Up;D;514743
Key Down;S;514754
Key Down;Droite;514908
Key Up;Gauche;515015
Key Down;Q;515121
Key Up;S;515297
Key Down;Z;515485
Key Up;Z;515922
Key Up;Q;516114
Key Down;D;516354
Key Up;D;516726
Key Down;Q;516880
Key Up;Q;517191
Key Down;Q;517392
Key Up;Q;517627
Key Down;Q;517718
Key Down;S;517798
Key Up;Q;517910
Key Down;Gauche;517931
Key Down;D;518001
Key Up;Droite;518011
Key Up;S;518129
Key Down;Z;518481
Key Up;Z;518667
Key Down;Z;518844
Key Up;Z;518961
Key Down;Z;519158
Key Up;D;519163
Key Up;Z;519249
Key Down;S;519574
Key Down;Q;519952
Key Down;Droite;519973
Key Up;Gauche;520021
Key Up;S;520048
Key Down;Z;520250
Key Up;Z;520735
Key Up;Q;520746
Key Down;Q;520821
Key Up;Q;520901
Key Down;D;521136
Key Up;D;521451
Key Down;Q;521632
Key Up;Q;521861
Key Down;Q;522053
Key Down;S;522240
Key Up;S;522347
Key Up;Q;522352
Key Down;D;522571
Key Up;D;522703
Key Down;Q;522761
Key Down;S;522889
Key Up;Q;522974
Key Down;D;523027
Key Up;S;523054
Key Up;D;523316
Key Down;Q;523529
Key Up;Q;523753
Key Down;Q;523924
Key Down;S;524111
Key Up;Q;524218
Key Up;S;524260
Key Down;Z;524469
Key Up;Z;524618
Key Down;D;524639
Key Down;S;524724
Key Down;Gauche;524884
Key Up;Droite;524980
Key Up;S;525167
Key Down;Z;525332
Key Up;Z;525641
Key Up;D;525752
Key Down;D;525891
Key Up;D;526110
Key Down;Z;526318
Key Down;D;526403
Key Up;D;526557
Key Down;Q;526670
Key Up;Z;526883
Key Down;Droite;526952
Key Up;Gauche;527086
Key Down;S;527310
Key Up;S;527497
Key Up;Q;527566
Key Down;Q;527720
Key Down;S;527779
Key Up;Q;527960
Key Up;S;528061
Key Down;D;528195
Key Up;D;528350
Key Down;S;528355
Key Up;S;528441
Key Down;D;528606
Key Up;D;528776
Key Down;Q;528797
Key Up;Q;528997
Key Down;Q;529162
Key Up;Q;529306
Key Down;Q;529434
Key Down;Z;529616
Key Up;Q;529653
Key Down;Bas;529737
Key Up;Droite;529849
Key Down;D;529887
Key Up;Z;530159
Key Down;Gauche;530180
Key Up;Bas;530212
Key Down;S;530581
Key Up;D;530923
Key Up;S;530949
Key Down;D;531179
Key Down;S;531296
Key Up;D;531355
Key Up;S;531419
Key Down;D;531574
Key Up;D;531674
Key Down;Q;531875
Key Up;Q;531982
Key Down;D;532201
Key Down;Z;532308
Key Up;D;532420
Key Down;Q;532703
Key Up;Z;532831
Key Down;Droite;532879
Key Up;Gauche;532890
Key Down;S;533055
Key Up;S;533194
Key Down;S;533518
Key Up;S;533689
Key Up;Q;533721
Key Down;S;533876
Key Up;S;534009
Key Down;Q;534122
Key Up;Q;534303
Key Down;Z;534329
Key Down;Gauche;534457
Key Up;Droite;534532
Key Down;D;534575
Key Up;Z;534687
Key Down;S;535091
Key Up;D;535310
Key Up;S;535326
Key Down;D;535501
Key Up;D;535677
Key Down;D;535794
Key Up;D;536232
Key Down;Z;536243
Key Down;Droite;536285
Key Down;Q;536328
Key Up;Gauche;536734
Key Up;Z;536750
Key Down;S;537097
Key Up;Q;537273
Key Up;S;537310
Key Down;Q;537566
Key Down;Z;537609
Key Up;Z;537731
Key Up;Q;537853
Key Down;Q;538066
Key Down;S;538264
Key Up;Q;538354
Key Down;D;538509
Key Down;Haut;538546
Key Up;Droite;538561
Key Up;S;538620
Key Up;D;538727
Key Down;S;538924
Key Down;D;539004
Key Down;Gauche;539271
Key Up;S;539292
Key Up;Haut;539324
Key Down;Z;539559
Key Up;D;539623
Key Up;Z;539677
Key Down;D;540072
Key Down;S;540210
Key Up;S;540370
Key Down;Z;540594
Key Up;D;540744
Key Down;Droite;540782
Key Down;Q;540802
Key Up;Gauche;540982
Key Up;Z;540999
Key Down;S;541137
Key Up;S;541392
Key Up;Q;541435
Key Down;Q;541557
Key Up;Q;542048
Key Up;Droite;542144
Key Down;D;542288
Key Up;D;542587
Key Down;D;544964
Key Up;D;545385
Key Down;Q;545910
Key Up;Q;545996
Key Down;S;546715
Key Down;Q;546942
Key Up;Q;547022
Key Up;S;547140
Key Down;Q;547702
Key Down;S;547840
Key Up;Q;548038
Key Down;D;548241
Key Up;S;548262
Key Down;S;548449
Key Up;S;548524
Key Up;D;548817
Key Down;Z;550046
Key Down;D;550051
Key Up;Z;550410
Key Up;D;550654
Key Down;Z;550699
Key Down;D;550768
Key Up;D;550912
Key Up;Z;550977
Key Down;D;551033
Key Down;S;551124
Key Down;Q;551156
Key Up;D;551172
Key Up;S;551540
Key Up;Q;551615
Key Down;Q;552136
Key Down;Z;552296
Key Up;Q;552408
Key Up;Z;552499
Key Down;Q;552745
Key Down;Z;552756
Key Up;Q;552959
Key Down;D;553112
Key Up;D;553197
Key Up;Z;553240
Key Down;Q;553286
Key Down;Z;553451
Key Up;Q;553537
Key Up;Z;553638
Key Down;Z;553940
Key Down;D;554057
Key Up;D;554175
Key Down;Q;554223
Key Up;Z;554302
Key Down;Z;554537
Key Up;Q;554542
Key Down;D;554708
Key Up;D;554990
Key Down;D;555402
Key Up;Z;555759
Key Down;Tab;555897
Key Up;Tab;556285
Key Down;Z;556365
Key Up;Z;556755
Key Down;Z;557613
Key Up;D;557853
Key Down;D;558467
Key Up;D;558669
Key Down;D;560215
Key Up;Z;560557
Key Down;Z;560844
Key Up;Z;561047
Key Down;Z;561975
Key Up;Z;562128
Key Down;Q;562501
Key Up;D;562507
Key Down;S;563333
Key Up;S;563467
Key Down;S;563899
Key Up;Q;564032
Key Down;Q;564251
Key Up;Q;564427
Key Down;D;564549
Key Up;S;564587
Key Up;D;564747
Key Down;Q;564884
Key Down;E;564905
Key Down;Z;564980
Key Up;E;565039
Key Up;Q;565533
Key Up;Z;565656
Key Down;D;566372
Key Down;S;566410
Key Up;D;566921
Key Down;D;567097
Key Up;S;567156
Key Up;D;567215
Key Down;Z;568324
Key Up;Z;568532
Key Down;Q;568537
Key Up;Q;568676
Key Down;Espace;569209
Key Up;Espace;569320
Key Down;Espace;569424
Key Up;Espace;569520
Key Down;Espace;569617
Key Up;Espace;569751
Key Down;Espace;569842
Key Up;Espace;569965
Key Down;Espace;570060
Key Up;Espace;570178
Key Down;Espace;570265
Key Up;Espace;570403
Key Down;Espace;570482
Key Up;Espace;570621
Key Down;Espace;570709
Key Up;Espace;570837
Key Down;Espace;570950
Key Up;Espace;571094
Key Down;Espace;571220
Key Up;Espace;571336
Key Down;Espace;571424
Key Up;Espace;571568
Key Down;Espace;571662
Key Up;Espace;571790
Key Down;Espace;571881
Key Up;Espace;571998
Key Down;Espace;572086
Key Up;Espace;572203
Key Down;Espace;572291
Key Up;Espace;572408
Key Down;Espace;572484
Key Up;Espace;572617
Key Down;Espace;572706
Key Up;Espace;572839
Key Down;Espace;572926
Key Up;Espace;573064
Key Down;Espace;573171
Key Up;Espace;573321
Key Down;Z;573959
Key Down;Q;574033
Key Up;Q;574193
Key Up;Z;574368
Key Down;S;574524
Key Down;Q;574535
Key Up;Q;574694
Key Up;S;574812
Key Down;S;575215
Key Up;S;575621
Key Down;Q;575753
Key Up;Q;575865
Key Down;D;575870
Key Down;Z;576237
Key Up;D;576296
Key Down;D;576451
Key Up;Z;576483
Key Up;D;576595
Key Down;Z;576855
Key Down;D;577004
Key Up;Z;577084
Key Down;Z;577985
Key Up;Z;578135
Key Down;S;578529
Key Up;S;578668
Key Up;D;579713
Key Down;Z;579791
Key Down;D;579924
Key Up;Z;580041
Key Down;Z;580207
Key Up;D;580233
Key Up;Z;580728
Key Down;S;581295
Key Up;S;582953
Key Down;S;583157
Key Down;D;584409
Key Up;S;584526
Key Down;S;584841
Key Up;S;585017
Key Up;D;585412
Key Down;Droite;585580
Key Down;D;586049
Key Up;D;586107
Key Down;Haut;586246
Key Up;Droite;586257
Key Down;S;586543
Key Up;S;586762
Key Down;S;586986
Key Up;S;587125
Key Down;D;587275
Key Down;Gauche;587359
Key Up;Haut;587434
Key Up;D;587647
Key Down;Z;587872
Key Down;D;587909
Key Up;Z;587936
Key Up;D;588251
Key Down;D;588501
Key Up;D;588746
Key Down;Z;588890
Key Up;Z;588970
Key Down;Q;589258
Key Up;Q;589333
Key Down;D;589684
Key Down;S;589705
Key Up;S;589881
Key Up;D;589913
Key Down;Z;590665
Key Down;Q;590708
Key Down;Droite;591028
Key Up;Gauche;591199
Key Up;Z;591215
Key Down;S;591359
Key Up;Q;591434
Key Down;Q;591466
Key Up;Q;591578
Key Up;S;591605
Key Down;D;592004
Key Up;D;592154
Key Down;Q;592239
Key Up;Q;592520
Key Down;Q;592963
Key Up;Q;593129
Key Down;S;593422
Key Down;Haut;593518
Key Up;Droite;593619
Key Down;D;593757
Key Down;Gauche;593789
Key Up;S;593832
Key Up;Haut;593864
Key Up;D;594169
Key Down;Z;594280
Key Up;Z;594414
Key Down;D;594542
Key Up;D;594777
Key Down;S;595049
Key Down;Q;595076
Key Up;S;595140
Key Up;Q;595229
Key Down;D;595443
Key Up;D;595575
Key Down;D;595815
Key Up;D;595895
Key Down;Q;595922
Key Up;Q;596119
Key Down;S;596263
Key Down;D;596359
Key Up;S;596381
Key Up;D;596637
Key Down;Q;596936
Key Up;Gauche;597127
Key Down;Haut;597693
Key Up;Q;597757
Key Down;D;598414
Key Up;D;598461
Key Down;D;600823
Key Up;D;601015
Key Down;Q;601223
Key Up;Q;601387
Key Down;D;601717
Key Down;Z;601919
Key Up;Haut;601941
Key Down;Droite;602000
Key Up;D;602005
Key Down;D;602245
Key Up;Z;602304
Key Down;Z;602560
Key Up;D;602613
Key Up;Z;602693
Key Down;D;602917
Key Up;D;603088
Key Down;Q;603291
Key Up;Q;603551
Key Down;D;603722
Key Up;D;604160
Key Down;Q;604453
Key Up;Q;604590
Key Down;Q;604814
Key Up;Droite;604959
Key Up;Q;604991
Key Down;S;605123
Key Down;Q;605129
Key Up;Q;605267
Key Up;S;605347
Key Down;D;605686
Key Up;D;605985
Key Down;A;606067
Key Up;A;606222
Key Down;Z;606362
Key Down;D;606480
Key Up;Z;606560
Key Down;S;606784
Key Up;S;606891
Key Down;S;607206
Key Up;S;607307
Key Up;D;607397
Key Down;D;607934
Key Up;D;608137
Key Down;Haut;608183
Key Down;S;608360
Key Up;S;608563
Key Down;D;608616
Key Up;D;608802
Key Down;D;609278
Key Up;D;609512
Key Down;Gauche;609667
Key Down;D;609699
Key Up;Haut;609709
Key Up;D;610034
Key Down;D;610253
Key Up;D;610424
Key Down;D;610461
Key Down;Z;610466
Key Up;D;610504
Key Up;Z;610774
Key Down;Bas;610823
Key Down;Z;611078
Key Up;Gauche;611115
Key Down;Q;611147
Key Up;Z;611249
Key Up;Q;611275
Key Down;Q;611505
Key Down;Z;611526
Key Up;Q;611622
Key Up;Z;611894
Key Down;Z;612198
Key Up;Z;612396
Key Down;Z;612593
Key Down;Q;612620
Key Up;Q;612759
Key Up;Z;612775
Key Down;Droite;612828
Key Down;Q;612940
Key Up;Bas;613089
Key Down;S;613356
Key Up;S;613564
Key Up;Q;613702
Key Down;Q;613851
Key Down;S;613899
Key Up;Q;614006
Key Up;S;614032
Key Down;Q;614283
Key Up;Q;614426
Key Down;Q;614480
Key Down;S;614496
Key Up;Q;614624
Key Up;S;614912
Key Down;Q;615029
Key Up;Q;615296
Key Down;D;615723
Key Up;D;615985
Key Down;Q;616080
Key Up;Q;616246
Key Down;Q;616347
Key Down;S;616480
Key Up;Q;616624
Key Down;D;616740
Key Down;Gauche;616825
Key Up;D;617199
Key Up;Droite;617236
Key Up;S;617252
Key Up;Gauche;617678
Key Down;Echap;621004
Key Up;Echap;621153
Key Down;Left Alt;622515
Key Down;Tab;622702
Key Up;Left Alt;622876
Key Up;Tab;622882
