Event;Key;Time
Key Down;S;7628
Key Up;S;7716
Key Down;Q;7835
Key Up;Q;8162
Key Down;D;8439
Key Up;D;9116
Key Down;Q;9118
Key Up;Q;10179
Key Down;D;10938
Key Up;D;11229
Key Down;D;11408
Key Up;D;11536
Key Down;D;12248
Key Up;D;12387
Key Down;D;14788
Key Up;D;15403
Key Down;D;15638
Key Up;D;15822
Key Down;D;16167
Key Up;D;16391
Key Down;D;16712
Key Up;D;16837
Key Down;Q;17186
Key Up;Q;18247
Key Down;Q;18486
Key Up;Q;18716
Key Down;Q;18830
Key Up;Q;19318
Key Down;Q;19536
Key Up;Q;19769
Key Down;Q;20835
Key Up;Q;20980
Key Down;D;21970
Key Up;D;23008
Key Down;D;23430
Key Up;D;23861
Key Down;D;24629
Key Up;D;25001
Key Down;Q;25854
Key Up;Q;27386
Key Down;D;28008
Key Up;D;29263
Key Down;D;29552
Key Up;D;29803
Key Down;D;30490
Key Up;D;30678
Key Down;Q;30767
Key Down;D;31674
Key Up;Q;31707
Key Down;Espace;31841
Key Down;Q;32124
Key Up;D;32162
Key Up;Espace;32188
Key Up;Q;32365
Key Down;Espace;32485
Key Down;D;32602
Key Up;Espace;32912
Key Down;Q;34075
Key Up;D;34097
Key Down;Espace;34237
Key Up;Q;34260
Key Down;D;34388
Key Up;Espace;34463
Key Up;D;34646
Key Down;Espace;34962
Key Down;Q;35028
Key Up;Espace;35248
Key Up;Q;35414
Key Down;Q;35778
Key Down;S;36892
Key Up;Q;36981
Key Down;Espace;37050
Key Up;Espace;37263
Key Down;D;37303
Key Up;S;37646
Key Up;D;38080
Key Down;Q;39102
Key Up;Q;39352
Key Down;D;39946
Key Up;D;40485
Key Down;Espace;41938
Key Down;D;42102
Key Up;Espace;42145
Key Up;D;42373
Key Down;Q;42442
Key Down;D;42773
Key Up;Q;42815
Key Up;D;43038
Key Down;Q;43040
Key Up;Q;43573
Key Down;D;43771
Key Up;D;44582
Key Down;Q;44951
Key Down;Espace;45006
Key Up;Espace;45239
Key Up;Q;45753
Key Down;Q;45958
Key Up;Q;46223
Key Down;Q;46590
Key Up;Q;46968
Key Down;Q;48402
Key Up;Q;48546
Key Down;D;48561
Key Down;Espace;48646
Key Up;Espace;49192
Key Up;D;50172
Key Down;Q;50332
Key Up;Q;50464
Key Down;Q;50890
Key Up;Q;51508
Key Down;Q;51745
Key Up;Q;52401
Key Down;D;52563
Key Up;D;53006
Key Down;D;53105
Key Up;D;53279
Key Down;D;53575
Key Up;D;53765
Key Down;Q;53913
Key Up;Q;54115
Key Down;D;54234
Key Up;D;54545
Key Down;D;54700
Key Up;D;55169
Key Down;Q;55449
Key Up;Q;55567
Key Down;D;55803
Key Up;D;55994
Key Down;Q;56537
Key Up;Q;56869
Key Down;D;57112
Key Up;D;57210
Key Down;Q;58141
Key Up;Q;59027
Key Down;Q;59603
Key Up;Q;59803
Key Down;D;61997
Key Up;D;63005
Key Down;Q;63532
Key Up;Q;64311
Key Down;Q;64616
Key Up;Q;64800
Key Down;D;65239
Key Up;D;65409
Key Down;D;66043
Key Up;D;66234
Key Down;D;66430
Key Up;D;66875
Key Down;D;67025
Key Up;D;67159
Key Down;D;67346
Key Up;D;67489
Key Down;D;67721
Key Up;D;67893
Key Down;D;68180
Key Up;D;68299
Key Down;Q;68456
Key Down;D;70090
Key Up;Q;70102
Key Down;Q;70678
Key Up;D;70710
Key Down;D;70951
Key Up;Q;70964
Key Up;D;71136
Key Down;Q;71138
Key Down;D;71327
Key Up;Q;71340
Key Up;D;71495
Key Down;Q;71505
Key Up;Q;71714
Key Down;D;71742
Key Up;D;71941
Key Down;Espace;76783
Key Down;D;76970
Key Up;Espace;77191
Key Up;D;77332
Key Down;Q;77489
Key Down;E;77883
Key Up;Q;77921
Key Up;E;78001
Key Down;Echap;83769
Key Up;Echap;83962
Key Down;S;84397
Key Up;S;84459
Key Down;Espace;84631
Key Up;Espace;84865
Key Down;S;84931
Key Down;E;85807
Key Up;S;85823
Key Up;E;85984
Key Down;Q;93025
Key Up;Q;93782
Key Down;D;94546
Key Up;D;95498
Key Down;Q;95570
Key Up;Q;96071
Key Down;D;96202
Key Up;D;96985
Key Down;D;97629
Key Up;D;97817
Key Down;D;98297
Key Up;D;98542
Key Down;D;99002
Key Up;D;99150
Key Down;Q;99165
Key Up;Q;100190
Key Down;D;100464
Key Up;D;100575
Key Down;Q;100589
Key Up;Q;100682
Key Down;D;100736
Key Up;D;101200
Key Down;Q;101557
Key Up;Q;102379
Key Down;D;102445
Key Up;D;103180
Key Down;Q;103236
Key Up;Q;103425
Key Down;Espace;103989
Key Down;D;104108
Key Up;Espace;104206
Key Up;D;104332
Key Down;Q;105326
Key Up;Q;106123
Key Down;Q;106229
Key Up;Q;106620
Key Down;Q;107118
Key Up;Q;107300
Key Down;Espace;107309
Key Up;Espace;107523
Key Down;D;109119
Key Up;D;109962
Key Down;D;111858
Key Up;D;112475
Key Down;Q;112831
Key Up;Q;113568
Key Down;Q;113869
Key Up;Q;114054
Key Down;D;114417
Key Up;D;114606
Key Down;Q;114722
Key Up;Q;114962
Key Down;D;114964
Key Up;D;115306
Key Down;Q;115315
Key Up;Q;115413
Key Down;D;115462
Key Up;D;116281
Key Down;Q;116348
Key Down;Espace;116430
Key Up;Espace;116917
Key Up;Q;117322
Key Down;D;117684
Key Up;D;118033
Key Down;D;118196
Key Up;D;118345
Key Down;D;119492
Key Up;D;120037
Key Down;Q;120682
Key Up;Q;121737
Key Down;D;122100
Key Up;D;122250
Key Down;Q;122429
Key Down;D;122613
Key Up;Q;122625
Key Down;Q;123197
Key Up;D;123213
Key Up;Q;123467
Key Down;D;123490
Key Up;D;123644
Key Down;Q;123646
Key Up;Q;123952
Key Down;D;123975
Key Up;D;124134
Key Down;Q;124148
Key Down;D;124361
Key Up;Q;124399
Key Up;D;124734
Key Down;Q;124758
Key Down;D;125107
Key Up;Q;125124
Key Down;Q;126112
Key Up;D;126142
Key Down;D;126661
Key Up;Q;126702
Key Up;D;127015
Key Down;Q;127144
Key Up;Q;127603
Key Down;Q;127809
Key Up;Q;127963
Key Down;D;127986
Key Up;D;128114
Key Down;Q;128380
Key Up;Q;128621
Key Down;Q;128866
Key Up;Q;129061
Key Down;D;129124
Key Up;D;129816
Key Down;D;129990
Key Up;D;130099
Key Down;D;130436
Key Up;D;131044
Key Down;Q;131499
Key Up;Q;132234
Key Down;D;132334
Key Down;Espace;132870
Key Up;Espace;133188
Key Down;Q;133211
Key Up;D;133223
Key Up;Q;133340
Key Down;Espace;133561
Key Up;Espace;133764
Key Down;Q;133776
Key Up;Q;133980
Key Down;S;134803
Key Down;Espace;135062
Key Up;Espace;135306
Key Up;S;135624
Key Down;D;136184
Key Up;D;136359
Key Down;Q;136621
Key Up;Q;136796
Key Down;Q;137198
Key Down;Espace;137410
Key Up;Espace;137615
Key Up;Q;137930
Key Down;Q;138045
Key Up;Q;138360
Key Down;Q;138723
Key Up;Q;138959
Key Down;D;139251
Key Up;D;139540
Key Down;D;139731
Key Down;Espace;139802
Key Up;Espace;140084
Key Up;D;140691
Key Down;D;140978
Key Up;D;141167
Key Down;D;141625
Key Up;D;141789
Key Down;D;142535
Key Up;D;142712
Key Down;Q;143100
Key Up;Q;143415
Key Down;Q;143662
Key Up;Q;144605
Key Down;D;150533
Key Up;D;151232
Key Down;Q;151628
Key Up;Q;151807
Key Down;D;151887
Key Up;D;152031
Key Down;Q;152099
Key Down;D;152300
Key Up;Q;152310
Key Up;D;152433
Key Down;Q;152494
Key Down;D;152679
Key Up;Q;152691
Key Up;D;152970
Key Down;Q;152984
Key Up;Q;153321
Key Down;Q;153445
Key Up;Q;153619
Key Down;Espace;153783
Key Down;Q;153834
Key Up;Espace;154187
Key Up;Q;154263
Key Down;Espace;154524
Key Down;Q;154610
Key Up;Espace;154868
Key Up;Q;154971
Key Down;D;155421
Key Up;D;156537
Key Down;D;156656
Key Up;D;156886
Key Down;Q;157192
Key Up;Q;157369
Key Down;D;157402
Key Up;D;157586
Key Down;Q;157625
Key Up;Q;157961
Key Down;Q;158483
Key Up;Q;158625
Key Down;D;158820
Key Down;Espace;159190
Key Down;Q;159308
Key Up;D;159355
Key Up;Espace;159932
Key Up;Q;159975
Key Down;Q;160408
Key Up;Q;160627
Key Down;D;160782
Key Down;S;161146
Key Down;Espace;161298
Key Up;Espace;161504
Key Up;D;161600
Key Up;S;161787
Key Down;Q;161936
Key Up;Q;162420
Key Down;D;162525
Key Up;D;162906
Key Down;Q;163187
Key Up;Q;163697
Key Down;D;163755
Key Up;D;163949
Key Down;Q;164018
Key Up;Q;164339
Key Down;D;164352
Key Up;D;164935
Key Down;Q;164975
Key Down;D;165355
Key Up;Q;165388
Key Down;Q;165726
Key Up;D;165744
Key Down;D;166081
Key Up;Q;166163
Key Down;Q;166369
Key Up;D;166401
Key Down;D;166821
Key Up;Q;166843
Key Up;D;167897
Key Down;R;168360
Key Up;R;168515
Key Down;Q;168605
Key Up;Q;169342
Key Down;Q;170606
Key Up;Q;171321
Key Down;Q;171369
Key Up;Q;171612
Key Down;D;172064
Key Up;D;172350
Key Down;Q;172549
Key Up;Q;172761
Key Down;Espace;172925
Key Down;Q;173310
Key Up;Q;173454
Key Up;Espace;173458
Key Down;Espace;173661
Key Up;Espace;174021
Key Down;D;174256
Key Up;D;174593
Key Down;D;175696
Key Up;D;175859
Key Down;D;176306
Key Down;S;176316
Key Down;Espace;176326
Key Up;D;176338
Key Up;Espace;176551
Key Up;S;176796
Key Down;D;176991
Key Up;D;177159
Key Down;Q;177792
Key Up;Q;178645
Key Down;Espace;179328
Key Down;Q;179449
Key Up;Espace;179660
Key Up;Q;179684
Key Down;Espace;179781
Key Up;Espace;180187
Key Down;Q;180342
Key Down;Espace;180357
Key Up;Q;180694
Key Up;Espace;180698
Key Down;D;180789
Key Up;D;180983
Key Down;Q;181052
Key Up;Q;181276
Key Down;D;181589
Key Up;D;181758
Key Down;D;181818
Key Up;D;182038
Key Down;A;182369
Key Up;A;182517
Key Down;D;182652
Key Down;Q;182841
Key Down;S;182861
Key Up;D;182884
Key Up;Q;182980
Key Down;Espace;183478
Key Up;Espace;183738
Key Down;D;184001
Key Up;S;184059
Key Up;D;184140
Key Down;D;184246
Key Down;Espace;184326
Key Up;Espace;184529
Key Up;D;184923
Key Down;Q;185267
Key Up;Q;185579
Key Down;D;186547
Key Up;D;186742
Key Down;Q;187108
Key Down;D;187515
Key Up;Q;187537
Key Up;D;187836
Key Down;D;188221
Key Up;D;188430
Key Down;Q;188564
Key Up;Q;188891
Key Down;D;188893
Key Up;D;189211
Key Down;Q;189345
Key Up;Q;189468
Key Down;D;189668
Key Down;Q;189912
Key Up;D;189929
Key Up;Q;190092
Key Down;Q;190201
Key Down;Espace;190252
Key Up;Espace;190516
Key Up;Q;190693
Key Down;D;190711
Key Up;D;191206
Key Down;Q;191208
Key Up;Q;191540
Key Down;D;191837
Key Up;D;192032
Key Down;D;192737
Key Down;S;192929
Key Down;Espace;193000
Key Up;D;193040
Key Down;D;193104
Key Up;S;193248
Key Up;Espace;193268
Key Up;D;193419
Key Down;D;193564
Key Up;D;194330
Key Down;Q;194458
Key Down;Espace;194659
Key Up;Espace;194924
Key Down;Espace;195059
Key Up;Espace;195325
Key Up;Q;195754
Key Down;S;195783
Key Down;Espace;195934
Key Up;Espace;196186
Key Down;D;196199
Key Up;S;196338
Key Up;D;197191
Key Down;D;197537
Key Up;D;197731
Key Down;D;198004
Key Up;D;198372
Key Down;Q;198374
Key Down;Espace;198698
Key Up;Espace;198903
Key Up;Q;199552
Key Down;S;200906
Key Down;D;201068
Key Up;D;201201
Key Up;S;201221
Key Down;Espace;201685
Key Down;D;201927
Key Up;Espace;202007
Key Up;D;202097
Key Down;S;202894
Key Down;Espace;202980
Key Up;Espace;203308
Key Down;D;203392
Key Up;D;203495
Key Up;S;203594
Key Down;Espace;204364
Key Down;Q;204657
Key Up;Espace;204852
Key Up;Q;204937
Key Down;Espace;205055
Key Up;Espace;205297
Key Down;D;205928
Key Down;Espace;206196
Key Up;Espace;206228
Key Down;S;206247
Key Up;D;206564
Key Down;Q;206784
Key Up;Q;207094
Key Down;Q;207113
Key Up;Q;207714
Key Up;S;207718
Key Down;Q;208323
Key Down;Espace;208396
Key Down;D;208568
Key Up;Q;208600
Key Up;Espace;208696
Key Down;Espace;208866
Key Up;Espace;209283
Key Up;D;210616
Key Down;D;210716
Key Up;D;210928
Key Down;Q;211271
Key Up;Q;211665
Key Down;D;211824
Key Up;D;212074
Key Down;D;212235
Key Up;D;212522
Key Down;Q;212531
Key Down;Espace;212758
Key Down;D;212919
Key Up;Q;212931
Key Up;Espace;212956
Key Up;D;213276
Key Down;Espace;213411
Key Down;Q;213666
Key Up;Espace;213905
Key Up;Q;213909
Key Down;Q;214673
Key Up;Q;214902
Key Down;D;215066
Key Up;D;215250
Key Down;S;215675
Key Down;Espace;215822
Key Up;Espace;216097
Key Down;Q;216175
Key Down;Espace;216281
Key Up;Espace;216567
Key Up;S;217136
Key Up;Q;217153
Key Down;D;217379
Key Up;D;217643
Key Down;Q;217744
Key Up;Q;218013
Key Down;D;218067
Key Up;D;218276
Key Down;Q;218324
Key Down;D;218502
Key Up;Q;218534
Key Up;D;218632
Key Down;Q;223254
Key Up;Q;223321
Key Down;D;223679
Key Down;Q;224913
Key Up;D;224958
Key Down;E;225911
Key Up;Q;225923
Key Up;E;226024
Key Down;Q;231481
Key Down;Espace;233620
Key Up;Espace;233904
Key Up;Q;234032
Key Down;D;234034
Key Down;Espace;234227
Key Down;Q;234389
Key Up;D;234401
Key Up;Espace;234578
Key Up;Q;234659
Key Down;D;234809
Key Up;D;235054
Key Down;E;235152
Key Up;E;235247
Key Down;Echap;238041
Key Up;Echap;238198
Key Down;S;238402
Key Down;Espace;238610
Key Down;D;238640
Key Up;Espace;238748
Key Up;S;238850
Key Down;E;239659
Key Up;D;239697
Key Up;E;239798
Key Down;Q;248331
Key Down;E;249025
Key Up;Q;249172
Key Up;E;249176
Key Down;Q;252996
Key Down;D;253398
Key Up;Q;253420
Key Up;D;253627
Key Down;Q;253792
Key Up;Q;254007
Key Down;D;254045
Key Up;D;254134
Key Down;D;254775
Key Up;D;254863
Key Down;Q;256506
Key Down;Espace;256587
Key Up;Espace;257145
Key Up;Q;257905
Key Down;D;258328
Key Up;D;258732
Key Down;Q;258775
Key Down;Espace;258806
Key Up;Espace;258994
Key Up;Q;259120
Key Down;D;259215
Key Up;D;260238
Key Down;Q;260385
Key Up;Q;260601
Key Down;D;260603
Key Up;D;260799
Key Down;Q;260822
Key Up;Q;261330
Key Down;Q;261804
Key Up;Q;262043
Key Down;D;262395
Key Down;Espace;262431
Key Up;Espace;262632
Key Up;D;262692
Key Down;Q;263490
Key Up;Q;263942
Key Down;Q;264162
Key Up;Q;264310
Key Down;Espace;264420
Key Down;D;264681
Key Up;Espace;264728
Key Up;D;264865
Key Down;Q;264938
Key Down;S;265257
Key Up;Q;265320
Key Down;Espace;265415
Key Up;Espace;265660
Key Down;D;265876
Key Up;S;266171
Key Up;D;267399
Key Down;Q;267944
Key Up;Q;268401
Key Down;D;268423
Key Up;D;268535
Key Down;Q;268605
Key Down;D;269151
Key Up;Q;269154
Key Up;D;269397
Key Down;Q;269399
Key Down;D;269599
Key Up;Q;269611
Key Up;D;270791
Key Down;Q;271609
Key Up;Q;272053
Key Down;E;272078
Key Up;E;272215
Key Down;E;272489
Key Up;E;272599
Key Down;S;272926
Key Down;Espace;273179
Key Up;Espace;273358
Key Down;Espace;273583
Key Up;Espace;273667
Key Up;S;273848
Key Down;S;275365
Key Down;Espace;275415
Key Up;Espace;275553
Key Down;Espace;275840
Key Up;S;275900
Key Up;Espace;275935
Key Down;S;277305
Key Down;Espace;277376
Key Up;Espace;277569
Key Up;S;277645
Key Down;E;277785
Key Up;E;277939
Key Down;D;282928
Key Up;D;283066
Key Down;D;285446
Key Down;Espace;285461
Key Up;Espace;285994
Key Up;D;286193
Key Down;Espace;286949
Key Down;Q;287076
Key Down;D;287391
Key Up;Espace;287423
Key Up;Q;287449
Key Up;D;287792
Key Down;Espace;287881
Key Down;Q;287891
Key Up;Espace;288482
Key Up;Q;288531
Key Down;Espace;288734
Key Down;Q;288754
Key Up;Espace;289086
Key Down;Espace;289343
Key Up;Espace;289582
Key Up;Q;289668
Key Down;D;290166
Key Up;D;290473
Key Down;D;291093
Key Down;Espace;291214
Key Up;Espace;291330
Key Up;D;291572
Key Down;Q;291826
Key Down;Espace;291837
Key Up;Espace;292158
Key Up;Q;292271
Key Down;D;292497
Key Down;Espace;292527
Key Up;Espace;292812
Key Up;D;292898
Key Down;D;293741
Key Up;D;294062
Key Down;Q;294361
Key Up;Q;294586
Key Down;Q;294775
Key Up;Q;294929
Key Down;Espace;296046
Key Down;D;296072
Key Up;Espace;296281
Key Up;D;296435
Key Down;D;297409
Key Down;Espace;297970
Key Up;D;297993
Key Down;Q;298234
Key Up;Espace;298342
Key Up;Q;298434
Key Down;Q;299888
Key Down;Espace;299964
Key Up;Espace;300158
Key Up;Q;300226
Key Down;D;300653
Key Down;Espace;300679
Key Up;Espace;300985
Key Up;D;301228
Key Down;Q;301291
Key Down;Espace;301306
Key Up;Espace;302132
Key Up;Q;302177
Key Down;E;302197
Key Up;E;302321
Key Down;D;307396
Key Down;E;308205
Key Up;D;308272
Key Up;E;308347
Key Down;D;311910
Key Up;D;312134
Key Down;Q;312414
Key Up;Q;312665
Key Down;Q;312988
Key Up;Q;313092
Key Down;Q;314082
Key Up;Q;314221
Key Down;D;315056
Key Down;Espace;315105
Key Up;Espace;315356
Key Up;D;315548
Key Down;Q;315979
Key Down;Espace;316033
Key Up;Espace;316352
Key Up;Q;316403
Key Down;Q;317299
Key Up;Q;317452
Key Down;D;317679
Key Up;D;317900
Key Down;D;318145
Key Up;D;318603
Key Down;Espace;318646
Key Down;Q;318686
Key Up;Espace;318884
Key Up;Q;318887
Key Down;D;318929
Key Up;D;319174
Key Down;Q;319509
Key Up;Q;319758
Key Down;Q;320017
Key Up;Q;320165
Key Down;D;320198
Key Up;D;320448
Key Down;Q;320602
Key Down;Espace;320674
Key Down;D;320835
Key Up;Espace;320868
Key Up;Q;320940
Key Up;D;321047
Key Down;D;321458
Key Up;D;321602
Key Down;Q;321673
Key Down;Espace;321707
Key Up;Espace;321928
Key Down;D;321951
Key Up;Q;321969
Key Up;D;322206
Key Down;Q;322326
Key Up;Q;322698
Key Down;Espace;322832
Key Down;Q;322873
Key Up;Espace;323174
Key Up;Q;323564
Key Down;E;323566
Key Up;E;323708
Key Down;E;325546
Key Up;E;325644
Key Down;D;325795
Key Down;Espace;326004
Key Up;Espace;326222
Key Down;E;326660
Key Up;D;326725
Key Up;E;326794
Key Down;D;331754
Key Up;D;332523
Key Down;E;332566
Key Up;E;332648
Key Down;D;338252
Key Up;D;338429
Key Down;Q;339255
Key Up;Q;339505
Key Down;Q;339954
Key Up;Q;340280
Key Down;D;340433
Key Up;D;340546
Key Down;Q;340589
Key Up;Q;340828
Key Down;D;340943
Key Up;D;341138
Key Down;Q;341207
Key Up;Q;341383
Key Down;Espace;341740
Key Up;Espace;341958
Key Down;D;342088
Key Up;D;342273
Key Down;Q;342331
Key Up;Q;342523
Key Down;D;342573
Key Up;D;343394
Key Down;Q;343413
Key Down;Espace;343448
Key Up;Espace;343682
Key Up;Q;344131
Key Down;D;344242
Key Up;D;344880
Key Down;Q;344932
Key Up;Q;345106
Key Down;D;345130
Key Up;D;345249
Key Down;Q;345682
Key Up;Q;345876
Key Down;D;345965
Key Up;D;346144
Key Down;D;346259
Key Up;D;346392
Key Down;Q;346431
Key Up;Q;346670
Key Down;Q;347287
Key Up;Q;347395
Key Down;D;347443
Key Down;Espace;347814
Key Down;Q;347824
Key Up;D;347841
Key Up;Espace;348033
Key Up;Q;348175
Key Down;D;348201
Key Up;D;348643
Key Down;Q;348713
Key Up;Q;349007
Key Down;Q;351674
Key Up;Q;351847
Key Down;D;352108
Key Up;D;352580
Key Down;Q;353080
Key Up;Q;353285
Key Down;Q;355610
Key Up;Q;355751
Key Down;D;356153
Key Up;D;356322
Key Down;Q;356376
Key Up;Q;356647
Key Down;D;357021
Key Down;E;357434
Key Up;D;357477
Key Up;E;357568
Key Down;Espace;362602
Key Down;Q;362686
Key Up;Espace;362907
Key Up;Q;362953
Key Down;Espace;363278
Key Down;D;363562
Key Up;Espace;363645
Key Up;D;363930
Key Down;E;364035
Key Up;E;364127
Key Down;D;368229
Key Up;D;368368
Key Down;D;368731
Key Down;Espace;368822
Key Up;D;369204
Key Up;Espace;369220
Key Down;Espace;369464
Key Down;D;369855
Key Up;Espace;369887
Key Down;Espace;370174
Key Up;Espace;370399
Key Down;Espace;371243
Key Up;Espace;371615
Key Up;D;371665
Key Down;Espace;371776
Key Up;Espace;372087
Key Down;Espace;372393
Key Up;Espace;372789
Key Down;Espace;374502
Key Down;Q;374715
Key Up;Espace;374790
Key Up;Q;374833
Key Down;S;377747
Key Down;Espace;378022
Key Up;Espace;378258
Key Up;S;378687
Key Down;Espace;378955
Key Down;Q;378973
Key Up;Espace;379264
Key Down;Espace;379510
Key Up;Espace;379887
Key Up;Q;379932
Key Down;Espace;380092
Key Down;Q;380316
Key Up;Espace;380359
Key Up;Q;380475
Key Down;E;380543
Key Up;E;380682
Key Down;D;380822
Key Up;D;380965
Key Down;E;381100
Key Up;E;381203
Key Down;Q;386350
Key Up;Q;387175
Key Down;D;388719
Key Up;D;389034
Key Down;Q;389067
Key Down;D;389366
Key Up;Q;389394
Key Down;Q;389585
Key Up;D;389598
Key Up;Q;389765
Key Down;D;389767
Key Up;D;389946
Key Down;Q;389959
Key Down;D;390107
Key Up;Q;390118
Key Up;D;390266
Key Down;Q;390280
Key Down;D;390893
Key Up;Q;390906
Key Up;D;391083
Key Down;Q;391085
Key Down;D;391329
Key Up;Q;391341
Key Up;D;391484
Key Down;Q;391599
Key Down;D;391832
Key Up;Q;391844
Key Down;Q;392008
Key Up;D;392020
Key Down;D;392176
Key Up;Q;392207
Key Up;D;392355
Key Down;Q;392357
Key Up;Q;392539
Key Down;D;392617
Key Up;D;392816
Key Down;Q;392818
Key Up;Q;393072
Key Down;Q;393285
Key Up;Q;393652
Key Down;D;393676
Key Up;D;394280
Key Down;Q;394345
Key Up;Q;394621
Key Down;R;394633
Key Up;R;394783
Key Down;Q;394913
Key Up;Q;395182
Key Down;D;395257
Key Down;S;395802
Key Down;Espace;395825
Key Up;Espace;396080
Key Up;D;396150
Key Up;S;396729
Key Down;D;396734
Key Up;D;397347
Key Down;Q;397349
Key Up;Q;397889
Key Down;D;398109
Key Up;D;398507
Key Down;R;398624
Key Up;R;398766
Key Down;D;400311
Key Up;D;400791
Key Down;D;401102
Key Up;D;401331
Key Down;Q;401425
Key Down;D;402833
Key Up;Q;402837
Key Up;D;403176
Key Down;Q;403178
Key Up;Q;403414
Key Down;D;403416
Key Up;D;403907
Key Down;Q;404118
Key Up;Q;404277
Key Down;Q;404451
Key Up;Q;404708
Key Down;D;404848
Key Down;Espace;404863
Key Down;S;404914
Key Up;Espace;405047
Key Up;S;405269
Key Down;Q;405541
Key Up;D;405573
Key Down;Espace;405576
Key Up;Espace;405867
Key Up;Q;406151
Key Down;Q;406462
Key Up;Q;406692
Key Down;Q;407141
Key Down;Espace;407257
Key Up;Espace;407471
Key Up;Q;407552
Key Down;Espace;407783
Key Up;Espace;408190
Key Down;Q;408209
Key Down;Espace;408326
Key Up;Espace;408707
Key Up;Q;408788
Key Down;Espace;409510
Key Down;D;409632
Key Up;Espace;409894
Key Down;Espace;410114
Key Up;Espace;410309
Key Down;Q;410368
Key Up;Q;410435
Key Up;D;410516
Key Down;D;410615
Key Up;D;410775
Key Down;Q;410809
Key Down;Espace;411028
Key Up;Espace;411288
Key Up;Q;411884
Key Down;Espace;412045
Key Down;D;412298
Key Up;Espace;412336
Key Up;D;412906
Key Down;Q;413050
Key Down;Espace;413221
Key Up;Espace;413502
Key Up;Q;413572
Key Down;Left Alt;429281
Key Down;Tab;429447
Key Up;Left Alt;429518
Key Up;Tab;429611
