Event;Key;Time
Key Down;O;905
Key Up;O;983
Key Down;Z;10070
Key Up;Z;10311
Key Down;Z;11943
Key Up;Z;12286
Key Down;Z;13678
Key Up;Z;13806
Key Down;X;16047
Key Up;X;16087
Key Down;Z;22246
Key Up;Z;23542
Key Down;Z;32582
Key Up;Z;33391
Key Down;Z;35503
Key Up;Z;35806
Key Down;X;36550
Key Up;X;36614
Key Down;Z;37351
Key Down;Espace;38038
Key Up;Espace;40063
Key Up;Z;40111
Key Down;Espace;40502
Key Up;Espace;40662
Key Down;Z;50678
Key Up;Z;51302
Key Down;Z;52495
Key Up;Z;53751
Key Down;X;56422
Key Up;X;56478
Key Down;D;66486
Key Up;D;67022
Key Down;Z;69551
Key Up;Z;70118
Key Down;Z;72495
Key Up;Z;73910
Key Down;Z;76358
Key Down;Espace;79054
Key Up;Espace;79214
Key Up;Z;83478
Key Down;D;87094
Key Up;D;87638
Key Down;Z;87710
Key Up;Z;93030
Key Down;Z;93974
Key Up;Z;94774
Key Down;F;96983
Key Down;Espace;97886
Key Up;F;100279
Key Up;Espace;100422
Key Down;E;104382
Key Up;E;105158
Key Down;Z;105838
Key Up;Z;106950
Key Down;F;108430
Key Down;Espace;108862
Key Up;F;110974
Key Up;Espace;111038
Key Down;Z;111854
Key Down;Espace;112983
Key Up;Espace;117294
Key Up;Z;117438
Key Down;Z;118622
Key Up;Z;120263
Key Down;Z;120886
Key Up;Z;121758
Key Down;Q;122342
Key Up;Q;122638
Key Down;Z;122998
Key Up;Z;123526
Key Down;Z;124582
Key Down;Espace;126886
Key Up;Espace;127446
Key Up;Z;127742
Key Down;Z;128622
Key Up;Z;129374
Key Down;Z;133454
Key Down;Espace;134262
Key Up;Espace;136398
Key Up;Z;136582
Key Down;Espace;136622
Key Down;Z;136710
Key Up;Z;136838
Key Up;Espace;136950
Key Down;Z;137670
Key Down;Espace;138414
Key Up;Espace;143174
Key Up;Z;143326
Key Down;Z;146198
Key Down;Espace;151422
Key Up;Espace;154646
Key Down;Espace;154830
Key Up;Espace;157694
Key Up;Z;157822
Key Down;Z;158782
Key Up;Z;160214
Key Down;Espace;168734
Key Up;Espace;168814
Key Down;Espace;168902
Key Up;Espace;168974
Key Down;Espace;169070
Key Up;Espace;169126
Key Down;Espace;169213
Key Up;Espace;169277
Key Down;Espace;169374
Key Up;Espace;169470
Key Down;Espace;169566
Key Up;Espace;169662
Key Down;Espace;169790
Key Up;Espace;169854
Key Down;Espace;169958
Key Up;Espace;170038
Key Down;Espace;170142
Key Up;Espace;170206
Key Down;Espace;170310
Key Up;Espace;170366
Key Down;Espace;170470
Key Up;Espace;170526
Key Down;F;173126
Key Down;Espace;173526
Key Up;F;175702
Key Up;Espace;175718
Key Down;Z;177574
Key Up;Z;178702
Key Down;X;179678
Key Up;X;179742
Key Down;Z;180949
Key Up;Z;183438
Key Down;Espace;183446
Key Up;Espace;183565
Key Down;X;189678
Key Up;X;189838
Key Down;Z;191662
Key Up;Z;192958
Key Down;Z;193918
Key Up;Z;194085
Key Down;Left Control;207422
Key Up;Left Control;208310
Key Down;Left Control;208526
Key Up;Left Control;209254
Key Down;Left Control;209405
Key Up;Left Control;212206
Key Down;F;230270
Key Down;Espace;230518
Key Up;Espace;233126
Key Up;F;233158
Key Down;Z;234229
Key Down;Espace;236278
Key Up;Z;236334
Key Up;Espace;237149
Key Down;Espace;237486
Key Down;V;237494
Key Up;V;237574
Key Up;Espace;237862
Key Down;Z;242094
Key Up;Z;243254
Key Down;Z;244390
Key Up;Z;245413
Key Down;F;246781
Key Down;Espace;247070
Key Up;Espace;250477
Key Up;F;250485
Key Down;Espace;250910
Key Up;Espace;250966
Key Down;F;252374
Key Up;F;252534
Key Down;F;253429
Key Up;F;253854
Key Down;Z;254318
Key Up;Z;254557
Key Down;Z;256534
Key Down;Espace;257181
Key Up;Espace;260926
Key Up;Z;261054
Key Down;F;265342
Key Down;Espace;265525
Key Up;F;266797
Key Up;Espace;266805
Key Down;F;270134
Key Down;Espace;270342
Key Up;F;272806
Key Up;Espace;272830
Key Down;Z;274837
Key Up;Z;276734
Key Down;Z;279254
Key Up;Z;279717
Key Down;X;286518
Key Up;X;286590
Key Down;Espace;304181
Key Up;Espace;304253
Key Down;Espace;304373
Key Up;Espace;304445
Key Down;Espace;304533
Key Up;Espace;304589
Key Down;Espace;304693
Key Up;Espace;304741
Key Down;Espace;304845
Key Up;Espace;304902
Key Down;Espace;305014
Key Up;Espace;305062
Key Down;Espace;305174
Key Up;Espace;305230
Key Down;Espace;305350
Key Up;Espace;305390
Key Down;Espace;305517
Key Up;Espace;305565
Key Down;Espace;305709
Key Up;Espace;305765
Key Down;Espace;305885
Key Up;Espace;305925
Key Down;Espace;306085
Key Up;Espace;306125
Key Down;F;308334
Key Down;Espace;308549
Key Up;F;310950
Key Up;Espace;311030
Key Down;Z;313037
Key Up;Z;313525
Key Down;Z;313990
Key Up;Z;314173
Key Down;Z;318765
Key Up;Z;318885
Key Down;X;327029
Key Up;X;327093
Key Down;Z;328885
Key Up;Z;330245
Key Down;X;331869
Key Up;X;331925
Key Down;X;333413
Key Up;X;335173
Key Down;Tab;337005
Key Up;Tab;337069
Key Down;Tab;337685
Key Up;Tab;337757
Key Down;Z;339821
Key Up;Z;341581
Key Down;Left Control;343854
Key Down;Z;344597
Key Up;Z;347789
Key Up;Left Control;348293
Key Down;Z;350958
Key Up;Z;351149
Key Down;F;354925
Key Down;Espace;355174
Key Up;F;357325
Key Up;Espace;357341
Key Down;Z;358061
Key Up;Z;358485
Key Down;Z;359989
Key Up;Z;361397
Key Down;Z;363662
Key Up;Z;363813
Key Down;Z;364373
Key Up;Z;366462
Key Down;F;369182
Key Down;Espace;369405
Key Up;F;371565
Key Up;Espace;371605
Key Down;F;377781
Key Down;Espace;377965
Key Up;F;379685
Key Up;Espace;379749
Key Down;F;389453
Key Down;Espace;389693
Key Up;F;391342
Key Up;Espace;391350
Key Down;Z;418293
Key Up;Z;418989
Key Down;Z;419741
Key Up;Z;420109
Key Down;Espace;421101
Key Up;Espace;424092
Key Down;Z;435013
Key Up;Z;435133
Key Down;Z;435581
Key Up;Z;438621
Key Down;Z;439981
Key Up;Z;440317
Key Down;Espace;441437
Key Up;Espace;443685
Key Down;Espace;443885
Key Up;Espace;443949
Key Down;Espace;444053
Key Up;Espace;444149
Key Down;Espace;444245
Key Up;Espace;444365
Key Down;Espace;444589
Key Up;Espace;444661
Key Down;Espace;444781
Key Up;Espace;444837
Key Down;Espace;444941
Key Up;Espace;444988
Key Down;Espace;445092
Key Up;Espace;445141
Key Down;Espace;445253
Key Up;Espace;445301
Key Down;Espace;445413
Key Up;Espace;445461
Key Down;Espace;445573
Key Up;Espace;445637
Key Down;Espace;445757
Key Up;Espace;445813
Key Down;Espace;445957
Key Up;Espace;446021
Key Down;Espace;446141
Key Up;Espace;446205
Key Down;Espace;446325
Key Up;Espace;446420
Key Down;Espace;446549
Key Up;Espace;446645
Key Down;Espace;446837
Key Up;Espace;446941
Key Down;Espace;447093
Key Up;Espace;447165
Key Down;Left Control;448877
Key Down;Z;449493
Key Up;Z;450541
Key Up;Left Control;452084
Key Down;Z;452637
Key Up;Z;452925
Key Down;Espace;453548
Key Up;Espace;453581
Key Down;Echap;498284
Key Up;Echap;498332
Key Down;Echap;500421
Key Up;Echap;500477
Key Down;Z;502372
Key Up;Z;502484
Key Down;Z;502821
Key Up;Z;503668
Key Down;Z;505212
Key Up;Z;506125
Key Down;Espace;506309
Key Up;Espace;506540
Key Down;Espace;507245
Key Up;Espace;507445
Key Down;Espace;507820
Key Up;Espace;508036
Key Down;Z;508389
Key Up;Z;508797
Key Down;Espace;508997
Key Up;Espace;509596
Key Down;Z;510061
Key Up;Z;510708
Key Down;Z;511525
Key Up;Z;512740
Key Down;Left Control;515981
Key Down;Z;516389
Key Up;Z;517300
Key Up;Left Control;517340
Key Down;Z;523781
Key Up;Z;524244
Key Down;Z;528013
Key Down;D;529181
Key Up;D;529325
Key Up;Z;529884
Key Down;D;530717
Key Down;Z;531725
Key Up;D;531749
Key Up;Z;532269
Key Down;D;533181
Key Up;D;533597
Key Down;Z;533669
Key Up;Z;533965
Key Down;D;535492
Key Down;Z;536349
Key Up;D;536836
Key Down;D;537893
Key Up;D;538140
Key Up;Z;539165
Key Down;D;542612
Key Down;Z;543037
Key Up;D;543077
Key Down;D;543596
Key Up;Z;543708
Key Down;Z;544156
Key Up;D;544253
Key Down;Espace;546588
Key Up;Z;546660
Key Up;Espace;546876
Key Down;Espace;547037
Key Up;Espace;547133
Key Down;Espace;547812
Key Up;Espace;547852
Key Down;Espace;547996
Key Up;Espace;548044
Key Down;Espace;548172
Key Up;Espace;548228
Key Down;Espace;548348
Key Up;Espace;548420
Key Down;Espace;548581
Key Up;Espace;548653
Key Down;Espace;548789
Key Up;Espace;548861
Key Down;Espace;548957
Key Up;Espace;549029
Key Down;Espace;549141
Key Up;Espace;549228
Key Down;Espace;549356
Key Up;Espace;549428
Key Down;Espace;549540
Key Up;Espace;549612
Key Down;Espace;549732
Key Up;Espace;549788
Key Down;Espace;549933
Key Up;Espace;550013
Key Down;Espace;550125
Key Up;Espace;550213
Key Down;Espace;550341
Key Up;Espace;550413
Key Down;Espace;550533
Key Up;Espace;550605
Key Down;Espace;550708
Key Up;Espace;550796
Key Down;Espace;550916
Key Up;Espace;551012
Key Down;Espace;551180
Key Up;Espace;551268
Key Down;Espace;551493
Key Up;Espace;551549
Key Down;Left Control;553013
Key Down;Z;553452
Key Up;Z;554605
Key Up;Left Control;555380
Key Down;Z;556165
Key Up;Z;556500
Key Down;Z;559317
Key Up;Z;561108
Key Down;Espace;561484
Key Up;Espace;561717
Key Down;Espace;562005
Key Up;Espace;562181
Key Down;Z;563517
Key Up;Z;564052
Key Down;Z;567092
Key Up;Z;568484
Key Down;Left Control;569437
Key Down;Z;569988
Key Up;Left Control;570701
Key Up;Z;570797
Key Down;S;579469
Key Up;S;579980
Key Down;D;580148
Key Down;Z;581685
Key Up;D;582604
Key Up;Z;582733
Key Down;F;583852
Key Up;F;586388
Key Down;Z;599581
Key Up;Z;600292
Key Down;E;600804
Key Up;E;600997
Key Down;Z;601181
Key Up;Z;601269
Key Down;Espace;601724
Key Up;Espace;603388
Key Down;Z;605740
Key Up;Z;607500
Key Down;Espace;607636
Key Up;Espace;607772
Key Down;Q;610612
Key Down;Z;611404
Key Up;Q;611564
Key Up;Z;613932
Key Down;Z;614365
Key Up;Z;615476
Key Down;X;623221
Key Up;X;623260
Key Down;Left Control;626292
Key Down;D;626772
Key Up;D;627932
Key Down;Z;628717
Key Up;Left Control;638117
Key Up;Z;638245
Key Down;Tab;688676
Key Up;Tab;688756
Key Down;Tab;716988
Key Up;Tab;717052
Key Down;Z;719924
Key Up;Z;724156
Key Down;X;724740
Key Up;X;724812
Key Down;Z;725307
Key Up;Z;729444
Key Down;Z;730244
Key Up;Z;731364
Key Down;Z;735163
Key Up;Z;735732
Key Down;Z;737828
Key Up;Z;741748
Key Down;Z;742628
Key Up;Z;745252
Key Down;Espace;746468
Key Up;Espace;746572
Key Down;Non défini;755668
Key Up;Non défini;755803
Key Down;Z;757155
Key Up;Z;757556
Key Down;Q;758388
Key Down;Z;758539
Key Up;Q;758587
Key Up;Z;759252
Key Down;D;760643
Key Down;Z;761276
Key Up;D;761332
Key Down;D;761364
Key Up;D;761484
Key Up;Z;762428
Key Down;Z;763667
Key Down;Espace;765220
Key Up;Espace;766716
Key Up;Z;766883
Key Down;Z;768100
Key Down;Q;769012
Key Up;Q;769380
Key Down;Q;770252
Key Up;Q;770460
Key Up;Z;770724
Key Down;X;781404
Key Up;X;781532
Key Down;Z;783595
Key Up;Z;786091
Key Down;Z;787643
Key Up;Z;792972
Key Down;Espace;795524
Key Up;Espace;795644
Key Down;F;805604
Key Up;F;808244
Key Down;F;823636
Key Up;F;826452
Key Down;F;837500
Key Up;F;839483
Key Down;F;841940
Key Up;F;843907
Key Down;F;845659
Key Up;F;847779
Key Down;Z;894579
Key Up;Z;895059
Key Down;E;895443
Key Up;E;895908
Key Down;Left Control;896860
Key Up;Left Control;900059
Key Down;Z;901379
Key Up;Z;901651
Key Down;F;903891
Key Up;F;906499
Key Down;F;908531
Key Up;F;908772
Key Down;Z;909307
Key Up;Z;909883
Key Down;Espace;910276
Key Up;Espace;910452
Key Down;NumPad 3;917187
Key Up;NumPad 3;917404
Key Down;NumPad 3;917500
Key Up;NumPad 3;917571
Key Down;NumPad 3;917667
Key Up;NumPad 3;917739
Key Down;NumPad 3;917819
Key Up;NumPad 3;917891
Key Down;NumPad 3;917955
Key Up;NumPad 3;918019
Key Down;NumPad 3;918059
Key Up;NumPad 3;918147
Key Down;NumPad 3;918243
Key Up;NumPad 3;918331
Key Down;NumPad 3;918427
Key Up;NumPad 3;918499
Key Down;NumPad 3;918595
Key Up;NumPad 3;918692
Key Down;NumPad 3;918828
Key Up;NumPad 3;918924
Key Down;NumPad 3;919035
Key Up;NumPad 3;919107
Key Down;NumPad 3;919211
Key Up;NumPad 3;919291
Key Down;NumPad 3;919371
Key Up;NumPad 3;919435
Key Down;NumPad 3;930003
Key Up;NumPad 3;930091
Key Down;NumPad 3;930179
Key Up;NumPad 3;930243
Key Down;NumPad 3;930339
Key Up;NumPad 3;930403
Key Down;NumPad 3;930499
Key Up;NumPad 3;930563
Key Down;NumPad 3;930651
Key Up;NumPad 3;930723
Key Down;NumPad 3;930811
Key Up;NumPad 3;930876
Key Down;NumPad 3;930980
Key Up;NumPad 3;931044
Key Down;NumPad 3;931147
Key Up;NumPad 3;931219
Key Down;NumPad 3;931323
Key Up;NumPad 3;931411
Key Down;NumPad 3;931515
Key Up;NumPad 3;931595
Key Down;NumPad 3;931699
Key Up;NumPad 3;931771
Key Down;NumPad 3;931867
Key Up;NumPad 3;931947
Key Down;NumPad 3;932043
Key Up;NumPad 3;932139
Key Down;NumPad 3;932219
Key Up;NumPad 3;932300
Key Down;NumPad 3;932396
Key Up;NumPad 3;932476
Key Down;NumPad 3;933179
Key Up;NumPad 3;933291
Key Down;NumPad 3;933379
Key Up;NumPad 3;933507
Key Down;NumPad 3;933579
Key Up;NumPad 3;933700
Key Down;NumPad 3;933788
Key Up;NumPad 3;933899
Key Down;NumPad 3;933995
Key Up;NumPad 3;934123
Key Down;NumPad 3;934227
Key Up;NumPad 3;934339
Key Down;NumPad 3;934451
Key Up;NumPad 3;934571
Key Down;NumPad 3;934667
Key Up;NumPad 3;934795
Key Down;NumPad 3;934947
Key Up;NumPad 3;934955
Key Down;Z;935459
Key Down;Espace;935907
Key Up;Espace;935987
Key Up;Z;936019
Key Down;Z;936091
Key Up;Z;937731
Key Down;NumPad 3;962812
Key Up;NumPad 3;962956
Key Down;NumPad 3;965236
Key Up;NumPad 3;965353
Key Down;NumPad 3;966279
Key Up;NumPad 3;966393
Key Down;X;970067
Key Up;X;970115
Key Down;F;972707
Key Up;F;974475
Key Down;F;998403
Key Up;F;999875
Key Down;F;1001243
Key Up;F;1003171
Key Down;F;1006155
Key Up;F;1007395
Key Down;F;1038235
Key Up;F;1040011
Key Down;F;1040578
Key Up;F;1041827
Key Down;F;1044827
Key Up;F;1045835
Key Down;Espace;1066283
Key Up;Espace;1066986
Key Down;Z;1070203
Key Up;Z;1070675
Key Down;Z;1071523
Key Up;Z;1072115
Key Down;Z;1072618
Key Up;Z;1073211
Key Down;Z;1073650
Key Up;Z;1073930
Key Down;Z;1076371
Key Up;Z;1076530
Key Down;F;1084835
Key Up;F;1086923
Key Down;F;1108123
Key Up;F;1110130
Key Down;Left Control;1116283
Key Up;Left Control;1116419
Key Down;Z;1118947
Key Down;Left Control;1120499
Key Up;Left Control;1122650
Key Up;Z;1122778
Key Down;F;1124443
Key Up;F;1126682
Key Down;Espace;1127051
Key Up;Espace;1127443
Key Down;F;1132251
Key Up;F;1134683
Key Down;F;1141274
Key Up;F;1143610
Key Down;Espace;1150698
Key Up;Espace;1150826
Key Down;Left Control;1155370
Key Down;Espace;1155915
Key Up;Espace;1157266
Key Up;Left Control;1157643
Key Down;Z;1159602
Key Up;Z;1160147
Key Down;Z;1160754
Key Up;Z;1163250
Key Down;Z;1168275
Key Up;Z;1173266
Key Down;Z;1173802
Key Up;Z;1174586
Key Down;Z;1175786
Key Up;Z;1175994
Key Down;Z;1176843
Key Up;Z;1177794
Key Down;Z;1178546
Key Up;Z;1180122
Key Down;Z;1186426
Key Up;Z;1188683
Key Down;Espace;1208386
Key Up;Espace;1208443
Key Down;F;1210594
Key Down;Espace;1210850
Key Up;Espace;1213114
Key Up;F;1213226
Key Down;Espace;1213290
Key Up;Espace;1213554
Key Down;Espace;1213818
Key Up;Espace;1213954
Key Down;Espace;1214370
Key Up;Espace;1214522
Key Down;Q;1216539
Key Up;Q;1217002
Key Down;Z;1217634
Key Up;Z;1217850
Key Down;Espace;1218178
Key Up;Espace;1218546
Key Down;Espace;1218730
Key Up;Espace;1218898
Key Down;Espace;1220531
Key Up;Espace;1220650
Key Down;Espace;1221178
Key Up;Espace;1221258
Key Down;Espace;1221386
Key Up;Espace;1221458
Key Down;Espace;1221650
Key Up;Espace;1221714
Key Down;Espace;1221859
Key Up;Espace;1221931
Key Down;Espace;1222042
Key Up;Espace;1222138
Key Down;D;1223106
Key Up;D;1224258
Key Down;D;1224699
Key Up;D;1225818
Key Down;D;1225930
Key Up;D;1226658
Key Down;D;1226818
Key Up;D;1227234
Key Down;Espace;1227563
Key Up;Espace;1227914
Key Down;Z;1230618
Key Up;Z;1230802
Key Down;Q;1231514
Key Up;Q;1232098
Key Down;Z;1232306
Key Up;Z;1232890
Key Down;F;1236226
Key Up;F;1238714
Key Down;Espace;1274986
Key Up;Espace;1275122
Key Down;Z;1276682
Key Up;Z;1277074
Key Down;F;1279146
Key Up;F;1279234
Key Down;Espace;1281314
Key Up;Espace;1281530
Key Down;Left Control;1284106
Key Down;Z;1284682
Key Up;Z;1285506
Key Down;Z;1286226
Key Up;Z;1287050
Key Down;Z;1287466
Key Up;Z;1288130
Key Down;Z;1288698
Key Up;Z;1291218
Key Down;Z;1291674
Key Up;Z;1291946
Key Down;Z;1296105
Key Up;Z;1300538
Key Down;Z;1301825
Key Up;Left Control;1306482
Key Up;Z;1306490
Key Down;F;1308338
Key Down;Espace;1308985
Key Up;F;1310313
Key Up;Espace;1310337
Key Down;Espace;1326042
Key Up;Espace;1326114
Key Down;Espace;1326202
Key Up;Espace;1326258
Key Down;Espace;1326370
Key Up;Espace;1326418
Key Down;Espace;1326514
Key Up;Espace;1326578
Key Down;Espace;1326674
Key Up;Espace;1326730
Key Down;Espace;1326842
Key Up;Espace;1326898
Key Down;Espace;1327002
Key Up;Espace;1327065
Key Down;Espace;1327154
Key Up;Espace;1327225
Key Down;Espace;1327321
Key Up;Espace;1327394
Key Down;Espace;1327490
Key Up;Espace;1327554
Key Down;Espace;1327650
Key Up;Espace;1327722
Key Down;Z;1334834
Key Down;Espace;1335218
Key Up;Espace;1336809
Key Up;Z;1336817
Key Down;Z;1337562
Key Up;Z;1339250
Key Down;F;1340298
Key Down;Espace;1340730
Key Up;Espace;1342290
Key Up;F;1342322
Key Down;Z;1343058
Key Up;Z;1345017
Key Down;Z;1348546
Key Up;Z;1348674
Key Down;Z;1352786
Key Up;Z;1353169
Key Down;Espace;1357146
Key Up;Espace;1357322
Key Down;Espace;1360601
Key Up;Espace;1360674
Key Down;Z;1362146
Key Up;Z;1362634
Key Down;Espace;1363129
Key Up;Espace;1363385
Key Down;Z;1364689
Key Up;Z;1367289
Key Down;Z;1368681
Key Up;Z;1370858
Key Down;Z;1371346
Key Up;Z;1376530
Key Down;Z;1377793
Key Up;Z;1379970
Key Down;Z;1381209
Key Up;Z;1385121
Key Down;F;1388233
Key Up;F;1388354
Key Down;Espace;1389657
Key Up;Espace;1390026
Key Down;Espace;1390521
Key Up;Espace;1390737
Key Down;Z;1393034
Key Up;Z;1401402
Key Down;Z;1402041
Key Up;Z;1403194
Key Down;Z;1404370
Key Up;Z;1404761
Key Down;Z;1405401
Key Up;Z;1411809
Key Down;F;1412794
Key Down;Espace;1413497
Key Up;Espace;1414849
Key Up;F;1414905
Key Down;Z;1415418
Key Up;Z;1417186
Key Down;Z;1418153
Key Up;Z;1418314
Key Down;Z;1422794
Key Up;Z;1422978
Key Down;F;1428130
Key Down;Espace;1428705
Key Up;F;1430649
Key Up;Espace;1430665
Key Down;F;1437569
Key Down;Espace;1437825
Key Up;F;1439113
Key Up;Espace;1439266
Key Down;Left Control;1446065
Key Up;Left Control;1446769
Key Down;Z;1446857
Key Down;Left Control;1448233
Key Up;Left Control;1450841
Key Up;Z;1450897
Key Down;F;1453657
Key Down;Espace;1453906
Key Up;F;1456625
Key Up;Espace;1456657
Key Down;Z;1458929
Key Down;Q;1459369
Key Up;Z;1459433
Key Up;Q;1459754
Key Down;D;1461058
Key Up;D;1461218
Key Down;F;1461329
Key Up;F;1463121
Key Down;F;1463738
Key Down;Espace;1463906
Key Up;Espace;1464050
Key Up;F;1465474
Key Down;F;1493089
Key Up;F;1495441
Key Down;F;1497785
Key Up;F;1499737
Key Down;Z;1508721
Key Up;Z;1510569
Key Down;Z;1511009
Key Down;Left Control;1512385
Key Up;Left Control;1512713
Key Down;Left Control;1513369
Key Up;Left Control;1515601
Key Up;Z;1516009
Key Down;F;1517777
Key Up;F;1519857
Key Down;F;1521913
Key Up;F;1523145
Key Down;F;1523313
Key Up;F;1525369
Key Down;F;1525521
Key Up;F;1527529
Key Down;F;1528833
Key Up;F;1530305
Key Down;Left Control;1558784
Key Down;Z;1559625
Key Up;Z;1559873
Key Up;Left Control;1562865
Key Down;Left Shift;1565953
Key Up;Left Shift;1566513
Key Down;Left Control;1566849
Key Up;Left Control;1567801
Key Down;Z;1568656
Key Up;Z;1570145
Key Down;Z;1571392
Key Up;Z;1573049
Key Down;F;1577457
Key Down;Espace;1578993
Key Up;F;1580465
Key Up;Espace;1580577
Key Down;F;1585801
Key Up;F;1587033
Key Down;Left Control;1631608
Key Down;Z;1632201
Key Up;Z;1639601
Key Up;Left Control;1639689
Key Down;F;1641760
Key Up;F;1643977
Key Down;F;1647512
Key Up;F;1649321
Key Down;F;1652505
Key Up;F;1654273
Key Down;F;1665825
Key Up;F;1667865
Key Down;Z;1735128
Key Down;Left Control;1735304
Key Up;Left Control;1735561
Key Up;Z;1735689
Key Down;Z;1735721
Key Up;Z;1735785
Key Down;Z;1735889
Key Down;Left Control;1735905
Key Up;Z;1736040
Key Up;Left Control;1736424
Key Down;Z;1737089
Key Down;Left Control;1738433
Key Up;Z;1741136
Key Up;Left Control;1741192
Key Down;Z;1741864
Key Down;Left Control;1743056
Key Up;Left Control;1743264
Key Down;Espace;1743944
Key Up;Z;1747720
Key Up;Espace;1747760
Key Down;X;1750224
Key Up;X;1750296
Key Down;X;1750936
Key Up;X;1751008
Key Down;X;1752168
Key Up;X;1752240
Key Down;Z;1754984
Key Up;Z;1757648
Key Down;Espace;1757720
Key Up;Espace;1757872
Key Down;Tab;1800976
Key Up;Tab;1801048
Key Down;Tab;1802664
Key Up;Tab;1802720
Key Down;Z;1805688
Key Up;Z;1805992
Key Down;Q;1807392
Key Up;Q;1807888
Key Down;Z;1807944
Key Up;Z;1810041
Key Down;Tab;1810544
Key Up;Tab;1810640
Key Down;Tab;1813992
Key Up;Tab;1814120
Key Down;Z;1814560
Key Down;Espace;1814904
Key Up;Espace;1821368
Key Up;Z;1821560
Key Down;Espace;1821568
Key Up;Espace;1821680
Key Down;Tab;1826208
Key Up;Tab;1826264
Key Down;Echap;1828672
Key Up;Echap;1828728
Key Down;Z;1830048
Key Down;Espace;1835880
Key Up;Espace;1837272
Key Up;Z;1837360
Key Down;Tab;1841376
Key Up;Tab;1841448
Key Down;Echap;1843312
Key Up;Echap;1843368
Key Down;X;1845808
Key Up;X;1845864
Key Down;Z;1849328
Key Up;Z;1850815
Key Down;Z;1853456
Key Up;Z;1859960
Key Down;Z;1867400
Key Up;Z;1868704
Key Down;Z;1883576
Key Up;Z;1886152
Key Down;Z;1887015
Key Up;Z;1887992
Key Down;Z;1889312
Key Up;Z;1891736
Key Down;Z;1892240
Key Up;Z;1892960
Key Down;Z;1894344
Key Up;Z;1899288
Key Down;Z;1901712
Key Up;Z;1911671
Key Down;Z;1912847
Key Up;Z;1913560
Key Down;Z;1917687
Key Up;Z;1922520
Key Down;Tab;1923384
Key Up;Tab;1923480
Key Down;Tab;1933072
Key Up;Tab;1933136
Key Down;Z;1938463
Key Up;Z;1939432
Key Down;Espace;1939448
Key Up;Espace;1939576
Key Down;Z;1940792
Key Up;Z;1941519
Key Down;Z;1941744
Key Down;Espace;1942223
Key Up;Espace;1943144
Key Up;Z;1943288
Key Down;Tab;1944192
Key Up;Tab;1944264
Key Down;Echap;1947128
Key Up;Echap;1947192
Key Down;Tab;1948288
Key Up;Tab;1948392
Key Down;Z;1948992
Key Down;Espace;1949655
Key Up;Espace;1959376
Key Up;Z;1959424
Key Down;Espace;1959815
Key Up;Espace;1959959
Key Down;Z;1963656
Key Down;Espace;1964760
Key Up;Z;1970952
Key Up;Espace;1970968
Key Down;Z;1972416
Key Up;Z;1973784
Key Down;Espace;1973832
Key Up;Espace;1973911
Key Down;Z;1978087
Key Up;Z;1979335
Key Down;Espace;1979552
Key Up;Espace;1979688
Key Down;Espace;1981567
Key Up;Espace;1981687
Key Down;Espace;1981807
Key Up;Espace;1981903
Key Down;Espace;1982095
Key Up;Espace;1982191
Key Down;Espace;1982279
Key Up;Espace;1982359
Key Down;Espace;1982448
Key Up;Espace;1982512
Key Down;Espace;1982584
Key Up;Espace;1982640
Key Down;Espace;1982720
Key Up;Espace;1982792
Key Down;Espace;1982896
Key Up;Espace;1982944
Key Down;Espace;1983063
Key Up;Espace;1983119
Key Down;Espace;1983223
Key Up;Espace;1983295
Key Down;Espace;1983391
Key Up;Espace;1983463
Key Down;Espace;1983559
Key Up;Espace;1983631
Key Down;Espace;1983727
Key Up;Espace;1983800
Key Down;Espace;1983904
Key Up;Espace;1983992
Key Down;Espace;1984088
Key Up;Espace;1984192
Key Down;Espace;1984280
Key Up;Espace;1984423
Key Down;Espace;1984815
Key Up;Espace;1984879
Key Down;Left Meta;1986648
Key Up;Left Meta;1987232
Key Down;Z;1987631
Key Up;Z;1987775
Key Down;Z;1988504
Key Up;Z;1988943
Key Down;Left Meta;1989143
Key Up;Left Meta;1989720
Key Down;Left Control;1990343
Key Down;Z;1990960
Key Up;Z;1994104
Key Up;Left Control;1994200
Key Down;Z;1996095
Key Up;Z;1997175
Key Down;Z;1997591
Key Up;Z;1998064
Key Down;Z;2000351
Key Up;Z;2001983
Key Down;Z;2003040
Key Up;Z;2003791
Key Down;Z;2004471
Key Up;Z;2005103
Key Down;Z;2008551
Key Up;Z;2009400
Key Down;Z;2010007
Key Up;Z;2010575
Key Down;Z;2011791
Key Up;Z;2013600
Key Down;Z;2014872
Key Down;Espace;2021135
Key Up;Espace;2021535
Key Up;Z;2023287
Key Down;Z;2025767
Key Up;Z;2026640
Key Down;Espace;2027143
Key Up;Espace;2027311
Key Down;Z;2028263
Key Up;Z;2033255
Key Down;Tab;2038768
Key Up;Tab;2038840
Key Down;Tab;2045647
Key Up;Tab;2045767
Key Down;Z;2047303
Key Up;Z;2047927
Key Down;Espace;2049167
Key Up;Espace;2049527
Key Down;Z;2049744
Key Up;Z;2056903
Key Down;Tab;2057728
Key Up;Tab;2057799
Key Down;Tab;2068927
Key Up;Tab;2069007
Key Down;Z;2071439
Key Up;Z;2076879
Key Down;Z;2078919
Key Up;Z;2079751
Key Down;Z;2081687
Key Up;Z;2084007
Key Down;F;2085576
Key Down;Espace;2086951
Key Up;Espace;2087343
Key Up;F;2087431
Key Down;Z;2088143
Key Up;Z;2088703
Key Down;Z;2089959
Key Up;Z;2090319
Key Down;Z;2091431
Key Up;Z;2091487
Key Down;Q;2091671
Key Up;Q;2092135
Key Down;Z;2093327
Key Up;Z;2094415
Key Down;Z;2096951
Key Up;Z;2099567
Key Down;Tab;2106311
Key Up;Tab;2106375
Key Down;Tab;2109903
Key Up;Tab;2109991
Key Down;Z;2111847
Key Up;Z;2112255
Key Down;D;2114495
Key Down;Z;2115639
Key Up;D;2115647
Key Down;D;2116255
Key Up;D;2117055
Key Up;Z;2126255
Key Down;Z;2130694
Key Up;Z;2135367
Key Down;Tab;2136855
Key Up;Tab;2136927
Key Down;Apostrophe;2139247
Key Up;Apostrophe;2139391
Key Down;Echap;2157918
Key Up;Echap;2157982
Key Down;Echap;2159095
Key Up;Echap;2159158
Key Down;S;2163519
Key Down;A;2164311
Key Up;S;2164351
Key Down;S;2164574
Key Up;A;2164614
Key Up;S;2164702
Key Down;A;2165838
Key Up;A;2165902
Key Down;D;2166623
Key Down;Z;2167551
Key Up;D;2167727
Key Down;D;2168359
Key Up;Z;2168551
Key Down;Z;2168702
Key Up;D;2170246
Key Down;D;2170302
Key Up;Z;2173607
Key Up;D;2173623
Key Down;Q;2174071
Key Down;Z;2174903
Key Up;Q;2174943
Key Down;Q;2175734
Key Up;Q;2175974
Key Down;Q;2176839
Key Up;Q;2177935
Key Down;Q;2180911
Key Up;Q;2181695
Key Down;Q;2182438
Key Up;Q;2182983
Key Up;Z;2185615
Key Down;Z;2186047
Key Up;Z;2186750
Key Down;Left Control;2187327
Key Down;Z;2187727
Key Up;Z;2189174
Key Up;Left Control;2189214
Key Down;Z;2189975
Key Down;Left Control;2190159
Key Up;Z;2191335
Key Up;Left Control;2191359
Key Down;Z;2192390
Key Up;Z;2192599
Key Down;Z;2194639
Key Up;Z;2196951
Key Down;Z;2199015
Key Up;Z;2199863
Key Down;Z;2201303
Key Up;Z;2202223
Key Down;F;2208327
Key Down;Espace;2208870
Key Up;F;2210991
Key Up;Espace;2211031
Key Down;Z;2211606
Key Up;Z;2215327
Key Down;Z;2216039
Key Up;Z;2219815
Key Down;Z;2220631
Key Down;Espace;2229950
Key Up;Espace;2232286
Key Up;Z;2232358
Key Down;Z;2235014
Key Up;Z;2235206
Key Down;Tab;2236390
Key Up;Tab;2236454
Key Down;Echap;2239855
Key Up;Echap;2239911
Key Down;Tab;2241118
Key Up;Tab;2241191
Key Down;Z;2242943
Key Down;Espace;2243927
Key Up;Espace;2249254
Key Up;Z;2249414
Key Down;Espace;2250254
Key Up;Espace;2250366
Key Down;Z;2252127
Key Down;Espace;2253879
Key Up;Espace;2256142
Key Up;Z;2256190
Key Down;Z;2258238
Key Down;Espace;2259190
Key Up;Espace;2261487
Key Up;Z;2261575
Key Down;Left Control;2262230
Key Down;Z;2262543
Key Up;Z;2268479
Key Up;Left Control;2269078
Key Down;Espace;2271007
Key Up;Espace;2271510
Key Down;Z;2271974
Key Down;Espace;2272663
Key Up;Z;2272766
Key Up;Espace;2273030
Key Down;Z;2273182
Key Up;Z;2275367
Key Down;Z;2282159
Key Up;Z;2282311
Key Down;Z;2287566
Key Up;Z;2287678
Key Down;Z;2288142
Key Up;Z;2288254
Key Down;Z;2288775
Key Up;Z;2288950
Key Down;Left Control;2292118
Key Down;Z;2293054
Key Up;Z;2297598
Key Up;Left Control;2297646
Key Down;Left Control;2304390
Key Up;Left Control;2311943
Key Down;X;2317030
Key Up;X;2317102
Key Down;Z;2318662
Key Up;Z;2320542
Key Down;Z;2321166
Key Up;Z;2322703
Key Down;X;2325423
Key Up;X;2325487
Key Down;Z;2326855
Key Up;Z;2327398
Key Down;Z;2328526
Key Up;Z;2332990
Key Down;D;2335095
Key Up;D;2335774
Key Down;D;2336462
Key Up;D;2336814
Key Down;Z;2337174
Key Up;Z;2337318
Key Down;Espace;2341462
Key Up;Espace;2341518
Key Down;Espace;2341630
Key Up;Espace;2341694
Key Down;Espace;2341806
Key Up;Espace;2341854
Key Down;Espace;2341982
Key Up;Espace;2342030
Key Down;Espace;2342142
Key Up;Espace;2342199
Key Down;Espace;2342303
Key Up;Espace;2342350
Key Down;Espace;2342486
Key Up;Espace;2342534
Key Down;Espace;2342638
Key Up;Espace;2342718
Key Down;Espace;2342814
Key Up;Espace;2342894
Key Down;Espace;2343006
Key Up;Espace;2343086
Key Down;Espace;2343166
Key Up;Espace;2343238
Key Down;Espace;2343318
Key Up;Espace;2343406
Key Down;Espace;2343494
Key Up;Espace;2343583
Key Down;Espace;2343671
Key Up;Espace;2343759
Key Down;F;2345630
Key Down;Z;2346902
Key Up;F;2348134
Key Up;Z;2348142
Key Down;X;2351438
Key Up;X;2351494
Key Down;Z;2352942
Key Up;Z;2353406
Key Down;Z;2354446
Key Up;Z;2363526
Key Down;Z;2366879
Key Up;Z;2367238
Key Down;Z;2369462
Key Up;Z;2369894
Key Down;Z;2371102
Key Up;Z;2371726
Key Down;Espace;2372670
Key Up;Espace;2374150
Key Down;Espace;2374294
Key Up;Espace;2374374
Key Down;Espace;2374526
Key Up;Espace;2374598
Key Down;Espace;2374702
Key Up;Espace;2374766
Key Down;Espace;2374854
Key Up;Espace;2374910
Key Down;Espace;2375006
Key Up;Espace;2375062
Key Down;Espace;2375158
Key Up;Espace;2375214
Key Down;Espace;2375318
Key Up;Espace;2375374
Key Down;Espace;2375478
Key Up;Espace;2375550
Key Down;Espace;2375646
Key Up;Espace;2375710
Key Down;Espace;2375798
Key Up;Espace;2375878
Key Down;Espace;2375966
Key Up;Espace;2376038
Key Down;Espace;2376430
Key Up;Espace;2376502
Key Down;Espace;2376606
Key Up;Espace;2376694
Key Down;Espace;2376798
Key Up;Espace;2376910
Key Down;Z;2380078
Key Up;Z;2380366
Key Down;X;2383102
Key Up;X;2383158
Key Down;X;2386638
Key Up;X;2386702
Key Down;E;2387950
Key Up;E;2388022
Key Down;Z;2388470
Key Up;Z;2388894
Key Down;Z;2397094
Key Up;Z;2397350
Key Down;X;2428078
Key Up;X;2428150
Key Down;Z;2430814
Key Up;Z;2431606
Key Down;D;2432990
Key Up;D;2433214
Key Down;D;2433910
Key Down;Z;2435302
Key Up;D;2435326
Key Up;Z;2437942
Key Down;Z;2438422
Key Up;Z;2438854
Key Down;Z;2439710
Key Up;Z;2440198
Key Down;Z;2441214
Key Up;Z;2441893
Key Down;Z;2445486
Key Up;Z;2446309
Key Down;Q;2446630
Key Up;Q;2446902
Key Down;Z;2448006
Key Up;Z;2449101
Key Down;Q;2452445
Key Up;Q;2452894
Key Down;Z;2453238
Key Up;Z;2454021
Key Down;Z;2459094
Key Up;Z;2460918
Key Down;D;2462374
Key Up;D;2462798
Key Down;Z;2463510
Key Up;Z;2464078
Key Down;Z;2464701
Key Up;Z;2465246
Key Down;Q;2465254
Key Up;Q;2465566
Key Down;Z;2466430
Key Up;Z;2467062
Key Down;Q;2468318
Key Up;Q;2468454
Key Down;Espace;2470085
Key Up;Espace;2473765
Key Down;Z;2478550
Key Up;Z;2478910
Key Down;Q;2481886
Key Up;Q;2482117
Key Down;Z;2482493
Key Up;Z;2482926
Key Down;Z;2483525
Key Up;Z;2483605
Key Down;Z;2483717
Key Up;Z;2484358
Key Down;Z;2491822
Key Up;Z;2492030
Key Down;Z;2492741
Key Up;Z;2493845
Key Down;Z;2494622
Key Up;Z;2495357
Key Down;Z;2496550
Key Up;Z;2496765
Key Down;Z;2497918
Key Up;Z;2500398
Key Down;Z;2501365
Key Up;Z;2502349
Key Down;Espace;2502966
Key Up;Espace;2503126
Key Down;Z;2512886
Key Up;Z;2513525
Key Down;Q;2514661
Key Down;Z;2515278
Key Up;Q;2515334
Key Down;Q;2516253
Key Up;Z;2516381
Key Down;Z;2516573
Key Up;Q;2516678
Key Up;Z;2519053
Key Down;F;2519621
Key Up;F;2520158
Key Down;F;2520334
Key Down;Z;2521606
Key Up;Z;2521797
Key Down;Espace;2522413
Key Up;F;2522662
Key Up;Espace;2522782
Key Down;Z;2523421
Key Up;Z;2524406
Key Down;Z;2524669
Key Down;Espace;2525190
Key Up;Espace;2526214
Key Up;Z;2529398
Key Down;Z;2530093
Key Up;Z;2530534
Key Down;Z;2530694
Key Up;Z;2530894
Key Down;Z;2533822
Key Up;Z;2534301
Key Down;Z;2534533
Key Up;Z;2534837
Key Down;Z;2535022
Key Up;Z;2547525
Key Down;Z;2571325
Key Up;Z;2572205
Key Down;X;2573805
Key Up;X;2573861
Key Down;Z;2575221
Key Up;Z;2577285
Key Down;Espace;2577390
Key Up;Espace;2577494
Key Down;Z;2580965
Key Down;Espace;2583757
Key Up;Espace;2584197
Key Down;Espace;2584718
Key Up;Espace;2586109
Key Up;Z;2587757
Key Down;Z;2588405
Key Up;Z;2591165
Key Down;Z;2591693
Key Up;Z;2593149
Key Down;Z;2593597
Key Up;Z;2594030
Key Down;Z;2594733
Key Down;Espace;2603814
Key Up;Espace;2605461
Key Up;Z;2606909
Key Down;Z;2607909
Key Up;Z;2608173
Key Down;Z;2609349
Key Down;Espace;2611358
Key Up;Z;2611438
Key Up;Espace;2611525
Key Down;Z;2611557
Key Up;Z;2611621
Key Down;Z;2615894
Key Up;Z;2616317
Key Down;Z;2617125
Key Up;Z;2617789
Key Down;Espace;2617981
Key Up;Espace;2618142
Key Down;Tab;2676789
Key Up;Tab;2676892
Key Down;Tab;2677549
Key Up;Tab;2677677
Key Down;Z;2679757
Key Down;Espace;2686125
Key Up;Espace;2688245
Key Up;Z;2690341
Key Down;Z;2690893
Key Up;Z;2692469
Key Down;Z;2694741
Key Up;Z;2695205
Key Down;Q;2695917
Key Up;Q;2696268
Key Down;Z;2696357
Key Up;Z;2696493
Key Down;Q;2696725
Key Up;Q;2696909
Key Down;Z;2697797
Key Up;Z;2697973
Key Down;F;2698909
Key Up;F;2701397
Key Down;Espace;2701892
Key Up;Espace;2702149
Key Down;Z;2703093
Key Down;Espace;2704749
Key Up;Espace;2705365
Key Up;Z;2705861
Key Down;Z;2706741
Key Up;Z;2707148
Key Down;Left Control;2708117
Key Down;Z;2708453
Key Up;Left Control;2713853
Key Up;Z;2713989
Key Down;Z;2716509
Key Up;Z;2717004
Key Down;Z;2719468
Key Up;Z;2720844
Key Down;Z;2721453
Key Up;Z;2721901
Key Down;Z;2722733
Key Down;Espace;2723045
Key Up;Espace;2724285
Key Up;Z;2724765
Key Down;Z;2724845
Key Down;Espace;2725269
Key Up;Espace;2729493
Key Up;Z;2729765
Key Down;Left Control;2730405
Key Down;Z;2730741
Key Up;Left Control;2737493
Key Down;Espace;2738308
Key Up;Espace;2748349
Key Up;Z;2748429
Key Down;Z;2750277
Key Down;Espace;2752485
Key Up;Espace;2754916
Key Up;Z;2755141
Key Down;Espace;2757045
Key Down;Z;2757253
Key Up;Espace;2759989
Key Up;Z;2762525
Key Down;Z;2763909
Key Up;Z;2765629
Key Down;F;2767165
Key Down;Espace;2767692
Key Up;Espace;2768996
Key Down;Espace;2769012
Key Up;Espace;2769100
Key Up;F;2769461
Key Down;Z;2769853
Key Down;Espace;2771141
Key Up;Espace;2771461
Key Down;Espace;2774293
Key Up;Espace;2778093
Key Up;Z;2778277
Key Down;Q;2778892
Key Up;Q;2779341
Key Down;Z;2779653
Key Up;Z;2779932
Key Down;Z;2780260
Key Up;Z;2780444
Key Down;Left Control;2781213
Key Down;Z;2781524
Key Up;Left Control;2787549
Key Up;Z;2787757
Key Down;Espace;2788125
Key Up;Espace;2788364
Key Down;Z;2788708
Key Up;Z;2789780
Key Down;Z;2790533
Key Up;Z;2794204
Key Down;Z;2794669
Key Down;Espace;2796557
Key Up;Espace;2799492
Key Up;Z;2799620
Key Down;Z;2799820
Key Down;Espace;2800317
Key Up;Espace;2804453
Key Up;Z;2804501
Key Down;Espace;2804764
Key Up;Espace;2804924
Key Down;Z;2806308
Key Up;Z;2806516
Key Down;Z;2807045
Key Up;Z;2807389
Key Down;Z;2808245
Key Down;Espace;2809516
Key Up;Espace;2812621
Key Up;Z;2812757
Key Down;Z;2816268
Key Up;Z;2816476
Key Down;Z;2817876
Key Down;Espace;2819508
Key Up;Espace;2820212
Key Down;Espace;2820772
Key Up;Espace;2833524
Key Up;Z;2833628
Key Down;Espace;2833772
Key Up;Espace;2833940
Key Down;Z;2834493
Key Up;Z;2836252
Key Down;Z;2838932
Key Up;Z;2842133
Key Down;Z;2842620
Key Up;Z;2843437
Key Down;F;2846245
Key Down;Espace;2846916
Key Up;Espace;2847477
Key Up;F;2847693
Key Down;F;2859076
Key Up;F;2861012
Key Down;Espace;2863596
Key Up;Espace;2865317
Key Down;Z;2866901
Key Up;Z;2867540
Key Down;Z;2867764
Key Up;Z;2867844
Key Down;Z;2868732
Key Up;Z;2869380
Key Down;Z;2870572
Key Up;Z;2870780
Key Down;Z;2873348
Key Up;Z;2876060
Key Down;Z;2876396
Key Down;Espace;2880901
Key Up;Espace;2891468
Key Up;Z;2891612
Key Down;Z;2892380
Key Up;Z;2892628
Key Down;F;2895989
Key Up;F;2898308
Key Down;Espace;2900092
Key Up;Espace;2903012
Key Down;E;2905156
Key Up;E;2905836
Key Down;Z;2906148
Key Up;Z;2907436
Key Down;Z;2907732
Key Up;Z;2909725
Key Down;Z;2911244
Key Up;Z;2912628
Key Down;Left Control;2913253
Key Down;Z;2913844
Key Up;Left Control;2915196
Key Up;Z;2915468
Key Down;Z;2916804
Key Up;Z;2916988
Key Down;Z;2917052
Key Up;Z;2917500
Key Down;Z;2917580
Key Up;Z;2918605
Key Down;Left Control;2919404
Key Down;Z;2919620
Key Up;Left Control;2920436
Key Up;Z;2920876
Key Down;Z;2922220
Key Down;Espace;2923612
Key Up;Espace;2925700
Key Up;Z;2925988
Key Down;Z;2926404
Key Down;Espace;2926436
Key Up;Espace;2926716
Key Down;Espace;2927476
Key Up;Espace;2929068
Key Up;Z;2929372
Key Down;Z;2933548
Key Up;Z;2933924
Key Down;Z;2934492
Key Up;Z;2937836
Key Down;Z;2938140
Key Up;Z;2941716
Key Down;Z;2944580
Key Up;Z;2944820
Key Down;Z;2945652
Key Up;Z;2947004
Key Down;Z;2947932
Key Up;Z;2948596
Key Down;Z;2951436
Key Down;Espace;2954748
Key Up;Espace;2956116
Key Up;Z;2956276
Key Down;Z;2957364
Key Up;Z;2959805
Key Down;Z;2962804
Key Up;Z;2963684
Key Down;Z;2964436
Key Up;Z;2966572
Key Down;Z;2968196
Key Up;Z;2969772
Key Down;Z;2970212
Key Up;Z;2973044
Key Down;Z;2974292
Key Up;Z;2978467
Key Down;Z;2978964
Key Up;Z;2982220
Key Down;Z;2982380
Key Up;Z;2986939
Key Down;Z;2988700
Key Up;Z;2989875
Key Down;Espace;2998059
Key Up;Espace;2998148
Key Down;Espace;2998236
Key Up;Espace;2998300
Key Down;Espace;2998404
Key Up;Espace;2998468
Key Down;Espace;2998556
Key Up;Espace;2998612
Key Down;Espace;2998708
Key Up;Espace;2998764
Key Down;Espace;2998860
Key Up;Espace;2998916
Key Down;Espace;2999012
Key Up;Espace;2999084
Key Down;Espace;2999172
Key Up;Espace;2999244
Key Down;Espace;2999339
Key Up;Espace;2999403
Key Down;Espace;2999507
Key Up;Espace;2999572
Key Down;Espace;2999716
Key Up;Espace;2999812
Key Down;Left Control;3004804
Key Down;Z;3005468
Key Up;Z;3007892
Key Down;Z;3008779
Key Up;Z;3009380
Key Down;Z;3009900
Key Up;Z;3014828
Key Down;Z;3017267
Key Up;Z;3024723
Key Down;Z;3026115
Key Up;Z;3026644
Key Down;Z;3027731
Key Up;Z;3027803
Key Down;Z;3029139
Key Up;Z;3029492
Key Down;Z;3029932
Key Up;Z;3030276
Key Down;Z;3031260
Key Up;Z;3031596
Key Down;Z;3032516
Key Up;Z;3032644
Key Down;Z;3033347
Key Up;Z;3034436
Key Down;Espace;3034619
Key Up;Espace;3034787
Key Down;Z;3036940
Key Up;Z;3037435
Key Down;Espace;3037707
Key Up;Espace;3038164
Key Down;Z;3038300
Key Up;Z;3040395
Key Down;Z;3041987
Key Up;Z;3043556
Key Down;Z;3044140
Key Up;Z;3049580
Key Down;Z;3050171
Key Up;Z;3056515
Key Down;Z;3057931
Key Down;Espace;3058596
Key Up;Z;3061708
Key Up;Left Control;3062092
Key Down;Z;3062132
Key Up;Z;3070371
Key Up;Espace;3070411
Key Down;Espace;3070636
Key Up;Espace;3070804
Key Down;Z;3076380
Key Up;Z;3078259
Key Down;Left Control;3079339
Key Down;Z;3079731
Key Up;Left Control;3081019
Key Up;Z;3081123
Key Down;Z;3082347
Key Down;Left Control;3083012
Key Up;Left Control;3084284
Key Down;D;3084828
Key Up;D;3085131
Key Down;Q;3086148
Key Up;Q;3086555
Key Up;Z;3086659
Key Down;S;3087692
Key Up;S;3087740
Key Down;D;3088059
Key Up;D;3088604
Key Down;Z;3088940
Key Up;Z;3089180
Key Down;Left Control;3089827
Key Down;Z;3090372
Key Up;Z;3091300
Key Up;Left Control;3091523
Key Down;Z;3091995
Key Up;Z;3095348
Key Down;F;3097155
Key Down;Espace;3097571
Key Up;Espace;3097827
Key Up;F;3099115
Key Down;Z;3101876
Key Up;Z;3101996
Key Down;F;3102739
Key Up;F;3104419
Key Down;Espace;3117323
Key Up;Espace;3117427
Key Down;Left Control;3122035
Key Down;Z;3123403
Key Up;Z;3124052
Key Down;Z;3125148
Key Up;Z;3125659
Key Down;Z;3127131
Key Up;Left Control;3128155
Key Down;Espace;3128547
Key Up;Z;3130195
Key Up;Espace;3130291
Key Down;E;3132172
Key Up;E;3132235
Key Down;Z;3132379
Key Up;Z;3133123
Key Down;X;3134171
Key Up;X;3134235
Key Down;Left Control;3175219
Key Up;Left Control;3175307
Key Down;Left Control;3176083
Key Up;Left Control;3177587
Key Down;Z;3191875
Key Down;Espace;3195043
Key Up;Z;3200099
Key Up;Espace;3200107
Key Down;F;3200827
Key Up;F;3201555
Key Down;Espace;3204987
Key Up;Espace;3205067
Key Down;X;3208667
Key Up;X;3208731
Key Down;E;3210523
Key Up;E;3210995
Key Down;Z;3211171
Key Up;Z;3211787
Key Down;Z;3211987
Key Down;Espace;3212939
Key Up;Espace;3217787
Key Up;Z;3217811
Key Down;Z;3218315
Key Up;Z;3219883
Key Down;Z;3223475
Key Up;Z;3224651
Key Down;Z;3226219
Key Down;Espace;3227259
Key Up;Espace;3234363
Key Up;Z;3234555
Key Down;Z;3235203
Key Down;Espace;3235947
Key Up;Espace;3239003
Key Up;Z;3239179
Key Down;Espace;3240091
Key Up;Espace;3240339
Key Down;Z;3243811
Key Down;Espace;3244499
Key Up;Espace;3251571
Key Up;Z;3251635
Key Down;Espace;3252475
Key Up;Espace;3253043
Key Down;Z;3253139
Key Up;Z;3254147
Key Down;Espace;3271891
Key Up;Espace;3271947
Key Down;Espace;3272059
Key Up;Espace;3272123
Key Down;Espace;3272227
Key Up;Espace;3272275
Key Down;Espace;3272387
Key Up;Espace;3272427
Key Down;Espace;3272531
Key Up;Espace;3272587
Key Down;Espace;3272690
Key Up;Espace;3272730
Key Down;Espace;3272851
Key Up;Espace;3272923
Key Down;Espace;3273059
Key Up;Espace;3273107
Key Down;Espace;3273219
Key Up;Espace;3273275
Key Down;Espace;3273387
Key Up;Espace;3273435
Key Down;Espace;3273547
Key Up;Espace;3273619
Key Down;Espace;3273739
Key Up;Espace;3273819
Key Down;Espace;3273931
Key Up;Espace;3274003
Key Down;Left Meta;3279547
Key Up;Left Meta;3279963
Key Down;Left Control;3285818
Key Up;Left Control;3286107
Key Down;Left Control;3288483
Key Up;Left Control;3290995
Key Down;Z;3293371
Key Up;Z;3293818
Key Down;X;3299771
Key Up;X;3299819
Key Down;Z;3301779
Key Down;Espace;3302523
Key Up;Espace;3305010
Key Up;Z;3305050
Key Down;Espace;3305467
Key Up;Espace;3305611
Key Down;X;3312731
Key Up;X;3312787
Key Down;Z;3315443
Key Up;Z;3315755
Key Down;Z;3316571
Key Up;Z;3316971
Key Down;F;3318834
Key Up;F;3321347
Key Down;Espace;3321538
Key Up;Espace;3321738
Key Down;Z;3330067
Key Down;Espace;3330466
Key Up;Espace;3331027
Key Up;Z;3331035
Key Down;Espace;3331355
Key Up;Espace;3331547
Key Down;Z;3363434
Key Up;Z;3365235
Key Down;Z;3373322
Key Up;Z;3374211
Key Down;Q;3381354
Key Up;Q;3381674
Key Down;Q;3382539
Key Up;Q;3382611
Key Down;Z;3383282
Key Up;Z;3383915
Key Down;X;3384514
Key Up;X;3384570
Key Down;Z;3386250
Key Down;D;3386451
Key Up;Z;3386666
Key Down;Z;3386746
Key Up;D;3386826
Key Up;Z;3389418
Key Down;Z;3390706
Key Up;Z;3391075
Key Down;Verrouillage des majuscules;3392451
Key Up;Verrouillage des majuscules;3392539
Key Down;Tab;3393066
Key Up;Tab;3393178
Key Down;Entrée;3399451
Key Up;Entrée;3399515
Key Down;Entrée;3402634
Key Up;Entrée;3402739
Key Down;Entrée;3404162
Key Up;Entrée;3404235
Key Down;Echap;3406634
Key Up;Echap;3406706
Key Down;Z;3411187
Key Down;Espace;3413002
Key Up;Espace;3414186
Key Down;Espace;3414907
Key Up;Espace;3415123
Key Up;Z;3415658
Key Down;Z;3416323
Key Up;Z;3418035
Key Down;Z;3418442
Key Down;Espace;3418986
Key Up;Espace;3421714
Key Up;Z;3421730
Key Down;Espace;3421962
Key Up;Espace;3422339
Key Down;Espace;3422370
Key Up;Espace;3422762
Key Down;Espace;3423371
Key Up;Espace;3423850
Key Down;Z;3424386
Key Up;Z;3431907
Key Down;Left Control;3432626
Key Down;Z;3433538
Key Up;Left Control;3434050
Key Up;Z;3434290
Key Down;Z;3434946
Key Up;Z;3436506
Key Down;Z;3437162
Key Up;Z;3437531
Key Down;Z;3438138
Key Up;Z;3438674
Key Down;Z;3439130
Key Up;Z;3441146
Key Down;Z;3443946
Key Up;Z;3446971
Key Down;Z;3450474
Key Down;Espace;3455602
Key Up;Espace;3459074
Key Down;Espace;3459362
Key Up;Espace;3462754
Key Up;Z;3463562
Key Down;Espace;3463618
Key Up;Espace;3463770
Key Down;Z;3467338
Key Up;Z;3469098
Key Down;F;3469754
Key Up;F;3471786
Key Down;F;3472306
Key Up;F;3472386
Key Down;Espace;3472666
Key Up;Espace;3472794
Key Down;Espace;3472938
Key Up;Espace;3472978
Key Down;Espace;3473154
Key Up;Espace;3473202
Key Down;D;3476802
Key Up;D;3477002
Key Down;D;3477490
Key Down;Z;3478410
Key Up;D;3478538
Key Down;Espace;3479458
Key Up;Espace;3482242
Key Up;Z;3482906
Key Down;Espace;3483714
Key Up;Espace;3483778
Key Down;Espace;3483970
Key Up;Espace;3484034
Key Down;Espace;3484186
Key Up;Espace;3484258
Key Down;Espace;3484410
Key Up;Espace;3484498
Key Down;Espace;3484715
Key Up;Espace;3484818
Key Down;Espace;3485218
Key Up;Espace;3485234
Key Down;Espace;3485338
Key Up;Espace;3485386
Key Down;Espace;3485474
Key Up;Espace;3485522
Key Down;Espace;3485602
Key Up;Espace;3485650
Key Down;Espace;3485730
Key Up;Espace;3485786
Key Down;Espace;3485858
Key Up;Espace;3485914
Key Down;Espace;3485986
Key Up;Espace;3486050
Key Down;Espace;3486123
Key Up;Espace;3486179
Key Down;Espace;3486250
Key Up;Espace;3486306
Key Down;Espace;3486378
Key Up;Espace;3486434
Key Down;Espace;3486514
Key Up;Espace;3486570
Key Down;Espace;3486642
Key Up;Espace;3486714
Key Down;Espace;3486778
Key Up;Espace;3486834
Key Down;Espace;3486914
Key Up;Espace;3486970
Key Down;Espace;3487050
Key Up;Espace;3487106
Key Down;Espace;3487178
Key Up;Espace;3487242
Key Down;Espace;3487314
Key Up;Espace;3487386
Key Down;Espace;3487458
Key Up;Espace;3487531
Key Down;Espace;3487586
Key Up;Espace;3487658
Key Down;Espace;3487731
Key Up;Espace;3487794
Key Down;Espace;3487866
Key Up;Espace;3487930
Key Down;Espace;3488002
Key Up;Espace;3488074
Key Down;Espace;3488130
Key Up;Espace;3488218
Key Down;Espace;3488290
Key Up;Espace;3488362
Key Down;Espace;3488434
Key Up;Espace;3488514
Key Down;Left Control;3489338
Key Down;Z;3490002
Key Up;Z;3490042
Key Down;Z;3490098
Key Up;Z;3493147
Key Down;Z;3493354
Key Up;Z;3494034
Key Up;Left Control;3494122
Key Down;Z;3495778
Key Down;Q;3496690
Key Up;Q;3497034
Key Down;Espace;3498258
Key Up;Espace;3499074
Key Up;Z;3500066
Key Down;F;3500538
Key Up;F;3501170
Key Down;Espace;3502067
Key Up;Espace;3502178
Key Down;Z;3502890
Key Down;Espace;3503554
Key Up;Espace;3505602
Key Up;Z;3505698
Key Down;Z;3506562
Key Up;Z;3507346
Key Down;Espace;3509522
Key Down;Z;3509970
Key Up;Espace;3510058
Key Up;Z;3511258
Key Down;F;3512538
Key Down;Z;3513609
Key Up;F;3513633
Key Up;Z;3514058
Key Down;Z;3514594
Key Up;Z;3515066
Key Down;Z;3515202
Key Down;Espace;3515786
Key Up;Espace;3515842
Key Up;Z;3516218
Key Down;Z;3517146
Key Up;Z;3517642
Key Down;Left Control;3518122
Key Down;Z;3518442
Key Up;Left Control;3522858
Key Up;Z;3522882
Key Down;Espace;3523234
Key Up;Espace;3523338
Key Down;Espace;3523465
Key Up;Espace;3523537
Key Down;Espace;3524074
Key Up;Espace;3524146
Key Down;Espace;3524250
Key Up;Espace;3524290
Key Down;Espace;3524410
Key Up;Espace;3524458
Key Down;Espace;3524570
Key Up;Espace;3524610
Key Down;Espace;3524730
Key Up;Espace;3524770
Key Down;Espace;3524881
Key Up;Espace;3524929
Key Down;Espace;3525042
Key Up;Espace;3525090
Key Down;Espace;3525202
Key Up;Espace;3525250
Key Down;Espace;3525354
Key Up;Espace;3525410
Key Down;Espace;3525530
Key Up;Espace;3525594
Key Down;Espace;3525778
Key Up;Espace;3525826
Key Down;Espace;3525954
Key Up;Espace;3526002
Key Down;Espace;3526122
Key Up;Espace;3526170
Key Down;Espace;3526289
Key Up;Espace;3526345
Key Down;Espace;3526458
Key Up;Espace;3526530
Key Down;Z;3527218
Key Up;Z;3527682
Key Down;Z;3527850
Key Up;Z;3528194
Key Down;Z;3528362
Key Up;Z;3528554
Key Down;Z;3528730
Key Up;Z;3528874
Key Down;Z;3529306
Key Up;Z;3529458
Key Down;Z;3530434
Key Down;Espace;3533474
Key Up;Z;3533538
Key Up;Espace;3533634
Key Down;Espace;3533850
Key Up;Espace;3533906
Key Down;Espace;3534018
Key Up;Espace;3534066
Key Down;Espace;3534178
Key Up;Espace;3534218
Key Down;Espace;3534330
Key Up;Espace;3534370
Key Down;Espace;3534506
Key Up;Espace;3534570
Key Down;Espace;3534698
Key Up;Espace;3534737
Key Down;Espace;3534857
Key Up;Espace;3534906
Key Down;Espace;3535010
Key Up;Espace;3535066
Key Down;Espace;3535178
Key Up;Espace;3535234
Key Down;Espace;3535330
Key Up;Espace;3535410
Key Down;Espace;3535506
Key Up;Espace;3535586
Key Down;Espace;3535674
Key Up;Espace;3535778
Key Down;Espace;3535882
Key Up;Espace;3535978
Key Down;Espace;3536082
Key Up;Espace;3536169
Key Down;Espace;3536274
Key Up;Espace;3536362
Key Down;Espace;3536450
Key Up;Espace;3536546
Key Down;Espace;3536626
Key Up;Espace;3536722
Key Down;Espace;3536802
Key Up;Espace;3536882
Key Down;Espace;3536978
Key Up;Espace;3537058
Key Down;Espace;3537154
Key Up;Espace;3537226
Key Down;Espace;3537330
Key Up;Espace;3537426
Key Down;Espace;3537786
Key Up;Espace;3537850
Key Down;Espace;3537970
Key Up;Espace;3538042
Key Down;Q;3539130
Key Up;Q;3539410
Key Down;D;3540810
Key Up;D;3541234
Key Down;Left Control;3541905
Key Down;Z;3542202
Key Up;Z;3544170
Key Up;Left Control;3544194
Key Down;Espace;3544522
Key Up;Espace;3544641
Key Down;Z;3547369
Key Up;Z;3550146
Key Down;Z;3550850
Key Down;Espace;3552610
Key Up;Espace;3553506
Key Up;Z;3554258
Key Down;Espace;3554962
Key Down;Z;3555010
Key Up;Z;3555218
Key Down;Z;3555626
Key Up;Espace;3556057
Key Up;Z;3560873
Key Down;Espace;3580498
Key Up;Espace;3580961
Key Down;Z;3585522
Key Up;Z;3585634
Key Down;Q;3585866
Key Up;Q;3586506
Key Down;Z;3587114
Key Up;Z;3587457
Key Down;Z;3587713
Key Up;Z;3588138
Key Down;Espace;3589314
Key Up;Espace;3590090
Key Down;D;3629002
Key Down;Z;3629617
Key Up;D;3629713
Key Down;D;3630202
Key Up;D;3630434
Key Up;Z;3630849
Key Down;X;3632113
Key Up;X;3632169
Key Down;Z;3634041
Key Up;Z;3634418
Key Down;Z;3635433
Key Down;Q;3636090
Key Up;Q;3636481
Key Up;Z;3638249
Key Down;Z;3639201
Key Down;Espace;3640114
Key Up;Espace;3641226
Key Up;Z;3641298
Key Down;Z;3644210
Key Down;Espace;3645250
Key Up;Espace;3647082
Key Up;Z;3647281
Key Down;Z;3647785
Key Down;Espace;3648482
Key Up;Espace;3650794
Key Up;Z;3650874
Key Down;Z;3651777
Key Down;Espace;3653641
Key Up;Espace;3653922
Key Up;Z;3654170
Key Down;Espace;3655346
Key Up;Espace;3655482
Key Down;D;3679001
Key Up;D;3680145
Key Down;Z;3680569
Key Down;D;3681066
Key Up;Z;3681098
Key Up;D;3682418
Key Down;Z;3682793
Key Down;Q;3682969
Key Up;Z;3682993
Key Down;Z;3683354
Key Up;Q;3683386
Key Up;Z;3684457
Key Down;D;3688625
Key Up;D;3689146
Key Down;Z;3689178
Key Up;Z;3689561
Key Down;Q;3694770
Key Up;Q;3695177
Key Down;Z;3695281
Key Up;Z;3695722
Key Down;Z;3696281
Key Up;Z;3696449
Key Down;Tab;3708025
Key Up;Tab;3708162
Key Down;Tab;3717321
Key Up;Tab;3717465
Key Down;D;3719450
Key Down;Z;3720233
Key Up;D;3720241
Key Down;Q;3721129
Key Up;Q;3721657
Key Up;Z;3723818
Key Down;Tab;3724417
Key Up;Tab;3724481
Key Down;Echap;3730441
Key Up;Echap;3730513
Key Down;Tab;3731793
Key Up;Tab;3731857
Key Down;Z;3733481
Key Up;Z;3742041
Key Down;Tab;3743249
Key Up;Tab;3743313
Key Down;Echap;3746745
Key Up;Echap;3746809
Key Down;Tab;3747177
Key Up;Tab;3747322
Key Down;F;3750249
Key Up;F;3750337
Key Down;Z;3756873
Key Up;Z;3757121
Key Down;Z;3759305
Key Up;Z;3759505
Key Down;Espace;3760201
Key Up;Espace;3760393
Key Down;Z;3760857
Key Up;Z;3761025
Key Down;Espace;3761833
Key Up;Espace;3762241
Key Down;Espace;3763009
Key Up;Espace;3763129
Key Down;F;3765849
Key Up;F;3767289
Key Down;Espace;3768369
Key Up;Espace;3768553
Key Down;Z;3769921
Key Down;Espace;3770545
Key Up;Espace;3773001
Key Up;Z;3773041
Key Down;Espace;3773441
Key Up;Espace;3773577
Key Down;Z;3778721
Key Up;Z;3779689
Key Down;Espace;3782785
Key Up;Espace;3783657
Key Down;Z;3783729
Key Down;Espace;3784401
Key Up;Espace;3790321
Key Up;Z;3790409
Key Down;Z;3790993
Key Down;Espace;3791785
Key Up;Espace;3793177
Key Up;Z;3793385
Key Down;Espace;3793545
Key Down;Z;3794033
Key Up;Espace;3794065
Key Down;Espace;3794633
Key Up;Espace;3795529
Key Down;Espace;3795737
Key Up;Espace;3796969
Key Down;Espace;3797265
Key Up;Espace;3797417
Key Down;Espace;3797625
Key Up;Espace;3797753
Key Down;Espace;3797897
Key Up;Espace;3797993
Key Up;Z;3798137
Key Down;Z;3799089
Key Down;Espace;3799497
Key Up;Espace;3831433
Key Down;Espace;3831657
Key Up;Espace;3869993
Key Up;Z;3870281
Key Down;Z;3870512
Key Up;Z;3870720
Key Down;Espace;3871920
Key Down;Z;3872184
Key Up;Espace;3872224
Key Up;Z;3872649
Key Down;Z;3896385
Key Up;Z;3896705
Key Down;Z;3897113
Key Up;Z;3898241
Key Down;Z;3898728
Key Up;Z;3902337
Key Down;Z;3902521
Key Up;Z;3906104
Key Down;Z;3910344
Key Down;Espace;3913425
Key Up;Espace;3914081
Key Down;Espace;3918121
Key Up;Espace;3918416
Key Down;Espace;3918672
Key Up;Espace;3918784
Key Down;Espace;3918977
Key Up;Espace;3919121
Key Up;Z;3943760
Key Down;Z;3945865
Key Up;Z;3951664
Key Down;Echap;3958496
Key Up;Echap;3958568
Key Down;D;4101224
Key Down;Z;4101256
Key Up;Z;4101616
Key Up;D;4101656
Key Down;Z;4102784
Key Up;Z;4103160
Key Down;Z;4107520
Key Down;Espace;4110296
Key Up;Espace;4110456
Key Up;Z;4110496
Key Down;Z;4116504
Key Down;Espace;4120951
Key Up;Espace;4122120
Key Up;Z;4122152
Key Down;Z;4124040
Key Up;Z;4128024
Key Down;X;4129320
Key Up;X;4129384
Key Down;X;4129831
Key Up;X;4130048
Key Down;X;4130344
Key Up;X;4130480
Key Down;Z;4131704
Key Up;Z;4132711
Key Down;Z;4142184
Key Down;Espace;4143528
Key Up;Espace;4148128
Key Up;Z;4148327
Key Down;D;4163240
Key Up;D;4163320
Key Down;D;4163424
Key Up;D;4163512
Key Down;D;4167640
Key Down;Espace;4168215
Key Up;D;4171143
Key Up;Espace;4171191
Key Down;W;4171872
Key Up;W;4172279
Key Down;Q;4174984
Key Up;Q;4175127
Key Down;Q;4175824
Key Up;Q;4175928
Key Down;D;4176591
Key Up;D;4176679
Key Down;D;4183904
Key Down;Espace;4184328
Key Up;D;4187247
Key Up;Espace;4187255
Key Down;D;4199607
Key Up;D;4200144
Key Down;Q;4200551
Key Up;Q;4200775
Key Down;D;4201304
Key Up;D;4201496
Key Down;D;4201959
Key Up;D;4202087
Key Down;Espace;4203311
Key Up;Espace;4204088
Key Down;D;4204360
Key Down;Espace;4204703
Key Up;Espace;4207391
Key Up;D;4207407
Key Down;D;4215815
Key Down;Espace;4215959
Key Up;D;4219544
Key Up;Espace;4219552
Key Down;D;4233295
Key Up;D;4233687
Key Down;D;4237168
Key Down;Espace;4237320
Key Up;D;4240048
Key Up;Espace;4240080
Key Down;Espace;4240215
Key Up;Espace;4240415
Key Down;D;4257176
Key Down;Espace;4257184
Key Up;D;4260871
Key Up;Espace;4260879
Key Down;D;4276999
Key Up;D;4277688
Key Down;D;4281527
Key Down;Espace;4281656
Key Up;Espace;4284584
Key Up;D;4284656
Key Down;Q;4285071
Key Up;Q;4285575
Key Down;D;4303391
Key Down;Espace;4303423
Key Up;Espace;4306591
Key Up;D;4306623
Key Down;D;4324671
Key Up;D;4324767
Key Down;Q;4325311
Key Up;Q;4325663
Key Down;D;4326519
Key Up;D;4326615
Key Down;Espace;4341480
Key Up;Espace;4341535
Key Down;Espace;4341671
Key Up;Espace;4341719
Key Down;Espace;4341831
Key Up;Espace;4341887
Key Down;Espace;4341999
Key Up;Espace;4342055
Key Down;Espace;4342175
Key Up;Espace;4342223
Key Down;Espace;4342335
Key Up;Espace;4342383
Key Down;Espace;4342487
Key Up;Espace;4342535
Key Down;Espace;4342647
Key Up;Espace;4342695
Key Down;Espace;4342823
Key Up;Espace;4342880
Key Down;Espace;4343055
Key Up;Espace;4343079
Key Down;Espace;4343223
Key Up;Espace;4343247
Key Down;Espace;4356311
Key Up;Espace;4356319
Key Down;Espace;4356638
Key Up;Espace;4356671
Key Down;Espace;4356823
Key Up;Espace;4356855
Key Down;Espace;4357831
Key Up;Espace;4357887
Key Down;Espace;4358007
Key Up;Espace;4358071
Key Down;Espace;4358183
Key Up;Espace;4358255
Key Down;Espace;4358343
Key Up;Espace;4358607
Key Down;Espace;4358719
Key Up;Espace;4358783
Key Down;Espace;4358871
Key Up;Espace;4358967
Key Down;Espace;4359047
Key Up;Espace;4359127
Key Down;Espace;4359207
Key Up;Espace;4359295
Key Down;Espace;4359359
Key Up;Espace;4359439
Key Down;Espace;4359519
Key Up;Espace;4359591
Key Down;Espace;4359671
Key Up;Espace;4359751
Key Down;Espace;4359847
Key Up;Espace;4359927
Key Down;Espace;4360055
Key Up;Espace;4360135
Key Down;Espace;4360231
Key Up;Espace;4360311
Key Down;Espace;4360423
Key Up;Espace;4360503
Key Down;Espace;4360615
Key Up;Espace;4360688
Key Down;Espace;4360791
Key Up;Espace;4360863
Key Down;Espace;4360959
Key Up;Espace;4361055
Key Down;Espace;4361167
Key Up;Espace;4361255
Key Down;Espace;4361367
Key Up;Espace;4361447
Key Down;Espace;4361559
Key Up;Espace;4361647
Key Down;Espace;4361775
Key Up;Espace;4361847
Key Down;Espace;4361975
Key Up;Espace;4362047
Key Down;Espace;4362167
Key Up;Espace;4362255
Key Down;Espace;4362407
Key Up;Espace;4362487
Key Down;Espace;4362607
Key Up;Espace;4362687
Key Down;Espace;4362799
Key Up;Espace;4362887
Key Down;Espace;4362999
Key Up;Espace;4363095
Key Down;Espace;4363215
Key Up;Espace;4363319
Key Down;Espace;4363471
Key Up;Espace;4363575
Key Down;Espace;4363686
Key Up;Espace;4363751
Key Down;Espace;4363879
Key Up;Espace;4363951
Key Down;Espace;4364055
Key Up;Espace;4364127
Key Down;Espace;4364231
Key Up;Espace;4364311
Key Down;Espace;4364439
Key Up;Espace;4364519
Key Down;Espace;4364647
Key Up;Espace;4364735
Key Down;Espace;4364887
Key Up;Espace;4364991
Key Down;Espace;4365118
Key Up;Espace;4365183
Key Down;Espace;4365303
Key Up;Espace;4365383
Key Down;Espace;4365495
Key Up;Espace;4365591
Key Down;Espace;4365719
Key Up;Espace;4365815
Key Down;Espace;4365951
Key Up;Espace;4366047
Key Down;Espace;4366159
Key Up;Espace;4366263
Key Down;Espace;4366375
Key Up;Espace;4366478
Key Down;Espace;4366599
Key Up;Espace;4366703
Key Down;Espace;4366799
Key Up;Espace;4366903
Key Down;Espace;4367039
Key Up;Espace;4367111
Key Down;Espace;4367239
Key Up;Espace;4367327
Key Down;Espace;4367439
Key Up;Espace;4367511
Key Down;Espace;4367631
Key Up;Espace;4367719
Key Down;Espace;4367839
Key Up;Espace;4367918
Key Down;Espace;4368031
Key Up;Espace;4368119
Key Down;Espace;4368231
Key Up;Espace;4368343
Key Down;Espace;4368455
Key Up;Espace;4368567
Key Down;Espace;4368703
Key Up;Espace;4368799
Key Down;Espace;4368903
Key Up;Espace;4368991
Key Down;Espace;4369103
Key Up;Espace;4369191
Key Down;Espace;4369310
Key Up;Espace;4369391
Key Down;Espace;4369495
Key Up;Espace;4369599
Key Down;Espace;4369719
Key Up;Espace;4369791
Key Down;Espace;4369903
Key Up;Espace;4369983
Key Down;Espace;4374783
Key Up;Espace;4374847
Key Down;Espace;4374950
Key Up;Espace;4375014
Key Down;Espace;4375119
Key Up;Espace;4375183
Key Down;Espace;4375271
Key Up;Espace;4375359
Key Down;Espace;4375439
Key Up;Espace;4375551
Key Down;Espace;4375647
Key Up;Espace;4375743
Key Down;Espace;4375991
Key Up;Espace;4376031
Key Down;Espace;4376119
Key Up;Espace;4376167
Key Down;Espace;4376255
Key Up;Espace;4376303
Key Down;Espace;4376390
Key Up;Espace;4376438
Key Down;Espace;4376527
Key Up;Espace;4376583
Key Down;Espace;4376671
Key Up;Espace;4376743
Key Down;Espace;4376799
Key Up;Espace;4376871
Key Down;Espace;4376967
Key Up;Espace;4377015
Key Down;Espace;4377111
Key Up;Espace;4377167
Key Down;Espace;4377239
Key Up;Espace;4377303
Key Down;Espace;4377423
Key Up;Espace;4377463
Key Down;Espace;4377575
Key Up;Espace;4377631
Key Down;Espace;4377742
Key Up;Espace;4377791
Key Down;Espace;4377879
Key Up;Espace;4377943
Key Down;Espace;4378039
Key Up;Espace;4378119
Key Down;Espace;4378199
Key Up;Espace;4378287
Key Down;Espace;4378327
Key Up;Espace;4378447
Key Down;Espace;4378527
Key Up;Espace;4378607
Key Down;Espace;4378679
Key Up;Espace;4378751
Key Down;Espace;4378831
Key Up;Espace;4378911
Key Down;Espace;4378991
Key Up;Espace;4379063
Key Down;Espace;4379111
Key Up;Espace;4379214
Key Down;Espace;4379311
Key Up;Espace;4379359
Key Down;Espace;4379447
Key Up;Espace;4379503
Key Down;Espace;4382119
Key Up;Espace;4382167
Key Down;Espace;4382279
Key Up;Espace;4382351
Key Down;Espace;4382455
Key Up;Espace;4382543
Key Down;Espace;4382631
Key Up;Espace;4382687
Key Down;Espace;4382783
Key Up;Espace;4382847
Key Down;Espace;4382919
Key Up;Espace;4382983
Key Down;Espace;4383079
Key Up;Espace;4383151
Key Down;Espace;4383223
Key Up;Espace;4383279
Key Down;Espace;4383358
Key Up;Espace;4383423
Key Down;Espace;4383510
Key Up;Espace;4383567
Key Down;Espace;4383655
Key Up;Espace;4383719
Key Down;Espace;4383807
Key Up;Espace;4383863
Key Down;Espace;4383959
Key Up;Espace;4384023
Key Down;Espace;4384103
Key Up;Espace;4384175
Key Down;Espace;4384255
Key Up;Espace;4384311
Key Down;Espace;4384407
Key Up;Espace;4384463
Key Down;Espace;4384551
Key Up;Espace;4384631
Key Down;Espace;4384679
Key Up;Espace;4385519
Key Down;Espace;4385623
Key Up;Espace;4385695
Key Down;Espace;4385783
Key Up;Espace;4385847
Key Down;Espace;4385943
Key Up;Espace;4385999
Key Down;Espace;4386095
Key Up;Espace;4386167
Key Down;Espace;4386238
Key Up;Espace;4386302
Key Down;Espace;4386399
Key Up;Espace;4386455
Key Down;Espace;4386559
Key Up;Espace;4386615
Key Down;Espace;4386711
Key Up;Espace;4386767
Key Down;Espace;4386871
Key Up;Espace;4386911
Key Down;Espace;4387031
Key Up;Espace;4387079
Key Down;Espace;4387183
Key Up;Espace;4387239
Key Down;Espace;4387327
Key Up;Espace;4387399
Key Down;Espace;4387503
Key Up;Espace;4387535
Key Down;Espace;4387646
Key Up;Espace;4387702
Key Down;Espace;4387807
Key Up;Espace;4387871
Key Down;Espace;4387975
Key Up;Espace;4388015
Key Down;Espace;4388127
Key Up;Espace;4388183
Key Down;Espace;4388295
Key Up;Espace;4388343
Key Down;Espace;4388447
Key Up;Espace;4388519
Key Down;Espace;4388607
Key Up;Espace;4388663
Key Down;Espace;4388767
Key Up;Espace;4388831
Key Down;Espace;4388934
Key Up;Espace;4388998
Key Down;Espace;4389103
Key Up;Espace;4389159
Key Down;Espace;4389279
Key Up;Espace;4389327
Key Down;Espace;4389439
Key Up;Espace;4389503
Key Down;Espace;4389599
Key Up;Espace;4389663
Key Down;Espace;4389751
Key Up;Espace;4389823
Key Down;Espace;4389911
Key Up;Espace;4389983
Key Down;Espace;4390087
Key Up;Espace;4390143
Key Down;Espace;4390255
Key Up;Espace;4390326
Key Down;Espace;4390438
Key Up;Espace;4390511
Key Down;Espace;4390615
Key Up;Espace;4390687
Key Down;Espace;4390807
Key Up;Espace;4390855
Key Down;Espace;4390967
Key Up;Espace;4391031
Key Down;Espace;4391143
Key Up;Espace;4391199
Key Down;Espace;4391343
Key Up;Espace;4391375
Key Down;Espace;4391495
Key Up;Espace;4391551
Key Down;Espace;4391663
Key Up;Espace;4391734
Key Down;Espace;4391838
Key Up;Espace;4391903
Key Down;Espace;4392015
Key Up;Espace;4392087
Key Down;Espace;4392207
Key Up;Espace;4392263
Key Down;Espace;4392375
Key Up;Espace;4392439
Key Down;Espace;4392567
Key Up;Espace;4392623
Key Down;Espace;4392751
Key Up;Espace;4392799
Key Down;Espace;4392919
Key Up;Espace;4392991
Key Down;Espace;4393095
Key Up;Espace;4393174
Key Down;Espace;4393278
Key Up;Espace;4393343
Key Down;Espace;4393471
Key Up;Espace;4393519
Key Down;Espace;4393639
Key Up;Espace;4393695
Key Down;Espace;4393823
Key Up;Espace;4393871
Key Down;Espace;4393983
Key Up;Espace;4394039
Key Down;Espace;4394167
Key Up;Espace;4394231
Key Down;Espace;4394359
Key Up;Espace;4394423
Key Down;Espace;4394534
Key Up;Espace;4394606
Key Down;Espace;4394727
Key Up;Espace;4394775
Key Down;Espace;4394895
Key Up;Espace;4394943
Key Down;Espace;4395071
Key Up;Espace;4395127
Key Down;Espace;4395247
Key Up;Espace;4395319
Key Down;Espace;4395415
Key Up;Espace;4395463
Key Down;Espace;4395591
Key Up;Espace;4395647
Key Down;Espace;4395759
Key Up;Espace;4395839
Key Down;Espace;4395958
Key Up;Espace;4396030
Key Down;Espace;4396135
Key Up;Espace;4396239
Key Down;Espace;4396351
Key Up;Espace;4396431
Key Down;Espace;4396567
Key Up;Espace;4396623
Key Down;Espace;4396751
Key Up;Espace;4396823
Key Down;Espace;4396951
Key Up;Espace;4397031
Key Down;Espace;4397151
Key Up;Espace;4397231
Key Down;Espace;4397350
Key Up;Espace;4397422
Key Down;Espace;4397551
Key Up;Espace;4397639
Key Down;Espace;4397767
Key Up;Espace;4397847
Key Down;Espace;4397975
Key Up;Espace;4398063
Key Down;Espace;4398191
Key Up;Espace;4398263
Key Down;Espace;4398391
Key Up;Espace;4398455
Key Down;Espace;4398591
Key Up;Espace;4398671
Key Down;Espace;4398798
Key Up;Espace;4398878
Key Down;Espace;4398991
Key Up;Espace;4399047
Key Down;Espace;4399151
Key Up;Espace;4399199
Key Down;Echap;4405215
Key Up;Echap;4405279
Key Down;Espace;4409967
Key Up;Espace;4410031
Key Down;Espace;4410151
Key Up;Espace;4410199
Key Down;Espace;4410319
Key Up;Espace;4410399
Key Down;Espace;4410487
Key Up;Espace;4410574
Key Down;Espace;4410678
Key Up;Espace;4410767
Key Down;Espace;4410855
Key Up;Espace;4410983
Key Down;Espace;4411079
Key Up;Espace;4411183
Key Down;Espace;4411271
Key Up;Espace;4411359
Key Down;Espace;4411463
Key Up;Espace;4411575
Key Down;Espace;4411655
Key Up;Espace;4411767
Key Down;Espace;4411855
Key Up;Espace;4411958
Key Down;Espace;4412054
Key Up;Espace;4412183
Key Down;Espace;4412271
Key Up;Espace;4412375
Key Down;Espace;4412471
Key Up;Espace;4412575
Key Down;Espace;4412663
Key Up;Espace;4412783
Key Down;Espace;4412871
Key Up;Espace;4412983
Key Down;Espace;4413071
Key Up;Espace;4413183
Key Down;Espace;4413271
Key Up;Espace;4413398
Key Down;Espace;4413510
Key Up;Espace;4413639
Key Down;Espace;4413767
Key Up;Espace;4413903
Key Down;Echap;4418895
Key Up;Echap;4418942
Key Down;Echap;4423671
Key Up;Echap;4423727
Key Down;Espace;4425015
Key Up;Espace;4425103
Key Down;Espace;4425223
Key Up;Espace;4425279
Key Down;Espace;4425391
Key Up;Espace;4425463
Key Down;Espace;4425599
Key Up;Espace;4425679
Key Down;Espace;4425807
Key Up;Espace;4425879
Key Down;Espace;4434742
Key Up;Espace;4434806
Key Down;Espace;4434903
Key Up;Espace;4434967
Key Down;Espace;4435063
Key Up;Espace;4435103
Key Down;Espace;4435199
Key Up;Espace;4435263
Key Down;Espace;4435351
Key Up;Espace;4435423
Key Down;Espace;4435503
Key Up;Espace;4435583
Key Down;Espace;4435679
Key Up;Espace;4435743
Key Down;Espace;4435838
Key Up;Espace;4435910
Key Down;Espace;4436006
Key Up;Espace;4436078
Key Down;Espace;4436174
Key Up;Espace;4436247
Key Down;Espace;4436359
Key Up;Espace;4436415
Key Down;Espace;4436519
Key Up;Espace;4436599
Key Down;Espace;4436687
Key Up;Espace;4436775
Key Down;Espace;4436863
Key Up;Espace;4436951
Key Down;Espace;4437023
Key Up;Espace;4437111
Key Down;Espace;4437199
Key Up;Espace;4437294
Key Down;Espace;4437366
Key Up;Espace;4437462
Key Down;Espace;4437566
Key Up;Espace;4437639
Key Down;Espace;4437735
Key Up;Espace;4437815
Key Down;Espace;4437911
Key Up;Espace;4437991
Key Down;Espace;4438095
Key Up;Espace;4438167
Key Down;Espace;4438279
Key Up;Espace;4438359
Key Down;Espace;4438463
Key Up;Espace;4438535
Key Down;Espace;4438639
Key Up;Espace;4438694
Key Down;Espace;4438790
Key Up;Espace;4438854
Key Down;Espace;4438950
Key Up;Espace;4439014
Key Down;D;4446790
Key Up;D;4447543
Key Down;D;4447759
Key Up;D;4448190
Key Down;D;4448374
Key Down;Z;4448398
Key Up;Z;4448406
Key Down;Espace;4448623
Key Up;D;4449630
Key Up;Espace;4449774
Key Down;D;4450103
Key Up;D;4450399
Key Down;D;4450439
Key Down;Q;4450527
Key Up;D;4450639
Key Down;D;4450679
Key Up;Q;4450799
Key Up;D;4451062
Key Down;Espace;4451142
Key Up;Espace;4451254
Key Down;Espace;4451575
Key Up;Espace;4451655
Key Down;Espace;4451767
Key Up;Espace;4451831
Key Down;Espace;4451951
Key Up;Espace;4452015
Key Down;Espace;4452127
Key Up;Espace;4452191
Key Down;Espace;4452310
Key Up;Espace;4452390
Key Down;Espace;4452494
Key Up;Espace;4452582
Key Down;Espace;4452694
Key Up;Espace;4452774
Key Down;Espace;4452911
Key Up;Espace;4452983
Key Down;Espace;4453111
Key Up;Espace;4453183
Key Down;Espace;4453327
Key Up;Espace;4453383
Key Down;Espace;4453519
Key Up;Espace;4453583
Key Down;Espace;4453734
Key Up;Espace;4453782
Key Down;Espace;4453934
Key Up;Espace;4453998
Key Down;Espace;4454150
Key Up;Espace;4454215
Key Down;Espace;4454359
Key Up;Espace;4454431
Key Down;Espace;4454559
Key Up;Espace;4454631
Key Down;Espace;4454759
Key Up;Espace;4454847
Key Down;Espace;4454983
Key Up;Espace;4455063
Key Down;Espace;4455174
Key Up;Espace;4455254
Key Down;Espace;4455374
Key Up;Espace;4455446
Key Down;Espace;4455566
Key Up;Espace;4455631
Key Down;Espace;4455759
Key Up;Espace;4455847
Key Down;Espace;4455999
Key Up;Espace;4456063
Key Down;Espace;4456207
Key Up;Espace;4456287
Key Down;Espace;4456407
Key Up;Espace;4456471
Key Down;Espace;4456606
Key Up;Espace;4456670
Key Down;Espace;4456806
Key Up;Espace;4456886
Key Down;Espace;4457006
Key Up;Espace;4457087
Key Down;Espace;4457207
Key Up;Espace;4457271
Key Down;Espace;4457391
Key Up;Espace;4457471
Key Down;Echap;4467071
Key Up;Echap;4467127
Key Down;D;4487638
Key Up;D;4487919
Key Down;D;4488423
Key Up;D;4488511
Key Down;Espace;4494846
Key Down;D;4495007
Key Up;D;4498047
Key Up;Espace;4498055
Key Down;Z;4498463
Key Up;Z;4498534
Key Down;Q;4498686
Key Up;Q;4499142
Key Down;D;4500054
Key Up;D;4500190
Key Down;D;4500783
Key Up;D;4500855
Key Down;Espace;4506687
Key Up;Espace;4506759
Key Down;Espace;4506863
Key Up;Espace;4506911
Key Down;Espace;4507038
Key Up;Espace;4507102
Key Down;Espace;4507214
Key Up;Espace;4507262
Key Down;Espace;4507382
Key Up;Espace;4507438
Key Down;Espace;4507558
Key Up;Espace;4507614
Key Down;Espace;4507743
Key Up;Espace;4507799
Key Down;Espace;4507919
Key Up;Espace;4507974
Key Down;Espace;4508094
Key Up;Espace;4508142
Key Down;Espace;4508270
Key Up;Espace;4508318
Key Down;Espace;4508478
Key Up;Espace;4508558
Key Down;D;4518342
Key Down;Espace;4518382
Key Up;D;4520015
Key Up;Espace;4520023
Key Down;Q;4520359
Key Up;Q;4520678
Key Down;D;4521198
Key Up;D;4521326
Key Down;Espace;4527447
Key Up;Espace;4527558
Key Down;Espace;4527694
Key Up;Espace;4527742
Key Down;Espace;4527862
Key Up;Espace;4527934
Key Down;Espace;4528054
Key Up;Espace;4528110
Key Down;Espace;4528230
Key Up;Espace;4528286
Key Down;Espace;4528415
Key Up;Espace;4528455
Key Down;Espace;4528583
Key Up;Espace;4528615
Key Down;Espace;4528743
Key Up;Espace;4528791
Key Down;Espace;4528919
Key Up;Espace;4528958
Key Down;Espace;4529110
Key Up;Espace;4529142
Key Down;Espace;4529310
Key Up;Espace;4529326
Key Down;D;4537679
Key Down;Espace;4537823
Key Up;Espace;4540254
Key Up;D;4540262
Key Down;D;4544903
Key Down;Espace;4544999
Key Up;Espace;4547478
Key Down;Espace;4547663
Key Up;Espace;4548294
Key Up;D;4548302
Key Down;Espace;4549590
Key Down;D;4549598
Key Up;Espace;4549766
Key Up;D;4549774
Key Down;Z;4550830
Key Down;Q;4551710
Key Up;Q;4552310
Key Down;Q;4553878
Key Up;Q;4554166
Key Down;Espace;4554486
Key Down;Q;4555798
Key Up;Q;4555886
Key Up;Espace;4557102
Key Up;Z;4557134
Key Down;Q;4558078
Key Up;Q;4558246
Key Down;Z;4558822
Key Up;Z;4559047
Key Down;Z;4561158
Key Up;Z;4561783
Key Down;D;4564142
Key Up;D;4564454
Key Down;Z;4564934
Key Up;Z;4564982
Key Down;Q;4566886
Key Down;S;4567958
Key Up;Q;4567998
Key Up;S;4571711
Key Down;Q;4571823
Key Up;Q;4572222
Key Down;Z;4573366
Key Down;Q;4574110
Key Up;Z;4574150
Key Up;Q;4574958
Key Down;Z;4574982
Key Up;Z;4575086
Key Down;Q;4575382
Key Down;Z;4575614
Key Up;Q;4575622
Key Up;Z;4577102
Key Down;D;4577110
Key Up;D;4577263
Key Down;D;4577958
Key Up;D;4578110
Key Down;D;4578703
Key Down;Z;4579534
Key Up;D;4579622
Key Down;D;4579750
Key Up;Z;4579990
Key Up;D;4580566
Key Down;Z;4581526
Key Up;Z;4581806
Key Down;Q;4582102
Key Up;Q;4582631
Key Down;Z;4582894
Key Up;Z;4583086
Key Down;D;4584198
Key Up;D;4584334
Key Down;D;4588814
Key Down;Espace;4589246
Key Up;Espace;4589846
Key Down;Z;4590110
Key Down;Espace;4590390
Key Up;Z;4590590
Key Down;Z;4590726
Key Up;Z;4591254
Key Up;Espace;4592022
Key Up;D;4592118
Key Down;Espace;4592662
Key Up;Espace;4592862
Key Down;D;4593134
Key Down;Espace;4594038
Key Up;Espace;4594326
Key Up;D;4594438
Key Down;D;4606318
Key Down;Espace;4606519
Key Up;Espace;4608630
Key Up;D;4608638
Key Down;D;4609294
Key Down;S;4609854
Key Up;D;4609910
Key Up;S;4613862
Key Down;S;4616006
Key Up;S;4616214
Key Down;D;4617191
Key Up;D;4617358
Key Down;D;4618366
Key Up;D;4619142
Key Down;Z;4619390
Key Up;Z;4619550
Key Down;D;4620670
Key Up;D;4621014
Key Down;Z;4621046
Key Up;Z;4621718
Key Down;D;4622046
Key Up;D;4622318
Key Down;Q;4623238
Key Up;Q;4623398
Key Down;Z;4624110
Key Up;Z;4624350
Key Down;D;4624774
Key Up;D;4624926
Key Down;Espace;4626014
Key Down;D;4626078
Key Up;D;4627262
Key Up;Espace;4627326
Key Down;Z;4627566
Key Up;Z;4627742
Key Down;Z;4629126
Key Up;Z;4629414
Key Down;Espace;4629606
Key Up;Espace;4629798
Key Down;Z;4630422
Key Up;Z;4630550
Key Down;Z;4631086
Key Up;Z;4631718
Key Down;D;4632606
Key Up;D;4633382
Key Down;Z;4634038
Key Up;Z;4634142
Key Down;Espace;4635422
Key Up;Espace;4635590
Key Down;D;4635934
Key Up;D;4636054
Key Down;Espace;4636638
Key Up;Espace;4637686
Key Down;D;4638222
Key Up;D;4638773
Key Down;D;4639014
Key Up;D;4639230
Key Down;Z;4639950
Key Up;Z;4640102
Key Down;D;4643678
Key Up;D;4643766
Key Down;Q;4644366
Key Up;Q;4644654
Key Down;Z;4645206
Key Up;Z;4645366
Key Down;D;4650198
Key Down;Espace;4650334
Key Up;Espace;4652054
Key Up;D;4652086
Key Down;Espace;4652214
Key Up;Espace;4652350
Key Down;D;4652526
Key Down;Espace;4652542
Key Up;Espace;4652614
Key Up;D;4653286
Key Down;D;4653566
Key Up;D;4653950
Key Down;Espace;4654534
Key Up;Espace;4654734
Key Down;F;4655805
Key Up;F;4656198
Key Down;D;4656222
Key Up;D;4657694
Key Down;D;4657822
Key Up;D;4657966
Key Down;D;4658054
Key Up;D;4658126
Key Down;D;4658214
Key Up;D;4658293
Key Down;D;4658382
Key Up;D;4658542
Key Down;F;4658598
Key Up;F;4658926
Key Down;F;4659046
Key Up;F;4659182
Key Down;F;4659262
Key Up;F;4659382
Key Down;F;4659462
Key Up;F;4659582
Key Down;D;4787646
Key Down;Espace;4787670
Key Up;D;4789941
Key Up;Espace;4789965
Key Down;D;4790286
Key Up;D;4790734
Key Down;D;4791157
Key Up;D;4791357
Key Down;S;4791405
Key Down;D;4793645
Key Up;S;4793685
Key Up;D;4794293
Key Down;D;4794614
Key Up;D;4796253
Key Down;Espace;4799301
Key Up;Espace;4799510
Key Down;Z;4800277
Key Up;Z;4800541
Key Down;Espace;4800854
Key Up;Espace;4801006
Key Down;Z;4801669
Key Up;Z;4802117
Key Down;D;4802406
Key Up;D;4802574
Key Down;D;4806558
Key Down;Espace;4806718
Key Up;Espace;4808118
Key Up;D;4808134
Key Down;Z;4808317
Key Up;Z;4808573
Key Down;Q;4808821
Key Up;Q;4809077
Key Down;Z;4809230
Key Up;Z;4809542
Key Down;Z;4809765
Key Up;Z;4809813
Key Down;Espace;4809853
Key Up;Espace;4810662
Key Down;Z;4810694
Key Up;Z;4811293
Key Down;Z;4811637
Key Up;Z;4811869
Key Down;D;4812134
Key Up;D;4812558
Key Down;Z;4812981
Key Up;Z;4813173
Key Down;D;4818565
Key Up;D;4818661
Key Down;Espace;4819621
Key Down;D;4820646
Key Up;Espace;4820758
Key Up;D;4820854
Key Down;D;4821093
Key Up;D;4822118
Key Down;Q;4822725
Key Up;Q;4822861
Key Down;D;4823901
Key Up;D;4824013
Key Down;D;4832142
Key Down;Espace;4832525
Key Up;Espace;4833941
Key Up;D;4834029
Key Down;Z;4834237
Key Up;Z;4834357
Key Down;D;4834637
Key Down;Espace;4834958
Key Up;Espace;4835437
Key Up;D;4835461
Key Down;S;4837181
Key Down;D;4838781
Key Up;S;4838845
Key Up;D;4840094
Key Down;D;4842549
Key Up;D;4842701
Key Down;D;4846949
Key Up;D;4847205
Key Down;D;4847342
Key Up;D;4848653
Key Down;D;4848910
Key Up;D;4849325
Key Down;Z;4849717
Key Up;Z;4849869
Key Down;Espace;4851181
Key Up;Espace;4851269
Key Down;D;4852085
Key Up;D;4852213
Key Down;Z;4852621
Key Up;Z;4852853
Key Down;Z;4853062
Key Up;Z;4853222
Key Down;Q;4853357
Key Up;Q;4853669
Key Down;S;4854446
Key Up;S;4856197
Key Down;Q;4856213
Key Up;Q;4856629
Key Down;Q;4857181
Key Up;Q;4857382
Key Down;D;4864837
Key Down;Z;4866205
Key Up;D;4866261
Key Up;Z;4867061
Key Down;Z;4867101
Key Up;Z;4868653
Key Down;Z;4869069
Key Up;Z;4869141
Key Down;S;4869557
Key Up;S;4869661
Key Down;S;4869773
Key Up;S;4869901
Key Down;Z;4870389
Key Up;Z;4870533
Key Down;Z;4870718
Key Up;Z;4870917
Key Down;Z;4871077
Key Up;Z;4871269
Key Down;Q;4872142
Key Up;Q;4872485
Key Down;S;4872589
Key Down;Q;4874197
Key Up;S;4874237
Key Up;Q;4875117
Key Down;D;4881541
Key Up;D;4884077
Key Down;Espace;4884853
Key Up;Espace;4884981
Key Down;Espace;4885269
Key Up;Espace;4885365
Key Down;Espace;4885437
Key Up;Espace;4885542
Key Down;D;4886821
Key Up;D;4886990
Key Down;D;4887101
Key Up;D;4887517
Key Down;Q;4887629
Key Up;Q;4887917
Key Down;S;4887973
Key Up;S;4888197
Key Down;S;4888221
Key Up;S;4888374
Key Down;Q;4888525
Key Down;S;4888733
Key Up;Q;4888797
Key Down;Q;4888981
Key Up;S;4889045
Key Up;Q;4889549
Key Down;Q;4889725
Key Up;Q;4889925
Key Down;Q;4890205
Key Up;Q;4890397
Key Down;D;4898469
Key Up;D;4898677
Key Down;D;4898933
Key Up;D;4899237
Key Down;D;4899597
Key Up;D;4899845
Key Down;D;4899933
Key Up;D;4901325
Key Down;S;4901565
Key Up;S;4901757
Key Down;S;4901837
Key Up;S;4901973
Key Down;S;4902053
Key Up;S;4902173
Key Down;D;4902565
Key Up;D;4902773
Key Down;D;4902869
Key Up;D;4902989
Key Down;D;4903109
Key Up;D;4903229
Key Down;D;4903325
Key Up;D;4903469
Key Down;D;4903613
Key Up;D;4903773
Key Down;D;4903781
Key Up;D;4904405
Key Down;Z;4904565
Key Up;Z;4904757
Key Down;Z;4905069
Key Up;Z;4905117
Key Down;S;4905493
Key Up;S;4905669
Key Down;S;4905781
Key Up;S;4905997
Key Down;Q;4906285
Key Up;Q;4906901
Key Down;Q;4907037
Key Up;Q;4907413
Key Down;Q;4907949
Key Up;Q;4908493
Key Down;S;4908501
Key Down;Q;4909565
Key Up;Q;4909669
Key Up;S;4910605
Key Down;Q;4910773
Key Up;Q;4911221
Key Down;D;4915589
Key Up;D;4915741
Key Down;D;4915925
Key Up;D;4916069
Key Down;D;4916157
Key Up;D;4916261
Key Down;D;4916381
Key Up;D;4916533
Key Down;D;4916677
Key Up;D;4916821
Key Down;D;4916933
Key Up;D;4917069
Key Down;D;4917165
Key Up;D;4917301
Key Down;D;4917397
Key Up;D;4917501
Key Down;D;4917629
Key Up;D;4917765
Key Down;Left Control;4918500
Key Up;Left Control;4918605
Key Down;D;4919517
Key Down;Espace;4920093
Key Down;Z;4921605
Key Up;Espace;4921677
Key Up;D;4921717
Key Down;Espace;4922381
Key Down;Q;4922533
Key Up;Espace;4922581
Key Up;Z;4922749
Key Down;Z;4922773
Key Up;Q;4922837
Key Up;Z;4923125
Key Down;Z;4923325
Key Down;Q;4923333
Key Up;Q;4923453
Key Up;Z;4923685
Key Down;Z;4924093
Key Down;Q;4924965
Key Up;Q;4925581
Key Up;Z;4925645
Key Down;D;4928613
Key Up;D;4929221
Key Down;Z;4929253
Key Up;Z;4929525
Key Down;Z;4934389
Key Up;Z;4934581
Key Down;Z;4934909
Key Up;Z;4935165
Key Down;S;4936917
Key Up;S;4937205
Key Down;S;4938100
Key Up;S;4940197
Key Down;E;4940501
Key Up;E;4940661
Key Down;Z;4941421
Key Up;Z;4941581
Key Down;S;4943053
Key Up;S;4944917
Key Down;D;4945349
Key Up;D;4945549
Key Down;Z;4946117
Key Up;Z;4946357
Key Down;Z;4946548
Key Up;Z;4946949
Key Down;D;4949445
Key Down;Z;4949509
Key Up;D;4949557
Key Up;Z;4951413
Key Down;Z;4951917
Key Down;Espace;4952053
Key Up;Espace;4952877
Key Up;Z;4952933
Key Down;D;4953701
Key Up;D;4954733
Key Down;D;4955005
Key Up;D;4955581
Key Down;Z;4955797
Key Up;Z;4956285
Key Down;D;4956437
Key Up;D;4956821
Key Down;Z;4956901
Key Up;Z;4957301
Key Down;D;4957677
Key Up;D;4957940
Key Down;Z;4959053
Key Down;Espace;4959181
Key Down;D;4960077
Key Up;Z;4960357
Key Down;Q;4960844
Key Up;Q;4961341
Key Down;Z;4961517
Key Up;Espace;4961549
Key Up;Z;4962021
Key Up;D;4962292
Key Down;S;4962565
Key Down;D;4962989
Key Up;S;4963021
Key Down;Z;4963349
Key Up;D;4963477
Key Down;D;4963540
Key Up;D;4963732
Key Down;D;4964005
Key Up;Z;4964269
Key Up;D;4964573
Key Down;D;4965092
Key Down;Espace;4965956
Key Down;Z;4966501
Key Up;Espace;4966949
Key Up;Z;4967029
Key Down;Espace;4967069
Key Up;D;4967077
Key Up;Espace;4967109
Key Down;Espace;4967997
Key Up;Espace;4968205
Key Down;D;4968869
Key Up;D;4969421
Key Down;D;4969597
Key Up;D;4971381
Key Down;F;4972748
Key Down;Espace;4974004
Key Up;Espace;4974261
Key Up;F;4975029
Key Down;Espace;4975645
Key Up;Espace;4975797
Key Down;D;4976868
Key Up;D;4978404
Key Down;Z;4978653
Key Up;Z;4978797
Key Down;Espace;4980397
Key Down;Z;4980509
Key Up;Espace;4981853
Key Up;Z;4981941
Key Down;D;4982340
Key Up;D;4985429
Key Down;Espace;4986533
Key Up;Espace;4986677
Key Down;D;4987869
Key Up;D;4988333
Key Down;D;4988628
Key Up;D;4988901
Key Down;Z;4989149
Key Up;Z;4989341
Key Down;Q;4989740
Key Up;Q;4990052
Key Down;Z;4990509
Key Up;Z;4990661
Key Down;D;4991188
Key Up;D;4991284
Key Down;D;4999365
Key Down;Z;4999549
Key Up;D;4999597
Key Down;D;4999653
Key Down;Espace;4999972
Key Up;Espace;5000885
Key Up;D;5000917
Key Down;Espace;5001100
Key Up;Espace;5001260
Key Up;Z;5001444
Key Down;Z;5001476
Key Down;Espace;5001533
Key Up;Espace;5002373
Key Up;Z;5002429
Key Down;Q;5002493
Key Down;S;5002941
Key Up;Q;5002949
Key Down;W;5002957
Key Up;W;5002981
Key Up;S;5002997
Key Down;D;5003581
Key Up;D;5003621
Key Down;F;5003677
Key Up;F;5003757
Key Down;F;5003837
Key Up;F;5003916
Key Down;F;5003988
Key Up;F;5004100
Key Down;F;5004124
Key Up;F;5004236
Key Down;F;5004292
Key Up;F;5004437
Key Down;Z;5008773
Key Up;Z;5008925
Key Down;Z;5009253
Key Down;D;5009365
Key Up;Z;5009445
Key Up;D;5009604
Key Down;Z;5009748
Key Up;Z;5010189
Key Down;Z;5010637
Key Up;Z;5010884
Key Down;D;5011316
Key Up;D;5011429
Key Down;Z;5017893
Key Down;Espace;5018069
Key Down;Q;5018836
Key Up;Q;5019413
Key Up;Espace;5019637
Key Up;Z;5019685
Key Down;Q;5019733
Key Down;Z;5019789
Key Up;Q;5019980
Key Up;Z;5020004
Key Down;F;5020509
Key Up;F;5020589
Key Down;F;5020661
Key Up;F;5020741
Key Down;F;5020821
Key Up;F;5020877
Key Down;F;5020957
Key Up;F;5021037
Key Down;F;5021117
Key Up;F;5021181
Key Down;F;5021261
Key Up;F;5021332
Key Down;F;5021412
Key Up;F;5021484
Key Down;F;5021572
Key Up;F;5021644
Key Down;F;5021732
Key Up;F;5021804
Key Down;F;5021893
Key Up;F;5021981
Key Down;F;5022069
Key Up;F;5022173
Key Down;F;5022253
Key Up;F;5022365
Key Down;F;5022437
Key Up;F;5022549
Key Down;F;5022621
Key Up;F;5022741
Key Down;F;5022796
Key Up;F;5022972
Key Down;Espace;5025021
Key Up;Espace;5025173
Key Down;Z;5026701
Key Down;D;5026757
Key Up;Z;5026933
Key Up;D;5027108
Key Down;Z;5027348
Key Down;D;5027869
Key Up;Z;5027917
Key Down;Z;5028516
Key Up;D;5028524
Key Up;Z;5028948
Key Down;D;5029397
Key Up;D;5029469
Key Down;Z;5030829
Key Up;Z;5030917
Key Down;D;5040805
Key Down;Espace;5041045
Key Down;Z;5041204
Key Up;Espace;5042317
Key Up;Z;5042373
Key Up;D;5042381
Key Down;Z;5044124
Key Down;Espace;5044156
Key Down;D;5044180
Key Down;Q;5044837
Key Up;Q;5045085
Key Up;Espace;5045396
Key Up;D;5045404
Key Up;Z;5045460
Key Down;Z;5045580
Key Down;Espace;5045604
Key Up;Z;5045764
Key Up;Espace;5045796
Key Down;Espace;5045933
Key Up;Espace;5046125
Key Down;Z;5046325
Key Up;Z;5046565
Key Down;Q;5046772
Key Up;Q;5046972
Key Down;D;5047821
Key Up;D;5047933
Key Down;Z;5052452
Key Up;Z;5052733
Key Down;Espace;5052861
Key Up;Espace;5053045
Key Down;D;5053916
Key Up;D;5054188
Key Down;S;5054428
Key Down;Espace;5055492
Key Down;D;5057748
Key Up;S;5058021
Key Down;S;5058029
Key Up;S;5058157
Key Up;D;5058684
Key Up;Espace;5058692
Key Down;Z;5073548
Key Down;D;5074453
Key Up;D;5074629
Key Down;D;5075196
Key Up;D;5075396
Key Up;Z;5076804
Key Down;F;5078357
Key Up;F;5078445
Key Down;F;5078517
Key Up;F;5078605
Key Down;D;5078677
Key Down;F;5078685
Key Up;D;5078749
Key Up;F;5078757
Key Down;F;5078829
Key Down;D;5078837
Key Up;D;5078901
Key Up;F;5078917
Key Down;F;5079004
Key Up;F;5079116
Key Down;F;5079164
Key Up;F;5079284
Key Down;F;5079308
Key Up;F;5079444
Key Down;F;5079484
Key Up;F;5079612
Key Down;F;5079644
Key Up;F;5079957
Key Down;D;5084789
Key Up;D;5085213
Key Down;Z;5085316
Key Up;Z;5085980
Key Down;D;5086117
Key Down;Z;5086605
Key Up;D;5086613
Key Up;Z;5086868
Key Down;D;5087308
Key Up;D;5087420
Key Down;Z;5087941
Key Up;Z;5088013
Key Down;Z;5098148
Key Down;Espace;5098420
Key Up;Espace;5099580
Key Up;Z;5099676
Key Down;Z;5102740
Key Down;Espace;5102900
Key Up;Espace;5104396
Key Up;Z;5104436
Key Down;Z;5104613
Key Up;Z;5104837
Key Down;D;5105604
Key Up;D;5105660
Key Down;F;5105804
Key Up;F;5105909
Key Down;F;5105989
Key Up;F;5106077
Key Down;F;5106149
Key Up;F;5106245
Key Down;F;5106316
Key Up;F;5106412
Key Down;F;5106468
Key Up;F;5106596
Key Down;Espace;5108908
Key Up;Espace;5108980
Key Down;Z;5110005
Key Up;Z;5111052
Key Down;Z;5111204
Key Down;D;5111964
Key Up;Z;5112004
Key Up;D;5112396
Key Down;Z;5112404
Key Up;Z;5112661
Key Down;D;5113108
Key Up;D;5113228
Key Down;D;5114716
Key Up;D;5114780
Key Down;Z;5114820
Key Up;Z;5114836
Key Down;Z;5115460
Key Up;Z;5115581
Key Down;D;5118156
Key Down;Z;5118357
Key Down;Espace;5118772
Key Up;Espace;5119548
Key Up;D;5119564
Key Up;Z;5119652
Key Down;Z;5122805
Key Down;Espace;5123052
Key Down;D;5123436
Key Up;D;5124292
Key Up;Espace;5124388
Key Up;Z;5124396
Key Down;Espace;5124604
Key Up;Espace;5124788
Key Down;F;5125453
Key Up;F;5125525
Key Down;F;5125613
Key Up;F;5125701
Key Down;F;5125772
Key Up;F;5125868
Key Down;F;5125948
Key Up;F;5126068
Key Down;F;5126156
Key Up;F;5126284
Key Down;Z;5130092
Key Up;Z;5130476
Key Down;D;5130668
Key Down;Z;5130956
Key Up;D;5131045
Key Down;D;5131740
Key Up;D;5131964
Key Up;Z;5132164
Key Down;D;5132493
Key Up;D;5132653
Key Down;Z;5134005
Key Up;Z;5134188
Key Down;D;5134572
Key Up;D;5134660
Key Down;Z;5138140
Key Down;Espace;5138549
Key Up;Espace;5139492
Key Up;Z;5139548
Key Down;Z;5142701
Key Down;Espace;5143229
Key Down;Q;5143580
Key Down;E;5143836
Key Up;E;5143980
Key Down;D;5143988
Key Up;D;5144549
Key Up;Q;5144573
Key Up;Z;5144589
Key Up;Espace;5144637
Key Down;Z;5144956
Key Up;Z;5145116
Key Down;Z;5145212
Key Up;Z;5145388
Key Down;F;5145909
Key Up;F;5145989
Key Down;F;5146069
Key Up;F;5146148
Key Down;F;5146228
Key Up;F;5146316
Key Down;D;5150732
Key Up;D;5151268
Key Down;Z;5151300
Key Down;D;5151940
Key Up;Z;5152068
Key Up;D;5152556
Key Down;Z;5152732
Key Up;Z;5152900
Key Down;D;5157028
Key Up;D;5157076
Key Down;Z;5158228
Key Down;Espace;5158820
Key Down;D;5159036
Key Down;Q;5159388
Key Up;Q;5159628
Key Up;D;5159868
Key Up;Espace;5159884
Key Up;Z;5159908
Key Down;D;5162796
Key Down;Z;5163013
Key Down;Espace;5163100
Key Down;Q;5163292
Key Up;Q;5164349
Key Up;D;5164405
Key Up;Z;5164412
Key Up;Espace;5164420
Key Down;Z;5165460
Key Up;Z;5165500
Key Down;Espace;5170716
Key Up;Espace;5170940
Key Down;Espace;5172644
Key Down;Z;5172652
Key Up;Espace;5172940
Key Up;Z;5172956
Key Down;S;5173564
Key Down;Espace;5174293
Key Down;D;5176788
Key Up;D;5177500
Key Up;Espace;5177564
Key Down;E;5177668
Key Up;S;5177676
Key Up;E;5177692
Key Down;Left Meta;5178188
Key Down;Left Control;5178572
Key Up;Left Meta;5178620
Key Down;D;5183620
Key Up;D;5184069
Key Down;E;5184420
Key Up;E;5184764
Key Down;Z;5187036
Key Up;Z;5187236
Key Down;Z;5187892
Key Up;Z;5188004
Key Down;D;5209340
Key Down;Espace;5211964
Key Up;Espace;5212172
Key Down;Espace;5212468
Key Up;D;5212580
Key Up;Espace;5212652
Key Up;Left Control;5212780
Key Down;Left Control;5212956
Key Down;Espace;5213212
Key Up;Left Control;5213244
Key Up;Espace;5213516
Key Down;Z;5213772
Key Down;Espace;5214044
Key Down;D;5214052
Key Up;Espace;5214243
Key Up;D;5214420
Key Up;Z;5214732
Key Down;Espace;5214908
Key Up;Espace;5214940
Key Down;Espace;5215044
Key Up;Espace;5215108
Key Down;Z;5215252
Key Down;D;5215556
Key Up;Z;5215596
Key Up;D;5215868
Key Down;Espace;5216108
Key Up;Espace;5216212
Key Down;D;5217260
Key Down;Espace;5217324
Key Up;D;5217396
Key Up;Espace;5217636
Key Down;D;5217652
Key Up;D;5218308
Key Down;Z;5218596
Key Up;Z;5218772
Key Down;Espace;5228332
Key Up;Espace;5228452
Key Down;Z;5229276
Key Down;Espace;5229820
Key Up;Espace;5233651
Key Up;Z;5233731
Key Down;Espace;5233916
Key Up;Espace;5233988
Key Down;E;5253844
Key Up;E;5254132
Key Down;F;5255524
Key Up;F;5255819
Key Down;E;5255827
Key Up;E;5256052
Key Down;E;5260380
Key Up;E;5261100
Key Down;Z;5261796
Key Up;Z;5263140
Key Down;Espace;5263844
Key Up;Espace;5264139
Key Down;Espace;5264924
Key Up;Espace;5265052
Key Down;D;5266252
Key Up;D;5266740
Key Down;Z;5266971
Key Up;Z;5274988
Key Down;Z;5275380
Key Down;Espace;5276460
Key Up;Espace;5278811
Key Up;Z;5278931
Key Down;Z;5279524
Key Down;Espace;5279996
Key Up;Espace;5282340
Key Up;Z;5282428
Key Down;Z;5283283
Key Up;Z;5289228
Key Down;X;5290115
Key Up;X;5290171
Key Down;Z;5294555
Key Up;Z;5296067
Key Down;Z;5297291
Key Up;Z;5298412
Key Down;Z;5299364
Key Up;Z;5300108
Key Down;Z;5301820
Key Up;Z;5303755
Key Down;Espace;5326267
Key Up;Espace;5326324
Key Down;Z;5331499
Key Down;D;5331891
Key Up;D;5332492
Key Down;D;5332979
Key Up;D;5333572
Key Down;Espace;5333692
Key Up;Espace;5334803
Key Up;Z;5334923
Key Down;F;5336451
Key Up;F;5337771
Key Down;Espace;5338956
Key Up;Espace;5339091
Key Down;F;5341652
Key Up;F;5344548
Key Down;F;5347475
Key Up;F;5349252
Key Down;F;5350275
Key Up;F;5351916
Key Down;Espace;5353404
Key Up;Espace;5353508
Key Down;Tab;5360228
Key Up;Tab;5360292
Key Down;Tab;5374379
Key Up;Tab;5374475
Key Down;Z;5378619
Key Down;Espace;5379092
Key Up;Espace;5387196
Key Up;Z;5387316
Key Down;Tab;5388659
Key Up;Tab;5388739
Key Down;Tab;5393628
Key Up;Tab;5393700
Key Down;Q;5395300
Key Down;Z;5395979
Key Up;Q;5396555
Key Down;Espace;5397099
Key Up;Espace;5400788
Key Up;Z;5402035
Key Down;F;5402819
Key Down;Espace;5403259
Key Up;Espace;5404195
Key Up;F;5404267
Key Down;Espace;5405731
Key Up;Espace;5405851
Key Down;Espace;5407459
Key Up;Espace;5407547
Key Down;Tab;5408555
Key Up;Tab;5408619
Key Down;Tab;5410443
Key Up;Tab;5410515
Key Down;Z;5412451
Key Down;Espace;5413971
Key Up;Espace;5422371
Key Up;Z;5422555
Key Down;Tab;5424628
Key Up;Tab;5424708
Key Down;Tab;5426371
Key Up;Tab;5426475
Key Down;A;5427867
Key Up;A;5428275
Key Down;A;5428723
Key Up;A;5428844
Key Down;Z;5430619
Key Up;Z;5432851
Key Down;Z;5433228
Key Up;Z;5433475
Key Down;Tab;5435347
Key Up;Tab;5435419
Key Down;Tab;5437491
Key Up;Tab;5437587
Key Down;A;5439123
Key Up;A;5439595
Key Down;A;5439955
Key Up;A;5440099
Key Down;Z;5441139
Key Up;Z;5442747
Key Down;Z;5443003
Key Up;Z;5444835
Key Down;Z;5446619
Key Up;Z;5451155
Key Down;Espace;5451251
Key Up;Espace;5451339
Key Down;Tab;5457803
Key Up;Tab;5457859
Key Down;Tab;5459995
Key Up;Tab;5460091
Key Down;Z;5461019
Key Down;Espace;5461323
Key Up;Espace;5462059
Key Up;Z;5462171
Key Down;Z;5462916
Key Down;Espace;5463363
Key Up;Espace;5464859
Key Up;Z;5464955
Key Down;Z;5469275
Key Down;Espace;5469667
Key Up;Espace;5470571
Key Up;Z;5470707
Key Down;Espace;5486267
Key Up;Espace;5486403
Key Down;Espace;5486475
Key Up;Espace;5486555
Key Down;Espace;5486571
Key Up;Espace;5486699
Key Down;Espace;5486779
Key Up;Espace;5488867
Key Down;S;5489627
Key Down;Espace;5492027
Key Up;Espace;5492795
Key Down;Espace;5493283
Key Up;Espace;5493387
Key Down;Espace;5493571
Key Up;Espace;5493643
Key Down;E;5493883
Key Up;S;5493947
Key Down;Espace;5494755
Key Up;E;5494867
Key Up;Espace;5494963
Key Down;Z;5515187
Key Down;Espace;5515531
Key Up;Espace;5516475
Key Up;Z;5516683
Key Down;Espace;5516899
Key Down;Z;5516963
Key Up;Espace;5518779
Key Up;Z;5518834
Key Down;Z;5535979
Key Up;Z;5536338
Key Down;Left Control;5537139
Key Up;Left Control;5539347
Key Down;Z;5545299
Key Down;Espace;5545771
Key Up;Espace;5549459
Key Up;Z;5549674
Key Down;Z;5550203
Key Up;Z;5550747
Key Down;Espace;5550915
Key Up;Espace;5551090
Key Down;Z;5558826
Key Down;Espace;5559339
Key Up;Espace;5565011
Key Up;Z;5565075
Key Down;F;5596539
Key Down;Espace;5597426
Key Up;Espace;5598987
Key Up;F;5599067
Key Down;F;5599314
Key Up;F;5599546
Key Down;Z;5600618
Key Down;F;5601538
Key Up;Z;5601626
Key Down;Z;5602579
Key Up;F;5602611
Key Down;Espace;5603403
Key Up;Espace;5615434
Key Down;Espace;5615859
Key Up;Espace;5616642
Key Down;Espace;5617123
Key Up;Espace;5618859
Key Up;Z;5618907
Key Down;X;5620083
Key Up;X;5620155
Key Down;E;5622106
Key Up;E;5622739
Key Down;Z;5624450
Key Up;Z;5624930
Key Down;Z;5625691
Key Down;Espace;5627883
Key Up;Espace;5628954
Key Up;Z;5633747
Key Down;Espace;5634098
Key Up;Espace;5634250
Key Down;Z;5637538
Key Up;Z;5638034
Key Down;Z;5638491
Key Up;Z;5638691
Key Down;Espace;5639090
Key Up;Espace;5639386
Key Down;Z;5640738
Key Up;Z;5641491
Key Down;Z;5642082
Key Up;Z;5642811
Key Down;Z;5643354
Key Up;Z;5643562
Key Down;Z;5643770
Key Up;Z;5643899
Key Down;Q;5643923
Key Up;Q;5644347
Key Down;Left Control;5653963
Key Down;Z;5657098
Key Up;Z;5657450
Key Down;Z;5657978
Key Up;Z;5659154
Key Up;Left Control;5670810
Key Down;Z;5700514
Key Down;Espace;5700946
Key Up;Espace;5701274
Key Down;Left Meta;5702274
Key Up;Left Meta;5702946
Key Up;Z;5702970
Key Down;Left Control;5703714
Key Down;Z;5704522
Key Up;Z;5705330
Key Down;D;5705394
Key Down;Z;5705826
Key Up;D;5705858
Key Up;Z;5707683
Key Down;Z;5709075
Key Up;Z;5710210
Key Down;Z;5718250
Key Up;Z;5718522
Key Down;Z;5719506
Key Up;Z;5719722
Key Down;Q;5720938
Key Up;Q;5721434
Key Down;Z;5721874
Key Up;Z;5722458
Key Down;Z;5723442
Key Up;Z;5723650
Key Up;Left Control;5725994
Key Down;Z;5755362
Key Down;D;5755682
Key Up;D;5756042
Key Down;Left Control;5760418
Key Up;Z;5760602
Key Down;Z;5761538
Key Up;Z;5762282
Key Up;Left Control;5762554
Key Down;Left Control;5764618
Key Down;X;5770730
Key Up;X;5770818
Key Up;Left Control;5780698
Key Down;Left Control;5780922
Key Up;Left Control;5781498
Key Down;Left Control;5782970
Key Down;G;5783826
Key Up;G;5785834
Key Down;G;5786137
Key Up;G;5788122
Key Up;Left Control;5788290
Key Down;D;5789650
Key Up;D;5790321
Key Down;Z;5790570
Key Up;Z;5790738
Key Down;Z;5795130
Key Up;Z;5795250
Key Down;F;5814498
Key Down;Espace;5815698
Key Up;Espace;5816970
Key Up;F;5817010
Key Down;Espace;5817410
Key Up;Espace;5817610
Key Down;Z;5818634
Key Down;Q;5819234
Key Up;Q;5819617
Key Down;Q;5820394
Key Up;Q;5821081
Key Down;Q;5821290
Key Up;Q;5821874
Key Down;Q;5822122
Key Up;Q;5822553
Key Down;Q;5823138
Key Up;Q;5823258
Key Down;Q;5824250
Key Up;Q;5824626
Key Down;Q;5826802
Key Up;Q;5828146
Key Down;Q;5828505
Key Up;Q;5830234
Key Up;Z;5830722
