Event;Key;Time
Key Down;Echap;44625
Key Up;Echap;44761
Key Down;Barre oblique;59457
Key Up;Barre oblique;59520
Key Down;Barre oblique;383808
Key Up;Barre oblique;383895
Key Down;Entrée;863646
Key Up;Entrée;863702
Key Down;Barre oblique;891877
Key Up;Barre oblique;892021
Key Down;Barre oblique;1146741
Key Up;Barre oblique;1146820
Key Down;Entrée;1582395
Key Up;Entrée;1582547
Key Down;Barre oblique;1775963
Key Up;Barre oblique;1776067
Key Down;Entrée;1794554
Key Up;Entrée;1794658
Key Down;Entrée;1866370
Key Up;Entrée;1866443
Key Down;Entrée;1998690
Key Up;Entrée;1998850
Key Down;Entrée;2010770
Key Up;Entrée;2010858
Key Down;Entrée;2051410
Key Up;Entrée;2051474
Key Down;O;2271554
Key Up;O;2271672
Key Down;Entrée;2295144
Key Up;Entrée;2295281
Key Down;Entrée;2322233
Key Up;Entrée;2322321
Key Down;Entrée;2338560
Key Up;Entrée;2338665
Key Down;Entrée;2542552
Key Up;Entrée;2542624
Key Down;Entrée;2650415
Key Up;Entrée;2650495
