Event;Key;Time
Key Down;Left Alt;3750
Key Down;Tab;3942
Key Up;Tab;4062
Key Down;Tab;4318
Key Up;Tab;4414
Key Down;Tab;4502
Key Up;Tab;4582
Key Down;Tab;4662
Key Up;Tab;4750
Key Down;Tab;4846
Key Up;Tab;4902
Key Up;Left Alt;5254
Key Down;Volume Down;23093
Key Up;Volume Down;23102
Key Down;Volume Down;23246
Key Up;Volume Down;23382
Key Down;Volume Down;23526
Key Up;Volume Down;23646
Key Down;Volume Down;23782
Key Up;Volume Down;23894
Key Down;Z;31190
Key Down;Q;31718
Key Up;Z;31774
Key Down;Z;32798
Key Up;Q;32822
Key Down;D;33550
Key Up;D;34038
Key Up;Z;34533
Key Down;Espace;34878
Key Up;Espace;36086
Key Down;Espace;36334
Key Up;Espace;36406
Key Down;Espace;36518
Key Up;Espace;36582
Key Down;Espace;36694
Key Up;Espace;36750
Key Down;Espace;36870
Key Up;Espace;36933
Key Down;Espace;37038
Key Up;Espace;37094
Key Down;Espace;37206
Key Up;Espace;37246
Key Down;Espace;37366
Key Up;Espace;37422
Key Down;Espace;37518
Key Up;Espace;37590
Key Down;Espace;37686
Key Up;Espace;37766
Key Down;Espace;37870
Key Up;Espace;37942
Key Down;Espace;38046
Key Up;Espace;38118
Key Down;Espace;38214
Key Up;Espace;38286
Key Down;Espace;38382
Key Up;Espace;38454
Key Down;Espace;38550
Key Up;Espace;38646
Key Down;Espace;38750
Key Up;Espace;38838
Key Down;Espace;38933
Key Up;Espace;39029
Key Down;Espace;39125
Key Up;Espace;39213
Key Down;Espace;39318
Key Up;Espace;39414
Key Down;Espace;39534
Key Up;Espace;39614
Key Down;Espace;39742
Key Up;Espace;39798
Key Down;Espace;39950
Key Up;Espace;40054
Key Down;Left Control;42134
Key Down;Z;42830
Key Up;Left Control;43894
Key Down;D;45422
Key Up;Z;45726
Key Up;D;49414
Key Down;Z;55574
Key Down;Q;56046
Key Up;Q;56606
Key Down;Q;57254
Key Up;Z;57302
Key Up;Q;58598
Key Down;Z;59366
Key Down;Q;61077
Key Up;Z;61133
Key Down;Z;62301
Key Up;Q;62325
Key Down;Q;63389
Key Up;Z;63493
Key Up;Q;64670
Key Down;Z;64702
Key Down;Q;65678
Key Up;Q;65774
Key Up;Z;66726
Key Down;Espace;67206
Key Up;Espace;68014
Key Down;Espace;68278
Key Up;Espace;68286
Key Down;Espace;68430
Key Up;Espace;68478
Key Down;Espace;68598
Key Up;Espace;68638
Key Down;Espace;68742
Key Up;Espace;68798
Key Down;Espace;68909
Key Up;Espace;68965
Key Down;Espace;69077
Key Up;Espace;69133
Key Down;Espace;69261
Key Up;Espace;69309
Key Down;Espace;69422
Key Up;Espace;69486
Key Down;Espace;69606
Key Up;Espace;69670
Key Down;Espace;69774
Key Up;Espace;69854
Key Down;Espace;69974
Key Up;Espace;70022
Key Down;Espace;70134
Key Up;Espace;70214
Key Down;Espace;70317
Key Up;Espace;70405
Key Down;Espace;70493
Key Up;Espace;70589
Key Down;Espace;70677
Key Up;Espace;70798
Key Down;Z;72590
Key Up;Z;73717
Key Down;Z;75094
Key Up;Z;81350
Key Down;Z;82229
Key Up;Z;83286
Key Down;Z;86566
Key Up;Z;87245
Key Down;F;88270
Key Down;Espace;90069
Key Up;F;90101
Key Up;Espace;91005
Key Down;Z;91646
Key Up;Z;100837
Key Down;Z;130526
Key Down;Espace;130974
Key Up;Z;131293
Key Up;Espace;138406
Key Down;Z;141190
Key Up;Z;143341
Key Down;Z;147597
Key Down;Espace;147949
Key Up;Z;151397
Key Up;Espace;151405
Key Down;X;152470
Key Up;X;152629
Key Down;X;157237
Key Up;X;157285
Key Down;Z;158389
Key Up;Z;162942
Key Down;Espace;163709
Key Up;Espace;163765
Key Down;D;170525
Key Down;Z;171021
Key Up;D;171037
Key Up;Z;172013
Key Down;Z;172453
Key Down;D;173237
Key Up;D;173389
Key Up;Z;176029
Key Down;Espace;176525
Key Up;Espace;176637
Key Down;Z;181781
Key Up;Z;182365
Key Down;D;182373
Key Up;D;182869
Key Down;Z;182877
Key Up;Z;183429
Key Down;Espace;184221
Key Up;Espace;184373
Key Down;Z;201685
Key Up;Z;202869
Key Down;X;204805
Key Up;X;204869
Key Down;X;219245
Key Up;X;219309
Key Down;Q;220261
Key Down;Z;220581
Key Up;Q;220597
Key Down;Q;221965
Key Up;Q;222101
Key Down;Espace;223589
Key Up;Z;223597
Key Up;Espace;223749
Key Down;Z;228109
Key Up;Z;229093
Key Down;Z;231453
Key Up;Z;236781
Key Down;Z;241773
Key Down;Espace;245829
Key Up;Espace;246309
Key Up;Z;257861
Key Down;Echap;277516
Key Up;Echap;277588
Key Down;Z;279076
Key Down;Espace;280949
Key Up;Espace;289660
Key Up;Z;290021
Key Down;D;640980
Key Down;Z;641204
Key Up;Z;641348
Key Down;Z;641579
Key Up;D;641723
Key Down;D;648403
Key Up;D;648603
Key Down;Espace;648939
Key Up;Espace;649475
Key Down;Q;649923
Key Up;Q;650812
Key Down;Espace;650947
Key Down;Q;651331
Key Up;Q;652499
Key Up;Espace;657323
Key Up;Z;657395
Key Down;F;658291
Key Up;F;658371
Key Down;F;659676
Key Up;F;659755
Key Down;Espace;661891
Key Up;Espace;662907
Key Down;D;665204
Key Down;Z;665427
Key Up;D;665515
Key Down;Espace;666043
Key Down;F;668579
Key Up;Espace;668603
Key Up;Z;668635
Key Down;Espace;669923
Key Up;F;670043
Key Up;Espace;671395
Key Down;Tab;674187
Key Up;Tab;674259
Key Down;Echap;688035
Key Up;Echap;688083
Key Down;Z;695515
Key Down;Espace;696003
Key Up;Z;702683
Key Up;Espace;702699
Key Down;Z;703483
Key Down;Espace;704219
Key Up;Espace;722387
Key Up;Z;722507
Key Down;Tab;727771
Key Up;Tab;727827
Key Down;Echap;734867
Key Up;Echap;734923
Key Down;Z;736531
Key Down;Espace;739178
Key Up;Espace;756627
Key Up;Z;757091
Key Down;Tab;761299
Key Up;Tab;761371
Key Down;Echap;764490
Key Up;Echap;764562
Key Down;F;768147
Key Up;F;768203
Key Down;Espace;769579
Key Up;Espace;772194
Key Down;F;774259
Key Up;F;774987
Key Down;Espace;775019
Key Up;Espace;776579
Key Down;Tab;783219
Key Up;Tab;783283
Key Down;Echap;790163
Key Up;Echap;790259
Key Down;Z;797843
Key Down;Espace;798459
Key Up;Z;800491
Key Up;Espace;800651
Key Down;Z;801170
Key Up;Z;802282
Key Down;Z;806043
Key Down;Espace;812819
Key Up;Z;813010
Key Up;Espace;816619
Key Down;Z;816971
Key Up;Z;821626
Key Down;Z;824706
Key Up;Z;825978
Key Down;Z;827179
Key Up;Z;828115
Key Down;Espace;828698
Key Up;Espace;828794
Key Down;Z;841722
Key Up;Z;847579
Key Down;Espace;849083
Key Up;Espace;849450
Key Down;Z;849906
Key Down;Espace;851947
Key Up;Z;852362
Key Up;Espace;852418
Key Down;D;872370
Key Down;Z;872706
Key Up;D;872794
Key Up;Z;876538
Key Down;Espace;879131
Key Up;Espace;880418
Key Down;Espace;882218
Key Up;Espace;882282
Key Down;Espace;885291
Key Up;Espace;885778
Key Down;Z;886739
Key Up;Z;888050
Key Down;D;911274
Key Down;Z;912066
Key Up;D;912162
Key Down;D;912850
Key Up;Z;913771
Key Up;D;914210
Key Down;Z;914770
Key Up;Z;915107
Key Down;D;917034
Key Up;D;917610
Key Down;D;919323
Key Up;D;919770
Key Down;Z;919826
Key Up;Z;921386
Key Down;D;931458
Key Down;Z;932930
Key Up;D;932994
Key Down;Q;934306
Key Up;Z;934378
Key Up;Q;934658
Key Down;Q;935898
Key Up;Q;936226
Key Down;D;937130
Key Up;D;937698
Key Down;Z;937922
Key Down;Q;938154
Key Up;Q;938210
Key Up;Z;938386
Key Down;Q;940362
Key Up;Q;943170
Key Down;Z;945986
Key Up;Z;946130
Key Down;D;946170
Key Up;D;947874
Key Down;D;976890
Key Down;Z;977458
Key Up;D;980578
Key Down;Q;983761
Key Up;Z;984122
Key Down;Z;984170
Key Up;Q;984202
Key Up;Z;984450
Key Down;Z;989465
Key Up;Z;989593
Key Down;Q;998625
Key Down;Z;999386
Key Up;Q;999394
Key Up;Z;1000426
Key Down;Z;1002258
Key Up;Z;1002561
Key Down;F;1011649
Key Up;F;1011713
Key Down;Espace;1013065
Key Down;C;1013073
Key Up;C;1013105
Key Up;Espace;1014353
Key Down;Z;1015026
Key Up;Z;1017674
Key Down;Z;1023554
Key Up;Z;1023618
Key Down;Z;1024145
Key Up;Z;1024281
Key Down;Z;1024738
Key Up;Z;1024818
Key Down;X;1027313
Key Up;X;1027377
Key Down;Z;1037226
Key Up;Z;1037274
Key Down;X;1038865
Key Up;X;1038921
Key Down;Z;1048130
Key Up;Z;1048522
Key Down;O;1050007
Key Up;O;1050132
Key Down;Espace;1072633
Key Up;Espace;1072737
Key Down;Z;1074025
Key Up;Z;1074129
Key Down;Espace;1074994
Key Up;Espace;1075170
Key Down;Z;1075481
Key Up;Z;1075617
Key Down;Z;1076418
Key Up;Z;1076538
Key Down;Espace;1077177
Key Up;Espace;1077626
Key Down;Z;1078082
Key Up;Z;1078201
Key Down;Espace;1078489
Key Up;Espace;1078962
Key Down;Left Control;1084201
Key Down;D;1084817
Key Up;D;1085169
Key Down;Z;1086042
Key Up;Z;1086809
Key Down;Q;1087873
Key Up;Q;1088065
Key Up;Left Control;1097410
Key Down;Left Control;1097513
Key Down;Q;1097873
Key Up;Q;1098241
Key Down;Q;1099289
Key Up;Q;1099465
Key Down;Q;1100289
Key Up;Q;1100361
Key Down;Z;1101177
Key Up;Z;1101386
Key Up;Left Control;1109962
Key Down;X;1113297
Key Up;X;1113353
Key Down;X;1114761
Key Up;X;1114825
Key Down;Z;1116297
Key Up;Z;1121161
Key Down;D;1124545
Key Down;Z;1125393
Key Up;D;1125465
Key Up;Z;1126057
Key Down;Z;1127417
Key Up;Z;1127585
Key Down;Z;1128025
Key Up;Z;1128233
Key Down;Q;1129409
Key Up;Q;1129673
Key Down;Left Control;1134994
Key Down;Z;1136009
Key Up;Z;1137057
Key Down;Z;1138737
Key Up;Z;1144217
Key Up;Left Control;1144345
Key Down;Left Control;1145369
Key Down;Z;1146497
Key Up;Z;1149098
Key Down;D;1169729
Key Up;D;1169945
Key Down;S;1170601
Key Up;S;1171209
Key Up;Left Control;1176217
Key Down;Left Control;1176681
Key Down;X;1177305
Key Up;X;1177825
Key Down;X;1180257
Key Up;X;1182185
Key Down;X;1182473
Key Up;X;1182561
Key Down;X;1195033
Key Up;X;1195129
Key Up;Left Control;1195465
Key Down;Z;1196457
Key Up;Z;1198689
Key Down;Z;1202537
Key Up;Z;1219009
Key Down;S;1224281
Key Up;S;1224713
Key Down;S;1225649
Key Up;S;1226113
Key Down;S;1233841
Key Up;S;1235233
Key Down;S;1235625
Key Up;S;1241449
Key Down;Z;1241553
Key Up;Z;1245537
Key Down;Z;1250376
Key Up;Z;1250873
Key Down;Z;1251520
Key Up;Z;1252393
Key Down;Espace;1254801
Key Up;Espace;1254897
Key Down;Entrée;1269896
Key Up;Entrée;1269961
Key Down;D;1278761
Key Up;D;1279552
Key Down;X;1281520
Key Up;X;1281576
Key Down;D;1289416
Key Down;Z;1289985
Key Up;D;1290041
Key Down;D;1291665
Key Up;D;1292777
Key Up;Z;1296705
Key Down;Z;1298089
Key Up;Z;1299185
Key Down;Z;1302136
Key Up;Z;1302321
Key Down;Z;1304584
Key Up;Z;1305297
Key Down;Z;1306865
Key Up;Z;1307288
Key Down;Z;1308984
Key Up;Z;1309577
Key Down;Z;1310664
Key Up;Z;1311313
Key Down;Z;1312104
Key Up;Z;1312976
Key Down;Z;1314009
Key Up;Z;1314480
Key Down;O;1314584
Key Up;O;1314828
Key Down;Espace;1319609
Key Up;Espace;1323360
Key Down;Z;1335376
Key Up;Z;1338569
Key Down;Z;1344728
Key Down;Espace;1348328
Key Up;Espace;1352576
Key Up;Z;1352977
Key Down;Z;1357424
Key Up;Z;1357881
Key Down;Z;1358832
Key Up;Z;1359576
Key Down;Z;1360777
Key Down;Espace;1363673
Key Up;Espace;1367880
Key Up;Z;1368952
Key Down;F;1370808
Key Up;F;1371240
Key Down;D;1371744
Key Up;D;1372776
Key Down;E;1372800
Key Up;E;1373344
Key Down;D;1373912
Key Down;Z;1376504
Key Up;D;1376584
Key Down;E;1376592
Key Up;E;1376720
Key Down;D;1376864
Key Up;Z;1376872
Key Up;D;1377129
Key Down;Z;1377504
Key Up;Z;1380672
Key Down;Z;1381272
Key Up;Z;1381952
Key Down;Z;1382408
Key Up;Z;1382873
Key Down;F;1384608
Key Up;F;1385280
Key Down;F;1385920
Key Up;F;1386000
Key Down;Espace;1388376
Key Down;C;1388384
Key Up;C;1388449
Key Up;Espace;1389016
Key Down;Espace;1389360
Key Up;Espace;1390552
Key Down;D;1392753
Key Up;D;1393216
Key Down;Z;1397144
Key Up;Z;1397752
Key Down;Q;1398512
Key Up;Q;1398969
Key Down;F;1401056
Key Down;Espace;1403408
Key Up;Espace;1405680
Key Up;F;1405936
Key Down;Q;1407752
Key Up;Q;1408464
Key Down;Z;1408472
Key Down;D;1409496
Key Up;D;1411568
Key Down;Q;1411744
Key Up;Z;1411760
Key Up;Q;1412064
Key Down;F;1413288
Key Down;Espace;1414024
Key Up;F;1414504
Key Up;Espace;1415448
Key Down;Z;1417648
Key Up;Z;1418320
Key Down;Z;1418632
Key Up;Z;1418848
Key Down;Espace;1419840
Key Up;Espace;1419976
Key Down;Z;1424560
Key Up;Z;1426032
Key Down;Z;1426440
Key Up;Z;1426568
Key Down;Z;1453976
Key Up;Z;1454639
Key Down;Espace;1455040
Key Up;Espace;1459048
Key Down;Z;1461472
Key Down;Espace;1466048
Key Up;Espace;1468584
Key Up;Z;1468752
Key Down;F;1470471
Key Up;F;1470559
Key Down;Espace;1473800
Key Up;Espace;1473992
Key Down;Z;1476464
Key Up;Z;1478960
Key Down;Z;1480128
Key Up;Z;1480688
Key Down;Z;1483287
Key Up;Z;1483624
Key Down;Q;1489007
Key Up;Q;1489952
Key Down;Z;1490008
Key Down;Q;1491816
Key Up;Z;1491824
Key Up;Q;1492152
Key Down;D;1494560
Key Up;D;1494800
Key Down;S;1496064
Key Up;S;1497152
Key Down;D;1497888
Key Up;D;1500464
Key Down;Z;1500800
Key Down;D;1501279
Key Up;Z;1501343
Key Down;Z;1502295
Key Up;D;1503360
Key Up;Z;1511167
Key Down;Espace;1511512
Key Up;Espace;1511576
Key Down;Z;1516135
Key Up;Z;1516936
Key Down;Z;1522191
Key Up;Z;1522600
Key Down;Z;1527239
Key Up;Z;1527664
Key Down;Espace;1527776
Key Down;F;1530056
Key Up;F;1530271
Key Down;F;1530800
Key Up;F;1530936
Key Down;F;1531080
Key Up;F;1531168
Key Down;F;1531400
Key Up;F;1531512
Key Down;F;1531679
Key Up;F;1531791
Key Down;F;1532055
Key Up;F;1532135
Key Up;Espace;1532640
Key Down;Espace;1534751
Key Up;Espace;1534904
Key Down;X;1544800
Key Up;X;1544864
Key Down;X;1558183
Key Up;X;1558239
Key Down;D;1561664
Key Up;D;1562056
Key Down;Z;1562335
Key Up;Z;1562439
Key Down;Q;1564167
Key Up;Q;1564343
Key Down;Z;1566440
Key Up;Z;1566528
Key Down;F;1568375
Key Up;F;1569464
Key Down;X;1570800
Key Up;X;1570872
Key Down;S;1583687
Key Up;S;1585167
Key Down;Q;1586328
Key Up;Q;1586679
Key Down;Z;1587600
Key Up;Z;1588335
Key Down;Z;1589679
Key Up;Z;1589840
Key Down;S;1595079
Key Up;S;1596887
Key Down;Z;1601959
Key Up;Z;1602975
Key Down;Z;1603423
Key Up;Z;1603663
Key Down;A;1609360
Key Up;A;1609464
Key Down;Q;1615495
Key Down;D;1618823
Key Up;D;1619360
Key Up;Q;1619424
Key Down;S;1620135
Key Up;S;1621279
Key Down;S;1623863
Key Up;S;1625167
Key Down;Z;1633623
Key Up;Z;1633879
Key Down;X;1635439
Key Up;X;1635503
Key Down;X;1636839
Key Up;X;1636927
Key Down;Z;1639175
Key Up;Z;1639495
Key Down;S;1640224
Key Up;S;1641127
Key Down;Q;1643279
Key Up;Q;1643463
Key Down;Tab;1663175
Key Up;Tab;1663255
Key Down;Echap;1673542
Key Up;Echap;1673615
Key Down;Entrée;1682439
Key Up;Entrée;1682511
Key Down;Entrée;1683943
Key Up;Entrée;1684055
Key Down;Tab;1717126
Key Up;Tab;1717230
Key Down;Echap;1730159
Key Up;Echap;1730222
Key Down;Echap;1733031
Key Up;Echap;1733103
Key Down;Entrée;1749534
Key Up;Entrée;1749615
Key Down;Tab;1751103
Key Up;Tab;1751159
Key Down;Tab;1752391
Key Up;Tab;1752447
Key Down;Q;1769734
Key Up;Q;1769798
Key Down;Z;1793318
Key Down;Espace;1794215
Key Up;Espace;1795919
Key Up;Z;1795983
Key Down;F;1796630
Key Up;F;1796694
Key Down;F;1796782
Key Up;F;1796847
Key Down;F;1796919
Key Up;F;1797015
Key Down;F;1797055
Key Up;F;1797151
Key Down;F;1797239
Key Up;F;1797343
Key Down;F;1797422
Key Up;F;1797518
Key Down;F;1797598
Key Up;F;1797686
Key Down;F;1797774
Key Up;F;1797878
Key Down;F;1797966
Key Up;F;1798070
Key Down;F;1798182
Key Up;F;1798271
Key Down;F;1798399
Key Up;F;1798479
Key Down;F;1798631
Key Up;F;1798711
Key Down;F;1798838
Key Up;F;1798894
Key Down;Espace;1801039
Key Up;Espace;1801191
Key Down;Z;1806270
Key Up;Z;1806374
Key Down;X;1807622
Key Up;X;1807686
Key Down;S;1818287
Key Up;S;1823550
Key Down;Z;1826622
Key Up;Z;1827590
Key Down;D;1832959
Key Down;Z;1833494
Key Up;D;1833542
Key Up;Z;1833878
Key Down;Z;1842326
Key Up;Z;1842598
Key Down;F;1855542
Key Up;F;1856622
Key Down;F;1856878
Key Up;F;1857830
Key Down;F;1858134
Key Up;F;1859110
Key Down;F;1859790
Key Up;F;1859990
Key Down;Z;1860886
Key Up;Z;1861054
Key Down;Z;1861926
Key Up;Z;1862054
Key Down;F;1863647
Key Up;F;1866886
Key Down;F;1867599
Key Up;F;1867694
Key Down;F;1867822
Key Up;F;1867910
Key Down;F;1868214
Key Up;F;1868294
Key Down;F;1868414
Key Up;F;1868494
Key Down;F;1868598
Key Up;F;1868670
Key Down;F;1868774
Key Up;F;1868862
Key Down;F;1868983
Key Up;F;1869079
Key Down;F;1869398
Key Up;F;1869526
Key Down;F;1870366
Key Up;F;1870526
Key Down;F;1870863
Key Up;F;1870966
Key Down;F;1871126
Key Up;F;1871262
Key Down;F;1871518
Key Up;F;1871622
Key Down;Z;2025077
Key Up;Z;2026909
Key Down;Espace;2031446
Key Up;Espace;2031518
Key Down;Z;2035813
Key Up;Z;2047438
Key Down;Z;2047470
Key Up;Z;2047574
Key Down;Z;2047877
Key Down;Espace;2050509
Key Up;Espace;2058405
Key Up;Z;2058421
Key Down;Z;2059189
Key Up;Z;2059485
Key Down;S;2067661
Key Up;S;2069101
Key Down;Z;2071797
Key Up;Z;2074053
Key Down;X;2074589
Key Up;X;2074645
Key Down;Z;2076013
Key Up;Z;2080894
Key Down;Espace;2081189
Key Up;Espace;2081285
Key Down;Z;2088909
Key Up;Z;2089349
Key Down;X;2094166
Key Up;X;2094230
Key Down;Z;2098621
Key Up;Z;2100509
Key Down;Z;2101813
Key Down;Espace;2105301
Key Up;Espace;2109622
Key Up;Z;2110757
Key Down;Z;2111885
Key Up;Z;2112365
Key Down;Z;2114493
Key Up;Z;2116509
Key Down;Z;2117285
Key Up;Z;2118597
Key Down;X;2120621
Key Up;X;2120709
Key Down;Z;2122541
Key Up;Z;2123373
Key Down;Z;2127029
Key Down;Left Control;2132197
Key Up;Left Control;2135837
Key Up;Z;2135949
Key Down;Left Control;2143637
Key Down;Q;2146013
Key Down;E;2147317
Key Up;Q;2147357
Key Up;E;2148005
Key Down;E;2149013
Key Up;E;2149757
Key Down;Z;2150717
Key Up;Z;2152197
Key Down;Z;2153581
Key Up;Z;2154141
Key Up;Left Control;2156861
Key Down;X;2166629
Key Up;X;2166701
Key Down;Z;2174477
Key Down;Left Control;2177269
Key Up;Left Control;2182661
Key Down;Left Control;2185037
Key Up;Left Control;2185269
Key Down;Espace;2187092
Key Up;Espace;2191885
Key Down;Left Control;2192245
Key Up;Left Control;2198909
Key Up;Z;2200325
Key Down;Espace;2200517
Key Up;Espace;2200661
Key Down;S;2212852
Key Down;Q;2213397
Key Up;S;2213413
Key Down;Z;2214525
Key Up;Q;2214589
Key Down;Espace;2219645
Key Up;Z;2219949
Key Up;Espace;2221197
Key Down;Z;2224045
Key Up;Z;2228349
Key Down;Espace;2229132
Key Up;Espace;2229276
Key Down;X;2232180
Key Up;X;2232244
Key Down;Z;2234181
Key Up;Z;2237677
Key Down;Z;2238917
Key Down;Espace;2243789
Key Up;Z;2250740
Key Up;Espace;2250748
Key Down;S;2258908
Key Up;S;2261141
Key Down;Z;2263525
Key Up;Z;2267533
Key Down;Tab;2270621
Key Up;Tab;2270676
Key Down;Echap;2287596
Key Up;Echap;2287685
Key Down;D;2293485
Key Down;Z;2294572
Key Up;D;2294700
Key Down;D;2295069
Key Up;Z;2295172
Key Up;D;2296700
Key Down;Z;2297372
Key Up;Z;2297653
Key Down;F;2299645
Key Up;F;2299708
Key Down;Espace;2304412
Key Up;Espace;2304532
Key Down;Left Control;2304957
Key Up;Left Control;2305973
Key Down;X;2306932
Key Up;X;2306989
Key Down;D;2310676
Key Down;Z;2311716
Key Up;D;2311956
Key Up;Z;2318212
Key Down;D;2361204
Key Down;Z;2361404
Key Up;D;2361572
Key Down;Espace;2364125
Key Up;Z;2364156
Key Up;Espace;2364308
Key Down;Tab;2372828
Key Up;Tab;2372924
Key Down;Echap;2382956
Key Up;Echap;2383028
Key Down;D;2386444
Key Up;D;2386692
Key Down;Z;2388692
Key Up;Z;2388812
Key Down;Q;2393044
Key Up;Q;2393260
Key Down;Z;2393852
Key Up;Z;2394123
Key Down;Z;2394836
Key Up;Z;2395780
Key Down;Z;2397764
Key Up;Z;2399012
Key Down;S;2399948
Key Up;S;2400588
Key Down;S;2400924
Key Up;S;2401580
Key Down;Z;2402044
Key Up;Z;2402204
Key Down;X;2403604
Key Up;X;2403668
Key Down;Z;2416804
Key Up;Z;2416980
Key Down;Z;2429716
Key Up;Z;2432188
Key Down;Espace;2432460
Key Up;Espace;2432556
Key Down;Z;2437716
Key Up;Z;2440356
Key Down;F;2442531
Key Up;F;2442587
Key Down;Espace;2444252
Key Up;Espace;2445460
Key Down;D;2448963
Key Down;Z;2449516
Key Up;D;2449564
Key Up;Z;2453315
Key Down;Z;2454723
Key Up;Z;2454979
Key Down;Z;2457547
Key Up;Z;2460924
Key Down;Espace;2461660
Key Up;Espace;2461715
Key Down;Z;2464044
Key Up;Z;2466219
Key Down;Z;2466852
Key Up;Z;2472316
Key Down;X;2474939
Key Up;X;2474995
Key Down;X;2476580
Key Up;X;2476636
Key Down;Z;2477851
Key Down;D;2479708
Key Up;D;2480275
Key Down;D;2481252
Key Up;D;2482027
Key Down;D;2483179
Key Up;D;2483668
Key Up;Z;2485348
Key Down;Z;2485676
Key Down;Espace;2486059
Key Up;Espace;2486900
Key Up;Z;2487395
Key Down;Z;2501004
Key Up;Z;2501611
Key Down;Z;2501787
Key Up;Z;2502692
Key Down;Z;2503179
Key Up;Z;2504084
Key Down;Z;2505388
Key Up;Z;2507076
Key Down;Espace;2507219
Key Up;Espace;2507307
Key Down;Z;2514715
Key Up;Z;2515220
Key Down;X;2516259
Key Up;X;2516316
Key Down;Z;2520540
Key Down;Espace;2521579
Key Up;Espace;2521891
Key Down;Espace;2524771
Key Up;Espace;2524931
Key Up;Z;2527772
Key Down;Z;2528972
Key Up;Z;2529979
Key Down;F;2534156
Key Up;F;2534212
Key Down;Espace;2539540
Key Up;Espace;2539708
Key Down;Z;2541979
Key Up;Z;2545643
Key Down;Espace;2546115
Key Up;Espace;2546204
Key Down;Espace;2547700
Key Up;Espace;2547724
Key Down;Espace;2547860
Key Up;Espace;2547923
Key Down;Espace;2548027
Key Up;Espace;2548083
Key Down;Espace;2548187
Key Up;Espace;2548227
Key Down;Espace;2548323
Key Up;Espace;2548379
Key Down;Espace;2548467
Key Up;Espace;2548539
Key Down;Espace;2548627
Key Up;Espace;2548691
Key Down;Espace;2548779
Key Up;Espace;2548867
Key Down;Espace;2548948
Key Up;Espace;2549028
Key Down;Espace;2549140
Key Up;Espace;2549212
Key Down;Espace;2549292
Key Up;Espace;2549388
Key Down;Espace;2549467
Key Up;Espace;2549555
Key Down;Espace;2549643
Key Up;Espace;2549731
Key Down;Espace;2549827
Key Up;Espace;2549891
Key Down;Espace;2550003
Key Up;Espace;2550075
Key Down;Espace;2550179
Key Up;Espace;2550251
Key Down;Espace;2550339
Key Up;Espace;2550403
Key Down;Espace;2550516
Key Up;Espace;2550580
Key Down;Espace;2550692
Key Up;Espace;2550772
Key Down;Espace;2550868
Key Up;Espace;2550979
Key Down;Left Control;2553620
Key Down;Z;2554043
Key Up;Z;2569723
Key Down;Z;2571476
Key Up;Z;2572595
Key Down;Z;2573515
Key Up;Z;2573923
Key Down;Z;2577003
Key Up;Z;2582387
Key Down;Z;2586379
Key Up;Z;2589227
Key Down;Z;2592619
Key Up;Z;2592723
Key Up;Left Control;2593371
Key Down;Espace;2594827
Key Up;Espace;2594915
Key Down;Z;2595907
Key Up;Z;2596195
Key Down;Espace;2596507
Key Up;Espace;2596851
Key Down;Q;2605667
Key Up;Q;2605859
Key Down;Z;2606307
Key Up;Z;2606475
Key Down;Q;2607611
Key Up;Q;2607787
Key Down;Z;2608139
Key Up;Z;2608235
Key Down;D;2619443
Key Up;D;2621699
Key Down;Z;2622179
Key Up;Z;2622490
Key Down;Q;2623059
Key Up;Q;2623595
Key Down;Z;2623707
Key Up;Z;2624546
Key Down;X;2625475
Key Up;X;2625547
Key Down;Z;2626307
Key Down;Espace;2627426
Key Up;Espace;2627532
Key Down;Q;2627571
Key Up;Q;2627627
Key Down;Espace;2628602
Key Up;Espace;2628915
Key Down;Espace;2631115
Key Up;Espace;2631859
Key Down;Espace;2635707
Key Up;Espace;2637786
Key Down;Espace;2639106
Key Up;Espace;2639579
Key Down;Espace;2639883
Key Up;Z;2640067
Key Down;Z;2640514
Key Up;Z;2641914
Key Up;Espace;2643075
Key Down;Espace;2645323
Key Up;Espace;2645643
Key Down;Espace;2649098
Key Up;Espace;2649851
Key Down;Z;2650386
Key Down;D;2650466
Key Up;Z;2650595
Key Up;D;2651115
Key Down;D;2651619
Key Down;Z;2652139
Key Up;D;2652187
Key Down;Q;2652491
Key Up;Q;2652595
Key Up;Z;2659403
Key Down;Left Control;2660218
Key Up;Left Control;2661690
Key Down;D;2662427
Key Down;Z;2662922
Key Up;D;2663755
Key Up;Z;2666603
Key Down;Z;2667146
Key Down;Espace;2668650
Key Up;Z;2669203
Key Up;Espace;2669267
Key Down;Z;2669443
Key Down;Espace;2671203
Key Up;Espace;2671683
Key Up;Z;2672970
Key Down;F;2678554
Key Up;F;2678610
Key Down;Espace;2679779
Key Up;Espace;2681715
Key Down;F;2683811
Key Down;Espace;2684227
Key Up;F;2684275
Key Up;Espace;2686923
Key Down;Espace;2691331
Key Up;Espace;2695962
Key Down;Z;2697226
Key Up;Z;2699331
Key Down;Z;2700643
Key Up;Z;2702626
Key Down;D;2744859
Key Up;D;2745811
Key Down;D;2747762
Key Up;D;2748234
Key Down;Z;2748290
Key Up;Z;2750146
Key Down;Z;2752443
Key Up;Z;2752675
Key Down;Tab;2754538
Key Up;Tab;2754666
Key Down;Echap;2770650
Key Up;Echap;2770731
Key Down;Tab;2772546
Key Up;Tab;2772610
Key Down;F;2779266
Key Up;F;2779322
Key Down;Espace;2779947
Key Up;Espace;2781379
Key Down;Tab;2794786
Key Up;Tab;2794858
Key Down;Tab;2814066
Key Up;Tab;2814138
Key Down;Z;2818107
Key Up;Z;2818618
Key Down;Espace;2822299
Key Up;Espace;2822387
Key Down;D;2825050
Key Down;Z;2825866
Key Up;Z;2826786
Key Up;D;2826930
Key Down;Espace;2827274
Key Up;Espace;2827362
Key Down;D;2830074
Key Down;Z;2830314
Key Up;D;2830378
Key Down;D;2831762
Key Up;D;2831882
Key Down;Espace;2832730
Key Up;Espace;2834554
Key Up;Z;2834658
Key Down;Espace;2834930
Key Up;Espace;2835050
Key Down;Z;2841098
Key Down;Q;2841602
Key Up;Q;2841850
Key Up;Z;2845098
Key Down;Z;2845402
Key Down;X;2851634
Key Up;X;2851762
Key Down;Espace;2872570
Key Up;Espace;2872706
Key Up;Z;2874234
Key Down;Z;2878354
Key Up;Z;2879130
Key Down;Z;2882945
Key Up;Z;2883290
Key Down;Z;2885642
Key Up;Z;2887338
Key Down;Z;2890234
Key Up;Z;2891834
Key Down;Left Control;2927906
Key Up;Left Control;2930009
Key Down;Left Meta;2949553
Key Up;Left Meta;2949705
Key Down;Left Meta;2950130
Key Up;Left Meta;2950521
Key Down;Left Meta;2954561
Key Up;Left Meta;2956993
Key Down;Left Meta;2964625
Key Up;Left Meta;2964697
Key Down;Z;2965578
Key Up;Z;2968282
Key Down;Z;2972714
Key Up;Z;2973018
Key Down;Z;2977026
Key Up;Z;2980913
Key Down;Espace;2981378
Key Up;Espace;2981442
Key Down;F;2999650
Key Up;F;2999714
Key Down;Espace;3001161
Key Up;Espace;3003209
Key Down;Z;3004946
Key Up;Z;3006825
Key Down;Tab;3010570
Key Up;Tab;3010649
Key Down;Echap;3013721
Key Up;Echap;3013801
Key Down;Q;3014969
Key Down;Z;3015177
Key Up;Q;3015313
Key Up;Z;3018561
Key Down;X;3019969
Key Up;X;3020025
Key Down;Z;3030378
Key Up;Z;3032961
Key Down;Z;3033657
Key Up;Z;3034465
Key Down;Espace;3034721
Key Up;Espace;3034809
Key Down;Echap;3038361
Key Up;Echap;3038425
Key Down;Tab;3041513
Key Up;Tab;3041577
Key Down;Echap;3056777
Key Up;Echap;3056841
Key Down;Tab;3057569
Key Up;Tab;3057625
Key Down;Z;3061433
Key Down;Espace;3063057
Key Up;Espace;3065737
Key Up;Z;3066009
Key Down;Espace;3066161
Key Up;Espace;3066297
Key Down;Z;3070721
Key Down;Espace;3073129
Key Up;Espace;3075265
Key Up;Z;3075393
Key Down;Z;3075761
Key Up;Z;3077618
Key Down;Z;3080466
Key Down;Espace;3081177
Key Up;Espace;3089697
Key Up;Z;3090081
Key Down;Z;3090569
Key Up;Z;3090801
Key Down;Left Control;3091961
Key Down;Z;3093513
Key Up;Z;3093873
Key Down;Z;3094713
Key Up;Z;3096417
Key Up;Left Control;3096449
Key Down;X;3097233
Key Up;X;3097297
Key Down;Espace;3099593
Key Up;Espace;3099673
Key Down;Espace;3099777
Key Up;Espace;3099857
Key Down;Z;3124385
Key Down;Espace;3126384
Key Up;Espace;3126545
Key Up;Z;3128033
Key Down;Left Control;3132553
Key Down;A;3132721
Key Up;A;3133129
Key Up;Left Control;3133433
Key Down;Left Control;3134256
Key Down;Z;3136041
Key Up;Z;3140385
Key Up;Left Control;3142121
Key Down;Z;3150337
Key Up;Z;3153649
Key Down;Q;3159425
Key Down;Z;3159945
Key Up;Q;3159953
Key Up;Z;3160209
Key Down;Espace;3160537
Key Up;Espace;3160657
Key Down;Z;3176512
Key Up;Z;3177233
Key Down;Z;3177792
Key Up;Z;3177992
Key Down;Espace;3178377
Key Up;Espace;3178497
Key Down;Q;3179281
Key Down;Z;3179969
Key Up;Q;3179977
Key Down;Q;3181169
Key Up;Q;3181457
Key Up;Z;3182729
Key Down;Q;3189264
Key Up;Q;3189272
Key Down;Z;3189385
Key Up;Z;3190592
Key Down;Tab;3192112
Key Up;Tab;3192185
Key Down;Echap;3206985
Key Up;Echap;3207049
Key Down;Tab;3208489
Key Up;Tab;3208552
Key Down;F;3214128
Key Up;F;3214192
Key Down;Espace;3214753
Key Up;Espace;3216561
Key Down;Verrouillage des majuscules;3218072
Key Up;Verrouillage des majuscules;3218448
Key Down;Z;3219816
Key Down;Q;3220304
Key Up;Z;3220416
Key Down;Z;3220793
Key Up;Q;3220801
Key Up;Z;3220921
Key Down;Espace;3221224
Key Up;Espace;3222824
Key Down;Espace;3222960
Key Up;Espace;3223016
Key Down;Espace;3223120
Key Up;Espace;3223184
Key Down;Espace;3223280
Key Up;Espace;3223360
Key Down;Espace;3223449
Key Up;Espace;3223521
Key Down;Espace;3223601
Key Up;Espace;3223665
Key Down;Espace;3223753
Key Up;Espace;3223817
Key Down;Espace;3223905
Key Up;Espace;3223961
Key Down;Espace;3224048
Key Up;Espace;3224112
Key Down;Espace;3224224
Key Up;Espace;3224304
Key Down;Espace;3224400
Key Up;Espace;3224480
Key Down;Espace;3224592
Key Up;Espace;3224648
Key Down;Espace;3224752
Key Up;Espace;3224816
Key Down;Espace;3224921
Key Up;Espace;3224993
Key Down;Espace;3225097
Key Up;Espace;3225161
Key Down;Espace;3225257
Key Up;Espace;3225337
Key Down;Espace;3225425
Key Up;Espace;3225504
Key Down;Espace;3225600
Key Up;Espace;3225688
Key Down;Espace;3225792
Key Up;Espace;3225880
Key Down;Espace;3226144
Key Up;Espace;3226184
Key Down;Espace;3226441
Key Up;Espace;3226473
Key Down;Left Control;3227656
Key Down;Z;3229032
Key Up;Z;3234064
Key Up;Left Control;3234088
Key Down;Espace;3234521
Key Up;Espace;3234673
Key Down;Espace;3235408
Key Up;Espace;3235496
Key Down;Espace;3235609
Key Up;Espace;3235681
Key Down;Espace;3235793
Key Up;Espace;3235857
Key Down;Espace;3235961
Key Up;Espace;3236017
Key Down;Espace;3236136
Key Up;Espace;3236192
Key Down;Espace;3236312
Key Up;Espace;3236384
Key Down;Espace;3236504
Key Up;Espace;3236568
Key Down;Espace;3236664
Key Up;Espace;3236752
Key Down;Espace;3236848
Key Up;Espace;3236904
Key Down;Espace;3237033
Key Up;Espace;3237073
Key Down;Espace;3237193
Key Up;Espace;3237241
Key Down;Espace;3237369
Key Up;Espace;3237409
Key Down;Espace;3237536
Key Up;Espace;3237592
Key Down;Espace;3237712
Key Up;Espace;3237776
Key Down;Espace;3237904
Key Up;Espace;3237968
Key Down;Z;3239608
Key Up;Z;3240073
Key Down;Z;3243936
Key Up;Z;3246929
Key Down;X;3249536
Key Up;X;3249600
Key Down;Q;3257144
Key Up;Q;3258001
Key Down;Z;3258009
Key Up;Z;3262553
Key Down;Z;3271392
Key Up;Z;3271560
Key Down;Z;3272776
Key Up;Z;3273168
Key Down;X;3285824
Key Up;X;3286032
Key Down;X;3288792
Key Up;X;3288848
Key Down;S;3289488
Key Up;S;3290056
Key Down;D;3290320
Key Down;Z;3291480
Key Up;D;3291528
Key Up;Z;3291704
Key Down;Z;3292680
Key Up;Z;3294032
Key Down;D;3304384
Key Up;D;3304912
Key Down;Z;3304960
Key Up;Z;3305376
Key Down;Z;3305984
Key Down;D;3306608
Key Up;Z;3306616
Key Down;Z;3306768
Key Up;D;3306856
Key Up;Z;3306960
Key Down;Z;3307536
Key Up;Z;3307704
Key Down;Espace;3309369
Key Up;Espace;3309512
Key Down;Q;3316192
Key Down;S;3316576
Key Up;Q;3316600
Key Down;Q;3317328
Key Up;S;3317336
Key Down;Z;3317776
Key Up;Q;3317792
Key Up;Z;3318256
Key Down;Q;3318600
Key Up;Q;3319080
Key Down;Z;3319992
Key Up;Z;3320072
Key Down;Z;3320448
Key Down;Espace;3320816
Key Up;Espace;3321528
Key Up;Z;3321792
Key Down;Q;3321880
Key Up;Q;3323224
Key Down;Q;3323288
Key Up;Q;3323832
Key Down;Espace;3324168
Key Up;Espace;3325056
Key Down;F;3326280
Key Up;F;3326344
Key Down;F;3326424
Key Up;F;3326496
Key Down;F;3326576
Key Up;F;3326656
Key Down;F;3326752
Key Up;F;3326824
Key Down;F;3326944
Key Up;F;3327040
Key Down;F;3327240
Key Up;F;3327312
Key Down;F;3327712
Key Up;F;3327800
Key Down;X;3334304
Key Up;X;3334352
Key Down;Q;3347704
Key Up;Q;3347968
Key Down;Q;3348015
Key Down;Z;3349344
Key Up;Q;3349535
Key Up;Z;3350408
Key Down;Z;3355744
Key Down;Espace;3356304
Key Up;Espace;3357920
Key Up;Z;3357991
Key Down;F;3358488
Key Up;F;3358552
Key Down;F;3358640
Key Up;F;3358720
Key Down;F;3358800
Key Up;F;3358872
Key Down;F;3358968
Key Up;F;3359024
Key Down;F;3359104
Key Up;F;3359160
Key Down;F;3359248
Key Up;F;3359328
Key Down;F;3359423
Key Up;F;3359487
Key Down;F;3359583
Key Up;F;3359664
Key Down;F;3359744
Key Up;F;3359840
Key Down;F;3359920
Key Up;F;3360016
Key Down;F;3360112
Key Up;F;3360200
Key Down;F;3361112
Key Up;F;3361152
Key Down;Z;3369808
Key Up;Z;3371520
Key Down;D;3371576
Key Up;D;3371807
Key Down;Q;3372488
Key Up;Q;3373271
Key Down;Z;3373351
Key Up;Z;3373576
Key Down;Z;3375672
Key Down;Espace;3376392
Key Up;Espace;3378192
Key Up;Z;3378215
Key Down;F;3378920
Key Up;F;3378992
Key Down;F;3379096
Key Up;F;3379168
Key Down;F;3379280
Key Up;F;3379344
Key Down;F;3379448
Key Up;F;3379520
Key Down;F;3379631
Key Up;F;3379703
Key Down;F;3379799
Key Up;F;3379887
Key Down;F;3380512
Key Up;F;3380568
Key Down;Espace;3382184
Key Up;Espace;3382231
Key Down;Espace;3382455
Key Up;Espace;3382511
Key Down;S;3384824
Key Up;S;3385480
Key Down;Q;3385552
Key Up;Q;3387328
Key Down;Z;3387400
Key Down;Q;3387911
Key Up;Z;3387991
Key Up;Q;3388600
Key Down;Z;3388624
Key Up;Z;3389160
Key Down;Z;3393896
Key Down;Espace;3394623
Key Up;Espace;3394759
Key Down;Espace;3394888
Key Up;Espace;3396416
Key Up;Z;3396479
Key Down;F;3396944
Key Up;F;3397016
Key Down;F;3397120
Key Up;F;3397192
Key Down;F;3397304
Key Up;F;3397376
Key Down;F;3397480
Key Up;F;3397552
Key Down;F;3397664
Key Up;F;3397720
Key Down;Espace;3399928
Key Up;Espace;3399968
Key Down;Espace;3400104
Key Up;Espace;3400152
Key Down;Q;3402944
Key Down;Z;3403016
Key Up;Q;3403240
Key Down;Espace;3403479
Key Up;Z;3404096
Key Up;Espace;3404376
Key Down;Q;3404568
Key Up;Q;3404680
Key Down;Q;3405047
Key Up;Q;3405255
Key Down;Z;3405672
Key Down;Espace;3405824
Key Up;Z;3406607
Key Up;Espace;3408248
Key Down;Z;3408344
Key Up;Z;3408512
Key Down;F;3410512
Key Down;G;3410520
Key Up;G;3410559
Key Up;F;3410567
Key Down;F;3410927
Key Up;F;3411031
Key Down;F;3411096
Key Up;F;3411152
Key Down;F;3411184
Key Up;F;3411288
Key Down;F;3411376
Key Up;F;3411464
Key Down;F;3411592
Key Up;F;3411648
Key Down;X;3419015
Key Up;X;3419103
Key Down;Z;3423199
Key Up;Z;3426751
Key Down;E;3439375
Key Up;E;3440288
Key Down;Z;3440919
Key Up;Z;3443144
Key Down;E;3443328
Key Up;E;3443432
Key Down;Tab;3455904
Key Up;Tab;3455968
Key Down;Entrée;3472192
Key Up;Entrée;3472255
Key Down;Entrée;3475327
Key Up;Entrée;3475407
Key Down;Entrée;3483527
Key Up;Entrée;3483631
Key Down;Entrée;3484192
Key Up;Entrée;3484296
Key Down;Entrée;3484415
Key Up;Entrée;3484535
Key Down;Echap;3492087
Key Up;Echap;3492215
Key Down;Q;3496623
Key Down;Z;3497287
Key Up;Q;3497311
Key Down;Q;3498351
Key Up;Z;3498407
Key Up;Q;3498880
Key Down;Z;3500400
Key Down;Espace;3502095
Key Up;Espace;3503871
Key Up;Z;3503879
Key Down;F;3504471
Key Up;F;3504543
Key Down;F;3504647
Key Up;F;3504727
Key Down;F;3504823
Key Up;F;3504903
Key Down;F;3504991
Key Up;F;3505079
Key Down;Espace;3507351
Key Up;Espace;3507399
Key Down;Q;3509992
Key Up;Q;3511983
Key Down;Espace;3513143
Key Up;Espace;3513815
Key Down;S;3514527
Key Up;S;3515623
Key Down;Z;3516183
Key Down;Espace;3517607
Key Up;Espace;3518815
Key Down;Espace;3518911
Key Up;Espace;3519648
Key Up;Z;3519808
Key Down;F;3520479
Key Up;F;3520543
Key Down;F;3520655
Key Up;F;3520743
Key Down;F;3520839
Key Up;F;3520911
Key Down;F;3521008
Key Up;F;3521072
Key Down;Espace;3523783
Key Up;Espace;3523928
Key Down;S;3526959
Key Up;S;3527423
Key Down;Q;3527431
Key Up;Q;3529391
Key Down;D;3530703
Key Up;D;3530863
Key Down;Z;3536591
Key Down;Espace;3536783
Key Down;Q;3537431
Key Up;Q;3537903
Key Up;Z;3538015
Key Up;Espace;3539031
Key Down;F;3540391
Key Up;F;3540487
Key Down;F;3540591
Key Up;F;3540687
Key Down;Q;3545495
Key Down;S;3547079
Key Up;S;3547775
Key Up;Q;3548231
Key Down;Z;3548559
Key Down;Espace;3548775
Key Down;Q;3549319
Key Up;Z;3549583
Key Up;Q;3549783
Key Up;Espace;3550183
Key Down;Espace;3550263
Key Up;Espace;3550647
Key Down;Q;3551039
Key Down;Z;3551095
Key Up;Q;3551167
Key Up;Z;3551231
Key Down;F;3552983
Key Up;F;3553048
Key Down;F;3553167
Key Up;F;3553215
Key Down;F;3553391
Key Up;F;3553479
Key Down;F;3553607
Key Up;F;3553655
Key Down;Z;3564671
Key Down;Espace;3565367
Key Up;Z;3567047
Key Up;Espace;3567127
Key Down;Espace;3567263
Key Down;Z;3568999
Key Up;Espace;3569087
Key Up;Z;3569319
Key Down;Z;3569743
Key Down;Espace;3571031
Key Up;Espace;3571239
Key Up;Z;3572151
Key Down;Z;3572943
Key Down;Espace;3573695
Key Up;Z;3574175
Key Down;Z;3574750
Key Up;Espace;3574935
Key Up;Z;3575903
Key Down;Z;3576615
Key Up;Z;3576727
Key Down;Z;3583911
Key Up;Z;3584095
Key Down;Z;3591103
Key Up;Z;3591207
Key Down;X;3593087
Key Up;X;3593151
Key Down;D;3601478
Key Up;D;3601855
Key Down;Z;3622998
Key Down;Espace;3623607
Key Up;Espace;3627383
Key Up;Z;3627511
Key Down;F;3627966
Key Up;F;3628022
Key Down;F;3628110
Key Up;F;3628198
Key Down;F;3628270
Key Up;F;3628359
Key Down;Espace;3630758
Key Up;Espace;3630830
Key Down;Espace;3630966
Key Up;Espace;3631030
Key Down;Espace;3631159
Key Up;Espace;3631215
Key Down;D;3636255
Key Up;D;3636494
Key Down;Z;3636646
Key Up;Z;3636702
Key Down;Z;3637415
Key Down;Espace;3637814
Key Down;Q;3638951
Key Up;Q;3640495
Key Up;Espace;3640558
Key Up;Z;3640670
Key Down;F;3641263
Key Up;F;3641327
Key Down;F;3641415
Key Up;F;3641487
Key Down;F;3641575
Key Up;F;3641655
Key Down;F;3641711
Key Up;F;3641799
Key Down;F;3641879
Key Up;F;3641951
Key Down;F;3642038
Key Up;F;3642118
Key Down;F;3642198
Key Up;F;3642278
Key Down;F;3642342
Key Up;F;3642463
Key Down;F;3642535
Key Up;F;3642663
Key Down;D;3650814
Key Up;D;3651271
Key Down;Z;3652286
Key Up;Z;3652647
Key Down;D;3655527
Key Up;D;3655655
Key Down;Z;3656095
Key Down;Espace;3656630
Key Up;Espace;3657998
Key Up;Z;3658086
Key Down;Z;3659911
Key Up;Z;3661375
Key Down;Z;3662214
Key Up;Z;3667454
Key Down;X;3671646
Key Up;X;3671710
Key Down;D;3674462
Key Down;Z;3675127
Key Up;D;3675542
Key Up;Z;3677791
Key Down;Z;3679742
Key Up;Z;3681078
Key Down;Q;3682054
Key Up;Q;3684119
Key Down;Q;3686719
Key Up;Q;3687990
Key Down;D;3689951
Key Up;D;3692599
Key Down;Z;3692647
Key Down;Espace;3693542
Key Up;Espace;3694790
Key Down;Espace;3695022
Key Up;Espace;3695215
Key Up;Z;3695255
Key Down;F;3695846
Key Up;F;3695902
Key Down;F;3696014
Key Up;F;3696078
Key Down;F;3696174
Key Up;F;3696246
Key Down;F;3696342
Key Up;F;3696422
Key Down;F;3696502
Key Up;F;3696583
Key Down;F;3696671
Key Up;F;3696758
Key Down;F;3696839
Key Up;F;3696927
Key Down;F;3697015
Key Up;F;3697103
Key Down;Z;3707094
Key Down;Espace;3707638
Key Up;Espace;3708926
Key Down;Espace;3709150
Key Up;Espace;3709447
Key Up;Z;3710502
Key Down;Z;3710662
Key Up;Z;3711278
Key Down;S;3713615
Key Up;S;3714638
Key Down;D;3714886
Key Up;D;3715510
Key Down;Z;3716118
Key Down;Espace;3718031
Key Up;Espace;3719399
Key Up;Z;3719535
Key Down;F;3720126
Key Up;F;3720190
Key Down;F;3720286
Key Up;F;3720374
Key Down;F;3720454
Key Up;F;3720542
Key Down;F;3720615
Key Up;F;3720727
Key Down;F;3720783
Key Up;F;3720895
Key Down;F;3720975
Key Up;F;3721095
Key Down;F;3721230
Key Up;F;3721310
Key Down;D;3729246
Key Down;Z;3730662
Key Up;D;3730822
Key Up;Z;3732807
Key Down;F;3735983
Key Up;F;3736047
Key Down;Espace;3738967
Key Up;Espace;3739046
Key Down;F;3741606
Key Up;F;3741926
Key Down;D;3743126
Key Up;D;3744374
Key Down;Z;3744766
Key Up;Z;3745415
Key Down;Z;3745806
Key Up;Z;3745822
Key Down;Q;3746230
Key Up;Q;3746542
Key Down;Z;3746847
Key Up;Z;3748182
Key Down;Z;3748822
Key Up;Z;3749926
Key Down;X;3751374
Key Up;X;3751438
Key Down;S;3757479
Key Up;S;3758006
Key Down;Z;3759718
Key Up;Z;3760326
Key Down;Z;3768766
Key Down;Espace;3770214
Key Up;Espace;3771230
Key Up;Z;3771366
Key Down;F;3771815
Key Up;F;3771887
Key Down;F;3771998
Key Up;F;3772070
Key Down;F;3772158
Key Up;F;3772230
Key Down;F;3772326
Key Up;F;3772398
Key Down;F;3772518
Key Up;F;3772590
Key Down;F;3772710
Key Up;F;3772782
Key Down;F;3772910
Key Up;F;3772982
Key Down;F;3773094
Key Up;F;3773183
Key Down;F;3773303
Key Up;F;3773398
Key Down;Z;3779038
Key Up;Z;3780854
Key Down;Z;3781654
Key Down;Espace;3782374
Key Up;Espace;3784638
Key Up;Z;3785102
Key Down;Z;3785982
Key Up;Z;3786326
Key Down;Z;3787118
Key Up;Z;3787774
Key Down;D;3789358
Key Up;D;3789862
Key Down;Q;3790318
Key Up;Q;3791487
Key Down;S;3791494
Key Up;S;3792190
Key Down;F;3793286
Key Up;F;3793350
Key Down;Espace;3794246
Key Up;Espace;3795550
Key Down;Z;3796550
Key Down;Espace;3797414
Key Up;Espace;3798526
Key Up;Z;3798678
Key Down;Z;3800478
Key Down;Espace;3801430
Key Up;Espace;3802446
Key Up;Z;3802550
Key Down;D;3810014
Key Up;D;3810230
Key Down;F;3812494
Key Up;F;3812558
Key Down;Espace;3815326
Key Up;Espace;3815493
Key Down;Z;3817830
Key Down;Espace;3818734
Key Up;Espace;3820110
Key Up;Z;3820254
Key Down;Z;3821766
Key Up;Z;3822790
Key Down;X;3823957
Key Up;X;3824013
Key Down;Z;3833870
Key Up;Z;3834174
Key Down;Z;3845782
Key Down;D;3847566
Key Up;D;3847918
Key Up;Z;3850438
Key Down;D;3850886
Key Up;D;3851038
Key Down;Z;3851094
Key Up;Z;3852174
Key Down;Espace;3853614
Key Up;Espace;3853670
Key Down;Z;3862918
Key Up;Z;3863670
Key Down;D;3864918
Key Up;D;3865094
Key Down;Z;3865630
Key Up;Z;3865838
Key Down;D;3866366
Key Up;D;3867054
Key Down;Espace;3868718
Key Up;Espace;3868902
Key Down;Z;3871446
Key Up;Z;3871758
Key Down;Z;3872381
Key Up;Z;3876734
Key Down;Tab;3878646
Key Up;Tab;3878701
Key Down;Apostrophe;3891869
Key Up;Apostrophe;3891974
Key Down;Echap;3893213
Key Up;Echap;3893293
Key Down;Tab;3894381
Key Up;Tab;3894461
Key Down;Z;3896918
Key Up;Z;3899957
Key Down;Espace;3900277
Key Up;Espace;3900381
Key Down;Z;3908821
Key Down;Espace;3909582
Key Up;Espace;3909845
Key Up;Z;3910718
Key Down;Z;3913486
Key Up;Z;3915517
Key Down;Z;3917213
Key Up;Z;3918301
Key Down;Z;3920470
Key Up;Z;3921277
Key Down;Tab;3922813
Key Up;Tab;3922885
Key Down;Echap;3927790
Key Up;Echap;3927886
Key Down;Tab;3929070
Key Up;Tab;3929134
Key Down;F;3932118
Key Up;F;3932174
Key Down;Espace;3936589
Key Up;Espace;3936661
Key Down;D;3939014
Key Up;D;3939397
Key Down;D;3939461
Key Down;Z;3940861
Key Up;D;3940869
Key Down;Left Control;3942349
Key Up;Left Control;3943869
Key Up;Z;3948734
Key Down;Z;3955005
Key Up;Z;3955878
Key Down;Z;3956981
Key Up;Z;3958005
Key Down;Espace;3958277
Key Up;Espace;3958381
Key Down;E;3964837
Key Up;E;3965053
Key Down;Tab;3966958
Key Up;Tab;3967014
Key Down;Tab;3971029
Key Up;Tab;3971085
Key Down;Z;3973885
Key Down;Espace;3974749
Key Up;Espace;3975005
Key Down;Espace;3982389
Key Up;Espace;3983485
Key Down;Espace;3983773
Key Up;Espace;3983869
Key Down;Espace;3985590
Key Up;Espace;3986093
Key Down;Espace;3986493
Key Up;Espace;3989581
Key Up;Z;3989741
Key Down;Espace;3990069
Key Up;Espace;3990277
Key Down;Z;3992693
Key Down;Espace;3994285
Key Up;Espace;3996557
Key Down;Espace;3997573
Key Up;Espace;3998573
Key Up;Z;4001501
Key Down;Z;4002229
Key Up;Z;4003813
Key Down;Z;4005101
Key Up;Z;4005469
Key Down;Tab;4007053
Key Up;Tab;4007125
Key Down;Tab;4010365
Key Up;Tab;4010430
Key Down;Z;4011733
Key Down;Espace;4013294
Key Up;Espace;4020245
Key Up;Z;4020397
Key Down;Tab;4022901
Key Up;Tab;4022941
Key Down;Echap;4025861
Key Up;Echap;4025917
Key Down;Tab;4027221
Key Up;Tab;4027301
Key Down;Z;4027965
Key Down;Espace;4029757
Key Up;Espace;4038181
Key Up;Z;4038301
Key Down;Tab;4039133
Key Up;Tab;4039221
Key Down;Echap;4041957
Key Up;Echap;4042037
Key Down;Tab;4042861
Key Up;Tab;4042933
Key Down;Z;4043493
Key Down;Espace;4044509
Key Up;Espace;4048789
Key Down;E;4050797
Key Up;E;4051245
Key Up;Z;4052181
Key Down;Z;4052413
Key Down;Espace;4052829
Key Up;Espace;4055797
Key Up;Z;4055957
Key Down;Z;4057029
Key Down;E;4057341
Key Up;Z;4057429
Key Up;E;4057925
Key Down;Z;4058421
Key Up;Z;4061932
Key Down;Left Control;4068293
Key Up;Left Control;4068589
Key Down;D;4081421
Key Up;D;4081756
Key Down;Z;4081764
Key Down;Espace;4082493
Key Up;Espace;4085213
Key Up;Z;4085277
Key Down;Espace;4085972
Key Up;Espace;4086068
Key Down;F;4092277
Key Up;F;4094981
Key Down;Espace;4095325
Key Up;Espace;4095533
Key Down;Z;4097164
Key Up;Z;4099005
Key Down;Espace;4099996
Key Up;Espace;4100100
Key Down;Z;4102828
Key Up;Z;4104157
Key Down;Z;4105245
Key Up;Z;4105933
Key Down;Z;4106276
Key Up;Z;4106877
Key Down;Z;4107804
Key Up;Z;4108797
Key Down;X;4111085
Key Up;X;4111148
Key Down;D;4119861
Key Up;D;4120157
Key Down;D;4120644
Key Up;D;4123588
Key Down;Z;4124141
Key Up;Z;4124804
Key Down;Z;4125076
Key Up;Z;4125797
Key Down;Z;4126388
Key Up;Z;4127445
Key Down;Z;4128501
Key Up;Z;4129004
Key Down;Z;4130173
Key Up;Z;4130468
Key Down;Z;4134780
Key Up;Z;4138493
Key Down;Z;4138893
Key Up;Z;4140949
Key Down;Z;4143372
Key Up;Z;4144852
Key Down;Left Control;4146509
Key Up;Left Control;4147821
Key Down;X;4148932
Key Up;X;4148988
Key Down;Left Control;4150188
Key Down;Z;4151973
Key Up;Z;4156741
Key Down;Z;4157452
Key Up;Z;4157925
Key Up;Left Control;4158181
Key Down;X;4158637
Key Up;X;4158708
Key Down;Z;4163925
Key Up;Z;4168061
Key Down;Z;4169972
Key Up;Z;4171324
Key Down;Z;4226292
Key Up;Z;4227932
Key Down;X;4229644
Key Up;X;4229708
Key Down;A;4232341
Key Up;A;4232692
Key Down;A;4233252
Key Up;A;4233340
Key Down;F;4236717
Key Up;F;4236773
Key Down;Espace;4241204
Key Up;Espace;4241236
Key Down;Z;4243725
Key Up;Z;4244900
Key Down;Espace;4245772
Key Up;Espace;4245868
Key Down;D;4247268
Key Up;D;4247668
Key Down;Z;4254020
Key Up;Z;4255644
Key Down;Z;4256148
Key Up;Z;4256796
Key Down;Z;4261341
Key Up;Z;4261788
Key Down;Z;4262196
Key Up;Z;4262524
Key Down;S;4266996
Key Up;S;4267452
Key Down;S;4267860
Key Up;S;4268356
Key Down;Q;4274780
Key Up;Q;4275396
Key Down;Q;4275836
Key Up;Q;4276012
Key Down;Z;4277060
Key Up;Z;4277308
Key Down;Z;4281836
Key Up;Z;4286484
Key Down;Z;4287500
Key Up;Z;4290508
Key Down;Z;4293916
Key Up;Z;4294452
Key Down;Z;4299828
Key Up;Z;4309364
Key Down;Z;4310300
Key Up;Z;4310628
Key Down;Q;4312236
Key Up;Q;4312564
Key Down;Z;4313404
Key Up;Z;4313884
Key Down;Z;4314860
Key Up;Z;4316300
Key Down;Z;4330851
Key Up;Z;4333172
Key Down;Espace;4338236
Key Up;Espace;4338292
Key Down;Z;4369588
Key Down;D;4370372
Key Up;D;4370964
Key Up;Z;4374915
Key Down;Tab;4382860
Key Up;Tab;4382932
Key Down;Tab;4389372
Key Up;Tab;4389444
Key Down;Z;4391132
Key Down;Espace;4391939
Key Up;Espace;4393612
Key Down;Espace;4393820
Key Up;Espace;4393964
Key Down;Espace;4397411
Key Up;Espace;4402195
Key Up;Z;4402299
Key Down;Z;4402956
Key Down;Espace;4404555
Key Up;Espace;4405348
Key Up;Z;4407172
Key Down;Z;4419299
Key Up;Z;4419411
Key Down;Z;4420092
Key Up;Z;4420571
Key Down;Z;4421907
Key Down;Espace;4422979
Key Up;Espace;4433971
Key Up;Z;4434115
Key Down;Z;4436164
Key Down;Espace;4437708
Key Up;Espace;4437867
Key Up;Z;4438139
Key Down;Z;4499851
Key Up;Z;4500059
Key Down;Z;4502523
Key Up;Z;4503051
Key Down;Espace;4503235
Key Up;Espace;4503427
Key Down;Z;4505859
Key Up;Z;4506275
Key Down;Espace;4506491
Key Up;Espace;4506707
Key Down;Z;4507123
Key Down;Espace;4507555
Key Up;Espace;4507691
Key Up;Z;4507707
Key Down;Z;4509011
Key Down;Left Control;4510427
Key Up;Z;4510531
Key Down;Z;4511171
Key Up;Left Control;4522003
Key Down;Left Control;4522939
Key Up;Left Control;4525187
Key Down;Left Control;4526043
Key Up;Left Control;4537283
Key Up;Z;4537931
Key Down;X;4541467
Key Up;X;4541523
Key Down;D;4548091
Key Up;D;4550235
Key Down;Espace;4552355
Key Up;Espace;4552427
Key Down;F;4553339
Key Up;F;4553411
Key Down;Z;4561011
Key Up;Z;4561131
Key Down;Espace;4561715
Key Up;Espace;4561899
Key Down;Z;4566499
Key Up;Z;4567211
Key Down;Z;4568050
Key Up;Z;4568363
Key Down;Q;4571819
Key Up;Q;4572306
Key Down;Z;4572314
Key Up;Z;4575091
Key Down;Espace;4577523
Key Up;Espace;4577683
Key Down;Left Control;4579827
Key Down;Z;4580963
Key Up;Z;4591515
Key Up;Left Control;4591587
Key Down;X;4592266
Key Up;X;4592322
Key Down;Tab;4597451
Key Up;Tab;4597523
Key Down;Tab;4604371
Key Up;Tab;4604451
Key Down;Z;4606882
Key Up;Z;4608146
Key Down;F;4609914
Key Up;F;4609971
Key Down;F;4614450
Key Up;F;4614506
Key Down;Espace;4618235
Key Up;Espace;4618291
Key Down;D;4622275
Key Down;Z;4622762
Key Up;D;4622850
Key Up;Z;4626714
Key Down;Z;4670298
Key Up;Z;4670922
Key Down;Q;4671579
Key Down;Z;4671603
Key Up;Q;4671675
Key Up;Z;4672450
Key Down;Z;4701226
Key Up;Z;4702266
Key Down;Z;4702802
Key Up;Z;4703610
Key Down;X;4704866
Key Up;X;4704930
Key Down;Z;4706730
Key Up;Z;4707978
Key Down;Z;4715058
Key Up;Z;4716442
Key Down;Z;4717154
Key Down;X;4719634
Key Up;X;4719779
Key Down;Espace;4722994
Key Up;Espace;4727826
Key Down;Espace;4729122
Key Up;Espace;4730290
Key Down;Espace;4731059
Key Up;Espace;4734898
Key Up;Z;4735274
Key Down;Z;4742098
Key Up;Z;4743410
Key Down;Z;4745898
Key Up;Z;4746178
Key Down;Z;4747530
Key Up;Z;4749042
Key Down;Z;4750074
Key Up;Z;4751282
Key Down;Z;4751810
Key Up;Z;4753698
Key Down;Z;4754538
Key Up;Z;4754770
Key Down;Espace;4755042
Key Up;Espace;4755210
Key Down;Espace;4756762
Key Up;Espace;4756834
Key Down;Espace;4756938
Key Up;Espace;4757002
Key Down;Espace;4757098
Key Up;Espace;4757162
Key Down;Espace;4757458
Key Up;Espace;4757530
Key Down;Espace;4757626
Key Up;Espace;4757690
Key Down;Espace;4757794
Key Up;Espace;4757850
Key Down;Espace;4757954
Key Up;Espace;4758010
Key Down;Espace;4758106
Key Up;Espace;4758178
Key Down;Espace;4758282
Key Up;Espace;4758346
Key Down;Espace;4758458
Key Up;Espace;4758514
Key Down;Espace;4758626
Key Up;Espace;4758698
Key Down;Espace;4758802
Key Up;Espace;4758890
Key Down;Espace;4758994
Key Up;Espace;4759066
Key Down;Espace;4759170
Key Up;Espace;4759241
Key Down;Espace;4759354
Key Up;Espace;4759426
Key Down;Espace;4759538
Key Up;Espace;4759602
Key Down;Espace;4759730
Key Up;Espace;4759786
Key Down;Espace;4759938
Key Up;Espace;4760002
Key Down;Espace;4760138
Key Up;Espace;4760194
Key Down;Left Control;4761778
Key Down;Z;4762474
Key Up;Left Control;4763106
Key Down;Espace;4767946
Key Up;Espace;4768074
Key Down;Espace;4768818
Key Up;Espace;4768906
Key Down;Espace;4769034
Key Up;Espace;4769113
Key Down;Espace;4769218
Key Up;Espace;4769322
Key Down;Espace;4769394
Key Up;Espace;4769530
Key Down;Espace;4769698
Key Up;Z;4769978
Key Up;Espace;4770066
Key Down;Espace;4770210
Key Up;Espace;4770298
Key Down;Espace;4770386
Key Up;Espace;4770466
Key Down;Espace;4770553
Key Up;Espace;4770626
Key Down;Espace;4770706
Key Up;Espace;4770778
Key Down;Espace;4770882
Key Up;Espace;4770986
Key Down;Espace;4771066
Key Up;Espace;4771154
Key Down;Espace;4771242
Key Up;Espace;4771330
Key Down;Espace;4771418
Key Up;Espace;4771506
Key Down;Espace;4771594
Key Up;Espace;4771690
Key Down;Espace;4771770
Key Up;Espace;4771874
Key Down;Espace;4771953
Key Up;Espace;4772058
Key Down;Espace;4772146
Key Up;Espace;4772242
Key Down;Espace;4772322
Key Up;Espace;4772450
Key Down;Espace;4772546
Key Up;Espace;4772650
Key Down;Espace;4772746
Key Up;Espace;4772826
Key Down;Espace;4772842
Key Up;Espace;4772930
Key Down;Espace;4773042
Key Up;Espace;4773106
Key Down;Espace;4773234
Key Up;Espace;4773314
Key Down;Espace;4773433
Key Up;Espace;4773530
Key Down;Espace;4773682
Key Up;Espace;4773770
Key Down;X;4778282
Key Up;X;4778330
Key Down;Z;4782458
Key Up;Z;4782977
Key Down;Z;4787218
Key Up;Z;4790465
Key Down;Z;4791257
Key Up;Z;4791818
Key Down;Q;4812874
Key Up;Q;4813345
Key Down;Z;4813633
Key Up;Z;4814402
Key Down;Z;4814466
Key Up;Z;4814857
Key Down;Q;4815250
Key Up;Q;4815378
Key Down;D;4817513
Key Up;D;4817777
Key Down;Z;4818266
Key Up;Z;4818458
Key Down;Z;4821873
Key Down;Espace;4826642
Key Up;Espace;4826826
Key Up;Z;4827698
Key Down;D;4828058
Key Down;Z;4828594
Key Up;D;4828705
Key Up;Z;4831337
Key Down;Tab;4834441
Key Up;Tab;4834506
Key Down;Echap;4847785
Key Up;Echap;4847841
Key Down;Tab;4849009
Key Up;Tab;4849089
Key Down;D;4850898
Key Down;Z;4851273
Key Up;D;4851313
Key Down;Espace;4851810
Key Up;Espace;4853737
Key Down;Espace;4855057
Key Up;Espace;4856121
Key Down;Espace;4856850
Key Up;Espace;4864657
Key Up;Z;4864913
Key Down;Z;4865610
Key Down;Espace;4866642
Key Up;Espace;4868050
Key Up;Z;4868554
Key Down;Espace;4869649
Key Down;Z;4869681
Key Up;Z;4870194
Key Down;Z;4871153
Key Up;Espace;4872065
Key Up;Z;4872281
Key Down;Espace;4873689
Key Up;Espace;4873841
Key Down;Z;4875378
Key Down;Espace;4877018
Key Up;Espace;4880193
Key Down;Espace;4881545
Key Up;Espace;4884722
Key Up;Z;4884834
Key Down;Z;4892889
Key Down;Espace;4893634
Key Up;Espace;4895026
Key Up;Z;4895153
Key Down;Z;4895425
Key Down;Espace;4898425
Key Up;Espace;4898577
Key Down;Espace;4899074
Key Up;Espace;4899961
Key Up;Z;4899993
Key Down;Espace;4900354
Key Up;Espace;4900466
Key Down;D;4906969
Key Up;D;4907169
Key Down;D;4909137
Key Down;Z;4910721
Key Up;D;4910745
Key Up;Z;4912001
Key Down;Z;4912449
Key Down;D;4913633
Key Up;D;4914017
Key Down;D;4915106
Key Up;D;4915681
Key Down;D;4920137
Key Up;D;4920241
Key Down;D;4921050
Key Up;D;4921201
Key Down;D;4921249
Key Up;D;4921337
Key Down;D;4922290
Key Up;D;4923281
Key Up;Z;4923642
Key Down;D;4925409
Key Up;D;4925649
Key Down;Z;4925729
Key Down;Q;4926474
Key Up;Q;4926913
Key Down;D;4928074
Key Up;D;4928193
Key Down;D;4936137
Key Up;D;4936489
Key Up;Z;4937745
Key Down;X;4939921
Key Up;X;4939969
Key Down;D;4950585
Key Up;D;4950905
Key Down;Z;4950913
Key Up;Z;4952321
Key Down;Z;4954961
Key Up;Z;4955410
Key Down;D;4955577
Key Up;D;4955889
Key Down;Z;4962025
Key Up;Z;4962337
Key Down;D;4962402
Key Up;D;4962785
Key Down;Z;4962793
Key Down;D;4965274
Key Up;D;4966233
Key Up;Z;4966794
Key Down;D;4967233
Key Up;D;4967529
Key Down;D;4968545
Key Up;D;4969305
Key Down;Z;4969337
Key Down;D;4969953
Key Up;Z;4970105
Key Down;Z;4970185
Key Up;D;4970281
Key Down;D;4978305
Key Up;D;4978625
Key Down;D;4979745
Key Up;D;4979889
Key Up;Z;4980161
Key Down;Tab;4984657
Key Up;Tab;4984722
Key Down;Echap;5015449
Key Up;Echap;5015505
Key Down;Echap;5035281
Key Up;Echap;5035345
Key Down;Z;5039033
Key Up;Z;5040153
Key Down;D;5040657
Key Down;Z;5040913
Key Up;D;5040969
Key Down;D;5042264
Key Up;D;5042713
Key Down;D;5043657
Key Up;D;5043768
Key Up;Z;5047177
Key Down;Z;5048064
Key Up;Z;5048561
Key Down;S;5053001
Key Up;S;5054593
Key Down;Z;5054617
Key Down;Q;5054928
Key Up;Q;5055120
Key Up;Z;5055793
Key Down;D;5056544
Key Up;D;5058457
Key Down;Z;5058489
Key Down;Q;5058609
Key Up;Z;5058633
Key Down;S;5059224
Key Up;Q;5059240
Key Down;D;5060185
Key Up;S;5060273
Key Up;D;5060872
Key Down;Z;5062024
Key Down;D;5062921
Key Up;D;5063089
Key Up;Z;5064553
Key Down;Z;5065473
Key Up;Z;5066145
Key Down;Espace;5067624
Key Up;Espace;5067680
Key Down;Q;5078408
Key Up;Q;5079065
Key Down;Z;5079129
Key Up;Z;5079289
Key Down;D;5079816
Key Down;Z;5080225
Key Up;D;5080473
Key Up;Z;5087233
Key Down;Espace;5087297
Key Up;Espace;5087481
Key Down;X;5094136
Key Up;X;5094249
Key Down;X;5095801
Key Up;X;5095897
Key Down;Z;5098008
Key Up;Z;5098184
Key Down;Q;5098200
Key Up;Q;5099360
Key Down;Z;5099464
Key Up;Z;5101641
Key Down;X;5103568
Key Up;X;5103720
Key Down;D;5106864
Key Down;Z;5107289
Key Up;D;5107297
Key Down;D;5108953
Key Up;D;5109081
Key Up;Z;5110249
Key Down;Z;5110760
Key Up;Z;5111401
Key Down;Espace;5114040
Key Up;Espace;5114105
Key Down;Q;5130496
Key Up;Q;5131385
Key Down;Espace;5132040
Key Up;Espace;5132128
Key Down;D;5148321
Key Up;D;5148904
Key Down;Z;5149304
Key Up;Z;5150624
Key Down;Espace;5151360
Key Up;Espace;5151448
Key Down;Z;5168920
Key Up;Z;5169328
Key Down;X;5170392
Key Up;X;5170456
Key Down;D;5174912
Key Down;Z;5175480
Key Up;D;5175521
Key Up;Z;5176488
Key Down;D;5176817
Key Down;Z;5177320
Key Up;D;5177352
Key Up;Z;5178000
Key Down;Z;5182257
Key Up;Z;5187272
Key Down;Z;5188464
Key Up;Z;5194081
Key Down;Z;5194744
Key Up;Z;5195256
Key Down;D;5195777
Key Up;D;5196088
Key Down;Z;5196856
Key Up;Z;5197480
Key Down;Espace;5197864
Key Up;Espace;5197976
Key Down;Z;5199961
Key Down;D;5200832
Key Up;D;5201040
Key Down;D;5202288
Key Up;D;5202408
Key Down;D;5203264
Key Up;D;5203376
Key Up;Z;5207680
Key Down;Z;5210216
Key Down;Espace;5211496
Key Up;Espace;5212728
Key Up;Z;5212864
Key Down;Z;5213592
Key Down;Espace;5214608
Key Up;Espace;5215944
Key Up;Z;5216056
Key Down;X;5252032
Key Up;X;5252096
Key Down;X;5252864
Key Up;X;5252984
Key Down;X;5253104
Key Up;X;5253232
Key Down;X;5253360
Key Up;X;5253432
Key Down;X;5253592
Key Up;X;5253688
Key Down;X;5253832
Key Up;X;5253944
Key Down;X;5257224
Key Up;X;5257344
Key Down;X;5257488
Key Up;X;5257608
Key Down;X;5258184
Key Up;X;5258656
Key Down;X;5259128
Key Up;X;5259208
Key Down;D;5261023
Key Up;D;5261111
Key Down;D;5268768
Key Down;Espace;5271368
Key Up;Espace;5272888
Key Up;D;5273056
Key Down;Espace;5273304
Key Down;D;5273935
Key Up;Espace;5274552
Key Up;D;5274696
Key Down;D;5275720
Key Up;D;5276064
Key Down;D;5279040
Key Down;Espace;5279288
Key Up;Espace;5285095
Key Up;D;5285159
Key Down;D;5289456
Key Down;Espace;5289784
Key Up;Espace;5290607
Key Up;D;5290695
Key Down;D;5291080
Key Up;D;5291416
Key Down;D;5291616
Key Up;D;5292063
Key Down;Z;5292856
Key Up;Z;5293776
Key Down;Z;5299760
Key Down;Espace;5300064
Key Up;Espace;5301176
Key Up;Z;5301264
Key Down;Espace;5301584
Key Up;Espace;5302015
Key Down;D;5302752
Key Up;D;5303231
Key Down;D;5303920
Key Up;D;5303992
Key Down;D;5304112
Key Up;D;5304248
Key Down;Q;5304663
Key Up;Q;5304984
Key Down;Z;5305312
Key Up;Z;5305552
Key Down;Z;5306071
Key Up;Z;5306215
Key Down;Espace;5310080
Key Up;Espace;5310191
Key Down;D;5311488
Key Up;D;5312312
Key Down;D;5312616
Key Up;D;5312688
Key Down;Espace;5312896
Key Up;Espace;5313023
Key Down;Espace;5313680
Key Up;Espace;5313736
Key Down;Espace;5313896
Key Up;Espace;5313944
Key Down;D;5314936
Key Down;Z;5315256
Key Up;Z;5315568
Key Down;Espace;5316063
Key Up;Espace;5316920
Key Down;Espace;5317064
Key Up;Espace;5318168
Key Down;Espace;5318320
Key Up;Espace;5318480
Key Down;Espace;5318599
Key Up;Espace;5318727
Key Down;Espace;5318807
Key Up;Espace;5318951
Key Up;D;5319208
Key Down;Q;5319440
Key Up;Q;5319688
Key Down;Q;5321439
Key Up;Q;5321559
Key Down;Q;5322616
Key Up;Q;5322680
Key Down;Q;5322728
Key Up;Q;5322855
Key Down;Z;5323535
Key Up;Z;5323783
Key Down;D;5324240
Key Up;D;5324488
Key Down;Q;5324520
Key Up;Q;5325880
Key Down;S;5326024
Key Up;S;5326063
Key Down;S;5326159
Key Down;Q;5326167
Key Up;Q;5326183
Key Up;S;5326567
Key Down;Q;5326575
Key Up;Q;5327272
Key Down;Z;5327559
Key Up;Z;5327759
Key Down;Z;5328208
Key Up;Z;5328336
Key Down;D;5333640
Key Down;Q;5339016
Key Up;D;5339048
Key Down;Espace;5339359
Key Up;Espace;5340320
Key Up;Q;5340360
Key Down;D;5347040
Key Down;Espace;5347600
Key Up;D;5347823
Key Up;Espace;5347855
Key Down;Q;5348079
Key Up;Q;5348904
Key Down;Q;5349143
Key Up;Q;5349767
Key Down;D;5417559
Key Down;Espace;5417944
Key Down;Q;5419336
Key Down;Z;5419344
Key Up;Z;5419448
Key Up;Q;5419472
Key Up;Espace;5420519
Key Down;Espace;5420632
Key Up;Espace;5420720
Key Down;Espace;5420800
Key Up;Espace;5420856
Key Down;Espace;5420935
Key Up;Espace;5420999
Key Down;Espace;5421079
Key Up;Espace;5421151
Key Down;Espace;5421239
Key Up;Espace;5421327
Key Down;Espace;5422248
Key Up;Espace;5422535
Key Down;Espace;5422639
Key Up;Espace;5422735
Key Down;Espace;5422839
Key Up;Espace;5422911
Key Down;Espace;5423351
Key Down;Q;5423359
Key Up;Espace;5423431
Key Up;Q;5423624
Key Down;Z;5424231
Key Down;Espace;5424583
Key Up;Espace;5424663
Key Down;Espace;5424815
Key Up;Espace;5424912
Key Down;Espace;5424984
Key Up;Espace;5425080
Key Down;Q;5425088
Key Down;Espace;5425183
Key Up;D;5425231
Key Up;Espace;5425271
Key Up;Z;5425343
Key Up;Q;5425543
Key Down;F;5426111
Key Up;F;5426175
Key Down;F;5426255
Key Up;F;5426312
Key Down;F;5426376
Key Up;F;5426440
Key Down;F;5426503
Key Up;F;5426575
Key Down;F;5426631
Key Up;F;5426703
Key Down;F;5426751
Key Up;F;5426823
Key Down;F;5426871
Key Up;F;5426959
Key Down;D;5432319
Key Up;D;5432783
Key Down;Espace;5435839
Key Up;Espace;5435967
Key Down;D;5436375
Key Up;D;5436543
Key Down;Espace;5436975
Key Up;Espace;5437087
Key Down;D;5437927
Key Down;Espace;5439359
Key Up;Espace;5440536
Key Down;Espace;5440655
Key Up;Espace;5441031
Key Up;D;5441359
Key Down;D;5441767
Key Up;D;5442063
Key Down;Z;5443159
Key Up;Z;5443471
Key Down;Z;5443607
Key Up;Z;5443959
Key Down;D;5444543
Key Up;D;5444688
Key Down;D;5446184
Key Down;Espace;5446719
Key Up;Espace;5446975
Key Up;D;5447639
Key Down;Z;5448135
Key Down;Q;5448471
Key Up;Q;5448903
Key Up;Z;5449263
Key Down;Espace;5450039
Key Up;Espace;5450167
Key Down;Tab;5468495
Key Up;Tab;5468567
Key Down;Tab;5470143
Key Up;Tab;5470215
Key Down;D;5473022
Key Up;D;5473639
Key Down;S;5473799
Key Up;S;5474791
Key Down;Z;5475183
Key Down;D;5476759
Key Up;D;5476959
Key Down;Q;5477495
Key Up;Q;5478935
Key Down;Espace;5483055
Key Up;Espace;5483511
Key Up;Z;5484583
Key Down;Tab;5494215
Key Up;Tab;5494359
Key Down;Entrée;5501247
Key Up;Entrée;5501311
Key Down;Entrée;5504071
Key Up;Entrée;5504175
Key Down;Entrée;5515927
Key Up;Entrée;5516007
Key Down;Echap;5517559
Key Up;Echap;5517711
Key Down;Q;5519918
Key Down;Z;5520151
Key Up;Q;5520175
Key Down;Espace;5521543
Key Up;Espace;5523599
Key Up;Z;5523807
Key Down;Espace;5524006
Key Up;Espace;5524174
Key Down;Z;5525598
Key Up;Z;5526407
Key Down;Z;5526575
Key Down;Espace;5528167
Key Up;Espace;5536679
Key Up;Z;5536855
Key Down;Z;5542055
Key Down;Espace;5542559
Key Up;Espace;5544398
Key Up;Z;5544574
Key Down;Z;5547294
Key Up;Z;5547871
Key Down;S;5552431
Key Up;S;5554262
Key Down;Z;5554663
Key Up;Z;5554903
Key Down;Z;5557302
Key Up;Z;5557470
Key Down;Q;5557775
Key Up;Q;5558047
Key Down;Z;5558390
Key Up;Z;5558534
Key Down;D;5594463
Key Down;Z;5595430
Key Up;D;5595462
Key Down;Espace;5596566
Key Up;Espace;5597359
Key Down;Espace;5597719
Key Up;Espace;5598366
Key Down;Espace;5600039
Key Up;Espace;5603422
Key Up;Z;5603630
Key Down;Espace;5604535
Key Up;Espace;5604814
Key Down;Z;5604854
Key Up;Z;5607950
Key Down;Espace;5608142
Key Up;Espace;5608310
Key Down;Z;5616879
Key Up;Z;5617102
Key Down;Z;5618527
Key Up;Z;5618623
Key Down;Z;5622038
Key Up;Z;5628150
Key Down;Z;5629182
Key Up;Z;5630063
Key Down;Z;5630878
Key Up;Z;5631942
Key Down;Z;5634279
Key Up;Z;5634558
Key Down;Z;5635854
Key Up;Z;5637127
Key Down;Espace;5637438
Key Up;Espace;5638647
Key Down;Espace;5638870
Key Up;Espace;5638934
Key Down;Espace;5639062
Key Up;Espace;5639126
Key Down;Espace;5639246
Key Up;Espace;5639294
Key Down;Espace;5639422
Key Up;Espace;5639486
Key Down;Espace;5639622
Key Up;Espace;5639670
Key Down;Espace;5639783
Key Up;Espace;5639831
Key Down;Espace;5639943
Key Up;Espace;5639999
Key Down;Espace;5640126
Key Up;Espace;5640182
Key Down;Espace;5640286
Key Up;Espace;5640350
Key Down;Espace;5640446
Key Up;Espace;5640510
Key Down;Espace;5640622
Key Up;Espace;5640670
Key Down;Espace;5640790
Key Up;Espace;5640846
Key Down;Espace;5640974
Key Up;Espace;5641014
Key Down;Espace;5641143
Key Up;Espace;5641199
Key Down;Espace;5641311
Key Up;Espace;5641383
Key Down;Espace;5641479
Key Up;Espace;5641566
Key Down;Espace;5641694
Key Up;Espace;5641782
Key Down;Espace;5641902
Key Up;Espace;5641950
Key Down;Espace;5642070
Key Up;Espace;5642134
Key Down;Espace;5642238
Key Up;Espace;5642310
Key Down;Espace;5642438
Key Up;Espace;5642518
Key Down;Espace;5642655
Key Up;Espace;5642719
Key Down;Espace;5642831
Key Up;Espace;5642903
Key Down;Espace;5643006
Key Up;Espace;5643102
Key Down;Espace;5643206
Key Up;Espace;5643302
Key Down;Espace;5643430
Key Up;Espace;5643526
Key Down;Espace;5643686
Key Up;Espace;5643766
Key Down;Espace;5643942
Key Up;Espace;5644071
Key Down;Espace;5644191
Key Up;Espace;5644318
Key Down;Left Control;5645974
Key Down;Z;5646558
Key Up;Left Control;5647430
Key Up;Z;5654734
Key Down;Z;5655606
Key Up;Z;5656990
Key Down;Z;5657070
Key Up;Z;5657918
Key Down;Z;5658239
Key Up;Z;5658494
Key Down;Left Control;5658766
Key Down;Z;5658926
Key Up;Left Control;5659462
Key Up;Z;5666183
Key Down;Z;5667974
Key Up;Z;5669374
Key Down;Z;5672662
Key Down;Espace;5674094
Key Up;Espace;5674718
Key Down;Espace;5674918
Key Up;Z;5674942
Key Up;Espace;5674974
Key Down;Espace;5675822
Key Up;Espace;5675878
Key Down;Espace;5675982
Key Up;Espace;5676030
Key Down;Espace;5676126
Key Up;Espace;5676182
Key Down;Espace;5676270
Key Up;Espace;5676326
Key Down;Espace;5676430
Key Up;Espace;5676486
Key Down;Espace;5676590
Key Up;Espace;5676638
Key Down;Espace;5676718
Key Up;Espace;5676782
Key Down;Espace;5676878
Key Up;Espace;5676918
Key Down;Espace;5677022
Key Up;Espace;5677079
Key Down;Espace;5677175
Key Up;Espace;5677230
Key Down;Espace;5677318
Key Up;Espace;5677382
Key Down;Espace;5677454
Key Up;Espace;5677518
Key Down;Espace;5677622
Key Up;Espace;5677670
Key Down;Espace;5677758
Key Up;Espace;5677814
Key Down;Espace;5677902
Key Up;Espace;5677966
Key Down;Espace;5678054
Key Up;Espace;5678110
Key Down;Espace;5678198
Key Up;Espace;5678286
Key Down;Espace;5678350
Key Up;Espace;5678430
Key Down;Espace;5678511
Key Up;Espace;5678575
Key Down;Espace;5678678
Key Up;Espace;5678726
Key Down;Espace;5678822
Key Up;Espace;5678878
Key Down;Espace;5678966
Key Up;Espace;5679046
Key Down;Espace;5679126
Key Up;Espace;5679190
Key Down;Espace;5679270
Key Up;Espace;5679350
Key Down;Espace;5679462
Key Up;Espace;5679518
Key Down;Espace;5679630
Key Up;Espace;5679678
Key Down;Espace;5679798
Key Up;Espace;5679838
Key Down;Espace;5679967
Key Up;Espace;5680007
Key Down;Espace;5680126
Key Up;Espace;5680174
Key Down;Espace;5680302
Key Up;Espace;5680366
Key Down;Espace;5680478
Key Up;Espace;5680526
Key Down;Espace;5680646
Key Up;Espace;5680710
Key Down;Espace;5680822
Key Up;Espace;5680870
Key Down;Espace;5680998
Key Up;Espace;5681030
Key Down;Espace;5681166
Key Up;Espace;5681190
Key Down;Espace;5681311
Key Up;Espace;5681351
Key Down;Espace;5681470
Key Up;Espace;5681518
Key Down;Z;5684398
Key Up;Z;5684870
Key Down;Left Control;5690110
Key Down;Z;5691334
Key Up;Z;5697774
Key Up;Left Control;5697846
Key Down;Espace;5723022
Key Up;Espace;5723861
Key Down;Espace;5724022
Key Up;Espace;5724086
Key Down;Espace;5724198
Key Up;Espace;5724254
Key Down;Espace;5724366
Key Up;Espace;5724422
Key Down;Espace;5724534
Key Up;Espace;5724598
Key Down;Espace;5724710
Key Up;Espace;5724774
Key Down;Espace;5724878
Key Up;Espace;5724966
Key Down;Espace;5725062
Key Up;Espace;5725126
Key Down;Espace;5725246
Key Up;Espace;5725309
Key Down;Espace;5725438
Key Up;Espace;5725502
Key Down;Espace;5725638
Key Up;Espace;5725702
Key Down;Espace;5725830
Key Up;Espace;5725894
Key Down;Espace;5726014
Key Up;Espace;5726070
Key Down;Espace;5726198
Key Up;Espace;5726254
Key Down;Espace;5726390
Key Up;Espace;5726454
Key Down;Espace;5726614
Key Up;Espace;5726686
Key Down;Espace;5727038
Key Up;Espace;5727086
Key Down;D;5731494
Key Up;D;5731614
Key Down;Z;5731662
Key Up;Z;5732262
Key Down;Z;5733302
Key Up;Z;5733646
Key Down;D;5734926
Key Up;D;5735190
Key Down;Left Control;5736838
Key Down;Z;5737734
Key Up;Z;5737982
Key Down;Z;5738534
Key Up;Z;5738702
Key Up;Left Control;5744694
Key Down;X;5747717
Key Up;X;5747774
Key Down;Z;5750702
Key Up;Z;5751262
Key Down;Z;5751670
Key Up;Z;5752158
Key Down;Left Control;5753381
Key Down;Z;5754685
Key Up;Z;5759350
Key Down;Z;5759813
Key Up;Z;5761110
Key Down;Z;5762262
Key Up;Z;5766502
Key Up;Left Control;5766566
Key Down;Espace;5789701
Key Up;Espace;5789765
Key Down;Espace;5790166
Key Up;Espace;5790246
Key Down;Espace;5790374
Key Up;Espace;5790446
Key Down;Espace;5790558
Key Up;Espace;5790606
Key Down;Espace;5790709
Key Up;Espace;5790765
Key Down;Espace;5790853
Key Up;Espace;5790925
Key Down;Espace;5791005
Key Up;Espace;5791093
Key Down;Espace;5791165
Key Up;Espace;5791254
Key Down;Espace;5791334
Key Up;Espace;5791398
Key Down;Espace;5791478
Key Up;Espace;5791566
Key Down;Espace;5791646
Key Up;Espace;5791718
Key Down;Espace;5791806
Key Up;Espace;5791862
Key Down;Espace;5791966
Key Up;Espace;5792030
Key Down;Espace;5792149
Key Up;Espace;5792221
Key Down;Espace;5792333
Key Up;Espace;5792397
Key Down;Espace;5792549
Key Up;Espace;5792621
Key Down;Espace;5792782
Key Up;Espace;5792862
Key Down;Espace;5793062
Key Up;Espace;5793134
Key Down;Espace;5793446
Key Up;Espace;5793502
Key Down;Espace;5793645
Key Up;Espace;5793709
Key Down;Espace;5793829
Key Up;Espace;5793909
Key Down;Left Control;5798350
Key Down;Z;5798750
Key Up;Z;5800029
Key Up;Left Control;5808686
Key Down;Z;5812230
Key Up;Z;5814021
Key Down;Espace;5814854
Key Up;Espace;5814966
Key Down;Espace;5816062
Key Up;Espace;5816126
Key Down;Espace;5816238
Key Up;Espace;5816302
Key Down;Espace;5816414
Key Up;Espace;5816478
Key Down;Espace;5816566
Key Up;Espace;5816621
Key Down;Espace;5816717
Key Up;Espace;5816781
Key Down;Espace;5816869
Key Up;Espace;5816941
Key Down;Espace;5817037
Key Up;Espace;5817109
Key Down;Espace;5817197
Key Up;Espace;5817294
Key Down;Espace;5817382
Key Up;Espace;5817478
Key Down;Espace;5817566
Key Up;Espace;5817654
Key Down;Espace;5817758
Key Up;Espace;5817854
Key Down;Espace;5817958
Key Up;Espace;5818045
Key Down;Espace;5818141
Key Up;Espace;5818245
Key Down;Espace;5818357
Key Up;Espace;5818445
Key Down;Espace;5818557
Key Up;Espace;5818637
Key Down;Espace;5818750
Key Up;Espace;5818838
Key Down;Espace;5818950
Key Up;Espace;5819054
Key Down;Espace;5819158
Key Up;Espace;5819262
Key Down;Espace;5819358
Key Up;Espace;5819453
Key Down;Espace;5819565
Key Up;Espace;5819645
Key Down;Espace;5819757
Key Up;Espace;5819861
Key Down;Espace;5820013
Key Up;Espace;5820086
Key Down;Espace;5820222
Key Up;Espace;5820358
Key Down;Left Control;5822621
Key Down;Z;5823582
Key Up;Z;5826814
Key Down;Z;5830149
Key Up;Z;5830566
Key Down;Z;5831950
Key Up;Z;5832229
Key Down;Z;5832565
Key Up;Z;5832805
Key Down;Z;5833102
Key Up;Z;5833366
Key Down;Z;5834101
Key Up;Z;5835517
Key Down;Z;5836757
Key Up;Z;5836933
Key Down;Z;5844013
Key Up;Z;5847294
Key Down;Z;5847989
Key Up;Z;5848477
Key Down;Espace;5849445
Key Up;Espace;5849597
Key Down;Z;5852229
Key Up;Z;5857717
Key Down;Z;5858821
Key Up;Z;5860461
Key Down;Z;5863358
Key Up;Z;5867557
Key Down;Z;5868133
Key Up;Z;5879253
Key Down;W;5880709
Key Up;W;5880909
Key Down;X;5881925
Key Up;X;5882101
Key Down;D;5888013
Key Down;Z;5889357
Key Up;D;5889365
Key Down;D;5890853
Key Up;D;5891005
Key Up;Z;5895141
Key Down;Q;5899837
Key Up;Q;5900789
Key Down;Z;5902389
Key Up;Z;5903133
Key Down;Q;5903261
Key Up;Q;5903725
Key Down;Z;5904109
Key Up;Z;5905021
Key Down;Q;5905421
Key Down;Z;5905749
Key Up;Z;5905893
Key Down;Z;5906013
Key Up;Q;5906101
Key Up;Z;5915326
Key Down;Z;5922381
Key Up;Z;5923437
Key Down;D;5926029
Key Up;D;5926981
Key Down;Z;5927229
Key Up;Z;5930237
Key Down;Z;5933917
Key Up;Z;5934997
Key Down;Z;5937997
Key Up;Z;5938669
Key Down;Z;5939301
Key Up;Z;5941701
Key Down;Z;5943565
Key Up;Z;5944845
Key Down;Z;5945181
Key Up;Z;5952629
Key Down;Z;5953452
Key Up;Z;5954853
Key Down;Z;5956165
Key Up;Z;5957733
Key Down;F;5967349
Key Up;F;5967492
Key Down;Espace;5970365
Key Up;Espace;5970501
Key Up;Left Control;5971437
Key Down;Z;5973453
Key Up;Z;5973613
Key Down;Espace;5974277
Key Up;Espace;5974389
Key Down;Left Control;5975413
Key Down;Z;5977845
Key Up;Z;5978197
Key Down;Z;5980533
Key Up;Z;5980716
Key Down;Z;5982277
Key Up;Z;5982853
Key Down;Z;5987413
Key Up;Z;5987700
Key Down;Z;5989156
Key Up;Z;5989405
Key Down;Z;5992068
Key Up;Z;5993300
Key Down;Z;5993669
Key Up;Z;6004084
Key Down;F;6005069
Key Up;F;6005221
Key Down;F;6005981
Key Up;F;6006077
Key Down;Espace;6008717
Key Up;Espace;6008853
Key Down;F;6011517
Key Up;F;6011733
Key Down;D;6012949
Key Up;D;6013245
Key Down;Q;6014749
Key Up;Q;6014869
Key Down;E;6015636
Key Up;E;6015805
Key Down;E;6017060
Key Up;E;6017405
Key Down;Z;6018220
Key Up;Z;6018821
Key Up;Left Control;6026413
Key Down;Q;6141388
Key Up;Q;6141772
Key Down;Q;6142061
Key Up;Q;6142436
Key Down;Espace;6142788
Key Up;Espace;6143292
Key Down;Espace;6143485
Key Up;Espace;6143636
Key Down;Espace;6143852
Key Up;Espace;6143964
Key Down;D;6144636
Key Down;Z;6144900
Key Up;Z;6145124
Key Down;Z;6145188
Key Up;Z;6145916
Key Down;Z;6146084
Key Up;Z;6146188
Key Up;D;6146500
Key Down;Q;6146908
Key Down;Z;6147612
Key Up;Q;6147684
Key Down;Espace;6148293
Key Up;Espace;6150796
Key Down;Espace;6151420
Key Up;Espace;6152052
Key Down;Espace;6152156
Key Up;Espace;6153420
Key Down;Espace;6153740
Key Up;Espace;6154156
Key Down;Espace;6154332
Key Up;Espace;6154932
Key Up;Z;6156300
Key Down;Espace;6157124
Key Down;D;6157869
Key Up;D;6158700
Key Up;Espace;6158820
Key Down;D;6159293
Key Down;Espace;6159644
Key Up;D;6160308
Key Down;D;6160476
Key Down;Q;6162732
Key Up;D;6162804
Key Down;Z;6164885
Key Up;Q;6165052
Key Up;Espace;6170036
Key Down;Espace;6170412
Key Up;Espace;6170692
Key Down;Espace;6171044
Key Up;Espace;6171620
Key Down;Espace;6171916
Key Up;Espace;6175324
Key Down;Espace;6175532
Key Up;Espace;6176492
Key Down;Espace;6176652
Key Up;Espace;6179852
Key Down;Espace;6180004
Key Up;Espace;6180124
Key Down;Espace;6180212
Key Up;Espace;6181516
Key Down;Espace;6181700
Key Up;Espace;6182172
Key Down;Espace;6182276
Key Up;Espace;6182860
Key Down;Espace;6183052
Key Up;Espace;6183172
Key Down;Espace;6183276
Key Up;Espace;6183396
Key Down;Espace;6183476
Key Up;Espace;6183572
Key Down;Espace;6183644
Key Up;Espace;6183748
Key Down;Espace;6183844
Key Up;Espace;6183956
Key Down;Espace;6185516
Key Up;Espace;6189900
Key Down;Espace;6190036
Key Up;Espace;6190156
Key Down;Espace;6190244
Key Up;Espace;6190356
Key Down;Espace;6190492
Key Up;Espace;6190516
Key Down;Espace;6191516
Key Up;Espace;6195652
Key Down;Espace;6195780
Key Up;Espace;6195924
Key Down;Espace;6195948
Key Up;Espace;6196044
Key Down;Espace;6196156
Key Up;Espace;6196300
Key Down;Espace;6196956
Key Up;Espace;6197060
Key Down;Espace;6197244
Key Up;Espace;6197348
Key Down;Espace;6199004
Key Up;Espace;6199148
Key Down;Espace;6199820
Key Up;Espace;6200564
Key Down;Espace;6201236
Key Up;Espace;6201380
Key Down;Espace;6201508
Key Up;Espace;6201612
Key Down;Espace;6201700
Key Up;Espace;6201812
Key Down;Espace;6201908
Key Up;Espace;6201996
Key Down;Espace;6203140
Key Up;Espace;6203212
Key Down;Espace;6203435
Key Up;Espace;6203579
Key Down;Espace;6203748
Key Up;Espace;6203844
Key Down;Espace;6203932
Key Up;Espace;6204116
Key Down;Espace;6205276
Key Up;Espace;6205340
Key Down;Espace;6205492
Key Up;Espace;6205580
Key Down;Espace;6206148
Key Up;Espace;6206412
Key Down;Espace;6206740
Key Up;Espace;6212044
Key Up;Z;6212651
Key Down;Espace;6223036
Key Up;Espace;6223676
Key Down;Z;6225628
Key Down;Espace;6226348
Key Up;Espace;6228684
Key Down;Espace;6228763
Key Up;Espace;6228891
Key Down;Espace;6228971
Key Up;Espace;6229140
Key Down;Espace;6229228
Key Up;Espace;6229348
Key Down;Espace;6229452
Key Up;Espace;6229700
Key Down;Espace;6230380
Key Up;Espace;6234932
Key Down;Espace;6235211
Key Up;Espace;6235523
Key Down;Espace;6235635
Key Up;Espace;6235732
Key Down;Espace;6235828
Key Up;Espace;6235932
Key Down;Espace;6236052
Key Up;Espace;6236116
Key Down;Espace;6238340
Key Up;Espace;6238668
Key Down;Espace;6246363
Key Up;Espace;6246628
Key Down;Espace;6247707
Key Up;Espace;6248868
Key Up;Z;6256363
Key Down;Z;6256564
Key Down;Espace;6256716
Key Up;Espace;6256844
Key Down;Espace;6257371
Key Up;Espace;6258675
Key Down;Espace;6259035
Key Up;Espace;6259492
Key Down;Espace;6259748
Key Up;Espace;6261611
Key Down;Espace;6261779
Key Up;Espace;6267724
Key Down;Espace;6267812
Key Up;Espace;6268259
Key Down;Espace;6268371
Key Up;Espace;6268467
Key Down;Espace;6268619
Key Up;Espace;6268740
Key Down;Espace;6268900
Key Up;Espace;6269940
Key Down;Espace;6270060
Key Up;Espace;6271348
Key Down;Espace;6271412
Key Up;Espace;6271516
Key Down;Espace;6271596
Key Up;Espace;6271740
Key Down;Espace;6271748
Key Up;Espace;6271963
Key Down;Espace;6272059
Key Up;Espace;6272259
Key Down;Espace;6272388
Key Up;Espace;6272508
Key Down;Espace;6273572
Key Up;Espace;6276347
Key Down;Espace;6276572
Key Up;Espace;6278779
Key Down;Espace;6279020
Key Up;Espace;6279292
Key Down;Espace;6279404
Key Up;Espace;6279524
Key Down;Espace;6279612
Key Up;Espace;6279747
Key Down;Espace;6280179
Key Up;Espace;6280708
Key Down;Espace;6280956
Key Up;Espace;6281595
Key Down;Espace;6282731
Key Up;Espace;6284756
Key Down;Espace;6284892
Key Up;Espace;6285915
Key Down;Espace;6286108
Key Up;Espace;6286580
Key Down;Espace;6286692
Key Up;Espace;6286827
Key Down;Espace;6286923
Key Up;Espace;6287051
Key Down;Espace;6287299
Key Up;Espace;6287508
Key Down;Espace;6287716
Key Up;Espace;6288347
Key Down;Espace;6288467
Key Up;Espace;6291523
Key Down;Espace;6291820
Key Up;Espace;6294820
Key Down;Espace;6295195
Key Up;Espace;6295315
Key Up;Z;6296491
Key Down;Z;6297156
Key Down;Espace;6297804
Key Up;Espace;6300116
Key Down;Espace;6300356
Key Up;Espace;6305155
Key Down;Espace;6305331
Key Up;Espace;6305884
Key Down;Espace;6306084
Key Up;Espace;6307636
Key Down;Espace;6307947
Key Up;Espace;6308780
Key Down;Espace;6308940
Key Up;Espace;6314396
Key Up;Z;6314851
Key Down;Espace;6337396
Key Down;Z;6338043
Key Up;Espace;6338163
Key Down;Espace;6338499
Key Up;Espace;6341723
Key Down;Espace;6346187
Key Up;Espace;6347811
Key Down;Espace;6347939
Key Up;Espace;6348052
Key Down;Espace;6348140
Key Up;Espace;6348260
Key Down;Espace;6348372
Key Up;Espace;6348459
Key Down;Espace;6348555
Key Up;Espace;6348659
Key Down;Q;6351571
Key Up;Q;6351923
Key Down;Espace;6353011
Key Up;Espace;6357723
Key Down;Espace;6357779
Key Up;Espace;6358099
Key Up;Z;6366403
Key Down;Z;6366491
Key Down;Espace;6367475
Key Up;Espace;6369307
Key Down;Espace;6374115
Key Up;Espace;6374699
Key Down;Q;6374891
Key Up;Q;6375459
Key Down;Espace;6376051
Key Up;Espace;6377123
Key Down;Espace;6377387
Key Up;Espace;6382755
Key Down;Espace;6382843
Key Up;Espace;6382963
Key Down;Espace;6383035
Key Up;Espace;6383163
Key Down;Espace;6387899
Key Up;Espace;6388532
Key Down;Espace;6388627
Key Up;Espace;6388755
Key Down;Espace;6388835
Key Up;Espace;6388947
Key Down;Espace;6389843
Key Up;Espace;6390131
Key Down;Espace;6396603
Key Up;Espace;6398107
Key Down;Espace;6404915
Key Up;Espace;6405043
Key Down;Espace;6405171
Key Up;Espace;6405299
Key Down;Espace;6405419
Key Up;Espace;6405555
Key Down;Espace;6405595
Key Up;Espace;6405771
Key Down;Espace;6405884
Key Up;Espace;6406003
Key Down;Espace;6406115
Key Up;Espace;6406251
Key Down;Espace;6406355
Key Up;Espace;6406467
Key Down;Espace;6406579
Key Up;Espace;6406675
Key Down;Espace;6406795
Key Up;Espace;6406899
Key Down;Espace;6407043
Key Up;Espace;6407131
Key Down;Espace;6407244
Key Up;Espace;6407347
Key Down;Espace;6407467
Key Up;Espace;6407563
Key Down;Espace;6408147
Key Up;Espace;6408475
Key Down;Espace;6410251
Key Up;Espace;6410403
Key Down;Espace;6412515
Key Up;Espace;6412691
Key Down;Espace;6412796
Key Up;Espace;6412915
Key Down;Espace;6413035
Key Up;Espace;6413163
Key Down;Espace;6413211
Key Up;Espace;6413315
Key Down;Espace;6413403
Key Up;Espace;6413539
Key Down;Espace;6419339
Key Up;Espace;6419443
Key Down;Espace;6419563
Key Up;Espace;6419659
Key Down;Espace;6419779
Key Up;Espace;6419867
Key Down;Espace;6420075
Key Up;Espace;6420163
Key Down;Espace;6420507
Key Up;Espace;6420675
Key Down;Espace;6424651
Key Up;Espace;6424843
Key Down;Espace;6424995
Key Up;Espace;6425051
Key Down;Espace;6425099
Key Up;Espace;6425171
Key Down;Espace;6425299
Key Up;Espace;6425411
Key Down;Espace;6425539
Key Up;Espace;6425731
Key Down;Espace;6426243
Key Up;Espace;6426435
Key Down;Espace;6426579
Key Up;Espace;6426795
Key Down;Espace;6426835
Key Up;Espace;6427643
Key Down;Espace;6427771
Key Up;Espace;6427907
Key Down;Espace;6428043
Key Up;Espace;6428547
Key Down;Espace;6433827
Key Up;Espace;6434083
Key Down;Espace;6434171
Key Up;Espace;6434307
Key Down;Espace;6434411
Key Up;Espace;6434514
Key Down;Espace;6434635
Key Up;Espace;6434747
Key Down;Espace;6434867
Key Up;Espace;6434987
Key Down;Espace;6435491
Key Up;Espace;6435635
Key Down;Espace;6435755
Key Up;Espace;6435883
Key Down;Espace;6436002
Key Up;Espace;6436155
Key Down;Espace;6436275
Key Up;Espace;6436419
Key Down;Espace;6437555
Key Up;Espace;6437707
Key Down;Espace;6437787
Key Up;Espace;6437907
Key Down;Espace;6440050
Key Up;Espace;6440291
Key Down;Espace;6440435
Key Up;Espace;6440555
Key Down;Espace;6440715
Key Up;Espace;6440875
Key Down;Espace;6441035
Key Up;Espace;6441171
Key Down;Espace;6441315
Key Up;Espace;6441418
Key Down;Espace;6447306
Key Up;Espace;6447675
Key Down;Espace;6447779
Key Up;Espace;6447907
Key Down;Espace;6447979
Key Up;Espace;6448083
Key Down;Espace;6448171
Key Up;Espace;6448275
Key Down;Espace;6448371
Key Up;Espace;6448467
Key Down;Espace;6448594
Key Up;Espace;6448714
Key Down;Espace;6448835
Key Up;Espace;6448955
Key Down;Espace;6449091
Key Up;Espace;6449291
Key Down;Espace;6449323
Key Up;Espace;6449531
Key Down;Espace;6451019
Key Up;Espace;6451155
Key Down;Espace;6451243
Key Up;Espace;6451378
Key Down;Espace;6451474
Key Up;Espace;6451611
Key Down;Espace;6451675
Key Up;Espace;6451771
Key Down;Espace;6452659
Key Up;Espace;6452802
Key Down;Espace;6452938
Key Up;Espace;6453035
Key Down;Espace;6453219
Key Up;Espace;6453307
Key Down;Espace;6453451
Key Up;Espace;6453571
Key Down;Espace;6453739
Key Up;Espace;6453851
Key Down;Espace;6454675
Key Up;Espace;6454819
Key Down;Espace;6459666
Key Up;Espace;6459747
Key Down;Espace;6459923
Key Up;Espace;6460027
Key Down;Espace;6460139
Key Up;Espace;6460235
Key Down;Espace;6460371
Key Up;Espace;6460419
Key Down;Espace;6460627
Key Up;Espace;6460731
Key Down;Espace;6460898
Key Up;Espace;6461034
Key Down;Espace;6461195
Key Up;Espace;6461251
Key Down;Espace;6461379
Key Up;Espace;6461475
Key Down;Espace;6461603
Key Up;Espace;6461723
Key Down;Espace;6462003
Key Up;Espace;6462163
Key Down;Espace;6462331
Key Up;Espace;6462427
Key Down;Espace;6462594
Key Up;Espace;6462698
Key Down;Espace;6462875
Key Up;Espace;6462995
Key Down;Espace;6463147
Key Up;Espace;6463235
Key Down;Espace;6463371
Key Up;Espace;6463435
Key Down;Espace;6466874
Key Up;Espace;6467050
Key Down;Espace;6467139
Key Up;Espace;6467275
Key Down;Espace;6467363
Key Up;Espace;6467483
Key Down;Espace;6467563
Key Up;Espace;6467667
Key Down;Espace;6467747
Key Up;Espace;6467859
Key Down;Espace;6468115
Key Up;Espace;6468186
Key Up;Z;6468747
Key Down;D;6483355
Key Down;Z;6483922
Key Up;D;6484435
Key Down;Espace;6484675
Key Up;Espace;6485027
Key Up;Z;6485530
Key Down;Z;6486419
Key Up;Z;6486698
Key Down;Z;6486858
Key Down;Espace;6487579
Key Up;Espace;6489562
Key Down;Espace;6489915
Key Up;Espace;6491066
Key Down;Espace;6491714
Key Up;Espace;6491859
Key Down;Espace;6491971
Key Up;Espace;6492091
Key Down;Espace;6492171
Key Up;Espace;6492275
Key Down;Espace;6493403
Key Up;Espace;6494282
Key Down;Espace;6494466
Key Up;Espace;6496851
Key Down;Espace;6503083
Key Up;Espace;6503330
Key Down;Espace;6503482
Key Up;Espace;6503586
Key Down;Espace;6503714
Key Up;Espace;6503771
Key Down;Espace;6503907
Key Up;Espace;6503979
Key Down;Espace;6504139
Key Up;Espace;6504387
Key Down;Espace;6504579
Key Up;Espace;6504674
Key Down;Espace;6504802
Key Up;Espace;6504914
Key Down;Espace;6505050
Key Up;Espace;6505139
Key Down;Espace;6505371
Key Up;Espace;6505491
Key Down;Espace;6505659
Key Up;Espace;6505763
Key Down;Espace;6505955
Key Up;Espace;6506042
Key Down;Espace;6506186
Key Up;Espace;6506322
Key Down;Espace;6506506
Key Up;Espace;6506587
Key Down;Espace;6506819
Key Up;Espace;6506867
Key Down;Espace;6507099
Key Up;Espace;6507171
Key Down;Espace;6507586
Key Up;Espace;6507659
Key Up;Z;6508155
Key Down;Espace;6509930
Key Down;Z;6509938
Key Up;Espace;6510074
Key Down;Espace;6510155
Key Up;Espace;6510267
Key Down;Espace;6510363
Key Up;Espace;6510499
Key Down;Espace;6510571
Key Up;Espace;6510715
Key Up;Z;6511434
Key Down;Z;6511714
Key Down;Espace;6512163
Key Up;Espace;6512291
Key Down;Espace;6512499
Key Up;Espace;6512523
Key Down;Espace;6512771
Key Up;Espace;6512874
Key Down;Espace;6513018
Key Up;Espace;6513114
Key Down;Espace;6513491
Key Up;Espace;6513635
Key Down;Espace;6513875
Key Up;Espace;6513955
Key Down;Espace;6514187
Key Up;Espace;6514283
Key Down;Espace;6514674
Key Up;Espace;6514794
Key Down;Espace;6514923
Key Up;Espace;6515083
Key Down;Espace;6515243
Key Up;Espace;6515355
Key Up;Z;6516074
Key Down;Z;6516563
Key Up;Z;6517403
Key Down;Z;6519667
Key Down;Espace;6520707
Key Up;Espace;6520915
Key Down;Espace;6521282
Key Up;Espace;6527650
Key Up;Z;6532162
Key Down;Z;6532906
Key Down;Espace;6532946
Key Up;Z;6533162
Key Down;Z;6533419
Key Up;Espace;6535642
Key Down;Espace;6536858
Key Up;Espace;6540738
Key Up;Z;6541227
Key Down;Z;6543498
Key Down;Espace;6545786
Key Up;Espace;6545930
Key Down;Espace;6546058
Key Up;Espace;6546146
Key Down;Espace;6546234
Key Up;Espace;6546346
Key Down;Espace;6546490
Key Up;Espace;6546587
Key Down;Espace;6546683
Key Up;Espace;6546811
Key Down;Espace;6546915
Key Up;Espace;6547043
Key Down;Espace;6547155
Key Up;Espace;6547258
Key Down;Espace;6547378
Key Up;Espace;6547466
Key Down;Espace;6547594
Key Up;Espace;6547698
Key Down;Espace;6552443
Key Up;Espace;6552571
Key Down;Espace;6552691
Key Up;Espace;6552787
Key Down;Espace;6552890
Key Up;Espace;6552986
Key Down;Espace;6553130
Key Up;Espace;6553194
Key Down;Espace;6554874
Key Up;Espace;6554962
Key Down;Espace;6560706
Key Up;Espace;6560818
Key Down;Espace;6560930
Key Up;Espace;6561019
Key Down;Espace;6561139
Key Up;Espace;6561203
Key Down;Espace;6561307
Key Up;Espace;6561395
Key Down;Espace;6561507
Key Up;Espace;6561634
Key Down;Espace;6561746
Key Up;Espace;6561834
Key Down;Espace;6566635
Key Up;Espace;6566731
Key Down;Espace;6566867
Key Up;Espace;6566947
Key Down;Espace;6567099
Key Up;Espace;6567218
Key Down;Espace;6567354
Key Up;Espace;6567434
Key Down;Espace;6567578
Key Up;Espace;6567682
Key Down;Espace;6567826
Key Up;Espace;6567970
Key Down;Espace;6568115
Key Up;Espace;6568251
Key Down;Espace;6568307
Key Up;Espace;6568571
Key Down;Espace;6568754
Key Up;Espace;6568826
Key Down;Espace;6568970
Key Up;Espace;6569074
Key Down;Espace;6569218
Key Up;Espace;6569378
Key Down;Espace;6569523
Key Up;Espace;6569659
Key Down;Espace;6569842
Key Up;Espace;6570050
Key Down;Espace;6570306
Key Up;Espace;6570499
Key Down;Espace;6570699
Key Up;Espace;6570874
Key Down;Espace;6571146
Key Up;Espace;6571282
Key Down;Espace;6571410
Key Up;Espace;6571546
Key Down;Espace;6571714
Key Up;Espace;6571842
Key Down;Espace;6571930
Key Up;Espace;6572042
Key Down;Espace;6572123
Key Up;Espace;6572243
Key Down;Espace;6572379
Key Up;Espace;6572507
Key Down;Espace;6572642
Key Up;Espace;6572682
Key Down;Espace;6578874
Key Up;Espace;6578994
Key Down;Espace;6579122
Key Up;Espace;6579195
Key Down;Espace;6579331
Key Up;Espace;6579411
Key Down;Espace;6579563
Key Up;Espace;6579611
Key Down;Espace;6579778
Key Up;Espace;6579866
Key Down;Espace;6580018
Key Up;Espace;6580130
Key Down;Espace;6580258
Key Up;Espace;6580346
Key Down;Espace;6580498
Key Up;Espace;6580562
Key Down;Espace;6580707
Key Up;Espace;6580795
Key Down;Espace;6580947
Key Up;Espace;6581019
Key Down;Espace;6581218
Key Up;Espace;6581250
Key Down;Espace;6585531
Key Up;Espace;6585651
Key Down;Espace;6585779
Key Up;Espace;6585874
Key Down;Espace;6585978
Key Up;Espace;6586074
Key Down;Espace;6586162
Key Up;Espace;6586274
Key Down;Espace;6586362
Key Up;Espace;6586466
Key Down;Espace;6586570
Key Up;Espace;6586674
Key Up;Z;6590426
Key Down;Z;6590562
Key Down;Espace;6590827
Key Up;Espace;6591554
Key Down;Espace;6602578
Key Up;Espace;6602650
Key Down;Espace;6602778
Key Up;Espace;6602842
Key Down;Espace;6602978
Key Up;Espace;6603058
Key Down;Espace;6603202
Key Up;Espace;6603282
Key Down;Espace;6604066
Key Up;Espace;6604210
Key Down;Espace;6608514
Key Up;Espace;6608626
Key Down;Espace;6608746
Key Up;Espace;6608842
Key Down;Espace;6613874
Key Up;Espace;6613946
Key Down;Espace;6615426
Key Up;Espace;6615530
Key Down;Espace;6615658
Key Up;Espace;6615738
Key Down;Espace;6615834
Key Up;Espace;6615922
Key Down;Espace;6616050
Key Up;Espace;6616179
Key Down;Espace;6616330
Key Up;Espace;6616418
Key Down;Espace;6616530
Key Up;Espace;6616610
Key Down;Espace;6616730
Key Up;Espace;6616826
Key Down;Espace;6617539
Key Up;Espace;6617691
Key Down;Espace;6617834
Key Up;Espace;6617962
Key Down;Espace;6628802
Key Up;Espace;6628882
Key Down;Espace;6628986
Key Up;Espace;6629090
Key Down;Espace;6629203
Key Up;Espace;6629299
Key Up;Z;6632434
Key Down;Z;6649426
Key Down;Espace;6649618
Key Up;Espace;6652146
Key Up;Z;6652258
Key Down;Espace;6658986
Key Down;Z;6659154
Key Up;Espace;6659162
Key Down;Espace;6659290
Key Up;Z;6659354
Key Up;Espace;6659402
Key Down;Espace;6659474
Key Up;Espace;6659602
Key Down;Espace;6659626
Key Up;Espace;6659730
Key Down;Espace;6659778
Key Up;Espace;6659874
Key Down;Espace;6659946
Key Up;Espace;6660066
Key Down;Espace;6660146
Key Up;Espace;6660306
Key Down;Espace;6660354
Key Up;Espace;6660554
Key Down;Espace;6660674
Key Up;Espace;6660826
Key Down;Espace;6660858
Key Up;Espace;6661290
Key Down;Espace;6661322
Key Up;Espace;6661506
Key Down;Z;6662138
Key Down;Espace;6662498
Key Up;Espace;6665170
Key Up;Z;6665410
Key Down;Z;6666002
Key Up;Z;6668354
Key Down;Z;6668554
Key Up;Z;6669498
Key Down;Z;6670162
Key Up;Z;6670242
Key Down;Z;6670434
Key Up;Z;6670730
Key Down;Z;6670898
Key Up;Z;6671130
Key Down;Z;6671226
Key Up;Z;6671418
Key Down;Z;6679105
Key Down;Espace;6679618
Key Up;Espace;6681090
Key Down;Espace;6681202
Key Up;Espace;6682674
Key Down;Espace;6684218
Key Up;Espace;6689186
Key Down;Espace;6695266
Key Up;Espace;6695370
Key Down;Espace;6695450
Key Up;Espace;6695554
Key Down;Espace;6695626
Key Up;Espace;6695690
Key Down;Espace;6695778
Key Up;Espace;6695874
Key Down;Espace;6696018
Key Up;Espace;6696122
Key Down;Espace;6699762
Key Up;Espace;6699874
Key Down;Espace;6699954
Key Up;Espace;6700050
Key Down;Espace;6700130
Key Up;Espace;6700218
Key Down;Espace;6700346
Key Up;Espace;6700442
Key Down;Espace;6701378
Key Up;Espace;6701442
Key Down;Espace;6701618
Key Up;Espace;6701794
Key Down;Espace;6701938
Key Up;Espace;6702017
Key Down;Espace;6702153
Key Up;Espace;6702201
Key Down;Espace;6702778
Key Up;Espace;6702890
Key Down;Espace;6703018
Key Up;Espace;6703122
Key Down;Espace;6709906
Key Up;Espace;6710162
Key Down;Espace;6710258
Key Up;Espace;6710354
Key Down;Espace;6710465
Key Up;Espace;6710545
Key Down;Espace;6710713
Key Up;Espace;6710770
Key Down;Espace;6710890
Key Up;Espace;6711010
Key Down;Espace;6711154
Key Up;Espace;6711306
Key Down;Espace;6712097
Key Up;Espace;6712218
Key Down;Espace;6712330
Key Up;Espace;6712410
Key Down;Espace;6712554
Key Up;Espace;6712658
Key Down;Espace;6712802
Key Up;Espace;6712898
Key Down;Espace;6713058
Key Up;Espace;6713138
Key Down;Espace;6713273
Key Up;Espace;6713361
Key Down;Espace;6713489
Key Up;Espace;6713602
Key Down;Espace;6713714
Key Up;Espace;6713834
Key Down;Espace;6713962
Key Up;Espace;6714082
Key Down;Espace;6714242
Key Up;Espace;6714330
Key Down;Espace;6714466
Key Up;Espace;6714546
Key Down;Espace;6714969
Key Up;Espace;6715058
Key Up;Z;6715754
Key Down;Z;6715890
Key Down;Espace;6717346
Key Up;Espace;6717450
Key Down;Espace;6717545
Key Up;Espace;6717657
Key Down;Espace;6717721
Key Up;Espace;6717834
Key Down;Espace;6717882
Key Up;Espace;6718010
Key Down;Espace;6718130
Key Up;Espace;6718218
Key Down;Espace;6718338
Key Up;Espace;6718474
Key Down;Espace;6718610
Key Up;Espace;6718754
Key Down;Espace;6718913
Key Up;Espace;6719073
Key Down;Espace;6719194
Key Up;Espace;6719354
Key Down;Espace;6719450
Key Up;Espace;6719586
Key Down;Espace;6719698
Key Up;Espace;6719882
Key Down;Espace;6722338
Key Up;Espace;6724977
Key Down;Espace;6725138
Key Up;Espace;6725274
Key Down;Espace;6725394
Key Up;Espace;6726881
Key Down;Espace;6734129
Key Up;Espace;6734241
Key Down;Espace;6734418
Key Up;Espace;6734506
Key Down;Espace;6734618
Key Up;Espace;6734762
Key Down;Espace;6735730
Key Up;Espace;6735858
Key Down;Espace;6735970
Key Up;Espace;6736058
Key Down;Espace;6736154
Key Up;Espace;6736242
Key Down;Espace;6736354
Key Up;Espace;6736442
Key Down;Espace;6742106
Key Up;Espace;6742194
Key Down;Espace;6742330
Key Up;Espace;6742426
Key Down;Espace;6742561
Key Up;Espace;6742641
Key Down;Espace;6742785
Key Up;Espace;6742874
Key Down;Espace;6743026
Key Up;Espace;6743106
Key Down;Espace;6746874
Key Up;Espace;6747002
Key Down;Espace;6747482
Key Up;Espace;6747641
Key Down;Espace;6747745
Key Up;Espace;6747817
Key Down;Espace;6747913
Key Up;Espace;6748001
Key Down;Espace;6748106
Key Up;Espace;6748194
Key Down;Espace;6748985
Key Up;Espace;6749241
Key Down;Espace;6749465
Key Up;Espace;6749578
Key Down;Espace;6749714
Key Up;Espace;6749874
Key Down;Espace;6750010
Key Up;Espace;6750138
Key Down;Espace;6750202
Key Up;Espace;6750354
Key Down;Espace;6755929
Key Up;Espace;6756018
Key Down;Espace;6756138
Key Up;Espace;6756202
Key Down;Espace;6756330
Key Up;Espace;6756418
Key Down;Espace;6756546
Key Up;Espace;6756634
Key Down;Espace;6756770
Key Up;Espace;6756889
Key Down;Espace;6757089
Key Up;Espace;6757161
Key Down;Espace;6757650
Key Up;Espace;6757746
Key Down;Espace;6757834
Key Up;Espace;6757938
Key Down;Espace;6758042
Key Up;Espace;6758074
Key Down;Espace;6758818
Key Up;Espace;6759002
Key Down;Espace;6759178
Key Up;Espace;6759298
Key Down;Espace;6767953
Key Up;Espace;6768025
Key Down;Espace;6768201
Key Up;Espace;6768274
Key Down;Espace;6768450
Key Up;Espace;6768498
Key Down;Espace;6768650
Key Up;Espace;6768714
Key Down;Espace;6768898
Key Up;Espace;6768978
Key Down;Espace;6769097
Key Up;Espace;6769169
Key Down;Espace;6769345
Key Up;Espace;6769441
Key Down;Espace;6769610
Key Up;Espace;6769713
Key Down;Espace;6770162
Key Up;Espace;6770282
Key Down;Espace;6770418
Key Up;Espace;6770538
Key Down;Espace;6770738
Key Up;Espace;6770897
Key Down;Espace;6771009
Key Up;Espace;6771097
Key Down;Espace;6771201
Key Up;Espace;6771281
Key Down;Espace;6771706
Key Up;Espace;6771858
Key Down;Espace;6771986
Key Up;Espace;6772098
Key Down;Espace;6772218
Key Up;Espace;6772337
Key Down;Espace;6773498
Key Up;Espace;6773602
Key Down;Espace;6773690
Key Up;Espace;6773793
Key Down;Espace;6773881
Key Up;Espace;6773977
Key Down;Espace;6779465
Key Up;Espace;6779537
Key Down;Espace;6779657
Key Up;Espace;6779737
Key Down;Espace;6779865
Key Up;Espace;6779945
Key Down;Espace;6780082
Key Up;Espace;6780162
Key Down;Espace;6780346
Key Up;Espace;6780442
Key Down;Espace;6780578
Key Up;Espace;6780665
Key Down;Espace;6780825
Key Up;Espace;6780905
Key Down;Espace;6781066
Key Up;Espace;6781170
Key Down;Espace;6781306
Key Up;Espace;6781410
Key Down;Espace;6781538
Key Up;Espace;6781642
Key Down;Espace;6782674
Key Up;Espace;6782794
Key Down;Espace;6787729
Key Up;Espace;6787882
Key Down;Espace;6788002
Key Up;Espace;6788082
Key Down;Espace;6788178
Key Up;Espace;6788266
Key Down;Espace;6788394
Key Up;Espace;6788473
Key Down;Espace;6788593
Key Up;Espace;6788697
Key Down;Espace;6788809
Key Up;Espace;6788921
Key Down;Espace;6789041
Key Up;Espace;6789137
Key Down;Espace;6789282
Key Up;Espace;6789378
Key Down;Espace;6789498
Key Up;Espace;6789594
Key Down;Espace;6789722
Key Up;Espace;6789802
Key Down;Espace;6789961
Key Up;Espace;6790033
Key Down;Espace;6790177
Key Up;Espace;6790265
Key Down;Espace;6790401
Key Up;Espace;6790481
Key Down;Espace;6790601
Key Up;Espace;6790698
Key Down;Espace;6790850
Key Up;Espace;6790938
Key Down;Espace;6791066
Key Up;Espace;6791162
Key Down;Espace;6791321
Key Up;Espace;6791385
Key Down;Espace;6791569
Key Up;Espace;6791674
Key Down;Espace;6791834
Key Up;Espace;6791922
Key Down;Espace;6792305
Key Up;Espace;6792393
Key Down;Espace;6795673
Key Up;Espace;6795777
Key Down;Espace;6795913
Key Up;Espace;6795993
Key Down;Espace;6796113
Key Up;Espace;6796162
Key Down;Espace;6796298
Key Up;Espace;6796354
Key Down;Espace;6796466
Key Up;Espace;6796546
Key Down;Espace;6796658
Key Up;Espace;6796721
Key Down;Espace;6796881
Key Up;Espace;6796993
Key Down;Espace;6797161
Key Up;Espace;6797257
Key Down;Espace;6797377
Key Up;Espace;6797457
Key Down;Espace;6797594
Key Up;Espace;6797666
Key Down;Espace;6797810
Key Up;Espace;6797898
Key Down;Espace;6798066
Key Up;Espace;6798145
Key Down;Espace;6798297
Key Up;Espace;6798425
Key Down;Espace;6798561
Key Up;Espace;6798689
Key Down;Espace;6798833
Key Up;Espace;6798970
Key Down;Espace;6799138
Key Up;Espace;6799585
Key Down;Espace;6803730
Key Up;Espace;6803889
Key Down;Espace;6804065
Key Up;Espace;6804177
Key Down;Espace;6804305
Key Up;Espace;6804457
Key Down;Espace;6805377
Key Up;Espace;6806626
Key Down;Espace;6814602
Key Up;Espace;6814921
Key Down;Espace;6815057
Key Up;Espace;6815137
Key Down;Espace;6815265
Key Up;Espace;6815345
Key Down;Espace;6815490
Key Up;Espace;6815546
Key Down;Espace;6815698
Key Up;Espace;6815762
Key Down;Espace;6816057
Key Up;Espace;6816185
Key Down;Espace;6816465
Key Up;Espace;6816577
Key Down;Espace;6816769
Key Up;Espace;6816825
Key Down;Espace;6816962
Key Up;Espace;6817018
Key Down;Espace;6817162
Key Up;Espace;6817265
Key Down;Espace;6817457
Key Up;Espace;6817569
Key Down;Espace;6817689
Key Up;Espace;6817801
Key Down;Espace;6817962
Key Up;Espace;6818074
Key Up;Z;6818505
Key Down;D;6938904
Key Down;Z;6939233
Key Up;D;6939297
Key Down;Q;6941177
Key Up;Q;6941481
Key Down;Q;6942361
Key Up;Q;6942553
Key Down;Q;6943473
Key Up;Q;6944416
Key Down;Q;6948505
Key Up;Q;6948792
Key Down;Q;6949409
Key Up;Q;6949897
Key Down;Q;6950761
Key Up;Q;6951737
Key Down;Q;6953080
Key Up;Q;6953473
Key Down;Q;6954009
Key Up;Q;6954232
Key Down;Q;6955201
Key Up;Q;6955632
Key Down;Q;6957713
Key Up;Q;6957897
Key Down;E;6960112
Key Up;E;6960433
Key Up;Z;6960849
Key Down;Z;6961592
Key Up;Z;6962457
Key Down;Echap;6974088
Key Up;Echap;6974144
