Event;Key;Time
Key Down;Echap;2313
Key Up;Echap;2472
Key Down;Q;3265
Key Down;S;3361
Key Up;Q;3369
Key Down;D;3713
Key Up;S;3857
Key Down;Z;4248
Key Up;Z;4385
Key Down;S;4808
Key Up;S;5008
Key Up;D;7160
Key Down;Q;7384
Key Down;S;7761
Key Up;Q;8017
Key Down;A;8353
Key Up;A;8472
Key Down;D;8617
Key Up;S;8721
Key Down;S;9097
Key Up;S;9345
Key Down;Z;9753
Key Up;Z;10320
Key Down;Z;10961
Key Down;A;11105
Key Up;D;11145
Key Up;A;11256
Key Down;D;11337
Key Up;Z;11496
Key Down;Z;11857
Key Up;D;11977
Key Down;Q;12553
Key Up;Z;12768
Key Down;S;13601
Key Up;S;14489
Key Down;D;14673
Key Up;Q;14680
Key Down;Z;15257
Key Up;D;15800
Key Down;A;16113
Key Up;A;16241
Key Down;Q;16401
Key Up;Z;16497
Key Down;D;17825
Key Up;Q;17865
Key Down;A;18769
Key Up;A;18865
Key Down;S;19057
Key Up;D;19472
Key Up;S;20433
Key Down;D;20457
Key Down;Z;20553
Key Up;D;20760
Key Up;Z;21097
Key Down;A;21169
Key Up;A;21272
Key Down;Q;21905
Key Up;Q;22017
Key Down;S;22025
Key Down;D;22312
Key Up;S;22488
Key Up;D;22528
Key Down;A;23752
Key Up;A;23856
Key Down;Q;24865
Key Up;Q;24913
Key Down;Z;25985
Key Up;Z;26249
Key Down;Z;26465
Key Up;Z;26640
Key Down;Z;27153
Key Up;Z;27265
Key Down;Z;27617
Key Up;Z;27729
Key Down;Z;30321
Key Up;D;30392
Key Down;Q;30688
Key Up;Z;30768
Key Down;Z;31033
Key Up;Q;31376
Key Down;A;33281
Key Up;A;33369
Key Down;D;33425
Key Up;Z;33489
Key Down;S;33897
Key Up;D;33928
Key Down;Q;34657
Key Up;Q;34769
Key Down;D;36704
Key Up;D;36905
Key Down;D;37224
Key Up;S;37545
Key Down;A;37705
Key Up;A;37817
Key Down;Z;37905
Key Up;Z;38217
Key Down;Z;41097
Key Down;A;41184
Key Up;A;41265
Key Up;D;41288
Key Down;D;43441
Key Up;D;43848
Key Up;Z;43880
Key Down;S;44224
Key Down;A;45305
Key Up;A;45433
Key Up;S;45552
Key Down;Q;46449
Key Down;Z;46465
Key Up;Q;46665
Key Up;Z;47113
Key Down;S;47872
Key Up;S;48376
Key Down;A;48641
Key Up;A;48745
Key Down;S;48912
Key Up;S;49080
Key Down;Z;49600
Key Up;Z;50201
Key Down;S;50640
Key Up;S;51280
Key Down;A;51368
Key Up;A;51465
Key Down;Z;51849
Key Up;Z;52033
Key Down;S;52248
Key Up;S;52401
Key Down;Z;52640
Key Up;Z;53505
Key Down;S;53816
Key Down;A;54633
Key Up;A;54760
Key Down;Q;56016
Key Up;S;56593
Key Down;Z;57080
Key Up;Q;57497
Key Down;Q;57968
Key Up;Z;58001
Key Up;Q;58561
Key Down;A;58697
Key Up;A;58792
Key Down;Q;59105
Key Down;Z;59424
Key Up;Q;59488
Key Down;D;59640
Key Up;D;60209
Key Down;A;61385
Key Up;A;61489
Key Up;Z;61737
Key Down;S;62048
Key Down;Q;63137
Key Up;Q;63409
Key Up;S;63432
Key Down;S;63824
Key Down;A;64488
Key Up;A;64601
Key Down;Q;64768
Key Up;S;64776
Key Down;S;65537
Key Up;S;65888
Key Down;Z;66105
Key Up;Q;66280
Key Up;Z;66329
Key Down;D;67680
Key Up;D;68616
Key Down;Q;69297
Key Down;S;69464
Key Up;Q;69721
Key Down;D;70041
Key Up;S;70081
Key Down;Z;71033
Key Up;D;71080
Key Down;A;71137
Key Up;A;71224
Key Up;Z;71440
Key Down;D;71593
Key Down;Z;71793
Key Up;D;71976
Key Down;Q;72137
Key Up;Z;72392
Key Up;Q;73033
Key Down;S;73544
Key Up;S;74088
Key Down;A;74985
Key Up;A;75096
Key Down;D;77888
Key Up;D;78224
Key Down;A;78256
Key Up;A;78377
Key Down;Q;80016
Key Up;Q;80609
Key Down;Q;81360
Key Up;Q;81625
Key Down;A;81841
Key Up;A;81976
Key Down;D;82465
Key Down;Z;82472
Key Up;D;83593
Key Up;Z;83680
Key Down;Z;84249
Key Up;Z;84928
Key Down;D;85209
Key Down;Z;85536
Key Up;D;86241
Key Down;Q;86953
Key Up;Z;87256
Key Up;Q;87304
Key Down;A;87640
Key Up;A;87760
Key Down;D;89560
Key Down;S;89744
Key Up;D;90040
Key Down;D;90113
Key Up;D;91017
Key Down;Q;92128
Key Up;S;92553
Key Down;S;92760
Key Up;Q;92816
Key Down;D;93088
Key Up;D;93192
Key Down;D;94496
Key Down;Q;95336
Key Up;D;95376
Key Up;S;95720
Key Down;Z;95856
Key Up;Q;95961
Key Up;Z;96360
Key Down;Z;96865
Key Up;Z;96976
Key Down;Z;97289
Key Down;A;97608
Key Up;A;97721
Key Down;D;97728
Key Up;Z;97872
Key Up;D;98224
Key Down;Q;98712
Key Down;S;98912
Key Up;Q;99241
Key Up;S;99385
Key Down;A;101065
Key Up;A;101176
Key Down;D;101576
Key Down;S;101696
Key Up;D;101976
Key Up;S;102096
Key Down;S;103401
Key Up;S;104217
Key Down;A;104361
Key Up;A;104448
Key Down;Q;105081
Key Down;Z;105232
Key Up;Q;105952
Key Up;Z;106016
Key Down;Z;107121
Key Down;D;107513
Key Up;Z;107640
Key Down;Z;107841
Key Up;Z;108128
Key Up;D;108177
Key Down;Q;108249
Key Down;S;108352
Key Up;Q;108449
Key Down;A;108801
Key Up;A;108904
Key Down;D;108968
Key Up;S;109016
Key Down;Z;109265
Key Up;Z;109600
Key Up;D;110328
Key Down;D;110680
Key Down;Z;111521
Key Up;D;112088
Key Up;Z;112121
Key Down;S;112296
Key Down;Q;114728
Key Up;S;115272
Key Down;Z;115552
Key Up;Q;115897
Key Up;Z;115968
Key Down;D;126752
Key Down;Z;127104
Key Up;D;127408
Key Down;Q;127720
Key Up;Z;127753
Key Up;Q;127944
Key Down;S;128672
Key Up;S;128728
Key Down;Z;136856
Key Up;Z;136880
Key Down;Z;137496
Key Up;Z;137545
Key Down;Z;138257
Key Up;Z;138328
Key Down;S;139216
Key Up;S;139336
Key Down;D;162016
Key Down;Z;162576
Key Up;D;162680
Key Down;Q;162953
Key Up;Q;163200
Key Up;Z;165232
Key Down;S;166576
Key Down;Q;169120
Key Up;Q;170120
Key Up;S;170216
Key Down;D;170304
Key Down;Z;170416
Key Up;D;170713
Key Up;Z;171016
Key Down;Z;171912
Key Down;D;172080
Key Up;Z;172456
Key Up;D;172464
Key Down;Z;173760
Key Up;Z;173808
Key Down;A;174392
Key Up;A;174489
Key Down;Q;175968
Key Down;S;176232
Key Up;Q;176568
Key Down;D;176856
Key Up;S;176928
Key Up;D;177088
Key Down;Z;177416
Key Up;Z;177512
Key Down;Z;177752
Key Down;D;177760
Key Up;D;177864
Key Down;A;178112
Key Up;A;178216
Key Down;D;178312
Key Up;D;178441
Key Down;D;178768
Key Up;D;179000
Key Down;Q;179120
Key Up;Z;179240
Key Up;Q;179408
Key Down;S;179832
Key Up;S;179904
Key Down;S;180824
Key Up;S;180872
Key Down;D;181392
Key Up;D;181424
Key Down;A;182312
Key Up;A;182417
Key Down;Z;182553
Key Up;Z;182656
Key Down;Q;182681
Key Down;Z;182856
Key Up;Q;182912
Key Up;Z;182984
Key Down;Z;184744
Key Up;Z;184832
Key Down;D;185912
Key Up;D;186024
Key Down;Q;186448
Key Up;Q;186608
Key Down;S;193008
Key Down;Q;193504
Key Up;S;193808
Key Down;E;194103
Key Up;Q;194160
Key Up;E;194208
Key Down;S;194528
Key Up;S;194720
Key Down;S;195736
Key Down;Q;196480
Key Up;Q;196560
Key Down;Q;197088
Key Up;Q;197200
Key Down;Q;198256
Key Up;S;198328
Key Up;Q;198784
Key Down;E;199232
Key Up;E;199344
Key Down;D;199672
Key Down;Z;200072
Key Up;D;200096
Key Down;D;200680
Key Up;D;200848
Key Up;Z;201624
Key Down;1;203496
Key Up;1;203624
Key Down;1;204512
Key Up;1;204664
Key Down;1;206120
Key Up;1;206224
Key Down;Z;206656
Key Up;Z;207320
Key Down;A;207880
Key Up;A;207984
Key Down;Z;208016
Key Down;Q;208520
Key Up;Q;208632
Key Down;D;209592
Key Up;Z;210096
Key Down;Z;210727
Key Up;D;211000
Key Down;Q;211328
Key Up;Q;211447
Key Up;Z;212096
Key Down;Q;212568
Key Up;Q;212816
Key Down;Tab;213016
Key Up;Tab;214096
Key Down;Z;214472
Key Down;Q;217288
Key Up;Q;217408
Key Down;Q;218672
Key Up;Z;219664
Key Down;Z;219856
Key Up;Q;219920
Key Down;A;220320
Key Up;A;220408
Key Down;D;220432
Key Up;D;221176
Key Up;Z;221320
Key Down;Q;221376
Key Down;Z;221440
Key Up;Q;221448
Key Down;S;221456
Key Up;Z;221576
Key Down;D;222640
Key Up;S;223207
Key Down;Z;223959
Key Down;A;224096
Key Up;A;224184
Key Up;D;224816
Key Down;Q;224864
Key Up;Z;225063
Key Up;Q;226096
Key Down;S;226232
Key Up;S;227496
Key Down;A;227639
Key Up;A;227752
Key Down;Z;228232
Key Down;Q;229152
Key Up;Q;229296
Key Up;Z;230336
Key Down;D;230344
Key Down;S;232680
Key Up;D;232768
Key Up;S;234176
Key Down;A;235624
Key Up;A;235696
Key Down;S;235888
Key Down;Q;236032
Key Up;Q;236168
Key Down;D;236392
Key Up;S;236656
Key Up;D;236680
Key Down;Q;236920
Key Down;S;236944
Key Up;Q;237144
Key Down;D;237167
Key Up;S;237416
Key Up;D;237832
Key Down;A;239679
Key Up;A;239767
Key Down;D;240424
Key Down;Z;240560
Key Up;D;240592
Key Up;Z;240840
Key Down;E;240936
Key Up;E;241024
Key Down;S;241192
Key Down;Q;241448
Key Up;Q;241544
Key Down;D;242023
Key Up;D;242128
Key Up;S;243384
Key Down;Q;243680
Key Down;S;243880
Key Up;Q;244000
Key Down;D;244112
Key Up;S;244208
Key Up;D;244456
Key Down;Z;244968
Key Up;Z;245056
Key Down;S;245848
Key Up;S;246007
Key Down;S;247360
Key Down;Q;247584
Key Up;Q;247712
Key Down;Q;247832
Key Up;S;247928
Key Down;Z;248192
Key Up;Z;248760
Key Up;Q;248768
Key Down;S;249368
Key Up;S;249520
Key Down;D;249752
Key Down;S;249920
Key Up;S;250247
Key Down;Z;250799
Key Up;D;251192
Key Down;Q;251824
Key Up;Q;252375
Key Down;Q;252936
Key Up;Q;253023
Key Down;Q;253327
Key Up;Z;253712
Key Up;Q;254056
Key Down;Q;254152
Key Down;S;254263
Key Up;S;254880
Key Up;Q;254992
Key Down;D;255032
Key Down;Z;255048
Key Up;D;255063
Key Down;Q;255264
Key Up;Q;255975
Key Down;D;256720
Key Up;D;257327
Key Down;A;257440
Key Up;A;257512
Key Up;Z;257600
Key Down;D;257607
Key Up;D;257712
Key Down;Q;258199
Key Down;Z;258272
Key Up;Q;258479
Key Down;Q;259232
Key Up;Z;259648
Key Up;Q;259831
Key Down;Z;259936
Key Down;Q;260008
Key Up;Z;260088
Key Down;Z;260208
Key Up;Z;260263
Key Up;Q;260503
Key Down;D;260744
Key Down;S;261127
Key Up;S;261160
Key Up;D;261192
Key Down;Z;261496
Key Up;Z;261624
Key Down;Q;262007
Key Up;Q;263696
Key Down;A;263920
Key Up;A;264024
Key Down;Q;264232
Key Up;Q;264943
Key Down;S;265376
Key Down;D;265400
Key Up;S;265439
Key Up;D;265544
Key Down;D;266200
Key Up;D;266744
Key Down;D;266911
Key Down;A;267416
Key Up;D;267424
Key Up;A;267479
Key Down;Q;267784
Key Up;Q;267968
Key Down;D;268440
Key Up;D;268728
Key Down;D;269479
Key Down;Z;269696
Key Up;Z;270007
Key Up;D;270031
Key Down;A;270304
Key Up;A;270383
Key Down;D;271320
Key Up;D;272008
Key Down;Q;272456
Key Up;Q;273335
Key Down;A;273479
Key Up;A;273591
Key Down;D;274535
Key Up;D;275464
Key Down;Q;275527
Key Up;Q;276391
Key Down;A;276624
Key Up;A;276727
Key Down;Q;277127
Key Up;Q;277408
Key Down;D;277648
Key Up;D;278343
Key Down;Q;278543
Key Up;Q;279272
Key Down;A;279439
Key Up;A;279544
Key Down;D;279680
Key Down;S;280536
Key Up;D;280696
Key Down;D;282456
Key Up;D;283136
Key Down;D;283696
Key Up;D;283799
Key Up;S;284951
Key Down;S;286288
Key Up;S;286680
Key Down;Z;287024
Key Down;Q;287352
Key Up;Z;287439
Key Up;Q;287544
Key Down;D;288184
Key Up;D;288224
Key Down;Q;288424
Key Down;S;288760
Key Up;S;288872
Key Up;Q;289408
Key Down;Q;290576
Key Down;S;291232
Key Up;Q;291296
Key Up;S;291472
Key Down;S;291704
Key Up;S;292752
Key Down;Tab;292759
Key Up;Tab;297616
Key Down;Q;297872
Key Down;S;298040
Key Up;S;298600
Key Down;S;298983
Key Up;S;299704
Key Down;S;300271
Key Up;S;300807
Key Down;S;301104
Key Up;S;301408
Key Up;Q;303192
Key Down;A;305344
Key Up;A;305472
Key Down;Q;305928
Key Down;S;306208
Key Up;Q;306439
Key Down;D;307536
Key Up;S;307719
Key Up;D;308887
Key Down;Left Alt;310839
Key Down;Verrouillage des majuscules;310992
Key Up;Verrouillage des majuscules;311159
Key Down;Tab;311384
Key Up;Tab;311463
Key Up;Left Alt;311535
Key Down;O;313664
Key Up;O;313736
Key Down;U;313816
Key Down;I;313840
Key Up;U;313864
Key Up;I;313903
Key Down;Entrée;314104
Key Up;Entrée;314176
Key Down;Verrouillage des majuscules;315263
Key Up;Verrouillage des majuscules;315335
Key Down;D;316184
Key Up;D;316240
Key Down;S;316344
Key Up;S;316400
Key Down;L;316520
Key Up;L;316584
Key Down;Espace;316640
Key Up;Espace;316720
Key Down;C;317192
Key Up;C;317239
Key Down;A;317359
Key Up;A;317415
Key Down;P;317568
Key Up;P;317616
Key Down;S;317656
Key Up;S;317712
Key Down;Entrée;317848
Key Up;Entrée;317888
Key Down;Echap;320503
Key Up;Echap;320624
Key Down;S;321295
Key Up;S;321368
Key Down;Q;321407
Key Down;Z;321759
Key Up;Z;321840
Key Up;Q;322088
Key Down;Tab;322304
Key Up;Tab;323864
Key Down;Z;324551
Key Down;Q;325067
Key Up;Z;325400
Key Down;E;325616
Key Up;E;325688
Key Down;Z;326191
Key Up;Z;326567
Key Down;S;327175
Key Up;S;327279
Key Up;Q;327423
Key Down;A;327632
Key Up;A;327720
Key Down;Q;327888
Key Down;Z;328152
Key Up;Z;328280
Key Down;S;329983
Key Up;Q;330047
Key Down;Q;330351
Key Up;S;330487
Key Down;S;331056
Key Up;S;331271
Key Down;Z;332040
Key Up;Q;332320
Key Up;Z;332567
Key Down;A;332600
Key Up;A;332736
Key Down;D;332888
Key Down;S;333024
Key Up;S;333375
Key Up;D;333415
Key Down;Q;334495
Key Down;Z;334575
Key Up;Q;334703
Key Down;D;335111
Key Up;Z;335376
Key Down;S;336255
Key Up;D;336479
Key Down;Q;336744
Key Up;S;337319
Key Up;Q;337983
Key Down;A;338216
Key Up;A;338320
Key Down;D;338656
Key Up;D;338887
Key Down;Q;340191
Key Down;S;340223
Key Up;Q;340399
Key Down;Q;340463
Key Up;S;340639
Key Up;Q;341360
Key Down;Z;341591
Key Down;A;341879
Key Up;A;341999
Key Down;D;343303
Key Up;Z;343503
Key Down;A;344424
Key Up;D;344479
Key Up;A;344559
Key Down;S;345248
Key Down;Q;345304
Key Up;S;345344
Key Up;Q;345480
Key Down;E;345536
Key Up;E;345600
Key Down;S;346015
Key Down;Q;346111
Key Up;S;346199
Key Down;S;346495
Key Up;Q;346912
Key Down;Q;347479
Key Up;S;347535
Key Down;Z;347767
Key Up;Z;347927
Key Up;Q;349295
Key Down;Q;349608
Key Down;S;349888
Key Up;Q;349928
Key Up;S;350039
Key Down;D;352439
Key Up;D;352543
Key Down;Z;353119
Key Up;Z;353392
Key Down;Espace;353831
Key Up;Espace;354007
Key Down;S;354752
Key Up;S;355088
Key Down;Q;355343
Key Up;Q;355495
Key Down;A;356791
Key Up;A;356895
Key Down;Q;358703
Key Down;Z;358896
Key Up;Q;359056
Key Up;Z;359447
Key Down;Q;359768
Key Down;S;359807
Key Up;Q;360368
Key Up;S;360583
Key Down;Q;361080
Key Up;Q;361184
Key Down;S;361575
Key Down;D;362103
Key Up;S;362255
Key Down;S;362624
Key Up;S;362991
Key Down;A;363663
Key Up;A;363743
Key Down;Z;364399
Key Up;D;365496
Key Down;Q;366055
Key Up;Z;367695
Key Down;S;368511
Key Up;Q;368920
Key Up;S;368992
Key Down;Q;369224
Key Up;Q;369464
Key Down;S;369720
Key Down;Q;370055
Key Up;Q;370280
Key Up;S;370519
Key Down;A;370751
Key Up;A;370864
Key Down;S;371480
Key Down;D;371760
Key Up;S;371927
Key Up;D;371951
Key Down;Z;372319
Key Up;Z;372439
Key Down;D;372448
Key Up;D;372703
Key Down;D;373256
Key Down;Z;373376
Key Up;D;373479
Key Up;Z;373664
Key Down;S;374968
Key Up;S;375087
Key Down;Z;376704
Key Up;Z;376832
Key Down;E;380391
Key Up;E;380512
Key Down;D;381511
Key Up;D;381664
Key Down;Q;381935
Key Down;S;382087
Key Up;S;382159
Key Up;Q;382200
Key Down;E;385992
Key Up;E;386119
Key Down;S;386535
Key Down;D;386655
Key Up;S;386727
Key Up;D;387688
Key Down;D;388808
Key Up;D;389015
Key Down;1;390383
Key Up;1;390512
Key Down;1;391159
Key Up;1;391304
Key Down;D;391648
Key Up;D;393351
Key Down;Z;393583
Key Down;D;393919
Key Up;Z;393943
Key Up;D;394104
Key Down;Tab;394224
Key Up;Tab;395599
Key Down;S;396488
Key Down;Q;398456
Key Up;Q;398895
Key Up;S;399487
Key Down;Z;399671
Key Up;Z;399888
Key Down;Z;400223
Key Down;D;400391
Key Up;Z;400967
Key Up;D;400992
Key Down;A;401511
Key Up;A;401583
Key Down;Q;402895
Key Up;Q;403047
Key Down;D;403791
Key Up;D;404343
Key Down;A;404519
Key Up;A;404623
Key Down;S;405344
Key Down;Q;405463
Key Up;Q;406079
Key Down;D;406823
Key Up;S;406936
Key Down;S;407848
Key Up;S;407928
Key Down;S;408695
Key Up;D;408847
Key Down;Q;409463
Key Up;Q;409623
Key Up;S;410367
Key Down;Tab;410775
Key Up;Tab;415744
Key Down;S;417160
Key Up;S;418824
Key Down;Q;423303
Key Up;Q;423384
Key Down;Q;430775
Key Down;S;430935
Key Up;Q;433247
Key Down;D;433327
Key Up;D;433599
Key Down;D;434040
Key Up;S;434263
Key Down;A;434479
Key Up;A;434608
Key Down;Z;435311
Key Up;Z;435712
Key Down;Z;437831
Key Up;D;438399
Key Down;D;439151
Key Up;D;439375
Key Up;Z;439767
Key Down;A;439775
Key Up;A;439887
Key Down;S;440135
Key Down;Q;440551
Key Up;Q;440799
Key Down;Q;441207
Key Up;S;441783
Key Up;Q;442263
Key Down;D;442343
Key Down;Z;442911
Key Up;D;444032
Key Down;D;444319
Key Up;D;444423
Key Down;Q;445304
Key Up;Z;445591
Key Down;D;445671
Key Up;Q;445719
Key Down;S;445735
Key Up;D;445832
Key Down;D;445959
Key Up;D;446047
Key Down;Q;447415
Key Up;S;448775
Key Down;Z;450567
Key Up;Z;450959
Key Down;Z;451112
Key Up;Q;451224
Key Down;Q;451495
Key Up;Z;451727
Key Down;Z;452383
Key Up;Q;452639
Key Down;D;453495
Key Up;Z;454407
Key Down;S;454727
Key Up;D;454791
Key Down;Q;455031
Key Up;Q;455223
Key Down;D;455231
Key Up;S;455239
Key Down;S;456975
Key Up;D;458527
Key Down;Q;459119
Key Up;Q;459471
Key Down;D;459711
Key Up;S;459719
Key Down;Z;459824
Key Up;D;460327
Key Down;Q;460624
Key Up;Q;460823
Key Down;D;461336
Key Up;D;461527
Key Down;Q;462063
Key Up;Z;462559
Key Down;Z;463199
Key Up;Z;463335
Key Down;D;463351
Key Up;D;463471
Key Down;S;463583
Key Up;S;463719
Key Down;D;463807
Key Up;Q;463848
Key Down;S;464007
Key Up;D;464071
Key Down;Q;464207
Key Up;Q;466311
Key Down;D;466383
Key Up;D;466415
Key Down;D;466735
Key Up;S;467207
Key Down;Z;467423
Key Down;A;467887
Key Up;A;467983
Key Up;Z;468031
Key Down;S;468159
Key Up;D;468199
Key Down;Q;468215
Key Up;S;468495
Key Down;Z;469327
Key Up;Q;470079
Key Down;D;470287
Key Up;Z;470791
Key Down;S;470943
Key Down;Q;471583
Key Up;D;471591
Key Up;S;471615
Key Up;Q;471695
Key Down;D;471727
Key Down;Z;471783
Key Up;D;471919
Key Down;D;472127
Key Up;Z;472143
Key Down;S;472278
Key Up;S;473255
Key Down;Q;473351
Key Down;Z;473415
Key Up;D;473423
Key Up;Z;473567
Key Down;Z;474975
Key Up;Q;475151
Key Down;D;475415
Key Up;Z;475471
Key Up;D;475479
Key Down;S;475639
Key Down;Q;476223
Key Up;S;476391
Key Up;Q;477151
Key Down;D;477167
Key Down;Z;477359
Key Up;D;477455
Key Up;Z;478079
Key Down;S;478335
Key Down;Q;478615
Key Up;S;478655
Key Down;Z;478815
Key Up;Q;478895
Key Down;D;479399
Key Up;Z;479919
Key Down;S;480495
Key Up;S;481439
Key Down;O;481924
Key Up;O;482080
Key Down;S;482271
Key Up;S;482791
Key Down;S;483127
Key Up;S;483367
Key Down;Z;483687
Key Up;D;483911
Key Down;NumPad 3;484065
Key Down;Q;484135
Key Up;NumPad 3;484209
Key Up;Z;484431
Key Down;S;484559
Key Down;D;484567
Key Up;Q;484575
Key Up;D;484591
Key Down;Q;485303
Key Up;S;485495
Key Down;D;485559
Key Up;Q;485575
Key Down;S;485759
Key Up;S;486471
Key Down;Z;486607
Key Up;D;486735
Key Down;Q;486975
Key Up;Q;487799
Key Down;D;488143
Key Up;D;488255
Key Down;A;488711
Key Up;A;488807
Key Down;Q;488983
Key Up;Z;489047
Key Down;Z;489087
Key Up;Q;489159
Key Down;Q;489335
Key Up;Z;489463
Key Down;S;489647
Key Up;S;490055
Key Down;S;490943
Key Up;S;491983
Key Down;S;492367
Key Up;Q;493023
Key Down;Q;493415
Key Up;S;493623
Key Down;Z;493791
Key Up;Q;494279
Key Up;Z;494486
Key Down;S;494623
Key Down;Q;494855
Key Up;S;495271
Key Down;Left Shift;495279
Key Up;Left Shift;495295
Key Down;Z;495415
Key Up;Q;495455
Key Down;A;495591
Key Up;A;495719
Key Down;D;497055
Key Up;Z;497903
Key Down;A;500358
Key Up;A;500463
Key Down;S;501215
Key Up;D;502527
Key Down;Q;503111
Key Up;S;503238
Key Down;Z;504271
Key Up;Q;504415
Key Down;D;504703
Key Up;Z;504807
Key Up;D;505383
Key Down;S;505399
Key Down;D;505790
Key Up;S;506159
Key Down;S;506303
Key Up;D;506647
Key Down;Q;506815
Key Up;S;506942
Key Down;S;507711
Key Up;S;508143
Key Down;Z;509550
Key Up;Q;509910
Key Down;D;510151
Key Up;D;511391
Key Down;D;511790
Key Up;D;511943
Key Down;A;512719
Key Up;A;512831
Key Down;D;513103
Key Up;Z;513135
Key Down;S;513319
Key Up;D;513343
Key Down;Q;513351
Key Up;S;513359
Key Down;S;513959
Key Up;Q;514015
Key Down;Q;514343
Key Up;Q;514951
Key Down;A;515263
Key Up;A;515375
Key Down;D;515511
Key Up;S;516199
Key Down;S;517110
Key Up;D;517223
Key Down;D;517303
Key Up;S;517551
Key Down;S;517679
Key Up;D;517767
Key Down;D;518454
Key Up;S;518775
Key Down;Z;519790
Key Up;D;520231
Key Down;D;520567
Key Up;D;520735
Key Down;Q;521735
Key Up;Q;522423
Key Up;Z;522719
Key Down;Z;523127
Key Down;Q;523519
Key Up;Z;524423
Key Up;Q;525031
Key Down;A;525167
Key Up;A;525239
Key Down;D;525375
Key Down;S;525615
Key Up;D;526046
Key Down;Q;526847
Key Up;Q;527967
Key Down;D;528287
Key Up;S;528359
Key Down;S;528631
Key Up;S;528839
Key Down;A;529647
Key Down;Z;529663
Key Up;A;529751
Key Down;Q;530031
Key Up;D;530046
Key Up;Q;530335
Key Down;D;530591
Key Up;D;530679
Key Down;Q;530999
Key Up;Z;531647
Key Down;S;532998
Key Up;Q;533631
Key Down;A;533783
Key Up;A;533871
Key Up;S;533999
Key Down;Q;534015
Key Down;S;534390
Key Up;S;534878
Key Up;Q;535255
Key Down;Q;535414
Key Down;Z;535831
Key Up;Q;535958
Key Down;D;536679
Key Up;D;536983
Key Down;D;537279
Key Up;Z;538095
Key Down;A;538743
Key Up;A;538847
Key Down;S;539279
Key Up;D;539927
Key Up;S;540671
Key Down;Z;540886
Key Up;Z;541070
Key Down;D;541127
Key Down;S;541327
Key Up;S;541543
Key Down;S;541823
Key Up;D;542311
Key Down;D;542727
Key Up;D;542879
Key Up;S;542967
Key Down;Z;543255
Key Up;Z;543423
Key Down;Q;543447
Key Down;S;543791
Key Up;Q;543878
Key Down;A;544007
Key Up;A;544103
Key Down;Q;544342
Key Up;S;544711
Key Up;Q;546143
Key Down;Z;547351
Key Down;Q;547743
Key Up;Z;548175
Key Up;Q;548847
Key Down;D;548983
Key Up;D;549094
Key Down;Z;549191
Key Down;D;549199
Key Up;D;549583
Key Down;D;549807
Key Up;Z;550367
Key Down;S;551767
Key Down;Q;553774
Key Up;D;553791
Key Up;S;553870
Key Down;S;554167
Key Up;Q;554310
Key Down;A;554487
Key Up;A;554543
Key Down;Q;554734
Key Up;S;554967
Key Down;Z;556903
Key Up;Q;557270
Key Down;Q;557567
Key Up;Q;558175
Key Down;D;558910
Key Up;Z;559495
Key Down;A;561983
Key Up;A;562079
Key Up;D;562263
Key Down;Q;562503
Key Down;S;562575
Key Up;Q;562623
Key Down;Q;563991
Key Up;S;564743
Key Down;Z;565655
Key Up;Z;566079
Key Up;Q;566655
Key Down;Z;566790
Key Down;A;566799
Key Up;Z;566823
Key Down;Z;566894
Key Up;A;566902
Key Down;Q;567166
Key Up;Z;568222
Key Up;Q;568255
Key Down;Z;568622
Key Down;Q;568719
Key Up;Q;568927
Key Down;D;569319
Key Up;Z;569614
Key Down;S;571127
Key Up;S;571527
Key Down;S;572471
Key Up;D;572879
Key Down;Q;573055
Key Up;Q;573199
Key Up;S;573511
Key Down;Espace;581982
Key Up;Espace;582198
Key Down;Espace;585935
Key Up;Espace;586134
Key Down;Q;604215
Key Down;S;604463
Key Up;S;605246
Key Down;Z;605719
Key Up;Z;605903
Key Down;Z;607727
Key Up;Q;607998
Key Up;Z;608023
Key Down;S;609014
Key Up;S;609750
Key Down;A;609879
Key Up;A;609982
Key Down;Q;610294
Key Up;Q;610518
Key Down;D;610526
Key Down;S;610990
Key Up;S;611263
Key Down;S;611471
Key Up;D;611719
Key Down;Q;612063
Key Up;Q;612182
Key Up;S;612358
Key Down;Q;612543
Key Up;Q;612775
Key Down;A;612919
Key Up;A;613031
Key Down;Z;613110
Key Down;D;613214
Key Up;D;613527
Key Down;D;613647
Key Up;Z;613870
Key Down;Z;614183
Key Up;D;614559
Key Down;D;614767
Key Up;D;615022
Key Down;A;615558
Key Up;A;615663
Key Up;Z;615775
Key Down;S;616046
Key Up;S;616174
Key Down;Q;616207
Key Down;E;616359
Key Up;Q;616398
Key Up;E;616454
Key Down;S;616719
Key Down;Q;616774
Key Up;S;616815
Key Up;Q;617167
Key Down;S;617895
Key Down;Q;618087
Key Up;S;618150
Key Up;Q;618222
Key Down;S;618494
Key Up;S;619006
Key Down;A;619014
Key Up;A;619143
Key Down;D;619631
Key Down;Z;619735
Key Up;Z;620478
Key Up;D;620511
Key Down;Z;620870
Key Up;Z;621398
Key Down;A;621710
Key Up;A;621823
Key Down;S;623470
Key Down;A;623998
Key Up;S;624063
Key Up;A;624119
Key Down;S;624367
Key Down;Q;624551
Key Up;Q;624807
Key Up;S;624878
Key Down;Q;625390
Key Up;Q;625543
Key Down;S;625551
Key Up;S;625575
Key Down;A;626471
Key Up;A;626559
Key Down;Z;627871
Key Down;Q;628462
Key Up;Z;628759
Key Up;Q;628991
Key Down;Z;629510
Key Up;Z;630919
Key Down;Z;631399
Key Up;Z;631830
Key Down;S;632463
Key Down;D;632926
Key Up;S;633031
Key Down;A;633566
Key Up;A;633655
Key Down;Z;634367
Key Up;D;634454
Key Up;Z;634526
Key Down;D;635926
Key Down;A;636655
Key Up;D;636687
Key Up;A;636750
Key Down;Q;637246
Key Up;Q;637614
Key Down;D;637990
Key Down;Echap;638590
Key Up;Echap;638719
Key Up;D;638775
Key Down;Q;653239
Key Down;Z;653407
Key Up;Q;653558
Key Down;A;653783
Key Up;A;653870
Key Down;Q;654150
Key Up;Q;654527
Key Down;Q;655582
Key Up;Z;655935
Key Down;Z;656207
Key Up;Z;656591
Key Up;Q;656767
Key Down;D;656942
Key Down;S;657031
Key Up;S;657350
Key Down;Z;657759
Key Down;A;657911
Key Up;D;657926
Key Up;A;658054
Key Up;Z;658430
Key Down;Z;659023
Key Down;Q;659150
Key Up;Z;659527
Key Down;S;660702
Key Up;Q;661103
Key Down;A;661254
Key Up;A;661326
Key Down;D;661447
Key Up;S;661526
Key Down;S;661855
Key Up;D;661863
Key Up;S;661902
Key Down;S;663814
Key Down;Q;663934
Key Up;S;664519
Key Up;Q;664591
Key Down;Q;665007
Key Up;Q;665486
Key Down;Q;667399
Key Down;Z;667919
Key Up;Q;668695
Key Down;A;668887
Key Up;A;668998
Key Down;D;669662
Key Up;D;670423
Key Up;Z;670431
Key Down;Q;671222
Key Down;S;671391
Key Up;Q;671982
Key Down;A;672327
Key Up;A;672446
Key Down;D;672534
Key Up;S;673542
Key Down;Z;673950
Key Up;D;674223
Key Up;Z;674390
Key Down;S;676479
Key Down;Q;676775
Key Up;S;676974
Key Down;Z;677542
Key Up;Q;677710
Key Down;A;677919
Key Up;A;677998
Key Down;D;678086
Key Up;Z;678870
Key Down;S;679655
Key Up;S;680663
Key Down;S;681142
Key Up;S;681615
Key Down;A;681767
Key Up;A;681886
Key Up;D;681919
Key Down;Q;682134
Key Down;Z;682158
Key Up;Q;682278
Key Up;Z;682446
Key Down;Z;683158
Key Down;Q;683542
Key Up;Z;683806
Key Down;Z;683990
Key Up;Q;684070
Key Down;Q;684454
Key Up;Q;684870
Key Down;A;685038
Key Up;A;685143
Key Up;Z;685326
Key Down;Q;685398
Key Down;S;685686
Key Up;S;686806
Key Down;S;687110
Key Up;S;687278
Key Up;Q;687591
Key Down;S;687879
Key Down;Q;687894
Key Up;S;688102
Key Down;Z;689359
Key Up;Z;689503
Key Down;S;689767
Key Up;Q;690110
Key Down;D;690198
Key Up;S;690254
Key Down;Z;690830
Key Up;D;691318
Key Down;A;691638
Key Up;A;691783
Key Down;Q;692358
Key Up;Q;692838
Key Up;Z;692918
Key Down;S;693086
Key Down;Q;694462
Key Up;Q;694574
Key Up;S;694711
Key Down;D;694718
Key Up;D;694863
Key Down;A;694926
Key Up;A;695031
Key Down;D;695054
Key Down;Z;695078
Key Up;D;695119
Key Down;Q;695734
Key Up;Z;696590
Key Up;Q;697238
Key Down;A;697399
Key Up;A;697486
Key Down;S;698543
Key Down;Q;698710
Key Up;S;698758
Key Up;Q;699526
Key Down;Z;699735
Key Down;Q;699911
Key Up;Z;700142
Key Down;S;700454
Key Up;S;700582
Key Down;Z;701671
Key Up;Q;701742
Key Down;A;703942
Key Up;A;704030
Key Up;Z;704102
Key Down;Z;704494
Key Down;Q;704543
Key Up;Z;704774
Key Down;S;708135
Key Up;Q;708238
Key Down;A;708382
Key Up;A;708486
Key Up;S;708670
Key Down;Z;710062
Key Down;D;710142
Key Up;Z;710310
Key Up;D;710318
Key Down;Q;711543
Key Down;D;712062
Key Up;Q;712070
Key Down;Z;713006
Key Up;D;713238
Key Up;Z;713286
Key Down;D;714270
Key Down;A;714518
Key Up;D;714550
Key Up;A;714614
Key Down;Q;715726
Key Up;Q;715998
Key Down;Q;717102
Key Up;Q;717462
Key Down;S;717718
Key Up;S;718094
Key Down;A;718758
Key Up;A;718870
Key Down;Z;720262
Key Up;Z;720478
Key Down;D;720982
Key Up;D;721294
Key Down;S;721310
Key Down;D;721319
Key Up;D;721630
Key Up;S;721638
Key Down;A;722270
Key Up;A;722342
Key Down;Q;722518
Key Down;S;722966
Key Up;S;723102
Key Up;Q;723110
Key Down;D;723430
Key Up;D;723502
Key Down;Z;723686
Key Down;D;723702
Key Up;D;724046
Key Up;Z;724070
Key Down;Q;724830
Key Down;S;725206
Key Up;Q;725294
Key Up;S;725326
Key Down;D;725623
Key Down;Z;725726
Key Up;D;725791
Key Up;Z;725806
Key Down;Q;726590
Key Down;S;726726
Key Up;Q;726934
Key Up;S;727030
Key Down;Q;727622
Key Down;Z;727678
Key Up;Z;727910
Key Up;Q;728006
Key Down;Q;728423
Key Down;S;728558
Key Up;S;728894
Key Up;Q;728918
Key Down;S;729238
Key Up;S;729414
Key Down;A;729926
Key Up;A;730030
Key Down;Z;730654
Key Up;Z;730806
Key Down;E;730870
Key Up;E;730950
Key Down;S;731118
Key Down;D;731631
Key Up;S;731902
Key Up;D;732558
Key Down;D;733278
Key Down;S;733286
Key Up;D;733846
Key Down;Q;734183
Key Up;Q;734446
Key Down;D;734702
Key Up;S;734726
Key Down;S;734830
Key Up;D;734902
Key Down;D;735294
Key Up;D;735414
Key Down;D;737903
Key Up;D;737982
Key Up;S;738199
Key Down;Q;738438
Key Down;S;738694
Key Up;Q;739246
Key Down;D;739566
Key Up;S;740662
Key Down;A;740814
Key Up;A;740910
Key Down;Z;742454
Key Up;D;743006
Key Down;Q;743911
Key Up;Q;744886
Key Down;A;745014
Key Up;A;745078
Key Up;Z;745094
Key Down;Q;745230
Key Down;S;745782
Key Up;Q;745878
Key Up;S;746134
Key Down;Q;746214
Key Up;Q;746462
Key Down;A;748070
Key Up;A;748166
Key Down;D;748710
Key Up;D;749142
Key Down;S;749446
Key Down;D;749454
Key Up;S;749894
Key Down;Z;750342
Key Up;Z;750462
Key Up;D;751774
Key Down;S;751854
Key Up;S;752134
Key Down;Q;752150
Key Up;Q;752278
Key Down;D;752334
Key Down;S;752382
Key Up;D;752414
Key Down;D;752454
Key Up;S;752542
Key Down;Z;753278
Key Up;D;753326
Key Up;Z;753478
Key Down;S;753702
Key Down;A;753950
Key Up;S;753982
Key Up;A;754054
Key Down;S;754062
Key Up;S;754094
Key Down;Q;754206
Key Down;Z;754734
Key Up;Z;755006
Key Down;Z;755069
Key Up;Q;755254
Key Down;D;755430
Key Up;D;755494
Key Up;Z;755678
Key Down;Z;756542
Key Down;D;756582
Key Up;Z;756894
Key Down;Z;757526
Key Up;Z;757630
Key Down;Q;757846
Key Up;D;757870
Key Down;S;758510
Key Up;Q;758590
Key Down;A;758726
Key Up;S;758750
Key Down;S;758814
Key Up;A;758830
Key Up;S;759030
Key Down;Q;759414
Key Up;Q;759470
Key Down;Z;759542
Key Up;Z;759622
Key Down;Q;759654
Key Down;S;759870
Key Up;Q;760101
Key Up;S;760182
Key Down;S;760758
Key Down;D;761094
Key Up;S;761374
Key Up;D;761470
Key Down;Q;762598
Key Up;Q;762926
Key Down;Z;763542
Key Down;A;764022
Key Up;A;764142
Key Down;D;764214
Key Up;Z;764326
Key Up;D;764366
Key Down;D;764854
Key Down;Z;766222
Key Up;Z;766358
Key Up;D;766510
Key Down;D;767278
Key Down;S;767686
Key Up;D;767766
Key Down;A;767918
Key Up;A;768038
Key Up;S;768102
Key Down;Q;768254
Key Up;Q;768446
Key Down;Z;769030
Key Down;D;769038
Key Up;D;769262
Key Down;D;769302
Key Up;Z;769326
Key Up;D;769374
Key Down;D;769718
Key Down;S;769798
Key Up;S;770014
Key Down;Z;770654
Key Up;Z;771006
Key Down;Z;771229
Key Up;Z;771470
Key Down;Q;771566
Key Up;D;771598
Key Up;Q;772006
Key Down;S;772014
Key Down;D;772094
Key Up;S;772238
Key Up;D;772446
Key Down;Q;772462
Key Up;Q;773318
Key Down;D;773454
Key Down;Z;774942
Key Up;Z;774974
Key Up;D;775118
Key Down;Q;775126
Key Down;S;775246
Key Up;Q;775422
Key Down;D;775654
Key Up;S;775862
Key Down;Q;776030
Key Up;D;776078
Key Down;S;776662
Key Up;S;776797
Key Down;S;777542
Key Up;Q;777654
Key Down;Q;778014
Key Up;Q;778110
Key Up;S;779622
Key Down;Q;779758
Key Down;Z;779814
Key Up;Z;779926
Key Up;Q;779958
Key Down;D;780254
Key Down;Z;780557
Key Up;Z;780926
Key Down;A;781198
Key Up;A;781278
Key Down;S;781574
Key Up;D;782310
Key Down;Q;783150
Key Up;Q;783334
Key Up;S;783390
Key Down;D;783422
Key Down;Z;783494
Key Up;D;783518
Key Down;Q;784142
Key Up;Q;784214
Key Down;Q;784622
Key Up;Z;785614
Key Down;S;786222
Key Up;S;786414
Key Down;S;786638
Key Up;S;788390
Key Up;Q;788422
Key Down;S;789142
Key Up;S;789942
Key Down;S;794078
Key Up;S;794566
Key Down;A;794942
Key Up;A;795037
Key Down;Z;795862
Key Down;Q;795942
Key Up;Z;796462
Key Down;S;797110
Key Up;S;797286
Key Down;S;797398
Key Up;S;797422
Key Down;S;798262
Key Up;Q;798366
Key Down;D;798646
Key Up;D;798886
Key Down;Q;799630
Key Up;S;800053
Key Down;Z;800454
Key Up;Q;800942
Key Up;Z;802637
Key Down;S;802758
Key Up;S;803373
Key Down;S;804525
Key Down;D;804910
Key Up;S;804966
Key Down;A;805286
Key Up;A;805390
Key Up;D;805422
Key Down;Q;805982
Key Down;Z;806046
Key Up;Q;806110
Key Up;Z;808462
Key Down;Tab;808645
Key Up;Tab;812262
Key Down;Q;812822
Key Down;S;813206
Key Up;S;813598
Key Down;S;814606
Key Up;Q;815094
Key Down;D;815606
Key Up;D;815781
Key Up;S;817054
Key Down;Tab;817414
Key Up;Tab;818901
Key Down;Z;819190
Key Down;A;821246
Key Down;D;821341
Key Up;A;821350
Key Up;Z;821582
Key Down;Z;821934
Key Up;Z;822110
Key Down;Z;822566
Key Up;D;822942
Key Down;Q;823950
Key Up;Q;824253
Key Down;D;824446
Key Up;D;824758
Key Down;A;825510
Key Up;A;825622
Key Down;Q;825877
Key Up;Z;825982
Key Up;Q;826254
Key Down;Q;826693
Key Up;Q;826878
Key Down;Q;826966
Key Up;Q;828062
Key Down;E;828150
Key Up;E;828262
Key Down;Q;828518
Key Up;Q;828902
Key Down;A;829014
Key Up;A;829078
Key Down;D;829462
Key Up;D;829630
Key Down;Q;829837
Key Up;Q;830566
Key Down;Q;830710
Key Down;S;830814
Key Up;Q;830918
Key Down;Q;831310
Key Up;Q;831341
Key Up;S;831534
Key Down;A;831542
Key Up;A;831646
Key Down;D;831798
Key Down;S;831942
Key Up;S;832150
Key Down;S;832718
Key Up;S;832790
Key Down;S;833254
Key Up;D;833406
Key Down;D;833646
Key Up;D;833750
Key Up;S;833766
Key Down;D;834133
Key Down;Z;834982
Key Down;A;835086
Key Up;A;835182
Key Up;D;835294
Key Down;D;835470
Key Up;D;835798
Key Down;Q;835838
Key Up;Z;836382
Key Down;S;837062
Key Up;Q;837422
Key Down;D;838502
Key Down;A;838638
Key Up;S;838661
Key Up;A;838765
Key Up;D;839206
Key Down;Q;839262
Key Down;Z;839693
Key Up;Q;840166
Key Up;Z;840278
Key Down;A;841862
Key Up;A;841957
Key Down;D;842558
Key Down;Z;842581
Key Up;D;842606
Key Up;Z;842702
Key Down;E;842774
Key Up;E;842838
Key Down;Z;843862
Key Down;Q;843942
Key Up;Z;844229
Key Down;Z;845598
Key Up;Q;846518
Key Up;Z;846534
Key Down;Z;846877
Key Down;D;846950
Key Up;D;847230
Key Up;Z;847325
Key Down;Q;847453
Key Down;Z;847509
Key Up;Q;847766
Key Up;Z;847822
Key Down;D;848902
Key Down;S;848950
Key Up;D;849094
Key Down;Q;849150
Key Up;Q;849790
Key Down;D;849886
Key Up;S;850262
Key Down;S;851061
Key Up;S;851366
Key Down;S;851814
Key Up;S;851934
Key Down;Z;853966
Key Up;Z;854574
Key Down;Z;856270
Key Up;D;856758
Key Down;D;856926
Key Up;Z;857310
Key Down;Z;857958
Key Up;D;858174
Key Down;Q;858269
Key Up;Z;858542
Key Down;S;858846
Key Up;S;859173
Key Down;S;859606
Key Up;S;859797
Key Down;Z;859949
Key Up;Z;860125
Key Down;S;860326
Key Up;Q;860398
Key Down;Q;860838
Key Up;Q;861014
Key Down;D;861389
Key Up;D;861526
Key Down;D;861725
Key Up;S;862382
Key Down;A;862630
Key Up;A;862742
Key Up;D;862902
Key Down;Q;863102
Key Down;Z;863317
Key Up;Q;863414
Key Up;Z;863470
Key Down;Q;864557
Key Up;Q;865022
Key Down;Z;865110
Key Up;Z;865318
Key Down;A;865550
Key Up;A;865646
Key Down;D;866174
Key Up;D;866814
Key Down;Z;867190
Key Down;D;867310
Key Up;Z;867486
Key Down;S;868765
Key Up;D;868774
Key Up;S;869942
Key Down;S;870093
Key Down;E;870470
Key Up;E;870582
Key Down;Q;870902
Key Up;Q;870998
Key Up;S;871302
Key Down;Z;871518
Key Down;Q;871661
Key Up;Q;871742
Key Down;D;872189
Key Up;D;872278
Key Up;Z;872486
Key Down;Z;872901
Key Down;D;873005
Key Up;Z;873246
Key Up;D;873342
Key Down;D;873749
Key Up;D;874254
Key Down;S;874333
Key Up;S;874382
Key Down;D;874661
Key Up;D;875021
Key Down;Q;875150
Key Down;S;875758
Key Up;Q;876134
Key Down;Q;876462
Key Up;Q;876662
Key Down;Q;876742
Key Up;Q;877006
Key Down;D;878022
Key Up;D;878533
Key Down;D;878854
Key Up;S;878981
Key Down;A;879141
Key Up;A;879221
Key Down;Z;879646
Key Up;Z;879861
Key Down;Z;880206
Key Down;Q;881430
Key Up;D;881470
Key Up;Q;882014
Key Down;A;882206
Key Up;A;882334
Key Up;Z;882493
Key Down;D;882782
Key Down;S;882790
Key Up;D;883197
Key Down;D;883629
Key Up;D;883894
Key Down;Q;884214
Key Up;S;884966
Key Down;Z;886230
Key Up;Q;886885
Key Down;D;887213
Key Up;D;887725
Key Down;Q;887845
Key Up;Z;887861
Key Up;Q;887941
Key Down;Q;888110
Key Down;S;888126
Key Up;Q;888157
Key Down;Q;888333
Key Up;Q;888541
Key Down;Q;888917
Key Up;Q;889061
Key Down;A;889262
Key Up;A;889374
Key Up;S;889462
Key Down;D;889766
Key Down;Z;890597
Key Up;Z;890909
Key Up;D;890973
Key Down;D;891013
Key Down;Z;891950
Key Up;D;892470
Key Up;Z;892494
Key Down;A;893117
Key Up;A;893213
Key Down;Q;893653
Key Down;S;893949
Key Up;S;894150
Key Up;Q;894558
Key Down;Z;894573
Key Up;Z;894878
Key Down;D;896022
Key Down;S;896206
Key Up;S;896909
Key Down;S;897582
Key Up;S;897702
Key Down;Z;898742
Key Up;Z;898781
Key Up;D;898821
Key Down;Q;899853
Key Up;Q;900086
Key Down;A;900814
Key Up;A;900917
Key Down;Tab;902125
Key Up;Tab;904021
Key Down;S;904822
Key Down;D;904870
Key Up;S;906253
Key Down;S;907181
Key Up;S;907246
Key Down;Q;909286
Key Up;D;909493
Key Down;Z;909798
Key Up;Q;909949
Key Down;D;910445
Key Up;Z;911070
Key Down;S;912533
Key Up;D;912742
Key Down;Q;914405
Key Up;S;914742
Key Down;Z;916069
Key Up;Q;916918
Key Down;D;917358
Key Up;D;917805
Key Up;Z;918093
Key Down;Q;918109
Key Down;S;918381
Key Up;Q;918422
Key Down;A;919758
Key Up;A;919870
Key Down;D;919909
Key Up;S;920165
Key Down;S;920478
Key Up;S;920781
Key Down;Z;922093
Key Up;D;922262
Key Up;Z;922381
Key Down;D;923118
Key Down;Z;923190
Key Up;D;923334
Key Up;Z;923382
Key Down;A;923622
Key Up;A;923710
Key Down;Q;924253
Key Down;Z;924398
Key Up;Z;924901
Key Up;Q;924909
Key Down;Q;925245
Key Up;Q;925525
Key Down;Tab;925773
Key Up;Tab;928862
Key Down;S;929630
Key Down;D;930357
Key Up;D;930446
Key Down;D;931293
Key Up;S;931542
Key Down;Z;932125
Key Up;D;932317
Key Down;D;933453
Key Up;Z;933597
Key Down;S;934670
Key Up;D;935053
Key Down;D;935390
Key Up;S;936038
Key Down;S;936397
Key Up;D;936501
Key Up;S;937710
Key Down;Q;937949
Key Down;S;938245
Key Up;Q;938349
Key Up;S;939085
Key Down;D;939093
Key Down;Z;939293
Key Up;D;939413
Key Up;Z;939501
Key Down;D;940582
Key Up;D;940734
Key Down;Z;941117
Key Up;Z;941621
Key Down;E;941749
Key Up;E;941861
Key Down;Q;942541
Key Down;S;942702
Key Up;Q;942774
Key Up;S;942862
Key Down;E;950414
Key Up;E;950525
Key Down;Q;950717
Key Down;Z;950805
Key Up;Q;950949
Key Down;D;951165
Key Up;D;951493
Key Up;Z;952550
Key Down;A;955269
Key Up;A;955430
Key Down;Tab;956870
Key Up;Tab;959237
Key Down;Z;960301
Key Up;Z;961213
Key Down;Espace;961293
Key Up;Espace;961437
Key Down;S;961485
Key Up;S;961606
Key Down;Z;962173
Key Up;Z;962357
Key Down;E;962517
Key Up;E;962605
Key Down;S;963005
Key Up;S;963381
Key Down;D;963630
Key Up;D;963781
Key Down;Q;964269
Key Down;S;964277
Key Up;S;964422
Key Up;Q;964566
Key Down;E;973622
Key Up;E;973765
Key Down;1;976445
Key Up;1;976605
Key Down;Q;977213
Key Down;S;977557
Key Up;S;977661
Key Up;Q;978605
Key Down;Tab;978845
Key Up;Tab;981077
Key Down;Tab;982861
Key Up;Tab;984141
Key Down;Q;984454
Key Up;Q;985061
Key Down;Q;986821
Key Up;Q;991293
Key Down;Q;997021
Key Down;Espace;998461
Key Up;Espace;998605
Key Down;S;998773
Key Up;S;999222
Key Down;S;1000109
Key Up;S;1000510
Key Down;Z;1002117
Key Up;Q;1002317
Key Down;Q;1002437
Key Up;Z;1002517
Key Up;Q;1002581
Key Down;Q;1002805
Key Up;Q;1002925
Key Down;Q;1003133
Key Down;Z;1003141
Key Up;Q;1003309
Key Down;Q;1003366
Key Up;Z;1003645
Key Up;Q;1003653
Key Down;S;1003853
Key Down;D;1003901
Key Up;D;1003997
Key Down;Q;1004013
Key Up;S;1004021
Key Up;Q;1004109
Key Down;Z;1004197
Key Up;Z;1004486
Key Down;S;1004693
Key Up;S;1004837
Key Down;S;1005093
Key Up;S;1005301
Key Down;Q;1005598
Key Down;Z;1005685
Key Up;Q;1005829
Key Up;Z;1005925
Key Down;D;1006045
Key Down;S;1006397
Key Up;D;1006485
Key Down;Q;1006989
Key Up;Q;1007109
Key Down;D;1007397
Key Up;S;1007685
Key Down;Z;1011341
Key Up;D;1011901
Key Down;Q;1012149
Key Up;Q;1012325
Key Up;Z;1012589
Key Down;Q;1012853
Key Down;S;1012997
Key Up;Q;1013133
Key Up;S;1013270
Key Down;D;1013421
Key Down;Z;1013525
Key Up;D;1014093
Key Down;Q;1014581
Key Up;Z;1015805
Key Down;S;1016949
Key Up;S;1018429
Key Down;D;1018765
Key Up;Q;1018797
Key Up;D;1019029
Key Down;Q;1019037
Key Down;S;1019397
Key Up;Q;1020550
Key Up;S;1020573
Key Down;Q;1021485
Key Up;Q;1021645
Key Down;Q;1022629
Key Down;S;1022717
Key Up;S;1022797
Key Down;Z;1023197
Key Up;Q;1023469
Key Up;Z;1023717
Key Down;S;1023877
Key Up;S;1024213
Key Down;Q;1024245
Key Up;Q;1024301
Key Down;S;1024573
Key Up;S;1024749
Key Down;S;1024973
Key Down;D;1024989
Key Up;S;1025053
Key Down;S;1025469
Key Up;S;1026029
Key Down;Z;1026245
Key Up;Z;1026917
Key Down;Z;1027773
Key Up;Z;1028437
Key Up;D;1029677
Key Down;Z;1030349
Key Down;D;1030373
Key Down;Q;1031094
Key Up;D;1031102
Key Up;Q;1031253
Key Down;A;1031541
Key Up;A;1031645
Key Down;Q;1032349
Key Up;Z;1032437
Key Down;Z;1033301
Key Up;Z;1033645
Key Down;S;1035069
Key Up;S;1036157
Key Up;Q;1036325
Key Down;Q;1036541
Key Down;S;1036581
Key Up;S;1037021
Key Up;Q;1037069
Key Down;NumPad 3;1037283
Key Down;Q;1037349
Key Up;NumPad 3;1037414
Key Up;Q;1037469
Key Down;S;1037717
Key Down;D;1037781
Key Up;S;1037845
Key Down;S;1038525
Key Up;D;1038885
Key Up;S;1039004
Key Down;Q;1039989
Key Down;Z;1040317
Key Up;Q;1040389
Key Up;Z;1040445
Key Down;Z;1041165
Key Down;D;1042213
Key Up;Z;1042797
Key Down;S;1044405
Key Up;S;1046869
Key Up;D;1046909
Key Down;Q;1050997
Key Down;Z;1051117
Key Up;Z;1051653
Key Down;S;1052069
Key Up;S;1052277
Key Down;S;1052437
Key Up;Q;1052541
Key Down;D;1052621
Key Up;S;1052765
Key Down;Z;1053189
Key Up;D;1053429
Key Up;Z;1053781
Key Down;S;1053957
Key Down;Q;1054357
Key Up;S;1054540
Key Down;Z;1054757
Key Up;Q;1054797
Key Up;Z;1054901
Key Down;E;1062685
Key Up;E;1062821
Key Down;D;1063093
Key Down;Z;1063125
Key Up;D;1063461
Key Down;Q;1064085
Key Up;Z;1064221
Key Down;S;1064485
Key Up;Q;1064700
Key Down;Q;1065165
Key Up;Q;1065277
Key Up;S;1065381
Key Down;A;1065501
Key Up;A;1065597
Key Down;Z;1066012
Key Down;D;1066645
Key Up;Z;1066853
Key Up;D;1066964
Key Down;D;1067557
Key Up;D;1067645
Key Down;Z;1067725
Key Up;Z;1069381
Key Down;Z;1070933
Key Up;Z;1071413
Key Down;S;1084125
Key Up;S;1085125
Key Down;1;1087212
Key Up;1;1087341
Key Down;D;1087797
Key Down;Z;1088260
Key Up;D;1088540
Key Up;Z;1088941
Key Down;Z;1089253
Key Down;D;1089381
Key Up;Z;1089597
Key Up;D;1090821
Key Down;Z;1091061
Key Down;D;1091309
Key Up;D;1091389
Key Up;Z;1091501
Key Down;A;1093205
Key Up;A;1093317
Key Down;S;1093445
Key Down;D;1093796
Key Up;S;1094021
Key Up;D;1094084
Key Down;Z;1094789
Key Down;Q;1094941
Key Up;Q;1095052
Key Up;Z;1095165
Key Down;Q;1095381
Key Down;Z;1095541
Key Up;Q;1095997
Key Down;A;1096253
Key Up;A;1096365
Key Down;D;1096541
Key Up;Z;1096573
Key Up;D;1096724
Key Down;Z;1097340
Key Down;D;1097501
Key Up;Z;1097700
Key Up;D;1098053
Key Down;Q;1098061
Key Down;S;1098517
Key Up;Q;1098701
Key Up;S;1098797
Key Down;Z;1099653
Key Down;D;1099781
Key Up;Z;1099893
Key Down;S;1100284
Key Up;S;1100365
Key Down;S;1100589
Key Up;S;1100757
Key Down;Q;1100765
Key Up;D;1100789
Key Up;Q;1100821
Key Down;D;1101381
Key Down;Z;1101652
Key Up;D;1101685
Key Down;Q;1101772
Key Up;Z;1101853
Key Down;Z;1102181
Key Up;Z;1102477
Key Up;Q;1102509
Key Down;S;1103541
Key Up;S;1103997
Key Down;A;1104004
Key Up;A;1104109
Key Down;D;1104373
Key Up;D;1104445
Key Down;Q;1104917
Key Down;Z;1104949
Key Up;Q;1105301
Key Up;Z;1105388
Key Down;Z;1105677
Key Down;D;1106044
Key Up;D;1106149
Key Down;Q;1106365
Key Up;Q;1106501
Key Down;E;1108509
Key Up;E;1108637
Key Up;Z;1108677
Key Down;S;1108925
Key Down;Q;1109077
Key Up;Q;1109372
Key Down;Q;1109629
Key Up;Q;1109741
Key Down;Q;1109933
Key Up;S;1110140
Key Up;Q;1110340
Key Down;S;1110484
Key Down;D;1110797
Key Up;S;1110844
Key Down;Z;1111445
Key Up;Z;1111861
Key Up;D;1112060
Key Down;Q;1112133
Key Down;S;1112277
Key Up;S;1112517
Key Down;Z;1113133
Key Up;Q;1113381
Key Down;Q;1113413
Key Up;Z;1113437
Key Down;Z;1113636
Key Up;Q;1113653
Key Down;D;1115229
Key Up;D;1115405
Key Down;D;1115653
Key Up;Z;1116701
Key Up;D;1116925
Key Down;Z;1117157
Key Down;Q;1117341
Key Up;Z;1117533
Key Down;S;1117821
Key Up;Q;1117901
Key Down;D;1117909
Key Up;S;1117932
Key Down;S;1118197
Key Down;Q;1118229
Key Up;D;1118244
Key Up;S;1118309
Key Up;Q;1118485
Key Down;A;1118628
Key Up;A;1118725
Key Down;Q;1119053
Key Up;Q;1120053
Key Down;S;1120613
Key Up;S;1120780
Key Down;S;1121477
Key Down;D;1121501
Key Up;D;1121821
Key Up;S;1122108
Key Down;A;1122205
Key Up;A;1122293
Key Down;D;1122741
Key Down;Z;1122749
Key Up;Z;1123293
Key Down;S;1123676
Key Up;D;1123893
Key Down;D;1124077
Key Up;D;1124525
Key Down;Q;1125461
Key Up;S;1126244
Key Up;Q;1126924
Key Down;D;1127028
Key Down;Z;1127813
Key Up;D;1127885
Key Down;D;1128132
Key Up;D;1128637
Key Down;Q;1130189
Key Up;Z;1131085
Key Down;Z;1132365
Key Up;Q;1132501
Key Up;Z;1132509
Key Down;Q;1132757
Key Down;Z;1132861
Key Up;Z;1132909
Key Up;Q;1133213
Key Down;S;1133221
Key Up;S;1133349
Key Down;A;1133421
Key Up;A;1133501
Key Down;Z;1133949
Key Down;D;1134044
Key Up;Z;1134149
Key Down;S;1134597
Key Up;D;1134604
Key Up;S;1134645
Key Down;E;1134749
Key Up;E;1134829
Key Down;Q;1135020
Key Down;S;1135444
Key Up;Q;1135596
Key Up;S;1135781
Key Down;Q;1136237
Key Down;Z;1136285
Key Up;Q;1136428
Key Up;Z;1136461
Key Down;D;1136549
Key Down;S;1136813
Key Up;S;1137237
Key Up;D;1137429
Key Down;Tab;1137548
Key Up;Tab;1139173
Key Down;Z;1139996
Key Up;Z;1141636
Key Down;S;1144245
Key Down;Q;1144788
Key Up;S;1144941
Key Up;Q;1145205
Key Down;E;1145445
Key Up;E;1145532
Key Down;Echap;1147213
Key Up;Echap;1147325
Key Down;Echap;1147917
Key Up;Echap;1148028
Key Down;D;1148308
Key Down;Z;1148525
Key Up;D;1148677
Key Up;Z;1149189
Key Down;E;1149261
Key Up;E;1149357
Key Down;D;1150157
Key Down;Z;1150324
Key Up;D;1150948
Key Down;D;1151276
Key Up;Z;1151573
Key Down;Z;1152293
Key Up;D;1152445
Key Down;Tab;1153340
Key Up;Z;1153365
Key Up;Tab;1154437
Key Down;Z;1154869
Key Down;Q;1155141
Key Up;Z;1155757
Key Down;Z;1155892
Key Up;Z;1156285
Key Down;E;1156692
Key Up;E;1156797
Key Down;S;1157540
Key Up;S;1157780
Key Down;Z;1157933
Key Up;Z;1158309
Key Up;Q;1158669
Key Down;Q;1159101
Key Up;Q;1160364
Key Down;Q;1160605
Key Up;Q;1160973
Key Down;Q;1161580
Key Up;Q;1162213
Key Down;D;1162316
Key Up;D;1162500
Key Down;Q;1162572
Key Up;Q;1163076
Key Down;S;1163157
Key Down;D;1163493
Key Up;D;1163709
Key Down;D;1164044
Key Up;D;1164093
Key Up;S;1164164
Key Down;A;1164389
Key Up;A;1164476
Key Down;Z;1164828
Key Down;D;1164853
Key Up;D;1165021
Key Up;Z;1165477
Key Down;S;1166253
Key Up;S;1166821
Key Down;A;1166996
Key Up;A;1167077
Key Down;Z;1167877
Key Down;Q;1168132
Key Up;Z;1168397
Key Up;Q;1168461
Key Down;S;1169157
Key Down;D;1169181
Key Up;D;1169517
Key Down;Q;1169701
Key Up;S;1169821
Key Up;Q;1169869
Key Down;A;1171180
Key Up;A;1171220
Key Down;Z;1171357
Key Down;Q;1171828
Key Up;Z;1171852
Key Down;Z;1172789
Key Up;Q;1172852
Key Up;Z;1173053
Key Down;Q;1173229
Key Down;S;1173661
Key Up;Q;1173700
Key Down;Q;1173980
Key Up;S;1174181
Key Down;S;1174484
Key Up;Q;1174541
Key Down;Q;1174589
Key Up;S;1174669
Key Down;Z;1175020
Key Up;Z;1175325
Key Down;Z;1175548
Key Up;Z;1175645
Key Up;Q;1177428
Key Down;Z;1177493
Key Down;D;1177676
Key Up;D;1178124
Key Down;D;1179029
Key Up;D;1179285
Key Down;Q;1179748
Key Up;Z;1180140
Key Down;S;1181012
Key Up;S;1181452
Key Down;Z;1181709
Key Up;Z;1182149
Key Up;Q;1183149
Key Down;Q;1184276
Key Down;S;1185004
Key Up;Q;1185404
Key Up;S;1185572
Key Down;A;1186557
Key Up;A;1186652
Key Down;Z;1187045
Key Down;D;1187061
Key Up;Z;1187141
Key Up;D;1187349
Key Down;Q;1187708
Key Down;S;1187885
Key Up;Q;1187973
Key Down;D;1188805
Key Up;S;1188869
Key Up;D;1188980
Key Down;Q;1189532
Key Down;Z;1189620
Key Up;Q;1189876
Key Down;D;1190348
Key Up;Z;1190357
Key Up;D;1190557
Key Down;S;1190565
Key Down;Q;1190773
Key Up;Q;1190877
Key Down;Q;1191620
Key Up;S;1191669
Key Down;Z;1191980
Key Up;Q;1192013
Key Down;D;1192308
Key Up;D;1192541
Key Down;Q;1192957
Key Up;Q;1193124
Key Down;D;1193181
Key Up;Z;1193213
Key Down;S;1193357
Key Up;D;1193365
Key Down;A;1194021
Key Up;A;1194125
Key Up;S;1194173
Key Down;D;1194244
Key Down;Z;1194333
Key Up;D;1194348
Key Up;Z;1194572
Key Down;Z;1194900
Key Up;Z;1194965
Key Down;Z;1195004
Key Up;Z;1195300
Key Down;Z;1195557
Key Down;D;1195965
Key Up;D;1196157
Key Down;D;1196325
Key Up;Z;1196548
Key Up;D;1197269
Key Down;S;1197300
Key Down;Q;1197420
Key Up;S;1197428
Key Up;Q;1197820
Key Down;D;1197933
Key Up;D;1198044
Key Down;Q;1198140
Key Up;Q;1198596
Key Down;Z;1199253
Key Down;D;1199380
Key Down;A;1199445
Key Up;A;1199517
Key Up;Z;1199565
Key Down;S;1199917
Key Up;D;1200396
Key Down;Q;1200469
Key Up;S;1200501
Key Down;S;1200773
Key Up;S;1201765
Key Up;Q;1201829
Key Down;D;1201892
Key Down;Z;1201965
Key Up;D;1202244
Key Up;Z;1202252
Key Down;A;1204268
Key Up;A;1204284
Key Down;Q;1205205
Key Up;Q;1205381
Key Down;Q;1205693
Key Down;Z;1206196
Key Up;Q;1206268
Key Down;D;1206428
Key Down;A;1207124
Key Up;A;1207204
Key Up;Z;1207325
Key Down;S;1208068
Key Up;S;1208277
Key Down;Q;1209069
Key Up;Q;1209133
Key Down;S;1210437
Key Up;D;1210669
Key Down;D;1211189
Key Up;D;1211373
Key Up;S;1211940
Key Down;E;1212084
Key Up;E;1212221
Key Down;A;1212644
Key Up;A;1212749
Key Down;Q;1213053
Key Down;S;1213308
Key Up;Q;1213548
Key Up;S;1213596
Key Down;D;1213604
Key Down;Z;1213749
Key Up;D;1213885
Key Down;D;1214076
Key Down;Q;1214380
Key Up;D;1214389
Key Up;Z;1214500
Key Up;Q;1214724
Key Down;Z;1214733
Key Up;Z;1214749
Key Down;D;1214772
Key Down;Z;1214876
Key Up;Z;1215636
Key Up;D;1215644
Key Down;Q;1216172
Key Up;Q;1216333
Key Down;D;1217965
Key Down;A;1218108
Key Up;A;1218237
Key Down;Z;1218412
Key Down;Q;1218988
Key Up;D;1219020
Key Up;Z;1219132
Key Down;Z;1219476
Key Up;Q;1219573
Key Down;Q;1219813
Key Up;Z;1220245
Key Up;Q;1220452
Key Down;D;1220757
Key Up;D;1221021
Key Down;S;1222260
Key Down;A;1222613
Key Up;A;1222724
Key Down;D;1222732
Key Up;D;1223260
Key Down;Q;1223276
Key Up;S;1223301
Key Down;Z;1223421
Key Up;Q;1223460
Key Down;D;1223636
Key Up;Z;1224188
Key Down;S;1224437
Key Up;D;1224644
Key Down;D;1225053
Key Up;D;1225237
Key Up;S;1225460
Key Down;S;1226228
Key Down;A;1226709
Key Up;A;1226844
Key Up;S;1226996
Key Down;D;1227029
Key Down;Z;1227220
Key Up;D;1227332
Key Down;E;1227532
Key Up;Z;1227572
Key Up;E;1227653
Key Down;D;1227772
Key Up;D;1228269
Key Down;D;1228605
Key Down;Z;1228660
Key Up;D;1228733
Key Down;Q;1228756
Key Up;Z;1228836
Key Up;Q;1228948
Key Down;Z;1229068
Key Down;D;1229149
Key Up;Z;1229253
Key Down;Z;1229468
Key Up;D;1229492
Key Down;Q;1229548
Key Up;Z;1229605
Key Up;Q;1229725
Key Down;D;1230068
Key Down;S;1230157
Key Up;S;1230372
Key Down;S;1230436
Key Up;D;1230524
Key Up;S;1230540
Key Down;S;1231676
Key Down;A;1232164
Key Up;A;1232276
Key Down;D;1232348
Key Up;D;1232708
Key Down;Q;1232885
Key Up;Q;1232996
Key Down;D;1233084
Key Up;S;1233100
Key Up;D;1233189
Key Down;Z;1233412
Key Down;Q;1233588
Key Up;Z;1234412
Key Down;S;1234724
Key Up;Q;1235085
Key Down;D;1235221
Key Up;D;1235365
Key Up;S;1235381
Key Down;A;1235460
Key Up;A;1235652
Key Down;Z;1236044
Key Up;Z;1236413
Key Down;Z;1237317
Key Down;Q;1238004
Key Up;Z;1238740
Key Up;Q;1239340
Key Down;S;1239468
Key Up;S;1239556
Key Down;D;1239652
Key Down;S;1239828
Key Up;D;1240325
Key Down;Q;1241157
Key Up;Q;1241220
Key Up;S;1241517
Key Down;Q;1241740
Key Down;Z;1242309
Key Up;Q;1242741
Key Down;D;1243029
Key Up;D;1243204
Key Up;Z;1243892
Key Down;Z;1244181
Key Down;D;1244308
Key Up;Z;1244572
Key Down;S;1246052
Key Up;S;1246508
Key Up;D;1246748
Key Down;E;1246900
Key Up;E;1246981
Key Down;Q;1247125
Key Down;Z;1247309
Key Up;Z;1247604
Key Down;Z;1249236
Key Up;Q;1249452
Key Down;Q;1249524
Key Up;Q;1249684
Key Down;Q;1251444
Key Up;Z;1252140
Key Down;Z;1252324
Key Up;Q;1252492
Key Up;Z;1252596
Key Down;D;1253060
Key Down;Z;1253940
Key Up;D;1254445
Key Up;Z;1254564
Key Down;Q;1254685
Key Down;S;1254852
Key Up;Q;1255036
Key Down;Q;1255308
Key Up;S;1255445
Key Down;Z;1255717
Key Up;Q;1255829
Key Up;Z;1255925
Key Down;S;1257180
Key Down;Q;1257884
Key Up;S;1258004
Key Down;S;1258348
Key Up;Q;1258581
Key Up;S;1258621
Key Down;A;1260276
Key Up;A;1260412
Key Down;Q;1260836
Key Down;Z;1260917
Key Up;Z;1261109
Key Down;S;1261948
Key Up;S;1262036
Key Up;Q;1262244
Key Down;Z;1262540
Key Down;Q;1262628
Key Up;Z;1263076
Key Down;S;1264245
Key Up;S;1264437
Key Down;Z;1264573
Key Up;Q;1264892
Key Up;Z;1265308
Key Down;A;1265501
Key Up;A;1265604
Key Down;D;1266172
Key Down;S;1266372
Key Up;S;1266532
Key Up;D;1268068
Key Down;A;1268757
Key Up;A;1268852
Key Down;Q;1269741
Key Down;Z;1269836
Key Up;Q;1270381
Key Up;Z;1270421
Key Down;S;1271084
Key Down;Q;1271341
Key Up;S;1272220
Key Down;Z;1272772
Key Up;Z;1272900
Key Up;Q;1273853
Key Down;Q;1274300
Key Down;S;1274741
Key Up;S;1274892
Key Down;S;1275236
Key Up;Q;1276060
Key Up;S;1276085
Key Down;D;1276108
Key Down;Z;1276357
Key Up;Z;1277164
Key Up;D;1277508
Key Down;A;1277772
Key Up;A;1277868
Key Down;Q;1278324
Key Down;S;1278876
Key Up;S;1279060
Key Up;Q;1279085
Key Down;D;1279092
Key Down;S;1279364
Key Up;D;1279548
Key Down;D;1280461
Key Up;S;1280596
Key Down;S;1280869
Key Up;D;1280924
Key Down;Q;1281020
Key Up;S;1281044
Key Up;Q;1281244
Key Down;D;1281268
Key Down;Z;1281380
Key Up;D;1281405
Key Down;D;1281588
Key Up;D;1281852
Key Down;Q;1282484
Key Up;Z;1283381
Key Down;S;1283556
Key Up;S;1283948
Key Down;S;1284172
Key Up;Q;1284677
Key Up;S;1284796
Key Down;D;1285005
Key Down;Z;1285044
Key Up;Z;1285436
Key Down;S;1285692
Key Up;S;1286196
Key Up;D;1286220
Key Down;Z;1286484
Key Up;Z;1286548
Key Down;A;1286597
Key Up;A;1286708
Key Down;D;1287109
Key Down;Z;1287132
Key Up;D;1287244
Key Up;Z;1287412
Key Down;S;1288252
Key Down;D;1288316
Key Up;D;1288421
Key Down;D;1288668
Key Up;D;1288676
Key Up;S;1288708
Key Down;Z;1288964
Key Up;Z;1289028
Key Down;Q;1289732
Key Down;Z;1289756
Key Up;Q;1289852
Key Up;Z;1289900
Key Down;A;1290732
Key Up;A;1290829
Key Down;S;1291036
Key Up;S;1291269
Key Down;Q;1291316
Key Up;Q;1291365
Key Down;Z;1291933
Key Down;Q;1292020
Key Up;Z;1292357
Key Up;Q;1292365
Key Down;A;1294004
Key Up;A;1294100
Key Down;D;1294397
Key Down;S;1294500
Key Up;D;1294564
Key Up;S;1294732
Key Down;Z;1294924
Key Down;Q;1295060
Key Up;Q;1295244
Key Down;E;1295292
Key Up;Z;1295332
Key Up;E;1295396
Key Down;Q;1295612
Key Up;Q;1295797
Key Down;S;1296364
Key Down;D;1296452
Key Up;S;1296524
Key Down;Tab;1297156
Key Up;D;1297180
Key Up;Tab;1300172
Key Down;Tab;1301348
Key Up;Tab;1301884
Key Down;Z;1302189
Key Up;Z;1303052
Key Down;S;1305948
Key Down;Q;1306492
Key Up;S;1306620
Key Up;Q;1306868
Key Down;S;1307244
Key Up;S;1307324
Key Down;E;1307580
Key Up;E;1307644
Key Down;E;1323532
Key Up;E;1323636
Key Down;E;1342732
Key Up;E;1342900
Key Down;D;1348356
Key Down;Z;1348572
Key Up;D;1348804
Key Down;Q;1349068
Key Up;Q;1349228
Key Up;Z;1349452
Key Down;E;1349564
Key Up;E;1349692
Key Down;D;1350356
Key Down;Z;1350484
Key Up;D;1351076
Key Down;D;1351459
Key Up;Z;1351748
Key Down;Z;1352652
Key Up;D;1353356
Key Down;Q;1353748
Key Up;Z;1354124
Key Up;Q;1354132
Key Down;D;1354340
Key Down;S;1354428
Key Up;D;1354692
Key Down;Q;1355211
Key Up;S;1356148
Key Down;Z;1356660
Key Up;Z;1356796
Key Down;Z;1357148
Key Up;Z;1357260
Key Down;S;1357844
Key Up;Q;1358276
Key Down;Q;1358444
Key Up;S;1358771
Key Down;Z;1359172
Key Up;Q;1359292
Key Up;Z;1359452
Key Down;S;1362564
Key Down;Q;1362876
Key Up;S;1363300
Key Up;Q;1363459
Key Down;S;1363868
Key Up;S;1363931
Key Down;E;1364211
Key Up;E;1364284
Key Down;D;1370148
Key Up;D;1370412
Key Down;D;1370707
Key Down;Z;1370804
Key Up;D;1370956
Key Down;Q;1371180
Key Up;Q;1371332
Key Up;Z;1371644
Key Down;E;1371908
Key Up;E;1372003
Key Down;D;1372764
Key Down;Z;1372780
Key Up;D;1373652
Key Down;D;1373883
Key Up;Z;1374116
Key Down;Z;1374924
Key Up;D;1375035
Key Down;D;1376284
Key Up;D;1376508
Key Down;Q;1377028
Key Up;Q;1377068
Key Down;Q;1377740
Key Up;Q;1377836
Key Down;Q;1378868
Key Up;Z;1379811
Key Down;Z;1380404
Key Up;Z;1380556
Key Down;S;1380788
Key Up;S;1380964
Key Down;S;1382476
Key Up;S;1382572
Key Up;Q;1384171
Key Down;Tab;1384387
Key Up;Tab;1385556
Key Down;Q;1385804
Key Down;S;1386124
Key Up;Q;1386412
Key Down;D;1386964
Key Up;D;1387092
Key Down;D;1387476
Key Up;D;1387579
Key Down;D;1388236
Key Up;S;1388348
Key Down;S;1389364
Key Up;S;1390268
Key Down;S;1391052
Key Up;S;1391787
Key Down;Z;1392044
Key Up;D;1392148
Key Up;Z;1392180
Key Down;Q;1392236
Key Down;Z;1392748
Key Up;Q;1392779
Key Down;D;1392900
Key Up;Z;1393012
Key Up;D;1393020
Key Down;S;1393244
Key Down;D;1393483
Key Up;S;1393540
Key Up;D;1393579
Key Down;A;1393604
Key Up;A;1393715
Key Down;S;1394163
Key Down;Q;1394220
Key Up;S;1394252
Key Down;Z;1394412
Key Up;Q;1394540
Key Down;D;1394668
Key Up;Z;1394852
Key Down;Z;1394940
Key Down;Q;1394948
Key Up;D;1394955
Key Up;Z;1395388
Key Up;Q;1395491
Key Down;D;1395779
Key Down;A;1395843
Key Up;D;1395867
Key Up;A;1395932
Key Down;D;1396116
Key Down;S;1396515
Key Up;D;1396596
Key Down;Q;1396851
Key Up;Q;1397020
Key Up;S;1397212
Key Down;Z;1397851
Key Down;D;1397932
Key Up;D;1398291
Key Down;Q;1398516
Key Up;Q;1398620
Key Down;A;1399148
Key Up;A;1399244
Key Up;Z;1399316
Key Down;S;1399603
Key Down;Q;1399820
Key Up;Q;1400228
Key Down;Q;1400451
Key Up;S;1400876
Key Down;Z;1401772
Key Up;Q;1402276
Key Down;D;1402412
Key Up;Z;1402915
Key Down;S;1403508
Key Up;D;1403724
Key Down;Q;1403811
Key Up;Q;1403884
Key Down;D;1404012
Key Up;D;1404163
Key Down;A;1404444
Key Up;A;1404563
Key Down;D;1404660
Key Up;S;1404684
Key Down;Z;1404820
Key Up;D;1405260
Key Down;Q;1405716
Key Up;Z;1405955
Key Down;S;1406292
Key Up;Q;1407100
Key Down;D;1407211
Key Up;D;1407323
Key Down;D;1407484
Key Up;S;1407852
Key Down;A;1408011
Key Up;D;1408059
Key Up;A;1408124
Key Down;D;1408460
Key Down;Z;1408651
Key Up;Z;1409163
Key Up;D;1409220
Key Down;Q;1409644
Key Down;Z;1410036
Key Up;Q;1410260
Key Down;D;1410539
Key Up;D;1410660
Key Up;Z;1410827
Key Down;D;1410892
Key Down;S;1411060
Key Up;D;1411084
Key Up;S;1411275
Key Down;A;1411515
Key Up;A;1411620
Key Down;E;1412603
Key Up;E;1412652
Key Down;D;1413011
Key Down;S;1413243
Key Down;A;1414100
Key Up;A;1414211
Key Up;S;1414420
Key Down;S;1414524
Key Up;D;1414572
Key Down;Q;1414819
Key Up;S;1414939
Key Down;S;1415028
Key Up;Q;1415084
Key Down;D;1415940
Key Up;S;1416059
Key Up;D;1416092
Key Down;Q;1416123
Key Down;S;1416412
Key Up;Q;1416507
Key Up;S;1417084
Key Down;Tab;1417259
Key Up;Tab;1419668
Key Down;Q;1420451
Key Down;S;1420532
Key Up;Q;1420579
Key Down;Q;1421659
Key Up;S;1422131
Key Down;S;1422459
Key Up;Q;1422579
Key Up;S;1425251
Key Down;D;1425364
Key Down;Z;1425444
Key Up;D;1425892
Key Up;Z;1425908
Key Down;Q;1427004
Key Up;Q;1427323
Key Down;Z;1427340
Key Up;Z;1427444
Key Down;D;1427931
Key Up;D;1428356
Key Down;Q;1428364
Key Up;Q;1428820
Key Down;S;1429036
Key Down;Q;1429084
Key Up;Q;1429411
Key Down;Q;1429891
Key Up;S;1430684
Key Down;Z;1430852
Key Up;Z;1430948
Key Down;NumPad 3;1430968
Key Up;NumPad 3;1431086
Key Down;S;1431147
Key Up;Q;1431180
Key Down;D;1431236
Key Up;S;1431252
Key Up;D;1431484
Key Down;A;1431572
Key Up;A;1431659
Key Down;S;1432044
Key Down;Q;1432179
Key Up;S;1432412
Key Up;Q;1432508
Key Down;Q;1432988
Key Up;Q;1433259
Key Down;Q;1433652
Key Up;Q;1433811
Key Down;A;1434307
Key Up;A;1434403
Key Down;D;1434588
Key Up;D;1435843
Key Down;Z;1436980
Key Up;Z;1437323
Key Down;Q;1437867
Key Down;S;1437892
Key Up;Q;1438340
Key Down;D;1438412
Key Up;S;1438420
Key Down;A;1438708
Key Up;A;1438828
Key Down;Z;1439668
Key Up;Z;1440100
Key Up;D;1440667
Key Down;Z;1440692
Key Down;Q;1440763
Key Up;Z;1440811
Key Down;D;1441956
Key Up;Q;1441963
Key Down;A;1442524
Key Up;A;1442636
Key Up;D;1444084
Key Down;A;1444852
Key Up;A;1444948
Key Down;Z;1446307
Key Down;D;1446507
Key Up;Z;1446956
Key Down;Z;1448427
Key Up;D;1449068
Key Up;Z;1449083
Key Down;S;1449788
Key Down;A;1450140
Key Up;S;1450164
Key Up;A;1450284
Key Down;Q;1450411
Key Down;S;1450683
Key Up;Q;1450723
Key Down;D;1450811
Key Up;S;1450940
Key Up;D;1450988
Key Down;Z;1451227
Key Up;Z;1451612
Key Down;Q;1452068
Key Down;S;1452099
Key Up;Q;1452172
Key Down;Q;1452387
Key Up;S;1452475
Key Down;Z;1452667
Key Up;Q;1452835
Key Up;Z;1453091
Key Down;A;1453148
Key Up;A;1453220
Key Down;D;1453611
Key Down;Z;1453707
Key Up;D;1453860
Key Up;Z;1453948
Key Down;S;1454579
Key Down;Q;1454900
Key Up;Q;1455028
Key Up;S;1455444
Key Down;A;1455611
Key Up;A;1455723
Key Down;Z;1456652
Key Down;D;1456772
Key Up;D;1457299
Key Up;Z;1457308
Key Down;Q;1457556
Key Down;S;1457612
Key Up;Q;1457964
Key Up;S;1458059
Key Down;Z;1458196
Key Up;Z;1458564
Key Down;S;1459132
Key Down;A;1459363
Key Up;A;1459468
Key Up;S;1459612
Key Down;D;1459635
Key Up;D;1459795
Key Down;Z;1460140
Key Down;Q;1460236
Key Up;Q;1460339
Key Down;E;1460507
Key Up;Z;1460531
Key Up;E;1460660
Key Down;Z;1460884
Key Up;Z;1461012
Key Down;E;1461036
Key Up;E;1461124
Key Down;D;1461388
Key Down;S;1461603
Key Up;S;1461875
Key Down;S;1462364
Key Up;D;1462531
Key Down;Q;1462820
Key Up;S;1462980
Key Down;S;1463348
Key Up;Q;1463467
Key Down;D;1463868
Key Up;D;1464292
Key Down;Q;1464955
Key Up;S;1465003
Key Down;S;1465964
Key Up;Q;1466012
Key Down;D;1466340
Key Up;D;1466452
Key Down;Q;1467252
Key Up;Q;1467396
Key Down;D;1467652
Key Up;S;1467923
Key Down;Z;1468044
Key Up;D;1468172
Key Down;Q;1468563
Key Up;Q;1469171
Key Up;Z;1469260
Key Down;A;1469300
Key Up;A;1469388
Key Down;Q;1469515
Key Down;S;1469723
Key Up;S;1470475
Key Down;S;1470987
Key Up;Q;1471116
Key Up;S;1471139
Key Down;Q;1471299
Key Up;Q;1471500
Key Down;Q;1472124
Key Down;S;1472147
Key Up;Q;1472356
Key Down;Q;1472579
Key Up;Q;1472748
Key Up;S;1472780
Key Down;A;1473011
Key Up;A;1473116
Key Down;Q;1475140
Key Down;Z;1475284
Key Up;Q;1475587
Key Up;Z;1475731
Key Down;Z;1475956
Key Down;Q;1476004
Key Up;Z;1476091
Key Up;Q;1476939
Key Down;Q;1478484
Key Up;Q;1478892
Key Down;Q;1479211
Key Down;Z;1479451
Key Up;Q;1479499
Key Up;Z;1479628
Key Down;D;1480219
Key Up;D;1480339
Key Down;Espace;1480779
Key Up;Espace;1480899
Key Down;S;1481292
Key Up;S;1481444
Key Down;Q;1481540
Key Up;Q;1481628
Key Down;S;1482644
Key Up;S;1482763
Key Down;Z;1486700
Key Up;Z;1486908
Key Down;E;1487643
Key Up;E;1487692
Key Down;E;1488475
Key Up;E;1488548
Key Down;Z;1488827
Key Down;D;1489228
Key Up;D;1489291
Key Up;Z;1489563
Key Down;Z;1490004
Key Up;Z;1490668
Key Down;Tab;1491003
Key Up;Tab;1494204
Key Down;Z;1494580
Key Up;Z;1494772
Key Down;D;1494795
Key Up;D;1495035
Key Down;Z;1495252
Key Down;D;1496292
Key Up;D;1496907
Key Up;Z;1498043
Key Down;Tab;1498339
Key Up;Tab;1502124
Key Down;D;1504475
Key Up;D;1504611
Key Down;S;1504859
Key Down;Q;1505036
Key Up;Q;1505531
Key Down;Q;1505955
Key Up;S;1507387
Key Down;S;1507716
Key Up;S;1507859
Key Down;Z;1508756
Key Up;Z;1509052
Key Up;Q;1509316
Key Down;Tab;1509524
Key Up;Tab;1510404
Key Down;Z;1510515
Key Down;Q;1511148
Key Up;Q;1511436
Key Down;D;1511684
Key Up;D;1512339
Key Down;D;1513643
Key Up;Z;1513772
Key Up;D;1514043
Key Down;Q;1514051
Key Down;S;1514115
Key Up;S;1514195
Key Up;Q;1514420
Key Down;Q;1515267
Key Down;Z;1515380
Key Up;Q;1515403
Key Up;Z;1515811
Key Down;A;1516244
Key Up;A;1516347
Key Down;D;1516507
Key Down;S;1516604
Key Up;S;1517244
Key Down;S;1517539
Key Up;S;1517635
Key Down;A;1518988
Key Up;A;1519115
Key Up;D;1519219
Key Down;Z;1519259
Key Down;Q;1519636
Key Up;Q;1519772
Key Down;Q;1520171
Key Up;Q;1520340
Key Down;Q;1520667
Key Up;Q;1520987
Key Down;D;1521116
Key Up;Z;1521236
Key Down;Z;1521427
Key Up;D;1521660
Key Down;A;1522067
Key Up;A;1522187
Key Down;Q;1522356
Key Up;Z;1522475
Key Down;S;1523819
Key Up;S;1523971
Key Down;S;1525252
Key Up;Q;1525419
Key Down;Q;1525643
Key Up;Q;1525796
Key Down;Q;1526107
Key Up;Q;1526243
Key Down;A;1526859
Key Up;A;1526955
Key Down;D;1527244
Key Up;S;1527595
Key Down;A;1529219
Key Up;A;1529284
Key Down;Z;1529715
Key Up;D;1530459
Key Down;D;1530787
Key Up;D;1531323
Key Down;A;1531963
Key Up;A;1532059
Key Down;Q;1532235
Key Up;Z;1532475
Key Down;S;1534395
Key Up;Q;1534755
Key Down;A;1534971
Key Up;A;1535067
Key Up;S;1536483
Key Down;Z;1536731
Key Up;Z;1536884
Key Down;S;1537660
Key Up;S;1537851
Key Down;S;1538083
Key Down;D;1538243
Key Up;D;1538331
Key Down;D;1538403
Key Up;S;1538531
Key Down;A;1538763
Key Up;A;1538836
Key Up;D;1538931
Key Down;Z;1539508
Key Down;D;1539588
Key Up;Z;1539692
Key Up;D;1539819
Key Down;Q;1540467
Key Down;D;1540947
Key Up;Q;1540956
Key Down;Z;1540972
Key Up;Z;1541148
Key Down;A;1541307
Key Up;D;1541347
Key Up;A;1541412
Key Down;D;1541740
Key Up;D;1542443
Key Down;S;1542940
Key Down;D;1543116
Key Up;S;1543275
Key Up;D;1543651
Key Down;Z;1544067
Key Down;A;1544715
Key Up;A;1544811
Key Down;Q;1545363
Key Up;Z;1545411
Key Up;Q;1545484
Key Down;S;1547491
Key Down;A;1548012
Key Up;S;1548052
Key Up;A;1548140
Key Down;Z;1550819
Key Down;Q;1551164
Key Up;Z;1552387
Key Up;Q;1552675
Key Down;Z;1552883
Key Down;A;1552996
Key Up;A;1553171
Key Down;Q;1553619
Key Up;Q;1553763
Key Up;Z;1556348
Key Down;S;1556723
Key Down;Tab;1556924
Key Up;S;1556971
Key Up;Tab;1557731
Key Down;S;1557931
Key Down;Q;1560283
Key Up;S;1560419
Key Down;S;1560739
Key Up;S;1561259
Key Down;Z;1561499
Key Up;Q;1561883
Key Up;Z;1562811
Key Down;Z;1563195
Key Up;Z;1563315
Key Down;Z;1564011
Key Up;Z;1564371
Key Down;E;1564667
Key Up;E;1564715
Key Down;Q;1564956
Key Up;Q;1565275
Key Down;D;1566067
Key Up;D;1566435
Key Down;E;1566587
Key Up;E;1566716
Key Down;Q;1566956
Key Down;S;1566979
Key Up;S;1567067
Key Up;Q;1567667
Key Down;Tab;1567947
Key Up;Tab;1568611
Key Down;Q;1568883
Key Down;S;1569491
Key Up;S;1569603
Key Up;Q;1569859
Key Down;Q;1570747
Key Down;Z;1571427
Key Up;Z;1571787
Key Down;S;1572548
Key Up;Q;1572844
Key Down;Q;1574027
Key Up;Q;1574147
Key Up;S;1574795
Key Down;Z;1574955
Key Up;Z;1575051
Key Down;Q;1575067
Key Down;Z;1575163
Key Up;Q;1575379
Key Down;A;1575820
Key Up;A;1575915
Key Up;Z;1576035
Key Down;D;1576075
Key Up;D;1576299
Key Down;Q;1576739
Key Down;S;1576891
Key Up;Q;1576955
Key Up;S;1577020
Key Down;E;1577115
Key Up;E;1577195
Key Down;S;1577579
Key Down;D;1577635
Key Up;D;1577955
Key Down;D;1578347
Key Up;D;1578444
Key Up;S;1579611
Key Down;D;1579707
Key Down;Q;1580411
Key Up;D;1580459
Key Up;Q;1581299
Key Down;D;1581699
Key Down;Z;1582179
Key Up;D;1582203
Key Down;A;1582299
Key Up;A;1582491
Key Down;Q;1582819
Key Up;Z;1583011
Key Down;S;1583284
Key Up;Q;1583323
Key Down;Q;1583731
Key Up;S;1583795
Key Up;Q;1584147
Key Down;Q;1584579
Key Down;S;1584603
Key Up;Q;1584763
Key Down;D;1584796
Key Up;S;1584827
Key Down;Z;1585051
Key Up;D;1585275
Key Down;D;1585323
Key Down;A;1585643
Key Up;A;1585715
Key Up;Z;1585827
Key Down;S;1586171
Key Up;D;1586547
Key Down;Q;1586603
Key Up;Q;1587123
Key Up;S;1587131
Key Down;Q;1587683
Key Down;Z;1587691
Key Up;Z;1588283
Key Up;Q;1588475
Key Down;A;1589147
Key Up;A;1589267
Key Down;Z;1589363
Key Down;D;1589444
Key Up;Z;1589555
Key Down;S;1589819
Key Up;S;1589955
Key Up;D;1590211
Key Down;Z;1591467
Key Down;Q;1591620
Key Up;Q;1591731
Key Up;Z;1591963
Key Down;S;1592555
Key Down;Q;1592755
Key Up;S;1592795
Key Down;S;1593219
Key Up;Q;1593299
Key Up;S;1593603
Key Down;Z;1594251
Key Down;D;1594523
Key Up;Z;1594579
Key Up;D;1594843
Key Down;A;1595035
Key Up;A;1595131
Key Down;D;1595187
Key Up;D;1595267
Key Down;Q;1596723
Key Up;Q;1596891
Key Down;Q;1597251
Key Down;S;1597275
Key Up;Q;1597523
Key Up;S;1597723
Key Down;Q;1597739
Key Down;S;1597971
Key Up;Q;1597995
Key Up;S;1598099
Key Down;Z;1599643
Key Down;D;1599931
Key Up;Z;1600163
Key Down;A;1600467
Key Up;A;1600555
Key Down;S;1601307
Key Up;D;1601395
Key Up;S;1601475
Key Down;S;1601715
Key Up;S;1601827
Key Down;D;1603955
Key Up;D;1604187
Key Down;D;1604755
Key Up;D;1604979
Key Down;D;1605267
Key Down;Q;1605530
Key Up;D;1605539
Key Up;Q;1605707
Key Down;D;1605971
Key Down;A;1605987
Key Up;A;1606091
Key Down;Z;1606659
Key Up;Z;1606890
Key Up;D;1607099
Key Down;S;1607163
Key Down;D;1607283
Key Up;S;1607299
Key Down;S;1607459
Key Up;D;1607475
Key Down;Q;1607675
Key Up;S;1607939
Key Down;S;1608107
Key Up;Q;1608371
Key Down;Q;1608643
Key Up;Q;1608787
Key Down;A;1609483
Key Up;A;1609595
Key Down;Q;1609771
Key Up;S;1609851
Key Up;Q;1610843
Key Down;D;1610907
Key Up;D;1610939
Key Down;S;1611491
Key Down;Q;1611643
Key Up;S;1611651
Key Up;Q;1611747
Key Down;D;1611795
Key Up;D;1611947
Key Down;Z;1612011
Key Up;Z;1612091
Key Down;Q;1612179
Key Up;Q;1612331
Key Down;S;1612491
Key Up;S;1613355
Key Down;Z;1613771
Key Down;D;1613779
Key Up;D;1614003
Key Up;Z;1614195
Key Down;S;1614459
Key Down;D;1614643
Key Up;S;1614708
Key Down;S;1615195
Key Up;D;1615339
Key Down;Q;1615355
Key Up;S;1615443
Key Down;S;1615539
Key Up;S;1615707
Key Down;Z;1617075
Key Up;Q;1617123
Key Down;A;1617283
Key Up;Z;1617323
Key Up;A;1617379
Key Down;D;1618107
Key Down;S;1618763
Key Up;D;1619227
Key Up;S;1619611
Key Down;Tab;1619835
Key Up;Tab;1624043
Key Down;S;1624795
Key Down;Q;1625011
Key Up;S;1625410
Key Down;S;1626123
Key Up;S;1627059
Key Down;S;1627362
Key Up;Q;1627579
Key Down;Q;1627939
Key Up;S;1628187
Key Up;Q;1628723
Key Down;A;1628891
Key Up;A;1629011
Key Down;Z;1629323
Key Down;Q;1629355
Key Up;Z;1629522
Key Up;Q;1629931
Key Down;Q;1630739
Key Down;Z;1631323
Key Up;Q;1631491
Key Up;Z;1631555
Key Down;D;1631987
Key Up;D;1632370
Key Down;Tab;1634499
Key Up;Tab;1635835
Key Down;S;1636075
Key Down;Q;1636443
Key Up;S;1636451
Key Down;Z;1637491
Key Up;Z;1637802
Key Up;Q;1638074
Key Down;A;1638250
Key Up;A;1638347
Key Down;Q;1638547
Key Down;S;1638939
Key Up;S;1639035
Key Up;Q;1640115
Key Down;Q;1640427
Key Down;Z;1640659
Key Up;Q;1640915
Key Up;Z;1641019
Key Down;Tab;1641147
Key Up;Tab;1646627
Key Down;Z;1647595
Key Down;Q;1648371
Key Up;Z;1649178
Key Down;Z;1649451
Key Up;Q;1649491
Key Up;Z;1649611
Key Down;E;1649883
Key Up;E;1649979
Key Down;D;1650203
Key Down;Z;1651139
Key Up;D;1651275
Key Down;D;1651499
Key Up;Z;1651650
Key Up;D;1651747
Key Down;Tab;1651834
Key Up;Tab;1655403
Key Down;D;1656235
Key Down;Z;1657091
Key Up;Z;1657507
Key Down;Z;1657643
Key Up;D;1657659
Key Up;Z;1657835
Key Down;E;1658067
Key Up;E;1658195
Key Down;S;1658642
Key Up;S;1658779
Key Down;Z;1659227
Key Up;Z;1659419
Key Down;E;1659515
Key Up;E;1659659
Key Down;D;1660355
Key Down;S;1660459
Key Up;S;1660747
Key Up;D;1660891
Key Down;Q;1662242
Key Down;Z;1662363
Key Up;Q;1662555
Key Up;Z;1662675
Key Down;S;1663363
Key Up;S;1663723
Key Down;Tab;1664011
Key Up;Tab;1668723
Key Down;Z;1669587
Key Up;Z;1670531
Key Down;E;1671011
Key Up;E;1671138
Key Down;E;1685674
Key Up;E;1685802
Key Down;Q;1686115
Key Down;S;1686419
Key Up;S;1686579
Key Down;Z;1687754
Key Up;Q;1687995
Key Up;Z;1688027
Key Down;A;1688802
Key Up;A;1688931
Key Down;Q;1689699
Key Down;S;1690051
Key Up;S;1690266
Key Up;Q;1690315
Key Down;A;1691387
Key Up;A;1691507
Key Down;D;1696418
Key Down;Z;1696714
Key Up;Z;1696883
Key Up;D;1697194
Key Down;Tab;1697202
Key Up;Tab;1698643
Key Down;Z;1699418
Key Up;Z;1699859
Key Down;1;1701067
Key Up;1;1701194
Key Down;Z;1701643
Key Up;Z;1702403
Key Down;Z;1702611
Key Up;Z;1704067
Key Down;Z;1708194
Key Down;Q;1708555
Key Up;Q;1709779
Key Up;Z;1710322
Key Down;Z;1711778
Key Down;Q;1712627
Key Down;Espace;1714290
Key Up;Espace;1714402
Key Up;Q;1715130
Key Down;Q;1715434
Key Up;Q;1715562
Key Down;Q;1715890
Key Up;Z;1716099
Key Down;Z;1716211
Key Up;Q;1716251
Key Down;D;1716450
Key Up;Z;1716795
Key Down;Z;1717115
Key Up;Z;1717346
Key Down;S;1718163
Key Up;S;1718459
Key Down;S;1719210
Key Up;D;1719866
Key Down;Q;1720634
Key Up;S;1721443
Key Down;Z;1723114
Key Up;Q;1723347
Key Down;Q;1723746
Key Up;Z;1723866
Key Down;S;1724154
Key Up;Q;1724523
Key Down;Q;1724594
Key Up;Q;1724642
Key Down;D;1724843
Key Up;D;1724891
Key Up;S;1724955
Key Down;S;1725187
Key Down;D;1725346
Key Up;D;1725427
Key Up;S;1725499
Key Down;D;1725594
Key Up;D;1725627
Key Down;S;1725674
Key Up;S;1725771
Key Down;S;1725898
Key Down;D;1726050
Key Up;S;1726675
Key Up;D;1726970
Key Down;D;1727075
Key Down;Z;1727347
Key Up;D;1727506
Key Down;Q;1727555
Key Up;Q;1727571
Key Down;D;1727739
Key Up;Z;1727779
Key Down;Z;1728258
Key Up;Z;1728594
Key Down;Q;1729299
Key Down;Z;1729323
Key Up;D;1729387
Key Up;Z;1729475
Key Down;Z;1729594
Key Up;Q;1729635
Key Down;D;1729667
Key Up;Z;1729915
Key Down;S;1730387
Key Up;D;1730466
Key Up;S;1730650
Key Down;D;1730858
Key Down;Z;1731219
Key Up;D;1731786
Key Down;Q;1732011
Key Up;Z;1732026
Key Up;Q;1732306
Key Down;S;1732314
Key Up;S;1732395
Key Down;D;1732450
Key Down;S;1732538
Key Up;D;1732643
Key Down;D;1732994
Key Up;D;1733155
Key Up;S;1733195
Key Down;D;1733290
Key Down;Z;1733298
Key Up;D;1733315
Key Down;D;1733483
Key Up;Z;1733634
Key Down;S;1733747
Key Up;D;1733835
Key Down;Q;1734042
Key Up;S;1734691
Key Down;Z;1735339
Key Up;Q;1736666
Key Down;D;1736930
Key Up;Z;1737674
Key Down;S;1738562
Key Up;D;1738763
Key Down;Q;1738787
Key Up;S;1738795
Key Down;Z;1738906
Key Up;Z;1740050
Key Down;S;1740235
Key Up;Q;1740259
Key Down;D;1740355
Key Up;D;1740658
Key Down;Q;1740706
Key Up;Q;1740779
Key Down;Q;1740899
Key Up;S;1741170
Key Down;NumPad 3;1741547
Key Down;S;1741587
Key Up;NumPad 3;1741679
Key Up;S;1742235
Key Down;S;1742571
Key Up;Q;1743227
Key Up;S;1743323
Key Down;Q;1743555
Key Down;S;1743706
Key Up;S;1744059
Key Down;Z;1744258
Key Up;Q;1744331
Key Down;D;1744410
Key Up;Z;1744666
Key Down;S;1745074
Key Up;D;1745155
Key Down;Q;1745218
Key Up;S;1745250
Key Down;S;1745411
Key Up;Q;1745427
Key Down;Q;1745571
Key Up;Q;1745987
Key Down;Q;1746106
Key Up;Q;1746187
Key Down;D;1746706
Key Up;S;1747570
Key Down;Z;1747690
Key Up;D;1747755
Key Down;D;1748026
Key Up;Z;1748098
Key Down;Q;1748234
Key Up;Q;1748339
Key Down;S;1748498
Key Up;S;1748794
Key Down;Z;1750179
Key Up;Z;1750962
Key Down;S;1751194
Key Down;Q;1751291
Key Up;S;1751314
Key Up;Q;1751395
Key Down;Z;1751522
Key Up;D;1751675
Key Down;Q;1751699
Key Up;Q;1751802
Key Down;Q;1751995
Key Down;D;1752362
Key Up;Q;1752403
Key Up;Z;1752458
Key Up;D;1752771
Key Down;S;1752882
Key Down;D;1752963
Key Up;S;1753018
Key Up;D;1753435
Key Down;Z;1753938
Key Down;Q;1754075
Key Up;Q;1754339
Key Down;D;1754546
Key Up;Z;1754803
Key Down;Z;1754922
Key Up;D;1755579
Key Down;Q;1755858
Key Up;Z;1756371
Key Down;S;1756531
Key Up;S;1756850
Key Down;S;1757162
Key Up;Q;1757187
Key Down;D;1757195
Key Up;D;1757371
Key Down;Q;1757387
Key Up;S;1757603
Key Down;S;1758059
Key Up;S;1759723
Key Down;Z;1760515
Key Up;Q;1762170
Key Down;D;1762299
Key Up;Z;1762467
Key Down;S;1762834
Key Up;D;1762915
Key Down;Q;1762962
Key Up;Q;1763818
Key Down;D;1763899
Key Up;S;1764026
Key Down;Z;1764130
Key Up;D;1764171
Key Down;D;1764371
Key Up;D;1764698
Key Down;NumPad 3;1765032
Key Down;D;1765147
Key Up;NumPad 3;1765171
Key Up;Z;1765306
Key Down;Q;1765546
Key Down;Z;1765602
Key Up;Q;1765771
Key Up;D;1765874
Key Down;D;1766026
Key Up;D;1766235
Key Down;Q;1766314
Key Up;Z;1766355
Key Up;Q;1766491
Key Down;D;1766723
Key Down;Z;1767610
Key Up;Z;1768106
Key Up;D;1768763
Key Down;Espace;1780498
Key Up;Espace;1780706
Key Down;D;1791882
Key Down;S;1792106
Key Up;S;1792731
Key Down;Z;1794498
Key Up;D;1794506
Key Down;D;1795058
Key Up;Z;1795482
Key Down;Q;1795723
Key Up;D;1795739
Key Up;Q;1796042
Key Down;S;1796410
Key Up;S;1796987
Key Down;A;1796994
Key Up;A;1797099
Key Down;Z;1798427
Key Down;Q;1798578
Key Up;Q;1798730
Key Up;Z;1798819
Key Down;S;1799474
Key Down;Q;1799714
Key Up;Q;1799890
Key Down;A;1800274
Key Up;A;1800387
Key Down;D;1800395
Key Up;S;1800411
Key Down;Z;1800771
Key Up;Z;1800986
Key Down;Z;1801242
Key Up;D;1801570
Key Up;Z;1801874
Key Down;S;1802067
Key Up;S;1802586
Key Down;A;1802667
Key Up;A;1802762
Key Down;Q;1803946
Key Down;S;1804251
Key Up;S;1804482
Key Up;Q;1804794
Key Down;Q;1805226
Key Up;Q;1805419
Key Down;S;1805739
Key Down;Q;1805771
Key Up;Q;1806106
Key Down;A;1806467
Key Up;A;1806554
Key Up;S;1806610
Key Down;D;1807250
Key Down;S;1807291
Key Up;S;1807515
Key Up;D;1807931
Key Down;D;1808106
Key Down;S;1808371
Key Up;S;1808594
Key Up;D;1808898
Key Down;D;1809658
Key Up;D;1810498
Key Down;D;1811010
Key Down;Z;1811258
Key Up;Z;1811475
Key Up;D;1811555
Key Down;Z;1812762
Key Down;D;1812779
Key Up;D;1812962
Key Down;Q;1813306
Key Up;Q;1813994
Key Down;A;1814218
Key Up;A;1814338
Key Down;Q;1815242
Key Up;Z;1815266
Key Down;S;1815946
Key Up;S;1816202
Key Down;S;1816555
Key Up;S;1816722
Key Down;S;1817531
Key Up;Q;1818010
Key Up;S;1818106
Key Down;S;1818562
Key Down;A;1819242
Key Up;S;1819258
Key Down;S;1819322
Key Up;A;1819330
Key Down;D;1819482
Key Up;S;1819858
Key Up;D;1819866
Key Down;Z;1820002
Key Up;Z;1821066
Key Down;A;1821282
Key Up;A;1821346
Key Down;D;1821778
Key Down;Z;1821818
Key Up;Z;1821890
Key Up;D;1822378
Key Down;Z;1823203
Key Down;D;1823323
Key Up;D;1823538
Key Down;D;1824027
Key Up;D;1824090
Key Up;Z;1825098
Key Down;Q;1825330
Key Down;S;1825338
Key Up;S;1825915
Key Down;Z;1826123
Key Up;Q;1827371
Key Up;Z;1827410
Key Down;A;1827562
Key Up;A;1827651
Key Down;D;1828331
Key Down;Z;1828795
Key Up;Z;1829171
Key Up;D;1829474
Key Down;Q;1829698
Key Down;Z;1829986
Key Up;Z;1831346
Key Down;Z;1832674
Key Up;Q;1832874
Key Down;Q;1833890
Key Down;E;1834002
Key Up;Z;1834035
Key Up;E;1834154
Key Down;Z;1834163
Key Up;Q;1834242
Key Down;A;1834506
Key Up;A;1834610
Key Up;Z;1834666
Key Down;D;1834698
Key Down;S;1834866
Key Up;D;1835330
Key Down;Q;1835690
Key Up;S;1836034
Key Down;Z;1836162
Key Up;Z;1836219
Key Up;Q;1836522
Key Down;D;1836882
Key Down;S;1836923
Key Up;D;1837122
Key Up;S;1837634
Key Down;A;1837650
Key Up;A;1837730
Key Down;D;1837898
Key Down;Z;1838242
Key Up;D;1838299
Key Down;A;1838626
Key Up;A;1838754
Key Down;Q;1839226
Key Up;Z;1839634
Key Down;D;1839803
Key Up;Q;1839810
Key Up;D;1839978
Key Down;S;1839995
Key Down;A;1841266
Key Up;A;1841378
Key Down;Q;1841914
Key Up;S;1841930
Key Down;Z;1842090
Key Up;Q;1842226
Key Up;Z;1842314
Key Down;S;1842434
Key Up;S;1842818
Key Down;S;1843066
Key Down;Q;1844002
Key Up;Q;1844083
Key Down;Q;1844146
Key Up;S;1844202
Key Down;E;1844314
Key Down;Left Shift;1844322
Key Up;Left Shift;1844330
Key Down;Z;1844482
Key Up;Q;1844498
Key Up;E;1844506
Key Up;Z;1844706
Key Down;A;1844794
Key Up;A;1844882
Key Down;Q;1845042
Key Down;Z;1845267
Key Up;Z;1845786
Key Down;S;1845962
Key Up;S;1846386
Key Up;Q;1847130
Key Down;Q;1847571
Key Down;Z;1847843
Key Up;Q;1848034
Key Up;Z;1848202
Key Down;A;1848658
Key Up;A;1848778
Key Down;D;1849379
Key Up;D;1849515
Key Down;S;1849890
Key Down;Q;1849930
Key Up;Q;1850042
Key Up;S;1850234
Key Down;Z;1850730
Key Down;Q;1850858
Key Up;Z;1851266
Key Down;Z;1851482
Key Up;Q;1851642
Key Down;A;1851803
Key Up;A;1851898
Key Up;Z;1852002
Key Down;D;1852283
Key Down;S;1852474
Key Up;S;1852714
Key Down;S;1852891
Key Up;D;1853027
Key Down;D;1853458
Key Up;D;1853770
Key Up;S;1854026
Key Down;Q;1854370
Key Up;Q;1854802
Key Down;Z;1854994
Key Down;Q;1855122
Key Up;Q;1855874
Key Down;A;1856194
Key Up;A;1856306
Key Down;Q;1856618
Key Up;Z;1856674
Key Up;Q;1856803
Key Down;S;1857386
Key Up;S;1858666
Key Down;Q;1858763
Key Down;Z;1858866
Key Up;Q;1859082
Key Down;A;1859674
Key Up;A;1859786
Key Up;Z;1859890
Key Down;Q;1860706
Key Down;Z;1860762
Key Up;Q;1861010
Key Down;D;1861490
Key Up;D;1861874
Key Up;Z;1862250
Key Down;S;1862490
Key Down;A;1862650
Key Up;S;1862666
Key Up;A;1862738
Key Down;Z;1863578
Key Down;D;1863667
Key Up;D;1864491
Key Down;Q;1864522
Key Up;Z;1864658
Key Down;Z;1864962
Key Up;Q;1865266
Key Down;D;1865626
Key Up;Z;1866586
Key Down;A;1867106
Key Up;A;1867210
Key Down;S;1867730
Key Up;D;1868306
Key Down;Q;1868394
Key Up;S;1868467
Key Down;S;1868890
Key Up;Q;1868922
Key Up;S;1868978
Key Down;Z;1869146
Key Down;D;1869154
Key Down;A;1869946
Key Up;A;1870050
Key Up;Z;1870186
Key Down;S;1870418
Key Up;S;1870602
Key Down;S;1870642
Key Up;S;1871002
Key Up;D;1871386
Key Down;D;1872450
Key Up;D;1872530
Key Down;S;1872866
Key Up;S;1873386
Key Down;A;1873634
Key Up;A;1873754
Key Down;S;1874554
Key Down;Q;1874586
Key Up;S;1874674
Key Up;Q;1874922
Key Down;D;1875346
Key Down;S;1875426
Key Up;D;1875450
Key Up;S;1875522
Key Down;E;1875626
Key Up;E;1875738
Key Down;A;1876250
Key Up;A;1876330
Key Down;Q;1877251
Key Down;S;1877290
Key Up;S;1877498
Key Up;Q;1877530
Key Down;D;1878274
Key Down;Z;1878514
Key Up;D;1878578
Key Down;A;1878706
Key Up;Z;1878746
Key Up;A;1878834
Key Down;Z;1879602
Key Down;Q;1879666
Key Up;Q;1879794
Key Down;E;1879802
Key Up;Z;1879842
Key Up;E;1879922
Key Down;Z;1881754
Key Down;D;1881810
Key Up;D;1882034
Key Down;D;1882330
Key Up;D;1882467
Key Down;D;1883042
Key Up;Z;1883122
Key Up;D;1883954
Key Down;Q;1885250
Key Down;Z;1885346
Key Up;Q;1885834
Key Down;A;1886050
Key Up;A;1886178
Key Down;D;1886546
Key Up;Z;1886978
Key Down;Z;1887658
Key Up;Z;1888018
Key Down;S;1889490
Key Up;D;1889850
Key Down;Q;1890010
Key Up;Q;1890586
Key Up;S;1891714
Key Down;A;1891922
Key Up;A;1892026
Key Down;D;1893898
Key Down;S;1893970
Key Up;D;1894370
Key Down;Q;1894914
Key Up;S;1895314
Key Down;S;1895457
Key Up;S;1895522
Key Down;S;1895546
Key Up;S;1896082
Key Up;Q;1896322
Key Down;A;1896466
Key Up;A;1896570
Key Down;Z;1896954
Key Down;D;1897162
Key Up;Z;1897394
Key Down;Z;1897722
Key Up;D;1897946
Key Up;Z;1898026
Key Down;Z;1899418
Key Down;D;1900122
Key Up;Z;1900250
Key Down;Z;1900594
Key Up;Z;1900658
Key Down;A;1901234
Key Up;D;1901338
Key Up;A;1901362
Key Down;Z;1901770
Key Down;D;1901785
Key Up;Z;1901826
Key Up;D;1902250
Key Down;D;1902666
Key Down;Z;1902713
Key Up;Z;1902786
Key Down;Z;1903698
Key Up;D;1904186
Key Down;D;1904458
Key Up;Z;1904794
Key Down;A;1905530
Key Up;A;1905642
Key Up;D;1905922
Key Down;S;1905962
Key Down;Q;1906089
Key Up;S;1906578
Key Down;Z;1906842
Key Up;Q;1906994
Key Down;D;1907154
Key Up;D;1907434
Key Up;Z;1907666
Key Down;Z;1907922
Key Up;Z;1909402
Key Down;Tab;1910194
Key Up;Tab;1911010
Key Down;S;1911218
Key Down;D;1912922
Key Up;S;1913162
Key Down;S;1914018
Key Up;S;1914610
Key Up;D;1915426
Key Down;S;1915562
Key Down;Q;1915858
Key Up;Q;1915946
Key Down;D;1916226
Key Up;D;1916338
Key Down;Q;1916817
Key Up;Q;1916890
Key Up;S;1917714
Key Down;Q;1917730
Key Down;S;1918065
Key Up;S;1918170
Key Down;Z;1918593
Key Up;Z;1918826
Key Down;Z;1920170
Key Up;Q;1920466
Key Down;A;1920938
Key Up;Z;1920994
Key Up;A;1921074
Key Down;S;1921474
Key Down;D;1921482
Key Up;D;1921658
Key Down;D;1921914
Key Up;D;1922322
Key Down;Q;1922401
Key Up;Q;1922442
Key Down;Q;1923058
Key Up;S;1923434
Key Down;Z;1924898
Key Up;Q;1925281
Key Down;A;1925754
Key Up;A;1925850
Key Up;Z;1925906
Key Down;D;1926042
Key Down;S;1926065
Key Up;D;1926106
Key Down;D;1926145
Key Up;D;1926314
Key Down;D;1926937
Key Up;S;1926978
Key Up;D;1927138
Key Down;S;1927194
Key Down;D;1927602
Key Up;S;1927962
Key Down;S;1928018
Key Up;S;1928106
Key Down;Z;1928418
Key Up;Z;1928722
Key Down;S;1928930
Key Up;S;1929034
Key Down;A;1929386
Key Down;Z;1929498
Key Up;A;1929514
Key Up;D;1930842
Key Up;Z;1931154
Key Down;S;1931386
Key Down;D;1931426
Key Up;D;1931737
Key Down;D;1932194
Key Up;S;1932273
Key Down;Z;1932554
Key Up;D;1932658
Key Down;Q;1933898
Key Up;Z;1934025
Key Down;S;1934473
Key Up;Q;1934522
Key Down;Q;1934545
Key Up;S;1934602
Key Up;Q;1934682
Key Down;S;1934842
Key Down;D;1935098
Key Up;D;1935498
Key Down;A;1935809
Key Up;S;1935866
Key Up;A;1935914
Key Down;S;1936409
Key Down;D;1936433
Key Up;D;1936817
Key Down;Q;1936922
Key Up;S;1937026
Key Down;Z;1937218
Key Up;Q;1937362
Key Up;Z;1937410
Key Down;A;1937658
Key Up;A;1937762
Key Down;D;1937946
Key Down;S;1938258
Key Up;S;1938490
Key Up;D;1938722
Key Down;D;1938898
Key Up;D;1939098
Key Down;S;1939130
Key Up;S;1939306
Key Down;D;1939402
Key Down;Z;1939538
Key Up;Z;1939810
Key Down;Z;1941098
Key Up;D;1941306
Key Up;Z;1941834
Key Down;D;1942250
Key Down;Z;1942473
Key Up;Z;1942810
Key Down;Z;1943282
Key Up;D;1943394
Key Up;Z;1944001
Key Down;Tab;1944354
Key Up;Tab;1945994
Key Down;S;1946786
Key Down;D;1948130
Key Up;S;1948154
Key Down;Z;1948418
Key Up;Z;1948674
Key Down;S;1949130
Key Up;D;1949434
Key Down;Q;1950538
Key Up;S;1950578
Key Down;Z;1951770
Key Up;Q;1951818
Key Down;D;1951922
Key Up;Z;1951954
Key Down;Z;1952209
Key Up;D;1952458
Key Up;Z;1952513
Key Down;Z;1952849
Key Up;Z;1953186
Key Down;A;1953354
Key Up;A;1953450
Key Down;D;1954345
Key Down;S;1954418
Key Up;D;1954522
Key Down;D;1954858
Key Up;D;1955026
Key Down;Q;1955097
Key Up;S;1955194
Key Up;Q;1956642
Key Down;Q;1958538
Key Down;Z;1958970
Key Up;Z;1959161
Key Up;Q;1959170
Key Down;Q;1959938
Key Up;Q;1960801
Key Down;D;1961250
Key Down;A;1962666
Key Up;D;1962738
Key Up;A;1962746
Key Down;Q;1963114
Key Up;Q;1963249
Key Down;S;1963362
Key Up;S;1964922
Key Down;Q;1965186
Key Up;Q;1965498
Key Down;Q;1966066
Key Down;E;1966250
Key Up;Q;1966258
Key Up;E;1966362
Key Down;Z;1966593
Key Down;D;1966938
Key Up;D;1966977
Key Down;A;1967026
Key Up;A;1967106
Key Down;D;1967178
Key Up;Z;1967226
Key Down;Z;1967330
Key Up;Z;1967666
Key Down;S;1967954
Key Up;D;1968225
Key Down;Q;1968322
Key Up;Q;1968650
Key Up;S;1968690
Key Down;D;1969193
Key Down;Z;1969273
Key Up;D;1969370
Key Up;Z;1969946
Key Down;A;1970002
Key Up;A;1970106
Key Down;Q;1970466
Key Down;S;1970641
Key Up;S;1970882
Key Down;S;1972010
Key Up;Q;1972065
Key Down;A;1972225
Key Up;S;1972241
Key Up;A;1972322
Key Down;S;1972458
Key Up;S;1972946
Key Down;Q;1973737
Key Down;Z;1974026
Key Up;Z;1974298
Key Up;Q;1974482
Key Down;Z;1974770
Key Down;A;1975137
Key Down;D;1975217
Key Up;A;1975258
Key Up;Z;1975345
Key Down;S;1975698
Key Up;D;1976066
Key Up;S;1976209
Key Down;D;1976898
Key Up;D;1977426
Key Down;A;1977634
Key Up;A;1977722
Key Down;Q;1980498
Key Down;Z;1980890
Key Up;Q;1981009
Key Down;D;1981234
Key Up;Z;1981297
Key Up;D;1981369
Key Down;A;1981410
Key Up;A;1981505
Key Down;D;1981706
Key Down;S;1981969
Key Up;D;1982122
Key Up;S;1982410
Key Down;Q;1982938
Key Up;Q;1983226
Key Down;D;1984041
Key Up;D;1984370
Key Down;A;1984378
Key Up;A;1984489
Key Down;Z;1985169
Key Down;Q;1985217
Key Up;Z;1985265
Key Down;Z;1985330
Key Up;Z;1985418
Key Up;Q;1985458
Key Down;D;1986314
Key Up;D;1986714
Key Down;A;1986938
Key Up;A;1987026
Key Down;Q;1987689
Key Up;Q;1987881
Key Down;A;1989722
Key Up;A;1989993
Key Down;Z;1990009
Key Up;Z;1990034
Key Down;Z;1990050
Key Up;Z;1990218
Key Down;S;1991026
Key Down;D;1991217
Key Up;D;1991338
Key Up;S;1991393
Key Down;Q;1991506
Key Up;Q;1991562
Key Down;D;1991793
Key Down;Z;1991985
Key Up;D;1992041
Key Up;Z;1992130
Key Down;Q;1993794
Key Down;S;1994129
Key Up;Q;1994218
Key Up;S;1994305
Key Down;A;1994410
Key Up;A;1994489
Key Down;Q;1995193
Key Down;S;1995522
Key Up;Q;1995762
Key Down;Q;1996417
Key Up;S;1996482
Key Down;S;1997050
Key Up;S;1997202
Key Up;Q;1997530
Key Down;D;1997873
Key Down;S;1998209
Key Up;D;1998698
Key Down;D;1998945
Key Up;D;1999074
Key Down;D;1999946
Key Up;S;2000346
Key Up;D;2000370
Key Down;Q;2000634
Key Down;D;2001089
Key Down;Z;2001105
Key Up;Q;2001121
Key Up;D;2001154
Key Down;D;2001193
Key Up;Z;2001553
Key Down;A;2001569
Key Up;A;2001625
Key Down;S;2004106
Key Up;D;2004626
Key Down;A;2004681
Key Up;A;2004818
Key Down;D;2005226
Key Up;D;2005441
Key Down;Q;2006122
Key Up;Q;2006457
Key Down;Q;2007105
Key Up;S;2008082
Key Up;Q;2008177
Key Down;A;2008337
Key Up;A;2008450
Key Down;D;2008858
Key Down;Z;2008882
Key Up;D;2009370
Key Down;D;2009602
Key Up;D;2010161
Key Up;Z;2011137
Key Down;A;2011201
Key Up;A;2011322
Key Down;S;2011570
Key Up;S;2012449
Key Down;D;2012802
Key Up;D;2014242
Key Down;D;2014978
Key Up;D;2015218
Key Down;Z;2015337
Key Down;E;2015530
Key Up;Z;2015537
Key Up;E;2015649
Key Down;S;2016593
Key Up;S;2016706
Key Down;Q;2024593
Key Up;Q;2024705
Key Down;D;2025401
Key Up;D;2025489
Key Down;Q;2028465
Key Up;Q;2028538
Key Down;E;2063946
Key Up;E;2064073
Key Down;A;2067090
Key Up;A;2067257
Key Down;A;2068625
Key Up;A;2069601
Key Down;A;2070538
Key Up;A;2070714
Key Down;Echap;2071089
Key Up;Echap;2071209
Key Down;Echap;2071713
Key Up;Echap;2071809
Key Down;R;2072305
Key Up;R;2072394
Key Down;Echap;2088906
Key Up;Echap;2089073
Key Down;Echap;2089490
Key Up;Echap;2089641
Key Down;Echap;2090121
Key Up;Echap;2090241
Key Down;A;2095689
Key Up;A;2095802
Key Down;A;2096545
Key Up;A;2096641
Key Down;Q;2097785
Key Down;Z;2100073
Key Up;Z;2100226
Key Up;Q;2100825
Key Down;D;2100977
Key Down;Z;2101154
Key Up;D;2102154
Key Up;Z;2103137
Key Down;Tab;2103201
Key Up;Tab;2106450
Key Down;Q;2107369
Key Down;Z;2107705
Key Up;Z;2108098
Key Down;S;2108329
Key Up;S;2108386
Key Down;S;2108561
Key Up;S;2109593
Key Down;S;2110121
Key Up;S;2110890
Key Down;Z;2112186
Key Up;Q;2112481
Key Down;D;2112745
Key Up;D;2112993
Key Down;Q;2113681
Key Up;Q;2114210
Key Down;D;2114257
Key Up;Z;2114297
Key Down;S;2114465
Key Up;D;2114561
Key Down;A;2114881
Key Up;A;2115001
Key Down;Q;2115433
Key Up;S;2115561
Key Up;Q;2115905
Key Down;Q;2117041
Key Down;Z;2117137
Key Up;Q;2117233
Key Up;Z;2117241
Key Down;D;2117617
Key Down;Z;2117650
Key Up;Z;2117865
Key Up;D;2118066
Key Down;A;2118257
Key Up;A;2118354
Key Down;Z;2120513
Key Down;D;2120522
Key Up;D;2120697
Key Up;Z;2120777
Key Down;A;2121002
Key Up;A;2121065
Key Down;S;2121610
Key Up;S;2121697
Key Down;Z;2121841
Key Down;E;2122081
Key Up;Z;2122105
Key Down;Q;2122306
Key Down;S;2122473
Key Up;Q;2123873
Key Down;D;2125577
Key Up;D;2125737
Key Down;Q;2125961
Key Up;Q;2126417
Key Down;Q;2126754
Key Up;Q;2126849
Key Down;A;2127873
Key Up;S;2127930
Key Up;A;2128001
Key Down;Z;2128130
Key Down;D;2129225
Key Up;D;2129953
Key Up;Z;2130001
Key Down;A;2130033
Key Up;A;2130121
Key Down;Q;2132106
Key Down;S;2132177
Key Up;Q;2132505
Key Down;Q;2133201
Key Up;S;2133241
Key Up;Q;2133569
Key Down;Z;2133577
Key Down;A;2134193
Key Up;A;2134305
Key Down;D;2134402
Key Up;Z;2134890
Key Up;D;2136730
Key Down;A;2136753
Key Up;A;2136865
Key Down;Q;2137513
Key Up;Q;2138129
Key Down;Q;2138514
Key Down;Z;2138633
Key Up;Q;2139081
Key Down;Q;2140145
Key Up;Z;2140409
Key Up;Q;2141577
Key Down;Q;2142065
Key Up;Q;2142345
Key Down;Tab;2143145
Key Up;Tab;2143641
Key Down;Z;2143777
Key Up;Z;2143937
Key Up;E;2144033
Key Down;S;2145065
Key Up;S;2145137
Key Down;E;2148233
Key Up;E;2148353
Key Down;D;2148697
Key Down;A;2149241
Key Up;A;2149337
Key Down;S;2149745
Key Up;S;2149873
Key Down;A;2150649
Key Up;D;2150673
Key Up;A;2150793
Key Down;A;2151306
Key Up;A;2151465
Key Down;S;2151777
Key Up;S;2152057
Key Down;Tab;2152089
Key Up;Tab;2157417
Key Down;D;2158417
Key Up;D;2158801
Key Down;D;2159409
Key Down;S;2159441
Key Up;S;2159593
Key Up;D;2159657
Key Down;Tab;2160001
Key Up;Tab;2160649
Key Down;D;2160761
Key Down;Z;2161545
Key Up;D;2161689
Key Down;D;2161745
Key Up;Z;2161777
Key Down;Z;2162081
Key Up;D;2162121
Key Down;D;2162409
Key Up;Z;2162417
Key Down;Z;2162545
Key Up;D;2162577
Key Up;Z;2162745
Key Down;D;2162905
Key Down;S;2163153
Key Up;S;2163297
Key Up;D;2164809
Key Down;D;2173193
Key Down;Z;2176297
Key Up;Z;2178953
Key Down;A;2180337
Key Up;A;2180425
Key Down;S;2181297
Key Up;D;2182225
Key Down;Q;2182897
Key Up;Q;2183433
Key Down;Q;2183609
Key Up;Q;2184641
Key Down;A;2184777
Key Up;A;2184873
Key Down;Q;2185025
Key Up;Q;2185185
Key Down;A;2185441
Key Up;A;2185601
Key Down;A;2185857
Key Up;A;2185969
Key Up;S;2186001
Key Down;Q;2186225
Key Down;Z;2187657
Key Up;Q;2187744
Key Down;Q;2187857
Key Up;Q;2190033
Key Down;D;2190705
Key Down;A;2190745
Key Up;A;2190865
Key Up;Z;2191617
Key Down;S;2193537
Key Up;S;2193768
Key Down;S;2193921
Key Up;S;2194481
Key Down;Q;2194497
Key Up;D;2194553
Key Down;Z;2194865
Key Up;Q;2194881
Key Down;A;2195033
Key Up;A;2195137
Key Down;Q;2195401
Key Up;Q;2195625
Key Up;Z;2195729
Key Down;D;2195737
Key Up;D;2195785
Key Down;D;2195881
Key Down;S;2196089
Key Up;S;2196593
Key Down;S;2196745
Key Up;S;2197352
Key Down;Z;2197465
Key Up;D;2197473
Key Down;Q;2197513
Key Up;Z;2197721
Key Down;Z;2197921
Key Up;Q;2198009
Key Down;A;2198209
Key Up;A;2198305
Key Down;Q;2198696
Key Up;Q;2199017
Key Down;A;2199145
Key Up;A;2199217
Key Down;Q;2199401
Key Up;Z;2199457
Key Down;S;2201265
Key Up;Q;2202785
Key Down;A;2204265
Key Up;A;2204352
Key Down;D;2204360
Key Up;S;2204697
Key Down;S;2207521
Key Up;S;2207808
Key Down;Z;2207937
Key Up;Z;2208129
Key Down;Z;2208641
Key Up;D;2209577
Key Down;A;2209849
Key Up;A;2209993
Key Down;Q;2210393
Key Up;Q;2210608
Key Down;Q;2210929
Key Up;Z;2211273
Key Down;Z;2211777
Key Up;Z;2212673
Key Down;S;2213681
Key Up;Q;2213953
Key Down;A;2214129
Key Up;A;2214241
Key Down;Q;2214553
Key Up;Q;2215529
Key Down;Q;2215856
Key Up;Q;2215952
Key Up;S;2216473
Key Down;D;2216513
Key Down;S;2216705
Key Up;S;2216969
Key Down;S;2217657
Key Up;S;2217905
Key Down;A;2218353
Key Up;A;2218433
Key Down;S;2219113
Key Up;S;2219705
Key Down;Z;2220265
Key Down;Q;2220449
Key Up;Z;2220505
Key Up;D;2220513
Key Down;Z;2221129
Key Up;Z;2221289
Key Down;Z;2222896
Key Up;Q;2223177
Key Down;A;2223328
Key Up;A;2223424
Key Down;Q;2223593
Key Up;Q;2223753
Key Down;D;2223984
Key Up;Z;2224176
Key Down;A;2226016
Key Down;Z;2226065
Key Up;A;2226145
Key Up;Z;2226345
Key Down;S;2227201
Key Up;D;2227832
Key Down;Q;2229129
Key Up;Q;2229753
Key Down;NumPad 3;2229788
Key Up;NumPad 3;2229918
Key Down;Q;2229937
Key Up;S;2230008
Key Down;Z;2231729
Key Up;Z;2232705
Key Up;Q;2232777
Key Down;S;2232937
Key Down;Q;2233065
Key Up;S;2233072
Key Down;Z;2233345
Key Up;Z;2233632
Key Down;D;2234105
Key Up;Q;2234113
Key Down;Z;2234217
Key Up;Z;2234376
Key Up;D;2234521
Key Down;Q;2234528
Key Down;S;2234656
Key Up;Q;2234785
Key Down;D;2234928
Key Up;S;2234985
Key Down;Z;2235113
Key Up;Z;2235313
Key Down;S;2236321
Key Up;D;2236473
Key Up;S;2237169
Key Down;Espace;2245249
Key Up;Espace;2245409
Key Down;Q;2254736
Key Down;Z;2254744
Key Up;Q;2255481
Key Down;D;2257200
Key Up;Z;2257472
Key Down;Z;2257553
Key Up;Z;2257577
Key Up;D;2257657
Key Down;Q;2257721
Key Down;S;2257993
Key Up;Q;2258169
Key Down;D;2258721
Key Up;S;2258768
Key Up;D;2258881
Key Down;A;2259097
Key Up;A;2259185
Key Down;S;2259305
Key Down;D;2259520
Key Up;S;2259585
Key Up;D;2259656
Key Down;Z;2260576
Key Down;Q;2260665
Key Up;Z;2260761
Key Down;Z;2260929
Key Up;Q;2260985
Key Up;Z;2261345
Key Down;Echap;2261889
Key Up;Echap;2262025
