Event;Key;Time
Key Down;Left Control;60410
Key Down;C;60794
Key Up;Left Control;60882
Key Up;C;60946
Key Down;Supprimer;62602
Key Up;Supprimer;62650
Key Down;Left Control;93259
Key Down;V;93387
Key Up;Left Control;93427
Key Up;V;93491
Key Down;Retour arrière;94883
Key Up;Retour arrière;94947
Key Down;Retour arrière;95027
Key Up;Retour arrière;95083
Key Down;Retour arrière;95171
Key Up;Retour arrière;95219
Key Down;Retour arrière;95371
Key Up;Retour arrière;95411
Key Down;Entrée;95723
Key Up;Entrée;95790
Key Down;Point-virgule;105484
Key Down;I;105619
Key Up;Point-virgule;105643
Key Up;I;105707
Key Down;N;105852
Key Up;N;105915
Key Down;D;178118
Key Down;W;178478
Key Up;W;179254
Key Up;D;180302
Key Down;W;181126
Key Down;D;182518
Key Up;D;183078
Key Down;D;183806
Key Up;W;184614
Key Up;D;184966
Key Down;W;185094
Key Down;D;185582
Key Up;D;185830
Key Up;W;186046
Key Down;W;204095
Key Down;A;204527
Key Up;A;204871
Key Down;D;205855
Key Up;D;207095
Key Down;D;207887
Key Down;Left Control;208927
Key Up;W;208959
Key Up;D;208999
Key Down;D;209447
Key Up;D;209559
Key Up;Left Control;209679
Key Down;A;209863
Key Up;A;209927
Key Down;D;230465
Key Down;W;230585
Key Up;D;230712
Key Up;W;230809
Key Down;A;252858
Key Up;A;253282
Key Down;D;253690
Key Up;D;253818
Key Down;D;254770
Key Up;D;254970
Key Down;A;255570
Key Up;A;255666
Key Down;A;256850
Key Down;W;256970
Key Up;W;257234
Key Up;A;257586
Key Down;W;257594
Key Down;D;257642
Key Up;W;257770
Key Up;D;257778
Key Down;A;257922
Key Down;W;258146
Key Up;A;258162
Key Up;W;258298
Key Down;A;258618
Key Up;A;258834
Key Down;S;260354
Key Down;D;260786
Key Up;D;261626
Key Down;D;261898
Key Up;D;262690
Key Down;D;263643
Key Up;D;264051
Key Down;D;264803
Key Up;D;265371
Key Down;D;265587
Key Up;S;266003
Key Down;W;266843
Key Up;W;267243
Key Up;D;267643
Key Down;W;267659
Key Down;A;267739
Key Up;W;267827
Key Up;A;267883
Key Down;Left Control;269067
Key Down;D;269675
Key Up;Left Control;269691
Key Down;W;269867
Key Up;D;270251
Key Up;W;270339
Key Down;S;270691
Key Up;S;270731
Key Down;S;275131
Key Up;S;275451
Key Down;A;275595
Key Up;A;275731
Key Down;W;277331
Key Down;D;277451
Key Up;D;277611
Key Up;W;277683
Key Down;S;279868
Key Down;A;279924
Key Up;A;280307
Key Up;S;280507
Key Down;W;280884
Key Up;W;281012
Key Down;W;284996
Key Down;D;285180
Key Up;D;285644
Key Up;W;285708
Key Down;W;286364
Key Down;D;286540
Key Up;W;286668
Key Up;D;286676
Key Down;A;287884
Key Up;A;288188
Key Down;D;288308
Key Up;D;288428
Key Down;D;288964
Key Down;W;288988
Key Up;W;289428
Key Down;W;289516
Key Up;W;289740
Key Up;D;289996
Key Down;W;290380
Key Up;W;290460
Key Down;A;361097
Key Up;A;361200
Key Down;S;386362
Key Down;A;386546
Key Up;A;387386
Key Up;S;387578
Key Down;A;388002
Key Down;S;388074
Key Up;S;389122
Key Down;W;390146
Key Up;A;390626
Key Down;D;390810
Key Up;D;392746
Key Down;D;394074
Key Up;W;394794
Key Up;D;395466
Key Down;A;396154
Key Down;W;399707
Key Up;W;400579
Key Up;A;400675
Key Down;D;400819
Key Down;W;401019
Key Up;D;401147
Key Up;W;401211
Key Down;D;401355
Key Up;D;401675
Key Down;W;401715
Key Up;W;401971
Key Down;D;402291
Key Up;D;402547
Key Down;Left Control;402859
Key Up;Left Control;403531
Key Down;A;407235
Key Down;S;410483
Key Up;A;410715
Key Down;D;410843
Key Up;S;411339
Key Down;S;411851
Key Up;D;412723
Key Down;A;413715
Key Up;S;414731
Key Down;S;418300
Key Up;A;419164
Key Down;D;421132
Key Up;D;422100
Key Down;A;423348
Key Up;A;424188
Key Up;S;425796
Key Down;D;425900
Key Down;W;426956
Key Up;D;426988
Key Down;A;430244
Key Up;A;430796
Key Up;W;430820
Key Down;W;434069
Key Down;D;438317
Key Up;W;439069
Key Down;S;439509
Key Up;D;439621
Key Down;A;439685
Key Up;A;440389
Key Up;S;440621
Key Down;W;441229
Key Up;W;441357
Key Down;D;460686
Key Down;W;464414
Key Up;W;464566
Key Up;D;464678
Key Down;S;464838
Key Up;S;466846
Key Down;D;466990
Key Down;W;467302
Key Up;D;467886
Key Down;D;467902
Key Up;D;467910
Key Up;W;469750
Key Down;A;474279
Key Down;S;474903
Key Up;A;477183
Key Down;A;480767
Key Up;A;482871
Key Up;S;482959
Key Down;A;498696
Key Down;S;498760
Key Up;S;499344
Key Up;A;499496
Key Down;S;503232
Key Up;S;503632
Key Down;D;504720
Key Down;W;506848
Key Up;D;507920
Key Up;W;508488
Key Down;A;508568
Key Up;A;509432
Key Down;S;510657
Key Up;S;510760
Key Down;S;512353
Key Down;D;513457
Key Up;D;513857
Key Down;D;514145
Key Up;S;514281
Key Down;S;515017
Key Up;D;515257
Key Up;S;515537
Key Down;D;517449
Key Down;W;517473
Key Up;W;517641
Key Up;D;517681
Key Down;A;518217
Key Up;A;518305
Key Down;R;521577
Key Up;R;522689
Key Down;W;553083
Key Down;A;553435
Key Up;A;553611
Key Up;W;554011
Key Down;A;554203
Key Down;W;555315
Key Up;A;555435
Key Up;W;556179
Key Down;W;556587
Key Up;W;556723
Key Down;D;565523
Key Down;W;565836
Key Up;D;567491
Key Down;D;569468
Key Up;D;570196
Key Down;D;573724
Key Up;W;574116
Key Up;D;574412
Key Down;A;600973
Key Down;S;601509
Key Up;A;603053
Key Down;D;604278
Key Up;S;604301
Key Down;W;605029
Key Up;W;605293
Key Up;D;605325
Key Down;A;605365
Key Down;S;605949
Key Up;A;609054
Key Up;S;610854
Key Down;W;639175
Key Down;D;639415
Key Up;D;640992
Key Up;W;641287
Key Down;W;644063
Key Down;D;644087
Key Up;D;645903
Key Up;W;646671
Key Down;Left Control;646976
Key Down;W;647687
Key Down;A;647976
Key Up;Left Control;648255
Key Up;A;649303
Key Up;W;649352
Key Down;W;667457
Key Down;D;667601
Key Up;W;668176
Key Up;D;668552
Key Down;D;670049
Key Down;W;670161
Key Up;D;670241
Key Up;W;670313
Key Down;A;671937
Key Down;S;672553
Key Up;A;673065
Key Up;S;673569
Key Down;A;673577
Key Up;A;674049
Key Down;Left Control;674305
Key Down;D;674433
Key Up;Left Control;675401
Key Up;D;675865
Key Down;D;675985
Key Down;W;676105
Key Up;W;676361
Key Up;D;676809
Key Down;F;678921
Key Down;A;679489
Key Up;F;679521
Key Down;Left Control;679889
Key Up;Left Control;681401
Key Down;S;684217
Key Up;A;685001
Key Down;D;685825
Key Up;D;685873
Key Up;S;685913
Key Down;W;691106
Key Up;W;691522
Key Down;Left Control;691730
Key Up;Left Control;692442
Key Down;W;692554
Key Up;W;692730
Key Down;S;693146
Key Up;S;693242
Key Down;D;697842
Key Up;D;698178
Key Down;A;699010
Key Up;A;699346
Key Down;W;699810
Key Up;W;699890
Key Down;Left Control;739596
Key Up;Left Control;740220
Key Down;D;741244
Key Down;W;741748
Key Up;W;744660
Key Up;D;747212
Key Down;A;747476
Key Up;A;747572
Key Down;A;750148
Key Down;S;750284
Key Up;S;750740
Key Down;S;751077
Key Up;S;751564
Key Down;S;753309
Key Up;S;754301
Key Down;S;754901
Key Up;S;755213
Key Up;A;755397
Key Down;D;755965
Key Up;D;756077
Key Down;E;765221
Key Up;E;765365
Key Down;S;772893
Key Up;S;773005
Key Down;W;774062
Key Up;W;774125
Key Down;E;781854
Key Up;E;782022
Key Down;D;783614
Key Up;D;783718
Key Down;A;786174
Key Up;A;786286
Key Down;W;787318
Key Up;W;787438
Key Down;S;788878
Key Down;D;788894
Key Up;S;788990
Key Up;D;789030
Key Down;A;789798
Key Up;A;789934
Key Down;W;794399
Key Down;D;794454
Key Up;D;796238
Key Up;W;796246
Key Down;A;796495
Key Down;S;796975
Key Up;A;798423
Key Up;S;798535
Key Down;D;798703
Key Up;D;798823
Key Down;A;799111
Key Up;A;799143
Key Down;A;799703
Key Up;A;799751
Key Down;S;820112
Key Up;S;820224
Key Down;D;828792
Key Down;W;829288
Key Up;W;832192
Key Down;S;834672
Key Up;S;836912
Key Up;D;837680
Key Down;D;838921
Key Up;D;839120
Key Down;D;855585
Key Down;W;855961
Key Up;D;856201
Key Up;W;856297
Key Down;D;856905
Key Up;D;857065
Key Down;A;857465
Key Down;S;858113
Key Up;A;858553
Key Up;S;859465
Key Down;D;861234
Key Down;S;861706
Key Up;D;861737
Key Down;A;862626
Key Up;S;862722
Key Up;A;862914
Key Down;A;863250
Key Down;W;863458
Key Up;W;864562
Key Up;A;865170
Key Down;D;865314
Key Up;D;865682
Key Down;A;865914
Key Down;W;866026
Key Up;W;867002
Key Up;A;869818
Key Down;S;869866
Key Up;S;870002
Key Down;A;872994
Key Down;W;875826
Key Up;A;876042
Key Up;W;876234
Key Down;D;876258
Key Up;D;876386
Key Down;W;876530
Key Up;W;876618
Key Down;F;877594
Key Up;F;878850
Key Down;A;880522
Key Up;A;880754
Key Down;D;881722
Key Down;S;881786
Key Up;S;881842
Key Up;D;881882
Key Down;A;882171
Key Up;A;882242
Key Down;S;884571
Key Up;S;884675
Key Down;S;914820
Key Up;S;914916
Key Down;Left Control;915404
Key Down;A;915692
Key Up;A;915876
Key Up;Left Control;915916
Key Down;Left Control;915964
Key Up;Left Control;915980
Key Down;W;916460
Key Up;W;916580
Key Down;Left Control;925844
Key Up;Left Control;926404
Key Down;D;953526
Key Up;D;953646
Key Down;A;954110
Key Up;A;954190
Key Down;S;975983
Key Up;S;976207
Key Down;W;976575
Key Up;W;976743
Key Down;Left Control;977071
Key Up;Left Control;977919
Key Down;A;1070059
Key Up;A;1070163
Key Down;D;1070531
Key Up;D;1070611
Key Down;S;1085363
Key Up;S;1085491
Key Down;Left Control;1085771
Key Down;W;1086203
Key Up;Left Control;1086243
Key Up;W;1086339
Key Down;D;1087811
Key Down;W;1088043
Key Up;W;1088123
Key Up;D;1088419
Key Down;A;1088515
Key Up;A;1089091
Key Down;W;1089852
Key Up;W;1089899
Key Down;D;1090700
Key Up;D;1090732
Key Down;Left Control;1094604
Key Up;Left Control;1095260
Key Down;Left Control;1097324
Key Up;Left Control;1098044
Key Down;Left Control;1112668
Key Up;Left Control;1113540
Key Down;D;1113669
Key Down;W;1113933
Key Up;D;1114140
Key Up;W;1114308
Key Down;A;1114541
Key Up;A;1115157
Key Down;S;1117469
Key Up;S;1117693
Key Down;D;1117821
Key Up;D;1117877
Key Down;Left Control;1118109
Key Up;Left Control;1118333
Key Down;D;1118541
Key Up;D;1118901
Key Down;S;1119005
Key Down;A;1119149
Key Up;S;1119173
Key Up;A;1119229
Key Down;D;1119509
Key Up;D;1119589
Key Down;W;1180119
Key Down;D;1180319
Key Up;W;1180479
Key Down;W;1181295
Key Up;D;1182743
Key Down;D;1183279
Key Up;W;1183287
Key Down;S;1184151
Key Up;D;1184391
Key Up;S;1184479
Key Down;A;1186792
Key Down;S;1186816
Key Up;S;1187631
Key Down;S;1189376
Key Up;A;1190128
Key Up;S;1190296
Key Down;W;1190712
Key Up;W;1190832
Key Down;W;1191432
Key Up;W;1191512
Key Down;F;1192312
Key Up;F;1197640
Key Down;F;1204160
Key Up;F;1208440
Key Down;S;1209889
Key Up;S;1210064
Key Down;W;1210825
Key Up;W;1210896
Key Down;A;1233497
Key Up;A;1233537
Key Down;A;1245682
Key Up;A;1245746
Key Down;S;1263243
Key Up;S;1263435
Key Down;D;1263811
Key Down;W;1263827
Key Up;D;1263947
Key Up;W;1263971
Key Down;W;1267955
Key Up;W;1268059
Key Down;S;1269515
Key Up;S;1269707
Key Down;W;1270139
Key Up;W;1270227
Key Down;Left Control;1299428
Key Up;Left Control;1300036
Key Down;S;1365591
Key Up;S;1365807
Key Down;D;1366855
Key Down;S;1372351
Key Up;S;1372663
Key Up;D;1373151
Key Down;D;1374927
Key Up;D;1375623
Key Down;D;1377127
Key Down;W;1377231
Key Up;W;1377479
Key Up;D;1378407
Key Down;W;1389552
Key Up;W;1389568
Key Down;W;1399656
Key Down;D;1399696
Key Up;W;1399744
Key Up;D;1399792
Key Down;S;1407905
Key Down;A;1408153
Key Up;A;1408312
Key Up;S;1408361
Key Down;A;1409105
Key Down;S;1409193
Key Up;A;1409241
Key Up;S;1409360
Key Down;W;1413353
Key Up;W;1413513
Key Down;A;1414921
Key Down;S;1414945
Key Up;A;1415729
Key Up;S;1415945
Key Down;A;1416065
Key Up;A;1416201
Key Down;D;1419297
Key Down;W;1419409
Key Up;D;1420009
Key Up;W;1420153
Key Down;D;1420505
Key Up;D;1420625
Key Down;W;1421113
Key Up;W;1421169
Key Down;W;1428857
Key Down;D;1428865
Key Up;W;1428897
Key Up;D;1428945
Key Down;W;1435546
Key Up;W;1435690
Key Down;W;1438162
Key Up;W;1438322
Key Down;A;1438346
Key Up;A;1438530
Key Down;D;1439026
Key Up;D;1439138
Key Down;W;1439682
Key Down;D;1439810
Key Up;W;1439834
Key Up;D;1439850
Key Down;D;1440522
Key Up;D;1440634
Key Down;A;1440746
Key Up;A;1440826
Key Down;S;1444114
Key Up;S;1444210
Key Down;A;1444298
Key Up;A;1444402
Key Down;S;1445978
Key Up;S;1446042
Key Down;S;1452194
Key Up;S;1452338
Key Down;S;1453162
Key Down;D;1453314
Key Up;D;1453514
Key Up;S;1453602
Key Down;W;1453962
Key Up;W;1454010
Key Down;W;1459899
Key Up;W;1459987
Key Down;A;1460843
Key Down;S;1461107
Key Up;S;1461619
Key Up;A;1461651
Key Down;S;1468427
Key Up;S;1468739
Key Down;W;1469083
Key Up;W;1469155
Key Down;A;1475115
Key Down;W;1475179
Key Up;A;1475283
Key Up;W;1475307
Key Down;S;1475731
Key Up;S;1475867
Key Down;S;1475915
Key Up;S;1476011
Key Down;W;1476627
Key Up;W;1476683
Key Down;W;1478739
Key Up;W;1478947
Key Down;S;1479283
Key Up;S;1479347
Key Down;D;1485484
Key Down;S;1485804
Key Up;D;1485956
Key Up;S;1486316
Key Down;W;1487156
Key Up;W;1487484
Key Down;W;1488764
Key Down;D;1488892
Key Up;D;1489340
Key Up;W;1489364
Key Down;W;1489764
Key Down;D;1489884
Key Up;D;1489956
Key Up;W;1490060
Key Down;A;1490860
Key Up;A;1490964
Key Down;S;1493412
Key Down;A;1494164
Key Up;S;1494452
Key Up;A;1494572
Key Down;A;1499828
Key Down;S;1500292
Key Up;A;1501580
Key Up;S;1501596
Key Down;D;1501676
Key Down;S;1502204
Key Up;D;1502316
Key Up;S;1502364
Key Down;S;1502412
Key Up;S;1502508
Key Down;D;1502836
Key Up;D;1503092
Key Down;A;1503980
Key Down;S;1504036
Key Up;A;1504380
Key Down;D;1505860
Key Up;S;1505940
Key Down;W;1506324
Key Up;D;1506596
Key Down;D;1508565
Key Up;D;1508980
Key Down;D;1510197
Key Up;D;1510325
Key Up;W;1510573
Key Down;S;1510981
Key Up;S;1511285
Key Down;S;1511357
Key Up;S;1511725
Key Down;W;1511877
Key Up;W;1512125
Key Down;A;1513829
Key Up;A;1513957
Key Down;S;1515661
Key Up;S;1516885
Key Down;A;1517061
Key Up;A;1517109
Key Down;W;1517221
Key Down;D;1517341
Key Up;D;1517437
Key Up;W;1517469
Key Down;W;1518013
Key Up;W;1518469
Key Down;A;1518765
Key Up;A;1518893
Key Down;S;1518917
Key Up;S;1519381
Key Down;W;1519781
Key Up;W;1519965
Key Down;W;1521541
Key Down;D;1521669
Key Up;D;1522005
Key Down;D;1522477
Key Up;D;1522709
Key Up;W;1522821
Key Down;S;1523317
Key Up;S;1523797
Key Down;A;1523845
Key Up;A;1523957
Key Down;W;1524133
Key Up;W;1524525
Key Down;S;1525309
Key Up;S;1525821
Key Down;D;1526045
Key Down;W;1526093
Key Up;W;1526269
Key Up;D;1526277
Key Down;A;1526373
Key Up;A;1526469
Key Down;S;1526581
Key Up;S;1526789
Key Down;S;1527021
Key Down;A;1527053
Key Up;A;1527493
Key Up;S;1527581
Key Down;S;1528509
Key Up;S;1528605
Key Down;W;1529461
Key Down;D;1530101
Key Up;D;1530309
Key Up;W;1530573
Key Down;D;1530789
Key Up;D;1530869
Key Down;D;1531453
Key Up;D;1531589
Key Down;W;1531717
Key Up;W;1531901
Key Down;D;1532445
Key Up;D;1532573
Key Down;A;1534006
Key Up;A;1534109
Key Down;A;1534446
Key Up;A;1534557
Key Down;S;1534774
Key Up;S;1534821
Key Down;S;1536182
Key Down;A;1537238
Key Up;A;1537814
Key Up;S;1540358
Key Down;W;1540606
Key Up;W;1540686
Key Down;A;1545086
Key Up;A;1545214
Key Down;S;1546486
Key Up;S;1547278
Key Down;W;1548518
Key Down;A;1548726
Key Up;A;1548910
Key Up;W;1549046
Key Down;W;1549966
Key Down;D;1550054
Key Up;W;1550222
Key Up;D;1550230
Key Down;A;1550350
Key Up;A;1550462
Key Down;W;1550678
Key Down;D;1550686
Key Up;D;1550782
Key Up;W;1550790
Key Down;W;1551542
Key Down;D;1551798
Key Up;D;1552126
Key Down;D;1552878
Key Up;D;1552974
Key Up;W;1553150
Key Down;W;1553510
Key Up;W;1553750
Key Down;A;1553758
Key Up;A;1553902
Key Down;A;1554038
Key Down;S;1554126
Key Up;S;1554446
Key Up;A;1554598
Key Down;S;1555054
Key Up;S;1555118
Key Down;D;1555318
Key Up;D;1555350
Key Down;W;1564375
Key Down;D;1564399
Key Up;D;1564759
Key Down;D;1565167
Key Up;W;1565367
Key Down;W;1565607
Key Up;D;1565719
Key Down;D;1566199
Key Up;D;1566527
Key Up;W;1566535
Key Down;W;1566607
Key Up;W;1567343
Key Down;D;1567783
Key Up;D;1567919
Key Down;A;1568663
Key Up;A;1568743
Key Down;S;1609649
Key Up;S;1610024
Key Down;W;1610329
Key Up;W;1610408
Key Down;A;1616913
Key Down;S;1617105
Key Up;S;1617465
Key Up;A;1617521
Key Down;W;1617593
Key Down;D;1617601
Key Up;D;1617617
Key Down;D;1617673
Key Up;D;1618081
Key Up;W;1618361
Key Down;D;1618569
Key Up;D;1618689
Key Down;W;1619385
Key Up;W;1619481
Key Down;F;1626985
Key Up;F;1627649
Key Down;W;1628913
Key Down;D;1629065
Key Up;W;1629137
Key Down;W;1629505
Key Up;W;1630121
Key Down;W;1630873
Key Up;W;1631849
Key Down;W;1632593
Key Up;W;1633001
Key Down;W;1635818
Key Up;D;1638506
Key Down;D;1639602
Key Up;D;1640058
Key Down;D;1640674
Key Up;D;1641194
Key Up;W;1641586
Key Down;D;1641834
Key Up;D;1641866
Key Down;W;1641898
Key Up;W;1642002
Key Down;D;1671411
Key Up;D;1671547
Key Down;A;1672099
Key Up;A;1672179
Key Down;A;1673755
Key Up;A;1673915
Key Down;S;1674043
Key Up;S;1674627
Key Down;S;1674859
Key Up;S;1675027
Key Down;A;1675539
Key Down;S;1675763
Key Up;S;1676771
Key Up;A;1677659
Key Down;S;1677675
Key Up;S;1677819
Key Down;W;1681739
Key Down;D;1681843
Key Up;W;1683835
Key Down;A;1683923
Key Up;D;1683931
Key Up;A;1684123
Key Down;S;1684235
Key Up;S;1684363
Key Down;S;1684539
Key Down;A;1684987
Key Up;A;1685291
Key Up;S;1686179
Key Down;S;1686444
Key Up;S;1686883
Key Down;S;1687340
Key Up;S;1688764
Key Down;W;1689060
Key Down;A;1689964
Key Up;A;1690908
Key Down;D;1691012
Key Up;D;1691460
Key Down;D;1692148
Key Up;D;1693084
Key Down;D;1693748
Key Up;D;1694108
Key Down;A;1694908
Key Up;W;1696988
Key Down;S;1697796
Key Up;A;1698276
Key Down;D;1698516
Key Up;S;1699644
Key Down;S;1700004
Key Up;S;1700716
Key Down;A;1701660
Key Up;D;1701668
Key Up;A;1706372
Key Down;D;1706484
Key Down;W;1706580
Key Up;W;1708284
Key Up;D;1709300
Key Down;W;1709588
Key Down;A;1710020
Key Up;A;1710236
Key Down;A;1710580
Key Up;W;1710692
Key Up;A;1711092
Key Down;W;1711148
Key Down;D;1711172
Key Up;W;1711388
Key Up;D;1711452
Key Down;A;1711469
Key Up;A;1711796
Key Down;D;1711845
Key Down;S;1712181
Key Up;D;1712260
Key Up;S;1712284
Key Down;A;1718453
Key Down;S;1719037
Key Up;S;1719149
Key Up;A;1719397
Key Down;A;1720349
Key Up;A;1720461
Key Down;S;1720781
Key Down;D;1720893
Key Up;S;1721317
Key Up;D;1721333
Key Down;A;1721389
Key Down;W;1721637
Key Up;W;1722325
Key Down;W;1722885
Key Up;A;1723069
Key Up;W;1723165
Key Down;D;1723877
Key Down;S;1724101
Key Up;D;1724133
Key Down;D;1724645
Key Up;S;1724997
Key Up;D;1725037
Key Down;A;1725101
Key Down;W;1725261
Key Up;A;1725605
Key Up;W;1725613
Key Down;S;1726061
Key Up;S;1726141
Key Down;A;1726933
Key Down;W;1726981
Key Up;A;1727333
Key Up;W;1727629
Key Down;S;1727877
Key Up;S;1728085
Key Down;S;1729973
Key Up;S;1729989
Key Down;S;1730013
Key Up;S;1730045
Key Down;S;1747646
Key Up;S;1747838
Key Down;D;1749358
Key Down;S;1749430
Key Up;S;1749662
Key Up;D;1749718
Key Down;D;1751134
Key Up;D;1752534
Key Down;D;1753070
Key Up;D;1753382
Key Down;S;1753774
Key Down;D;1754142
Key Up;D;1754518
Key Down;A;1754646
Key Up;S;1754670
Key Down;W;1755022
Key Up;W;1755342
Key Up;A;1755630
Key Down;A;1756166
Key Up;A;1756374
Key Down;D;1756710
Key Up;D;1756742
Key Down;A;1757574
Key Down;W;1757798
Key Up;A;1757950
Key Up;W;1757974
Key Down;A;1758182
Key Up;A;1758310
Key Down;S;1761103
Key Down;D;1761110
Key Up;S;1761694
Key Down;S;1763575
Key Up;S;1764127
Key Down;A;1765303
Key Up;D;1765310
Key Up;A;1765631
Key Down;A;1765935
Key Up;A;1766199
Key Down;S;1766263
Key Down;D;1766399
Key Up;S;1766919
Key Up;D;1767663
Key Down;S;1768103
Key Down;A;1769063
Key Up;S;1770103
Key Down;S;1772079
Key Up;S;1772887
Key Down;S;1774119
Key Up;S;1774775
Key Down;S;1775863
Key Up;A;1776095
Key Up;S;1776215
Key Down;A;1778559
Key Down;S;1779423
Key Up;S;1780599
Key Down;Left Control;1781311
Key Up;A;1781407
Key Up;Left Control;1781911
Key Down;D;1781943
Key Up;D;1782047
Key Down;D;1798488
Key Down;Left Control;1798720
Key Up;D;1798752
Key Up;Left Control;1799304
Key Down;W;1799416
Key Up;W;1799432
Key Down;Left Control;1801016
Key Up;Left Control;1801344
Key Down;A;1807032
Key Up;A;1807184
Key Down;A;1807424
Key Down;S;1807488
Key Up;A;1807512
Key Up;S;1807656
Key Down;D;1808768
Key Down;W;1808856
Key Up;W;1808928
Key Up;D;1808960
Key Down;D;1809808
Key Down;W;1809816
Key Up;W;1809912
Key Up;D;1809984
Key Down;S;1810568
Key Up;S;1810712
Key Down;D;1810720
Key Up;D;1810752
Key Down;W;1811776
Key Down;D;1811808
Key Up;W;1811928
Key Up;D;1812008
Key Down;W;1812296
Key Down;D;1812345
Key Up;W;1812448
Key Up;D;1812464
Key Down;S;1812848
Key Up;S;1812952
Key Down;A;1813081
Key Up;A;1813160
Key Down;W;1813288
Key Up;W;1813392
Key Down;D;1819913
Key Up;D;1820081
Key Down;A;1820305
Key Up;A;1820401
Key Down;D;1827969
Key Down;W;1828033
Key Up;D;1832033
Key Down;D;1833633
Key Up;D;1834145
Key Up;W;1834729
Key Down;S;1838185
Key Down;A;1838409
Key Up;A;1840169
Key Down;A;1841434
Key Up;A;1845218
Key Down;A;1846114
Key Up;A;1846538
Key Up;S;1847402
Key Down;D;1847482
Key Up;D;1847730
Key Down;S;1848650
Key Down;A;1849090
Key Up;A;1849466
Key Up;S;1849642
Key Down;W;1849890
Key Up;W;1850018
Key Down;W;1850978
Key Down;D;1850986
Key Up;W;1851146
Key Up;D;1851218
Key Down;A;1851538
Key Up;A;1851850
Key Down;W;1851858
Key Up;W;1851906
Key Down;S;1852562
Key Up;S;1852754
Key Down;A;1853250
Key Up;A;1853402
Key Down;S;1853578
Key Up;S;1853706
Key Down;W;1855394
Key Up;W;1855546
Key Down;S;1870739
Key Down;A;1870811
Key Up;A;1870915
Key Up;S;1871011
Key Down;W;1871603
Key Up;W;1871667
Key Down;S;1873203
Key Up;S;1873371
Key Down;W;1891035
Key Up;W;1891267
Key Down;S;1891588
Key Up;S;1891651
Key Down;W;1893108
Key Down;D;1893132
Key Up;W;1893275
Key Up;D;1893315
Key Down;S;1894028
Key Up;S;1894155
Key Down;A;1894228
Key Up;A;1894291
Key Down;W;1896076
Key Down;D;1896140
Key Up;D;1896388
Key Up;W;1896540
Key Down;A;1896644
Key Up;A;1896716
Key Down;D;1896724
Key Down;S;1896868
Key Up;S;1896924
Key Up;D;1896964
Key Down;S;1897500
Key Down;A;1897508
Key Up;S;1897532
Key Down;S;1897564
Key Up;A;1897660
Key Up;S;1897972
Key Down;A;1898020
Key Up;A;1898132
Key Down;W;1898292
Key Up;W;1898404
Key Down;A;1898532
Key Up;A;1898628
Key Down;W;1899492
Key Up;W;1899564
Key Down;S;1903084
Key Up;S;1903180
Key Down;W;1905268
Key Up;W;1905300
Key Down;D;1911700
Key Up;D;1911844
Key Down;A;1912084
Key Up;A;1912156
Key Down;D;1921005
Key Down;W;1921157
Key Up;D;1921165
Key Up;W;1921245
Key Down;W;1923245
Key Down;D;1923309
Key Up;W;1923333
Key Up;D;1923405
Key Down;W;1924949
Key Down;A;1925005
Key Up;W;1925077
Key Up;A;1925085
Key Down;A;1926453
Key Up;A;1926533
Key Down;W;1926997
Key Up;W;1927109
Key Down;D;1939509
Key Up;D;1939613
Key Down;A;1940045
Key Up;A;1940141
Key Down;A;1943262
Key Up;A;1943397
Key Down;S;1946822
Key Up;S;1947054
Key Down;S;1949142
Key Up;S;1949494
Key Down;A;1950166
Key Up;A;1950326
Key Down;S;1950406
Key Up;S;1950518
Key Down;A;1950862
Key Up;A;1950958
Key Down;W;1955854
Key Down;D;1955958
Key Up;W;1955974
Key Up;D;1956086
Key Down;D;1958262
Key Down;W;1958286
Key Up;D;1958806
Key Up;W;1958886
Key Down;D;1960150
Key Down;W;1960206
Key Up;D;1960470
Key Up;W;1961350
Key Down;A;1961454
Key Up;A;1961566
Key Down;S;1962254
Key Down;A;1962494
Key Up;A;1962686
Key Up;S;1962942
Key Down;W;1963502
Key Up;W;1963630
Key Down;S;1967006
Key Up;S;1967118
Key Down;D;1967126
Key Up;D;1967142
Key Down;W;1967382
Key Up;W;1967494
Key Down;D;1969286
Key Up;D;1969366
Key Down;D;1973143
Key Up;D;1973607
Key Down;D;1975463
Key Up;D;1976047
Key Down;A;1976191
Key Up;A;1976351
Key Down;A;1976655
Key Up;A;1976799
Key Down;D;1978551
Key Down;W;1978823
Key Up;W;1979423
Key Down;W;1981511
Key Up;W;1982247
Key Up;D;1983047
Key Down;A;1983567
Key Up;A;1983639
Key Down;A;1994087
Key Up;A;1994167
Key Down;S;1994784
Key Up;S;1994887
Key Down;W;1996600
Key Up;W;1996671
Key Down;F;1999296
Key Up;F;1999784
Key Down;D;2003952
Key Up;D;2004120
Key Down;S;2004136
Key Up;S;2004232
Key Down;D;2006944
Key Down;S;2006984
Key Up;S;2007248
Key Up;D;2007296
Key Down;R;2013528
Key Up;R;2014080
Key Down;R;2014600
Key Up;R;2014832
Key Down;R;2015208
Key Up;R;2016008
Key Down;R;2016592
Key Up;R;2017064
Key Down;D;2021625
Key Up;D;2022408
Key Down;A;2022544
Key Up;A;2022696
Key Down;Left Control;2024361
Key Up;Left Control;2025209
Key Down;A;2026001
Key Up;A;2026297
Key Down;F;2028025
Key Up;F;2028801
Key Down;D;2029041
Key Up;D;2029241
Key Down;D;2032097
Key Up;D;2032297
Key Down;S;2032713
Key Up;S;2032841
Key Down;Left Control;2034161
Key Up;Left Control;2035425
Key Down;A;2035473
Key Up;A;2035601
Key Down;D;2039825
Key Down;W;2039953
Key Up;D;2040057
Key Up;W;2040073
Key Down;D;2041089
Key Up;D;2041417
Key Down;Retour arrière;2061858
Key Up;Retour arrière;2061906
Key Down;D;2070530
Key Down;W;2070690
Key Up;W;2071850
Key Down;W;2074619
Key Up;D;2081411
Key Up;W;2082347
Key Down;S;2083427
Key Down;A;2083651
Key Up;S;2083803
Key Down;W;2084427
Key Up;A;2087379
Key Up;W;2087555
Key Down;W;2088491
Key Down;D;2088515
Key Up;D;2088627
Key Up;W;2088795
Key Down;S;2090171
Key Up;S;2090899
Key Down;W;2092323
Key Up;W;2092627
Key Down;A;2094315
Key Up;A;2094395
Key Down;S;2095451
Key Up;S;2095579
Key Down;W;2103124
Key Up;W;2103292
Key Down;S;2127197
Key Up;S;2127380
Key Down;S;2129501
Key Up;S;2129605
Key Down;S;2132485
Key Down;D;2132533
Key Up;S;2132685
Key Up;D;2132717
Key Down;S;2137485
Key Up;S;2137709
Key Down;S;2141485
Key Down;D;2141805
Key Up;D;2142941
Key Down;A;2145205
Key Up;A;2145437
Key Up;S;2145533
Key Down;W;2145805
Key Up;W;2145965
Key Down;D;2146093
Key Down;W;2146669
Key Up;W;2148421
Key Down;W;2148797
Key Up;D;2148821
Key Up;W;2148949
Key Down;A;2150197
Key Down;S;2150365
Key Up;A;2150437
Key Up;S;2150485
Key Down;D;2150709
Key Down;W;2150829
Key Up;D;2150901
Key Up;W;2150989
Key Down;W;2152598
Key Up;W;2152725
Key Down;D;2152790
Key Up;D;2152909
Key Down;S;2153029
Key Down;A;2153365
Key Up;A;2153893
Key Up;S;2153933
Key Down;S;2154726
Key Up;S;2155189
Key Down;A;2155414
Key Up;A;2155486
Key Down;A;2156518
Key Up;A;2156870
Key Down;D;2156982
Key Up;D;2157214
Key Down;D;2158086
Key Down;W;2158110
Key Up;D;2158494
Key Up;W;2158526
Key Down;W;2158878
Key Up;W;2159326
Key Down;W;2159966
Key Up;W;2160262
Key Down;D;2160438
Key Up;D;2160590
Key Down;W;2160638
Key Down;D;2160790
Key Up;W;2160822
Key Up;D;2161302
Key Down;A;2162094
Key Up;A;2162254
Key Down;A;2163270
Key Up;A;2163478
Key Down;Left Control;2171526
Key Up;Left Control;2172038
Key Down;S;2179006
Key Up;S;2179182
Key Down;S;2181567
Key Up;S;2181654
Key Down;W;2182143
Key Up;W;2182214
Key Down;W;2184135
Key Up;W;2184263
Key Down;D;2193447
Key Down;W;2193735
Key Up;D;2193815
Key Up;W;2193831
Key Down;Left Control;2196703
Key Up;Left Control;2197479
Key Down;W;2202639
Key Up;W;2202903
Key Down;A;2203199
Key Down;W;2203207
Key Up;W;2205239
Key Down;W;2206808
Key Up;W;2207528
Key Up;A;2208072
Key Down;Left Control;2208624
Key Down;W;2209240
Key Up;Left Control;2209288
Key Down;D;2209376
Key Up;W;2209496
Key Up;D;2209504
Key Down;W;2228712
Key Up;W;2228840
Key Down;Left Shift;2327049
Key Up;Left Shift;2327072
Key Down;D;2327193
Key Down;W;2327233
Key Up;D;2329704
Key Down;D;2331905
Key Up;D;2334304
Key Down;D;2336337
Key Up;D;2338160
Key Up;W;2338280
Key Down;S;2338737
Key Up;S;2338832
Key Down;D;2345649
Key Down;S;2345776
Key Up;S;2346104
Key Up;D;2346136
Key Down;S;2347353
Key Up;S;2347480
Key Down;S;2349657
Key Up;S;2349776
Key Down;D;2354345
Key Down;S;2356144
Key Up;D;2358520
Key Up;S;2359240
Key Down;A;2359544
Key Down;S;2359848
Key Up;S;2360296
Key Down;S;2362344
Key Up;A;2366200
Key Up;S;2366208
Key Down;D;2366593
Key Down;W;2367081
Key Up;D;2367448
Key Up;W;2367664
Key Down;D;2373344
Key Down;W;2373456
Key Up;W;2373712
Key Up;D;2373768
Key Down;Left Control;2373792
Key Up;Left Control;2375248
Key Down;D;2375288
Key Up;D;2375528
Key Down;A;2375800
Key Up;A;2375864
Key Down;F;2397976
Key Up;F;2398608
Key Down;F;2478921
Key Up;F;2481144
Key Down;Right Shift;2483329
Key Down;D;2483977
Key Down;C;2484105
Key Up;D;2484112
Key Up;C;2484184
Key Down;Q;2484313
Key Up;Q;2484401
Key Up;Right Shift;2484689
Key Down;NumPad 1;2485321
Key Up;NumPad 1;2485361
Key Down;F;2504465
Key Up;F;2505409
Key Down;Right Shift;2507465
Key Down;D;2507601
Key Up;D;2507665
Key Down;C;2507785
Key Up;C;2507873
Key Down;Q;2508009
Key Up;Q;2508089
Key Up;Right Shift;2508209
Key Down;NumPad 2;2508865
Key Up;NumPad 2;2508913
Key Down;D;2513097
Key Up;D;2513761
Key Down;A;2513945
Key Up;A;2514089
Key Down;A;2526545
Key Up;A;2526793
Key Down;Left Control;2579081
Key Down;A;2579417
Key Up;Left Control;2579721
Key Down;W;2579793
Key Up;A;2580849
Key Down;D;2580889
Key Up;D;2581161
Key Down;A;2581217
Key Up;A;2583105
Key Up;W;2583121
Key Down;Left Control;2583209
Key Up;Left Control;2583657
Key Down;D;2583873
Key Up;D;2583977
Key Down;S;2595530
Key Up;S;2595745
Key Down;A;2629650
Key Up;A;2629706
Key Down;D;2632618
Key Up;D;2632682
Key Down;A;2633002
Key Up;A;2633098
Key Down;D;2634226
Key Up;D;2634314
Key Down;S;2637266
Key Up;S;2637378
Key Down;W;2638026
Key Up;W;2638074
Key Down;W;2657722
Key Up;W;2657818
Key Down;D;2667058
Key Up;D;2667250
Key Down;A;2668626
Key Up;A;2668738
Key Down;S;2670778
Key Up;S;2671002
Key Down;W;2671274
Key Up;W;2671338
Key Down;D;2672554
Key Up;D;2672634
Key Down;W;2672674
Key Up;W;2672770
Key Down;A;2673226
Key Up;A;2673338
Key Down;D;2681522
Key Down;W;2682906
Key Up;W;2684810
Key Up;D;2685098
Key Down;A;2685619
Key Up;A;2686018
Key Down;D;2686715
Key Up;D;2687474
Key Down;A;2687963
Key Down;W;2687978
Key Up;W;2688226
Key Up;A;2688522
Key Down;A;2688562
Key Down;W;2688602
Key Up;W;2688906
Key Up;A;2689210
Key Down;W;2689538
Key Up;W;2689650
Key Down;S;2697507
Key Down;D;2698011
Key Up;D;2698171
Key Up;S;2698291
Key Down;S;2700043
Key Down;D;2700363
Key Up;S;2701035
Key Down;W;2703579
Key Up;D;2703691
Key Up;W;2703739
Key Down;D;2704723
Key Up;D;2704867
Key Down;D;2705803
Key Down;W;2705907
Key Up;W;2706131
Key Up;D;2706187
Key Down;S;2717419
Key Up;S;2717635
Key Down;W;2719739
Key Up;W;2719763
Key Down;A;2725107
Key Up;A;2725251
Key Down;W;2729371
Key Down;D;2729379
Key Up;D;2729659
Key Up;W;2729763
Key Down;W;2730555
Key Up;W;2731643
Key Down;A;2731715
Key Up;A;2732027
Key Down;S;2733779
Key Down;D;2733907
Key Up;D;2734475
Key Down;A;2736291
Key Up;S;2736499
Key Up;A;2737691
Key Down;A;2737875
Key Up;A;2737987
Key Down;D;2742803
Key Down;W;2743875
Key Up;D;2744451
Key Up;W;2744763
Key Down;D;2745139
Key Up;D;2745411
Key Down;W;2745579
Key Down;D;2745779
Key Up;D;2746123
Key Up;W;2746403
Key Down;S;2747027
Key Up;S;2747947
Key Down;W;2748403
Key Up;W;2748507
Key Down;S;2764908
Key Up;S;2765052
Key Down;W;2766172
Key Down;D;2766180
Key Up;D;2766348
Key Up;W;2766364
Key Down;D;2787380
Key Down;W;2787524
Key Up;D;2787644
Key Up;W;2787652
Key Down;S;2789404
Key Up;S;2789564
Key Down;S;2796084
Key Down;A;2796172
Key Up;S;2796316
Key Up;A;2796468
Key Down;A;2798396
Key Down;W;2798516
Key Up;A;2798540
Key Up;W;2798644
Key Down;F;2810260
Key Up;F;2811068
Key Down;D;2820413
Key Down;W;2820469
Key Up;W;2820581
Key Up;D;2820693
Key Down;D;2820949
Key Down;W;2821029
Key Up;D;2821109
Key Up;W;2821149
Key Down;A;2832301
Key Up;A;2832765
Key Down;A;2832981
Key Up;A;2833133
Key Down;A;2833437
Key Down;S;2833573
Key Up;A;2833581
Key Up;S;2833645
Key Down;A;2834509
Key Up;A;2834653
Key Down;S;2835477
Key Down;D;2835605
Key Up;S;2835653
Key Up;D;2835661
Key Down;D;2836229
Key Down;S;2836245
Key Up;S;2836325
Key Up;D;2836333
Key Down;W;2838797
Key Up;W;2838893
Key Down;D;2841877
Key Up;D;2842053
Key Down;W;2842069
Key Up;W;2842157
Key Down;W;2842845
Key Up;W;2842893
Key Down;D;2845173
Key Up;D;2845373
Key Down;A;2845749
Key Up;A;2845805
Key Down;D;2846845
Key Up;D;2846997
Key Down;A;2847285
Key Up;A;2847341
Key Down;A;2848429
Key Down;S;2848717
Key Up;A;2848861
Key Up;S;2848981
Key Down;A;2849205
Key Up;A;2849357
Key Down;S;2849581
Key Down;A;2849781
Key Up;A;2849821
Key Up;S;2849957
Key Down;Left Control;2850109
Key Down;W;2850661
Key Up;Left Control;2850701
Key Up;W;2850741
Key Down;W;2854765
Key Up;W;2854877
Key Down;S;2857141
Key Down;D;2857213
Key Up;S;2857293
Key Up;D;2857341
Key Down;W;2858885
Key Up;W;2858981
Key Down;S;2860269
Key Up;S;2860333
Key Down;A;2866509
Key Up;A;2866637
Key Down;W;2870702
Key Up;W;2870741
Key Down;W;2871958
Key Up;W;2871998
Key Down;W;2879822
Key Up;W;2879918
Key Down;W;2882438
Key Up;W;2882518
Key Down;A;2883030
Key Up;A;2883110
Key Down;A;2885694
Key Up;A;2885822
Key Down;D;2886414
Key Down;W;2887046
Key Up;D;2887086
Key Up;W;2887134
Key Down;A;2887254
Key Up;A;2887342
Key Down;D;2887534
Key Up;D;2887662
Key Down;S;2889574
Key Up;S;2889878
Key Down;W;2890342
Key Up;W;2890470
Key Down;A;2892598
Key Up;A;2892894
Key Down;A;2892982
Key Down;S;2893470
Key Up;A;2893550
Key Up;S;2893590
Key Down;W;2893750
Key Up;W;2893870
Key Down;A;2893918
Key Up;A;2893966
Key Down;D;2920791
Key Down;S;2920807
Key Up;D;2920878
Key Up;S;2920966
Key Down;W;2921223
Key Up;W;2921270
Key Down;S;2923359
Key Up;S;2923567
Key Down;W;2924191
Key Up;W;2924246
Key Down;W;2925527
Key Up;W;2925639
Key Down;W;2927847
Key Down;D;2928007
Key Up;W;2928071
Key Up;D;2928079
Key Down;D;2929031
Key Up;D;2929159
Key Down;A;2932847
Key Up;A;2932879
Key Down;S;2934415
Key Up;S;2934863
Key Down;S;2935351
Key Up;S;2935575
Key Down;W;2936047
Key Down;D;2936455
Key Up;D;2936647
Key Up;W;2937143
Key Down;S;2943263
Key Up;S;2943399
Key Down;D;2944479
Key Down;W;2944535
Key Up;W;2944687
Key Up;D;2945167
Key Down;S;2945367
Key Up;S;2945471
Key Down;W;2946271
Key Up;W;2946327
Key Down;A;2949071
Key Up;A;2949159
Key Down;W;2952487
Key Up;W;2952623
Key Down;A;2952983
Key Up;A;2953135
Key Down;A;2956687
Key Up;A;2956823
Key Down;A;2957007
Key Down;S;2957415
Key Up;S;2958231
Key Up;A;2958783
Key Down;D;2959383
Key Up;D;2959423
Key Down;D;2971968
Key Down;W;2971992
Key Up;W;2972104
Key Up;D;2972152
Key Down;D;2973120
Key Down;S;2973184
Key Up;D;2973344
Key Up;S;2973648
Key Down;E;2973888
Key Up;E;2974040
Key Down;S;2974088
Key Down;A;2974152
Key Up;S;2974528
Key Down;Left Control;2976680
Key Up;Left Control;2977856
Key Down;W;2977896
Key Up;A;2978040
Key Down;A;2978080
Key Up;A;2978280
Key Down;A;2979288
Key Up;W;2979696
Key Down;S;2980024
Key Up;S;2980272
Key Down;S;2983536
Key Up;S;2983880
Key Up;A;2983976
Key Down;Left Control;2984000
Key Down;S;2984680
Key Up;Left Control;2984704
Key Up;S;2984904
Key Down;W;2985240
Key Down;D;2985280
Key Up;D;2985480
Key Up;W;2985800
Key Down;S;2986048
Key Up;S;2986120
Key Down;E;2989296
Key Up;E;2989408
Key Down;S;3004312
Key Down;D;3004488
Key Up;S;3005328
Key Up;D;3005360
Key Down;A;3005568
Key Down;W;3005664
Key Up;W;3005824
Key Up;A;3005832
Key Down;W;3006048
Key Up;W;3006120
Key Down;S;3013985
Key Down;D;3014001
Key Up;S;3014232
Key Up;D;3014240
Key Down;D;3015353
Key Up;D;3022737
Key Down;A;3022905
Key Up;A;3023009
Key Down;W;3025465
Key Down;D;3025561
Key Up;W;3025641
Key Up;D;3025649
Key Down;A;3028617
Key Down;S;3028625
Key Up;A;3029233
Key Down;D;3031569
Key Up;D;3032185
Key Down;A;3032441
Key Up;A;3032553
Key Up;S;3032569
Key Down;S;3033401
Key Down;D;3033689
Key Up;D;3033913
Key Down;D;3034361
Key Up;D;3034481
Key Up;S;3034545
Key Down;A;3034681
Key Down;S;3034833
Key Up;S;3034889
Key Up;A;3034953
Key Down;W;3035081
Key Up;W;3035369
Key Down;A;3035705
Key Up;A;3035825
Key Down;S;3042217
Key Up;S;3042449
Key Down;W;3042689
Key Up;W;3042897
Key Down;S;3043097
Key Up;S;3043153
Key Down;W;3043297
Key Up;W;3043521
Key Down;D;3044137
Key Up;D;3044265
Key Down;S;3044377
Key Up;S;3044513
Key Down;W;3044937
Key Up;W;3045105
Key Down;S;3046465
Key Up;S;3046545
Key Down;D;3046921
Key Up;D;3047089
Key Down;S;3047153
Key Up;S;3047185
Key Down;A;3047905
Key Down;W;3048129
Key Up;A;3048225
Key Up;W;3048305
Key Down;S;3048721
Key Up;S;3048777
Key Down;D;3050337
Key Up;D;3050505
Key Down;S;3050849
Key Up;S;3050961
Key Down;A;3051033
Key Up;A;3051121
Key Down;A;3052081
Key Up;A;3052193
Key Down;D;3052689
Key Down;S;3052705
Key Up;S;3052817
Key Up;D;3052825
Key Down;D;3054650
Key Up;D;3054705
Key Down;A;3056049
Key Up;A;3056201
Key Down;D;3066482
Key Down;W;3066498
Key Up;W;3066586
Key Down;W;3066642
Key Up;D;3067186
Key Up;W;3070642
Key Down;D;3071074
Key Up;D;3071306
Key Down;A;3071890
Key Down;W;3072018
Key Up;A;3072058
Key Up;W;3072098
Key Down;A;3074386
Key Up;A;3074498
Key Down;D;3074922
Key Up;D;3074994
Key Down;D;3131507
Key Down;W;3131987
Key Up;W;3138507
Key Down;W;3140236
Key Up;D;3141867
Key Down;D;3142276
Key Up;D;3142675
Key Up;W;3142683
Key Down;A;3142916
Key Up;A;3142972
Key Down;R;3148684
Key Up;R;3149644
Key Down;W;3161772
Key Down;D;3161876
Key Up;W;3161924
Key Up;D;3162020
Key Down;A;3163252
Key Up;A;3163332
Key Down;D;3163780
Key Up;D;3164084
Key Down;A;3164452
Key Up;A;3164548
Key Down;W;3164748
Key Up;W;3164812
Key Down;A;3165228
Key Up;A;3165324
Key Down;D;3173140
Key Up;D;3173244
Key Down;D;3178756
Key Up;D;3178868
Key Down;A;3179252
Key Up;A;3179340
Key Down;A;3179925
Key Up;A;3180004
Key Down;A;3182189
Key Up;A;3182444
Key Down;S;3183421
Key Up;S;3183508
Key Down;A;3184069
Key Up;A;3184165
Key Down;D;3185061
Key Up;D;3185373
Key Down;W;3196477
Key Up;W;3196573
Key Down;A;3197429
Key Up;A;3197509
Key Down;S;3198981
Key Up;S;3199285
Key Down;W;3200589
Key Up;W;3201021
Key Down;S;3201837
Key Up;S;3201909
Key Down;S;3207901
Key Up;S;3208093
Key Down;W;3211021
Key Up;W;3211165
Key Down;A;3211909
Key Up;A;3211965
Key Down;D;3214421
Key Up;D;3214493
Key Down;D;3219125
Key Up;D;3219197
Key Down;D;3226326
Key Down;W;3226334
Key Up;D;3226574
Key Up;W;3226790
Key Down;S;3228078
Key Up;S;3228462
Key Down;W;3229702
Key Up;W;3229814
Key Down;A;3230478
Key Up;A;3230566
Key Down;D;3232910
Key Down;S;3232934
Key Up;D;3233078
Key Up;S;3233134
Key Down;A;3234134
Key Up;A;3234230
Key Down;A;3234550
Key Up;A;3234750
Key Down;W;3235206
Key Down;D;3235294
Key Up;W;3235430
Key Up;D;3235462
Key Down;D;3236366
Key Down;W;3236382
Key Up;D;3236486
Key Up;W;3236510
Key Down;A;3239302
Key Up;A;3239422
Key Down;S;3240174
Key Up;S;3240286
Key Down;D;3249454
Key Up;D;3249558
Key Down;D;3250878
Key Up;D;3251102
Key Down;A;3254102
Key Up;A;3254302
Key Down;D;3254526
Key Up;D;3254646
Key Down;F;3256094
Key Up;F;3257486
Key Down;A;3263199
Key Up;A;3263415
Key Down;D;3266439
Key Up;D;3266863
Key Down;A;3267039
Key Up;A;3267127
Key Down;A;3268127
Key Up;A;3268607
Key Down;A;3269047
Key Up;A;3269135
Key Down;D;3273999
Key Up;D;3274151
Key Down;A;3274439
Key Up;A;3274543
Key Down;D;3275839
Key Up;D;3276031
Key Down;A;3276351
Key Up;A;3276431
Key Down;A;3287391
Key Up;A;3287639
Key Down;A;3287951
Key Up;A;3288007
Key Down;W;3288103
Key Up;W;3288127
Key Down;D;3288311
Key Up;D;3288399
Key Down;D;3290079
Key Up;D;3290151
Key Down;A;3290447
Key Up;A;3290535
Key Down;D;3290879
Key Up;D;3290959
Key Down;D;3291639
Key Down;W;3291767
Key Up;W;3291831
Key Up;D;3292071
Key Down;A;3300576
Key Up;A;3300752
Key Down;A;3305008
Key Up;A;3305192
Key Down;W;3306816
Key Up;W;3306920
Key Down;S;3310128
Key Up;S;3310256
Key Down;S;3314112
Key Up;S;3314600
Key Down;W;3315360
Key Up;W;3315752
Key Down;S;3320224
Key Up;S;3320616
Key Down;A;3321496
Key Down;S;3321616
Key Up;S;3322192
Key Up;A;3322200
Key Down;A;3322592
Key Down;S;3322752
Key Up;S;3322800
Key Down;W;3324600
Key Up;A;3325760
Key Down;A;3327208
Key Up;W;3328328
Key Up;A;3328392
Key Down;A;3328552
Key Down;S;3330312
Key Up;A;3332936
Key Up;S;3332952
Key Down;A;3333713
Key Up;A;3333936
Key Down;S;3334328
Key Up;S;3334416
Key Down;W;3339689
Key Up;W;3339937
Key Down;S;3340153
Key Up;S;3340265
Key Down;A;3347545
Key Down;W;3347713
Key Up;A;3347753
Key Up;W;3347793
Key Down;W;3349897
Key Up;W;3350105
Key Down;Left Control;3350569
Key Up;Left Control;3351401
Key Down;S;3351969
Key Up;S;3352113
Key Down;W;3352417
Key Up;W;3353049
Key Down;S;3353433
Key Up;S;3354241
Key Down;W;3354537
Key Up;W;3354617
Key Down;S;3357513
Key Up;S;3357857
Key Down;W;3358177
Key Up;W;3358281
Key Down;A;3359793
Key Down;W;3359881
Key Up;A;3360049
Key Up;W;3360273
Key Down;W;3361001
Key Up;W;3361609
Key Down;D;3362665
Key Up;D;3362737
Key Down;D;3381258
Key Down;S;3381306
Key Up;S;3381426
Key Up;D;3381434
Key Down;A;3385298
Key Down;S;3385330
Key Up;A;3385466
Key Down;D;3386114
Key Up;D;3386226
Key Up;S;3386474
Key Down;W;3386858
Key Up;W;3387042
Key Down;W;3407947
Key Up;W;3408338
Key Down;W;3408707
Key Up;W;3409122
Key Down;S;3409523
Key Up;S;3409610
Key Down;S;3411131
Key Down;A;3411203
Key Up;A;3411499
Key Up;S;3411723
Key Down;W;3412315
Key Up;W;3412747
Key Down;D;3413459
Key Up;D;3413579
Key Down;A;3414091
Key Up;A;3414163
Key Down;S;3436971
Key Down;A;3437147
Key Up;A;3437395
Key Up;S;3438043
Key Down;W;3438251
Key Up;W;3438363
Key Down;W;3448108
Key Down;D;3448580
Key Up;D;3448692
Key Up;W;3448772
Key Down;R;3472300
Key Up;R;3472788
Key Down;R;3472980
Key Up;R;3473324
Key Down;S;3476860
Key Up;S;3477436
Key Down;W;3478204
Key Up;W;3478340
Key Down;S;3479933
Key Up;S;3480516
Key Down;A;3481749
Key Up;A;3481868
Key Down;W;3484149
Key Up;W;3484293
Key Down;W;3485525
Key Up;W;3485853
Key Down;D;3486069
Key Down;S;3486093
Key Up;D;3486293
Key Up;S;3486685
Key Down;A;3493189
Key Down;W;3493221
Key Up;A;3493341
Key Up;W;3493821
Key Down;W;3494133
Key Up;W;3494325
Key Down;S;3499493
Key Up;S;3500093
Key Down;W;3501205
Key Up;W;3501829
Key Down;A;3502293
Key Up;A;3502365
Key Down;S;3505477
Key Up;S;3506037
Key Down;S;3511397
Key Up;S;3511501
Key Down;W;3518214
Key Up;W;3519150
Key Down;D;3519566
Key Up;D;3519598
Key Down;R;3521798
Key Up;R;3522342
Key Down;R;3534606
Key Up;R;3534926
Key Down;R;3535470
Key Up;R;3536134
Key Down;R;3538118
Key Up;R;3538758
Key Down;D;3547350
Key Up;D;3547510
Key Down;S;3550735
Key Up;S;3550814
Key Down;W;3551079
Key Up;W;3551118
Key Down;R;3555591
Key Up;R;3555967
Key Down;R;3556087
Key Up;R;3556335
Key Down;R;3556599
Key Up;R;3557007
Key Down;R;3557239
Key Up;R;3557535
Key Down;R;3557935
Key Up;R;3558431
Key Down;A;3570159
Key Up;A;3570287
Key Down;S;3570383
Key Up;S;3570615
Key Down;S;3570831
Key Up;S;3571287
Key Down;S;3571927
Key Up;S;3572159
Key Down;D;3572663
Key Down;W;3580671
Key Up;W;3580823
Key Up;D;3581207
Key Down;W;3582072
Key Up;W;3582287
Key Down;D;3588904
Key Up;D;3589000
Key Down;D;3593792
Key Up;D;3593936
Key Down;D;3599240
Key Up;D;3599360
Key Down;A;3599656
Key Up;A;3599848
Key Down;A;3600304
Key Up;A;3600440
Key Down;D;3600984
Key Up;D;3601072
Key Down;D;3607552
Key Up;D;3607680
Key Down;A;3608072
Key Up;A;3608136
Key Down;D;3614416
Key Down;W;3614768
Key Up;W;3616224
Key Down;W;3616808
Key Up;D;3623313
Key Down;D;3623905
Key Up;W;3623913
Key Up;D;3624065
Key Down;A;3629457
Key Down;W;3629561
Key Up;A;3631065
Key Down;A;3632057
Key Up;W;3632265
Key Down;S;3632705
Key Up;A;3633769
Key Down;A;3635257
Key Up;A;3636505
Key Down;D;3636625
Key Up;S;3638561
Key Up;D;3640113
Key Down;A;3642489
Key Up;A;3644529
Key Down;D;3644545
Key Down;W;3647025
Key Up;D;3648433
Key Up;W;3650617
Key Down;Echap;3651801
Key Up;Echap;3651953
