Event;Key;Time
Key Down;Droite;19256
Key Down;Left Shift;21856
Key Up;Left Shift;23720
Key Up;Droite;23736
Key Down;Gauche;23864
Key Down;Left Shift;24256
Key Up;Left Shift;33640
Key Down;Bas;38288
Key Up;Gauche;38392
Key Up;Bas;39464
Key Down;Bas;39560
Key Up;Bas;39671
Key Down;Droite;40040
Key Up;Droite;40463
Key Down;Bas;40640
Key Up;Bas;40711
Key Down;Gauche;40952
Key Up;Gauche;41791
Key Down;Droite;41968
Key Up;Droite;42071
Key Down;Bas;42496
Key Up;Bas;42631
Key Down;Droite;42960
Key Up;Droite;43071
Key Down;Gauche;43336
Key Down;Droite;43776
Key Up;Gauche;43783
Key Up;Droite;45095
Key Down;Gauche;45168
Key Down;Left Shift;46039
Key Up;Left Shift;49423
Key Up;Gauche;49567
Key Down;Droite;49639
Key Down;Bas;51327
Key Up;Droite;51367
Key Up;Bas;51871
Key Down;Droite;51951
Key Down;Bas;52639
Key Up;Droite;53151
Key Up;Bas;53711
Key Down;Droite;53767
Key Down;Bas;54600
Key Up;Droite;55159
Key Up;Bas;55495
Key Down;Gauche;55687
Key Up;Gauche;56399
Key Down;Droite;56551
Key Up;Droite;56815
Key Down;Bas;57047
Key Up;Bas;58087
Key Down;Droite;58199
Key Down;Left Shift;58927
Key Up;Droite;60903
Key Up;Left Shift;61135
Key Down;Bas;61383
Key Up;Bas;62783
Key Down;Bas;62895
Key Up;Bas;63751
Key Down;Bas;63935
Key Up;Bas;64759
Key Down;Bas;64951
Key Up;Bas;65983
Key Down;Droite;66175
Key Up;Droite;68511
Key Down;Bas;68519
Key Up;Bas;69143
Key Down;Gauche;69231
Key Up;Gauche;69839
Key Down;Bas;69879
Key Up;Bas;71127
Key Down;Droite;71263
Key Down;Left Shift;72415
Key Up;Left Shift;75023
Key Down;Bas;75823
Key Up;Bas;76007
Key Up;Droite;76374
Key Down;Gauche;76703
Key Up;Gauche;76879
Key Down;Bas;77039
Key Up;Bas;77526
Key Down;Droite;77639
Key Down;Bas;78271
Key Up;Droite;78295
Key Up;Bas;78790
Key Down;Gauche;79047
Key Down;Left Shift;79847
Key Up;Left Shift;81414
Key Up;Gauche;81566
Key Down;Droite;82711
Key Up;Droite;83286
Key Down;Droite;83959
Key Up;Droite;84654
Key Down;Gauche;85279
Key Up;Gauche;85958
Key Down;Droite;85998
Key Down;Left Shift;86502
Key Up;Left Shift;97366
Key Down;Left Shift;102430
Key Up;Left Shift;105142
Key Up;Droite;108046
Key Down;Droite;109478
Key Down;Left Shift;117878
Key Up;Left Shift;128061
Key Down;Bas;139509
Key Up;Bas;140309
Key Down;Bas;148085
Key Up;Bas;148213
Key Up;Droite;148317
Key Down;Gauche;148413
Key Down;Left Shift;149717
Key Down;Echap;158861
Key Up;Gauche;158869
Key Up;Left Shift;158893
Key Up;Echap;159013
Key Down;Left Alt;159933
Key Down;Tab;160053
Key Up;Left Alt;160156
Key Up;Tab;160156
Key Down;O;162557
Key Up;O;162725
Key Down;U;162733
Key Up;U;162781
Key Down;E;163405
Key Up;E;163469
Key Down;P;163533
Key Up;P;163588
Key Down;Espace;163653
Key Up;Espace;163733
Key Down;Entrée;165293
Key Up;Entrée;165356
Key Down;T;167157
Key Up;T;167228
Key Down;U;167277
Key Up;U;167340
Key Down;Espace;167421
Key Up;Espace;167500
Key Down;V;167941
Key Up;V;167996
Key Down;R;168045
Key Up;R;168100
Key Down;Q;168173
Key Up;Q;168244
Key Down;I;168365
Key Up;I;168436
Key Down;Retour arrière;168925
Key Up;Retour arrière;168988
Key Down;Retour arrière;169525
Key Up;Retour arrière;169604
Key Down;Retour arrière;170125
Key Up;Retour arrière;170196
Key Down;O;170429
Key Down;U;170525
Key Up;O;170548
Key Up;U;170612
Key Down;D;170741
Key Up;D;170812
Key Down;R;170901
Key Up;R;170964
Key Down;Q;171045
Key Up;Q;171116
Key Down;I;171173
Key Up;I;171228
Key Down;S;171269
Key Up;S;171332
Key Down;Espace;171405
Key Up;Espace;171452
Key Down;A;171549
Key Up;A;171612
Key Down;U;171709
Key Up;U;171764
Key Down;3;171853
Key Up;3;171884
Key Down;Retour arrière;172461
Key Up;Retour arrière;172524
Key Down;4;173421
Key Up;4;173476
Key Down;O;173581
Key Down;N;173653
Key Up;O;173684
Key Up;N;173724
Key Down;Espace;173861
Key Up;Espace;173940
Key Down;F;174125
Key Up;F;174188
Key Down;Q;174309
Key Up;Q;174364
Key Down;S;175925
Key Up;S;175988
Key Down;S;176061
Key Up;S;176148
Key Down;E;176229
Key Up;E;176308
Key Down;Espace;176333
Key Up;Espace;176412
Key Down;U;176548
Key Down;N;176621
Key Up;U;176636
Key Up;N;176700
Key Down;E;176732
Key Up;E;176804
Key Down;Espace;176860
Key Up;Espace;176924
Key Down;2;177252
Key Up;2;177316
Key Down;A;177636
Key Up;A;177700
Key Down;U;177780
Key Up;U;177828
Key Down;I;177892
Key Up;I;177980
Key Down;P;178580
Key Up;P;178636
Key Down;E;178708
Key Up;E;178788
Key Down;Espace;178884
Key Up;Espace;178964
Key Down;Right Shift;178996
Key Down;M;179108
Key Up;Right Shift;179164
Key Up;M;179180
Key Down;Espace;179260
Key Up;Espace;179316
Key Down;Entrée;179340
Key Up;Entrée;179412
Key Down;Echap;182116
Key Up;Echap;182196
Key Down;A;183084
Key Up;A;183500
Key Down;Gauche;183655
Key Down;Left Shift;184412
Key Up;Left Shift;189484
Key Down;Left Shift;194628
Key Up;Left Shift;198820
Key Up;Gauche;215763
Key Down;Left Alt;215908
Key Down;Tab;216004
Key Up;Left Alt;216130
Key Up;Tab;216131
Key Down;N;218332
Key Down;I;218412
Key Up;N;218459
Key Up;I;218507
Key Down;C;218724
Key Up;C;218787
Key Down;E;218836
Key Up;E;218907
Key Down;Espace;218980
Key Up;Espace;219051
Key Down;X;219276
Key Up;X;219363
Key Down;Left Shift;219412
Key Down;D;219484
Key Up;Left Shift;219515
Key Up;D;219579
Key Down;Entrée;219628
Key Up;Entrée;219707
Key Down;9;220788
Key Up;9;220835
Key Down;Q;220940
Key Up;Q;221011
Key Down;Espace;221068
Key Up;Espace;221131
Key Down;V;221428
Key Up;V;221475
Key Down;Q;221524
Key Down;S;221620
Key Up;Q;221643
Key Up;S;221715
Key Down;Espace;221772
Key Up;Espace;221819
Key Down;D;222212
Key Up;D;222275
Key Down;O;222340
Key Up;O;222395
Key Down;N;222620
Key Up;N;222667
Key Down;N;222756
Key Up;N;222811
Key Down;2;222836
Key Down;E;222900
Key Up;2;222939
Key Up;E;222995
Key Down;Retour arrière;223628
Key Up;Retour arrière;223691
Key Down;Retour arrière;223788
Key Up;Retour arrière;223859
Key Down;E;223916
Key Down;R;223972
Key Up;E;223995
Key Up;R;224083
Key Down;Entrée;224196
Key Up;Entrée;224291
Key Down;A;226548
Key Up;A;227019
Key Down;Gauche;227195
Key Down;Left Shift;228099
Key Up;Left Shift;234723
Key Up;Gauche;235267
Key Down;Gauche;235483
Key Down;Left Shift;238235
Key Up;Left Shift;244443
Key Up;Gauche;245659
Key Down;Droite;245843
Key Up;Droite;246403
Key Down;Gauche;246643
Key Up;Gauche;246851
Key Down;Bas;246915
Key Up;Bas;248187
Key Down;Gauche;248427
Key Up;Gauche;249379
Key Down;Gauche;249851
Key Up;Gauche;251363
Key Down;Droite;252611
Key Up;Droite;253723
Key Down;Gauche;253755
Key Up;Gauche;256931
Key Down;Bas;264475
Key Up;Bas;265707
Key Down;Gauche;265835
Key Up;Gauche;272882
Key Down;Droite;273299
Key Up;Droite;274434
Key Down;Bas;274843
Key Up;Bas;275386
Key Down;Gauche;275523
Key Up;Gauche;283058
Key Down;Gauche;283563
Key Up;Gauche;285458
Key Down;Droite;285658
Key Down;Left Shift;286179
Key Up;Left Shift;290154
Key Up;Droite;291042
Key Down;Droite;291562
Key Up;Droite;292186
Key Down;Droite;292466
Key Up;Droite;295274
Key Down;Droite;296274
Key Down;Left Shift;302026
Key Up;Left Shift;302434
Key Up;Droite;303154
Key Down;Gauche;303226
Key Up;Gauche;304138
Key Down;Droite;304218
Key Up;Droite;304490
Key Down;Bas;304826
Key Up;Bas;305346
Key Down;Droite;305490
Key Up;Droite;307586
Key Down;Gauche;307658
Key Up;Gauche;307978
Key Down;Droite;308162
Key Up;Droite;309490
Key Down;Bas;309514
Key Up;Bas;310498
Key Down;Droite;310986
Key Up;Droite;316706
Key Down;Droite;318322
Key Down;Left Shift;319130
Key Up;Droite;320930
Key Up;Left Shift;320947
Key Down;Bas;321786
Key Up;Bas;323138
Key Down;Droite;323306
Key Down;Left Shift;323834
Key Up;Left Shift;326642
Key Up;Droite;327434
Key Down;Droite;328018
Key Up;Droite;328658
Key Down;Gauche;329250
Key Up;Gauche;329882
Key Down;Bas;330322
Key Up;Bas;330858
Key Down;Droite;330906
Key Up;Droite;331130
Key Down;Bas;331218
Key Up;Bas;331746
Key Down;Droite;331786
Key Up;Droite;332186
Key Down;Bas;332194
Key Up;Bas;332754
Key Down;Droite;333050
Key Up;Droite;333154
Key Down;Bas;333346
Key Up;Bas;333922
Key Down;Gauche;333994
Key Up;Gauche;334250
Key Down;Gauche;334818
Key Up;Gauche;335314
Key Down;Droite;335394
Key Down;Bas;337050
Key Up;Bas;337506
Key Up;Droite;337514
Key Down;Gauche;337690
Key Up;Gauche;338194
Key Down;Droite;338594
Key Up;Droite;338698
Key Down;Bas;338842
Key Up;Bas;339338
Key Down;Droite;339442
Key Down;Bas;340914
Key Up;Bas;341498
Key Up;Droite;342658
Key Down;Gauche;342722
Key Down;Left Shift;343874
Key Up;Left Shift;353538
Key Up;Gauche;353793
Key Down;Bas;353802
Key Down;Gauche;355001
Key Up;Bas;355025
Key Down;Left Shift;355753
Key Up;Left Shift;359977
Key Up;Gauche;361017
Key Down;Droite;361025
Key Up;Droite;362089
Key Down;Bas;362161
Key Up;Bas;363945
Key Down;Gauche;363993
Key Down;Droite;376033
Key Up;Gauche;376089
Key Up;Droite;377057
Key Down;Bas;377385
Key Up;Bas;377985
Key Down;Gauche;378025
Key Down;Left Shift;384625
Key Up;Left Shift;388649
Key Up;Gauche;390305
Key Down;Gauche;390921
Key Up;Gauche;391401
Key Down;Droite;391457
Key Down;Gauche;392609
Key Up;Droite;392641
Key Down;Left Shift;393993
Key Up;Left Shift;401329
Key Down;Left Shift;402601
Key Up;Left Shift;407001
Key Down;Bas;408377
Key Up;Bas;408561
Key Up;Gauche;419065
Key Down;Gauche;419841
Key Up;Gauche;420673
Key Down;Droite;420817
Key Up;Droite;421865
Key Down;Gauche;421937
Key Up;Gauche;425713
Key Down;Droite;425809
Key Down;Left Shift;426721
Key Up;Left Shift;430216
Key Down;Left Shift;431689
Key Up;Left Shift;433440
Key Down;Bas;434633
Key Up;Bas;434784
Key Down;Left Shift;435425
Key Up;Left Shift;439472
Key Down;Left Shift;441705
Key Up;Left Shift;444592
Key Up;Droite;444936
Key Down;Gauche;444969
Key Up;Gauche;445784
Key Down;Droite;446113
Key Down;Left Shift;447417
Key Up;Left Shift;454104
Key Up;Droite;472208
Key Down;Droite;474304
Key Up;Droite;484680
Key Down;Gauche;485216
Key Up;Gauche;487264
Key Down;Droite;487456
Key Up;Droite;487600
Key Down;Bas;487720
Key Up;Bas;490056
Key Down;Gauche;490544
Key Up;Gauche;493360
Key Down;Gauche;493440
Key Up;Gauche;494320
Key Down;Droite;495304
Key Up;Droite;499200
Key Down;Droite;500480
Key Up;Droite;500656
Key Down;Gauche;500992
Key Up;Gauche;501144
Key Down;Droite;502040
Key Up;Droite;502200
Key Down;Gauche;502768
Key Up;Gauche;502840
Key Down;Left Alt;510808
Key Down;Tab;510904
Key Up;Left Alt;511019
Key Up;Tab;511086
Key Down;L;514088
Key Up;L;514160
Key Down;E;514216
Key Up;E;514280
Key Down;G;514656
Key Up;G;514728
Key Down;I;514768
Key Up;I;514824
Key Down;T;514880
Key Up;T;514936
Key Down;Espace;515008
Key Up;Espace;515064
Key Down;X;515336
Key Up;X;515432
Key Down;Left Shift;515448
Key Down;D;515544
Key Up;Left Shift;515568
Key Down;Entrée;515584
Key Up;D;515648
Key Up;Entrée;515680
Key Down;Gauche;521936
Key Up;Gauche;524728
Key Down;Droite;525104
Key Down;Left Shift;525704
Key Up;Left Shift;529136
Key Up;Droite;529360
Key Down;Gauche;530272
Key Up;Gauche;530488
Key Down;Droite;530752
Key Up;Droite;532088
Key Down;Gauche;532184
Key Up;Gauche;532536
Key Down;Droite;532728
Key Up;Droite;537584
Key Down;Gauche;538096
Key Up;Gauche;541992
Key Down;Haut;542296
Key Up;Haut;543160
Key Down;Gauche;543336
Key Up;Gauche;543456
Key Down;Haut;543736
Key Up;Haut;544063
Key Down;Bas;544248
Key Up;Bas;545848
Key Down;Gauche;546056
Key Down;Left Shift;546624
Key Up;Left Shift;549784
Key Up;Gauche;549895
Key Down;Gauche;550640
Key Up;Gauche;550975
Key Down;Droite;551144
Key Up;Droite;551503
Key Down;Droite;552152
Key Up;Droite;552272
Key Down;Gauche;552568
Key Down;Left Shift;553832
Key Up;Left Shift;561527
Key Up;Gauche;561639
Key Down;Bas;561872
Key Up;Bas;564599
Key Down;Gauche;565024
Key Up;Gauche;566415
Key Down;Droite;567184
Key Up;Droite;567511
Key Down;Droite;569896
Key Up;Droite;570887
Key Down;Gauche;571496
Key Down;Bas;574432
Key Up;Bas;574591
Key Up;Gauche;574679
Key Down;Gauche;574768
Key Up;Gauche;574983
Key Down;Droite;575191
Key Up;Droite;575319
Key Down;Bas;575504
Key Up;Bas;576007
Key Down;Droite;576128
Key Up;Droite;576367
Key Down;Bas;576471
Key Up;Bas;576959
Key Down;Bas;577327
Key Up;Bas;577887
Key Down;Gauche;578063
Key Up;Gauche;578407
Key Down;Droite;578799
Key Up;Droite;579191
Key Down;Gauche;579415
Key Up;Gauche;580223
Key Down;Bas;580271
Key Up;Bas;580807
Key Down;Gauche;580871
Key Up;Gauche;581111
Key Down;Bas;581296
Key Up;Bas;581855
Key Down;Gauche;581919
Key Up;Gauche;582975
Key Down;Bas;583063
Key Up;Bas;583575
Key Down;Gauche;583639
Key Up;Gauche;584391
Key Down;Droite;584583
Key Down;Left Shift;585495
Key Up;Droite;586879
Key Up;Left Shift;586911
Key Down;Gauche;586975
Key Down;Left Shift;588103
Key Up;Left Shift;599999
Key Up;Gauche;600047
Key Down;Gauche;604719
Key Down;Left Shift;604823
Key Down;Bas;611919
Key Up;Bas;612039
Key Down;Bas;612191
Key Up;Bas;612303
Key Down;Bas;612551
Key Up;Bas;612671
Key Up;Gauche;612991
Key Down;Droite;614183
Key Down;Bas;614623
Key Up;Bas;614743
Key Up;Droite;614775
Key Down;Droite;615087
Key Up;Droite;618135
Key Down;Droite;619103
Key Up;Left Shift;620351
Key Down;Left Shift;620503
Key Up;Left Shift;636991
Key Down;Left Shift;637631
Key Up;Left Shift;638487
Key Down;Left Shift;639175
Key Up;Left Shift;640119
Key Down;Gauche;641663
Key Up;Droite;641671
Key Up;Gauche;642095
Key Down;Droite;642111
Key Up;Droite;643503
Key Down;Bas;644183
Key Up;Bas;645599
Key Down;Droite;645775
Key Down;Left Shift;647007
Key Up;Left Shift;649463
Key Up;Droite;649479
Key Down;Bas;649495
Key Up;Bas;650767
Key Down;Droite;650919
Key Up;Droite;654295
Key Down;Bas;654391
Key Up;Bas;656559
Key Down;Droite;656687
Key Up;Droite;657519
Key Down;Bas;657527
Key Up;Bas;658007
Key Down;Bas;658735
Key Up;Bas;661183
Key Down;Gauche;661279
Key Up;Gauche;661495
Key Down;Droite;661703
Key Up;Droite;662303
Key Down;Gauche;662383
Key Up;Gauche;662951
Key Down;Droite;663063
Key Down;Left Shift;663711
Key Up;Left Shift;663879
Key Up;Droite;663919
Key Down;Gauche;663975
Key Up;Gauche;664615
Key Down;Droite;664631
Key Down;Left Shift;664871
Key Up;Left Shift;666479
Key Up;Droite;666511
Key Down;Bas;666895
Key Up;Bas;669391
Key Down;Droite;669543
Key Up;Droite;671623
Key Down;Gauche;671687
Key Up;Gauche;672231
Key Down;Droite;672359
Key Up;Droite;674487
Key Down;Bas;674519
Key Down;Droite;676375
Key Up;Bas;676391
Key Down;Bas;677295
Key Up;Droite;677335
Key Up;Bas;679391
Key Down;Droite;679423
Key Down;Left Shift;684711
Key Up;Left Shift;685687
Key Down;Bas;697391
Key Up;Bas;697663
Key Down;Bas;698767
Key Up;Bas;699319
Key Down;Bas;699983
Key Up;Bas;700551
Key Down;Bas;700855
Key Up;Bas;701415
Key Down;Bas;701679
Key Up;Bas;702199
Key Up;Droite;702263
Key Down;Gauche;702415
Key Up;Gauche;703207
Key Down;Bas;703287
Key Up;Bas;703839
Key Down;Droite;703895
Key Up;Droite;707871
Key Down;Droite;708015
Key Up;Droite;713207
Key Down;Gauche;713263
Key Down;Left Shift;713711
Key Up;Left Shift;717071
Key Down;Left Shift;720095
Key Up;Left Shift;723879
Key Down;Left Shift;725943
Key Up;Left Shift;727767
Key Down;Left Shift;730071
Key Up;Left Shift;731319
Key Up;Gauche;733671
Key Down;Droite;733703
Key Up;Droite;734231
Key Down;Gauche;736103
Key Up;Gauche;740039
Key Down;Gauche;741631
Key Down;Left Shift;743567
Key Up;Left Shift;746351
Key Up;Gauche;746526
Key Down;Gauche;747231
Key Up;Gauche;748406
Key Down;Droite;749375
Key Down;Left Shift;750591
Key Up;Left Shift;753910
Key Up;Droite;753942
Key Down;Droite;754815
Key Up;Droite;755310
Key Down;Gauche;756583
Key Up;Gauche;756742
Key Down;Droite;756999
Key Up;Droite;757366
Key Down;Gauche;757663
Key Up;Gauche;757830
Key Down;Droite;758239
Key Up;Droite;758446
Key Down;Droite;759327
Key Up;Droite;759822
Key Down;Droite;768535
Key Down;Left Shift;780119
Key Up;Left Shift;783670
Key Up;Droite;787846
Key Down;Droite;788439
Key Up;Droite;789214
Key Down;Bas;789327
Key Up;Bas;789550
Key Down;Bas;790023
Key Up;Bas;790590
Key Down;Droite;790735
Key Up;Droite;791006
Key Down;Bas;791135
Key Up;Bas;791702
Key Down;Droite;791727
Key Down;Bas;791983
Key Up;Droite;792006
Key Down;Droite;792535
Key Up;Bas;792550
Key Up;Droite;792694
Key Down;Droite;792935
Key Up;Droite;793126
Key Down;Gauche;793239
Key Up;Gauche;793662
Key Down;Droite;793751
Key Up;Droite;794678
Key Down;Bas;794743
Key Up;Bas;795246
Key Down;Droite;795311
Key Down;Bas;795767
Key Up;Droite;795830
Key Up;Bas;796318
Key Down;Droite;796391
Key Down;Left Shift;799102
Key Up;Droite;802910
Key Up;Left Shift;802950
Key Down;Bas;803911
Key Up;Bas;805486
Key Down;Droite;806495
Key Down;Left Shift;808719
Key Up;Left Shift;819742
Key Down;Left Shift;826598
Key Up;Left Shift;830982
Key Down;Bas;839583
Key Up;Bas;839702
Key Down;Bas;840167
Key Up;Bas;840262
Key Down;Bas;840735
Key Up;Bas;840862
Key Up;Droite;841174
Key Down;Gauche;841199
Key Down;Left Shift;863110
Key Up;Left Shift;866974
Key Down;Left Shift;882534
Key Down;Droite;885854
Key Up;Droite;885902
Key Down;Droite;886190
Key Up;Droite;886238
Key Up;Gauche;886518
Key Down;Gauche;886726
Key Up;Left Shift;886886
Key Down;Left Shift;887182
Key Up;Left Shift;888518
Key Down;Left Shift;889126
Key Up;Left Shift;890710
Key Down;Left Shift;891198
Key Up;Left Shift;898006
Key Up;Gauche;904758
Key Down;Droite;904870
Key Up;Droite;905326
Key Down;Gauche;905702
Key Up;Gauche;911294
Key Down;Droite;911430
Key Up;Droite;911790
Key Down;Gauche;912022
Key Up;Gauche;913870
Key Down;Droite;914150
Key Up;Droite;914238
Key Down;Bas;914390
Key Up;Bas;915126
Key Down;Gauche;915134
Key Up;Gauche;917302
Key Down;Droite;917678
Key Up;Droite;917846
Key Down;Gauche;918550
Key Up;Gauche;919822
Key Down;Bas;920182
Key Up;Bas;920238
Key Down;Bas;920350
Key Up;Bas;920406
Key Down;Bas;920518
Key Up;Bas;920558
Key Down;Bas;920678
Key Up;Bas;920718
Key Down;Bas;920838
Key Up;Bas;920878
Key Down;Bas;920990
Key Up;Bas;921038
Key Down;Bas;921142
Key Up;Bas;921190
Key Down;Bas;921302
Key Up;Bas;921342
Key Down;Bas;921454
Key Up;Bas;921494
Key Down;Bas;921614
Key Up;Bas;921654
Key Down;Bas;921782
Key Up;Bas;921806
Key Down;Bas;921958
Key Up;Bas;921998
Key Down;Gauche;923262
Key Up;Gauche;923598
Key Down;Droite;923710
Key Up;Droite;923942
Key Down;Gauche;924454
Key Up;Gauche;924974
Key Down;Droite;925254
Key Up;Droite;925758
Key Down;Gauche;926966
Key Up;Gauche;935310
Key Down;Droite;935399
Key Up;Droite;935646
Key Down;Gauche;935854
Key Up;Gauche;936526
Key Down;Droite;936750
Key Up;Droite;937462
Key Down;Gauche;937918
Key Down;Left Shift;938590
Key Up;Left Shift;940238
Key Down;Bas;942046
Key Up;Gauche;942054
Key Up;Bas;943870
Key Down;Gauche;944070
Key Up;Gauche;954822
Key Down;Droite;955550
Key Down;Left Shift;956199
Key Up;Left Shift;960382
Key Down;Left Shift;962950
Key Up;Left Shift;964118
Key Up;Droite;964294
Key Down;Gauche;969423
Key Up;Gauche;971262
Key Down;Gauche;973454
Key Up;Gauche;973750
Key Down;Droite;977726
Key Down;Left Shift;978702
Key Up;Left Shift;981422
Key Up;Droite;981542
Key Down;Gauche;982454
Key Up;Gauche;982686
Key Down;Gauche;987166
Key Down;Left Shift;989886
Key Up;Left Shift;991486
Key Down;Bas;991550
Key Up;Bas;991630
Key Up;Gauche;992022
Key Down;Droite;992382
Key Up;Droite;992758
Key Down;Bas;993566
Key Up;Bas;993654
Key Down;Droite;994646
Key Up;Droite;994990
Key Down;Gauche;995518
Key Up;Gauche;995814
Key Down;Droite;996310
Key Down;Left Shift;997214
Key Up;Droite;1002374
Key Up;Left Shift;1002446
Key Down;Bas;1003278
Key Up;Bas;1004230
Key Down;Droite;1004822
Key Up;Droite;1008118
Key Down;Droite;1008558
Key Up;Droite;1011694
Key Down;Droite;1012566
Key Up;Droite;1012838
Key Down;Gauche;1013014
Key Down;Left Shift;1013534
Key Up;Left Shift;1016670
Key Up;Gauche;1016766
Key Down;Bas;1017078
Key Up;Bas;1018222
Key Down;Droite;1018502
Key Down;Left Shift;1019462
Key Up;Droite;1020574
Key Up;Left Shift;1020662
Key Down;Droite;1021102
Key Up;Droite;1021494
Key Down;Gauche;1021598
Key Up;Gauche;1022070
Key Down;Droite;1022190
Key Down;Left Shift;1024678
Key Up;Left Shift;1034286
Key Down;Left Shift;1034503
Key Up;Left Shift;1043214
Key Down;Left Shift;1046590
Key Up;Left Shift;1050958
Key Down;Left Shift;1059078
Key Up;Left Shift;1064102
Key Down;Bas;1068718
Key Up;Bas;1068822
Key Down;Bas;1070430
Key Up;Bas;1070566
Key Down;Bas;1072046
Key Up;Bas;1072190
Key Up;Droite;1072254
Key Down;Left Alt;1097550
Key Down;Tab;1097638
Key Up;Left Alt;1097700
Key Up;Tab;1097733
Key Down;V;1125431
Key Down;L;1125551
Key Up;V;1125646
Key Up;L;1125790
Key Down;C;1125903
Key Up;C;1125982
Key Down;H;1146423
Key Up;H;1146558
Key Down;L;1146639
Key Up;L;1146702
Key Down;O;1146823
Key Up;O;1146886
Key Down;Retour arrière;1147199
Key Up;Retour arrière;1147254
Key Down;Retour arrière;1147343
Key Up;Retour arrière;1147406
Key Down;O;1148143
Key Up;O;1148206
Key Down;L;1148295
Key Up;L;1148358
Key Down;Q;1148575
Key Up;Q;1148670
Key Down;Entrée;1148711
Key Up;Entrée;1148774
Key Down;Gauche;1152271
Key Down;Left Shift;1157031
Key Up;Gauche;1163622
Key Up;Left Shift;1164126
Key Down;Gauche;1184623
Key Down;Left Shift;1186167
Key Up;Left Shift;1197158
Key Up;Gauche;1205366
Key Down;Gauche;1210039
Key Up;Gauche;1217870
Key Down;Droite;1218863
Key Up;Droite;1219686
Key Down;Gauche;1219743
Key Down;Left Shift;1222407
Key Up;Left Shift;1229326
Key Down;Left Shift;1235615
Key Up;Left Shift;1236447
Key Up;Gauche;1239502
Key Down;Gauche;1240183
Key Up;Gauche;1240462
Key Down;Droite;1241079
Key Up;Droite;1244182
Key Down;Gauche;1257111
Key Up;Gauche;1257438
Key Down;Droite;1257607
Key Up;Droite;1261062
Key Down;Droite;1262359
Key Up;Droite;1262782
Key Down;Bas;1263663
Key Up;Bas;1266454
Key Down;Droite;1267055
Key Up;Droite;1268190
Key Down;Gauche;1269695
Key Up;Gauche;1270958
Key Down;Droite;1271439
Key Down;Bas;1274023
Key Up;Bas;1274807
Key Up;Droite;1277543
Key Down;Gauche;1277687
Key Up;Gauche;1279430
Key Down;Droite;1279623
Key Up;Droite;1279751
Key Down;D;1327615
Key Down;Left Shift;1328711
Key Down;Bas;1335263
Key Up;Bas;1335367
Key Up;Left Shift;1341423
Key Up;D;1343199
Key Down;D;1344071
Key Down;Left Shift;1347127
Key Down;Bas;1354336
Key Up;Bas;1354463
Key Down;Bas;1356383
Key Up;Bas;1356479
Key Up;Left Shift;1356831
Key Up;D;1360975
Key Down;D;1361655
Key Down;Left Shift;1363431
Key Up;Left Shift;1366175
Key Up;D;1366551
Key Down;A;1366647
Key Up;A;1367535
Key Down;A;1367695
Key Up;A;1368271
Key Down;Gauche;1370047
Key Down;Left Shift;1370543
Key Up;Left Shift;1371359
Key Down;Left Shift;1377255
Key Up;Left Shift;1385703
Key Up;Gauche;1385839
Key Down;A;1415471
Key Up;A;1415823
Key Down;Gauche;1415895
Key Down;Left Shift;1416351
Key Up;Left Shift;1417927
Key Down;Left Shift;1434231
Key Up;Left Shift;1434287
Key Down;Left Shift;1435687
Key Up;Left Shift;1438799
Key Up;Gauche;1440655
Key Down;Gauche;1441375
Key Up;Gauche;1442887
Key Down;Gauche;1443527
Key Up;Gauche;1451135
Key Down;Droite;1451303
Key Up;Droite;1452479
Key Down;Bas;1452551
Key Up;Bas;1452623
Key Down;Bas;1452719
Key Up;Bas;1452783
Key Down;Bas;1452863
Key Up;Bas;1452919
Key Down;Bas;1453007
Key Up;Bas;1453055
Key Down;Gauche;1453759
Key Up;Gauche;1461815
Key Down;Droite;1461871
Key Up;Droite;1462503
Key Down;Gauche;1462639
Key Down;Left Shift;1463551
Key Up;Left Shift;1464615
Key Down;Left Shift;1466311
Key Up;Left Shift;1468751
Key Up;Gauche;1470063
Key Down;Droite;1471663
Key Up;Droite;1471759
Key Down;Gauche;1471831
Key Up;Gauche;1474063
Key Down;Gauche;1475767
Key Up;Gauche;1476095
Key Down;Droite;1476655
Key Up;Droite;1476975
Key Down;Gauche;1477015
Key Up;Gauche;1478863
Key Down;Droite;1478871
Key Down;Left Shift;1479679
Key Up;Left Shift;1481151
Key Up;Droite;1481279
Key Down;Droite;1484071
Key Down;Left Shift;1498863
Key Up;Left Shift;1500399
Key Up;Droite;1500519
Key Down;Droite;1501911
Key Up;Droite;1502903
Key Down;Gauche;1503767
Key Up;Gauche;1504591
Key Down;Bas;1504679
Key Up;Bas;1506135
Key Down;Bas;1506247
Key Up;Bas;1507351
Key Down;Left Alt;1508943
Key Down;Tab;1509015
Key Up;Left Alt;1509132
Key Up;Tab;1509262
Key Down;Droite;1516231
Key Up;Droite;1517810
Key Down;Gauche;1518711
Key Up;Gauche;1519351
Key Down;Echap;1526279
Key Up;Echap;1526343
Key Down;Bas;1527551
Key Up;Bas;1527615
Key Down;Bas;1527695
Key Up;Bas;1527759
Key Down;Bas;1527831
Key Up;Bas;1527879
Key Down;Bas;1527967
Key Up;Bas;1528023
Key Down;Bas;1528104
Key Up;Bas;1528167
Key Down;Entrée;1528831
Key Up;Entrée;1528895
