Event;Key;Time
Key Down;W;5318
Key Up;W;5471
Key Down;T;5846
Key Down;X;6438
Key Up;X;6526
Key Down;X;6614
Key Down;F;7166
Key Up;T;7254
Key Up;X;7494
Key Down;T;7526
Key Up;F;8038
Key Down;S;8246
Key Up;S;8534
Key Up;T;10934
Key Down;Right Shift;11110
Key Down;Barre oblique;11230
Key Up;Barre oblique;11334
Key Up;Right Shift;11382
Key Down;T;12334
Key Up;T;12398
Key Down;I;12422
Key Down;M;12510
Key Up;I;12542
Key Up;M;12590
Key Down;E;12622
Key Up;E;12694
Key Down;Espace;13054
Key Up;Espace;13110
Key Down;Bas;14391
Key Up;Bas;14439
Key Down;Bas;14551
Key Up;Bas;14583
Key Down;Tab;14783
Key Up;Tab;14863
Key Down;Espace;15110
Key Up;Espace;15198
Key Down;Tab;15766
Key Up;Tab;15846
Key Down;Entrée;16070
Key Up;Entrée;16134
Key Down;T;16782
Key Down;F;19551
Key Up;F;20326
Key Down;Espace;20558
Key Up;T;20862
Key Up;Espace;21430
Key Down;H;21454
Key Down;T;21542
Key Up;H;21598
Key Up;T;21622
Key Down;X;22150
Key Up;X;22607
Key Down;Espace;22959
Key Up;Espace;23455
Key Down;X;24023
Key Up;X;24559
Key Down;H;24838
Key Up;H;24982
Key Down;F;26863
Key Up;F;27071
Key Down;H;27591
Key Up;H;27879
Key Down;H;29854
Key Up;H;29959
Key Down;F;31055
Key Down;X;31239
Key Down;T;31287
Key Up;X;31455
Key Up;F;31615
Key Up;T;31703
Key Down;H;32431
Key Down;T;32527
Key Up;T;32927
Key Up;H;33015
Key Down;Espace;33159
Key Down;T;33359
Key Up;Espace;33383
Key Up;T;33503
Key Down;H;33951
Key Up;H;34063
Key Down;F;34615
Key Up;F;34727
Key Down;H;35815
Key Up;H;35935
Key Down;H;36471
Key Up;H;36591
Key Down;F;36895
Key Up;F;37231
Key Down;Espace;37495
Key Up;Espace;37638
Key Down;T;37806
Key Up;T;37943
Key Down;F;38031
Key Up;F;38127
Key Down;Espace;38279
Key Up;Espace;38375
Key Down;T;38623
Key Up;T;38727
Key Down;H;38823
Key Up;H;39007
Key Down;H;39743
Key Up;H;39831
Key Down;F;40543
Key Up;F;40895
Key Down;T;41111
Key Up;T;41279
Key Down;F;41559
Key Down;T;41599
Key Up;T;41831
Key Up;F;41855
Key Down;H;42207
Key Down;T;42439
Key Up;H;42631
Key Up;T;42639
Key Down;F;42703
Key Up;F;42999
Key Down;H;43839
Key Down;T;43951
Key Up;T;44367
Key Up;H;44463
Key Down;H;44583
Key Down;T;44751
Key Up;H;44799
Key Up;T;44895
Key Down;T;45327
Key Down;F;45383
Key Down;Espace;45695
Key Up;T;45783
Key Up;F;45791
Key Up;Espace;45863
Key Down;H;46712
Key Down;T;46776
Key Up;T;47208
Key Up;H;47303
Key Down;X;47416
Key Up;X;47727
Key Down;F;48487
Key Down;T;49223
Key Up;F;49663
Key Up;T;49711
Key Down;T;51160
Key Down;H;51168
Key Up;H;51416
Key Up;T;51440
Key Down;F;52663
Key Up;F;52767
Key Down;H;52967
Key Down;T;53103
Key Up;T;53423
Key Up;H;53455
Key Down;F;54935
Key Up;F;55311
Key Down;H;55455
Key Down;T;55479
Key Up;H;55576
Key Up;T;55624
Key Down;X;55776
Key Up;X;56280
Key Down;T;56384
Key Up;T;56528
Key Down;H;57320
Key Up;H;57639
Key Down;Espace;58119
Key Up;Espace;58911
Key Down;Espace;59711
Key Down;F;62263
Key Up;Espace;62271
Key Down;T;62400
Key Up;F;62703
Key Up;T;62887
Key Down;F;62999
Key Down;T;63103
Key Up;F;63175
Key Up;T;63231
Key Down;X;64359
Key Up;X;64456
Key Down;X;64552
Key Down;T;64688
Key Down;H;64704
Key Up;X;64768
Key Up;T;65232
Key Up;H;65336
Key Down;F;65464
Key Up;F;65616
Key Down;T;66416
Key Down;F;66440
Key Up;T;66624
Key Up;F;66632
Key Down;Espace;67871
Key Up;Espace;67951
Key Down;X;68207
Key Up;X;68447
Key Down;T;68671
Key Up;T;68751
Key Down;Espace;68759
Key Up;Espace;68856
Key Down;T;69152
Key Up;T;69224
Key Down;X;69672
Key Up;X;70088
Key Down;H;70624
Key Down;Espace;70640
Key Up;Espace;70848
Key Up;H;70872
Key Down;F;71176
Key Up;F;71248
Key Down;Espace;71312
Key Up;Espace;71472
Key Down;Espace;72304
Key Up;Espace;72439
Key Down;H;72680
Key Up;H;72888
Key Down;F;73480
Key Up;F;73687
Key Down;F;74503
Key Up;F;74591
Key Down;X;74976
Key Up;X;75400
Key Down;H;75504
Key Up;H;75624
Key Down;H;76144
Key Up;H;76320
Key Down;Espace;76344
Key Up;Espace;76720
Key Down;F;76896
Key Up;F;77040
Key Down;T;78008
Key Up;T;78256
Key Down;F;78608
Key Up;F;78752
Key Down;T;80856
Key Down;H;80904
Key Up;T;80976
Key Up;H;80984
Key Down;T;81400
Key Up;T;81464
Key Down;F;82096
Key Up;F;82168
Key Down;Espace;82336
Key Up;Espace;82440
Key Down;F;82720
Key Up;F;82856
Key Down;G;82984
Key Up;G;83144
Key Down;H;84432
Key Up;H;84776
Key Down;H;85432
Key Up;H;85528
Key Down;Espace;86496
Key Up;Espace;86656
Key Down;F;87241
Key Down;X;87385
Key Up;F;87401
Key Up;X;87785
Key Down;F;89512
Key Up;F;89872
Key Down;H;90120
Key Up;H;90240
Key Down;H;90456
Key Up;H;90752
Key Down;F;91320
Key Up;F;91601
Key Down;T;92089
Key Up;T;92169
Key Down;F;92648
Key Down;Espace;93360
Key Up;Espace;93744
Key Down;T;93752
Key Up;T;94800
Key Up;F;95104
Key Down;H;95472
Key Down;T;95720
Key Up;H;95968
Key Down;H;96073
Key Up;H;96649
Key Down;H;96977
Key Up;H;97169
Key Down;F;97209
Key Up;T;97353
Key Up;F;97385
Key Down;X;98592
Key Up;X;99152
Key Down;Espace;99584
Key Up;Espace;99888
Key Down;H;100048
Key Up;H;100200
Key Down;F;100368
Key Up;F;100457
Key Down;H;100785
Key Down;G;100857
Key Up;H;100977
Key Up;G;100985
Key Down;T;101641
Key Up;T;101817
Key Down;H;102249
Key Down;G;102257
Key Up;H;102409
Key Up;G;102417
Key Down;G;102656
Key Up;G;102832
Key Down;F;103568
Key Down;T;104184
Key Up;F;104240
Key Up;T;104312
Key Down;T;104696
Key Up;T;104961
Key Down;H;105473
Key Down;T;105633
Key Up;T;105833
Key Up;H;105905
Key Down;F;107121
Key Up;F;107816
Key Down;Espace;107904
Key Up;Espace;108112
Key Down;T;108120
Key Up;T;108288
Key Down;T;108664
Key Down;X;108736
Key Up;T;108808
Key Up;X;109009
Key Down;T;109361
Key Down;H;109777
Key Up;T;109809
Key Up;H;109929
Key Down;T;110185
Key Down;X;110441
Key Up;X;111001
Key Down;S;111648
Key Up;S;111896
Key Up;T;112488
Key Down;Espace;112689
Key Down;T;113033
Key Up;Espace;113145
Key Down;F;113673
Key Down;Espace;114217
Key Up;F;114233
Key Down;H;114481
Key Up;T;114505
Key Up;H;114673
Key Up;Espace;115745
Key Down;X;115913
Key Down;F;116625
Key Down;T;116857
Key Up;X;117489
Key Up;F;117752
Key Up;T;117936
Key Down;T;118665
Key Up;T;119617
Key Down;H;119833
Key Down;T;120129
Key Up;H;120657
Key Down;F;121353
Key Up;F;121641
Key Down;Espace;122177
Key Up;T;122201
Key Up;Espace;122744
Key Down;F;123153
Key Up;F;123297
Key Down;X;124065
Key Up;X;124553
Key Down;F;125153
Key Down;T;125441
Key Up;T;125817
Key Up;F;125937
Key Down;Espace;125945
Key Up;Espace;126249
Key Down;T;126273
Key Up;T;126433
Key Down;G;126777
Key Up;G;126953
Key Down;F;127113
Key Up;F;127202
Key Down;X;127210
Key Down;T;127698
Key Up;X;127713
Key Up;T;127761
Key Down;T;128417
Key Up;T;128561
Key Down;T;129217
Key Up;T;129361
Key Down;H;129369
Key Up;H;129409
Key Down;G;129881
Key Up;G;130169
Key Down;G;130601
Key Down;H;130649
Key Up;G;130785
Key Up;H;130793
Key Down;F;131738
Key Down;T;132042
Key Up;T;132258
Key Up;F;132274
Key Down;H;132969
Key Up;H;133401
Key Down;F;134905
Key Down;T;135097
Key Up;F;135313
Key Up;T;135345
Key Down;H;135833
Key Up;H;136170
Key Down;T;136722
Key Up;T;136842
Key Down;Espace;137106
Key Down;G;137513
Key Up;G;137841
Key Down;F;137849
Key Up;F;138105
Key Down;T;138361
Key Up;T;138601
Key Down;H;138785
Key Down;T;138889
Key Up;Espace;139161
Key Up;T;140081
Key Up;H;140129
Key Down;F;140193
Key Down;T;140634
Key Up;F;140682
Key Up;T;140754
Key Down;W;144298
Key Up;W;144434
Key Down;W;145626
Key Up;W;145769
Key Down;T;145985
Key Down;F;146169
Key Up;T;146209
Key Down;T;146609
Key Up;F;146865
Key Down;H;146897
Key Up;T;146969
Key Down;T;148490
Key Up;H;148898
Key Down;F;148954
Key Up;T;149042
Key Down;T;149969
Key Up;F;150313
Key Up;T;150666
Key Down;H;150674
Key Up;H;151410
Key Down;X;151658
Key Up;X;151738
Key Down;X;151834
Key Down;T;152178
Key Up;T;152402
Key Up;X;152514
Key Down;T;152842
Key Down;H;152954
Key Up;T;153058
Key Up;H;153241
Key Down;F;153537
Key Up;F;153897
Key Down;Espace;153913
Key Down;T;154289
Key Up;Espace;154321
Key Up;T;154449
Key Down;F;154770
Key Up;F;155074
Key Down;Espace;155082
Key Down;T;155386
Key Up;T;155498
Key Down;T;155810
Key Up;T;155978
Key Down;T;156306
Key Up;T;157298
Key Down;G;158162
Key Up;Espace;158242
Key Up;G;158585
Key Down;F;160154
Key Down;X;160194
Key Up;X;160506
Key Down;X;160610
Key Up;X;161018
Key Up;F;161114
Key Down;X;161474
Key Up;X;161578
Key Down;X;161674
Key Up;X;161930
Key Down;F;162146
Key Down;T;162258
Key Up;T;162706
Key Up;F;162714
Key Down;T;163218
Key Up;T;163250
Key Down;X;163441
Key Down;T;164058
Key Up;X;164258
Key Down;F;164266
Key Up;T;164338
Key Up;F;164602
Key Down;F;164954
Key Down;Espace;165290
Key Up;F;165378
Key Up;Espace;165754
Key Down;G;165834
Key Down;H;165866
Key Up;H;165962
Key Up;G;165986
Key Down;G;166226
Key Up;G;166402
Key Down;F;166970
Key Down;T;167578
Key Up;F;167658
Key Up;T;167746
Key Down;H;168195
Key Down;T;168354
Key Up;T;168650
Key Up;H;168778
Key Down;F;169826
Key Up;F;169914
Key Down;G;170090
Key Up;G;170242
Key Down;F;170458
Key Up;F;170954
Key Down;H;171042
Key Down;T;171146
Key Up;T;171402
Key Up;H;171794
Key Down;G;172731
Key Down;H;173043
Key Up;G;173162
Key Up;H;173178
Key Down;F;173890
Key Down;T;174018
Key Up;F;174514
Key Up;T;174546
Key Down;H;175018
Key Down;T;175314
Key Up;T;175610
Key Up;H;175690
Key Down;F;176907
Key Down;T;177235
Key Up;F;177315
Key Up;T;177355
Key Down;T;177683
Key Up;T;177763
Key Down;H;177811
Key Down;T;178066
Key Up;H;178082
Key Up;T;178130
Key Down;Espace;178195
Key Down;T;178834
Key Up;T;178970
Key Down;T;179474
Key Up;T;179570
Key Down;T;180042
Key Up;Espace;180546
Key Up;T;180586
Key Down;F;181058
Key Down;T;181250
Key Up;F;181562
Key Up;T;182338
Key Down;G;183338
Key Up;G;183426
Key Down;F;185091
Key Up;F;185427
Key Down;T;186875
Key Up;T;187067
Key Down;T;187659
Key Up;T;187978
Key Down;H;189275
Key Down;T;189394
Key Up;T;189546
Key Up;H;189707
Key Down;T;191715
Key Up;T;191859
Key Down;X;192922
Key Up;X;193018
Key Down;X;193114
Key Down;F;193618
Key Down;T;194042
Key Up;X;194747
Key Up;T;195107
Key Down;T;196163
Key Up;F;196339
Key Up;T;196387
Key Down;F;197083
Key Down;T;197139
Key Up;F;197954
Key Down;F;198795
Key Up;F;199187
Key Down;Espace;199459
Key Up;T;199923
Key Down;F;200291
Key Up;Espace;200523
Key Up;F;200675
Key Down;G;200979
Key Down;H;201011
Key Up;H;201299
Key Up;G;201403
Key Down;F;201795
Key Down;X;201803
Key Down;T;202011
Key Up;X;202091
Key Up;F;202243
Key Up;T;202339
Key Down;H;202483
Key Up;H;202690
Key Down;F;203275
Key Down;T;203403
Key Up;F;203627
Key Up;T;203635
Key Down;H;203891
Key Down;T;204427
Key Up;T;204563
Key Up;H;204571
Key Down;F;205955
Key Up;F;206107
Key Down;F;206467
Key Down;T;206795
Key Up;F;207291
Key Down;H;207771
Key Up;T;207931
Key Up;H;207947
Key Down;H;208299
Key Down;G;208419
Key Up;G;208539
Key Down;T;208851
Key Up;T;209107
Key Down;Espace;209403
Key Up;H;209435
Key Down;F;209611
Key Up;Espace;209659
Key Down;T;209667
Key Up;T;209739
Key Up;F;209763
Key Down;G;210035
Key Down;H;210195
Key Up;G;210299
Key Up;H;210315
Key Down;X;210875
Key Down;F;210955
Key Down;T;211131
Key Up;X;211227
Key Up;F;211283
Key Up;T;211387
Key Down;H;211747
Key Up;H;212212
Key Down;H;213515
Key Down;T;213643
Key Up;T;213771
Key Up;H;213835
Key Down;Espace;214475
Key Down;F;214483
Key Up;F;214651
Key Up;Espace;214691
Key Down;G;214955
Key Down;H;214963
Key Up;H;215211
Key Up;G;215283
Key Down;F;216115
Key Up;F;216356
Key Down;T;216420
Key Up;T;216572
Key Down;H;216956
Key Up;H;217275
Key Down;X;218523
Key Down;F;218675
Key Down;T;218827
Key Up;X;220115
Key Up;T;220323
Key Up;F;220339
Key Down;T;226884
Key Down;H;226940
Key Up;T;228124
Key Up;H;228420
Key Down;F;228828
Key Down;T;228956
Key Up;F;229556
Key Down;H;230244
Key Up;T;230852
Key Up;H;230916
Key Down;T;231212
Key Down;H;231324
Key Up;H;231539
Key Down;F;231563
Key Down;Espace;231795
Key Up;F;232331
Key Up;T;232419
Key Up;Espace;233292
Key Down;H;233468
Key Up;H;233684
Key Down;F;234020
Key Up;F;234116
Key Down;Espace;234156
Key Up;Espace;234332
Key Down;G;234548
Key Up;G;235028
Key Down;F;235788
Key Down;T;235908
Key Up;F;236084
Key Up;T;236187
Key Down;G;236523
Key Down;H;236643
Key Up;G;236891
Key Up;H;236955
Key Down;H;238124
Key Up;H;238268
Key Down;T;238796
Key Up;T;238900
Key Down;H;239396
Key Down;G;239436
Key Up;H;239548
Key Up;G;239868
Key Down;G;240204
Key Up;G;240356
Key Down;H;241012
Key Down;T;241076
Key Up;H;241411
Key Up;T;241483
Key Down;F;242316
Key Up;F;242444
Key Down;H;242708
Key Up;H;242964
Key Down;F;243188
Key Up;F;244076
Key Down;H;244876
Key Down;T;244948
Key Up;T;245084
Key Up;H;245108
Key Down;T;245428
Key Up;T;245564
Key Down;Espace;245644
Key Down;T;246227
Key Up;Espace;246452
Key Up;T;246516
Key Down;H;247500
Key Up;H;247644
Key Down;T;249660
Key Up;T;249772
Key Down;G;251740
Key Up;G;251876
Key Down;F;251940
Key Up;F;252028
Key Down;T;252204
Key Up;T;252316
Key Down;G;252772
Key Down;H;252788
Key Up;G;252812
Key Up;H;252908
Key Down;Espace;252948
Key Down;F;253684
Key Up;Espace;253716
Key Up;F;254276
Key Down;F;254780
Key Up;F;255044
Key Down;G;255076
Key Down;F;255309
Key Up;G;255341
Key Up;F;255477
Key Down;F;255701
Key Up;F;255757
Key Down;T;255813
Key Down;F;256764
Key Up;F;257084
Key Down;F;257324
Key Up;F;257468
Key Up;T;257492
Key Down;G;257708
Key Down;H;257716
Key Up;H;257972
Key Up;G;258012
Key Down;T;258180
Key Down;F;258220
Key Up;F;258420
Key Down;F;258652
Key Up;T;259068
Key Up;F;259316
Key Down;F;259476
Key Down;T;259660
Key Up;F;260060
Key Down;F;261468
Key Up;F;261684
Key Up;T;262245
Key Down;G;262461
Key Up;G;262605
Key Down;F;262757
Key Down;T;262877
Key Up;F;262949
Key Up;T;263109
Key Down;G;263269
Key Down;H;263788
Key Up;G;263876
Key Up;H;263900
Key Down;T;264397
Key Down;X;264413
Key Down;F;264597
Key Up;X;264677
Key Up;F;264749
Key Up;T;264885
Key Down;T;265605
Key Down;H;265733
Key Up;T;265812
Key Up;H;266196
Key Down;H;266348
Key Up;H;266564
Key Down;H;267148
Key Up;H;267188
Key Down;T;268076
Key Up;T;268429
Key Down;F;268469
Key Up;F;268557
Key Down;F;268757
Key Up;F;268989
Key Down;F;269125
Key Up;F;269285
Key Down;F;269461
Key Up;F;269645
Key Down;F;269925
Key Down;T;269949
Key Up;F;270053
Key Up;T;270332
Key Down;F;270732
Key Up;F;270884
Key Down;T;271004
Key Up;T;271444
Key Down;F;271716
Key Down;T;271732
Key Up;F;271884
Key Up;T;271916
Key Down;F;272076
Key Down;T;272100
Key Up;F;272340
Key Up;T;272372
Key Down;T;273261
Key Down;H;273269
Key Up;H;273621
Key Up;T;273629
Key Down;T;274109
Key Up;T;274517
Key Down;T;275468
Key Down;H;275644
Key Up;T;275740
Key Down;T;275916
Key Up;H;276421
Key Up;T;276629
Key Down;T;277437
Key Down;F;277701
Key Up;F;277885
Key Down;F;278125
Key Up;F;278253
Key Up;T;278453
Key Down;X;279013
Key Up;X;279245
Key Down;T;280036
Key Up;T;280372
Key Down;T;280813
Key Up;T;280965
Key Down;T;281309
Key Up;T;281485
Key Down;F;282541
Key Down;T;282613
Key Up;F;282725
Key Up;T;282741
Key Down;X;283309
Key Up;X;283477
Key Down;T;283581
Key Up;T;283789
Key Down;T;284053
Key Up;T;284253
Key Down;F;284588
Key Up;F;284788
Key Down;T;285109
Key Up;T;285357
Key Down;T;285773
Key Up;T;285941
Key Down;F;286285
Key Up;F;286405
Key Down;F;286661
Key Up;F;286797
Key Down;T;287309
Key Down;H;287437
Key Up;H;287581
Key Up;T;287613
Key Down;T;287965
Key Up;T;288085
Key Down;H;289045
Key Down;T;289141
Key Up;T;289189
Key Up;H;289197
Key Down;H;289989
Key Up;H;290117
Key Down;H;290653
Key Up;H;290773
Key Down;T;291677
Key Up;T;291885
Key Down;T;293005
Key Up;T;293117
Key Down;T;293525
Key Up;T;293685
Key Down;T;293973
Key Up;T;294109
Key Down;X;294589
Key Up;X;294773
Key Down;F;295165
Key Up;F;295277
Key Down;F;295445
Key Up;F;295613
Key Down;T;295909
Key Up;T;295965
Key Down;H;296645
Key Up;H;296734
Key Down;H;297110
Key Up;H;297229
Key Down;T;297653
Key Down;H;297677
Key Up;T;297741
Key Up;H;297757
Key Down;T;298101
Key Up;T;298221
Key Down;F;298613
Key Down;T;298661
Key Up;T;298813
Key Up;F;298837
Key Down;T;299301
Key Up;T;299453
Key Down;T;299741
Key Up;T;299806
Key Down;H;299814
Key Up;H;300134
Key Down;X;301222
Key Down;F;301334
Key Up;F;301406
Key Up;X;301438
Key Down;X;302038
Key Up;X;302214
Key Down;F;305734
Key Up;F;305958
Key Down;T;309830
Key Down;H;310326
Key Up;H;310558
Key Down;H;310782
Key Up;T;310910
Key Up;H;311038
Key Down;T;311349
Key Down;X;311469
Key Up;X;311677
Key Up;T;312197
Key Down;T;312669
Key Up;T;312805
Key Down;T;316182
Key Up;T;316701
Key Down;T;316901
Key Up;T;317069
Key Down;T;318038
Key Down;H;318358
Key Up;T;318438
Key Up;H;318550
Key Down;T;318798
Key Down;H;318950
Key Up;T;319078
Key Up;H;319190
Key Down;H;319374
Key Up;H;319510
Key Down;H;319806
Key Down;T;319846
Key Up;T;320030
Key Up;H;320038
Key Down;H;320454
Key Down;T;320534
Key Up;H;320590
Key Up;T;320598
Key Down;F;320638
Key Down;T;320814
Key Down;X;320950
Key Up;X;321325
Key Up;F;322149
Key Up;T;322173
Key Down;G;322926
Key Down;H;323078
Key Up;G;323198
Key Up;H;323350
Key Down;G;323598
Key Up;G;323814
Key Down;H;324022
Key Down;G;324406
Key Up;H;324438
Key Down;H;324702
Key Up;G;324774
Key Down;T;324998
Key Up;H;325070
Key Up;T;325078
Key Down;H;325270
Key Down;G;325302
Key Up;H;325494
Key Up;G;326142
Key Down;T;326341
Key Down;X;326485
Key Down;F;326597
Key Up;X;326718
Key Up;F;326774
Key Up;T;326846
Key Down;F;327238
Key Down;X;327270
Key Up;X;327414
Key Up;F;327430
Key Down;T;327534
Key Up;T;327966
Key Down;T;328750
Key Up;T;328926
Key Down;F;329174
Key Up;F;329254
Key Down;F;330014
Key Up;F;330126
Key Down;T;330334
Key Up;T;330534
Key Down;F;330766
Key Up;F;331119
Key Down;F;331446
Key Up;F;331566
Key Down;F;332390
Key Down;T;332406
Key Up;F;332478
Key Down;F;332774
Key Up;F;332886
Key Up;T;332934
Key Down;F;333190
Key Down;T;333230
Key Up;T;333262
Key Up;F;333286
Key Down;F;333534
Key Up;F;333750
Key Down;H;334374
Key Up;H;334550
Key Down;H;334702
Key Up;H;334894
Key Down;H;335078
Key Down;T;335126
Key Up;T;335310
Key Up;H;335318
Key Down;H;335719
Key Up;H;335911
Key Down;T;336342
Key Up;T;336862
Key Down;H;337022
Key Up;H;337182
Key Down;H;337326
Key Up;H;337502
Key Down;H;337774
Key Down;T;337790
Key Up;H;338006
Key Up;T;338014
Key Down;T;338774
Key Down;F;338950
Key Up;F;339390
Key Up;T;339462
Key Down;X;339558
Key Up;X;339670
Key Down;X;339750
Key Down;F;339926
Key Down;T;339934
Key Up;X;340062
Key Up;F;340166
Key Down;Espace;340334
Key Up;T;340814
Key Down;T;341262
Key Up;T;341662
Key Down;H;342398
Key Up;H;342438
Key Down;T;343014
Key Down;H;343142
Key Up;H;343366
Key Down;F;343654
Key Up;Espace;343678
Key Up;F;344335
Key Up;T;344703
Key Down;H;344719
Key Down;G;345327
Key Up;H;345742
Key Down;F;345934
Key Up;G;346022
Key Down;G;347327
Key Up;F;347383
Key Down;H;347503
Key Up;G;347695
Key Down;G;348191
Key Up;G;348327
Key Up;H;349054
Key Down;G;349190
Key Up;G;349318
Key Down;G;349486
Key Down;F;349614
Key Up;G;349686
Key Down;G;350494
Key Up;F;350510
Key Up;G;350646
Key Down;G;351062
Key Up;G;351278
Key Down;T;351975
Key Up;T;352111
Key Down;H;352255
Key Up;H;352391
Key Down;H;352551
Key Up;H;353047
Key Down;F;353718
Key Up;F;353910
Key Down;T;354502
Key Up;T;354606
Key Down;G;354854
Key Up;G;355142
Key Down;G;355446
Key Down;F;355478
Key Down;X;355534
Key Up;X;355710
Key Up;G;355807
Key Up;F;355815
Key Down;H;356599
Key Up;H;356743
Key Down;H;356999
Key Up;H;357167
Key Down;H;357671
Key Up;H;357927
Key Down;T;358247
Key Down;X;358583
Key Up;X;358654
Key Down;X;358758
Key Down;H;359054
Key Up;X;359630
Key Up;T;359870
Key Up;H;360359
Key Down;H;360815
Key Down;T;361151
Key Up;H;361447
Key Up;T;361599
Key Down;F;361847
Key Up;F;361991
Key Down;T;362007
Key Up;T;362231
Key Down;X;362415
Key Down;F;362487
Key Down;T;362655
Key Up;T;363303
Key Up;X;363551
Key Down;H;363575
Key Up;F;363583
Key Up;H;363742
Key Down;T;363782
Key Down;H;364414
Key Up;H;364639
Key Down;F;364679
Key Up;F;364919
Key Down;H;364975
Key Up;T;365127
Key Up;H;365263
Key Down;Espace;365279
Key Down;T;365599
Key Down;H;365623
Key Up;T;366295
Key Up;H;366415
Key Up;Espace;366743
Key Down;F;366863
Key Up;F;366975
Key Down;G;367215
Key Up;G;367567
Key Down;T;367759
Key Down;F;367951
Key Up;T;368127
Key Down;Espace;368223
Key Up;F;368486
Key Up;Espace;368838
Key Down;T;369006
Key Up;T;369071
Key Down;G;369599
Key Up;G;369767
Key Down;H;370263
Key Down;X;370415
Key Down;T;371007
Key Up;H;371143
Key Up;X;371287
Key Down;F;371295
Key Up;F;371527
Key Up;T;371615
Key Down;H;371847
Key Down;G;372063
Key Up;H;372087
Key Up;G;372183
Key Down;H;372543
Key Down;G;372567
Key Up;H;372679
Key Up;G;372687
Key Down;F;374239
Key Down;T;374855
Key Up;F;375071
Key Up;T;375103
Key Down;H;375351
Key Up;H;375535
Key Down;G;375647
Key Up;G;376103
Key Down;H;376327
Key Down;T;376447
Key Up;T;377119
Key Up;H;377127
Key Down;F;377815
Key Down;T;378008
Key Up;F;378016
Key Up;T;378048
Key Down;H;378223
Key Down;T;378399
Key Up;H;378527
Key Up;T;378535
Key Down;F;379615
Key Down;T;379711
Key Up;T;379919
Key Up;F;380127
Key Down;H;383183
Key Down;G;383207
Key Up;G;383448
Key Up;H;383568
Key Down;G;384368
Key Up;G;384728
Key Down;T;384903
Key Up;T;385280
Key Down;Espace;385352
Key Up;Espace;385520
Key Down;G;385816
Key Up;G;386080
Key Down;T;386328
Key Up;T;386743
Key Down;G;387248
Key Down;F;387696
Key Up;G;387704
Key Up;F;387784
Key Down;X;388239
Key Down;F;388327
Key Down;T;388527
Key Up;X;388615
Key Up;F;388695
Key Up;T;388735
Key Down;T;389567
Key Down;H;389719
Key Up;H;389735
Key Up;T;389751
Key Down;H;390048
Key Down;G;390088
Key Up;G;390264
Key Up;H;390352
Key Down;Espace;391112
Key Up;Espace;391320
Key Down;G;391903
Key Up;G;392063
Key Down;H;392367
Key Up;H;392511
Key Down;G;393175
Key Up;G;393359
Key Down;G;393743
Key Up;G;393911
Key Down;F;394600
Key Down;T;394808
Key Up;F;395016
Key Up;T;395024
Key Down;G;395464
Key Down;H;395488
Key Up;G;395712
Key Up;H;395984
Key Down;F;398640
Key Down;X;399256
Key Down;H;399800
Key Up;X;400208
Key Up;F;400224
Key Down;T;400280
Key Down;Espace;401120
Key Up;T;401704
Key Up;H;401751
Key Down;T;401927
Key Down;F;402159
Key Up;T;402231
Key Up;Espace;402263
Key Up;F;402279
Key Down;G;402647
Key Up;G;402919
Key Down;T;403264
Key Down;F;403280
Key Down;X;403288
Key Up;X;403632
Key Up;F;403696
Key Up;T;403752
Key Down;H;403960
Key Down;T;404384
Key Up;T;404472
Key Up;H;404520
Key Down;G;406176
Key Up;G;406264
Key Down;G;406599
Key Down;H;406607
Key Up;G;406727
Key Up;H;407111
Key Down;T;408544
Key Down;Espace;408616
Key Up;T;408632
Key Up;Espace;408792
Key Down;F;410456
Key Up;F;410600
Key Down;H;410688
Key Up;H;411112
Key Down;X;411615
Key Down;F;411648
Key Up;X;411863
Key Up;F;411888
Key Down;H;412080
Key Up;H;412376
Key Down;F;413680
Key Down;Espace;413832
Key Up;F;413920
Key Up;Espace;414056
Key Down;G;414704
Key Down;H;414904
Key Up;H;415032
Key Up;G;415056
Key Down;G;415384
Key Up;G;415560
Key Down;F;415752
Key Up;F;415936
Key Down;F;416024
Key Down;T;416128
Key Down;X;416256
Key Up;X;416473
Key Up;F;416512
Key Up;T;416624
Key Down;H;416952
Key Up;H;417080
Key Down;F;418408
Key Up;F;418640
Key Down;H;419184
Key Up;H;419288
Key Down;T;419808
Key Down;H;419856
Key Up;T;420241
Key Up;H;420385
Key Down;H;421328
Key Down;T;421360
Key Up;T;421680
Key Up;H;421728
Key Down;Espace;422272
Key Up;Espace;422488
Key Down;G;423616
Key Down;F;423760
Key Up;F;423888
Key Up;G;424184
Key Down;F;424632
Key Down;X;424704
Key Down;T;424840
Key Up;X;425048
Key Up;F;425216
Key Up;T;425312
Key Down;H;425721
Key Up;H;425905
Key Down;F;426328
Key Up;F;426464
Key Down;H;428113
Key Up;H;428553
Key Down;Espace;428737
Key Up;Espace;429033
Key Down;G;431080
Key Up;G;431320
Key Down;G;432529
Key Up;G;432705
Key Down;F;433313
Key Down;X;433329
Key Down;T;433433
Key Up;X;433721
Key Up;F;433777
Key Up;T;433785
Key Down;T;434624
Key Up;T;434712
Key Down;T;435672
Key Down;H;436144
Key Up;T;436224
Key Up;H;436256
Key Down;Espace;438529
Key Up;Espace;438697
Key Down;F;439312
Key Down;X;439360
Key Down;T;439520
Key Up;T;439816
Key Up;X;439864
Key Up;F;439880
Key Down;H;440032
Key Down;T;440064
Key Up;T;440512
Key Down;Espace;440592
Key Up;H;440608
Key Down;T;441305
Key Up;Espace;441345
Key Up;T;441393
Key Down;G;441657
Key Down;H;441841
Key Up;G;441961
Key Up;H;442001
Key Down;G;442209
Key Up;G;442321
Key Down;H;442601
Key Down;T;442609
Key Up;T;442713
Key Up;H;442737
Key Down;T;442993
Key Down;H;443049
Key Up;T;443313
Key Down;T;443561
Key Up;H;443713
Key Up;T;443729
Key Down;F;444001
Key Down;T;444192
Key Up;T;444392
Key Up;F;444520
Key Down;F;444896
Key Up;F;445016
Key Down;F;445520
Key Down;G;445793
Key Up;F;445833
Key Up;G;445961
Key Down;X;446193
Key Down;F;446705
Key Down;T;446745
Key Up;X;446897
Key Up;F;446969
Key Down;F;447425
Key Down;Espace;447721
Key Up;F;447745
Key Up;T;447833
Key Down;T;448321
Key Up;Espace;448361
Key Up;T;448409
Key Down;G;448569
Key Up;G;448721
Key Down;T;449225
Key Up;T;449512
Key Down;H;449616
Key Up;H;449648
Key Down;G;450177
Key Up;G;450497
Key Down;H;450833
Key Up;H;450977
Key Down;T;453025
Key Up;T;453225
Key Down;Espace;453353
Key Down;H;453865
Key Down;T;453921
Key Up;T;454136
Key Up;H;454153
Key Up;Espace;454448
Key Down;H;457697
Key Down;T;457705
Key Up;T;458106
Key Up;H;458114
Key Down;H;458697
Key Down;T;458801
Key Up;T;459009
Key Up;H;459025
Key Down;T;460945
Key Down;H;460969
Key Up;T;461041
Key Up;H;461049
Key Down;H;461297
Key Down;T;461313
Key Up;H;461441
Key Up;T;461449
Key Down;T;462681
Key Up;T;462889
Key Down;T;465481
Key Up;T;465841
Key Down;H;468682
Key Down;T;468698
Key Up;T;469450
Key Down;T;469753
Key Up;H;469761
Key Down;H;469873
Key Up;H;469929
Key Up;T;469993
Key Down;T;471849
Key Down;H;471857
Key Up;H;473202
Key Up;T;473370
Key Down;T;478226
Key Down;H;478338
Key Up;T;478402
Key Up;H;478458
Key Down;H;479098
Key Down;T;479346
Key Up;H;480161
Key Down;F;480449
Key Up;F;480945
Key Up;T;481033
Key Down;H;483546
Key Down;T;483562
Key Up;T;484353
Key Up;H;484641
Key Down;H;486730
Key Down;T;486850
Key Up;H;487298
Key Up;T;487602
Key Down;T;487770
Key Up;T;488674
Key Down;X;488778
Key Up;X;488938
Key Down;G;489873
Key Up;G;490057
Key Down;T;490690
Key Down;H;490874
Key Up;H;491042
Key Down;X;491370
Key Up;T;491530
Key Up;X;491546
Key Down;T;492961
Key Down;H;492969
Key Down;X;492985
Key Up;X;493265
Key Up;H;494194
Key Down;X;494818
Key Up;T;494842
Key Up;X;494962
Key Down;H;495554
Key Down;G;495562
Key Up;G;495770
Key Up;H;496018
Key Down;H;497306
Key Down;T;497394
Key Up;H;497722
Key Down;X;498194
Key Up;T;498282
Key Up;X;498386
Key Down;G;498834
Key Up;G;498954
Key Down;G;499362
Key Up;G;499586
Key Down;H;500130
Key Down;T;500234
Key Up;H;500690
Key Down;X;500794
Key Up;T;500883
Key Up;X;500987
Key Down;T;502418
Key Down;X;502466
Key Up;X;502658
Key Up;T;504634
Key Down;T;506858
Key Down;H;506866
Key Up;H;507450
Key Up;T;508290
Key Down;T;510067
Key Down;H;510091
Key Up;T;510331
Key Up;H;510371
Key Down;T;511570
Key Down;H;511626
Key Up;H;512322
Key Up;T;512858
Key Down;H;514923
Key Down;T;514963
Key Up;H;515779
Key Up;T;515810
Key Down;T;517642
Key Down;H;517706
Key Up;H;518106
Key Down;X;518282
Key Up;X;518402
Key Down;X;518482
Key Down;F;518947
Key Up;X;519907
Key Up;F;520139
Key Up;T;520459
Key Down;T;520739
Key Down;F;520755
Key Up;F;521522
Key Down;F;521914
Key Up;F;522682
Key Down;Espace;523267
Key Up;T;524003
Key Down;F;524211
Key Down;T;524251
Key Up;F;524747
Key Up;T;525091
Key Down;H;525195
Key Up;H;525331
Key Up;Espace;525339
Key Down;G;525499
Key Up;G;525866
Key Down;F;526418
Key Up;F;526570
Key Down;G;526962
Key Down;H;527274
Key Up;G;527386
Key Up;H;527451
Key Down;T;532275
Key Up;T;532475
Key Down;H;532523
Key Down;G;533139
Key Up;H;533307
Key Up;G;533411
Key Down;F;533475
Key Down;G;534354
Key Up;F;534587
Key Up;G;534915
Key Down;H;535131
Key Up;H;535235
Key Down;T;535539
Key Down;H;535835
Key Up;T;535891
Key Up;H;535971
Key Down;G;536051
Key Down;H;536403
Key Up;H;536707
Key Up;G;536747
Key Down;H;537595
Key Up;H;537690
Key Down;G;537730
Key Up;G;537995
Key Down;H;538027
Key Up;H;538195
Key Down;H;538347
Key Down;T;538563
Key Up;H;538611
Key Up;T;538659
Key Down;H;538851
Key Up;H;539019
Key Down;H;539243
Key Up;H;539475
Key Down;T;540299
Key Down;X;540395
Key Up;X;540579
Key Up;T;540763
Key Down;T;541051
Key Up;T;541251
Key Down;T;541571
Key Down;H;541579
Key Up;H;541731
Key Up;T;541739
Key Down;H;542356
Key Down;T;542436
Key Up;H;542507
Key Up;T;542668
Key Down;X;543059
Key Up;X;543251
Key Down;T;543547
Key Up;T;543771
Key Down;T;543923
Key Up;T;544115
Key Down;T;544363
Key Up;T;544531
Key Down;H;545163
Key Down;T;545171
Key Up;T;545291
Key Up;H;545315
Key Down;T;545643
Key Up;T;545787
Key Down;T;546147
Key Up;T;546323
Key Down;H;546956
Key Down;T;547084
Key Up;T;547148
Key Up;H;547244
Key Down;X;547715
Key Down;F;547875
Key Down;G;547923
Key Up;X;547939
Key Up;F;548019
Key Down;X;548275
Key Up;X;548435
Key Up;G;548459
Key Down;T;548699
Key Down;H;549819
Key Up;T;550067
Key Up;H;550075
Key Down;H;550251
Key Down;T;550355
Key Up;H;550403
Key Up;T;550443
Key Down;T;550883
Key Up;T;551332
Key Down;T;554691
Key Down;X;555051
Key Up;X;555147
Key Down;X;555235
Key Up;X;555980
Key Down;Espace;556100
Key Down;F;556652
Key Up;Espace;557060
Key Down;X;557404
Key Up;T;557492
Key Up;X;557499
Key Up;F;557507
Key Down;X;557587
Key Down;T;557827
Key Up;X;558107
Key Down;S;558875
Key Up;S;559123
Key Down;H;559747
Key Down;Espace;559771
Key Up;T;559795
Key Up;H;559964
Key Down;F;560052
Key Down;T;560116
Key Up;T;560300
Key Up;F;560380
Key Up;Espace;560436
Key Down;G;560548
Key Down;F;560708
Key Up;G;560796
Key Up;F;560868
Key Down;F;561068
Key Down;G;561084
Key Up;G;561500
Key Up;F;561684
Key Down;F;562067
Key Up;F;562355
Key Down;G;562372
Key Up;G;562907
Key Down;G;563131
Key Up;G;563243
Key Down;F;564059
Key Up;F;564219
Key Down;G;564644
Key Up;G;564987
Key Down;F;565291
Key Up;F;565379
Key Down;F;567340
Key Down;T;567676
Key Up;F;567740
Key Up;T;567788
Key Down;F;568580
Key Down;G;568900
Key Up;F;568932
Key Up;G;569068
Key Down;F;569412
Key Down;T;569444
Key Up;F;569588
Key Down;F;569940
Key Up;T;570116
Key Up;F;570148
Key Down;G;570859
Key Down;H;571028
Key Up;G;571059
Key Up;H;571179
Key Down;X;571763
Key Up;X;571995
Key Down;T;572588
Key Up;T;572956
Key Down;T;573612
Key Up;T;573948
Key Down;T;574092
Key Up;T;574332
Key Down;T;574476
Key Up;T;574740
Key Down;T;575332
Key Up;T;575803
Key Down;X;576964
Key Up;X;577076
Key Down;X;577164
Key Down;H;577340
Key Down;T;577380
Key Up;X;577468
Key Up;H;577628
Key Up;T;577676
Key Down;Espace;577740
Key Down;F;578068
Key Up;Espace;578100
Key Up;F;578188
Key Down;F;578604
Key Up;F;578764
Key Down;T;578820
Key Up;T;578948
Key Down;T;579252
Key Up;T;579388
Key Down;T;579884
Key Down;F;579908
Key Up;T;580052
Key Up;F;580068
Key Down;T;582148
Key Up;T;582316
Key Down;T;583052
Key Up;T;583236
Key Down;T;584780
Key Up;T;584908
Key Down;T;585836
Key Up;T;585964
Key Down;T;587396
Key Up;T;587620
Key Down;T;588124
Key Up;T;588284
Key Down;T;590589
Key Up;T;590788
Key Down;T;591244
Key Up;T;591388
Key Down;F;593164
Key Up;F;593252
Key Down;T;593668
Key Up;T;593916
Key Down;T;594220
Key Up;T;594389
Key Down;T;596348
Key Up;T;596500
Key Down;T;597812
Key Up;T;597956
Key Down;T;598724
Key Up;T;598789
Key Down;T;600268
Key Down;F;600284
Key Up;F;600396
Key Up;T;600412
Key Down;T;600965
Key Down;F;601596
Key Up;F;601780
Key Up;T;602348
Key Down;T;603229
Key Up;T;603837
Key Down;T;604309
Key Down;Espace;604533
Key Up;Espace;604989
Key Up;T;605596
Key Down;G;605804
Key Down;H;605836
Key Up;G;606076
Key Up;H;606084
Key Down;G;606332
Key Down;H;606396
Key Up;H;606572
Key Up;G;606853
Key Down;F;606917
Key Up;F;607053
Key Down;G;607213
Key Down;H;607341
Key Up;G;607557
Key Up;H;607629
Key Down;F;608101
Key Up;F;608213
Key Down;G;609148
Key Up;G;609396
Key Down;F;609620
Key Down;T;609828
Key Up;F;609860
Key Up;T;610205
Key Down;G;610381
Key Up;G;611029
Key Down;G;611917
Key Up;G;612029
Key Down;G;612229
Key Up;G;612405
Key Down;H;612789
Key Up;H;612917
Key Down;H;613076
Key Up;H;613221
Key Down;H;613884
Key Up;H;614020
Key Down;T;614228
Key Down;X;614357
Key Down;F;614493
Key Up;X;614581
Key Up;F;614661
Key Up;T;614741
Key Down;T;615157
Key Up;T;615333
Key Down;H;616629
Key Up;H;617717
Key Down;T;618005
Key Down;F;618101
Key Up;F;618268
Key Up;T;618316
Key Down;F;620685
Key Up;F;620845
Key Down;F;621269
Key Up;F;621477
Key Down;F;621685
Key Up;F;621877
Key Down;F;622101
Key Up;F;622333
Key Down;F;622741
Key Up;F;622869
Key Down;F;623020
Key Up;F;623190
Key Down;F;623381
Key Up;F;623613
Key Down;F;623853
Key Down;T;623989
Key Up;F;624085
Key Up;T;624557
Key Down;H;624821
Key Up;H;624989
Key Down;H;625277
Key Up;H;625429
Key Down;H;625645
Key Up;H;625805
Key Down;H;626005
Key Up;H;626333
Key Down;H;626597
Key Up;H;626725
Key Down;H;626853
Key Up;H;627077
Key Down;H;627269
Key Up;H;627381
Key Down;H;628509
Key Up;H;628749
Key Down;H;628909
Key Up;H;629053
Key Down;H;629213
Key Up;H;629429
Key Down;T;629773
Key Up;T;630261
Key Down;T;631269
Key Up;T;631461
Key Down;T;631965
Key Up;T;632278
Key Down;T;633165
Key Up;T;633341
Key Down;T;634877
Key Down;H;635445
Key Up;H;635573
Key Up;T;635581
Key Down;T;638181
Key Up;T;638589
Key Down;T;638925
Key Up;T;639078
Key Down;T;639398
Key Up;T;639574
Key Down;T;641141
Key Up;T;641677
Key Down;H;643213
Key Up;H;643549
Key Down;H;643773
Key Up;H;644029
Key Down;H;644365
Key Up;H;644589
Key Down;H;644885
Key Up;H;645085
Key Down;H;646038
Key Up;H;646254
Key Down;H;647230
Key Up;H;647462
Key Down;H;648093
Key Up;H;648405
Key Down;H;648701
Key Up;H;648773
Key Down;T;649301
Key Up;T;649493
Key Down;H;649501
Key Up;H;649774
Key Down;T;650214
Key Up;T;650438
Key Down;F;650750
Key Up;F;650942
Key Down;F;651790
Key Up;F;652022
Key Down;F;653030
Key Up;F;653309
Key Down;F;654157
Key Up;F;654382
Key Down;F;655094
Key Up;F;656070
Key Down;T;660630
Key Down;F;660638
Key Up;T;661302
Key Up;F;661326
Key Down;F;662222
Key Up;F;662710
Key Down;F;663974
Key Up;F;664110
Key Down;F;664350
Key Up;F;664550
Key Down;F;665094
Key Up;F;665254
Key Down;T;665806
Key Down;H;665822
Key Up;H;666222
Key Up;T;666646
Key Down;T;666966
Key Down;H;666982
Key Up;T;667062
Key Up;H;667070
Key Down;T;668958
Key Down;H;669486
Key Up;H;669574
Key Up;T;669918
Key Down;T;670574
Key Down;F;670766
Key Up;T;670902
Key Up;F;670918
Key Down;T;671198
Key Up;T;671935
Key Down;T;672295
Key Up;T;672415
Key Down;T;673686
Key Up;T;674118
Key Down;T;674502
Key Down;H;674670
Key Up;H;674814
Key Up;T;675262
Key Down;T;675526
Key Up;T;676511
Key Down;G;676743
Key Down;F;676934
Key Up;F;677150
Key Up;G;677374
Key Down;T;677558
Key Up;T;677926
Key Down;G;678078
Key Up;G;678334
Key Down;T;678502
Key Down;H;678598
Key Up;T;678670
Key Up;H;678742
Key Down;G;678942
Key Up;G;679326
Key Down;H;679383
Key Up;H;679582
Key Down;G;679702
Key Down;H;679830
Key Up;G;679894
Key Down;G;680358
Key Up;G;680518
Key Down;G;681310
Key Up;H;681398
Key Down;F;681478
Key Up;G;681598
Key Up;F;682495
Key Down;T;682647
Key Up;T;683079
Key Down;G;683207
Key Down;H;683719
Key Up;G;683782
Key Down;T;683990
Key Up;H;684094
Key Up;T;684182
Key Down;G;684350
Key Down;F;684734
Key Up;F;684926
Key Down;F;685174
Key Up;G;685254
Key Down;G;686303
Key Up;F;686375
Key Down;H;686431
Key Up;G;686575
Key Down;G;687047
Key Up;G;687207
Key Down;G;687943
Key Up;H;688039
Key Down;F;688063
Key Up;G;688151
Key Up;F;689318
Key Down;H;689494
Key Down;T;689542
Key Down;X;689670
Key Up;T;689758
Key Up;X;689838
Key Up;H;689926
Key Down;T;690855
Key Up;T;690911
Key Down;F;692295
Key Up;F;692471
Key Down;F;692655
Key Up;F;692831
Key Down;F;693039
Key Up;F;693199
Key Down;T;693910
Key Down;H;694014
Key Up;T;694190
Key Up;H;694198
Key Down;T;694366
Key Up;T;694902
Key Down;X;696743
Key Up;X;696959
Key Down;T;698039
Key Down;H;698135
Key Up;T;698463
Key Up;H;698598
Key Down;H;698814
Key Up;H;699198
Key Down;H;699599
Key Up;H;700279
Key Down;T;700527
Key Up;T;700599
Key Down;F;700799
Key Up;F;700935
Key Down;F;701319
Key Up;F;701487
Key Down;F;702191
Key Up;F;702415
Key Down;F;703199
Key Up;F;703383
Key Down;F;703702
Key Up;F;703911
Key Down;F;704567
Key Up;F;704783
Key Down;F;705303
Key Up;F;705567
Key Down;X;706463
Key Up;X;706543
Key Down;X;706655
Key Up;X;707223
Key Down;X;710671
Key Down;F;710895
Key Down;T;711039
Key Up;X;711935
Key Up;F;712191
Key Up;T;712271
Key Down;F;712528
Key Up;F;712703
Key Down;Espace;712711
Key Down;H;713255
Key Down;T;714055
Key Up;H;714359
Key Up;Espace;714951
Key Up;T;715135
Key Down;T;715487
Key Down;H;715527
Key Up;T;715583
Key Up;H;715591
Key Down;T;715959
Key Up;T;716687
Key Down;T;718063
Key Up;T;718711
Key Down;T;719087
Key Up;T;719424
Key Down;T;719856
Key Down;F;719864
Key Up;F;720328
Key Up;T;720359
Key Down;T;721199
Key Up;T;721423
Key Down;G;722015
Key Up;G;722135
Key Down;F;722383
Key Down;T;722471
Key Up;F;722567
Key Up;T;722655
Key Down;T;723159
Key Up;T;724328
Key Down;T;725232
Key Up;T;725439
Key Down;T;726575
Key Up;T;726743
Key Down;X;726855
Key Up;X;726927
Key Down;X;727031
Key Down;F;727343
Key Down;T;727399
Key Up;X;727823
Key Up;F;728528
Key Up;T;728840
Key Down;Espace;728880
Key Down;H;729488
Key Up;Espace;729528
Key Up;H;729624
Key Down;T;729880
Key Up;T;730008
Key Down;T;730543
Key Down;H;730624
Key Up;H;730719
Key Up;T;730743
Key Down;T;731207
Key Up;T;731287
Key Down;H;732007
Key Up;H;732111
Key Down;T;732520
Key Up;T;732680
Key Down;T;733192
Key Up;T;733328
Key Down;T;733744
Key Up;T;733856
Key Down;T;734176
Key Up;T;734312
Key Down;H;734680
Key Up;H;734760
Key Down;T;735000
Key Up;T;735128
Key Down;T;735655
Key Up;T;735719
Key Down;T;736447
Key Up;T;736583
Key Down;H;737048
Key Down;T;737072
Key Up;H;737096
Key Up;T;737168
Key Down;T;737648
Key Up;T;737744
Key Down;T;738384
Key Up;T;738520
Key Down;T;739712
Key Up;T;739832
Key Down;T;740504
Key Up;T;740600
Key Down;T;740951
Key Up;T;741087
Key Down;T;741408
Key Up;T;741512
Key Down;T;741944
Key Up;T;742032
Key Down;T;742872
Key Up;T;743000
Key Down;F;745527
Key Up;F;745575
Key Down;T;746504
Key Up;T;746544
Key Down;T;746984
Key Up;T;747080
Key Down;T;750432
Key Up;T;750568
Key Down;T;751936
Key Up;T;752040
Key Down;T;752720
Key Up;T;752792
Key Down;T;755720
Key Up;T;755864
Key Down;T;757000
Key Up;T;757096
Key Down;T;759552
Key Up;T;759688
Key Down;Echap;770296
Key Up;Echap;770440
Key Down;Gauche;773065
Key Up;Gauche;773137
Key Down;Espace;773880
Key Up;Espace;774040
Key Down;Gauche;774944
Key Up;Gauche;775032
Key Down;Espace;776329
Key Up;Espace;776369
Key Down;Espace;777321
Key Up;Espace;777473
Key Down;Espace;777977
Key Up;Espace;778265
Key Down;Espace;778880
Key Up;Espace;779001
Key Down;Espace;779704
Key Up;Espace;779856
Key Down;Espace;780777
Key Up;Espace;780913
Key Down;Espace;781593
Key Up;Espace;781721
Key Down;Espace;785441
Key Up;Espace;785568
Key Down;Echap;793105
Key Up;Echap;793185
Key Down;X;794633
Key Down;F;795201
Key Up;X;795257
Key Down;T;795265
Key Up;F;795369
Key Up;T;795537
Key Down;Espace;795545
Key Down;T;795849
Key Up;T;795969
Key Up;Espace;796225
Key Down;T;796833
Key Up;T;797017
Key Down;F;800073
Key Up;F;800209
Key Down;T;800457
Key Up;T;800545
Key Down;H;801185
Key Down;T;801209
Key Up;T;801297
Key Up;H;801305
Key Down;F;801569
Key Up;F;801617
Key Down;T;802274
Key Up;T;802346
Key Down;T;802986
Key Down;H;802994
Key Up;H;803050
Key Up;T;803090
Key Down;T;803585
Key Up;T;803689
Key Down;T;804377
Key Up;T;804441
Key Down;T;805169
Key Up;T;805297
Key Down;T;805753
Key Up;T;805889
Key Down;H;806313
Key Up;H;806449
Key Down;T;807554
Key Up;T;807682
Key Down;T;808114
Key Down;H;808121
Key Up;T;808217
Key Up;H;808249
Key Down;T;809217
Key Up;T;809313
Key Down;T;809617
Key Up;T;809689
Key Down;T;810025
Key Up;T;810153
Key Down;T;810737
Key Up;T;810769
Key Down;T;811066
Key Up;T;811154
Key Down;T;811674
Key Up;T;811794
Key Down;T;812306
Key Up;T;812426
Key Down;T;812970
Key Up;T;813073
Key Down;T;816570
Key Up;T;816762
Key Down;T;817434
Key Up;T;817538
Key Down;T;818393
Key Up;T;818489
Key Down;T;819786
Key Up;T;819890
Key Down;T;820338
Key Up;T;820514
Key Down;T;820882
Key Up;T;820962
Key Down;T;821370
Key Down;H;821386
Key Up;H;821458
Key Up;T;821482
Key Down;T;822362
Key Down;H;822482
Key Up;T;822490
Key Up;H;822554
Key Down;T;824626
Key Up;T;824714
Key Down;T;825785
Key Down;H;825801
Key Up;T;825873
Key Up;H;825881
Key Down;T;826778
Key Up;T;826913
Key Down;T;829074
Key Up;T;829258
Key Down;F;830146
Key Up;F;830530
Key Down;H;830858
Key Up;H;830962
Key Down;H;831978
Key Up;H;832042
Key Down;H;832162
Key Up;H;832250
Key Down;H;832466
Key Up;H;832754
Key Down;F;832994
Key Up;F;833082
Key Down;T;834338
Key Up;T;834699
Key Down;H;834986
Key Down;G;835106
Key Up;G;835218
Key Up;H;835578
Key Down;F;836290
Key Down;G;836306
Key Up;G;836378
Key Up;F;836722
Key Down;F;836962
Key Up;F;837098
Key Down;F;837658
Key Up;F;837826
Key Down;H;838322
Key Down;T;838354
Key Up;T;838586
Key Up;H;838634
Key Down;T;838971
Key Down;F;839179
Key Up;F;839315
Key Up;T;839411
Key Down;H;839563
Key Up;H;839643
Key Down;T;839890
Key Up;T;839922
Key Down;H;840258
Key Down;T;840266
Key Up;H;840306
Key Up;T;840386
Key Down;T;840826
Key Up;T;840962
Key Down;T;841426
Key Up;T;841610
Key Down;T;842098
Key Up;T;842218
Key Down;T;843819
Key Up;T;843963
Key Down;T;844402
Key Up;T;844562
Key Down;T;845114
Key Up;T;845226
Key Down;T;846202
Key Up;T;846378
Key Down;T;846954
Key Up;T;847090
Key Down;T;847562
Key Up;T;847666
Key Down;T;848747
Key Up;T;848867
Key Down;H;849171
Key Up;H;849258
Key Down;T;849338
Key Up;T;849450
Key Down;T;849874
Key Up;T;850034
Key Down;T;850522
Key Up;T;850698
Key Down;T;854195
Key Up;T;854354
Key Down;T;854882
Key Up;T;855018
Key Down;T;855562
Key Up;T;855722
Key Down;T;856162
Key Up;T;856362
Key Down;H;856963
Key Up;H;857139
Key Down;F;857635
Key Up;F;857739
Key Down;F;858195
Key Up;F;858267
Key Down;T;858667
Key Up;T;858835
Key Down;T;859226
Key Up;T;859354
Key Down;T;859858
Key Up;T;859938
Key Down;T;860258
Key Up;T;860266
Key Down;T;860738
Key Up;T;860858
Key Down;T;861747
Key Up;T;861795
Key Down;F;862779
Key Up;F;863067
Key Down;F;863427
Key Down;T;863531
Key Up;F;863779
Key Down;X;863938
Key Up;T;863962
Key Down;F;865011
Key Up;X;865059
Key Down;T;865155
Key Up;T;865435
Key Down;Espace;865779
Key Up;F;865811
Key Down;T;866355
Key Up;T;866667
Key Down;F;866707
Key Up;F;866827
Key Up;Espace;866971
Key Down;F;867035
Key Up;F;867115
Key Down;T;867499
Key Up;T;867514
Key Down;F;867578
Key Up;F;867667
Key Down;X;867811
Key Up;X;867939
Key Down;T;868027
Key Up;T;868083
Key Down;T;868707
Key Up;T;868787
Key Down;Espace;869363
Key Up;Espace;869411
Key Down;T;869763
Key Up;T;869851
Key Down;T;870283
Key Up;T;870394
Key Down;T;870834
Key Up;T;870963
Key Down;T;871347
Key Up;T;871507
Key Down;T;871963
Key Up;T;872059
Key Down;T;872635
Key Up;T;872715
Key Down;T;873355
Key Up;T;873475
Key Down;T;873979
Key Up;T;874035
Key Down;T;874411
Key Down;H;874571
Key Up;H;874619
Key Up;T;874635
Key Down;T;875763
Key Up;T;875851
Key Down;T;876235
Key Up;T;876411
Key Down;T;876715
Key Up;T;876843
Key Down;X;878291
Key Down;F;878547
Key Down;T;878691
Key Up;X;879884
Key Up;F;880132
Key Up;T;880188
Key Down;T;880987
Key Up;T;881211
Key Down;Espace;882267
Key Up;Espace;882843
Key Down;F;883571
Key Down;T;883579
Key Up;F;883691
Key Up;T;883827
Key Down;T;884236
Key Up;T;884932
Key Down;H;884988
Key Up;H;885140
Key Down;Espace;885643
Key Up;Espace;886035
Key Down;T;886787
Key Up;T;886891
Key Down;H;887411
Key Up;H;887507
Key Down;Espace;888019
Key Up;Espace;888283
Key Down;T;888491
Key Up;T;888603
Key Down;F;889028
Key Up;F;889108
Key Down;T;889804
Key Up;T;889860
Key Down;T;890227
Key Up;T;890291
Key Down;T;890779
Key Up;T;890883
Key Down;T;891315
Key Up;T;891467
Key Down;T;891947
Key Up;T;892091
Key Down;T;893396
Key Up;T;893500
Key Down;T;894164
Key Up;T;894404
Key Down;T;895148
Key Up;T;895371
Key Down;T;895643
Key Up;T;895787
Key Down;T;896243
Key Up;T;896395
Key Down;T;897572
Key Up;T;897700
Key Down;Espace;898835
Key Up;Espace;898891
Key Down;T;899764
Key Up;T;899932
Key Down;T;900268
Key Up;T;900387
Key Down;T;900835
Key Up;T;900923
Key Down;T;902100
Key Up;T;902276
Key Down;F;902652
Key Up;F;902860
Key Down;F;903268
Key Up;F;903356
Key Down;T;903860
Key Up;T;903956
Key Down;T;904259
Key Up;T;904403
Key Down;T;904827
Key Up;T;904955
Key Down;T;905412
Key Up;T;905540
Key Down;T;905940
Key Up;T;905956
Key Down;T;907259
Key Up;T;907387
Key Down;T;908252
Key Up;T;908452
Key Down;T;909028
Key Up;T;909164
Key Down;T;909668
Key Up;T;909820
Key Down;T;910204
Key Up;T;910300
Key Down;T;911148
Key Up;T;911244
Key Down;T;911819
Key Up;T;911939
Key Down;T;912460
Key Up;T;912564
Key Down;T;913460
Key Up;T;913540
Key Down;T;913956
Key Up;T;914068
Key Down;T;914428
Key Up;T;914540
Key Down;T;914844
Key Up;T;914980
Key Down;T;915332
Key Up;T;915460
Key Down;T;915956
Key Up;T;916092
Key Down;T;916547
Key Up;T;916675
Key Down;T;917124
Key Up;T;917292
Key Down;T;918732
Key Up;T;918836
Key Down;H;919404
Key Up;H;919684
Key Down;T;919756
Key Up;T;919868
Key Down;F;920196
Key Up;F;920420
Key Down;T;920556
Key Up;T;920684
Key Down;H;921413
Key Up;H;921541
Key Down;H;921996
Key Up;H;922140
Key Down;H;922476
Key Up;H;922588
Key Down;T;923284
Key Up;T;923396
Key Down;T;923764
Key Up;T;923884
Key Down;T;924292
Key Up;T;924388
Key Down;T;924900
Key Up;T;924996
Key Down;T;925332
Key Up;T;925476
Key Down;T;926181
Key Up;T;926237
Key Down;H;926572
Key Down;T;926589
Key Up;H;926684
Key Up;T;926748
Key Down;T;927140
Key Up;T;927292
Key Down;T;927788
Key Up;T;927916
Key Down;T;928628
Key Up;T;928924
Key Down;F;929260
Key Up;F;929412
Key Down;T;929588
Key Up;T;929716
Key Down;H;929924
Key Up;H;930213
Key Down;T;930301
Key Up;T;930389
Key Down;H;930629
Key Up;H;930869
Key Down;G;931948
Key Up;G;932044
Key Down;G;932252
Key Up;G;932372
Key Down;T;933308
Key Up;T;933396
Key Down;G;933684
Key Up;G;933908
Key Down;H;934461
Key Up;H;934573
Key Down;H;935021
Key Up;H;935636
Key Down;F;936004
Key Up;F;936861
Key Down;F;937252
Key Up;F;937421
Key Down;H;937637
Key Down;T;938069
Key Up;T;938165
Key Up;H;938373
Key Down;F;938765
Key Down;T;939149
Key Up;F;939229
Key Up;T;939277
Key Down;T;940468
Key Up;T;941260
Key Down;H;941845
Key Up;H;941996
Key Down;T;942116
Key Up;T;942212
Key Down;T;942660
Key Up;T;942780
Key Down;T;943284
Key Up;T;943372
Key Down;T;944125
Key Up;T;944277
Key Down;T;945005
Key Up;T;945053
Key Down;F;945293
Key Up;F;945573
Key Down;T;945677
Key Up;T;945837
Key Down;H;946181
Key Down;T;946413
Key Up;H;946589
Key Down;F;946772
Key Up;T;946852
Key Up;F;946861
Key Down;F;947180
Key Up;F;947220
Key Down;T;947836
Key Up;T;947916
Key Down;T;948429
Key Up;T;948533
Key Down;T;949093
Key Up;T;949253
Key Down;Right Shift;950445
Key Down;Barre oblique;950605
Key Up;Barre oblique;950709
Key Up;Right Shift;950725
Key Down;Haut;950941
Key Up;Haut;951029
Key Down;Entrée;951453
Key Up;Entrée;951525
Key Down;T;952212
Key Up;T;952300
Key Down;T;952725
Key Up;T;952805
Key Down;T;953589
Key Up;T;953661
Key Down;T;954541
Key Up;T;954701
Key Down;T;955309
Key Up;T;955437
Key Down;T;955917
Key Up;T;955997
Key Down;T;956357
Key Up;T;956460
Key Down;T;956812
Key Up;T;956868
Key Down;T;957277
Key Up;T;957373
Key Down;T;957781
Key Up;T;957885
Key Down;Z;961406
Key Up;Z;961582
Key Down;Z;962917
Key Up;Z;963037
Key Down;Z;963293
Key Down;D;963445
Key Up;Z;963557
Key Up;D;963629
Key Down;Y;964317
Key Up;Y;964477
Key Down;Y;964989
Key Up;Y;965109
Key Down;T;966126
Key Up;T;966334
Key Down;T;967349
Key Up;T;967461
Key Down;T;968397
Key Up;T;968517
Key Down;H;969149
Key Up;H;969405
Key Down;F;969509
Key Up;F;969677
Key Down;H;969845
Key Down;T;969965
Key Up;T;970109
Key Up;H;970190
Key Down;H;971342
Key Up;H;971413
Key Down;G;971917
Key Up;G;971973
Key Down;H;972293
Key Up;H;972494
Key Down;H;973182
Key Up;H;973294
Key Down;H;973861
Key Up;H;973997
Key Down;T;974870
Key Up;T;974998
Key Down;T;975382
Key Up;T;975454
Key Down;T;975822
Key Up;T;975910
Key Down;T;976374
Key Up;T;976525
Key Down;X;977533
Key Up;X;978005
Key Down;Espace;979613
Key Up;Espace;979765
Key Down;T;980358
Key Up;T;980462
Key Down;Espace;980661
Key Up;Espace;980965
Key Down;F;981333
Key Down;T;981486
Key Up;F;981526
Key Up;T;981614
Key Down;X;982246
Key Up;X;982302
Key Down;X;982406
Key Up;X;982502
Key Down;G;983054
Key Up;G;983150
Key Down;H;984061
Key Up;H;984173
Key Down;G;984181
Key Up;G;984213
Key Down;Espace;984717
Key Up;Espace;984973
Key Down;T;985061
Key Down;X;985413
Key Up;X;985573
Key Down;H;985701
Key Down;Espace;985725
Key Up;H;985757
Key Up;T;985789
Key Up;Espace;986070
Key Down;G;986134
Key Up;G;986270
Key Down;X;986574
Key Up;X;986654
Key Down;X;986734
Key Up;X;986870
Key Down;T;988070
Key Up;T;988142
Key Down;T;988654
Key Up;T;988797
Key Down;T;989261
Key Up;T;989357
Key Down;T;990093
Key Up;T;990213
Key Down;T;990678
Key Up;T;990750
Key Down;T;991190
Key Up;T;991310
Key Down;T;991966
Key Up;T;992054
Key Down;T;992518
Key Up;T;992646
Key Down;T;993134
Key Up;T;993214
Key Down;T;993566
Key Up;T;993646
Key Down;T;993917
Key Up;T;993981
Key Down;T;994277
Key Up;T;994365
Key Down;T;994742
Key Up;T;994862
Key Down;T;995238
Key Up;T;995310
Key Down;T;995710
Key Up;T;995854
Key Down;T;997014
Key Up;T;997150
Key Down;T;997710
Key Up;T;997838
Key Down;T;998206
Key Up;T;998302
Key Down;T;998574
Key Up;T;998670
Key Down;T;999037
Key Up;T;999142
Key Down;T;999998
Key Up;T;1000118
Key Down;T;1000438
Key Up;T;1000646
Key Down;T;1001014
Key Up;T;1001150
Key Down;T;1001686
Key Up;T;1001774
Key Down;T;1002230
Key Up;T;1002326
Key Down;T;1004126
Key Up;T;1004190
Key Down;T;1004878
Key Up;T;1004974
Key Down;T;1005766
Key Up;T;1005974
Key Down;T;1006558
Key Up;T;1006662
Key Down;T;1006998
Key Up;T;1007094
Key Down;T;1007454
Key Up;T;1007550
Key Down;T;1007862
Key Up;T;1007967
Key Down;T;1008343
Key Up;T;1008439
Key Down;T;1008790
Key Up;T;1008870
Key Down;T;1009238
Key Up;T;1009326
Key Down;T;1009694
Key Up;T;1009790
Key Down;T;1010143
Key Up;T;1010223
Key Down;T;1010559
Key Up;T;1010671
Key Down;T;1011086
Key Up;T;1011198
Key Down;T;1011711
Key Up;T;1011823
Key Down;T;1012391
Key Up;T;1012510
Key Down;T;1012910
Key Up;T;1013006
Key Down;T;1014062
Key Up;T;1014198
Key Down;T;1014998
Key Up;T;1015070
Key Down;T;1015654
Key Up;T;1015750
Key Down;T;1016598
Key Up;T;1016710
Key Down;T;1017238
Key Up;T;1017342
Key Down;T;1017798
Key Up;T;1017878
Key Down;T;1018446
Key Up;T;1018550
Key Down;T;1019566
Key Up;T;1019686
Key Down;T;1020286
Key Up;T;1020390
Key Down;T;1020870
Key Up;T;1020990
Key Down;T;1021918
Key Up;T;1021990
Key Down;T;1023374
Key Up;T;1023486
Key Down;T;1024118
Key Up;T;1024246
Key Down;T;1026855
Key Up;T;1026967
Key Down;T;1028159
Key Up;T;1028279
Key Down;T;1029094
Key Up;T;1029198
Key Down;T;1029806
Key Up;T;1029894
Key Down;T;1030302
Key Up;T;1030407
Key Down;T;1030903
Key Up;T;1030999
Key Down;T;1031623
Key Up;T;1031735
Key Down;T;1032695
Key Up;T;1032847
Key Down;T;1033327
Key Up;T;1033375
Key Down;T;1033782
Key Up;T;1033846
Key Down;T;1034374
Key Up;T;1034470
Key Down;T;1035031
Key Up;T;1035135
Key Down;T;1036359
Key Up;T;1036479
Key Down;T;1037287
Key Up;T;1037399
Key Down;T;1037855
Key Up;T;1037959
Key Down;T;1038574
Key Up;T;1038678
Key Down;T;1039198
Key Up;T;1039295
Key Down;T;1041399
Key Up;T;1041495
Key Down;T;1041839
Key Up;T;1041935
Key Down;T;1042527
Key Up;T;1042623
Key Down;T;1043495
Key Up;T;1043647
Key Down;T;1044151
Key Up;T;1044303
Key Down;T;1045391
Key Up;T;1045503
Key Down;T;1045919
Key Up;T;1046079
Key Down;T;1046519
Key Up;T;1046623
Key Down;T;1047047
Key Up;T;1047159
Key Down;T;1047359
Key Up;T;1047447
Key Down;T;1047767
Key Up;T;1047879
Key Down;T;1048703
Key Up;T;1048808
Key Down;T;1049471
Key Up;T;1049575
Key Down;T;1050239
Key Up;T;1050359
Key Down;T;1050871
Key Up;T;1050975
Key Down;T;1053647
Key Up;T;1053767
Key Down;T;1054328
Key Up;T;1054463
Key Down;T;1054943
Key Up;T;1055048
Key Down;T;1057087
Key Up;T;1057199
Key Down;T;1058655
Key Up;T;1058767
Key Down;T;1059416
Key Up;T;1059512
Key Down;T;1060080
Key Up;T;1060184
Key Down;T;1060720
Key Up;T;1060832
Key Down;T;1062183
Key Up;T;1062264
Key Down;T;1062543
Key Up;T;1062671
Key Down;T;1063383
Key Up;T;1063551
Key Down;T;1067424
Key Up;T;1067520
Key Down;T;1068687
Key Up;T;1068815
Key Down;T;1070792
Key Down;F;1070920
Key Up;T;1071200
Key Down;T;1071688
Key Down;X;1073815
Key Up;X;1074728
Key Down;Espace;1075264
Key Up;F;1075616
Key Up;T;1075736
Key Up;Espace;1076672
Key Down;H;1076840
Key Down;T;1076864
Key Up;H;1078560
Key Down;X;1078600
Key Up;X;1079656
Key Up;T;1079704
Key Down;F;1085936
Key Down;T;1086008
Key Up;F;1087441
Key Down;H;1088704
Key Up;T;1089000
Key Up;H;1089008
Key Down;Espace;1089032
Key Down;F;1089264
Key Up;F;1089512
Key Up;Espace;1089752
Key Down;X;1089880
Key Down;F;1089912
Key Down;T;1089920
Key Up;X;1090304
Key Up;T;1090680
Key Up;F;1090704
Key Down;Espace;1091072
Key Down;T;1091312
Key Up;Espace;1091464
Key Up;T;1091512
Key Down;H;1091728
Key Down;G;1091752
Key Up;H;1091873
Key Up;G;1092257
Key Down;H;1092289
Key Up;H;1092424
Key Down;G;1092440
Key Up;G;1092656
Key Down;G;1092848
Key Up;G;1093064
Key Down;F;1093320
Key Up;F;1093768
Key Down;F;1094256
Key Up;F;1094640
Key Down;H;1094848
Key Down;T;1095072
Key Up;T;1095280
Key Up;H;1095561
Key Down;G;1095897
Key Down;F;1096145
Key Up;G;1096177
Key Up;F;1096233
Key Down;G;1096401
Key Up;G;1096848
Key Down;H;1096872
Key Up;H;1096976
Key Down;G;1097280
Key Up;G;1097656
Key Down;G;1097920
Key Down;H;1098064
Key Up;H;1098240
Key Up;G;1098264
Key Down;G;1098504
Key Down;H;1098520
Key Up;H;1098760
Key Up;G;1098768
Key Down;G;1100761
Key Down;H;1100865
Key Up;G;1100913
Key Down;T;1101120
Key Up;T;1101416
Key Up;H;1101440
Key Down;G;1102160
Key Down;F;1102376
Key Up;F;1102440
Key Up;G;1102976
Key Down;G;1103416
Key Down;H;1103440
Key Up;H;1103504
Key Up;G;1103560
Key Down;G;1103889
Key Up;G;1104153
Key Down;G;1104329
Key Up;G;1105081
Key Down;G;1105593
Key Down;H;1105728
Key Up;H;1105920
Key Up;G;1105968
Key Down;G;1106488
Key Up;G;1106808
Key Down;X;1108297
Key Down;F;1108345
Key Down;T;1108481
Key Up;F;1108729
Key Up;X;1108745
Key Down;Espace;1109769
Key Up;T;1110089
Key Up;Espace;1110201
Key Down;G;1110640
Key Down;H;1110672
Key Up;H;1110840
Key Down;F;1111208
Key Up;F;1111232
Key Up;G;1111272
Key Down;G;1111616
Key Up;G;1112040
Key Down;G;1112392
Key Down;X;1112448
Key Up;X;1112625
Key Up;G;1112769
Key Down;G;1113449
Key Down;F;1113457
Key Up;F;1113577
Key Up;G;1113585
Key Down;F;1113865
Key Down;T;1114001
Key Up;F;1114057
Key Down;F;1114425
Key Up;F;1114585
Key Up;T;1114833
Key Down;Espace;1115049
Key Up;Espace;1115161
Key Down;G;1115337
Key Down;H;1115528
Key Up;H;1115640
Key Down;F;1115912
Key Up;F;1115944
Key Up;G;1115976
Key Down;G;1116168
Key Up;G;1116584
Key Down;G;1116832
Key Up;G;1116977
Key Down;X;1117833
Key Up;X;1117977
Key Down;X;1119625
Key Down;T;1119745
Key Down;F;1119753
Key Up;X;1119857
Key Up;F;1119905
Key Up;T;1120249
Key Down;T;1120305
Key Down;H;1120361
Key Up;H;1120601
Key Down;Espace;1121168
Key Up;T;1121353
Key Up;Espace;1121665
Key Down;H;1122361
Key Up;H;1122465
Key Down;G;1122793
Key Up;G;1123697
Key Down;H;1124025
Key Down;G;1124033
Key Up;H;1124177
Key Up;G;1124217
Key Down;T;1125393
Key Up;T;1126361
Key Down;H;1126553
Key Down;G;1126617
Key Up;H;1126721
Key Down;H;1127097
Key Up;H;1127209
Key Down;H;1127393
Key Up;H;1127505
Key Up;G;1127753
Key Down;T;1129713
Key Up;T;1130394
Key Down;T;1131737
Key Down;X;1131794
Key Up;X;1132481
Key Up;T;1132505
Key Down;T;1133401
Key Up;T;1133913
Key Down;Espace;1134017
Key Up;Espace;1134409
Key Down;G;1135081
Key Up;G;1135233
Key Down;T;1136337
Key Down;X;1136441
Key Down;F;1136617
Key Up;T;1136625
Key Up;X;1136977
Key Up;F;1137065
Key Down;T;1138329
Key Down;F;1138337
Key Down;Espace;1138561
Key Up;F;1138569
Key Up;T;1138593
Key Down;T;1138985
Key Up;Espace;1139041
Key Up;T;1139137
Key Down;H;1139377
Key Down;T;1139497
Key Up;H;1139825
Key Up;T;1139913
Key Down;T;1141770
Key Up;T;1142146
Key Down;H;1142482
Key Down;T;1142626
Key Up;H;1142834
Key Up;T;1142938
Key Down;F;1145377
Key Down;T;1145457
Key Up;F;1145713
Key Up;T;1145865
Key Down;T;1146602
Key Up;T;1146818
Key Down;T;1148385
Key Down;F;1148393
Key Up;F;1148729
Key Up;T;1149041
Key Down;Espace;1149561
Key Up;Espace;1150265
Key Down;Espace;1150682
Key Down;T;1153065
Key Down;H;1153153
Key Up;Espace;1153170
Key Up;H;1153537
Key Down;H;1153937
Key Up;H;1154089
Key Up;T;1154465
Key Down;T;1156130
Key Down;H;1156154
Key Up;H;1156458
Key Up;T;1157018
Key Down;T;1157458
Key Up;T;1157666
Key Down;H;1159041
Key Down;T;1159177
Key Up;H;1159506
Key Up;T;1160122
Key Down;X;1162266
Key Up;X;1162362
Key Down;X;1162450
Key Down;F;1163129
Key Down;T;1163138
Key Up;T;1163433
Key Down;G;1163946
Key Up;X;1164146
Key Up;F;1164186
Key Up;G;1164362
Key Down;T;1177202
Key Up;T;1178426
Key Down;T;1179499
Key Up;T;1179755
Key Down;T;1180482
Key Down;Espace;1180530
Key Up;T;1181002
Key Down;H;1181186
Key Up;H;1181370
Key Down;T;1181762
Key Up;T;1181970
Key Up;Espace;1182090
Key Down;T;1184411
Key Down;F;1185050
Key Up;F;1185738
Key Up;T;1185786
Key Down;H;1186386
Key Down;T;1186394
Key Up;T;1186802
Key Up;H;1186810
Key Down;F;1187490
Key Down;T;1187506
Key Up;F;1188043
Key Up;T;1188259
Key Down;T;1188955
Key Down;F;1189091
Key Up;T;1189363
Key Up;F;1189834
Key Down;T;1190114
Key Up;T;1190530
Key Down;T;1197243
Key Up;T;1198587
Key Down;T;1200482
Key Down;F;1200690
Key Up;F;1201106
Key Down;Espace;1201114
Key Up;T;1201467
Key Down;T;1201859
Key Down;F;1202315
Key Up;T;1204219
Key Up;F;1204243
Key Down;T;1205362
Key Down;F;1205699
Key Up;T;1205891
Key Down;T;1206123
Key Up;F;1206491
Key Down;H;1206779
Key Up;T;1207139
Key Up;H;1208483
Key Down;T;1208915
Key Up;Espace;1209243
Key Down;H;1209635
Key Up;T;1209651
Key Up;H;1210011
Key Down;F;1210395
Key Down;T;1210411
Key Up;T;1210611
Key Down;T;1211051
Key Up;F;1211107
Key Down;H;1211235
Key Up;T;1211547
Key Up;H;1212091
Key Down;T;1212275
Key Down;F;1212395
Key Up;T;1212515
Key Up;F;1213019
Key Down;T;1213547
Key Down;H;1213603
Key Up;T;1214083
Key Up;H;1214211
Key Down;F;1214355
Key Down;T;1215500
Key Up;T;1215724
Key Down;T;1216235
Key Up;F;1216347
Key Down;H;1216507
Key Up;T;1216819
Key Down;T;1218035
Key Up;H;1218835
Key Down;F;1218875
Key Up;T;1218915
Key Down;T;1221203
Key Up;F;1221243
Key Down;H;1221403
Key Up;T;1221499
Key Up;H;1221843
Key Down;H;1222099
Key Up;H;1222899
Key Down;T;1222923
Key Down;H;1223259
Key Up;T;1223523
Key Up;H;1224332
Key Down;F;1224348
Key Up;F;1224996
Key Down;T;1225292
Key Up;T;1225556
Key Down;F;1225875
Key Down;T;1227387
Key Up;F;1227531
Key Down;H;1227651
Key Up;T;1227867
Key Down;T;1228155
Key Up;T;1228475
Key Down;T;1229020
Key Up;H;1229172
Key Down;F;1229276
Key Up;T;1229396
Key Down;T;1230667
Key Up;F;1230747
Key Down;H;1230859
Key Up;T;1231051
Key Down;T;1231731
Key Up;H;1232155
Key Up;T;1232195
Key Down;F;1232283
Key Down;T;1232523
Key Up;F;1232675
Key Up;T;1233308
Key Down;F;1233428
Key Down;T;1233580
Key Up;F;1233604
Key Up;T;1233708
Key Down;T;1233876
Key Down;H;1234092
Key Up;H;1234748
Key Down;F;1235156
Key Up;F;1235395
Key Down;H;1236275
Key Up;H;1236715
Key Up;T;1236739
Key Down;F;1237139
Key Down;T;1237852
Key Up;F;1237940
Key Down;H;1238132
Key Up;T;1238276
Key Down;T;1238884
Key Up;H;1239012
Key Down;F;1239148
Key Up;T;1239284
Key Down;T;1239932
Key Up;F;1239980
Key Up;T;1240268
Key Down;F;1240379
Key Up;F;1240476
Key Down;T;1240587
Key Up;T;1240843
Key Down;H;1241195
Key Up;H;1241523
Key Down;H;1242140
Key Down;T;1242340
Key Up;H;1242436
Key Up;T;1242636
Key Down;T;1243956
Key Down;H;1244252
Key Up;H;1244700
Key Up;T;1244812
Key Down;F;1245116
Key Up;F;1246148
Key Down;T;1246612
Key Down;F;1246628
Key Up;F;1247340
Key Up;T;1247476
Key Down;T;1247692
Key Down;F;1248419
Key Up;F;1248571
Key Down;H;1248627
Key Up;T;1248915
Key Down;T;1249452
Key Up;T;1249828
Key Down;T;1250188
Key Up;H;1250468
Key Down;F;1250564
Key Up;T;1250668
Key Down;T;1251420
Key Up;F;1251531
Key Down;H;1251611
Key Up;T;1251739
Key Down;T;1252388
Key Up;H;1252468
Key Down;F;1252532
Key Up;T;1252620
Key Down;T;1252860
Key Up;F;1252932
Key Down;H;1253036
Key Up;T;1253356
Key Up;H;1253676
Key Down;F;1254068
Key Down;T;1254188
Key Up;T;1254324
Key Down;T;1255900
Key Up;F;1256252
Key Down;H;1256301
Key Up;T;1256388
Key Down;T;1257764
Key Up;T;1258308
Key Down;F;1258316
Key Up;H;1258340
Key Down;T;1260276
Key Up;F;1260364
Key Down;H;1260444
Key Up;T;1260701
Key Down;T;1262124
Key Down;F;1262300
Key Up;H;1262364
Key Up;T;1262404
Key Down;T;1263804
Key Up;F;1264052
Key Down;H;1264196
Key Up;T;1264220
Key Up;H;1264628
Key Down;T;1264980
Key Down;H;1265725
Key Up;T;1266021
Key Up;H;1266285
Key Down;H;1266804
Key Down;T;1266836
Key Up;T;1267124
Key Up;H;1267268
Key Down;F;1267420
Key Down;T;1267476
Key Up;F;1267612
Key Up;T;1267876
Key Down;T;1268372
Key Down;H;1268484
Key Up;H;1268628
Key Up;T;1268716
Key Down;T;1268900
Key Down;F;1269252
Key Up;F;1269733
Key Up;T;1269757
Key Down;T;1270021
Key Up;T;1270277
Key Down;F;1270493
Key Down;T;1270621
Key Up;T;1271157
Key Up;F;1271213
Key Down;F;1271588
Key Down;T;1271668
Key Up;F;1271988
Key Down;H;1272180
Key Up;T;1272268
Key Down;T;1273196
Key Up;T;1273396
Key Up;H;1273420
Key Down;F;1273428
Key Down;T;1274581
Key Up;F;1274653
Key Down;H;1274805
Key Up;T;1275181
Key Down;T;1275445
Key Up;T;1276292
Key Up;H;1276317
Key Down;F;1276500
Key Down;T;1277716
Key Up;F;1277804
Key Down;H;1277892
Key Up;H;1278084
Key Up;T;1278132
Key Down;T;1278533
Key Up;T;1278661
Key Down;H;1278805
Key Up;H;1278997
Key Down;F;1279333
Key Down;T;1279365
Key Up;F;1279821
Key Up;T;1279885
Key Down;H;1280172
Key Down;T;1280292
Key Up;T;1280517
Key Down;T;1280925
Key Up;T;1281109
Key Down;T;1281389
Key Up;T;1281573
Key Down;T;1281829
Key Up;H;1282109
Key Down;F;1282229
Key Up;T;1282293
Key Down;T;1282789
Key Up;F;1282845
Key Down;H;1282989
Key Up;H;1283373
Key Up;T;1283517
Key Down;F;1283525
Key Up;F;1283853
Key Down;H;1283989
Key Down;T;1284045
Key Up;H;1284341
Key Up;T;1284468
Key Down;T;1284892
Key Down;H;1285116
Key Up;H;1285364
Key Down;H;1285757
Key Up;H;1285909
Key Down;S;1285973
Key Down;H;1286397
Key Up;S;1286405
Key Up;H;1286589
Key Up;T;1286820
Key Down;F;1287108
Key Down;T;1287284
Key Up;F;1287708
Key Up;T;1288148
Key Down;T;1288349
Key Down;H;1288485
Key Up;T;1289173
Key Up;H;1289333
Key Down;T;1289773
Key Down;F;1289781
Key Up;F;1290117
Key Down;H;1290173
Key Up;T;1290349
Key Up;H;1290629
Key Down;H;1290845
Key Down;T;1291045
Key Up;H;1291229
Key Up;T;1291253
Key Down;T;1292212
Key Down;H;1292228
Key Up;T;1292572
Key Up;H;1292789
Key Down;T;1293141
Key Up;T;1293677
Key Down;T;1294669
Key Up;T;1294821
Key Down;F;1295029
Key Up;F;1295637
Key Down;H;1295805
Key Up;H;1296101
Key Down;T;1296261
Key Up;T;1296405
Key Down;G;1296645
Key Up;G;1296901
Key Down;T;1297093
Key Up;T;1297469
Key Down;F;1297669
Key Down;T;1297741
Key Up;F;1297765
Key Up;T;1298101
Key Down;T;1298477
Key Up;T;1298653
Key Down;F;1298925
Key Down;T;1298997
Key Up;F;1299069
Key Up;T;1299197
Key Down;F;1299509
Key Down;T;1299701
Key Up;F;1299797
Key Down;F;1300293
Key Up;T;1300389
Key Down;T;1301125
Key Up;F;1301317
Key Down;H;1301678
Key Up;T;1301893
Key Up;H;1301974
Key Down;F;1302173
Key Down;G;1302613
Key Up;G;1302757
Key Down;T;1302965
Key Up;T;1303269
Key Down;T;1303477
Key Up;F;1303845
Key Up;T;1303877
Key Down;F;1304269
Key Up;F;1304517
Key Down;T;1304877
Key Down;F;1304901
Key Up;T;1304989
Key Up;F;1305045
Key Down;F;1305237
Key Up;F;1305333
Key Down;T;1305349
Key Up;T;1305781
Key Down;H;1305789
Key Up;H;1305869
Key Down;T;1306110
Key Up;T;1306310
Key Down;T;1307093
Key Down;F;1307134
Key Up;F;1307309
Key Up;T;1307533
Key Down;F;1307941
Key Down;T;1308077
Key Up;F;1308381
Key Up;T;1308413
Key Down;H;1308709
Key Down;T;1308901
Key Up;H;1309053
Key Up;T;1309229
Key Down;T;1309717
Key Down;F;1309893
Key Up;T;1310029
Key Up;F;1310229
Key Down;T;1310253
Key Down;H;1310406
Key Up;T;1310630
Key Up;H;1311134
Key Down;G;1313973
Key Up;G;1314133
Key Down;T;1314445
Key Down;H;1314878
Key Up;H;1315470
Key Up;T;1315518
Key Down;G;1315862
Key Down;F;1316030
Key Up;G;1316094
Key Up;F;1316190
Key Down;T;1316318
Key Down;F;1316478
Key Up;F;1316670
Key Up;T;1316718
Key Down;T;1317245
Key Up;T;1317445
Key Down;F;1317693
Key Up;F;1317837
Key Down;T;1318285
Key Down;H;1318318
Key Up;T;1318613
Key Up;H;1319086
Key Down;T;1319270
Key Down;F;1319422
Key Up;T;1319454
Key Down;T;1320278
Key Up;F;1320294
Key Down;H;1320510
Key Up;H;1320630
Key Up;T;1320694
Key Down;T;1321246
Key Up;T;1321637
Key Down;F;1321789
Key Down;T;1322029
Key Up;T;1322461
Key Up;F;1322677
Key Down;H;1322765
Key Down;T;1322853
Key Up;T;1323101
Key Up;H;1323710
Key Down;F;1323886
Key Down;T;1324150
Key Up;T;1324326
Key Down;T;1324845
Key Up;F;1324989
Key Down;H;1325245
Key Up;T;1325357
Key Down;T;1326414
Key Up;H;1326462
Key Down;F;1326590
Key Up;T;1326750
Key Up;F;1326830
Key Down;H;1326926
Key Down;T;1327070
Key Up;T;1327326
Key Down;T;1327638
Key Up;H;1327894
Key Up;T;1327918
Key Down;F;1327950
Key Up;F;1328702
Key Down;H;1328902
Key Up;H;1329557
Key Down;F;1329637
Key Down;T;1330069
Key Up;T;1330670
Key Up;F;1330686
Key Down;F;1331166
Key Up;F;1331862
Key Down;T;1331966
Key Up;T;1332398
Key Down;H;1332422
Key Down;T;1332662
Key Up;T;1333006
Key Up;H;1333198
Key Down;T;1333566
Key Up;T;1333766
Key Down;T;1334078
Key Down;H;1334229
Key Up;T;1334549
Key Up;H;1334886
Key Down;F;1335430
Key Down;T;1335494
Key Up;F;1335502
Key Down;H;1335566
Key Down;X;1335670
Key Up;H;1335702
Key Up;X;1335910
Key Down;X;1336270
Key Down;H;1336430
Key Up;X;1336438
Key Up;H;1336710
Key Up;T;1336798
Key Down;T;1337022
Key Up;T;1337270
Key Down;X;1337486
Key Up;X;1337638
Key Down;H;1338118
Key Down;T;1338126
Key Up;T;1338310
Key Up;H;1338414
Key Down;T;1339750
Key Up;T;1339902
Key Down;T;1340518
Key Down;H;1340686
Key Up;T;1341142
Key Up;H;1341430
Key Down;F;1341814
Key Down;T;1342182
Key Up;F;1342230
Key Up;T;1342446
Key Down;H;1342998
Key Up;H;1343406
Key Down;T;1344262
Key Up;T;1344742
Key Down;T;1362686
Key Down;X;1363094
Key Up;X;1363630
Key Down;S;1363982
Key Up;S;1364207
Key Down;X;1364839
Key Up;X;1365055
Key Down;X;1365415
Key Up;X;1365599
Key Down;X;1366287
Key Up;X;1366463
Key Down;H;1367486
Key Up;T;1367774
Key Down;G;1367998
Key Up;G;1368735
Key Down;G;1369135
Key Up;G;1369263
Key Down;G;1370583
Key Up;H;1370759
Key Down;F;1370767
Key Up;G;1370847
Key Down;X;1372022
Key Up;X;1372214
Key Down;G;1373687
Key Up;F;1374135
Key Down;H;1374287
Key Up;G;1374335
Key Up;H;1374399
Key Down;F;1374455
Key Up;F;1374535
Key Down;H;1374807
Key Up;H;1375087
Key Down;G;1375423
Key Down;F;1375591
Key Up;G;1375687
Key Up;F;1376223
Key Down;G;1376255
Key Down;H;1376367
Key Up;G;1376431
Key Up;H;1377246
Key Down;H;1377599
Key Down;T;1377879
Key Up;H;1378375
Key Down;H;1378559
Key Up;T;1378991
Key Up;H;1379127
Key Down;G;1379167
Key Down;H;1379239
Key Up;H;1379359
Key Down;F;1379767
Key Up;G;1379791
Key Down;G;1380575
Key Up;F;1380639
Key Down;H;1380687
Key Up;G;1380823
Key Down;G;1381575
Key Up;H;1381687
Key Down;F;1381711
Key Up;G;1381832
Key Down;G;1382487
Key Up;F;1382591
Key Down;H;1382647
Key Up;G;1382831
Key Up;H;1383631
Key Down;G;1383799
Key Up;G;1384047
Key Down;G;1384423
Key Down;F;1384527
Key Up;G;1384591
Key Down;G;1385439
Key Up;F;1385479
Key Down;H;1385551
Key Up;G;1385671
Key Down;G;1386376
Key Up;H;1386496
Key Down;F;1386576
Key Up;G;1386672
Key Down;G;1387391
Key Up;F;1387447
Key Down;H;1387503
Key Up;G;1387567
Key Up;H;1388287
Key Down;G;1388543
Key Down;F;1388583
Key Up;G;1388727
Key Down;G;1389079
Key Up;F;1389215
Key Up;G;1389479
Key Down;T;1390055
Key Down;F;1390111
Key Up;T;1390183
Key Up;F;1390303
Key Down;G;1390543
Key Down;H;1391032
Key Up;G;1391128
Key Down;G;1392367
Key Up;H;1392511
Key Down;F;1392519
Key Up;G;1392575
Key Down;G;1393704
Key Up;F;1393784
Key Down;H;1393832
Key Up;G;1393935
Key Down;G;1395096
Key Up;H;1395256
Key Down;F;1395264
Key Up;G;1395384
Key Up;F;1395576
Key Down;G;1395864
Key Down;F;1396104
Key Up;G;1396176
Key Down;G;1397335
Key Up;F;1397407
Key Down;H;1397447
Key Up;G;1397559
Key Down;G;1398543
Key Up;H;1398791
Key Down;F;1398799
Key Up;G;1398863
Key Down;G;1399344
Key Up;G;1399503
Key Down;G;1399871
Key Up;F;1399991
Key Down;H;1400143
Key Up;G;1400263
Key Down;G;1401432
Key Up;H;1401680
Key Down;F;1401704
Key Up;G;1401848
Key Up;F;1402184
Key Down;X;1403679
Key Down;H;1403743
Key Down;T;1403751
Key Up;X;1403863
Key Up;H;1404087
Key Up;T;1404191
Key Down;H;1404599
Key Down;G;1404679
Key Up;G;1404791
Key Down;G;1405032
Key Up;G;1405296
Key Down;G;1405648
Key Up;H;1405824
Key Down;F;1405904
Key Up;G;1406000
Key Down;G;1406344
Key Up;F;1406400
Key Down;H;1406520
Key Up;G;1406720
Key Down;G;1406920
Key Up;H;1407016
Key Down;F;1407088
Key Up;G;1407184
Key Up;F;1408039
Key Down;X;1408143
Key Down;F;1408151
Key Down;T;1408159
Key Up;X;1408367
Key Up;T;1408527
Key Up;F;1408551
Key Down;T;1408799
Key Up;T;1409031
Key Down;F;1410208
Key Up;F;1410376
Key Down;H;1410576
Key Up;H;1411384
Key Down;T;1412208
Key Down;H;1412767
Key Up;H;1412991
Key Up;T;1413055
Key Down;H;1414096
Key Up;H;1414304
Key Down;T;1414800
Key Down;F;1415064
Key Up;F;1415472
Key Up;T;1415744
Key Down;F;1415816
Key Up;F;1415936
Key Down;G;1415944
Key Down;H;1416072
Key Up;H;1416312
Key Down;F;1416528
Key Up;F;1416728
Key Down;H;1416872
Key Up;H;1417240
Key Up;G;1417360
Key Down;G;1417927
Key Up;G;1418183
Key Down;G;1418440
Key Down;H;1418608
Key Up;H;1418808
Key Up;G;1418864
Key Down;H;1419208
Key Down;G;1419248
Key Up;H;1419376
Key Down;H;1419512
Key Up;H;1419760
Key Down;H;1420016
Key Up;G;1420128
Key Up;H;1420184
Key Down;G;1420944
Key Up;G;1421160
Key Down;F;1421672
Key Down;G;1421688
Key Up;G;1422168
Key Up;F;1422336
Key Down;H;1423416
Key Up;H;1423568
Key Down;G;1423640
Key Up;G;1423816
Key Down;H;1423936
Key Up;H;1424136
Key Down;H;1424328
Key Up;H;1424656
Key Down;H;1424784
Key Up;H;1425016
Key Down;H;1425184
Key Up;H;1425432
Key Down;H;1425576
Key Up;H;1425792
Key Down;H;1425984
Key Up;H;1426200
Key Down;H;1426384
Key Up;H;1426584
Key Down;H;1426744
Key Up;H;1426960
Key Down;H;1427129
Key Up;H;1427313
Key Down;H;1427529
Key Up;H;1427744
Key Down;H;1427896
Key Up;H;1428120
Key Down;G;1428128
Key Down;F;1428304
Key Up;G;1428408
Key Down;X;1428888
Key Up;X;1429088
Key Up;F;1429248
Key Down;F;1429705
Key Up;F;1429977
Key Down;F;1430176
Key Down;G;1430489
Key Up;F;1430584
Key Down;H;1430665
Key Up;H;1431080
Key Down;F;1431096
Key Up;G;1431184
Key Down;G;1431536
Key Up;F;1431640
Key Down;H;1431712
Key Up;H;1432144
Key Down;F;1432352
Key Up;G;1432472
Key Down;G;1432848
Key Up;F;1432936
Key Down;H;1433112
Key Up;G;1433752
Key Up;H;1433776
Key Down;F;1433960
Key Down;G;1434305
Key Up;F;1434408
Key Down;H;1434520
Key Up;G;1434616
Key Up;H;1434960
Key Down;G;1434968
Key Down;F;1435176
Key Up;G;1435248
Key Down;G;1435592
Key Up;F;1435640
Key Down;X;1435832
Key Up;X;1436008
Key Down;H;1436248
Key Up;G;1436264
Key Up;H;1436792
Key Down;T;1437040
Key Down;H;1437152
Key Up;T;1437184
Key Up;H;1437456
Key Down;H;1438032
Key Up;H;1438416
Key Down;F;1439080
Key Down;T;1439200
Key Up;F;1439384
Key Down;H;1439888
Key Up;H;1440208
Key Up;T;1440416
Key Down;F;1440688
Key Down;T;1440824
Key Up;F;1440880
Key Up;T;1440976
Key Down;T;1441176
Key Down;F;1441320
Key Up;T;1441769
Key Up;F;1441825
Key Down;F;1442321
Key Up;F;1443896
Key Down;H;1444240
Key Down;T;1444376
Key Up;H;1444496
Key Up;T;1444520
Key Down;H;1444848
Key Down;T;1444992
Key Up;H;1445360
Key Up;T;1445880
Key Down;X;1446497
Key Down;F;1446505
Key Up;F;1446593
Key Up;X;1446657
Key Down;T;1446865
Key Up;T;1447209
Key Down;T;1447833
Key Down;H;1448113
Key Up;H;1448137
Key Up;T;1448145
Key Down;F;1448585
Key Up;F;1449576
Key Down;T;1449704
Key Down;F;1450040
Key Up;T;1450080
Key Up;F;1450593
Key Down;H;1450737
Key Down;T;1450817
Key Up;T;1451209
Key Up;H;1452097
Key Down;H;1453009
Key Up;H;1453313
Key Down;H;1453513
Key Up;H;1453737
Key Down;H;1453913
Key Up;H;1454144
Key Down;H;1454312
Key Up;H;1454472
Key Down;H;1454712
Key Up;H;1454896
Key Down;G;1455145
Key Down;F;1455457
Key Up;G;1455705
Key Up;F;1456209
Key Down;F;1456353
Key Down;X;1456369
Key Up;X;1456561
Key Up;F;1456681
Key Down;F;1457065
Key Up;F;1457217
Key Down;F;1457801
Key Up;F;1457897
Key Down;T;1459304
Key Up;T;1459481
Key Down;T;1460489
Key Down;H;1460737
Key Up;H;1460977
Key Down;H;1461377
Key Up;T;1461809
Key Down;G;1462001
Key Up;G;1462209
Key Down;G;1462489
Key Up;H;1463728
Key Down;F;1463752
Key Up;G;1463865
Key Down;X;1464473
Key Up;X;1464665
Key Down;X;1465529
Key Up;X;1465689
Key Up;F;1465761
Key Down;H;1466137
Key Up;H;1466529
Key Down;G;1466665
Key Down;H;1466713
Key Up;G;1466841
Key Down;G;1467449
Key Up;H;1467513
Key Down;F;1467585
Key Up;G;1467673
Key Up;F;1467993
Key Down;H;1468266
Key Up;H;1468546
Key Down;F;1469209
Key Down;G;1469401
Key Up;F;1469465
Key Down;H;1470658
Key Up;H;1470770
Key Down;F;1471017
Key Up;G;1471073
Key Up;F;1471497
Key Down;G;1471969
Key Down;H;1472137
Key Up;H;1472489
Key Up;G;1472689
Key Down;F;1472929
Key Down;X;1472937
Key Up;X;1473177
Key Down;X;1473745
Key Down;T;1473929
Key Up;X;1473961
Key Up;F;1474073
Key Up;T;1474329
Key Down;H;1475985
Key Up;H;1476113
Key Down;H;1476265
Key Up;H;1476465
Key Down;H;1476617
Key Up;H;1476841
Key Down;F;1477193
Key Down;T;1477313
Key Up;F;1477361
Key Down;F;1477729
Key Up;F;1478009
Key Up;T;1478057
Key Down;T;1480074
Key Down;S;1480410
Key Up;S;1480682
Key Down;X;1481145
Key Up;X;1481385
Key Down;X;1481969
Key Up;X;1482169
Key Up;T;1482433
Key Down;F;1483777
Key Down;T;1483841
Key Up;F;1484042
Key Up;T;1484298
Key Down;G;1484730
Key Up;G;1484922
Key Down;F;1485146
Key Up;F;1485498
Key Down;G;1485602
Key Down;H;1485762
Key Up;G;1485978
Key Down;G;1486297
Key Up;H;1486361
Key Down;F;1486417
Key Up;G;1486529
Key Down;G;1486897
Key Up;F;1486985
Key Down;H;1487097
Key Up;G;1487185
Key Down;G;1487737
Key Up;H;1487785
Key Down;F;1487841
Key Up;G;1487921
Key Down;G;1488233
Key Up;F;1488265
Key Up;G;1488378
Key Down;G;1488650
Key Up;G;1488802
Key Down;H;1489130
Key Up;H;1489266
Key Down;T;1489762
Key Up;T;1490162
Key Down;G;1490386
Key Up;G;1491201
Key Down;G;1491377
Key Down;H;1491489
Key Up;G;1491521
Key Up;H;1491785
Key Down;G;1492417
Key Down;F;1492545
Key Up;G;1492681
Key Up;F;1492874
Key Down;G;1492890
Key Down;H;1493130
Key Down;X;1493210
Key Up;X;1493346
Key Up;G;1493434
Key Up;H;1493826
Key Down;F;1494170
Key Down;X;1494346
Key Up;X;1494522
Key Up;F;1494706
Key Down;T;1495210
Key Up;T;1495362
Key Down;T;1495730
Key Up;T;1495922
Key Down;T;1496233
Key Down;H;1496425
Key Up;H;1496593
Key Down;H;1496873
Key Up;T;1496881
Key Up;H;1497049
Key Down;H;1497386
Key Up;H;1497770
Key Down;T;1497786
Key Up;T;1498058
Key Down;F;1498194
Key Up;F;1498618
Key Down;F;1498922
Key Up;F;1499042
Key Down;H;1499170
Key Up;H;1499450
Key Down;F;1499658
Key Down;T;1499786
Key Up;F;1499898
Key Down;H;1500170
Key Up;H;1500738
Key Down;H;1501145
Key Up;T;1502458
Key Up;H;1502506
Key Down;F;1502906
Key Down;G;1505450
Key Up;F;1505506
Key Down;H;1505586
Key Up;G;1505825
Key Down;G;1506754
Key Up;H;1506874
Key Down;F;1506882
Key Up;G;1506986
Key Down;G;1507634
Key Up;F;1507986
Key Up;G;1508251
Key Down;H;1508354
Key Up;H;1509050
Key Down;F;1509674
Key Down;G;1509698
Key Up;F;1510010
Key Up;G;1510410
Key Down;F;1510538
Key Up;F;1510738
Key Down;G;1510906
Key Down;H;1511074
Key Up;G;1511154
Key Up;H;1511338
Key Down;G;1511746
Key Down;X;1511890
Key Up;X;1512034
Key Up;G;1512434
Key Down;H;1512874
Key Up;H;1514090
Key Down;T;1515250
Key Up;T;1515794
Key Down;X;1515842
Key Up;X;1515994
Key Down;T;1516074
Key Up;T;1516914
Key Down;H;1517066
Key Down;G;1517130
Key Up;G;1517498
Key Down;T;1518002
Key Up;H;1518091
Key Down;F;1518131
Key Up;T;1518251
Key Up;F;1518443
Key Down;F;1518731
Key Up;F;1518834
Key Down;T;1520026
Key Up;T;1520250
Key Down;F;1520394
Key Up;F;1520714
Key Down;F;1521018
Key Up;F;1521242
Key Down;F;1521458
Key Up;F;1521586
Key Down;T;1522363
Key Down;H;1522507
Key Up;T;1522731
Key Up;H;1522891
Key Down;H;1523299
Key Up;H;1523411
Key Down;H;1523738
Key Up;H;1523946
Key Down;T;1524778
Key Up;T;1525074
Key Down;H;1525498
Key Down;T;1525554
Key Up;H;1525674
Key Up;T;1525714
Key Down;T;1525994
Key Down;H;1526299
Key Up;H;1526435
Key Up;T;1526555
Key Down;T;1527547
Key Down;H;1527835
Key Up;H;1528059
Key Up;T;1528163
Key Down;H;1528746
Key Up;H;1528834
Key Down;T;1529362
Key Down;H;1529706
Key Up;T;1529802
Key Up;H;1529834
Key Down;H;1530042
Key Up;H;1530234
Key Down;T;1531699
Key Down;H;1531779
Key Up;T;1531867
Key Up;H;1531883
Key Down;F;1532243
Key Up;F;1532875
Key Down;F;1533834
Key Up;F;1535563
Key Down;T;1535907
Key Down;S;1536091
Key Up;S;1536219
Key Down;X;1536931
Key Up;X;1537011
Key Down;X;1537107
Key Up;T;1537139
Key Down;G;1537739
Key Down;H;1538219
Key Up;H;1538403
Key Up;X;1538442
Key Up;G;1538498
Key Down;T;1538770
Key Up;T;1539090
Key Down;Right Shift;1539450
Key Down;Barre oblique;1539579
Key Up;Barre oblique;1539659
Key Up;Right Shift;1539667
Key Down;Haut;1539955
Key Up;Haut;1540027
Key Down;Entrée;1540427
Key Up;Entrée;1540475
Key Down;T;1541739
Key Up;T;1541923
Key Down;Echap;1542299
Key Up;Echap;1542426
Key Down;Left Alt;1548251
Key Down;Tab;1548307
Key Up;Left Alt;1548653
Key Up;Tab;1548658
