Event;Key;Time
Key Down;Entrée;1849
Key Up;Entrée;1940
Key Down;Z;5836
Key Down;Droite;5948
Key Down;D;6001
Key Up;Z;6192
Key Down;Z;6603
Key Up;Z;6758
Key Up;D;7465
Key Down;D;7869
Key Up;D;8109
Key Down;D;8316
Key Up;D;8482
Key Down;Z;8743
Key Down;Q;8748
Key Up;Z;8977
Key Up;Q;8982
Key Down;Z;9403
Key Up;Z;9558
Key Down;Q;9702
Key Up;Q;9829
Key Down;D;9984
Key Down;Bas;10021
Key Down;Z;10059
Key Up;Z;10403
Key Up;Droite;10617
Key Down;S;10627
Key Down;Droite;10792
Key Up;D;10797
Key Up;S;10920
Key Down;Gauche;11000
Key Up;Droite;11011
Key Up;Bas;11064
Key Down;Z;11187
Key Up;Z;11309
Key Down;D;11352
Key Up;D;11666
Key Down;D;11916
Key Down;S;11959
Key Up;D;12103
Key Up;S;12119
Key Down;D;12487
Key Up;D;12635
Key Down;S;12912
Key Up;S;13057
Key Down;Q;13364
Key Down;Z;13375
Key Down;Haut;13598
Key Up;Gauche;13678
Key Up;Q;13790
Key Down;Q;14003
Key Up;Q;14206
Key Up;Z;14445
Key Down;Z;15057
Key Up;Z;15191
Key Down;Q;15287
Key Up;Q;15671
Key Down;Q;16006
Key Up;Q;16087
Key Down;D;16644
Key Up;D;16707
Key Down;D;17080
Key Down;Z;17321
Key Up;D;17470
Key Down;D;17661
Key Up;D;17714
Key Down;Droite;17746
Key Up;Z;17794
Key Down;D;17848
Key Down;Z;18061
Key Up;D;18066
Key Down;Q;18173
Key Up;Droite;18300
Key Up;Z;18343
Key Up;Q;18445
Key Down;Droite;18657
Key Down;S;18673
Key Up;Haut;18700
Key Down;D;18817
Key Up;S;18929
Key Up;Droite;18961
Key Up;D;19300
Key Down;Haut;19345
Key Down;D;19568
Key Up;D;19654
Key Down;Q;20021
Key Up;Q;20134
Key Down;Q;21348
Key Up;Haut;21406
Key Down;Bas;21545
Key Down;S;21561
Key Down;Droite;21582
Key Up;Droite;21646
Key Up;Q;21960
Key Up;S;22279
Key Down;S;22726
Key Down;D;23019
Key Down;Droite;23045
Key Up;S;23222
Key Up;Bas;23243
Key Down;S;23829
Key Up;S;23978
Key Down;Z;24330
Key Up;Z;24404
Key Up;D;24873
Key Down;D;25150
Key Up;D;25596
Key Down;Q;26220
Key Up;Q;26400
Key Down;D;26667
Key Up;D;26812
Key Down;Q;26928
Key Down;Z;27317
Key Up;Q;27355
Key Up;Z;27498
Key Down;S;27679
Key Up;S;27866
Key Down;S;28185
Key Up;S;28328
Key Down;Z;28488
Key Up;Z;28658
Key Down;Z;29041
Key Up;Z;29137
Key Down;S;29292
Key Up;S;29462
Key Down;S;29931
Key Up;S;30059
Key Down;D;30267
Key Down;Z;30347
Key Up;Z;30581
Key Up;D;31072
Key Down;S;31173
Key Down;D;31237
Key Up;S;31411
Key Up;D;31437
Key Down;D;32865
Key Down;S;33046
Key Down;Haut;33088
Key Up;Droite;33136
Key Up;S;33323
Key Up;D;33531
Key Down;D;34450
Key Up;D;34536
Key Down;S;34834
Key Up;S;34941
Key Down;D;35068
Key Up;D;35165
Key Down;D;35841
Key Up;D;35926
Key Down;D;36470
Key Up;D;36603
Key Down;Q;37199
Key Up;Q;37327
Key Down;Q;37709
Key Up;Q;37874
Key Down;D;38753
Key Up;D;38827
Key Down;D;39387
Key Up;D;39473
Key Down;Q;39962
Key Up;Q;40053
Key Down;Q;40520
Key Up;Q;40669
Key Down;Q;40919
Key Down;Z;41271
Key Down;Droite;41351
Key Up;Z;41447
Key Up;Haut;41458
Key Down;S;41570
Key Down;Bas;41612
Key Up;Q;41660
Key Up;Droite;41702
Key Down;Q;41878
Key Up;Q;42193
Key Up;S;42449
Key Down;S;43077
Key Up;S;43215
Key Down;Q;43427
Key Down;Droite;43458
Key Up;Bas;43533
Key Down;S;43560
Key Up;Q;43677
Key Down;D;43768
Key Up;S;43773
Key Up;D;43890
Key Down;Q;43960
Key Up;Q;44167
Key Down;Q;44317
Key Down;S;44364
Key Up;Q;44535
Key Up;S;44572
Key Down;Q;44749
Key Up;Q;44955
Key Down;S;45126
Key Down;Q;45217
Key Up;S;45259
Key Up;Q;45403
Key Down;D;45803
Key Down;S;45840
Key Up;D;45946
Key Up;S;46005
Key Down;Q;46192
Key Up;Q;46336
Key Down;Z;46606
Key Up;Z;46750
Key Down;Q;46889
Key Down;S;46899
Key Up;Q;47101
Key Down;Haut;47186
Key Down;D;47203
Key Up;Droite;47346
Key Up;D;47362
Key Up;S;47389
Key Down;D;47576
Key Down;S;47581
Key Up;D;47698
Key Up;S;47783
Key Down;Q;47985
Key Up;Q;48129
Key Down;S;48247
Key Up;S;48460
Key Down;D;48630
Key Down;Gauche;48672
Key Up;Haut;48816
Key Up;D;48992
Key Down;D;49301
Key Down;Z;49545
Key Up;D;49620
Key Up;Z;49683
Key Down;D;50056
Key Down;Z;50242
Key Up;D;50328
Key Down;Bas;50541
Key Down;Q;50605
Key Up;Gauche;50674
Key Up;Z;50728
Key Up;Q;50733
Key Down;S;51026
Key Down;D;51302
Key Up;D;51431
Key Up;S;52113
Key Down;Droite;52272
Key Up;Bas;52416
Key Down;S;52580
Key Down;D;52974
Key Up;S;52990
Key Up;D;53192
Key Down;S;53330
Key Up;S;53506
Key Down;Q;53544
Key Up;Q;53682
Key Down;S;54087
Key Up;S;54268
Key Down;S;54465
Key Up;S;54721
Key Down;Q;54769
Key Down;Z;55121
Key Up;Q;55233
Key Up;Z;55344
Key Down;Z;55605
Key Down;D;55845
Key Down;Bas;55951
Key Up;Droite;56100
Key Up;D;56191
Key Up;Z;56201
Key Down;Z;56420
Key Down;Q;56446
Key Up;Q;56654
Key Up;Z;56670
Key Down;Z;56921
Key Down;D;57022
Key Up;Z;57128
Key Up;D;57165
Key Down;D;57453
Key Down;Gauche;57741
Key Down;S;57815
Key Up;Bas;57826
Key Up;D;57858
Key Down;Q;57965
Key Up;S;58375
Key Up;Q;58544
Key Down;S;58836
Key Up;S;58986
Key Down;S;59279
Key Down;D;59284
Key Up;S;59386
Key Up;D;59427
Key Down;Q;59556
Key Down;Z;59763
Key Up;Q;59849
Key Up;Z;59892
Key Down;D;60190
Key Down;Z;60269
Key Up;Z;60445
Key Up;D;60478
Key Down;Droite;60659
Key Down;Q;60674
Key Up;Gauche;60717
Key Down;S;60839
Key Up;Q;60899
Key Down;D;60904
Key Up;S;60909
Key Down;S;61293
Key Up;D;61297
Key Up;S;61410
Key Down;Q;61792
Key Up;Q;62298
Key Down;D;62442
Key Down;Z;62521
Key Up;Z;62596
Key Up;D;63081
Key Down;Q;63182
Key Down;Bas;63283
Key Up;Q;63412
Key Up;Droite;63470
Key Down;S;63603
Key Down;D;64199
Key Up;D;64322
Key Up;S;64619
Key Down;S;65195
Key Down;Gauche;65280
Key Up;Bas;65360
Key Down;Q;65488
Key Up;Q;65663
Key Down;D;65754
Key Up;S;65770
Key Up;D;66926
Key Down;Q;66990
Key Up;Q;67702
Key Down;Q;68107
Key Up;Q;68416
Key Down;D;68501
Key Up;D;68901
Key Down;Q;68997
Key Down;Z;69072
Key Up;Z;69353
Key Up;Q;69534
Key Down;Q;69705
Key Down;Z;69721
Key Up;Z;70004
Key Up;Q;70083
Key Down;Q;70349
Key Down;S;70557
Key Up;S;70727
Key Up;Q;70811
Key Down;Droite;70854
Key Down;S;70870
Key Up;Gauche;70966
Key Down;D;71062
Key Up;D;71302
Key Down;Q;71404
Key Up;S;71536
Key Up;Q;71648
Key Down;D;71855
Key Down;S;72399
Key Up;D;72575
Key Down;Q;72591
Key Up;S;72671
Key Up;Q;72831
Key Down;D;73049
Key Down;Z;73113
Key Up;Z;73352
Key Up;D;73491
Key Down;Q;73676
Key Up;Q;73884
Key Down;D;73932
Key Down;S;73996
Key Up;S;74155
Key Up;D;74204
Key Down;Q;74390
Key Down;Bas;74566
Key Down;Z;74592
Key Up;Q;74635
Key Up;Droite;74683
Key Down;D;74773
Key Up;Z;74821
Key Down;Gauche;74853
Key Down;Z;74869
Key Up;Bas;74896
Key Up;D;74907
Key Up;Z;75066
Key Down;Haut;75093
Key Down;D;75114
Key Up;Gauche;75242
Key Up;D;75284
Key Up;Haut;75343
Key Down;Bas;75402
Key Down;S;75417
Key Down;Q;75444
Key Up;Q;75657
Key Up;S;77472
Key Down;Entrée;77648
Key Up;Entrée;77776
Key Down;S;78469
Key Up;S;78634
Key Down;S;79560
Key Down;Droite;79582
Key Up;Bas;79719
Key Down;D;80028
Key Up;S;80113
Key Down;S;80348
Key Up;D;80369
Key Up;S;80534
Key Down;Q;81280
Key Up;Q;81450
Key Down;S;81849
Key Up;S;82020
Key Down;Q;82377
Key Down;Z;82399
Key Up;Q;82596
Key Down;D;82743
Key Up;Z;82785
Key Up;D;83211
Key Down;Z;83404
Key Up;Z;83510
Key Down;D;83793
Key Up;D;84005
Key Down;Q;84224
Key Up;Q;84447
Key Down;Q;84933
Key Down;S;85124
Key Up;S;85402
Key Up;Q;85487
Key Down;Q;85647
Key Up;Q;85880
Key Down;Q;86317
Key Up;Q;86497
Key Down;Z;86769
Key Down;D;86982
Key Up;Z;87137
Key Up;D;87499
Key Down;Z;87504
Key Down;D;87685
Key Up;Z;87691
Key Down;Z;87840
Key Up;Z;88016
Key Up;D;88053
Key Down;D;88271
Key Up;D;88473
Key Down;S;88575
Key Up;S;88709
Key Down;Q;88792
Key Up;Q;88915
Key Down;Q;89165
Key Down;S;89341
Key Down;Gauche;89372
Key Up;Droite;89420
Key Up;Q;89436
Key Up;S;89443
Key Down;Z;89554
Key Down;Q;89644
Key Up;Z;89847
Key Up;Q;89852
Key Down;Z;90145
Key Down;Q;90161
Key Up;Z;90267
Key Up;Q;90294
Key Down;D;90560
Key Down;Droite;90614
Key Up;Gauche;90641
Key Up;D;90742
Key Down;S;90832
Key Down;Q;91019
Key Up;Q;91216
Key Up;S;91222
Key Down;D;91333
Key Up;D;91445
Key Down;Gauche;91918
Key Down;D;92013
Key Up;Droite;92024
Key Down;S;92216
Key Up;D;92221
Key Down;Q;92306
Key Up;S;92685
Key Up;Q;92690
Key Up;Gauche;93377
Key Down;Z;93405
Key Down;Droite;93426
Key Down;Q;93469
Key Up;Q;93698
Key Up;Z;93873
Key Down;Gauche;93958
Key Down;Q;94108
Key Down;Z;94113
Key Up;Q;94167
Key Up;Droite;94263
Key Up;Z;94400
Key Down;Q;94624
Key Up;Q;94836
Key Down;S;95007
Key Down;Q;95151
Key Up;S;95161
Key Up;Q;95279
Key Down;S;95556
Key Down;D;95619
Key Up;S;95806
Key Up;D;95982
Key Down;S;96360
Key Up;S;96498
Key Down;S;96909
Key Down;D;97142
Key Up;S;97227
Key Up;D;97318
Key Down;D;97484
Key Up;D;97713
Key Down;D;98063
Key Down;S;98170
Key Up;D;98383
Key Up;S;98388
Key Down;Z;98563
Key Down;D;98639
Key Up;D;98915
Key Up;Z;98925
Key Down;Q;98957
Key Down;Z;99075
Key Up;Q;99251
Key Up;Z;99320
Key Down;S;99527
Key Up;S;99709
Key Down;Z;99842
Key Down;D;100045
Key Up;Z;100226
Key Down;S;100369
Key Down;Haut;100402
Key Up;D;100444
Key Up;Gauche;100471
Key Down;Q;100492
Key Up;Q;100721
Key Down;D;100801
Key Up;S;100970
Key Up;D;100975
Key Down;D;101028
Key Up;D;101263
Key Down;Q;101295
Key Down;Droite;101475
Key Up;Haut;101593
Key Up;Q;101710
Key Down;Z;101747
Key Down;Gauche;101800
Key Up;Droite;101875
Key Down;Q;101891
Key Up;Z;101924
Key Up;Q;102392
Key Down;Q;102584
Key Up;Q;102717
Key Down;Q;102877
Key Up;Q;102978
Key Down;Z;103703
Key Up;Z;103846
Key Down;Droite;104208
Key Down;D;104298
Key Up;Gauche;104308
Key Down;S;104484
Key Up;S;104639
Key Up;D;105055
Key Down;Z;105491
Key Down;D;105683
Key Up;Z;105800
Key Up;D;106003
Key Down;Z;106024
Key Up;Z;106167
Key Down;D;106493
Key Up;D;106625
Key Down;S;106844
Key Up;S;106976
Key Down;Q;107125
Key Up;Q;107311
Key Down;D;107690
Key Up;D;107871
Key Down;Q;107887
Key Down;Z;108147
Key Up;Q;108201
Key Up;Z;108355
Key Down;Q;108531
Key Up;Q;109038
Key Down;Q;109112
Key Up;Q;109399
Key Down;S;109602
Key Down;Q;109676
Key Up;S;109740
Key Up;Q;109905
Key Down;Z;110038
Key Down;Bas;110085
Key Up;Droite;110106
Key Down;D;110234
Key Down;Gauche;110437
Key Up;Z;110442
Key Up;D;110570
Key Down;D;110719
Key Down;S;110757
Key Up;D;110799
Key Up;S;110958
Key Down;S;111204
Key Up;Gauche;111278
Key Down;Q;111347
Key Up;S;111353
Key Up;Q;111556
Key Down;S;111731
Key Down;Q;111768
Key Up;S;111912
Key Up;Q;111923
Key Down;Z;112072
Key Up;Z;112392
Key Down;Q;112568
Key Up;Q;112690
Key Down;D;112987
Key Up;D;113104
Key Down;S;113274
Key Down;D;113450
Key Up;S;113520
Key Up;D;113530
Key Down;Z;113861
Key Down;D;113935
Key Up;Z;113994
Key Up;D;114474
Key Down;Droite;115144
Key Down;S;115421
Key Down;Q;115507
Key Up;S;115592
Key Up;Bas;115655
Key Down;S;115954
Key Up;Q;116625
Key Up;S;116693
Key Down;Z;117242
Key Down;Bas;117520
Key Up;Droite;117615
Key Down;D;117727
Key Up;Z;117860
Key Down;Gauche;118046
Key Up;Bas;118110
Key Up;D;118233
Key Down;S;118532
Key Down;Haut;118633
Key Up;Gauche;118712
Key Up;S;118797
Key Down;S;119041
Key Down;D;119217
Key Up;S;119292
Key Up;D;119302
Key Down;Q;119659
Key Up;Q;119845
Key Down;Q;120079
Key Down;Droite;120341
Key Up;Haut;120378
Key Down;Z;120411
Key Up;Q;120458
Key Down;D;120591
Key Up;Z;120649
Key Down;Z;121007
Key Up;Z;121241
Key Down;Z;121284
Key Up;D;121604
Key Up;Z;121699
Key Down;D;121966
Key Down;S;121998
Key Up;D;122161
Key Down;Q;122337
Key Up;S;122512
Key Down;S;122976
Key Up;S;123104
Key Up;Q;123162
Key Down;Q;123392
Key Up;Q;123493
Key Down;Z;123557
Key Down;D;123722
Key Down;Bas;123839
Key Up;Bas;124084
Key Up;Z;124100
Key Down;S;124521
Key Down;Gauche;124601
Key Up;Droite;124686
Key Up;D;124878
Key Down;Q;124904
Key Up;S;124921
Key Down;S;125043
Key Up;S;125212
Key Down;S;125339
Key Up;S;125489
Key Up;Q;125553
Key Down;Q;125835
Key Down;Z;126038
Key Up;Q;126219
Key Down;D;126314
Key Up;Z;126554
Key Up;D;127428
Key Down;D;127609
Key Up;D;127838
Key Down;S;128056
Key Down;Q;128119
Key Up;S;128444
Key Up;Q;128791
Key Down;D;128800
Key Down;S;128955
Key Up;D;129158
Key Down;Q;129169
Key Up;S;129238
Key Down;Z;129750
Key Up;Q;130074
Key Down;D;130261
Key Up;Z;130436
Key Up;D;130607
Key Down;D;130778
Key Down;S;130799
Key Up;S;130948
Key Up;D;130969
Key Down;D;131212
Key Up;D;131453
Key Down;D;131617
Key Down;S;131628
Key Up;D;131782
Key Up;S;131788
Key Down;S;131921
Key Down;D;131932
Key Down;Haut;132379
Key Up;D;132384
Key Down;Q;132437
Key Up;Gauche;132475
Key Up;S;132518
Key Up;Q;132667
Key Down;S;132832
Key Down;Q;132874
Key Up;S;132992
Key Down;Droite;133019
Key Up;Haut;133056
Key Up;Q;133333
Key Down;Q;133503
Key Down;S;133737
Key Up;S;133913
Key Up;Q;133961
Key Down;Q;134274
Key Up;Q;134461
Key Down;Z;134594
Key Up;Z;135025
Key Down;D;135249
Key Up;D;135408
Key Down;Z;135638
Key Up;Z;135803
Key Down;Z;135963
Key Up;Z;136101
Key Down;S;136383
Key Down;D;136415
Key Up;S;136522
Key Down;S;136736
Key Up;D;136783
Key Down;Q;136826
Key Down;Gauche;136975
Key Up;Droite;137002
Key Up;Q;137060
Key Up;S;137119
Key Down;D;137129
Key Down;Z;137415
Key Up;Z;137692
Key Up;D;137751
Key Down;D;137884
Key Down;Q;138215
Key Up;D;138220
Key Down;Droite;138417
Key Up;Gauche;138428
Key Up;Q;138694
Key Down;Q;138848
Key Up;Q;139040
Key Down;Z;139322
Key Up;Z;139568
Key Down;Q;139658
Key Up;Q;139945
Key Down;D;140211
Key Down;Bas;140269
Key Down;S;140317
Key Up;Droite;140354
Key Up;D;140392
Key Down;D;140695
Key Up;S;140733
Key Down;S;140967
Key Up;S;141366
Key Up;D;141441
Key Up;Bas;141473
Key Down;Gauche;141852
Key Up;Gauche;142193
Key Down;Espace;143749
Key Up;Espace;143861
Key Down;Q;144746
Key Up;Q;144986
Key Down;Q;146392
Key Down;S;146669
Key Up;S;146759
Key Down;Z;147080
Key Up;Q;147436
Key Down;D;147724
Key Up;D;148417
Key Up;Z;148629
Key Down;Z;149101
Key Down;Q;149186
Key Up;Z;149414
Key Down;Z;149797
Key Up;Q;149824
Key Up;Z;149968
Key Down;Q;150031
Key Down;S;150100
Key Up;Q;150440
Key Up;S;150473
Key Down;D;150496
Key Down;Tab;150848
Key Up;Tab;151066
Key Up;D;151082
Key Down;D;151410
Key Down;S;151586
Key Up;D;151730
Key Up;S;151879
Key Down;Q;152693
Key Down;S;152954
Key Up;Q;153055
Key Down;Q;153295
Key Up;S;153332
Key Up;Q;153561
Key Down;Z;153573
Key Down;D;153663
Key Up;Z;153731
Key Up;D;154030
Key Down;Z;154159
Key Up;Z;154282
Key Down;S;155217
Key Up;S;155375
Key Down;D;155638
Key Down;Z;155792
Key Up;D;155852
Key Up;Z;155931
Key Down;Entrée;156414
Key Up;Entrée;156483
Key Down;Entrée;156647
Key Up;Entrée;156700
Key Down;Entrée;156881
Key Up;Entrée;156939
Key Down;Entrée;157103
Key Up;Entrée;157161
Key Down;Entrée;157501
Key Up;Entrée;157565
Key Down;Entrée;158742
Key Up;Entrée;158831
Key Down;Droite;161030
Key Down;D;161439
Key Up;D;163118
Key Down;D;163581
Key Up;D;163842
Key Down;S;164007
Key Down;D;164108
Key Up;S;164220
Key Up;D;164316
Key Down;Q;164442
Key Up;Q;164709
Key Down;D;165151
Key Up;D;165742
Key Down;Z;165881
Key Down;Q;165955
Key Up;Q;166110
Key Down;D;166216
Key Down;Bas;166237
Key Up;Droite;166440
Key Up;Z;166456
Key Up;D;167138
Key Down;Q;167329
Key Down;Gauche;167461
Key Up;Q;167488
Key Down;S;167530
Key Down;D;167552
Key Up;Bas;167600
Key Down;Q;167685
Key Up;D;167696
Key Up;S;167717
Key Up;Q;168132
Key Down;S;168591
Key Down;Haut;168745
Key Down;Q;168841
Key Up;Haut;168932
Key Up;S;168937
Key Up;Q;169198
Key Down;Z;169587
Key Down;Q;169726
Key Up;Z;169816
Key Up;Q;169875
Key Down;D;170051
Key Down;Droite;170093
Key Up;Gauche;170146
Key Up;D;170232
Key Down;S;170518
Key Down;D;170613
Key Up;S;170624
Key Up;D;171178
Key Down;Q;171258
Key Down;Z;172191
Key Up;Q;172238
Key Down;D;172270
Key Up;Z;172361
Key Down;Tab;172483
Key Up;Tab;172638
Key Down;S;173648
Key Up;S;173809
Key Up;D;174394
Key Down;D;174916
Key Up;D;175082
Key Down;Z;175215
Key Down;Q;175236
Key Down;Haut;175268
Key Up;Z;175327
Key Up;Q;175348
Key Up;Droite;175359
Key Down;D;175449
Key Down;S;175571
Key Up;D;175662
Key Up;S;175726
Key Down;D;176306
Key Down;Z;176445
Key Down;Droite;176504
Key Up;D;176540
Key Up;Haut;176566
Key Down;D;176785
Key Up;Z;176828
Key Down;Gauche;177296
Key Up;D;177344
Key Down;Z;177387
Key Up;Droite;177424
Key Up;Z;177509
Key Down;D;177621
Key Up;D;177743
Key Down;Z;178037
Key Up;Z;178218
Key Down;Q;178335
Key Down;S;178500
Key Down;Droite;178772
Key Up;Q;178783
Key Down;Bas;178804
Key Up;Droite;178953
Key Down;Q;179119
Key Up;S;179284
Key Up;Gauche;179310
Key Up;Q;179491
Key Down;S;179729
Key Down;Droite;179809
Key Up;Bas;179862
Key Down;D;179921
Key Up;S;179969
Key Up;D;180123
Key Down;Z;180422
Key Down;Q;180449
Key Up;Z;180704
Key Up;Q;180720
Key Down;D;180927
Key Down;S;181258
Key Up;S;181397
Key Up;D;181551
Key Up;Droite;181652
Key Down;D;181693
Key Down;Z;181790
Key Up;Z;181848
Key Up;D;181912
Key Down;Q;182020
Key Down;E;182074
Key Up;E;182201
Key Up;Q;183100
Key Down;Q;183340
Key Up;Q;183527
Key Down;D;183925
Key Down;Droite;184431
Key Down;Z;184522
Key Up;D;185583
Key Up;Z;185687
Key Down;D;185884
Key Up;D;186129
Key Down;D;186577
Key Up;D;186758
Key Down;Q;186812
Key Down;S;186934
Key Up;Q;187094
Key Up;S;187195
Key Down;S;187701
Key Up;S;187829
Key Down;D;187940
Key Down;Z;188064
Key Up;D;188292
Key Down;Q;188425
Key Up;Z;188463
Key Up;Q;188511
Key Down;D;188526
Key Up;Droite;188538
Key Down;Gauche;188717
Key Up;D;188967
Key Down;S;189153
Key Up;S;189314
Key Down;S;189442
Key Down;D;189458
Key Up;D;189638
Key Up;S;189649
Key Down;S;189825
Key Down;Q;189947
Key Up;S;190140
Key Up;Q;190293
Key Down;Q;190693
Key Up;Q;190901
Key Down;Q;190933
Key Down;Z;190949
Key Up;Z;191152
Key Up;Q;191157
Key Down;S;191758
Key Down;Haut;191874
Key Down;D;191981
Key Up;S;192204
Key Up;D;192322
Key Up;Haut;192332
Key Down;Q;192796
Key Down;Z;192919
Key Up;Q;193068
Key Up;Z;193111
Key Down;D;193430
Key Down;Haut;194069
Key Up;Haut;194229
Key Down;Z;194255
Key Up;D;194404
Key Up;Z;194728
Key Down;Z;194776
Key Down;D;194888
Key Up;Z;194909
Key Up;D;195144
Key Down;Z;195208
Key Down;D;195303
Key Up;D;195724
Key Up;Z;195735
Key Down;Q;196412
Key Up;Q;197424
Key Down;S;197680
Key Down;Q;197779
Key Up;S;197907
Key Down;Z;198050
Key Up;Q;198066
Key Down;Haut;198103
Key Up;Gauche;198503
Key Down;D;198616
Key Up;D;198727
Key Up;Z;199153
Key Down;Q;199942
Key Down;S;200187
Key Up;Haut;200288
Key Up;S;200320
Key Down;Z;200915
Key Up;Q;201043
Key Down;Q;201410
Key Up;Z;201575
Key Down;Z;201634
Key Up;Q;201703
Key Up;Z;202331
Key Down;S;202443
Key Down;Q;202454
Key Up;Q;202513
Key Down;D;203631
Key Up;S;203773
Key Down;Z;204216
Key Up;D;204375
Key Down;Q;204722
Key Down;E;204738
Key Up;Q;204891
Key Up;E;204923
Key Down;D;205153
Key Up;Z;205467
Key Down;Z;205504
Key Up;Z;205696
Key Down;Z;206048
Key Up;Z;206335
Key Down;S;207107
Key Up;D;207287
Key Up;S;208348
Key Down;Z;208480
Key Down;Q;209759
Key Up;Z;209880
Key Down;S;210828
Key Up;Q;211302
Key Down;Q;211776
Key Up;S;211824
Key Up;Q;212235
Key Down;Z;212465
Key Up;Z;212544
Key Down;E;212853
Key Up;E;212959
Key Down;D;213076
Key Down;Z;213279
Key Up;D;213662
Key Up;Z;213747
Key Down;S;214350
Key Down;Q;214654
Key Up;S;214995
Key Up;Q;215576
Key Down;Z;215614
Key Down;D;216027
Key Up;Z;216054
Key Down;Haut;216208
Key Down;S;216224
Key Up;D;216284
Key Up;S;216358
Key Down;S;216672
Key Up;S;216816
Key Down;S;217003
Key Down;D;217349
Key Up;Haut;217615
Key Up;S;217621
Key Down;Z;218388
Key Down;Haut;218563
Key Up;D;218569
Key Up;Z;218723
Key Down;Z;219564
Key Down;Q;220022
Key Up;Q;220363
Key Up;Haut;220619
Key Up;Z;221108
Key Down;Haut;221509
Key Down;Q;221721
Key Up;Q;221887
Key Down;S;222002
Key Up;S;222072
Key Down;Q;222173
Key Down;Droite;222338
Key Up;Haut;222386
Key Up;Q;222594
Key Down;Q;223020
Key Up;Q;223244
Key Down;Q;223612
Key Up;Q;223851
Key Down;D;224310
Key Up;D;224672
Key Down;D;224800
Key Up;D;224869
Key Down;Q;224958
Key Up;Droite;224979
Key Down;Haut;225016
Key Down;Z;225309
Key Up;Q;225586
Key Down;Droite;225906
Key Down;D;226279
Key Up;Z;226337
Key Down;Z;226498
Key Up;D;226572
Key Down;Q;226625
Key Up;Z;226678
Key Up;Q;226998
Key Down;Z;227206
Key Down;Bas;227227
Key Up;Droite;227355
Key Down;D;227440
Key Down;Gauche;227568
Key Up;Z;227611
Key Up;Bas;227707
Key Up;D;227888
Key Down;S;228036
Key Down;Q;228041
Key Up;Gauche;228286
Key Up;Q;228632
Key Down;D;228978
Key Up;S;229058
Key Down;S;229693
Key Up;S;230135
Key Down;Z;231166
Key Up;D;231353
Key Down;Q;231965
Key Up;Z;232125
Key Down;Z;232557
Key Up;Z;232860
Key Down;Z;233089
Key Up;Q;233313
Key Up;Z;233670
Key Up;Haut;233893
Key Down;Haut;233996
Key Down;Z;234164
Key Down;Q;234170
Key Down;Gauche;234234
Key Up;Haut;234244
Key Up;Q;234516
Key Up;Z;234554
Key Down;Z;234777
Key Down;D;234884
Key Up;Z;234969
Key Up;D;235214
Key Down;D;235645
Key Down;S;235885
Key Up;D;236050
Key Up;S;236104
Key Down;Q;236306
Key Down;Z;236392
Key Up;Q;236615
Key Up;Z;236983
Key Down;D;237072
Key Up;D;237428
Key Down;Q;237482
Key Down;Z;237557
Key Up;Z;237732
Key Up;Q;237753
Key Down;Q;237881
Key Up;Q;238051
Key Down;S;238089
Key Down;D;238174
Key Up;S;238318
Key Up;D;238648
Key Down;Q;238691
Key Down;S;238861
Key Up;S;239085
Key Up;Q;239405
Key Down;D;239533
Key Up;Gauche;240028
Key Up;D;240292
Key Down;Q;240309
Key Down;E;240447
Key Up;E;240559
Key Down;Z;240964
Key Up;Q;241167
Key Up;Z;241278
Key Down;D;242218
Key Up;D;242735
Key Down;Q;242861
Key Down;Z;242904
Key Up;Q;243032
Key Up;Z;243148
Key Down;S;243305
Key Down;D;243976
Key Up;D;244200
Key Down;Q;244227
Key Up;S;244285
Key Down;Gauche;244434
Key Down;S;244674
Key Up;Q;245020
Key Up;S;245068
Key Down;D;245159
Key Up;D;245643
Key Down;Z;245654
Key Up;Z;245782
Key Down;Q;245878
Key Down;S;246287
Key Down;D;246366
Key Up;Q;246372
Key Up;S;246579
Key Up;D;246686
Key Down;Q;246910
Key Up;Q;247831
Key Down;D;247869
Key Up;D;248146
Key Down;Q;248151
Key Up;Q;248588
Key Down;D;248727
Key Up;D;249199
Key Down;Q;249236
Key Up;Q;250062
Key Down;Q;250179
Key Down;Haut;250461
Key Up;Gauche;250530
Key Up;Q;250546
Key Down;Q;250627
Key Up;Q;251095
Key Down;D;251421
Key Up;D;251638
Key Down;Q;251879
Key Down;Z;251951
Key Up;Z;252102
Key Up;Q;252129
Key Down;Q;252495
Key Up;Q;252639
Key Down;D;252927
Key Up;D;253129
Key Down;D;253507
Key Up;D;253758
Key Down;Q;253811
Key Up;Q;254259
Key Down;D;255951
Key Up;D;256137
Key Down;Q;256217
Key Up;Q;256526
Key Down;D;257086
Key Up;D;257224
Key Down;D;257384
Key Up;D;257506
Key Down;D;257986
Key Up;D;258162
Key Down;D;258432
Key Up;D;258741
Key Down;Q;259204
Key Up;Q;259342
Key Down;Q;259513
Key Up;Q;259785
Key Down;Q;260003
Key Up;Q;260136
Key Down;D;260387
Key Up;D;260573
Key Down;Q;260797
Key Down;S;260978
Key Up;Q;260984
Key Up;S;261291
Key Down;D;261398
Key Up;D;261723
Key Down;Z;261962
Key Down;Q;262309
Key Up;Haut;262340
Key Up;Q;262676
Key Down;Q;262751
Key Up;Q;262900
Key Down;Haut;263012
Key Down;Q;263134
Key Up;Q;263289
Key Up;Z;264115
Key Down;D;264624
Key Up;Haut;264769
Key Up;D;265003
Key Down;Q;265038
Key Up;Q;266210
Key Down;Q;266405
Key Up;Q;266645
Key Down;D;266690
Key Up;D;267063
Key Down;Q;267140
Key Up;Q;267479
Key Down;Q;268002
Key Up;Q;270499
Key Down;Z;270772
Key Down;Q;271321
Key Up;Z;271358
Key Up;Q;271816
Key Down;Entrée;272167
Key Up;Entrée;272327
Key Down;Droite;272544
Key Up;Droite;272603
Key Down;Haut;272636
Key Down;Q;272715
Key Down;Gauche;272737
Key Up;Haut;272768
Key Up;Q;273179
Key Down;D;273779
Key Down;S;273945
Key Up;D;274025
Key Down;Q;274169
Key Up;S;274595
Key Down;Z;274733
Key Up;Q;274760
Key Down;D;275005
Key Up;D;275224
Key Up;Z;275303
Key Down;D;275613
Key Up;D;275767
Key Down;S;276421
Key Down;Q;276911
Key Up;S;276996
Key Down;Z;277177
Key Up;Q;277465
Key Up;Z;277753
Key Down;D;277891
Key Up;D;278050
Key Down;D;278418
Key Up;D;278652
Key Down;S;278855
Key Down;Q;279377
Key Up;S;279514
Key Down;Z;279802
Key Up;Q;280090
Key Up;Z;280393
Key Down;D;280580
Key Up;D;280841
Key Down;Q;281022
Key Down;S;281144
Key Up;S;281282
Key Up;Q;281314
Key Down;S;281464
Key Down;D;281576
Key Up;S;281581
Key Up;D;281933
Key Down;D;282204
Key Up;D;282327
Key Down;D;282703
Key Down;Z;282768
Key Up;D;282826
Key Up;Z;282853
Key Down;D;283220
Key Up;D;283375
Key Down;S;283860
Key Down;Q;283924
Key Up;S;284333
Key Down;Droite;284814
Key Up;Gauche;284824
Key Down;Z;285240
Key Up;Z;285584
Key Up;Q;285653
Key Down;Q;285813
Key Up;Q;286027
Key Down;Z;286261
Key Down;D;286490
Key Down;Bas;286661
Key Up;Droite;286873
Key Up;Z;286889
Key Up;D;287859
Key Down;D;288013
Key Down;Gauche;288077
Key Up;Bas;288205
Key Down;S;288398
Key Up;D;288539
Key Down;Haut;288715
Key Down;Q;288976
Key Up;Gauche;289013
Key Up;Q;289349
Key Up;S;289461
Key Down;Q;289882
Key Down;Z;290314
Key Up;Q;290335
Key Down;D;290474
Key Up;Z;290820
Key Up;D;290873
Key Down;S;291075
Key Up;S;291532
Key Down;Q;291537
Key Up;Q;291755
Key Down;Q;291926
Key Down;Z;292400
Key Up;Q;292512
Key Down;D;292560
Key Up;Z;292662
Key Up;D;293253
Key Down;S;293450
Key Down;Q;293492
Key Up;S;293866
Key Up;Q;293881
Key Down;D;294802
Key Down;Gauche;294898
Key Up;Haut;294988
Key Down;Bas;295505
Key Down;Z;295542
Key Up;D;295569
Key Up;Gauche;295649
Key Down;Q;295867
Key Up;Z;296634
Key Up;Q;296746
Key Down;S;296783
Key Up;S;296948
Key Down;Q;297061
Key Up;Q;297140
Key Down;Q;297778
Key Down;Droite;297964
Key Up;Q;297991
Key Down;Q;298210
Key Up;Bas;298311
Key Down;S;298385
Key Up;Q;298743
Key Up;S;298944
Key Down;D;298998
Key Up;D;299201
Key Down;Q;299239
Key Up;Q;299537
Key Down;D;299680
Key Up;D;299861
Key Down;Q;299915
Key Down;Z;300383
Key Up;Q;300415
Key Down;Bas;300629
Key Down;D;300644
Key Up;Droite;300808
Key Up;Bas;300862
Key Up;Z;300867
Key Down;Q;300915
Key Up;D;300936
Key Down;S;301106
Key Up;Q;301272
Key Down;D;301416
Key Up;S;301489
Key Up;D;301596
Key Down;Q;301705
Key Down;S;301796
Key Up;Q;301982
Key Down;D;302025
Key Up;S;302088
Key Up;D;302227
Key Down;Q;302325
Key Up;Q;302560
Key Down;D;302597
Key Down;S;302725
Key Up;D;302783
Key Down;Q;302799
Key Up;S;302884
Key Down;D;302991
Key Up;Q;303007
Key Up;D;303199
Key Down;Q;303224
Key Down;Z;303272
Key Up;Q;303379
Key Down;D;303454
Key Up;Z;303485
Key Up;D;303868
Key Down;D;304025
Key Down;Z;304574
Key Up;D;304601
Key Down;D;304728
Key Up;Z;305011
Key Down;Z;305378
Key Down;Droite;305491
Key Up;Z;305581
Key Up;D;306012
Key Down;D;306209
Key Up;D;306492
Key Down;S;306815
Key Up;S;307327
Key Up;Droite;307402
Key Down;Z;307693
Key Down;D;308503
Key Up;Z;308935
Key Down;S;313024
Key Up;D;313115
Key Down;Q;314131
Key Up;S;314265
Key Down;S;315239
Key Up;Q;315346
Key Down;D;315851
Key Up;S;316054
Key Down;Z;316704
Key Up;Z;316858
Key Down;S;317380
Key Up;D;318419
Key Down;D;318685
Key Up;D;318928
Key Up;S;319685
Key Down;Q;319695
Key Down;S;320564
Key Up;Q;320932
Key Down;D;321033
Key Up;S;321544
Key Down;Tab;321768
Key Up;Tab;321947
Key Down;S;322086
Key Up;D;322139
Key Down;D;322389
Key Up;S;322922
Key Down;Tab;323098
Key Up;Tab;323227
Key Down;S;323349
Key Up;D;323402
Key Down;Q;323503
Key Up;Q;324308
Key Down;Q;325206
Key Up;S;325372
Key Down;S;325468
Key Up;Q;325606
Key Down;D;325985
Key Up;D;326214
Key Down;D;326528
Key Up;D;326762
Key Down;D;327130
Key Down;Droite;327258
Key Up;S;327461
Key Down;S;327865
Key Up;S;328141
Key Down;S;328577
Key Up;S;328748
Key Down;S;329366
Key Up;S;329552
Key Up;D;329744
Key Down;D;330106
Key Up;D;332785
Key Down;D;333068
Key Up;D;333355
Key Down;Q;333802
Key Up;Q;334037
Key Down;Z;334122
Key Down;Bas;334174
Key Up;Droite;334265
Key Down;Q;334377
Key Up;Q;334574
Key Down;D;334750
Key Up;D;334936
Key Down;D;335107
Key Up;Z;335112
Key Up;D;335453
Key Down;S;335677
Key Down;D;335714
Key Down;Gauche;335864
Key Up;Bas;335975
Key Up;S;336162
Key Up;D;336226
Key Down;D;336263
Key Up;D;336439
Key Down;D;336572
Key Down;S;336711
Key Up;D;336871
Key Up;S;336876
Key Down;D;337023
Key Down;S;337045
Key Up;S;337194
Key Up;D;337252
Key Down;Z;337476
Key Down;D;337556
Key Up;D;337721
Key Up;Z;337764
Key Down;D;338121
Key Down;Z;338243
Key Up;D;338264
Key Up;Z;338308
Key Down;Q;338478
Key Down;S;338489
Key Up;Gauche;338690
Key Up;S;338973
Key Down;Z;339165
Key Up;Z;339325
Key Up;Q;339389
Key Down;Bas;339439
Key Down;S;339455
Key Down;D;339843
Key Up;D;339950
Key Up;S;339956
Key Down;Z;340391
Key Down;Droite;340556
Key Down;D;340630
Key Up;Bas;340672
Key Up;Z;341376
Key Up;D;341424
Key Down;D;341536
Key Up;D;341680
Key Down;Q;341855
Key Down;Gauche;342042
Key Up;Droite;342159
Key Up;Q;343022
Key Down;D;343138
Key Up;Gauche;343607
Key Down;Q;344427
Key Up;D;344492
Key Down;D;346195
Key Up;Q;346232
Key Down;Droite;346349
Key Down;S;346946
Key Up;S;347366
Key Down;S;348006
Key Up;S;348160
Key Up;D;348864
Key Down;D;349171
Key Up;D;349507
Key Down;Q;349784
Key Up;Q;349960
Key Down;Q;350284
Key Down;S;350519
Key Up;Q;350614
Key Up;S;350743
Key Down;S;350897
Key Up;S;351078
Key Down;Z;351196
Key Up;Z;351574
Key Down;Z;352333
Key Down;D;352424
Key Up;Z;352472
Key Up;Droite;352542
Key Up;D;353011
Key Down;S;353461
Key Down;D;353652
Key Up;S;353839
Key Up;D;354015
Key Down;D;354267
Key Up;D;354576
Key Down;Q;354663
Key Down;Espace;355455
Key Up;Espace;355578
Key Down;D;356119
Key Up;D;356343
Key Down;Z;357046
Key Up;Z;357248
Key Down;Z;357568
Key Up;Z;357670
Key Down;Gauche;358010
Key Down;Z;358696
Key Down;Haut;358978
Key Up;Gauche;359212
Key Up;Z;359234
Key Down;Z;359383
Key Up;Q;359650
Key Up;Z;359953
Key Up;Haut;360087
Key Down;Haut;360423
Key Down;Q;360481
Key Down;Z;361180
Key Up;Q;361338
Key Up;Z;361658
Key Down;Q;361955
Key Up;Q;362073
Key Down;Z;362249
Key Up;Haut;362323
Key Down;Droite;362398
Key Up;Z;362574
Key Down;D;362627
Key Down;Z;362723
Key Up;Z;362840
Key Up;D;362845
Key Down;Q;363022
Key Up;Q;363262
Key Down;D;363421
Key Up;D;364763
Key Down;D;365328
Key Down;S;365663
Key Down;Bas;365753
Key Up;Droite;365892
Key Up;D;365908
Key Down;Q;366174
Key Up;Q;366329
Key Down;Q;366606
Key Up;S;366701
Key Down;S;367403
Key Up;Q;367643
Key Down;Gauche;367803
Key Up;Bas;367813
Key Down;Q;368011
Key Up;S;368256
Key Down;S;368618
Key Up;S;369289
Key Up;Gauche;369812
Key Down;Tab;370716
Key Up;Tab;371691
Key Down;Bas;372745
Key Down;S;372767
Key Up;S;372974
Key Up;Q;373006
Key Down;D;373033
Key Down;Droite;373268
Key Down;Z;373320
Key Up;Bas;373346
Key Up;Z;373511
Key Down;Bas;373686
Key Up;Droite;373878
Key Down;S;373937
Key Up;S;374379
Key Down;S;374614
Key Up;S;375088
Key Down;S;375349
Key Up;D;375450
Key Up;S;375865
Key Down;Q;378124
Key Up;Bas;378341
Key Down;S;378523
Key Down;Droite;378976
Key Up;S;379167
Key Up;Q;379258
Key Down;S;379543
Key Down;Q;379623
Key Up;S;379682
Key Up;Q;379847
Key Down;D;380466
Key Up;D;380748
Key Down;Q;381286
Key Up;Q;381425
Key Down;D;381781
Key Up;D;382075
Key Down;D;382680
Key Up;Droite;382898
Key Down;Q;383314
Key Up;D;383319
Key Up;Q;383975
Key Down;S;384042
Key Down;D;384356
Key Up;S;384559
Key Down;Z;385257
Key Up;D;385489
Key Down;A;385793
Key Up;Z;385857
Key Up;A;385952
Key Down;Z;386189
Key Down;Q;386301
Key Up;Z;386519
Key Up;Q;386781
Key Down;A;387477
Key Up;A;387626
Key Down;Z;387904
Key Down;D;387953
Key Up;D;388134
Key Down;D;388559
Key Up;Z;388686
Key Up;D;388750
Key Down;Z;388895
Key Down;D;388911
Key Up;D;389161
Key Up;Z;389193
Key Down;D;389281
Key Down;Z;389366
Key Down;Q;389430
Key Up;D;389440
Key Down;D;389611
Key Up;Q;389622
Key Up;Z;389686
Key Down;Z;389723
Key Up;D;389931
Key Down;Q;389952
Key Up;Z;390122
Key Down;Gauche;390580
Key Down;Z;390756
Key Up;Z;391619
Key Down;Z;392956
Key Up;Z;393249
Key Down;Bas;394128
Key Down;S;394410
Key Up;S;394542
Key Up;Bas;394675
Key Down;S;395027
Key Down;Bas;395065
Key Up;S;395378
Key Up;Gauche;395853
Key Down;S;396390
Key Up;Q;396939
Key Up;S;397621
Key Down;Droite;398185
Key Down;S;398217
Key Up;Bas;398318
Key Down;D;398323
Key Up;S;398457
Key Up;D;398691
Key Down;Q;398894
Key Up;Q;399064
Key Down;D;399815
Key Down;Bas;399852
Key Up;Droite;399991
Key Up;D;400252
Key Down;S;400693
Key Down;D;400762
Key Up;D;400804
Key Up;S;400815
Key Down;S;401258
Key Up;S;401465
Key Down;D;401481
Key Up;D;401561
Key Down;Z;402057
Key Up;Z;402253
Key Down;Q;402685
Key Up;Q;402823
Key Down;S;403085
Key Up;S;403239
Key Down;Q;403511
Key Up;Q;403631
Key Up;Bas;403722
Key Down;Q;404155
Key Down;Z;404235
Key Down;Gauche;404400
Key Down;Haut;404581
Key Up;Q;404741
Key Down;Q;405189
Key Up;Haut;405216
Key Up;Z;405770
Key Down;Z;405791
Key Up;Z;406356
Key Down;Haut;407899
Key Down;Z;407947
Key Up;Gauche;408512
Key Up;Q;409034
Key Up;Z;409428
Key Down;Q;410748
Key Up;Q;410892
Key Down;D;411142
Key Up;D;411329
Key Down;Q;412011
Key Up;Q;412107
Key Down;Z;412442
Key Up;Z;412685
Key Down;Z;413064
Key Up;Z;413298
Key Down;Z;413495
Key Up;Z;413597
Key Down;Gauche;413730
Key Down;Z;413762
Key Up;Haut;413852
Key Up;Z;413948
Key Down;Q;414422
Key Down;Bas;414449
Key Up;Gauche;414550
Key Up;Q;414747
Key Down;Q;414955
Key Up;Q;415115
Key Down;Z;415456
Key Up;Z;415684
Key Down;D;415817
Key Down;S;415934
Key Up;D;416029
Key Up;S;416217
Key Down;S;416467
Key Down;Droite;416547
Key Up;S;416712
Key Up;Bas;416723
Key Down;D;417015
Key Down;S;417037
Key Up;S;417111
Key Up;D;417228
Key Down;D;417927
Key Up;D;418348
Key Down;D;418895
Key Down;Z;419060
Key Up;D;419187
Key Up;Z;419247
Key Down;Q;419560
Key Up;Q;419736
Key Down;Gauche;419806
Key Up;Droite;419902
Key Down;D;420024
Key Up;D;420221
Key Down;Z;420530
Key Down;Q;420584
Key Up;Z;420647
Key Up;Q;420727
Key Down;Q;421170
Key Up;Q;421383
Key Down;Q;421702
Key Down;S;421802
Key Down;Bas;421866
Key Up;Q;421893
Key Up;Gauche;422036
Key Up;S;422052
Key Down;Q;422350
Key Up;Q;422569
Key Down;S;422798
Key Up;S;422899
Key Down;Droite;423027
Key Up;Bas;423171
Key Down;S;423187
Key Down;D;423389
Key Up;S;423442
Key Up;D;423640
Key Down;Z;423826
Key Up;Z;423895
Key Down;Q;423922
Key Down;Gauche;424013
Key Up;Droite;424108
Key Down;S;424125
Key Up;S;424556
Key Up;Q;424706
Key Down;D;424768
Key Up;Gauche;424827
Key Down;Z;425232
Key Up;Z;425743
Key Down;Q;425759
Key Up;D;425770
Key Down;S;426074
Key Down;Gauche;426372
Key Up;S;426766
Key Up;Q;426792
Key Down;Q;426989
Key Up;Q;427112
Key Down;D;427267
Key Up;Gauche;427693
Key Down;Z;427704
Key Up;D;428283
Key Down;D;428384
Key Down;Droite;428773
Key Up;Z;429242
Key Up;D;429338
Key Down;D;429891
Key Up;Droite;429988
Key Up;D;430259
Key Down;Q;430399
Key Down;S;430628
Key Up;Q;431920
Key Down;D;432955
Key Up;S;433114
Key Down;S;433631
Key Up;S;433949
Key Down;S;434211
Key Up;S;434328
Key Down;Echap;436331
Key Up;Echap;436507
Key Up;D;436560
Key Down;Left Alt;437007
Key Down;Tab;437113
Key Up;Left Alt;437236
Key Up;Tab;437257
Key Down;Entrée;440515
Key Up;Entrée;440637
Key Down;D;440674
Key Down;Droite;441116
Key Down;Z;442778
Key Up;Z;443075
Key Down;S;444146
Key Up;S;444354
Key Down;Haut;445888
Key Up;Haut;445994
Key Down;Haut;446127
Key Up;Haut;446217
Key Down;Haut;446308
Key Up;Haut;446440
Key Down;Haut;446532
Key Up;Haut;446659
Key Down;Haut;446755
Key Up;Haut;446904
Key Down;Haut;447000
Key Up;Haut;447128
Key Down;Haut;447214
Key Up;Haut;447346
Key Down;Haut;447442
Key Up;Haut;447890
Key Down;Gauche;448013
Key Down;Haut;448023
Key Up;Haut;448124
Key Down;Z;448540
Key Up;Gauche;448647
Key Up;Droite;448887
Key Up;D;449082
Key Up;Z;449838
Key Down;Z;450329
Key Up;Z;450463
Key Down;D;450693
Key Down;Z;450735
Key Up;D;450975
Key Up;Z;451007
Key Down;S;451143
Key Down;Q;451339
Key Up;Q;451526
Key Down;Q;451654
Key Up;Q;451814
Key Down;D;452180
Key Down;Droite;452212
Key Up;S;452777
Key Down;S;453304
Key Up;S;453544
Key Up;D;454232
Key Down;D;454418
Key Down;Espace;454674
Key Up;Espace;454812
Key Up;D;454844
Key Up;Droite;455056
Key Down;D;455224
Key Down;Q;455895
Key Up;D;455927
Key Down;Gauche;456050
Key Up;Gauche;459671
Key Up;Q;460849
Key Down;D;460875
Key Up;D;461123
Key Down;Q;461139
Key Down;Haut;463207
Key Down;Z;463750
Key Up;Z;464180
Key Down;Z;464362
Key Up;Q;464771
Key Down;Q;465608
Key Up;Q;465714
Key Down;Q;465896
Key Up;Q;466055
Key Down;D;466625
Key Up;D;466881
Key Down;Q;467838
Key Up;Z;467934
Key Down;Z;468760
Key Up;Q;469118
Key Down;D;469373
Key Up;Z;469975
Key Down;Z;470065
Key Up;Z;470197
Key Down;Z;470661
Key Up;D;470789
Key Down;Q;471449
Key Down;Gauche;471678
Key Up;Haut;471828
Key Up;Q;472211
Key Down;Q;472483
Key Up;Z;472797
Key Up;Gauche;473440
Key Down;Z;473882
Key Up;Q;474505
Key Down;Q;475092
Key Up;Z;475459
Key Down;S;475646
Key Up;S;476109
Key Down;Z;478803
Key Up;Z;479537
Key Down;Z;480005
Key Up;Z;480165
Key Up;Q;480469
Key Down;Q;480884
Key Down;Z;481673
Key Up;Z;482051
Key Up;Q;482094
Key Down;Z;482371
Key Up;Z;482477
Key Down;Entrée;482702
Key Up;Entrée;482755
Key Down;Entrée;482916
Key Up;Entrée;482991
Key Down;Entrée;483113
Key Up;Entrée;483193
Key Down;Entrée;483316
Key Up;Entrée;483396
Key Down;Entrée;483528
Key Up;Entrée;483603
Key Down;Entrée;484136
Key Up;Entrée;484232
Key Down;Entrée;484362
Key Up;Entrée;484469
Key Down;Entrée;484608
Key Up;Entrée;484736
Key Down;Entrée;484881
Key Up;Entrée;484956
Key Down;Droite;488028
Key Down;Haut;488194
Key Up;Haut;488346
Key Down;D;488485
Key Up;D;490030
Key Down;D;490429
Key Up;D;490558
Key Down;Z;490749
Key Down;Bas;490803
Key Up;Droite;490844
Key Up;Z;490866
Key Down;D;490887
Key Up;D;490951
Key Down;S;491191
Key Down;Q;491271
Key Up;S;491362
Key Up;Q;491383
Key Down;D;491792
Key Up;D;491873
Key Down;Z;492043
Key Up;Z;492378
Key Down;Z;492656
Key Down;D;492741
Key Up;Z;492752
Key Down;S;492933
Key Down;Droite;493045
Key Up;D;493119
Key Down;Q;493178
Key Up;Bas;493284
Key Up;S;493360
Key Up;Q;493460
Key Down;Z;493551
Key Up;Z;493876
Key Down;D;494105
Key Up;D;494281
Key Down;Z;494323
Key Up;Z;494440
Key Down;Q;494701
Key Up;Q;494866
Key Down;D;495041
Key Up;D;495313
Key Down;Q;495404
Key Up;Q;495628
Key Down;D;495830
Key Down;S;496006
Key Up;S;496219
Key Down;S;496731
Key Up;S;496842
Key Up;D;496901
Key Down;Q;497311
Key Up;Q;497491
Key Down;Z;497661
Key Down;D;497736
Key Up;Z;497810
Key Down;Z;498002
Key Up;Z;498167
Key Down;Bas;498252
Key Up;Droite;498422
Key Up;D;498524
Key Down;D;498620
Key Up;D;498785
Key Down;Gauche;498897
Key Down;S;498934
Key Up;Bas;498945
Key Down;Q;499025
Key Up;Q;499200
Key Up;S;499286
Key Down;D;499473
Key Down;Bas;499867
Key Down;Z;499893
Key Up;D;499899
Key Up;Gauche;499957
Key Up;Z;500059
Key Down;Z;500325
Key Up;Z;500456
Key Down;Q;500520
Key Down;Gauche;500638
Key Up;Bas;500691
Key Down;S;500771
Key Down;Bas;500867
Key Up;Q;500899
Key Up;Bas;500915
Key Up;S;501575
Key Down;Z;501922
Key Up;Z;502124
Key Down;Z;502316
Key Down;D;502449
Key Up;Z;502631
Key Up;D;502641
Key Down;Haut;502774
Key Down;S;502796
Key Up;Gauche;502854
Key Down;Q;502864
Key Up;Q;503019
Key Up;S;503190
Key Down;Q;503418
Key Up;Haut;503545
Key Up;Q;504110
Key Down;S;504162
Key Down;Q;504231
Key Up;S;504512
Key Down;Z;505013
Key Up;Q;505141
Key Down;D;505381
Key Up;Z;505525
Key Up;D;505547
Key Down;Q;505757
Key Down;E;505783
Key Up;E;505922
Key Down;Z;506013
Key Up;Q;506161
Key Down;Q;506438
Key Up;Z;506591
Key Up;Q;506943
Key Down;S;506948
Key Down;D;507294
Key Up;S;507310
Key Down;S;507913
Key Up;S;508110
Key Down;Q;508483
Key Up;D;508504
Key Down;S;508935
Key Up;Q;509058
Key Down;Bas;509239
Key Down;D;509287
Key Up;S;509421
Key Down;S;509701
Key Up;D;509898
Key Up;S;510388
Key Down;S;510846
Key Up;S;511049
Key Down;Gauche;511198
Key Down;D;511214
Key Up;Bas;511268
Key Down;S;511294
Key Up;S;511528
Key Up;D;511701
Key Down;S;511936
Key Down;D;511957
Key Up;D;512224
Key Up;S;512240
Key Down;D;512432
Key Down;Z;512532
Key Up;D;512601
Key Down;Bas;512622
Key Up;Gauche;512691
Key Up;Z;512841
Key Down;D;513118
Key Up;D;513251
Key Down;S;513443
Key Down;D;513682
Key Up;S;513831
Key Up;D;513885
Key Down;Z;513949
Key Down;Q;514071
Key Up;Z;514413
Key Up;Q;514492
Key Down;Z;514780
Key Down;Q;514866
Key Down;Droite;515083
Key Up;Bas;515292
Key Up;Z;515700
Key Up;Q;515907
Key Down;D;516047
Key Up;D;516317
Key Down;D;516611
Key Up;D;516846
Key Down;S;516952
Key Down;D;516990
Key Up;S;517197
Key Up;D;517224
Key Down;S;517400
Key Down;Q;517458
Key Up;Q;517826
Key Down;Q;518055
Key Up;S;518119
Key Down;Z;518338
Key Up;Z;518613
Key Down;Z;518778
Key Up;Z;519417
Key Down;S;519972
Key Up;Q;520019
Key Up;S;520158
Key Down;S;520371
Key Down;Q;520435
Key Up;S;520594
Key Up;Q;520819
Key Down;S;520935
Key Down;Q;521165
Key Up;S;521648
Key Up;Q;521670
Key Down;D;521824
Key Down;S;521996
Key Up;D;522016
Key Down;Q;522054
Key Up;S;522187
Key Up;Q;522219
Key Down;Bas;522277
Key Down;Z;522325
Key Down;D;522368
Key Up;Droite;522378
Key Up;D;522566
Key Up;Z;522703
Key Down;Z;522901
Key Down;D;522917
Key Up;D;523050
Key Up;Z;523140
Key Down;Q;523220
Key Down;Z;523321
Key Up;Q;523444
Key Down;D;523695
Key Down;Gauche;523721
Key Up;Bas;523876
Key Up;Z;523892
Key Down;S;524227
Key Up;D;524340
Key Down;Q;524350
Key Down;Bas;524393
Key Up;Gauche;524457
Key Up;Q;524631
Key Down;Q;524902
Key Up;Q;525121
Key Up;S;525281
Key Down;Gauche;525424
Key Down;S;525451
Key Up;Bas;525462
Key Up;S;525648
Key Down;Z;525851
Key Down;D;526223
Key Up;Z;526490
Key Down;Z;526772
Key Up;D;526805
Key Down;D;527156
Key Up;Z;527226
Key Down;Z;527417
Key Up;Z;527725
Key Up;D;527794
Key Down;D;528023
Key Up;D;528289
Key Down;S;528374
Key Down;Q;528529
Key Up;Gauche;528732
Key Up;Q;529584
Key Down;Q;529627
Key Up;S;529989
Key Down;Bas;530010
Key Up;Q;530095
Key Down;S;530399
Key Down;D;530695
Key Up;S;530711
Key Up;D;530866
Key Down;S;531228
Key Down;Droite;531505
Key Down;D;531521
Key Up;S;531596
Key Up;D;531697
Key Up;Bas;531735
Key Down;Z;531762
Key Down;Q;531793
Key Up;Z;531980
Key Up;Q;531985
Key Down;S;532198
Key Down;D;532214
Key Up;S;532326
Key Down;S;532449
Key Up;S;532938
Key Up;D;532944
Key Down;D;533418
Key Up;D;533572
Key Down;S;533720
Key Down;D;533848
Key Up;S;534018
Key Up;D;534098
Key Down;S;534828
Key Down;D;534854
Key Up;S;534988
Key Up;D;535105
Key Down;Z;535330
Key Up;Z;535415
Key Down;D;535420
Key Up;D;535611
Key Down;Q;536113
Key Down;Z;536460
Key Up;Droite;536672
Key Up;Q;536815
Key Down;D;537427
Key Up;Z;537651
Key Down;Z;537875
Key Up;Z;538291
Key Down;Bas;538594
Key Up;D;538749
Key Down;Q;539100
Key Up;Q;539228
Key Down;S;539765
Key Down;D;539892
Key Up;Bas;539903
Key Down;Bas;540148
Key Up;D;540185
Key Up;S;540266
Key Down;S;540708
Key Down;D;540756
Key Up;S;540809
Key Up;D;540920
Key Down;Z;541704
Key Up;Z;541922
Key Down;Q;542019
Key Down;S;542088
Key Up;Q;542252
Key Down;D;542359
Key Up;D;542631
Key Down;Q;542717
Key Up;Bas;543008
Key Up;S;543306
Key Down;S;543588
Key Down;Gauche;543721
Key Up;S;543919
Key Down;S;546043
Key Up;S;546150
Key Up;Q;546975
Key Down;Q;547258
Key Up;Q;547684
Key Down;D;548089
Key Up;D;548632
Key Down;Z;548681
Key Up;Z;548787
Key Down;Q;548993
Key Up;Q;549169
Key Down;Q;549429
Key Down;S;549515
Key Up;Q;549755
Key Up;S;549761
Key Down;D;549883
Key Up;D;550294
Key Down;Q;550310
Key Down;Z;552584
Key Up;Z;552679
Key Up;Q;553058
Key Down;Q;553270
Key Up;Q;553606
Key Down;D;553766
Key Up;D;554033
Key Down;Q;554422
Key Down;S;554507
Key Up;S;554709
Key Up;Q;554848
Key Down;Q;555161
Key Up;Q;555289
Key Down;Q;555486
Key Up;Q;555645
Key Down;Z;555784
Key Up;Z;555970
Key Down;Z;556151
Key Down;Q;556231
Key Up;Z;556327
Key Up;Q;556434
Key Down;S;556737
Key Down;Q;556775
Key Up;S;556876
Key Up;Q;556930
Key Down;D;557148
Key Up;D;557542
Key Down;D;557707
Key Up;D;557862
Key Down;Q;557909
Key Up;Q;558335
Key Up;Gauche;558345
Key Down;D;558405
Key Up;D;558715
Key Down;Q;558726
Key Down;S;558758
Key Up;S;559248
Key Down;Z;559589
Key Down;Gauche;559643
Key Up;Z;559786
Key Up;Q;559856
Key Up;Gauche;559903
Key Down;Gauche;560144
Key Up;Gauche;560304
Key Down;Q;560320
Key Down;Z;560363
Key Down;Gauche;560411
Key Up;Z;560597
Key Up;Q;561683
Key Down;Q;561864
Key Down;S;562279
Key Up;S;562551
Key Up;Q;563435
Key Down;D;563972
Key Up;D;564131
Key Down;Q;564303
Key Up;Q;564478
Key Down;D;565512
Key Up;D;565980
Key Down;D;566913
Key Up;D;567114
Key Down;Q;567247
Key Up;Q;567423
Key Down;D;567583
Key Up;D;567764
Key Down;Q;567839
Key Up;Gauche;568223
Key Down;Haut;568765
Key Up;Q;569261
Key Down;Q;569341
Key Down;Droite;569576
Key Up;Haut;569709
Key Up;Q;569980
Key Down;D;570277
Key Up;D;570411
Key Down;Q;570432
Key Down;Z;570715
Key Up;Q;570800
Key Down;Q;570874
Key Up;Z;570933
Key Down;Z;571189
Key Up;Q;571241
Key Down;D;571348
Key Up;Z;571444
Key Up;D;571674
Key Down;Q;571679
Key Up;Q;572361
Key Down;D;572989
Key Up;D;573190
Key Down;D;573962
Key Up;D;574207
Key Down;D;574809
Key Up;D;575023
Key Down;Q;575294
Key Up;Q;575981
Key Down;D;576135
Key Up;D;576870
Key Down;Q;577115
Key Up;Q;577424
Key Down;D;577600
Key Down;Q;577893
Key Up;D;577899
Key Down;S;577952
Key Up;S;578080
Key Up;Q;578101
Key Down;D;578394
Key Down;S;578569
Key Up;D;578596
Key Up;S;578729
Key Down;Q;579017
Key Up;Q;579197
Key Down;D;579404
Key Up;D;579538
Key Down;Q;579703
Key Up;Q;579900
Key Down;Z;579943
Key Up;Z;580038
Key Down;D;580183
Key Up;D;580347
Key Down;Q;580837
Key Up;Q;581035
Key Down;D;581307
Key Up;D;581679
Key Down;D;582398
Key Up;D;582573
Key Down;D;583080
Key Up;D;583266
Key Down;D;584987
Key Up;D;585199
Key Down;D;585683
Key Up;Droite;585918
Key Up;D;585987
Key Down;D;586220
Key Up;D;586326
Key Down;Q;586337
Key Down;Droite;586694
Key Up;Droite;586934
Key Down;Gauche;588090
Key Up;Q;589303
Key Down;Q;589687
Key Up;Q;589798
Key Down;Q;589862
Key Up;Gauche;590129
Key Down;Z;590294
Key Up;Q;590422
Key Down;Q;590661
Key Up;Z;590731
Key Down;Z;591136
Key Up;Q;591225
Key Up;Z;591384
Key Down;S;591460
Key Up;S;591817
Key Down;Q;591980
Key Up;Q;592225
Key Down;D;592299
Key Up;D;592757
Key Down;Z;592793
Key Down;Q;592798
Key Up;Z;592969
Key Down;S;593566
Key Up;S;594337
Key Down;Z;594741
Key Up;Z;594879
Key Down;Gauche;595493
Key Up;Q;595498
Key Down;Q;595812
Key Up;Q;595924
Key Down;Z;596680
Key Down;Bas;596931
Key Down;Q;597000
Key Up;Gauche;597176
Key Down;Droite;597248
Key Up;Bas;597387
Key Up;Z;597478
Key Down;S;597686
Key Up;S;597995
Key Up;Q;598671
Key Down;Q;598778
Key Up;Q;598996
Key Down;Q;599647
Key Up;Q;599833
Key Down;D;600136
Key Down;S;600273
Key Up;S;600380
Key Up;D;600471
Key Down;Q;600790
Key Up;Q;601003
Key Down;Z;601206
Key Down;Q;601275
Key Up;Z;601318
Key Up;Q;601531
Key Down;D;601605
Key Down;Bas;601813
Key Up;Droite;601930
Key Up;D;602820
Key Down;Z;603559
Key Up;Z;603660
Key Down;Z;603852
Key Up;Z;604001
Key Down;Z;605146
Key Up;Z;605269
Key Up;Bas;607031
Key Down;S;607091
Key Down;Q;607874
Key Up;S;608029
Key Down;Z;608205
Key Up;Z;608630
Key Down;Z;608993
Key Up;Q;609068
Key Down;Haut;609115
Key Down;D;609223
Key Up;D;610180
Key Up;Z;610479
Key Down;Z;610979
Key Up;Haut;611214
Key Up;Z;611661
Key Down;Gauche;611741
Key Down;Q;611757
Key Down;S;611890
Key Up;S;612002
Key Up;Q;612167
Key Down;S;612337
Key Down;Q;612385
Key Up;S;612454
Key Up;Q;612550
Key Down;Q;614021
Key Up;Q;614229
Key Down;D;614585
Key Down;Droite;614622
Key Up;Gauche;614649
Key Up;D;615065
Key Down;Q;616864
Key Up;Droite;616970
Key Up;Q;617093
Key Down;Z;617151
Key Down;Haut;618029
Key Up;Z;618222
Key Down;Z;618731
Key Down;Gauche;618912
Key Up;Haut;618923
Key Up;Z;619339
Key Down;Q;619493
Key Up;Q;619695
Key Down;Q;620085
Key Up;Q;620319
Key Down;S;620474
Key Down;Q;620548
Key Up;S;620607
Key Up;Q;620692
Key Down;D;622726
Key Up;Gauche;622805
Key Down;Droite;622880
Key Up;D;623156
Key Down;Q;624727
Key Up;Droite;624802
Key Down;Z;624844
Key Up;Q;625053
Key Down;D;625351
Key Up;D;625473
Key Down;Q;625751
Key Up;Q;625905
Key Up;Z;626129
Key Down;Z;626663
Key Down;Gauche;626685
Key Up;Z;626765
Key Down;D;626855
Key Up;D;627122
Key Down;D;627372
Key Up;D;627589
Key Down;D;627690
Key Down;Z;628073
Key Up;D;628094
Key Up;Z;628228
Key Down;Q;628462
Key Down;S;628484
Key Up;Q;628798
Key Up;S;628825
Key Down;Q;629012
Key Down;Haut;629075
Key Up;Gauche;629091
Key Down;S;629187
Key Up;S;629347
Key Up;Q;629549
Key Down;Q;629832
Key Up;Q;630120
Key Down;Q;630376
Key Up;Q;630560
Key Down;D;630656
Key Up;D;631353
Key Down;Gauche;631380
Key Up;Haut;631465
Key Down;Z;631481
Key Up;Z;631604
Key Down;S;631807
Key Down;D;631834
Key Up;S;631882
Key Down;Z;632302
Key Up;D;632478
Key Up;Z;632798
Key Down;D;633230
Key Down;Z;633427
Key Up;D;633612
Key Up;Z;633835
Key Down;Z;634075
Key Down;Q;634203
Key Down;Bas;634358
Key Up;Z;634486
Key Up;Gauche;634629
Key Down;Z;634800
Key Up;Z;635050
Key Down;Droite;635748
Key Down;S;635908
Key Up;Bas;635961
Key Up;Q;636280
Key Down;Haut;636786
Key Down;D;636956
Key Up;Droite;636977
Key Up;S;637079
Key Up;D;637414
Key Down;S;637691
Key Down;D;637856
Key Up;S;637904
Key Up;Haut;638096
Key Down;Z;638224
Key Up;D;638299
Key Up;Z;638400
Key Down;Q;638740
Key Down;Z;638820
Key Up;Q;639075
Key Down;D;639336
Key Up;Z;639390
Key Down;Q;639750
Key Up;D;639755
Key Down;Z;640027
Key Down;Haut;640101
Key Up;Q;640235
Key Down;Q;640575
Key Up;Q;640779
Key Up;Z;641151
Key Down;Gauche;641796
Key Down;Q;641860
Key Up;Haut;641876
Key Down;Z;641903
Key Up;Q;642115
Key Up;Z;642121
Key Down;S;643543
Key Up;S;643719
Key Down;Z;644129
Key Up;Z;644310
Key Down;D;644806
Key Up;D;644961
Key Down;Q;645843
Key Up;Q;646024
Key Down;D;647244
Key Up;D;647468
Key Down;Droite;647542
Key Up;Gauche;647569
Key Down;Q;648560
Key Up;Q;648793
Key Down;D;649091
Key Up;D;649315
Key Down;Q;650072
Key Up;Q;650300
Key Down;D;650434
Key Down;Z;650455
Key Up;Z;650583
Key Up;D;650599
Key Down;Q;650700
Key Up;Q;650886
Key Down;D;651180
Key Up;D;651467
Key Down;Z;651760
Key Down;D;651775
Key Up;Z;651887
Key Up;D;651962
Key Down;Q;652122
Key Up;Q;652355
Key Down;D;652713
Key Up;D;652878
Key Down;Q;653021
Key Down;S;653240
Key Up;Q;653299
Key Down;D;653421
Key Up;S;653486
Key Down;Z;653725
Key Up;D;653746
Key Up;Z;654040
Key Down;D;654423
Key Up;D;654541
Key Down;Z;654811
Key Up;Z;654976
Key Down;Gauche;658170
Key Up;Droite;658276
Key Down;Z;659486
Key Up;Z;659673
Key Down;Q;665061
Key Up;Gauche;665205
Key Up;Q;665259
Key Down;S;665385
Key Down;Q;665657
Key Up;S;665779
Key Up;Q;665827
Key Down;Z;665915
Key Down;D;666213
Key Up;D;666340
Key Up;Z;666925
Key Down;Entrée;667717
Key Up;Entrée;667862
Key Down;Haut;667991
Key Down;Q;668887
Key Up;Q;669190
Key Down;D;669553
Key Down;Gauche;669723
Key Up;Haut;669907
Key Down;Z;670025
Key Up;D;670270
Key Down;D;670472
Key Up;Z;670616
Key Up;D;670632
Key Down;Z;671378
Key Up;Z;671495
Key Down;S;671799
Key Down;Q;672023
Key Up;S;672226
Key Up;Q;672262
Key Down;S;673503
Key Down;Q;673599
Key Up;S;673662
Key Up;Q;673801
Key Down;D;674089
Key Up;D;674430
Key Down;D;674563
Key Down;Z;674718
Key Up;Z;674841
Key Up;D;674862
Key Down;Q;675027
Key Down;Z;675048
Key Up;Z;675155
Key Up;Q;675171
Key Down;Z;675357
Key Up;Z;675544
Key Down;D;675920
Key Up;D;676096
Key Down;Z;676235
Key Down;D;676310
Key Up;Z;676389
Key Up;D;676491
Key Down;D;676662
Key Up;D;676880
Key Down;S;677023
Key Down;Q;677039
Key Up;S;677450
Key Up;Q;677482
Key Down;D;677662
Key Up;D;677956
Key Down;Z;678340
Key Up;Z;678515
Key Down;Q;679014
Key Up;Q;679238
Key Down;D;679707
Key Up;D;679968
Key Down;D;680277
Key Up;D;680389
Key Down;Q;680900
Key Up;Q;681135
Key Down;D;681342
Key Up;D;681603
Key Down;Q;681838
Key Down;S;682066
Key Up;S;682439
Key Up;Q;682449
Key Down;Z;682652
Key Down;D;682737
Key Up;D;683078
Key Up;Z;683243
Key Down;D;684266
Key Down;S;684335
Key Down;Q;684703
Key Up;D;684708
Key Up;S;684761
Key Down;Haut;685016
Key Up;Gauche;685197
Key Down;S;685245
Key Up;Q;685633
Key Down;Q;685804
Key Up;Q;686187
Key Up;S;686225
Key Down;D;686427
Key Up;D;686630
Key Down;Q;686912
Key Up;Q;687264
Key Down;Q;687520
Key Down;Droite;687604
Key Up;Haut;687733
Key Down;Z;687749
Key Up;Q;688046
Key Up;Z;688051
Key Down;Z;688290
Key Up;Z;688445
Key Down;Z;688797
Key Down;Bas;689170
Key Up;Droite;689275
Key Down;D;689308
Key Up;Z;689548
Key Up;D;689612
Key Down;Q;689623
Key Up;Q;689767
Key Down;Droite;689862
Key Down;Q;689942
Key Up;Bas;690000
Key Up;Q;690081
Key Down;D;690289
Key Down;Gauche;690320
Key Up;Droite;690416
Key Down;Q;690598
Key Up;D;690613
Key Up;Q;690863
Key Down;Bas;691048
Key Up;Gauche;691081
Key Down;Q;691160
Key Up;Q;691331
Key Down;D;691602
Key Up;D;691683
Key Down;Droite;692082
Key Down;S;692146
Key Up;Bas;692210
Key Down;Q;692242
Key Up;S;692301
Key Up;Q;692434
Key Down;D;692706
Key Down;S;692727
Key Up;S;692903
Key Up;D;692999
Key Down;S;693339
Key Down;Q;693467
Key Up;S;693473
Key Up;Q;693654
Key Down;Z;694079
Key Down;Bas;694180
Key Down;D;694249
Key Up;Droite;694286
Key Up;Z;694302
Key Up;D;694334
Key Down;Z;694516
Key Down;Q;694627
Key Up;Q;694798
Key Up;Z;694846
Key Down;D;695000
Key Up;D;695229
Key Down;S;695336
Key Up;S;695464
Key Down;Z;695890
Key Up;Z;696061
Key Down;Q;696391
Key Down;S;696546
Key Up;Q;696582
Key Down;Droite;696790
Key Up;S;696855
Key Down;Q;696913
Key Up;Bas;696924
Key Up;Q;697098
Key Down;Bas;697177
Key Down;D;697215
Key Up;Droite;697268
Key Up;D;697385
Key Down;D;697545
Key Up;D;697731
Key Down;Z;697983
Key Down;D;697999
Key Up;Z;698062
Key Down;Gauche;698393
Key Up;D;698435
Key Up;Bas;698520
Key Down;D;698664
Key Down;Bas;698686
Key Up;D;698898
Key Down;Z;699101
Key Down;D;699111
Key Up;Gauche;699133
Key Up;Z;699154
Key Down;Gauche;699282
Key Up;Bas;699368
Key Up;D;699543
Key Down;D;699863
Key Up;D;700076
Key Down;S;700374
Key Up;S;700656
Key Down;Q;700827
Key Up;Q;701012
Key Down;S;701103
Key Down;Q;701125
Key Up;Q;701466
Key Up;S;701471
Key Down;Q;701791
Key Up;Q;702036
Key Down;Q;702265
Key Down;Z;702297
Key Up;Q;702430
Key Up;Z;702440
Key Down;D;702707
Key Up;D;702809
Key Down;Z;703080
Key Up;Z;703207
Key Down;Q;703340
Key Up;Q;703564
Key Down;Haut;703793
Key Down;S;703826
Key Up;Gauche;704070
Key Up;S;704182
Key Down;Q;704262
Key Up;Q;704688
Key Down;Q;704880
Key Up;Q;705030
Key Down;Q;705178
Key Up;Q;705418
Key Down;Q;705652
Key Down;S;705690
Key Up;Q;705813
Key Up;S;705871
Key Down;D;706290
Key Up;D;706648
Key Down;Z;707201
Key Up;Z;707372
Key Down;Z;707553
Key Down;D;707627
Key Up;Z;707687
Key Down;Gauche;708198
Key Up;Haut;708522
Key Down;Z;708608
Key Up;D;708688
Key Up;Z;709040
Key Down;D;709198
Key Down;Z;709651
Key Up;D;709720
Key Down;Q;709880
Key Up;Z;709922
Key Up;Q;710152
Key Down;Q;710408
Key Up;Q;710557
Key Down;Q;710929
Key Up;Q;711323
Key Down;Q;711542
Key Down;S;711585
Key Up;Q;711766
Key Up;S;711792
Key Down;S;712350
Key Up;S;712462
Key Down;S;713283
Key Up;S;713394
Key Down;Z;714450
Key Up;Z;714603
Key Down;Z;715030
Key Up;Z;715132
Key Down;Z;715737
Key Up;Z;715844
Key Down;D;716654
Key Up;D;716845
Key Down;Z;716973
Key Up;Z;717143
Key Down;Q;717799
Key Up;Q;718017
Key Down;S;718565
Key Down;Q;718735
Key Up;Q;719033
Key Up;S;719102
Key Down;D;719369
Key Down;S;719503
Key Up;D;719635
Key Down;Q;719913
Key Down;Haut;720073
Key Up;S;720233
Key Up;Gauche;720275
Key Up;Q;720409
Key Up;Haut;720919
Key Down;Z;721896
Key Down;Q;722019
Key Down;D;722131
Key Up;Q;722136
Key Up;Z;722264
Key Down;Droite;722604
Key Down;Z;722685
Key Up;Z;723016
Key Up;D;723089
Key Down;D;723309
Key Down;Z;723558
Key Up;Z;723698
Key Up;D;724091
Key Down;Entrée;724607
Key Up;Entrée;724750
Key Down;D;724782
Key Up;D;725203
Key Down;D;726306
Key Up;D;726487
Key Down;S;726492
Key Up;S;726673
Key Down;D;726924
Key Up;D;727217
Key Down;D;727360
Key Down;Gauche;727620
Key Up;D;727801
Key Down;Z;727914
Key Up;Droite;727977
Key Up;Z;728318
Key Down;Bas;728377
Key Down;Z;728521
Key Up;Gauche;728585
Key Down;Q;728632
Key Up;Z;728777
Key Up;Q;728793
Key Down;Droite;728846
Key Up;Bas;729081
Key Down;S;729182
Key Up;S;729299
Key Down;S;729582
Key Up;S;729789
Key Down;D;729922
Key Down;Z;730029
Key Up;D;730077
Key Up;Z;730125
Key Down;S;730268
Key Down;Gauche;730311
Key Up;S;730410
Key Up;Droite;730431
Key Down;D;730469
Key Up;D;730661
Key Down;D;731125
Key Up;D;731343
Key Down;Q;731535
Key Down;Bas;731706
Key Up;Q;731711
Key Up;Gauche;731759
Key Down;Q;731919
Key Up;Q;732046
Key Down;Q;732078
Key Down;Droite;732190
Key Up;Q;732233
Key Up;Bas;732350
Key Down;Q;732371
Key Down;S;732569
Key Up;Q;732787
Key Up;S;732862
Key Down;D;732877
Key Up;D;733086
Key Down;Q;733107
Key Down;S;733192
Key Down;Haut;733261
Key Up;Q;733320
Key Up;S;733347
Key Down;D;733414
Key Up;Droite;733436
Key Up;D;733724
Key Down;Q;733745
Key Down;Z;733937
Key Up;Q;733942
Key Up;Z;734023
Key Down;D;734139
Key Up;D;734246
Key Down;Q;734268
Key Up;Q;734426
Key Down;Q;734662
Key Down;Gauche;735109
Key Down;Z;735130
Key Up;Q;735248
Key Up;Haut;735258
Key Down;D;735338
Key Up;Z;735359
Key Down;Haut;735402
Key Down;Bas;735434
Key Up;Haut;735444
Key Up;Gauche;735520
Key Up;D;735621
Key Down;D;735663
Key Down;Gauche;735727
Key Up;D;735871
Key Down;D;735935
Key Up;Bas;736036
Key Down;Z;736153
Key Up;Z;736329
Key Down;Z;736632
Key Up;Z;736760
Key Down;Z;737091
Key Down;Bas;737138
Key Up;D;737181
Key Down;Q;737289
Key Up;Z;737528
Key Up;Gauche;737538
Key Up;Q;737837
Key Down;D;737890
Key Up;D;738162
Key Down;Gauche;738450
Key Down;D;738498
Key Up;Bas;738567
Key Down;S;738599
Key Up;D;738785
Key Down;Q;739009
Key Up;S;739062
Key Down;Droite;739675
Key Down;S;739691
Key Up;Gauche;739771
Key Up;S;739920
Key Up;Q;740431
Key Down;S;740836
Key Down;D;740910
Key Up;S;740964
Key Up;D;741123
Key Down;D;742226
Key Up;D;742333
Key Down;D;743290
Key Up;D;743482
Key Down;Z;743578
Key Down;Bas;743988
Key Up;Droite;744057
Key Down;D;744074
Key Up;Z;744164
Key Down;Gauche;744212
Key Up;Bas;744409
Key Up;D;744531
Key Down;Q;744628
Key Up;Q;744739
Key Down;D;744835
Key Up;D;745038
Key Down;Q;745107
Key Down;Bas;745251
Key Down;Droite;745411
Key Up;Gauche;745427
Key Down;S;745494
Key Up;Bas;745660
Key Up;Q;745873
Key Down;Gauche;746054
Key Down;Haut;746267
Key Up;Droite;746310
Key Down;Q;746326
Key Up;Gauche;746422
Key Up;Q;746555
Key Up;S;746694
Key Down;Droite;747380
Key Down;D;747396
Key Up;Haut;747445
Key Up;D;747482
Key Down;Q;747487
Key Up;Q;747721
Key Down;D;748004
Key Down;Gauche;748313
Key Up;Droite;748414
Key Up;D;748489
Key Down;Haut;748551
Key Up;Haut;749090
Key Down;D;749383
Key Down;Haut;749559
Key Up;Gauche;749654
Key Up;D;749707
Key Down;D;750049
Key Down;Z;750107
Key Up;D;750193
Key Up;Z;750246
Key Down;Q;752003
Key Down;Z;752146
Key Up;Q;752300
Key Up;Z;752316
Key Down;Q;752514
Key Up;Q;752695
Key Down;D;752983
Key Up;D;753393
Key Down;Z;753686
Key Up;Z;753787
Key Down;S;754315
Key Down;Q;754501
Key Up;S;754643
Key Up;Q;754900
Key Down;Droite;755075
Key Down;Q;755202
Key Up;Haut;755239
Key Up;Q;755431
Key Down;Z;756125
Key Down;D;756130
Key Up;Z;756258
Key Up;D;756364
Key Down;D;756726
Key Up;D;756833
Key Down;Q;757035
Key Down;Z;757946
Key Up;Z;758132
Key Up;Q;758276
Key Down;D;758600
Key Up;D;758899
Key Down;Q;758953
Key Up;Q;759139
Key Down;D;759171
Key Up;D;759810
Key Down;D;760114
Key Up;D;760353
Key Down;Z;760423
Key Down;D;760498
Key Up;Z;760540
Key Up;D;760826
Key Down;Q;760859
Key Down;S;761067
Key Up;Q;761216
Key Up;S;761642
Key Down;Q;761721
Key Up;Droite;761871
Key Down;Z;762068
Key Down;Droite;762089
Key Up;Q;762137
Key Up;Z;762275
Key Down;D;762483
Key Up;D;762648
Key Down;Q;763080
Key Up;Q;763443
Key Down;Q;763613
Key Up;Q;763771
Key Down;D;763915
Key Up;D;764080
Key Down;Z;764246
Key Down;Q;764251
Key Up;Q;764464
Key Down;D;764586
Key Up;Z;764677
Key Up;Droite;764756
Key Up;D;764767
Key Down;Q;764905
Key Down;S;764916
Key Up;S;765295
Key Up;Q;765321
Key Down;S;765944
Key Down;D;765987
Key Up;S;766098
Key Down;Z;766578
Key Up;D;766725
Key Down;Q;766773
Key Up;Z;766896
Key Down;Z;767359
Key Down;Gauche;767434
Key Up;Z;767545
Key Down;Z;767817
Key Up;Z;767950
Key Down;S;768984
Key Up;Gauche;769101
Key Down;Bas;769197
Key Up;Q;769793
Key Down;Q;769841
Key Up;Q;770022
Key Up;Bas;770081
Key Down;Bas;771897
Key Up;Bas;772159
Key Down;D;772239
Key Up;S;772785
Key Down;Droite;772817
Key Up;D;773920
Key Down;D;774224
Key Up;D;774394
Key Down;Q;775173
Key Down;Gauche;775375
Key Up;Droite;775599
Key Down;Bas;776003
Key Up;Gauche;776167
Key Down;S;776647
Key Up;Q;777185
Key Down;D;777542
Key Up;D;777696
Key Up;Bas;779809
Key Down;Bas;780380
Key Up;Bas;781435
Key Up;S;781817
Key Down;D;781828
Key Down;S;782179
Key Down;Bas;782312
Key Up;D;782317
Key Down;Q;782632
Key Up;Q;783165
Key Up;Bas;783634
Key Up;S;783767
Key Down;Q;784330
Key Down;Bas;784352
Key Up;Q;784485
Key Down;Droite;784914
Key Down;Q;785053
Key Up;Bas;785299
Key Down;S;785709
Key Up;S;786130
Key Up;Q;786135
Key Down;S;787131
Key Down;D;787403
Key Down;Haut;787563
Key Up;D;787664
Key Up;S;787696
Key Up;Droite;787902
Key Down;S;788052
Key Down;D;788068
Key Up;D;788301
Key Down;D;788605
Key Down;Gauche;789058
Key Up;S;789063
Key Up;Haut;789250
Key Up;D;789777
Key Down;Q;789852
Key Down;Z;789857
Key Up;Q;790054
Key Up;Z;790097
Key Down;D;790209
Key Down;Z;790492
Key Up;D;790917
Key Up;Z;790954
Key Down;Z;791465
Key Up;Z;791625
Key Down;S;792605
Key Up;S;792717
Key Down;S;792872
Key Up;S;793026
Key Down;S;793601
Key Up;S;793735
Key Down;S;794138
Key Up;S;794287
Key Down;S;795049
Key Down;Q;795155
Key Down;Haut;795204
Key Up;Gauche;795352
Key Up;S;795369
Key Down;Droite;795917
Key Up;Haut;796029
Key Down;Z;796237
Key Up;Q;796354
Key Up;Z;796375
Key Down;Q;796647
Key Down;Z;796748
Key Up;Z;796960
Key Up;Q;797018
Key Down;Z;797173
Key Up;Z;797338
Key Down;Z;797594
Key Up;Z;797781
Key Down;Z;797914
Key Down;Q;797989
Key Up;Z;798111
Key Up;Q;798116
Key Down;D;798345
Key Up;D;798532
Key Down;Z;798643
Key Down;Q;798654
Key Up;Q;798969
Key Up;Z;798974
Key Down;Z;799560
Key Up;Z;799672
Key Down;S;800337
Key Up;S;800502
Key Down;Z;800832
Key Up;Z;800997
Key Down;D;801232
Key Down;Bas;801349
Key Up;Droite;801440
Key Up;D;801546
Key Down;D;801743
Key Up;D;801871
Key Down;D;801978
Key Down;Gauche;802095
Key Up;D;802212
Key Up;Bas;802239
Key Down;S;803223
Key Down;D;803548
Key Up;D;803660
Key Up;S;803814
Key Down;S;804075
Key Down;D;804539
Key Up;S;804549
Key Up;D;805225
Key Down;Q;805305
Key Up;Gauche;805736
Key Up;Q;805960
Key Down;S;806052
Key Up;S;806180
Key Down;D;807190
Key Down;S;807291
Key Up;D;807334
Key Up;S;807824
Key Down;Bas;808334
Key Down;Q;808573
Key Up;Q;808686
Key Down;D;808872
Key Up;D;809265
Key Down;Q;809276
Key Down;Droite;809473
Key Up;Bas;809633
Key Down;S;809649
Key Up;S;809793
Key Up;Q;809872
Key Down;Q;810048
Key Down;S;810128
Key Up;S;810309
Key Up;Q;810426
Key Down;Q;810602
Key Up;Q;810794
Key Down;Q;810992
Key Up;Q;811151
Key Down;Q;811476
Key Up;Q;811652
Key Down;S;811897
Key Down;Haut;812097
Key Up;S;812290
Key Up;Droite;812343
Key Down;Z;812641
Key Down;D;812721
Key Up;Z;812742
Key Up;D;812982
Key Down;Q;813174
Key Up;Q;813397
Key Down;S;813547
Key Up;S;813829
Key Down;S;814026
Key Up;S;814208
Key Down;S;814496
Key Up;S;814665
Key Down;D;815107
Key Up;D;815191
Key Down;D;815383
Key Down;Gauche;815437
Key Up;Haut;815612
Key Up;D;815746
Key Down;D;815932
Key Up;D;816182
Key Down;D;816375
Key Up;D;816555
Key Down;D;816763
Key Up;D;816902
Key Down;D;817174
Key Up;D;817344
Key Down;D;817541
Key Up;D;817797
Key Down;D;817994
Key Up;D;818163
Key Down;Q;819660
Key Down;Z;819745
Key Up;Q;819847
Key Up;Z;819857
Key Down;Q;820816
Key Up;Gauche;820960
Key Down;Z;821625
Key Up;Q;821843
Key Down;D;821960
Key Up;Z;822195
Key Down;S;823473
Key Up;S;823601
Key Up;D;824239
Key Down;Droite;824321
Key Down;D;824470
Key Down;S;825035
Key Up;Droite;825141
Key Down;Bas;825648
Key Up;D;825679
Key Up;S;826175
Key Down;Gauche;826783
Key Down;S;826857
Key Up;Bas;826868
Key Up;S;826974
Key Down;Q;826991
Key Up;Q;827367
Key Down;S;827457
Key Up;S;827542
Key Down;Q;827782
Key Up;Q;827953
Key Down;D;828331
Key Down;Droite;828395
Key Up;Gauche;828619
Key Up;D;829296
Key Down;Q;829663
Key Up;Droite;829845
Key Down;Z;829855
Key Up;Q;830053
Key Down;Q;830232
Key Up;Q;830594
Key Up;Z;831000
Key Down;S;831281
Key Up;S;831664
Key Down;Z;833013
Key Down;Haut;833672
Key Up;Z;835175
Key Down;D;835819
Key Down;Z;835830
Key Down;Droite;835851
Key Up;Haut;835862
Key Up;Z;836096
Key Up;D;836107
Key Down;Q;836420
Key Up;Q;836622
Key Down;Q;837256
Key Up;Q;837463
Key Down;Q;837816
Key Up;Q;838029
Key Down;S;838327
Key Up;S;838466
Key Down;D;839052
Key Up;D;839195
Key Down;Q;839322
Key Up;Q;839583
Key Down;Z;839727
Key Up;Z;839908
Key Down;Q;840089
Key Up;Q;840275
Key Down;S;840505
Key Up;S;840601
Key Down;Q;840675
Key Up;Q;840867
Key Down;Q;841117
Key Up;Q;841271
Key Down;D;841842
Key Down;Z;841986
Key Up;D;842135
Key Up;Z;842140
Key Down;D;842757
Key Up;D;842884
Key Down;Q;843679
Key Down;Z;843849
Key Up;Q;843945
Key Up;Z;844014
Key Down;D;844051
Key Up;D;844276
Key Down;S;844574
Key Up;S;844718
Key Down;S;845074
Key Up;S;845266
Key Down;Z;845605
Key Down;Q;845674
Key Up;Z;845792
Key Up;Q;845829
Key Down;Z;846516
Key Up;Droite;846666
Key Up;Z;846708
Key Down;S;846828
Key Down;D;846839
Key Up;S;847345
Key Down;Z;847665
Key Up;D;847829
Key Down;D;848080
Key Up;D;848186
Key Down;D;849144
Key Up;D;849235
Key Down;D;849443
Key Down;Droite;849639
Key Up;Z;849698
Key Down;Tab;850061
Key Up;Tab;850418
Key Down;Z;850593
Key Up;Z;850971
Key Down;Z;851950
Key Up;Z;852110
Key Down;Bas;852675
Key Up;Droite;853133
Key Up;Bas;853431
Key Down;Z;857861
Key Up;Z;858544
Key Down;Z;858778
Key Up;D;858869
Key Down;D;858922
Key Up;D;859023
Key Up;Z;859636
Key Down;Haut;859746
Key Down;Z;859949
Key Up;Z;860002
Key Down;Q;860055
Key Down;S;860199
Key Up;Q;860396
Key Up;S;860434
Key Down;D;860773
Key Down;Gauche;861114
Key Up;Haut;861125
Key Up;D;861354
Key Down;Q;861376
Key Up;Q;861722
Key Down;Haut;861775
Key Down;Q;861823
Key Up;Gauche;861834
Key Up;Q;862063
Key Down;Droite;862276
Key Down;Z;862335
Key Down;Q;862340
Key Up;Haut;862515
Key Up;Q;862520
Key Up;Z;862596
Key Down;Q;862627
Key Down;S;862931
Key Up;Q;862974
Key Down;D;863017
Key Down;Haut;863043
Key Up;Droite;863213
Key Up;S;863315
Key Down;Gauche;863654
Key Up;Haut;863720
Key Down;Z;864040
Key Up;D;864051
Key Up;Z;864125
Key Down;Haut;864211
Key Down;Q;864253
Key Up;Gauche;864285
Key Up;Q;864514
Key Down;Droite;864637
Key Down;Q;864706
Key Up;Haut;864716
Key Up;Q;864881
Key Down;Z;865335
Key Up;Z;865473
Key Up;Droite;865952
Key Down;Z;866024
Key Up;Z;866316
Key Down;Q;866588
Key Down;S;866689
Key Up;Q;866770
Key Down;D;866945
Key Up;S;867094
Key Up;D;867131
Key Down;Haut;867317
Key Down;D;867733
Key Up;D;867824
Key Up;Haut;867993
Key Down;S;868260
Key Down;Q;868623
Key Up;Q;868761
Key Up;S;869170
Key Down;S;869344
Key Down;Q;869450
Key Up;S;869456
Key Down;S;869604
Key Up;Q;869742
Key Down;D;870008
Key Up;D;870328
Key Up;S;871153
Key Down;Bas;871503
Key Down;S;871572
Key Down;Gauche;871717
Key Down;Q;871732
Key Up;S;871749
Key Up;Bas;871790
Key Up;Q;871929
Key Down;S;871934
Key Up;S;872122
Key Down;S;872319
Key Down;D;872361
Key Up;S;872510
Key Up;D;872526
Key Down;Q;873339
Key Up;Q;873462
Key Down;Droite;873873
Key Down;S;873899
Key Up;Gauche;873921
Key Down;D;873937
Key Up;D;874133
Key Up;S;874411
Key Down;Z;874778
Key Up;Z;874885
Key Up;Droite;876907
Key Down;Z;877166
Key Up;Z;877517
Key Down;S;877668
Key Down;Bas;877786
Key Up;S;878681
Key Down;S;879367
Key Down;Gauche;879404
Key Up;Bas;879473
Key Down;Q;879526
Key Up;S;879543
Key Up;Q;879846
Key Down;S;879936
Key Up;S;879990
Key Down;D;880928
Key Up;D;881130
Key Down;D;881290
Key Down;S;881509
Key Up;D;881742
Key Up;S;881916
Key Down;S;882136
Key Up;S;882279
Key Down;D;882557
Key Up;D;882919
Key Down;D;883191
Key Down;Z;883382
Key Up;D;883489
Key Up;Z;883521
Key Down;Z;884034
Key Up;Z;884120
Key Down;D;884152
Key Up;D;884467
Key Down;S;884977
Key Up;S;885110
Key Up;Gauche;885574
Key Down;Q;885794
Key Down;Z;885955
Key Up;Z;886264
Key Down;S;886812
Key Up;Q;887222
Key Down;D;887511
Key Up;D;887649
Key Up;S;888089
Key Down;Bas;888565
Key Down;Z;889508
Key Down;D;889860
Key Up;Bas;889982
Key Up;Z;890417
Key Down;Droite;890800
Key Down;Z;890870
Key Up;Droite;891318
Key Up;Z;891340
Key Up;D;891916
Key Down;Droite;892234
Key Down;D;892339
Key Up;D;892782
Key Up;Droite;892959
Key Down;Droite;893330
Key Up;Droite;893513
Key Down;Droite;893591
Key Up;Droite;893752
Key Down;Droite;893827
Key Up;Droite;893971
Key Down;Droite;894072
Key Up;Droite;894209
Key Down;Droite;894312
Key Up;Droite;894452
Key Down;Droite;894543
Key Up;Droite;894682
Key Down;Droite;894777
Key Down;Q;894942
Key Up;Droite;894958
Key Down;Droite;895033
Key Up;Droite;895204
Key Down;Droite;895316
Key Up;Droite;895473
Key Down;Droite;895580
Key Up;Q;895590
Key Down;D;895643
Key Up;Droite;895713
Key Down;Espace;896985
Key Up;Espace;897129
Key Up;D;897335
Key Down;D;897883
Key Up;D;898022
Key Down;Q;899082
Key Down;S;900988
Key Up;Q;902031
Key Up;S;902404
Key Down;S;902823
Key Up;S;903413
Key Down;Z;903640
Key Down;D;904451
Key Up;Z;905144
Key Down;Z;905505
Key Up;Z;905761
Key Up;D;906577
Key Down;D;906823
Key Up;D;907854
Key Down;Q;908013
Key Down;Gauche;908371
Key Down;Haut;909388
Key Down;Z;909404
Key Up;Gauche;910085
Key Up;Z;910090
Key Down;Z;910346
Key Up;Q;911183
Key Down;Tab;911582
Key Up;Haut;911620
Key Down;D;913034
Key Up;Tab;913382
Key Up;D;913440
Key Down;Q;913589
Key Up;Z;913722
Key Down;Z;914239
Key Up;Q;914350
Key Up;Z;914404
Key Down;D;914461
Key Down;Q;914519
Key Up;D;914524
Key Down;Z;914919
Key Up;Z;915057
Key Down;S;921038
Key Up;Q;922049
Key Down;D;922140
Key Up;S;922150
Key Down;Z;922432
Key Up;Z;922998
Key Down;Z;923338
Key Up;Z;923604
Key Down;Z;923871
Key Up;Z;924053
Key Down;A;928898
Key Up;A;929073
Key Down;Q;930712
Key Up;D;930809
Key Down;S;937620
Key Up;S;938067
Key Down;S;938478
Key Up;S;938819
Key Down;S;939058
Key Up;Q;939235
Key Up;S;943275
Key Down;S;944268
Key Down;D;944456
Key Up;S;944583
Key Up;D;944956
Key Down;Q;945061
Key Up;Q;945540
Key Down;Z;948893
Key Down;Q;948973
Key Up;Z;949149
Key Up;Q;949170
Key Down;D;949606
Key Down;Z;949664
Key Up;D;949802
Key Down;Gauche;950335
Key Down;Q;950478
Key Up;Z;950713
Key Down;Z;951017
Key Up;Z;951390
Key Down;Z;951837
Key Up;Z;952007
Key Up;Q;953200
Key Up;Gauche;953216
Key Down;D;953439
Key Up;D;953753
Key Down;Q;953804
Key Up;Q;954544
Key Down;Z;954555
Key Down;Haut;954805
Key Down;Q;955012
Key Up;Q;955188
Key Down;D;955235
Key Up;Z;955363
Key Up;Haut;955501
Key Down;Z;955677
Key Up;D;955763
Key Down;Q;955928
Key Up;Q;956535
Key Down;Haut;956988
Key Up;Haut;957068
Key Down;Haut;957196
Key Up;Haut;957286
Key Down;Haut;957403
Key Up;Haut;957484
Key Down;Q;957521
Key Up;Q;957856
Key Down;Haut;957919
Key Up;Haut;958046
Key Down;Haut;958143
Key Up;Haut;958260
Key Down;Haut;958351
Key Up;Haut;958452
Key Down;D;958484
Key Down;Haut;958548
Key Up;Haut;958649
Key Down;Haut;958744
Key Up;D;958803
Key Up;Haut;958846
Key Down;Haut;958931
Key Up;Haut;959043
Key Down;Haut;959128
Key Up;Haut;959245
Key Down;Haut;959325
Key Down;Q;959688
Key Up;Z;959725
Key Down;Z;960279
Key Up;Q;960386
Key Down;D;960652
Key Up;Z;961056
Key Down;Z;961226
Key Up;D;961407
Key Down;D;969173
Key Up;Z;969274
Key Down;Z;970194
Key Up;Z;970375
Key Down;Droite;970866
Key Up;Haut;971148
Key Up;Droite;971559
Key Down;Z;971575
Key Up;D;971718
Key Up;Z;971979
Key Down;D;972005
Key Up;D;972411
Key Down;Entrée;973936
Key Up;Entrée;974075
Key Down;Entrée;975350
Key Up;Entrée;975446
Key Down;Gauche;977893
Key Down;Q;977973
Key Up;Q;979091
Key Down;D;979186
Key Down;Z;979602
Key Up;Z;979969
Key Up;D;980055
Key Down;Q;980076
Key Down;S;980630
Key Up;S;980977
Key Up;Q;981861
Key Down;Z;982664
Key Down;Q;982686
Key Up;Gauche;982707
Key Up;Q;982915
Key Up;Z;982920
Key Down;Q;983157
Key Up;Q;983424
Key Down;Z;983634
Key Up;Z;983773
Key Down;Q;983924
Key Up;Q;984046
Key Down;Q;984309
Key Up;Q;984399
Key Down;Q;984786
Key Up;Q;984887
Key Down;D;985191
Key Up;D;985272
Key Down;Q;985576
Key Up;Q;985650
Key Down;S;987104
Key Up;S;987328
Key Down;Q;987482
Key Up;Q;987977
Key Down;S;989230
Key Up;S;989411
Key Down;Q;989440
Key Down;Z;989622
Key Up;Z;989749
Key Down;Gauche;990000
Key Down;Z;990421
Key Up;Z;990661
Key Up;Q;991347
Key Down;Q;991597
Key Up;Q;991853
Key Down;D;992482
Key Up;D;992674
Key Down;S;993014
Key Down;Q;993062
Key Up;S;993180
Key Up;Q;993275
Key Down;D;993297
Key Up;D;993590
Key Down;Q;993840
Key Up;Q;993984
Key Down;Q;994112
Key Down;Z;994134
Key Up;Z;994318
Key Up;Q;994345
Key Down;Q;994515
Key Up;Q;994707
Key Down;Q;994861
Key Down;S;994872
Key Down;Haut;995170
Key Up;Q;995219
Key Up;Gauche;995288
Key Up;S;995506
Key Down;D;995612
Key Up;D;995735
Key Down;S;996082
Key Up;S;996268
Key Down;Q;997041
Key Up;Q;997258
Key Down;Droite;997460
Key Down;Q;997588
Key Down;Z;997636
Key Up;Z;997732
Key Up;Haut;997790
Key Up;Q;997875
Key Down;Z;998004
Key Down;D;998046
Key Up;Z;998126
Key Down;Z;998259
Key Up;D;998318
Key Up;Z;998435
Key Down;Q;998445
Key Up;Q;999053
Key Down;Q;999356
Key Up;Q;999559
Key Down;S;999858
Key Down;D;999942
Key Up;S;1000071
Key Up;D;1000193
Key Down;Z;1000772
Key Down;Q;1000894
Key Up;Z;1000927
Key Up;Q;1001033
Key Down;Q;1001337
Key Up;Q;1001518
Key Down;Q;1001742
Key Down;Z;1001918
Key Up;Q;1001929
Key Down;D;1002073
Key Up;Z;1002152
Key Up;D;1002356
Key Down;Z;1002500
Key Up;Z;1002718
Key Down;Q;1002872
Key Up;Q;1003096
Key Down;Q;1003303
Key Up;Q;1003536
Key Down;S;1004038
Key Up;S;1004240
Key Down;S;1004400
Key Down;D;1004469
Key Up;S;1004693
Key Up;D;1004751
Key Down;Haut;1005055
Key Down;S;1005071
Key Down;D;1005141
Key Up;Droite;1005220
Key Up;S;1005316
Key Up;D;1005695
Key Down;D;1005939
Key Up;D;1006089
Key Down;D;1006238
Key Up;D;1006488
Key Down;D;1006754
Key Up;D;1006924
Key Down;D;1007335
Key Down;Z;1007468
Key Down;Gauche;1007489
Key Up;D;1007500
Key Down;D;1007633
Key Up;Haut;1007643
Key Up;D;1007984
Key Up;Z;1008021
Key Down;Z;1008331
Key Down;D;1008341
Key Up;Z;1008522
Key Up;D;1008656
Key Down;D;1008869
Key Down;S;1008943
Key Up;S;1009081
Key Down;Z;1009199
Key Up;D;1009362
Key Up;Z;1009389
Key Down;Q;1009810
Key Down;Z;1009869
Key Up;Q;1009943
Key Down;Q;1010221
Key Down;Bas;1010535
Key Down;Droite;1010870
Key Up;Z;1010897
Key Up;Gauche;1010977
Key Up;Q;1011041
Key Down;D;1011083
Key Down;Gauche;1011280
Key Up;Droite;1011366
Key Up;Bas;1011429
Key Up;D;1011750
Key Down;S;1012022
Key Down;D;1012027
Key Up;D;1012298
Key Up;S;1012341
Key Down;S;1012664
Key Up;S;1012979
Key Down;S;1013219
Key Up;S;1013480
Key Down;S;1013580
Key Up;S;1013751
Key Down;Z;1014183
Key Up;Z;1014348
Key Down;Z;1014545
Key Up;Z;1014662
Key Down;Z;1014913
Key Down;Bas;1014955
Key Up;Gauche;1015057
Key Down;Q;1015142
Key Up;Q;1015556
Key Up;Z;1015562
Key Down;Q;1015828
Key Up;Q;1015993
Key Down;Z;1015998
Key Up;Z;1016169
Key Down;Z;1016547
Key Down;Q;1016798
Key Down;Droite;1016845
Key Up;Z;1016942
Key Up;Bas;1017020
Key Up;Q;1017341
Key Down;Q;1017528
Key Down;S;1017533
Key Up;S;1017746
Key Up;Q;1017863
Key Down;Q;1018092
Key Up;Q;1018321
Key Down;Q;1018543
Key Down;S;1018635
Key Up;Q;1018880
Key Down;Q;1018922
Key Up;S;1019076
Key Up;Q;1019135
Key Up;Droite;1019306
Key Down;S;1019403
Key Down;D;1019483
Key Up;S;1019637
Key Down;Z;1019824
Key Down;Haut;1019973
Key Up;D;1020506
Key Down;D;1021081
Key Up;D;1021278
Key Up;Z;1021553
Key Down;Q;1022784
Key Up;Q;1022981
Key Down;D;1023045
Key Down;S;1023130
Key Down;Gauche;1023259
Key Up;S;1023323
Key Up;Haut;1023365
Key Up;D;1023717
Key Down;D;1023983
Key Up;D;1024223
Key Down;Haut;1024282
Key Down;S;1024308
Key Down;Q;1024426
Key Up;Gauche;1024818
Key Down;Droite;1024941
Key Up;S;1024946
Key Up;Q;1025064
Key Down;Q;1025100
Key Up;Haut;1025154
Key Down;Z;1025217
Key Down;Bas;1025404
Key Up;Q;1025410
Key Down;Q;1025921
Key Up;Z;1026203
Key Up;Bas;1026513
Key Down;S;1026561
Key Up;Q;1027077
Key Down;Q;1027376
Key Down;Haut;1027523
Key Up;Q;1027529
Key Down;D;1027592
Key Up;Droite;1027619
Key Up;S;1027928
Key Down;Gauche;1028141
Key Up;D;1028285
Key Down;D;1028424
Key Up;Haut;1028573
Key Down;Z;1028616
Key Up;Z;1029031
Key Down;S;1029292
Key Up;D;1029547
Key Up;S;1029569
Key Down;D;1029990
Key Up;Gauche;1030358
Key Up;D;1030416
Key Down;Q;1030440
Key Down;Z;1030478
Key Up;Z;1030720
Key Down;S;1031264
Key Up;Q;1031770
Key Down;Q;1032149
Key Up;Q;1032548
Key Down;D;1032644
Key Up;S;1032746
Key Down;S;1032927
Key Up;D;1033299
Key Down;D;1033634
Key Up;S;1033751
Key Down;Z;1034108
Key Down;Droite;1034247
Key Up;Z;1034497
Key Down;Z;1034678
Key Up;Z;1034844
Key Down;Z;1034961
Key Up;Z;1035131
Key Down;Bas;1035691
Key Up;Bas;1035914
Key Up;D;1036004
Key Down;D;1036244
Key Down;S;1036399
Key Up;S;1036739
Key Up;Droite;1036989
Key Up;D;1037176
Key Down;Q;1037333
Key Down;Z;1037531
Key Up;Q;1037600
Key Up;Z;1037642
Key Down;S;1038015
Key Up;S;1038121
Key Down;D;1038328
Key Up;D;1038403
Key Down;Z;1038779
Key Up;Z;1038860
Key Down;E;1039319
Key Up;E;1039458
Key Down;Z;1039556
Key Down;D;1039634
Key Up;Z;1039724
Key Up;D;1040588
Key Down;S;1041044
Key Down;D;1041251
Key Up;S;1041342
Key Up;D;1041401
Key Down;Q;1041669
Key Up;Q;1041797
Key Down;E;1042066
Key Down;Z;1042141
Key Up;E;1042194
Key Down;Q;1042440
Key Up;Z;1042546
Key Down;S;1042886
Key Up;S;1043413
Key Down;S;1043535
Key Up;S;1043684
Key Down;Z;1043993
Key Up;Q;1044063
Key Down;D;1044127
Key Up;Z;1044228
Key Down;Z;1045347
Key Up;Z;1045539
Key Down;Z;1045740
Key Up;Z;1045884
Key Down;Z;1046059
Key Up;Z;1046166
Key Down;Z;1047424
Key Up;D;1047962
Key Down;D;1048186
Key Up;D;1048292
Key Up;Z;1048654
Key Down;Haut;1049139
Key Down;Gauche;1049331
Key Up;Haut;1049406
Key Down;Z;1049422
Key Up;Z;1049550
Key Down;S;1049891
Key Up;S;1050183
Key Down;Z;1050674
Key Up;Z;1050801
Key Down;Z;1051515
Key Up;Z;1051606
Key Down;Droite;1058282
Key Up;Gauche;1058293
Key Up;Droite;1060547
Key Down;S;1060868
Key Down;D;1061875
Key Up;S;1062280
Key Down;S;1062610
Key Up;D;1062648
Key Down;Q;1062669
Key Down;Bas;1063287
Key Up;Q;1063473
Key Down;Q;1063702
Key Up;Q;1063908
Key Up;S;1064138
Key Down;Gauche;1064878
Key Up;Bas;1064921
Key Down;Q;1065017
Key Up;Q;1065209
Key Down;D;1066551
Key Up;D;1066901
Key Down;Q;1067275
Key Up;Q;1067370
Key Down;D;1067450
Key Up;D;1067845
Key Down;Q;1067877
Key Up;Q;1068409
Key Down;D;1068563
Key Down;S;1068782
Key Up;D;1069624
Key Down;Q;1069719
Key Up;S;1070118
Key Up;Q;1070656
Key Down;D;1070757
Key Up;D;1071007
Key Down;S;1071311
Key Down;D;1071380
Key Up;S;1071599
Key Up;D;1071663
Key Down;Q;1071706
Key Up;Q;1072025
Key Down;Haut;1073457
Key Up;Gauche;1073488
Key Down;Z;1073717
Key Up;Z;1073850
Key Down;S;1074261
Key Down;D;1074410
Key Up;S;1074554
Key Up;D;1074687
Key Down;D;1074938
Key Up;D;1075226
Key Down;Q;1075274
Key Up;Q;1075455
Key Down;D;1075742
Key Down;Z;1075758
Key Up;D;1075854
Key Up;Z;1076044
Key Down;D;1076364
Key Up;D;1076466
Key Down;Gauche;1077067
Key Up;Haut;1077168
Key Down;Z;1077206
Key Up;Z;1077904
Key Down;D;1078064
Key Up;D;1078335
Key Down;S;1078751
Key Up;S;1078889
Key Down;S;1079415
Key Down;Q;1079683
Key Up;S;1079965
Key Up;Gauche;1080108
Key Down;Z;1080151
Key Up;Z;1080455
Key Up;Q;1080678
Key Down;D;1080802
Key Down;S;1081126
Key Down;Bas;1081281
Key Up;D;1081330
Key Down;Q;1081510
Key Up;S;1081655
Key Down;S;1081900
Key Up;Q;1082074
Key Up;S;1082799
Key Down;S;1083326
Key Down;Gauche;1083390
Key Up;S;1083427
Key Up;Bas;1083443
Key Down;Z;1083613
Key Up;Z;1083741
Key Down;D;1084124
Key Up;D;1084428
Key Down;D;1085098
Key Up;D;1085397
Key Down;S;1086281
Key Down;D;1086297
Key Up;D;1086467
Key Up;S;1086489
Key Down;S;1086724
Key Down;D;1086798
Key Up;D;1086979
Key Up;S;1087017
Key Down;S;1087448
Key Down;D;1087512
Key Up;S;1087763
Key Up;D;1087864
Key Down;Z;1087912
Key Down;Q;1088208
Key Down;Bas;1088261
Key Up;Gauche;1088810
Key Up;Z;1089008
Key Down;Droite;1089040
Key Up;Bas;1089258
Key Up;Q;1089758
Key Down;S;1089972
Key Down;Q;1089988
Key Up;S;1090136
Key Up;Q;1090265
Key Down;Q;1090403
Key Down;S;1090440
Key Up;Q;1090713
Key Up;S;1090723
Key Down;Z;1091185
Key Up;Z;1091377
Key Down;Q;1091574
Key Up;Q;1091776
Key Down;Q;1091920
Key Up;Q;1092069
Key Down;D;1092160
Key Down;Gauche;1092346
Key Up;D;1092501
Key Down;Q;1092543
Key Up;Droite;1092591
Key Down;S;1092617
Key Down;D;1092704
Key Up;Q;1092709
Key Up;S;1092757
Key Up;D;1093204
Key Down;S;1093311
Key Up;S;1093604
Key Down;D;1093737
Key Up;D;1094008
Key Down;D;1094108
Key Up;D;1094359
Key Down;D;1094668
Key Down;Z;1094721
Key Up;D;1094801
Key Down;Q;1094854
Key Down;Bas;1094923
Key Down;Droite;1095216
Key Up;Gauche;1095371
Key Up;Z;1095542
Key Up;Bas;1095851
Key Up;Q;1096122
Key Down;Q;1096660
Key Up;Q;1097228
Key Down;D;1097761
Key Down;S;1097975
Key Up;Droite;1098018
Key Up;D;1098113
Key Down;Q;1098295
Key Up;Q;1098492
Key Down;D;1098567
Key Up;S;1098987
Key Down;Z;1099552
Key Up;Z;1099722
Key Down;Droite;1100616
Key Up;D;1100648
Key Down;D;1100909
Key Up;D;1101666
Key Up;Droite;1101756
Key Down;Q;1102491
Key Down;Gauche;1103219
Key Down;Bas;1104194
Key Down;S;1104306
Key Up;Gauche;1104370
Key Up;Q;1105399
Key Up;S;1105719
Key Down;S;1106239
Key Down;Gauche;1106260
Key Down;Q;1106297
Key Up;Bas;1106350
Key Up;S;1106414
Key Up;Q;1106601
Key Down;D;1106739
Key Up;D;1107038
Key Down;S;1107272
Key Down;D;1108077
Key Up;S;1108482
Key Down;Z;1108870
Key Up;D;1109020
Key Down;Bas;1109370
Key Down;Q;1109455
Key Up;Q;1109695
Key Down;Droite;1109807
Key Down;Q;1109834
Key Up;Gauche;1109855
Key Up;Z;1110041
Key Up;Bas;1110058
Key Down;S;1110201
Key Up;S;1110633
Key Down;S;1111107
Key Up;S;1111837
Key Up;Q;1112245
Key Down;Q;1112379
Key Up;Q;1112539
Key Down;Q;1112656
Key Up;Q;1113045
Key Down;Q;1113221
Key Up;Q;1113599
Key Down;Q;1113786
Key Up;Q;1114132
Key Down;Q;1114319
Key Up;Q;1114531
Key Down;Z;1114654
Key Up;Z;1114708
Key Down;Z;1114777
Key Down;Q;1114788
Key Up;Z;1114911
Key Up;Q;1114979
Key Down;Q;1115065
Key Up;Q;1115297
Key Down;Z;1115409
Key Down;Q;1115490
Key Up;Z;1115548
Key Up;Q;1115591
Key Down;D;1116172
Key Up;D;1116331
Key Down;Q;1116854
Key Up;Q;1117029
Key Down;Z;1117557
Key Up;Z;1117659
Key Down;Bas;1117855
Key Down;Z;1117871
Key Down;D;1118015
Key Up;Droite;1118052
Key Up;Z;1118552
Key Down;Gauche;1118615
Key Up;Bas;1118759
Key Down;Z;1119190
Key Up;Z;1119617
Key Up;D;1120875
Key Down;D;1120981
Key Down;S;1121571
Key Up;S;1122024
Key Up;D;1122050
Key Down;Z;1122818
Key Up;Z;1122956
Key Down;D;1123015
Key Up;D;1123164
Key Down;Q;1123724
Key Up;Q;1123921
Key Down;D;1124320
Key Up;D;1124712
Key Down;D;1124926
Key Up;D;1125213
Key Down;S;1125469
Key Up;S;1125591
Key Down;Q;1125795
Key Up;Q;1125980
Key Down;D;1126125
Key Up;D;1126546
Key Up;Gauche;1126838
Key Down;Echap;1128513
Key Up;Echap;1128646
Key Down;Left Alt;1129806
Key Down;Tab;1129929
Key Up;Left Alt;1130062
Key Up;Tab;1130083
