Event;Key;Time
Key Down;Echap;2608
Key Up;Echap;2679
Key Down;Z;3207
Key Down;Left Shift;3552
Key Down;D;3928
Key Up;D;4544
Key Up;Left Shift;4592
Key Up;Z;4768
Key Down;E;4872
Key Up;E;5024
Key Down;E;5328
Key Up;E;5384
Key Down;Z;5752
Key Down;Left Shift;5896
Key Up;Left Shift;7328
Key Down;Q;7440
Key Up;Z;7671
Key Down;Z;7936
Key Up;Q;8024
Key Down;Q;8672
Key Up;Z;8944
Key Up;Q;9288
Key Down;Z;9536
Key Down;D;10408
Key Up;Z;10936
Key Up;D;11584
Key Down;Z;11656
Key Up;Z;11864
Key Down;Z;12192
Key Down;D;13464
Key Up;Z;13640
Key Up;D;13712
Key Down;Z;14432
Key Down;T;16032
Key Up;T;16112
Key Down;D;16392
Key Up;Z;16408
Key Down;S;16640
Key Up;D;16696
Key Up;S;17353
Key Down;Z;18696
Key Up;Z;19256
Key Down;E;20240
Key Up;E;20360
Key Down;E;20800
Key Up;E;20920
Key Down;E;21249
Key Up;E;21337
Key Down;E;21649
Key Up;E;21729
Key Down;Z;21985
Key Down;Q;22809
Key Up;Q;24472
Key Down;Q;25184
Key Up;Q;25577
Key Up;Z;25601
Key Down;Z;27312
Key Down;Q;27856
Key Up;Q;28240
Key Up;Z;28336
Key Down;Z;28856
Key Up;Z;29424
Key Down;Z;29656
Key Up;Z;30520
Key Down;Z;30832
Key Down;D;30976
Key Up;Z;31249
Key Down;Z;31441
Key Up;D;31753
Key Down;D;32473
Key Up;Z;32697
Key Up;D;32801
Key Down;Z;33217
Key Down;D;33328
Key Up;D;33976
Key Down;D;34552
Key Up;Z;34816
Key Up;D;34880
Key Down;Q;35585
Key Down;Z;35617
Key Up;Q;35793
Key Down;Q;36201
Key Up;Z;36481
Key Down;Z;37033
Key Up;Q;37089
Key Up;Z;37201
Key Down;Z;37361
Key Down;Q;37841
Key Up;Q;38264
Key Up;Z;38728
Key Down;Z;43648
Key Up;Z;44088
Key Down;Z;45417
Key Down;D;45881
Key Up;D;46169
Key Up;Z;47841
Key Down;Z;48312
Key Up;Z;48856
Key Down;Q;49889
Key Up;Q;50169
Key Down;Q;51185
Key Down;Z;51433
Key Up;Q;51561
Key Up;Z;51969
Key Down;Z;52273
Key Up;Z;52641
Key Down;Z;53457
Key Down;Q;53865
Key Up;Q;54353
Key Up;Z;55241
Key Down;Z;55513
Key Up;Z;55777
Key Down;Z;56529
Key Up;Z;57649
Key Down;Q;57753
Key Down;Z;57961
Key Up;Q;58713
Key Up;Z;58721
Key Down;Z;58969
Key Down;Q;59745
Key Up;Z;61273
Key Up;Q;61281
Key Down;Z;61881
Key Down;Q;62761
Key Up;Q;63353
Key Up;Z;64257
Key Down;E;64369
Key Up;E;64481
Key Down;E;64793
Key Up;E;64905
Key Down;E;65154
Key Up;E;65258
Key Down;Z;65458
Key Up;Z;65642
Key Down;E;65778
Key Up;E;65874
Key Down;D;66673
Key Down;Z;66969
Key Up;D;67305
Key Down;Q;68473
Key Up;Q;68882
Key Down;D;69114
Key Up;D;69322
Key Down;Espace;69706
Key Up;Espace;69993
Key Down;D;70097
Key Up;D;70377
Key Up;Z;70417
Key Down;Q;70521
Key Up;Q;70673
Key Down;D;71433
Key Up;D;71737
Key Down;Z;71937
Key Down;Left Control;72233
Key Down;Q;72561
Key Up;Q;72745
Key Up;Z;73049
Key Down;Z;73714
Key Down;Q;73722
Key Up;Q;73818
Key Up;Left Control;73994
Key Up;Z;75889
Key Down;Z;76769
Key Down;D;76881
Key Up;D;77289
Key Up;Z;77601
Key Down;E;77842
Key Up;E;77898
Key Down;E;78666
Key Up;E;78722
Key Down;E;79514
Key Up;E;79602
Key Down;E;80033
Key Up;E;80121
Key Down;D;80745
Key Down;Z;80873
Key Up;D;81089
Key Up;Z;81393
Key Down;E;81561
Key Up;E;81673
Key Down;E;81873
Key Up;E;81993
Key Down;E;82474
Key Up;E;82578
Key Down;E;82914
Key Up;E;83034
Key Down;E;83282
Key Up;E;83386
Key Down;E;83570
Key Up;E;83674
Key Down;E;83850
Key Up;E;83946
Key Down;Z;84370
Key Up;Z;84713
Key Down;Q;84833
Key Up;Q;85169
Key Down;E;86770
Key Up;E;86850
Key Down;Z;94706
Key Up;Z;94817
Key Down;E;103386
Key Up;E;104586
Key Down;E;110346
Key Up;E;111594
Key Down;Z;113498
Key Down;D;113818
Key Up;Z;115082
Key Up;D;115218
Key Down;Z;116482
Key Down;Q;116810
Key Up;Q;116994
Key Up;Z;117594
Key Down;Z;117962
Key Up;Z;118138
Key Down;Z;118426
Key Up;Z;118811
Key Down;D;118835
Key Up;D;119003
Key Down;Left Control;119219
Key Down;Z;119443
Key Up;Z;119499
Key Down;D;119747
Key Down;Z;119866
Key Up;Z;120154
Key Up;D;120634
Key Down;Q;121146
Key Up;Q;121394
Key Down;T;141907
Key Up;T;142003
Key Down;Q;143514
Key Up;Q;144731
Key Down;R;149859
Key Up;R;149955
Key Down;D;150347
Key Up;D;150819
Key Down;Z;151339
Key Down;D;151483
Key Up;Z;151891
Key Up;D;152171
Key Down;Q;153307
Key Down;Z;153347
Key Up;Q;153691
Key Up;Z;154475
Key Down;Z;155483
Key Up;Left Control;155531
Key Down;D;156651
Key Up;D;157740
Key Up;Z;157860
Key Down;E;157980
Key Up;E;158068
Key Down;E;158539
Key Up;E;158643
Key Down;Z;158747
Key Down;D;158859
Key Up;D;160155
Key Up;Z;160219
Key Down;D;160691
Key Down;Z;160843
Key Up;D;161059
Key Down;Left Shift;161155
Key Down;D;161603
Key Up;D;162108
Key Up;Left Shift;162372
Key Down;Q;162412
Key Up;Q;162572
Key Down;Left Shift;162812
Key Down;D;164171
Key Up;D;164835
Key Down;D;165915
Key Up;Left Shift;167324
Key Up;Z;167348
Key Up;D;167396
Key Down;Q;167420
Key Down;Z;167548
Key Down;Left Shift;167652
Key Up;Q;168012
Key Down;D;169539
Key Up;D;170195
Key Up;Left Shift;181276
Key Up;Z;181348
Key Down;Z;181588
Key Down;Left Shift;181788
Key Down;D;182444
Key Up;D;182572
Key Down;D;184363
Key Up;Left Shift;184555
Key Up;Z;184635
Key Up;D;185219
Key Down;Z;185363
Key Down;Left Shift;185443
Key Up;Left Shift;186500
Key Up;Z;186516
Key Down;Z;187076
Key Down;Left Shift;187172
Key Down;D;187436
Key Up;D;187812
Key Up;Z;189028
Key Down;Z;189204
Key Down;D;191180
Key Up;D;191548
Key Up;Z;191564
Key Down;Z;191796
Key Down;D;192564
Key Up;D;193332
Key Down;E;194443
Key Up;Z;194459
Key Up;Left Shift;194467
Key Up;E;194587
Key Down;Z;194652
Key Down;Left Shift;194772
Key Down;Q;195772
Key Up;Q;197140
Key Up;Z;197156
Key Up;Left Shift;197228
Key Down;Q;199452
Key Up;Q;200028
Key Down;Left Control;200100
Key Down;D;200852
Key Up;D;200940
Key Down;R;208228
Key Up;R;208332
Key Down;Q;208580
Key Down;Z;209012
Key Up;Q;209652
Key Down;D;209940
Key Up;Z;210516
Key Down;Z;211765
Key Up;D;211788
Key Down;Q;211868
Key Up;Z;212940
Key Up;Q;212964
Key Down;R;216164
Key Up;R;216308
Key Down;Z;218588
Key Down;D;218852
Key Up;D;219237
Key Up;Z;219581
Key Down;D;219717
Key Down;Z;220037
Key Up;D;220261
Key Down;Q;223260
Key Down;D;225213
Key Up;Q;225221
Key Up;D;226164
Key Down;Q;226788
Key Up;Q;230996
Key Down;D;231676
Key Up;Z;232485
Key Up;D;232581
Key Down;S;232925
Key Up;S;233437
Key Up;Left Control;234453
Key Down;Z;234493
Key Down;Left Shift;234797
Key Up;Left Shift;236396
Key Down;Left Control;236724
Key Down;Q;236973
Key Up;Q;237677
Key Up;Z;238085
Key Down;E;238261
Key Up;E;238373
Key Down;E;238717
Key Up;E;238813
Key Down;E;239149
Key Up;E;239253
Key Down;Z;239469
Key Up;Z;239653
Key Down;Z;241269
Key Down;Q;241325
Key Up;Z;241741
Key Up;Q;241773
Key Down;E;241829
Key Up;E;241957
Key Down;E;245613
Key Up;Left Control;245677
Key Up;E;245701
Key Down;E;245781
Key Up;E;245869
Key Down;E;245957
Key Up;E;246021
Key Down;E;246101
Key Up;E;246173
Key Down;E;246245
Key Up;E;246317
Key Down;E;246397
Key Up;E;246461
Key Down;E;246557
Key Up;E;246621
Key Down;E;246709
Key Up;E;246765
Key Down;E;246861
Key Up;E;246933
Key Down;E;247029
Key Up;E;247093
Key Down;E;247205
Key Up;E;247269
Key Down;E;247373
Key Up;E;247437
Key Down;E;247541
Key Up;E;247613
Key Down;E;247701
Key Up;E;247781
Key Down;E;247869
Key Up;E;247941
Key Down;E;248053
Key Up;E;248117
Key Down;E;248229
Key Up;E;248293
Key Down;E;248389
Key Up;E;248469
Key Down;E;248581
Key Up;E;248645
Key Down;E;248741
Key Up;E;248829
Key Down;E;248925
Key Up;E;249006
Key Down;E;249094
Key Up;E;249174
Key Down;E;249286
Key Up;E;249366
Key Down;E;249462
Key Up;E;249541
Key Down;E;249637
Key Up;E;249717
Key Down;E;249821
Key Up;E;249909
Key Down;E;250013
Key Up;E;250109
Key Down;E;250197
Key Up;E;250301
Key Down;E;250397
Key Up;E;250477
Key Down;E;250589
Key Up;E;250669
Key Down;E;250781
Key Up;E;250853
Key Down;E;250973
Key Up;E;251053
Key Down;E;251173
Key Up;E;251245
Key Down;E;251365
Key Up;E;251445
Key Down;E;251557
Key Up;E;251637
Key Down;E;251765
Key Up;E;251845
Key Down;E;251973
Key Up;E;252045
Key Down;E;252157
Key Up;E;252229
Key Down;E;252349
Key Up;E;252437
Key Down;E;252541
Key Up;E;252637
Key Down;E;252773
Key Up;E;252853
Key Down;E;252989
Key Up;E;253061
Key Down;G;258974
Key Up;G;259158
Key Down;G;260197
Key Up;G;260317
Key Down;Q;261701
Key Up;Q;262053
Key Down;R;262654
Key Up;R;262750
Key Down;D;263278
Key Down;Z;263294
Key Down;Left Control;264150
Key Up;D;264214
Key Down;D;264533
Key Up;D;264765
Key Down;E;265101
Key Up;E;265197
Key Up;Z;265269
Key Down;E;265533
Key Up;E;265629
Key Down;Z;265701
Key Up;Z;266189
Key Down;E;266365
Key Up;E;266461
Key Down;D;266685
Key Down;S;266942
Key Up;D;266966
Key Up;S;267158
Key Down;E;274102
Key Up;E;274198
Key Down;Z;274598
Key Down;Q;274846
Key Up;Q;275142
Key Down;D;275390
Key Up;Z;275614
Key Down;Z;275918
Key Up;D;275998
Key Down;Q;276174
Key Up;Q;276382
Key Down;D;276438
Key Up;D;277326
Key Down;D;277566
Key Up;Z;277870
Key Up;D;278030
Key Down;D;278749
Key Up;D;279326
Key Down;Z;279366
Key Down;Q;279654
Key Up;Q;280342
Key Down;Q;280558
Key Up;Q;281278
Key Down;D;281614
Key Up;D;283198
Key Down;Q;283845
Key Up;Q;285006
Key Down;T;285366
Key Up;T;285462
Key Up;Left Control;285822
Key Down;Espace;286326
Key Up;Espace;286542
Key Down;Q;286686
Key Up;Q;287902
Key Up;Z;288142
Key Down;E;288414
Key Up;E;288510
Key Down;E;289766
Key Up;E;289894
Key Down;E;290214
Key Up;E;290310
Key Down;E;290734
Key Up;E;290854
Key Down;E;291286
Key Up;E;291382
Key Down;E;291598
Key Up;E;291702
Key Down;Z;292054
Key Down;D;292254
Key Up;Z;292742
Key Up;D;292846
Key Down;D;293046
Key Down;Z;293078
Key Up;D;293399
Key Up;Z;293599
Key Down;Q;294054
Key Down;Z;294126
Key Up;Q;294926
Key Up;Z;295150
Key Down;Z;296142
Key Up;Z;297318
Key Down;D;297871
Key Up;D;298031
Key Down;Q;298591
Key Up;Q;298758
Key Down;Z;299182
Key Down;Left Shift;299334
Key Up;Left Shift;300598
Key Up;Z;300622
Key Down;E;300726
Key Up;E;300878
Key Down;Z;300974
Key Down;D;301166
Key Up;D;302182
Key Up;Z;302735
Key Down;E;302783
Key Up;E;302951
Key Down;Z;303479
Key Down;Q;304174
Key Up;Q;304526
Key Down;D;305014
Key Up;D;305582
Key Down;Q;305966
Key Up;Q;306102
Key Down;D;306238
Key Up;D;306895
Key Down;Left Control;307655
Key Down;Q;308375
Key Up;Q;308455
Key Down;D;310495
Key Up;D;310727
Key Down;Q;313823
Key Up;Q;314255
Key Down;D;315222
Key Up;D;316015
Key Down;Q;316367
Key Up;Q;316823
Key Down;Espace;318262
Key Up;Espace;318470
Key Up;Z;318774
Key Down;Q;320407
Key Down;Z;320463
Key Up;Q;320567
Key Down;D;320623
Key Up;D;321039
Key Down;E;322535
Key Down;Q;322615
Key Up;E;322647
Key Up;Z;323398
Key Up;Q;323598
Key Down;E;324078
Key Up;E;324190
Key Down;E;324695
Key Up;E;324823
Key Down;Z;325239
Key Down;Q;325399
Key Down;E;325559
Key Up;Z;325607
Key Up;Q;325615
Key Up;E;325703
Key Down;E;326087
Key Up;E;326207
Key Down;Q;327551
Key Down;Z;327791
Key Up;Q;327919
Key Down;D;328406
Key Up;D;328654
Key Down;D;329279
Key Up;D;329415
Key Down;Q;329575
Key Up;Q;330343
Key Up;Z;330367
Key Down;D;330431
Key Down;Z;330767
Key Up;D;330895
Key Down;Q;331399
Key Up;Z;332047
Key Down;Z;332327
Key Up;Z;332647
Key Up;Q;332671
Key Down;Q;333567
Key Up;Q;333935
Key Down;Z;334255
Key Up;Left Control;334567
Key Down;D;334903
Key Up;D;335663
Key Up;Z;335839
Key Down;D;336079
Key Down;Z;336303
Key Up;D;336391
Key Down;Q;336999
Key Up;Q;337503
Key Down;Espace;337743
Key Up;Espace;337895
Key Down;Q;338519
Key Up;Q;338656
Key Down;Q;339191
Key Up;Q;339959
Key Down;D;341303
Key Up;Z;341535
Key Up;D;341895
Key Down;Q;342784
Key Up;Q;342920
Key Down;Z;343311
Key Up;Z;343607
Key Down;Q;343935
Key Down;Z;344015
Key Up;Q;344463
Key Down;D;344567
Key Up;D;345535
Key Up;Z;345639
Key Down;Z;346639
Key Down;D;347303
Key Up;D;349431
Key Down;Left Shift;349727
Key Up;Left Shift;350888
Key Down;D;351575
Key Up;D;352031
Key Up;Z;352391
Key Down;Left Control;352591
Key Down;Z;353159
Key Down;D;353303
Key Up;D;353631
Key Up;Z;353871
Key Down;Z;354183
Key Down;D;354359
Key Up;Z;354527
Key Down;Z;355143
Key Up;D;355247
Key Down;Q;355576
Key Up;Q;355776
Key Down;Q;356288
Key Up;Q;357184
Key Down;Q;357847
Key Up;Z;358879
Key Up;Q;358951
Key Down;Q;365568
Key Down;Z;366000
Key Up;Z;366808
Key Up;Q;366848
Key Down;R;366960
Key Up;R;367144
Key Down;Z;367176
Key Down;D;367903
Key Up;D;368631
Key Down;Q;368799
Key Up;Q;368887
Key Up;Z;369320
Key Down;Z;369904
Key Down;Q;369928
Key Up;Q;370336
Key Down;E;371168
Key Up;E;371280
Key Down;Q;371936
Key Up;Q;372304
Key Down;E;372336
Key Up;Z;372424
Key Up;E;372527
Key Down;E;372759
Key Up;E;372895
Key Down;E;373223
Key Up;E;373375
Key Down;Z;373816
Key Down;D;374312
Key Up;D;374720
Key Up;Z;375064
Key Down;Z;376768
Key Down;Q;376800
Key Up;Q;377088
Key Up;Z;377112
Key Down;D;378704
Key Down;Z;379176
Key Up;Left Control;379216
Key Up;D;380216
Key Down;Left Shift;380312
Key Down;D;382712
Key Up;D;383440
Key Down;D;383672
Key Up;D;383816
Key Up;Left Shift;384256
Key Down;Left Control;384912
Key Down;Q;385128
Key Up;Z;385608
Key Up;Q;386232
Key Down;Z;386912
Key Down;Q;386936
Key Up;Z;387600
Key Up;Q;387648
Key Down;Z;389408
Key Down;D;389464
Key Up;Z;390608
Key Up;D;390720
Key Down;Z;391016
Key Down;D;391160
Key Up;Z;392368
Key Up;D;392376
Key Down;Q;392784
Key Down;Z;392824
Key Up;Q;393072
Key Up;Z;393080
Key Down;Q;393817
Key Up;Q;394009
Key Down;Q;394673
Key Down;Z;394753
Key Up;Q;395121
Key Up;Z;395128
Key Down;E;395136
Key Up;E;395233
Key Down;E;395544
Key Up;E;395656
Key Down;Z;396144
Key Down;D;396784
Key Up;Z;396944
Key Up;D;396952
Key Down;D;398521
Key Up;D;398665
Key Down;D;399225
Key Up;D;399633
Key Down;D;403529
Key Down;Z;403793
Key Up;Z;404049
Key Up;D;404137
Key Down;Q;407809
Key Down;Z;407937
Key Up;Q;409121
Key Up;Z;409153
Key Down;T;410080
Key Up;T;410176
Key Down;Z;412401
Key Down;D;412473
Key Up;Z;412593
Key Up;D;412777
Key Down;Z;413169
Key Down;Q;414225
Key Up;Q;417953
Key Down;Q;418761
Key Up;Q;419145
Key Up;Z;419609
Key Down;Z;419952
Key Down;Q;420320
Key Up;Q;420665
Key Up;Z;420825
Key Down;D;422033
Key Up;D;422161
Key Down;D;422576
Key Up;D;422624
Key Down;Q;425249
Key Down;Z;425337
Key Up;Z;425897
Key Up;Q;425929
Key Down;Z;426529
Key Down;Q;427505
Key Up;Z;427521
Key Up;Q;427961
Key Down;Q;428417
Key Up;Q;428521
Key Down;Q;429817
Key Up;Q;430065
Key Down;Z;433273
Key Down;R;433561
Key Up;R;433681
Key Down;D;434090
Key Up;Z;434537
Key Down;S;435281
Key Up;S;435673
Key Up;D;435881
Key Down;Z;436337
Key Down;D;436545
Key Up;Z;437353
Key Up;D;439665
Key Down;Z;440329
Key Down;D;441577
Key Up;D;442121
Key Down;D;442425
Key Up;Z;443306
Key Down;Z;444625
Key Up;D;444977
Key Down;Q;445537
Key Up;Q;446009
Key Down;D;446401
Key Up;Z;446817
Key Down;Z;447746
Key Up;D;447810
Key Down;Q;448274
Key Up;Q;450481
Key Down;Q;450881
Key Up;Q;451361
Key Up;Z;451417
Key Down;Z;452322
Key Up;Z;452650
Key Down;E;452842
Key Up;E;452978
Key Down;Z;454417
Key Down;D;455721
Key Up;D;456450
Key Down;D;457786
Key Up;D;458186
Key Down;D;458602
Key Up;D;461066
Key Down;Q;462497
Key Up;Z;463018
Key Up;Q;463290
Key Down;D;464274
Key Up;D;464386
Key Down;R;476738
Key Up;R;476850
Key Down;Q;476954
Key Up;Q;477394
Key Down;Q;478891
Key Down;Z;479011
Key Up;Q;479482
Key Down;Q;479978
Key Up;Q;481330
Key Down;D;482706
Key Up;Z;483099
Key Down;Z;483595
Key Up;D;483675
Key Down;Q;483850
Key Up;Q;484450
Key Down;Q;484850
Key Up;Left Control;485482
Key Up;Q;486026
Key Down;Q;486506
Key Up;Q;487250
Key Up;Z;487691
Key Down;Q;488275
Key Down;Z;488475
Key Up;Z;489154
Key Up;Q;489178
Key Down;E;489426
Key Up;E;489562
Key Down;Q;489858
Key Up;Q;490050
Key Down;E;490162
Key Up;E;490274
Key Down;E;490458
Key Up;E;490578
Key Down;Z;491314
Key Down;D;492027
Key Up;Z;492507
Key Down;Z;492555
Key Up;D;492875
Key Down;Espace;493155
Key Up;Espace;493371
Key Down;Q;493587
Key Up;Z;493707
Key Up;Q;493850
Key Down;Z;494674
Key Down;Left Shift;495050
Key Down;Q;495666
Key Up;Q;496267
Key Down;Q;497779
Key Up;Q;498730
Key Down;Q;501787
Key Up;Left Shift;501803
Key Up;Q;502466
Key Down;Q;503083
Key Up;Q;503659
Key Down;Q;503923
Key Up;Q;504283
Key Down;Q;504723
Key Up;Q;505291
Key Down;Q;505691
Key Up;Q;506171
Key Down;D;506747
Key Up;D;506907
Key Down;D;507179
Key Up;D;507355
Key Down;D;507619
Key Up;Z;507803
Key Up;D;507819
Key Down;E;508226
Key Up;E;508322
Key Down;E;508642
Key Up;E;508762
Key Down;Z;510979
Key Down;D;511443
Key Up;D;511675
Key Down;D;512147
Key Up;D;512275
Key Down;Q;513867
Key Up;Z;514203
Key Down;S;514859
Key Up;Q;514963
Key Up;S;515163
Key Down;Z;516579
Key Down;Q;516899
Key Up;Z;517331
Key Up;Q;517739
Key Down;D;517963
Key Up;D;518275
Key Down;Q;518779
Key Up;Q;519035
Key Down;Z;519779
Key Down;Left Shift;519955
Key Down;Q;521163
Key Up;Q;521403
Key Up;Left Shift;522115
Key Down;Left Shift;522219
Key Down;Q;523723
Key Up;Left Shift;523875
Key Up;Q;524595
Key Down;Q;525059
Key Up;Q;525515
Key Up;Z;525859
Key Down;Left Control;525867
Key Down;Q;526091
Key Down;Z;526115
Key Up;Q;526667
Key Down;D;527012
Key Up;Left Control;527228
Key Up;D;527396
Key Down;Q;527732
Key Up;Q;527955
Key Down;Q;528203
Key Up;Q;528779
Key Down;Left Shift;529755
Key Down;D;531251
Key Up;D;531772
Key Up;Left Shift;532444
Key Down;Q;532700
Key Down;Espace;533267
Key Up;Z;533571
Key Up;Espace;533699
Key Down;Espace;534067
Key Up;Espace;534347
Key Down;Z;534371
Key Up;Z;534827
Key Down;Z;535019
Key Up;Q;535107
Key Down;Left Shift;535299
Key Up;Left Shift;535699
Key Down;Left Control;535892
Key Up;Left Control;536619
Key Up;Z;538244
Key Down;E;538267
Key Up;E;538395
Key Down;E;538619
Key Up;E;538723
Key Down;T;539964
Key Up;T;540108
Key Down;Z;541355
Key Up;Z;541676
Key Down;Z;542027
Key Up;Z;544636
Key Down;Z;546035
Key Down;D;546299
Key Up;D;546435
Key Down;Left Shift;546691
Key Up;Left Shift;547852
Key Down;Left Shift;548340
Key Up;Left Shift;551796
Key Up;Z;551892
Key Down;Left Control;552836
Key Down;S;553364
Key Up;S;553676
Key Down;Z;553996
Key Up;Left Control;554204
Key Down;Left Shift;554516
Key Up;Left Shift;555028
Key Up;Z;555427
Key Down;Z;555899
Key Down;Q;556155
Key Up;Z;556756
Key Down;Z;556948
Key Up;Q;557676
Key Down;D;557796
Key Up;D;558588
Key Down;Q;560044
Key Up;Q;560483
Key Down;D;560700
Key Up;Z;560924
Key Up;D;561316
Key Down;E;562356
Key Up;E;562468
Key Down;D;563668
Key Up;D;563732
Key Down;Z;567188
Key Down;D;567708
Key Up;Z;568116
Key Up;D;568620
Key Down;Z;569460
Key Down;Q;570245
Key Up;Q;570292
Key Up;Z;571348
Key Down;E;571412
Key Up;E;571548
Key Down;E;571660
Key Up;E;571780
Key Down;Z;571900
Key Down;D;572372
Key Up;Z;572492
Key Up;D;572700
Key Down;Left Control;573124
Key Down;Z;575908
Key Down;D;576292
Key Up;Z;576741
Key Up;D;576965
Key Down;Z;576973
Key Down;D;577653
Key Up;Z;577893
Key Up;D;578036
Key Down;Q;583260
Key Up;Q;583724
Key Down;Q;589069
Key Up;Q;589589
Key Down;D;591261
Key Down;Z;591924
Key Up;Z;591996
Key Up;D;592020
Key Down;D;593525
Key Up;D;594501
Key Down;Z;594917
Key Down;D;595189
Key Up;Z;595429
Key Up;D;595685
Key Down;D;596173
Key Up;D;596261
Key Down;D;596988
Key Up;D;597324
Key Down;D;598069
Key Down;Z;599181
Key Up;Z;599429
Key Down;Z;600165
Key Up;Z;600341
Key Down;Z;600605
Key Up;Z;601412
Key Up;D;601756
Key Down;D;602557
Key Up;D;602741
Key Down;Q;606261
Key Down;Z;606548
Key Up;Left Control;606805
Key Up;Q;608325
Key Down;Left Shift;608541
Key Up;Left Shift;609101
Key Down;R;610581
Key Up;R;610725
Key Down;D;612069
Key Up;Z;612877
Key Up;D;613213
Key Down;Z;614317
Key Down;Espace;614734
Key Up;Espace;615125
Key Up;Z;618853
Key Down;E;618861
Key Up;E;618981
Key Down;E;619197
Key Up;E;619310
Key Down;E;619422
Key Up;E;619526
Key Down;Z;619614
Key Up;Z;619822
Key Down;E;619886
Key Up;E;619998
Key Down;E;620150
Key Up;E;620262
Key Down;E;620365
Key Down;Z;620381
Key Up;E;620469
Key Up;Z;620501
Key Down;Z;620725
Key Down;Left Shift;621309
Key Up;Left Shift;621757
Key Down;D;621805
Key Up;D;622013
Key Down;Q;622085
Key Up;Q;623245
Key Down;D;624598
Key Up;Z;624670
Key Up;D;624782
Key Down;Z;625222
Key Down;Espace;625317
Key Up;Espace;625565
Key Down;Espace;626173
Key Up;Espace;626453
Key Down;Q;626533
Key Down;Espace;626853
Key Up;Espace;627109
Key Up;Q;627221
Key Down;D;627229
Key Up;D;627461
Key Up;Z;627557
Key Down;D;628734
Key Up;D;629086
Key Down;Q;629574
Key Down;Z;629638
Key Up;Q;629766
Key Down;Left Shift;630094
Key Up;Left Shift;631261
Key Down;D;631573
Key Up;D;632085
Key Up;Z;632525
Key Down;E;632669
Key Up;E;632782
Key Down;E;633158
Key Up;E;633286
Key Down;Z;634894
Key Down;Virgule;636317
Key Up;Z;636685
Key Up;Virgule;637270
Key Down;Z;639118
Key Down;Left Shift;639526
Key Up;Left Shift;640645
Key Down;D;641045
Key Up;D;641830
Key Down;Q;641886
Key Up;Q;642230
Key Down;Espace;642334
Key Up;Espace;642558
Key Down;Q;642614
Key Up;Z;642934
Key Down;Espace;643214
Key Down;Z;643382
Key Up;Espace;643406
Key Up;Q;643454
Key Down;D;644206
Key Up;D;644558
Key Up;Z;644598
Key Down;Left Control;645782
Key Down;Q;645958
Key Down;Z;645966
Key Up;Q;646670
Key Down;Q;647269
Key Up;Q;647494
Key Up;Z;647822
Key Down;E;648134
Key Up;E;648238
Key Down;E;649670
Key Up;E;649758
Key Down;Z;650214
Key Up;Z;650534
Key Down;E;650678
Key Up;E;650806
Key Down;Z;652254
Key Up;Left Control;652518
Key Down;D;653630
Key Up;D;654014
Key Down;Q;655238
Key Up;Q;655630
Key Up;Z;655638
Key Down;S;655974
Key Up;S;656134
Key Down;T;662486
Key Up;T;662662
Key Down;T;663030
Key Up;T;663118
Key Down;Z;663526
Key Down;Q;664046
Key Up;Q;664535
Key Down;Q;665207
Key Up;Z;665215
Key Up;Q;665286
Key Down;E;665574
Key Up;E;665710
Key Down;E;666790
Key Up;E;666934
Key Down;Z;667622
Key Up;Z;669039
Key Down;Z;669511
Key Up;Z;669655
Key Down;E;669983
Key Up;E;670071
Key Down;D;670854
Key Down;Z;671158
Key Up;Z;671526
Key Up;D;671582
Key Down;D;672294
Key Down;Z;672318
Key Up;Z;672486
Key Up;D;672566
Key Down;Z;673743
Key Down;D;673815
Key Up;D;674439
Key Up;Z;675127
Key Down;Z;676398
Key Up;Z;676726
Key Down;E;677286
Key Up;E;677398
Key Down;Left Control;681702
Key Down;Z;682943
Key Up;Z;683327
Key Down;Z;684135
Key Down;D;684231
Key Up;D;685287
Key Up;Z;685327
Key Down;Z;685614
Key Down;D;686719
Key Up;D;687255
Key Up;Left Control;688455
Key Down;Q;689190
Key Up;Q;689903
Key Up;Z;690471
Key Down;Z;691311
Key Up;Z;691791
Key Down;E;692287
Key Up;E;692391
Key Down;Q;693015
Key Down;Z;693575
Key Up;Q;693806
Key Up;Z;693958
Key Down;E;694094
Key Up;E;694182
Key Down;Q;694303
Key Down;Z;694495
Key Up;Q;694623
Key Up;Z;694807
Key Down;E;694847
Key Up;E;694967
Key Down;Q;697399
Key Down;Z;697527
Key Up;Q;697687
Key Up;Z;697783
Key Down;E;697967
Key Up;E;698055
Key Down;E;698727
Key Up;E;698799
Key Down;Q;699071
Key Down;Z;699319
Key Up;Q;699727
Key Up;Z;699759
Key Down;E;699927
Key Up;E;700055
Key Down;Q;700287
Key Down;Z;700623
Key Up;Q;700695
Key Up;Z;700703
Key Down;E;700711
Key Up;E;700767
Key Down;Q;701247
Key Down;Z;701439
Key Up;Q;701535
Key Up;Z;701575
Key Down;E;702183
Key Up;E;702295
Key Down;Q;703159
Key Down;Z;703256
Key Up;Q;703472
Key Up;Z;703551
Key Down;Q;704351
Key Down;Z;704655
Key Up;Q;704951
Key Up;Z;705647
Key Down;D;706135
Key Down;Z;706279
Key Up;D;706615
Key Up;Z;706663
Key Down;Z;708248
Key Up;Z;708599
Key Down;E;708839
Key Up;E;708959
Key Down;E;709207
Key Up;E;709295
Key Down;Z;709655
Key Down;D;709663
Key Up;D;710215
Key Up;Z;710359
Key Down;Z;710679
Key Down;Q;710791
Key Up;Q;710983
Key Up;Z;710999
Key Down;Z;711447
Key Down;D;711919
Key Up;D;712312
Key Up;Z;712776
Key Down;D;712824
Key Down;Z;713072
Key Up;D;713152
Key Down;D;713599
Key Up;Z;713767
Key Up;D;713975
Key Down;Z;715999
Key Down;Q;716527
Key Up;Q;716791
Key Up;Z;716823
Key Down;Z;717568
Key Down;Q;717720
Key Up;Q;719703
Key Down;Espace;720999
Key Up;Espace;721192
Key Down;D;721200
Key Up;Z;721288
Key Down;Z;721800
Key Up;D;721895
Key Down;Q;722231
Key Up;Q;722575
Key Down;D;723624
Key Up;Z;723648
Key Up;D;723776
Key Down;Z;724695
Key Down;Q;724703
Key Up;Z;725383
Key Up;Q;725631
Key Down;Z;726104
Key Down;D;726904
Key Up;Z;728056
Key Down;Z;728559
Key Up;D;728848
Key Down;D;729247
Key Up;Z;729583
Key Up;D;730247
Key Down;Z;730255
Key Down;D;730592
Key Up;Z;730840
Key Down;Z;731800
Key Up;Z;732768
Key Down;Z;732976
Key Up;Z;733943
Key Down;Z;734776
Key Up;D;734888
Key Up;Z;734984
Key Down;D;735560
Key Up;D;735736
Key Down;Z;735928
Key Up;Z;736008
Key Down;Z;736280
Key Up;Z;736408
Key Down;Z;737032
Key Down;Espace;737088
Key Up;Espace;737296
Key Down;D;737688
Key Up;Z;738232
Key Up;D;738240
Key Down;Q;738631
Key Down;Z;738735
Key Up;Z;739456
Key Up;Q;739536
Key Down;Z;739760
Key Down;Q;740032
Key Up;Z;740912
Key Up;Q;740944
Key Down;E;741040
Key Up;E;741200
Key Down;Z;741552
Key Down;D;741992
Key Up;D;742176
Key Up;Z;742304
Key Down;Z;742896
Key Up;Z;743072
Key Down;E;743120
Key Up;E;743264
Key Down;Z;743992
Key Up;Z;744432
Key Down;Z;744648
Key Down;Left Control;745848
Key Up;Z;746200
Key Down;Z;746432
Key Up;Left Control;746832
Key Up;Z;747504
Key Down;Z;747736
Key Up;Z;748064
Key Down;E;748233
Key Up;E;748337
Key Down;E;748792
Key Up;E;748888
Key Down;Z;749216
Key Down;D;749912
Key Up;D;750392
Key Up;Z;750480
Key Down;Q;751040
Key Down;Z;751048
Key Up;Z;751472
Key Up;Q;752056
Key Down;Z;752320
Key Down;D;752336
Key Up;Z;753392
Key Up;D;753536
Key Down;Q;753736
Key Down;Z;753824
Key Up;Q;754136
Key Up;Z;756232
Key Down;Z;757640
Key Down;Q;757768
Key Up;Q;758016
Key Down;D;758624
Key Up;Z;758841
Key Up;D;759153
Key Down;Z;759417
Key Down;Q;759561
Key Up;Q;760920
Key Up;Z;761128
Key Down;E;761432
Key Up;E;761536
Key Down;E;761888
Key Up;E;762016
Key Down;D;762680
Key Down;Z;762864
Key Up;D;763353
Key Down;D;763833
Key Up;D;764289
Key Down;Q;765016
Key Up;Q;765696
Key Up;Z;765896
Key Down;Z;766152
Key Down;Q;766504
Key Up;Q;767000
Key Down;Q;767392
Key Up;Q;768257
Key Down;D;768641
Key Up;Z;768793
Key Up;D;768833
Key Down;Z;769081
Key Down;Q;769689
Key Up;Q;769961
Key Down;Left Shift;770232
Key Up;Left Shift;771360
Key Down;E;771424
Key Up;E;771576
Key Down;Q;771640
Key Down;E;771736
Key Up;E;771848
Key Up;Z;771864
Key Up;Q;772257
Key Down;Z;772985
Key Down;Left Shift;773217
Key Up;Left Shift;773601
Key Down;Espace;774121
Key Up;Espace;774337
Key Down;Left Shift;774825
Key Up;Left Shift;776576
Key Down;D;777593
Key Up;D;777649
Key Down;Q;778129
Key Up;Q;778289
Key Down;D;778385
Key Up;Z;778505
Key Down;Z;780088
Key Up;D;780144
Key Down;Q;780784
Key Up;Q;781161
Key Down;Q;781353
Key Up;Q;781793
Key Down;D;782761
Key Up;Z;782929
Key Down;Z;783985
Key Up;D;784209
Key Down;Q;784929
Key Up;Q;785208
Key Down;D;785544
Key Up;D;786361
Key Up;Z;786457
Key Down;E;786649
Key Up;E;786761
Key Down;D;789057
Key Down;Z;789081
Key Up;D;789169
Key Down;Left Shift;789209
Key Up;Left Shift;790553
Key Down;Q;790721
Key Up;Q;791025
Key Down;Left Shift;791097
Key Up;Left Shift;792193
Key Down;Q;792601
Key Up;Q;792833
Key Up;Z;793009
Key Down;Z;794305
Key Up;Z;794633
Key Down;D;795241
Key Up;D;795385
Key Down;Z;796722
Key Down;Left Shift;797049
Key Up;Left Shift;802985
Key Up;Z;803089
Key Down;Z;803313
Key Down;E;803641
Key Up;Z;803689
Key Up;E;803801
Key Down;Z;803913
Key Down;E;804161
Key Up;Z;804217
Key Up;E;804273
Key Down;D;804657
Key Down;Z;804945
Key Up;D;805097
Key Up;Z;805234
Key Down;E;805338
Key Up;E;805442
Key Down;Z;805762
Key Down;Q;805770
Key Up;Q;805946
Key Down;Left Shift;806825
Key Down;D;807449
Key Up;Left Shift;807617
Key Up;D;807737
Key Up;Z;807793
Key Down;Q;808321
Key Up;Q;809241
Key Down;Z;809497
Key Down;Q;809609
Key Up;Q;810002
Key Down;Left Shift;810322
Key Down;D;811018
Key Up;D;811402
Key Up;Left Shift;814025
Key Down;D;814033
Key Up;Z;814370
Key Up;D;814506
Key Down;Q;814890
Key Up;Q;816682
Key Down;Z;816913
Key Down;D;817169
Key Up;D;817473
Key Up;Z;817649
Key Down;T;818001
Key Up;T;818113
Key Down;Z;818193
Key Down;Q;818513
Key Up;Z;818537
Key Up;Q;818682
Key Down;D;818810
Key Down;Z;818946
Key Up;D;819122
Key Up;Z;819282
Key Down;Q;819530
Key Up;Q;819778
Key Down;S;820666
Key Down;Q;820706
Key Up;S;820810
Key Down;S;821218
Key Up;Q;821266
Key Down;Q;821370
Key Up;S;821562
Key Up;Q;821945
Key Down;D;824138
Key Down;Z;824146
Key Up;Z;824402
Key Down;Z;824658
Key Up;D;824802
Key Down;Q;824946
Key Up;Q;825138
Key Down;D;825570
Key Up;D;825834
Key Down;Q;826594
Key Up;Q;826778
Key Up;Z;827274
Key Down;Z;828282
Key Down;Q;828762
Key Up;Q;829586
Key Down;Left Shift;829954
Key Down;Q;832610
Key Up;Left Shift;832634
Key Up;Z;832986
Key Down;S;833282
Key Up;S;833578
Key Up;Q;833770
Key Down;Q;834570
Key Up;Q;834770
Key Down;Z;837362
Key Up;Z;837530
Key Down;Left Control;837810
Key Down;Q;839482
Key Down;Z;839746
Key Up;Q;839962
Key Up;Z;840226
Key Down;Q;841130
Key Up;Q;841202
Key Down;Q;846162
Key Down;S;846170
Key Up;Q;846370
Key Up;S;846458
Key Down;Q;869355
Key Down;S;869963
Key Up;Q;870531
Key Down;D;870539
Key Up;S;871931
Key Down;Z;872147
Key Up;Z;872763
Key Down;S;872995
Key Up;D;873139
Key Up;S;873595
Key Down;Z;876539
Key Up;Z;877371
Key Down;R;878923
Key Up;R;879043
Key Down;Q;880747
Key Down;Z;881003
Key Up;Z;881387
Key Up;Q;881851
Key Down;R;883779
Key Up;R;883947
Key Down;Z;884492
Key Up;Z;884707
Key Down;D;884739
Key Up;D;884979
Key Down;Z;885155
Key Down;Q;885427
Key Up;Z;885459
Key Up;Q;885755
Key Down;Z;886195
Key Down;D;886403
Key Up;Z;886539
Key Up;D;886723
Key Down;D;904940
Key Up;Left Control;905251
Key Up;D;905563
Key Down;Z;905587
Key Down;E;905884
Key Up;Z;905907
Key Up;E;905995
Key Down;E;906123
Key Up;E;906211
Key Down;E;906347
Key Up;E;906427
Key Down;E;906595
Key Up;E;906691
Key Down;Q;918772
Key Down;Z;918900
Key Up;Q;918940
Key Down;Left Shift;919028
Key Up;Left Shift;920572
Key Up;Z;922300
Key Down;Z;933300
Key Up;Z;933901
Key Down;Z;934133
Key Down;Q;934341
Key Up;Q;934524
Key Down;Left Shift;934612
Key Up;Left Shift;935540
Key Down;Left Shift;936093
Key Down;D;936740
Key Up;Left Shift;937180
Key Up;D;937308
Key Down;Q;937396
Key Up;Q;937916
Key Up;Z;937948
Key Down;Q;938276
Key Up;Q;938716
Key Down;Espace;966269
Key Up;Espace;966413
Key Down;Z;982813
Key Up;Z;989278
Key Down;D;1014670
Key Up;D;1016582
Key Down;Z;1085912
Key Up;Z;1086096
Key Down;E;1086520
Key Up;E;1087656
Key Down;Z;1091487
Key Up;Z;1091807
Key Down;Q;1092143
Key Up;Q;1092311
Key Down;R;1092696
Key Up;R;1092800
Key Down;D;1093328
Key Down;Z;1093352
Key Up;Z;1093600
Key Up;D;1093616
Key Down;Z;1094504
Key Up;Z;1095720
Key Down;E;1096760
Key Up;E;1096880
Key Down;Left Control;1097480
Key Down;Q;1097911
Key Down;Z;1097967
Key Up;Z;1098367
Key Up;Q;1098535
Key Down;R;1103144
Key Up;R;1103304
Key Down;D;1104080
Key Up;D;1104200
Key Down;Q;1104496
Key Down;Z;1104976
Key Up;Q;1105080
Key Up;Z;1105360
Key Down;Z;1105808
Key Down;Q;1105856
Key Up;Z;1106392
Key Up;Q;1106728
Key Down;Z;1107088
Key Down;D;1107616
Key Up;Z;1108280
Key Up;D;1108320
Key Down;E;1108592
Key Up;E;1108696
Key Down;D;1109368
Key Up;D;1109488
Key Down;D;1109736
Key Up;D;1109848
Key Down;Q;1114784
Key Up;Q;1115800
Key Down;G;1116144
Key Up;G;1117017
Key Down;Z;1119104
Key Up;Z;1120080
Key Down;Q;1121049
Key Down;Z;1121137
Key Up;Q;1121353
Key Down;Q;1121665
Key Up;Z;1122376
Key Down;S;1122568
Key Up;Q;1122744
Key Up;S;1123784
Key Down;D;1125944
Key Down;S;1126256
Key Up;D;1126712
Key Down;Q;1127312
Key Up;Q;1127648
Key Up;S;1127696
Key Down;Z;1130305
Key Up;Z;1131249
Key Down;Z;1132312
Key Down;Q;1132600
Key Up;Q;1132976
Key Down;Q;1133984
Key Up;Z;1134249
Key Up;Q;1134321
Key Down;Z;1136841
Key Up;Z;1137376
Key Down;Z;1138144
Key Up;Z;1138697
Key Down;Q;1139393
Key Down;Z;1139481
Key Up;Z;1139769
Key Up;Q;1139841
Key Down;D;1140825
Key Down;S;1140977
Key Up;D;1141353
Key Up;S;1141817
Key Down;R;1146273
Key Up;R;1146401
Key Down;Z;1149889
Key Up;Z;1150401
Key Down;D;1151665
Key Up;D;1151761
Key Down;D;1152185
Key Up;D;1152249
Key Down;D;1152665
Key Up;D;1152769
Key Down;Q;1153873
Key Up;Q;1153993
Key Down;Q;1156938
Key Up;Q;1157057
Key Down;Q;1157857
Key Up;Q;1157961
Key Down;D;1159081
Key Up;D;1159217
Key Down;Z;1159753
Key Up;Z;1159865
Key Down;D;1159953
Key Up;D;1160065
Key Down;D;1162097
Key Down;S;1162273
Key Up;D;1163065
Key Up;S;1163081
Key Down;Q;1163441
Key Up;Q;1163553
Key Down;S;1164057
Key Down;D;1164081
Key Up;S;1164145
Key Up;D;1164185
Key Down;Q;1164482
Key Up;Q;1164602
Key Down;Q;1165257
Key Up;Q;1165434
Key Down;Z;1169554
Key Down;Q;1169562
Key Up;Z;1169938
Key Up;Q;1169946
Key Down;Z;1171705
Key Up;Z;1172321
Key Down;Q;1172489
Key Up;Q;1175378
Key Down;Q;1177257
Key Up;Q;1177345
Key Down;D;1182081
Key Down;S;1182233
Key Up;D;1182922
Key Up;S;1183018
Key Down;Q;1183666
Key Down;Z;1183930
Key Up;Q;1184170
Key Down;D;1184274
Key Up;Z;1184722
Key Up;D;1185298
Key Down;R;1186697
Key Up;R;1186817
Key Down;Z;1190690
Key Up;Z;1191625
Key Down;Q;1191705
Key Up;Q;1192194
Key Down;Q;1192442
Key Up;Q;1192658
Key Down;Q;1192962
Key Up;Q;1193058
Key Down;Q;1193402
Key Up;Q;1193466
Key Down;Q;1194202
Key Up;Q;1194234
Key Down;Q;1194602
Key Up;Q;1194666
Key Down;Z;1205851
Key Down;Q;1205987
Key Up;Q;1206394
Key Down;E;1207242
Key Up;Z;1207250
Key Up;E;1207322
Key Down;E;1207682
Key Up;E;1207786
Key Down;Q;1208338
Key Up;Q;1208530
Key Down;Q;1208938
Key Down;Z;1209034
Key Up;Q;1209562
Key Up;Z;1209786
Key Down;E;1210059
Key Up;E;1210171
Key Down;E;1210835
Key Up;E;1210939
Key Down;Z;1211242
Key Down;D;1211490
Key Up;D;1211602
Key Up;Z;1211922
Key Down;Tab;1211994
Key Up;Tab;1212162
Key Up;Left Control;1212378
Key Down;F;1253796
Key Up;F;1253883
Key Down;Echap;1255203
Key Up;Echap;1255307
Key Down;Z;1255459
Key Down;D;1256051
Key Up;D;1256419
Key Down;E;1257972
Key Up;Z;1258020
Key Up;E;1258124
Key Down;Z;1258500
Key Down;E;1258532
Key Up;Z;1258540
Key Up;E;1258628
Key Down;Z;1258739
Key Down;Q;1259491
Key Up;Q;1260003
Key Down;Left Control;1260323
Key Down;D;1261395
Key Up;Z;1262244
Key Up;D;1262308
Key Up;Left Control;1262716
Key Down;Left Control;1262876
Key Down;Z;1263396
Key Up;Z;1263755
Key Down;Z;1264019
Key Down;Q;1264683
Key Up;Q;1265019
Key Down;Q;1266171
Key Down;E;1266668
Key Up;E;1266772
Key Up;Q;1267324
Key Down;D;1268140
Key Up;D;1269012
Key Down;E;1269732
Key Up;E;1269828
Key Down;Q;1269956
Key Up;Q;1270196
Key Down;E;1270780
Key Up;E;1270908
Key Down;Q;1271004
Key Up;Z;1271107
Key Up;Q;1271139
Key Down;Z;1271467
Key Up;Z;1271619
Key Down;E;1271883
Key Up;E;1271995
Key Down;Z;1272419
Key Down;Q;1272435
Key Down;E;1272771
Key Up;E;1272891
Key Up;Q;1273100
Key Up;Left Control;1273140
Key Up;Z;1273252
Key Down;Tab;1273379
Key Up;Tab;1274387
Key Down;Z;1274563
Key Down;Q;1274803
Key Up;Q;1275292
Key Down;Q;1275635
Key Up;Z;1275691
Key Up;Q;1275827
Key Down;Z;1276019
Key Down;Left Shift;1276324
Key Up;Left Shift;1279443
Key Down;Left Control;1279796
Key Down;D;1280876
Key Up;D;1282076
Key Down;Q;1283540
Key Up;Q;1283731
Key Up;Z;1284324
Key Down;Z;1285100
Key Down;D;1285260
Key Up;D;1285460
Key Down;Q;1287004
Key Up;Q;1287180
Key Down;Q;1287844
Key Up;Z;1288459
Key Up;Q;1288483
Key Down;D;1289692
Key Up;D;1289820
Key Down;Q;1292580
Key Down;Z;1292620
Key Up;Q;1292788
Key Up;Z;1292812
Key Down;Z;1293173
Key Down;Q;1293181
Key Up;Q;1293380
Key Down;D;1293836
Key Up;Z;1294052
Key Up;D;1294068
Key Down;Q;1294460
Key Up;Q;1294684
Key Down;Q;1295076
Key Up;Q;1295164
Key Down;Q;1295916
Key Up;Q;1296012
Key Down;E;1296692
Key Up;E;1296772
Key Down;E;1303476
Key Up;E;1303604
Key Down;Q;1304892
Key Down;Z;1305004
Key Up;Z;1308556
Key Up;Q;1309172
Key Down;D;1309780
Key Up;D;1309981
Key Down;D;1310757
Key Up;D;1310997
Key Down;D;1311517
Key Down;Z;1311589
Key Up;D;1311749
Key Up;Z;1311773
Key Down;Q;1312469
Key Up;Q;1312589
Key Down;D;1313228
Key Down;Z;1313324
Key Up;D;1313540
Key Up;Z;1313612
Key Down;Z;1313868
Key Down;D;1314076
Key Up;D;1314124
Key Down;Q;1314188
Key Down;D;1314420
Key Up;Q;1314444
Key Down;Espace;1314852
Key Up;D;1314948
Key Up;Espace;1315076
Key Down;Q;1315084
Key Up;Q;1315221
Key Up;Z;1315469
Key Down;Z;1315773
Key Down;Q;1315789
Key Up;Q;1315869
Key Down;Espace;1316085
Key Up;Espace;1316261
Key Down;D;1316317
Key Up;Z;1316405
Key Up;D;1316893
Key Down;D;1317149
Key Down;Z;1317589
Key Up;D;1317916
Key Down;D;1318124
Key Up;Z;1318316
Key Up;D;1318452
Key Down;D;1318700
Key Down;Z;1318724
Key Up;Z;1318972
Key Down;S;1319596
Key Up;D;1319741
Key Down;Q;1320333
Key Up;S;1320365
Key Down;Z;1321093
Key Up;Z;1322413
Key Up;Q;1323276
Key Down;D;1323628
Key Up;D;1323956
Key Down;Z;1324052
Key Down;D;1324709
Key Up;D;1325349
Key Down;Q;1325621
Key Up;Q;1325877
Key Down;Q;1326789
Key Up;Q;1327093
Key Up;Z;1327157
Key Down;E;1327381
Key Up;E;1327493
Key Down;Z;1328188
Key Up;Z;1328276
Key Down;D;1329933
Key Up;D;1330037
Key Down;Z;1330477
Key Down;D;1330605
Key Up;Z;1330861
Key Up;D;1330965
Key Down;Z;1331197
Key Down;D;1331269
Key Up;D;1331469
Key Up;Z;1331629
Key Down;Z;1333669
Key Down;D;1333741
Key Up;Z;1334405
Key Up;D;1334429
Key Down;D;1334917
Key Up;D;1335029
Key Down;D;1335373
Key Down;Z;1335557
Key Up;D;1335589
Key Down;D;1335725
Key Up;Z;1335973
Key Up;D;1336117
Key Down;D;1337646
Key Up;D;1337869
Key Down;Q;1340774
Key Up;Q;1341301
Key Down;D;1342365
Key Up;D;1342437
Key Down;D;1343061
Key Up;D;1343117
Key Down;D;1344285
Key Up;D;1344389
Key Down;D;1344685
Key Up;D;1344893
Key Down;Q;1351693
Key Up;Q;1352342
Key Down;Q;1353590
Key Up;Q;1353646
Key Down;S;1355941
Key Up;S;1356910
Key Down;Q;1356966
Key Up;Q;1357022
Key Down;Z;1358070
Key Down;D;1358702
Key Up;Z;1358806
Key Up;D;1358886
Key Down;D;1359829
Key Up;D;1359917
Key Down;D;1368606
Key Up;D;1368734
Key Down;Q;1375478
Key Down;Z;1375670
Key Down;R;1375790
Key Up;Q;1375918
Key Up;R;1375926
Key Up;Z;1377397
Key Down;Q;1377453
Key Up;Q;1377646
Key Down;E;1378110
Key Up;E;1378230
Key Down;E;1378422
Key Up;E;1378526
Key Down;Z;1378646
Key Down;Q;1378742
Key Down;E;1378766
Key Up;E;1378894
Key Up;Q;1379030
Key Down;E;1379046
Key Up;E;1379190
Key Down;Q;1380222
Key Up;Q;1381182
Key Up;Z;1381406
Key Down;Z;1381878
Key Up;Z;1382046
Key Down;Z;1383758
Key Down;Q;1384070
Key Up;Q;1384310
Key Up;Z;1384590
Key Down;E;1384918
Key Up;E;1385046
Key Down;Z;1385302
Key Down;Q;1385638
Key Up;Q;1386006
Key Up;Z;1386062
Key Down;E;1386166
Key Up;E;1386286
Key Down;Z;1386486
Key Down;Q;1386542
Key Up;Q;1387263
Key Up;Z;1387535
Key Down;Z;1387790
Key Down;E;1389262
Key Up;E;1389398
Key Up;Z;1389486
Key Down;E;1389710
Key Up;E;1389806
Key Down;Z;1390198
Key Up;Z;1390470
Key Down;E;1390486
Key Up;E;1390606
Key Down;Z;1390902
Key Down;E;1391751
Key Up;Z;1391767
Key Up;E;1391847
Key Down;E;1392111
Key Up;E;1392207
Key Down;Z;1392367
Key Down;Q;1393510
Key Up;Q;1394302
Key Up;Z;1394998
Key Down;Z;1397495
Key Up;Z;1398238
Key Down;E;1398270
Key Up;E;1398382
Key Down;E;1398726
Key Up;E;1398830
Key Down;Z;1398894
Key Up;Z;1399646
Key Down;E;1399662
Key Up;E;1399726
Key Down;Z;1401167
Key Down;D;1401599
Key Up;D;1402111
Key Down;E;1402447
Key Up;Z;1402471
Key Up;E;1402590
Key Down;E;1402926
Key Up;E;1403046
Key Down;E;1403438
Key Up;E;1403542
Key Down;Z;1403742
Key Up;Z;1404462
Key Down;Z;1405111
Key Down;D;1405135
Key Up;D;1405887
Key Up;Z;1406031
Key Down;Z;1406543
Key Down;Q;1407127
Key Up;Q;1407335
Key Up;Z;1407950
Key Down;E;1408046
Key Up;E;1408150
Key Down;Z;1408398
Key Up;Z;1408606
Key Down;E;1408686
Key Up;E;1408766
Key Down;Z;1409767
Key Up;Z;1409871
Key Down;D;1410063
Key Up;D;1410359
Key Up;Left Control;1410551
Key Down;Z;1410567
Key Up;Z;1410775
Key Down;Q;1411127
Key Up;Q;1411215
Key Down;Z;1412726
Key Down;Left Control;1412918
Key Down;Q;1413542
Key Up;Q;1414775
Key Down;D;1414783
Key Up;D;1415606
Key Up;Z;1415814
Key Down;E;1415935
Key Up;E;1416023
Key Down;Z;1416479
Key Down;D;1416935
Key Up;D;1417751
Key Up;Z;1419055
Key Down;Z;1419991
Key Up;Z;1420199
Key Down;Z;1421351
Key Up;Left Control;1421623
Key Down;Left Shift;1422007
Key Down;D;1422743
Key Up;D;1423359
Key Up;Left Shift;1423959
Key Down;Left Control;1424671
Key Down;D;1424919
Key Up;D;1425303
Key Up;Z;1425311
Key Down;Q;1425535
Key Down;Z;1425646
Key Up;Z;1427847
Key Up;Q;1427943
Key Down;D;1427959
Key Up;D;1428063
Key Down;Z;1428303
Key Up;Z;1428359
Key Down;Z;1429263
Key Down;D;1429455
Key Up;Z;1429655
Key Up;D;1429735
Key Down;D;1430296
Key Up;D;1431151
Key Down;Z;1432007
Key Down;E;1433039
Key Up;Z;1433143
Key Up;E;1433159
Key Down;Q;1433847
Key Down;Z;1434127
Key Up;Q;1434487
Key Up;Z;1434527
Key Down;E;1434864
Key Up;E;1434960
Key Down;Q;1435168
Key Down;Z;1435240
Key Up;Q;1435687
Key Down;Q;1436311
Key Up;Z;1436791
Key Down;Z;1437463
Key Up;Q;1437567
Key Down;Q;1437959
Key Up;Q;1439408
Key Down;D;1439824
Key Up;D;1440048
Key Down;D;1440192
Key Up;D;1440735
Key Up;Z;1441063
Key Down;Z;1441295
Key Up;Z;1441583
Key Down;Z;1444072
Key Up;Z;1444600
Key Down;E;1444720
Key Up;E;1444800
Key Down;D;1445503
Key Down;Z;1445551
Key Up;D;1446295
Key Down;D;1447047
Key Up;D;1448272
Key Down;D;1448967
Key Up;D;1449887
Key Down;E;1450191
Key Up;E;1450295
Key Down;E;1450447
Key Up;E;1450551
Key Down;Q;1452632
Key Down;E;1452856
Key Up;Q;1452896
Key Up;E;1452984
Key Up;Z;1453327
Key Down;E;1453487
Key Up;E;1453583
Key Down;Q;1453776
Key Up;Q;1453879
Key Down;E;1454271
Key Up;E;1454367
Key Down;Z;1454552
Key Down;E;1456000
Key Up;Z;1456088
Key Up;E;1456128
Key Down;E;1456440
Key Up;E;1456544
Key Down;Z;1456792
Key Up;Z;1457096
Key Down;E;1457208
Key Up;E;1457320
Key Down;E;1457623
Key Up;E;1457711
Key Down;Z;1458912
Key Down;D;1461088
Key Up;D;1461648
Key Down;Q;1462160
Key Up;Q;1462743
Key Up;Z;1464928
Key Down;Z;1466320
Key Down;Q;1466952
Key Up;Q;1468080
Key Up;Left Control;1468200
Key Down;Left Control;1468568
Key Down;E;1469304
Key Up;E;1469416
Key Down;Q;1469424
Key Up;Q;1469912
Key Up;Z;1469960
Key Down;E;1469976
Key Up;E;1470064
Key Down;D;1470552
Key Down;Z;1470648
Key Up;D;1471448
Key Down;D;1471560
Key Up;D;1472912
Key Up;Z;1477201
Key Down;E;1477217
Key Up;E;1477353
Key Down;Z;1477952
Key Up;Z;1478600
Key Down;E;1478664
Key Up;E;1478792
Key Down;Z;1478992
Key Down;Q;1479456
Key Up;Q;1480792
Key Down;D;1481329
Key Up;D;1481929
Key Up;Z;1483224
Key Down;E;1483368
Key Up;E;1483480
Key Down;E;1484176
Key Up;E;1484256
Key Down;E;1484656
Key Up;E;1484744
Key Down;E;1485168
Key Up;E;1485256
Key Down;Q;1485552
Key Up;Q;1485777
Key Down;E;1486048
Key Up;E;1486176
Key Down;E;1486712
Key Up;E;1486808
Key Down;Z;1487905
Key Down;D;1488649
Key Up;D;1488921
Key Up;Z;1489113
Key Down;D;1489313
Key Up;D;1489448
Key Down;D;1489712
Key Down;Z;1490232
Key Up;D;1490408
Key Up;Left Control;1491425
Key Up;Z;1496248
Key Down;E;1496593
Key Up;E;1496689
Key Down;E;1497265
Key Up;E;1497353
Key Down;E;1497801
Key Up;E;1497905
Key Down;E;1498521
Key Up;E;1498609
Key Down;Z;1499400
Key Up;Z;1499736
Key Down;Z;1499952
Key Down;D;1502017
Key Up;Z;1502105
Key Down;Z;1502361
Key Up;D;1502473
Key Up;Z;1503657
Key Down;E;1504376
Key Up;E;1504456
Key Down;Z;1505096
Key Up;Z;1505905
Key Down;Q;1506217
Key Down;Z;1506513
Key Up;Q;1506745
Key Down;Left Control;1507433
Key Down;D;1507537
Key Up;D;1509408
Key Up;Z;1509897
Key Down;E;1509953
Key Up;E;1510049
Key Down;Z;1510313
Key Up;Z;1511609
Key Down;E;1511713
Key Up;E;1511809
Key Down;Z;1512137
Key Up;Z;1512945
Key Down;Z;1513473
Key Down;E;1514753
Key Up;Z;1514793
Key Up;E;1514873
Key Up;Left Control;1515401
Key Down;Left Control;1518177
Key Down;Z;1518361
Key Down;D;1518601
Key Up;D;1519257
Key Down;Q;1519297
Key Up;Z;1519529
Key Up;Q;1519617
Key Down;Q;1523273
Key Down;Z;1524033
Key Up;Z;1524761
Key Up;Q;1525666
Key Down;D;1531362
Key Down;Z;1532042
Key Up;D;1532338
Key Up;Left Control;1532857
Key Down;Q;1533209
Key Up;Z;1533465
Key Down;Left Control;1533945
Key Up;Q;1533985
Key Down;S;1534185
Key Up;S;1534425
Key Down;Z;1534953
Key Down;D;1534977
Key Up;D;1535161
Key Down;Q;1535722
Key Up;Z;1536314
Key Down;Z;1537218
Key Up;Z;1537833
Key Up;Q;1538633
Key Down;Z;1558306
Key Down;Q;1558449
Key Up;Q;1559058
Key Up;Z;1559778
Key Down;Z;1560050
Key Down;Q;1560202
Key Up;Q;1560282
Key Up;Z;1560290
Key Down;E;1560482
Key Up;E;1560602
Key Down;Q;1562418
Key Down;Z;1562450
Key Up;Q;1562794
Key Down;E;1562826
Key Up;Z;1562850
Key Up;E;1562962
Key Down;Z;1563210
Key Down;E;1564130
Key Up;E;1564274
Key Down;E;1564658
Key Up;E;1564778
Key Down;E;1565218
Key Up;Z;1565250
Key Up;E;1565370
Key Down;Q;1569298
Key Up;Q;1569778
Key Down;Z;1571002
Key Down;D;1571146
Key Up;D;1571474
Key Down;D;1571842
Key Up;D;1572346
Key Up;Z;1572506
Key Down;Z;1572698
Key Up;Z;1573186
Key Down;E;1573674
Key Up;E;1573770
Key Down;Q;1575235
Key Up;Q;1575547
Key Down;Q;1580139
Key Up;Q;1580651
Key Down;Z;1581002
Key Down;Q;1582442
Key Up;Left Control;1583074
Key Up;Q;1583178
Key Down;E;1584067
Key Up;E;1584187
Key Up;Z;1584371
Key Down;E;1584395
Key Up;E;1584491
Key Down;Z;1584683
Key Down;D;1584715
Key Up;D;1585491
Key Down;Q;1585619
Key Up;Q;1585922
Key Up;Z;1586194
Key Down;Z;1586298
Key Up;Z;1586450
Key Down;E;1586498
Key Up;E;1586602
Key Down;Q;1586714
Key Down;Z;1586778
Key Up;Q;1587106
Key Down;D;1587410
Key Up;Z;1587538
Key Up;D;1587562
Key Down;Z;1587826
Key Down;D;1588091
Key Up;D;1588419
Key Up;Z;1588875
Key Down;Z;1589171
Key Down;Espace;1589219
Key Up;Espace;1589411
Key Down;Left Control;1590203
Key Up;Z;1590730
Key Down;D;1590898
Key Up;D;1591418
Key Down;Z;1591690
Key Down;Q;1591754
Key Up;Z;1592234
Key Up;Q;1592603
Key Down;Z;1593619
Key Up;Left Control;1593651
Key Down;Q;1594147
Key Up;Q;1594627
Key Up;Z;1594659
Key Down;D;1594835
Key Down;Z;1595011
Key Up;D;1595203
Key Down;D;1595642
Key Up;D;1595770
Key Down;Q;1596563
Key Up;Z;1597139
Key Up;Q;1597155
Key Down;D;1597435
Key Up;D;1597707
Key Down;Z;1598267
Key Down;D;1598579
Key Up;D;1598659
Key Up;Z;1598699
Key Down;Z;1599051
Key Down;Espace;1599123
Key Up;Espace;1599315
Key Down;Espace;1599715
Key Up;Espace;1599867
Key Down;Left Control;1600786
Key Up;Left Control;1601139
Key Down;Q;1601987
Key Up;Z;1602115
Key Down;Z;1602635
Key Up;Q;1603011
Key Down;Q;1603339
Key Up;Q;1603611
Key Down;Q;1603859
Key Up;Z;1604106
Key Up;Q;1604274
Key Down;Z;1604442
Key Down;D;1604579
Key Up;D;1604915
Key Down;Q;1605315
Key Up;Z;1605387
Key Up;Q;1605443
Key Down;D;1605707
Key Down;Z;1605723
Key Up;Z;1606099
Key Down;Z;1606139
Key Up;D;1606243
Key Down;D;1606523
Key Up;D;1606875
Key Up;Z;1606899
Key Down;Z;1608387
Key Down;Left Control;1609051
Key Down;D;1609371
Key Up;D;1609539
Key Down;E;1610043
Key Up;E;1610147
Key Up;Z;1610483
Key Down;Q;1611187
Key Down;Z;1611299
Key Up;Q;1611731
Key Up;Z;1612363
Key Down;E;1612379
Key Up;E;1612499
Key Down;Z;1612763
Key Up;Z;1613011
Key Down;E;1613075
Key Up;E;1613195
Key Down;Q;1614875
Key Down;Z;1615043
Key Up;Left Control;1616356
Key Up;Q;1616484
Key Down;D;1616876
Key Up;Z;1617859
Key Up;D;1618219
Key Down;D;1619387
Key Up;D;1619835
Key Down;S;1619955
Key Down;D;1620531
Key Up;S;1620619
Key Up;D;1620731
Key Down;Z;1620916
Key Up;Z;1621412
Key Down;E;1621492
Key Up;E;1621644
Key Down;Z;1621652
Key Up;Z;1622068
Key Down;E;1622227
Key Up;E;1622339
Key Down;E;1622603
Key Up;E;1622715
Key Down;Z;1623107
Key Up;Z;1623451
Key Down;D;1623467
Key Down;Z;1623675
Key Up;D;1623715
Key Down;Q;1623883
Key Up;Z;1623979
Key Up;Q;1624043
Key Down;Z;1624483
Key Up;Z;1625804
Key Down;Z;1626172
Key Up;Z;1626284
Key Down;Z;1626924
Key Down;Left Control;1627923
Key Up;Z;1628507
Key Down;E;1628523
Key Up;E;1628651
Key Down;Z;1628843
Key Down;E;1629075
Key Up;Z;1629083
Key Up;E;1629171
Key Down;Q;1629315
Key Up;Q;1630236
Key Down;Z;1633388
Key Up;Z;1634652
Key Down;D;1636259
Key Down;Z;1636499
Key Up;D;1636611
Key Down;D;1637035
Key Up;D;1637379
Key Down;D;1638572
Key Up;D;1639740
Key Up;Z;1640052
Key Down;Q;1640188
Key Up;Q;1640596
Key Down;Z;1641236
Key Down;Q;1641732
Key Up;Q;1642083
Key Up;Z;1642115
Key Down;D;1642395
Key Down;Z;1642619
Key Up;D;1642667
Key Up;Left Control;1643204
Key Down;D;1643644
Key Up;D;1644028
Key Down;Q;1645812
Key Up;Z;1646044
Key Down;Z;1646204
Key Up;Q;1646380
Key Up;Z;1651308
Key Down;R;1681773
Key Down;Z;1681893
Key Up;R;1681909
Key Down;Q;1682964
Key Up;Q;1683092
Key Up;Z;1683644
Key Down;E;1684189
Key Up;E;1684317
Key Down;E;1684621
Key Up;E;1684741
Key Down;Z;1685421
Key Up;Z;1685661
Key Down;D;1686061
Key Down;Z;1686229
Key Up;D;1686613
Key Up;Z;1686837
Key Down;S;1688468
Key Down;D;1688605
Key Up;D;1689037
Key Up;S;1689117
Key Down;D;1690525
Key Down;S;1690541
Key Up;D;1690701
Key Up;S;1690717
Key Down;Z;1708685
Key Down;Q;1709374
Key Up;Q;1709766
Key Up;Z;1710173
Key Down;Z;1710494
Key Up;Z;1710662
Key Down;E;1711022
Key Up;E;1711102
Key Down;Tab;1712038
Key Up;Tab;1712182
Key Down;Echap;1733406
Key Up;Echap;1733550
Key Down;Z;1735861
Key Down;D;1736037
Key Up;D;1736357
Key Up;Z;1736878
Key Down;Z;1737910
Key Down;Q;1738238
Key Up;Q;1738358
Key Up;Z;1738438
Key Down;Z;1739406
Key Up;Z;1739774
Key Down;Z;1741053
Key Up;Z;1741262
Key Down;Z;1742526
Key Down;Q;1742878
Key Up;Z;1742990
Key Up;Q;1743078
Key Down;Espace;1764863
Key Up;Espace;1764966
Key Down;Echap;1769271
Key Up;Echap;1769351
