Event;Key;Time
Key Down;Echap;1723
Key Up;Echap;1818
Key Down;Echap;2763
Key Up;Echap;2851
Key Down;D;3611
Key Down;S;4235
Key Up;S;4667
Key Down;Z;4987
Key Up;D;5235
Key Down;D;8395
Key Up;D;8603
Key Up;Z;9291
Key Down;Q;21091
Key Down;Z;21347
Key Up;Q;21475
Key Down;Q;21787
Key Up;Q;21987
Key Down;Q;23675
Key Up;Q;23859
Key Down;D;24107
Key Up;Z;24395
Key Down;Z;24819
Key Up;D;24947
Key Down;D;25275
Key Up;D;25595
Key Down;Q;25715
Key Up;Q;25834
Key Down;Q;26435
Key Up;Z;27139
Key Down;S;29003
Key Up;Q;29962
Key Down;D;31674
Key Up;S;32019
Key Down;A;32187
Key Up;A;32299
Key Down;S;32731
Key Up;S;32947
Key Down;Z;34131
Key Up;D;35731
Key Down;Q;36427
Key Up;Z;37171
Key Down;S;37474
Key Up;Q;37635
Key Down;Q;37891
Key Up;Q;37995
Key Up;S;39731
Key Down;D;39882
Key Down;Z;40083
Key Up;D;41291
Key Down;D;41619
Key Up;D;41747
Key Down;Q;42315
Key Up;Z;43370
Key Down;S;45755
Key Up;Q;47099
Key Up;S;47187
Key Down;D;47331
Key Up;D;47458
Key Down;E;47602
Key Up;E;47675
Key Down;D;47947
Key Down;S;48011
Key Up;D;48067
Key Down;Q;48290
Key Up;Q;48570
Key Down;D;48682
Key Up;S;49051
Key Down;Z;49259
Key Up;D;49291
Key Down;D;49419
Key Up;Z;49475
Key Down;S;49771
Key Up;S;50770
Key Down;Z;52907
Key Up;D;53731
Key Down;A;54402
Key Up;A;54482
Key Down;Q;54675
Key Up;Z;55035
Key Down;D;55707
Key Up;Q;55827
Key Down;S;56179
Key Up;S;56682
Key Down;Q;56778
Key Up;D;56803
Key Up;Q;57195
Key Down;D;57227
Key Down;Z;57346
Key Up;Z;57442
Key Down;S;58379
Key Up;D;58626
Key Down;A;60338
Key Up;A;60435
Key Up;S;60523
Key Down;D;60571
Key Down;Q;60619
Key Up;D;60651
Key Down;Z;63451
Key Up;Q;64682
Key Down;A;64883
Key Up;A;64987
Key Down;D;65090
Key Up;Z;65138
Key Up;D;65362
Key Down;Q;65755
Key Down;S;66107
Key Up;S;66267
Key Down;Z;66475
Key Up;Q;66570
Key Up;Z;66706
Key Down;S;67715
Key Down;Q;67778
Key Up;S;67786
Key Up;Q;69003
Key Down;E;69163
Key Up;E;69251
Key Down;Q;69395
Key Up;Q;69539
Key Down;Q;69707
Key Up;Q;70002
Key Down;S;70978
Key Down;D;71083
Key Up;S;71243
Key Down;S;71435
Key Up;D;71475
Key Down;Q;71498
Key Up;S;71619
Key Down;Z;71843
Key Up;Z;72051
Key Down;S;72355
Key Up;S;72491
Key Down;D;72659
Key Down;Z;72666
Key Up;Q;72731
Key Up;D;73051
Key Down;Q;73186
Key Up;Z;73587
Key Down;S;74250
Key Up;S;74659
Key Down;D;74763
Key Down;Z;74787
Key Up;Q;74811
Key Up;D;74987
Key Down;Q;75003
Key Up;Z;75019
Key Up;Q;75099
Key Down;S;75339
Key Down;Q;75659
Key Up;S;75739
Key Down;S;76658
Key Up;Q;76754
Key Down;D;77371
Key Up;S;77435
Key Down;A;77603
Key Up;D;77635
Key Up;A;77706
Key Down;Z;77915
Key Down;D;77923
Key Up;D;77931
Key Up;Z;79763
Key Down;A;81258
Key Up;A;81347
Key Down;S;81859
Key Up;S;83075
Key Down;S;84203
Key Up;S;84507
Key Down;A;84683
Key Up;A;84763
Key Down;Z;85082
Key Down;D;86202
Key Up;Z;86691
Key Up;D;86770
Key Down;S;86851
Key Down;Q;87043
Key Up;Q;87395
Key Down;A;88267
Key Up;S;88275
Key Up;A;88378
Key Down;Z;88906
Key Down;D;89043
Key Up;Z;89147
Key Up;D;89962
Key Down;Echap;90171
Key Up;Echap;90299
Key Down;D;100834
Key Down;Z;101043
Key Up;D;101490
Key Down;Q;101875
Key Up;Q;101963
Key Up;Z;102218
Key Down;A;102643
Key Up;A;102731
Key Down;Z;102971
Key Down;Q;105147
Key Up;Q;105218
Key Up;Z;105987
Key Down;S;106170
Key Up;S;107634
Key Down;Z;108122
Key Down;D;109018
Key Up;D;109666
Key Down;Q;109738
Key Up;Z;109763
Key Down;S;110083
Key Up;Q;110218
Key Down;A;110739
Key Up;S;110835
Key Up;A;110843
Key Down;D;110866
Key Up;D;111395
Key Down;Q;111899
Key Down;S;112195
Key Up;Q;112267
Key Down;Q;112674
Key Up;S;113035
Key Up;Q;114395
Key Down;Q;115194
Key Down;D;116290
Key Up;Q;116314
Key Down;Z;116474
Key Up;D;117091
Key Down;Q;117354
Key Up;Z;118026
Key Down;S;118243
Key Down;D;118602
Key Up;Q;118635
Key Up;S;118778
Key Down;Z;118979
Key Up;Z;119195
Key Down;S;119395
Key Up;D;119403
Key Down;Q;119610
Key Up;Q;119810
Key Down;Q;120786
Key Up;S;121954
Key Down;Z;122723
Key Up;Q;123803
Key Up;Z;124771
Key Down;D;124986
Key Down;Z;125034
Key Up;Z;125538
Key Down;S;126858
Key Up;D;127402
Key Down;D;128258
Key Up;D;128434
Key Up;S;128794
Key Down;Q;128930
Key Down;Z;131155
Key Up;Q;132090
Key Down;Q;133011
Key Up;Q;133130
Key Up;Z;133226
Key Down;D;133642
Key Down;Z;133771
Key Up;Z;134067
Key Down;S;134402
Key Up;S;134579
Key Up;D;135770
Key Down;A;136866
Key Up;A;136962
Key Down;S;137722
Key Up;S;138106
Key Down;D;138874
Key Down;S;138963
Key Up;S;139243
Key Down;Z;140026
Key Up;Z;140146
Key Down;Z;141594
Key Up;Z;142426
Key Down;S;142586
Key Up;S;142882
Key Down;Z;143035
Key Up;Z;144043
Key Down;S;145170
Key Up;D;145667
Key Down;D;146258
Key Up;S;146939
Key Down;S;148938
Key Up;S;149138
Key Down;A;149562
Key Up;A;149658
Key Up;D;149763
Key Down;Q;150410
Key Down;S;150658
Key Up;S;151451
Key Down;Z;153371
Key Up;Q;153955
Key Down;Q;154210
Key Up;Q;154434
Key Up;Z;154635
Key Down;Z;155026
Key Down;Q;155034
Key Up;Q;155235
Key Down;Q;155610
Key Up;Q;155762
Key Up;Z;156258
Key Down;A;156731
Key Down;D;156763
Key Up;A;156882
Key Up;D;156922
Key Down;D;157162
Key Up;D;157331
Key Down;S;157466
Key Down;Q;157970
Key Up;Q;158227
Key Down;Q;158466
Key Up;Q;158610
Key Down;D;159458
Key Up;S;160091
Key Down;A;160947
Key Up;A;161034
Key Down;Z;161363
Key Up;D;161690
Key Up;Z;161730
Key Down;Q;161978
Key Up;Q;162139
Key Down;Z;162370
Key Up;Z;162491
Key Down;Z;162874
Key Down;D;163243
Key Up;D;163394
Key Up;Z;163435
Key Down;Z;163938
Key Down;D;164099
Key Up;Z;164146
Key Up;D;164210
Key Down;Z;164554
Key Up;Z;164850
Key Down;Z;165882
Key Down;A;166186
Key Up;A;166298
Key Down;D;166554
Key Up;D;166714
Key Down;Q;166746
Key Up;Z;167050
Key Down;E;167243
Key Up;E;167314
Key Up;Q;167435
Key Down;D;167658
Key Down;S;167747
Key Up;S;167827
Key Up;D;168370
Key Down;D;168762
Key Down;Z;168826
Key Up;Z;169250
Key Down;S;169482
Key Up;D;169666
Key Up;S;169778
Key Down;E;169883
Key Up;E;169987
Key Down;S;170306
Key Up;S;170458
Key Down;A;170547
Key Up;A;170619
Key Down;S;171347
Key Down;D;171466
Key Up;S;171674
Key Up;D;171699
Key Down;Z;171803
Key Down;Q;172034
Key Up;Z;172571
Key Down;S;173146
Key Up;S;173843
Key Up;Q;173866
Key Down;Z;174298
Key Down;D;174427
Key Up;Z;174738
Key Down;S;175490
Key Up;S;175690
Key Down;Z;175898
Key Up;D;176051
Key Down;Q;176178
Key Up;Z;176594
Key Down;S;177394
Key Up;Q;177818
Key Down;Q;177882
Key Up;S;177930
Key Up;Q;178082
Key Down;A;178330
Key Up;A;178410
Key Down;D;178499
Key Down;S;178786
Key Up;D;178938
Key Down;D;179890
Key Up;S;180002
Key Up;D;180570
Key Down;D;180939
Key Down;S;181730
Key Up;S;181882
Key Up;D;181994
Key Down;Q;182082
Key Up;Q;182115
Key Down;D;182403
Key Up;D;184346
Key Down;S;184946
Key Up;S;185042
Key Down;E;185146
Key Up;E;185243
Key Down;Q;185466
Key Down;Z;185602
Key Up;Q;185739
Key Down;A;185890
Key Up;A;185987
Key Down;D;186146
Key Up;D;186331
Key Down;D;186987
Key Up;Z;187322
Key Down;Z;188267
Key Up;Z;188522
Key Down;A;188770
Key Up;A;188882
Key Down;S;189083
Key Up;D;189195
Key Down;D;189451
Key Up;D;189706
Key Down;Q;189786
Key Up;Q;189883
Key Down;D;189891
Key Up;S;189914
Key Down;S;190251
Key Up;D;190314
Key Down;Q;191338
Key Up;Q;191563
Key Down;D;192642
Key Up;D;192907
Key Down;Q;193146
Key Up;S;193427
Key Up;Q;193466
Key Down;A;193850
Key Up;A;193930
Key Down;Z;194314
Key Up;Z;194434
Key Down;S;194954
Key Down;Q;195130
Key Up;S;195234
Key Up;Q;195930
Key Down;Q;197274
Key Up;Q;197554
Key Down;A;197786
Key Up;A;197874
Key Down;Q;198690
Key Down;Z;198947
Key Up;Z;199274
Key Up;Q;199282
Key Down;S;199811
Key Down;Q;200011
Key Up;S;200370
Key Up;Q;200514
Key Down;D;200691
Key Up;D;200794
Key Down;A;200930
Key Up;A;201042
Key Down;Z;201250
Key Up;Z;201514
Key Down;Q;202042
Key Down;Z;202322
Key Up;Q;203475
Key Down;D;203938
Key Up;D;204026
Key Down;A;204066
Key Up;A;204194
Key Down;D;204386
Key Up;Z;204818
Key Up;D;205002
Key Down;Z;205490
Key Down;D;206066
Key Down;A;206530
Key Up;A;206634
Key Up;Z;206698
Key Down;S;206947
Key Up;D;207186
Key Up;S;208018
Key Down;A;209578
Key Up;A;209690
Key Down;S;210338
Key Up;S;210674
Key Down;S;211106
Key Up;S;211330
Key Down;Q;212802
Key Down;Z;212914
Key Up;Q;213218
Key Up;Z;213571
Key Down;Q;214458
Key Down;S;214762
Key Up;S;215219
Key Down;Z;216154
Key Up;Q;216730
Key Down;D;217418
Key Up;D;217690
Key Down;D;219810
Key Up;D;220586
Key Down;A;221162
Key Up;A;221250
Key Up;Z;221290
Key Down;Q;221410
Key Down;Z;221570
Key Up;Q;221754
Key Down;D;221938
Key Up;D;222146
Key Down;Q;222178
Key Up;Z;222323
Key Down;D;222578
Key Up;Q;222594
Key Down;Z;222874
Key Up;Z;223058
Key Down;S;224154
Key Up;D;224250
Key Down;A;224274
Key Up;A;224426
Key Down;Q;224586
Key Up;S;224618
Key Down;D;225114
Key Down;S;225243
Key Up;D;225282
Key Up;Q;225346
Key Down;Q;225754
Key Up;S;225914
Key Up;Q;226178
Key Down;S;226442
Key Up;S;226770
Key Down;A;226794
Key Up;A;226906
Key Down;S;227146
Key Down;Q;227258
Key Up;S;227386
Key Down;Z;227979
Key Up;Z;228370
Key Up;Q;228442
Key Down;S;228594
Key Down;D;228890
Key Up;S;229050
Key Down;A;229194
Key Up;D;229234
Key Down;D;229298
Key Up;A;229306
Key Up;D;229395
Key Down;Z;229666
Key Up;Z;229738
Key Down;Q;229770
Key Up;Q;230146
Key Down;D;230610
Key Down;S;230642
Key Up;S;230778
Key Up;D;231106
Key Down;A;231138
Key Up;A;231242
Key Down;D;233594
Key Down;S;233626
Key Up;D;233635
Key Up;S;234498
Key Down;D;234866
Key Down;A;235091
Key Up;D;235114
Key Down;D;235202
Key Up;A;235218
Key Down;Z;235306
Key Up;D;235538
Key Down;D;235722
Key Up;D;236507
Key Down;Q;236730
Key Up;Z;237658
Key Down;S;237946
Key Up;S;238250
Key Down;Z;238410
Key Up;Q;238458
Key Down;D;239026
Key Down;A;239250
Key Up;A;239378
Key Up;Z;239482
Key Down;S;239666
Key Up;D;239810
Key Down;Q;240154
Key Up;Q;240338
Key Up;S;240354
Key Down;D;240450
Key Down;Z;240570
Key Up;Z;240818
Key Up;D;241026
Key Down;Q;241138
Key Down;S;241146
Key Up;Q;241162
Key Down;Q;241378
Key Up;Q;241602
Key Down;D;241658
Key Up;S;241730
Key Down;Z;241946
Key Up;D;241978
Key Up;Z;242114
Key Down;E;242123
Key Up;E;242226
Key Down;Q;242426
Key Down;Z;242626
Key Up;Q;242778
Key Down;D;242826
Key Up;Z;242906
Key Up;D;242914
Key Down;Q;243026
Key Down;Z;243610
Key Up;Z;243786
Key Down;Z;243946
Key Up;Q;244010
Key Down;D;244058
Key Down;A;244250
Key Up;D;244282
Key Up;Z;244290
Key Up;A;244362
Key Down;S;244714
Key Down;Q;245018
Key Up;S;245570
Key Up;Q;245578
Key Down;Q;245946
Key Up;Q;247938
Key Down;Q;248338
Key Down;Z;248506
Key Up;Q;248834
Key Up;Z;248978
Key Down;S;249210
Key Up;S;249522
Key Down;A;249586
Key Up;A;249690
Key Down;D;249850
Key Down;Z;249874
Key Up;D;250082
Key Down;D;250826
Key Up;D;251378
Key Up;Z;251474
Key Down;S;251722
Key Down;Q;251978
Key Up;Q;252186
Key Up;S;252626
Key Down;S;253946
Key Down;Q;254154
Key Up;Q;254322
Key Up;S;254394
Key Down;D;254514
Key Down;Z;254570
Key Up;D;254586
Key Up;Z;255018
Key Down;A;255658
Key Up;A;255770
Key Down;S;256466
Key Up;S;256810
Key Down;Z;257194
Key Down;Q;257418
Key Up;Q;257818
Key Down;Q;258034
Key Up;Z;258650
Key Down;Z;259954
Key Up;Q;260130
Key Down;Q;261354
Key Up;Q;261570
Key Up;Z;261626
Key Down;Z;261818
Key Up;Z;261922
Key Down;D;262034
Key Down;Z;262410
Key Down;Q;262426
Key Up;D;262458
Key Up;Z;262882
Key Down;Z;263018
Key Up;Q;263138
Key Down;A;263930
Key Up;A;264050
Key Down;D;264698
Key Up;Z;265258
Key Down;Z;265738
Key Up;Z;266026
Key Up;D;266554
Key Down;Z;266585
Key Down;D;266650
Key Up;Z;266698
Key Down;A;267074
Key Up;A;267178
Key Up;D;268666
Key Down;S;270066
Key Down;A;271186
Key Up;A;271306
Key Down;Q;272322
Key Up;S;272362
Key Down;S;272594
Key Up;S;273081
Key Down;Z;273538
Key Up;Z;273882
Key Up;Q;274090
Key Down;Q;274738
Key Down;S;274786
Key Up;S;275514
Key Up;Q;276266
Key Down;A;276394
Key Up;A;276474
Key Down;Z;276634
Key Down;Q;276714
Key Up;Q;277746
Key Down;D;279970
Key Up;Z;280178
Key Down;A;280378
Key Up;A;280490
Key Down;S;280778
Key Up;S;280978
Key Down;S;282730
Key Up;S;282810
Key Down;Z;283490
Key Up;D;283538
Key Up;Z;283618
Key Down;D;284498
Key Down;S;284722
Key Up;D;285282
Key Down;A;285314
Key Up;A;285434
Key Down;D;285562
Key Up;D;285730
Key Up;S;286946
Key Down;S;287322
Key Up;S;287610
Key Down;Q;288042
Key Down;S;288153
Key Up;Q;288186
Key Up;S;288225
Key Down;Q;288810
Key Up;Q;288938
Key Down;A;289106
Key Up;A;289194
Key Down;Z;289834
Key Down;Q;289865
Key Up;Q;289986
Key Down;D;290378
Key Up;D;291042
Key Down;A;291882
Key Up;A;291994
Key Up;Z;292154
Key Down;Q;292162
Key Up;Q;294354
Key Down;A;294514
Key Up;A;294601
Key Down;D;295386
Key Up;D;295538
Key Down;Z;296418
Key Up;Z;297073
Key Down;Z;297642
Key Down;Q;298401
Key Up;Q;298738
Key Down;A;299402
Key Up;Z;299410
Key Up;A;299482
Key Down;D;300850
Key Down;S;300946
Key Up;S;301506
Key Up;D;301514
Key Down;Q;302842
Key Down;Z;302994
Key Up;Q;303097
Key Up;Z;303122
Key Down;D;303258
Key Down;A;304729
Key Up;A;304858
Key Down;Z;304986
Key Up;D;305122
Key Down;D;305506
Key Up;D;305602
Key Down;D;307401
Key Up;Z;307505
Key Down;S;308129
Key Up;D;308434
Key Down;D;309722
Key Up;S;310074
Key Down;S;310258
Key Up;D;310289
Key Down;Q;310458
Key Up;Q;310714
Key Up;S;310777
Key Down;D;310882
Key Down;Z;310890
Key Up;D;310906
Key Down;D;311498
Key Up;Z;312369
Key Down;S;313601
Key Down;A;313665
Key Up;A;313786
Key Up;S;313986
Key Down;S;314026
Key Up;D;314202
Key Down;D;314258
Key Up;D;315130
Key Down;Q;315737
Key Up;S;316393
Key Down;Z;318514
Key Up;Q;319266
Key Down;D;320306
Key Up;Z;320466
Key Up;D;320674
Key Down;Q;320810
Key Down;S;320833
Key Up;Q;321306
Key Down;A;321506
Key Up;A;321609
Key Up;S;321618
Key Down;D;321626
Key Down;S;322050
Key Up;D;322346
Key Down;D;322810
Key Up;S;322865
Key Down;S;323426
Key Up;D;323514
Key Down;Q;323786
Key Up;Q;323842
Key Down;D;324010
Key Up;D;324338
Key Down;Q;324402
Key Up;Q;324722
Key Down;Q;326298
Key Up;S;327066
Key Up;Q;327114
Key Down;Q;327794
Key Up;Q;328330
Key Down;D;328817
Key Down;Z;328890
Key Up;Z;329162
Key Up;D;329426
Key Down;Q;329466
Key Up;Q;330225
Key Down;D;330538
Key Down;Z;330618
Key Up;Z;330913
Key Up;D;331042
Key Down;Q;341266
Key Down;S;341626
Key Up;Q;341961
Key Up;S;342058
Key Down;D;342146
Key Down;Z;342498
Key Up;D;342914
Key Up;Z;343090
Key Down;Q;344674
Key Down;S;344954
Key Up;Q;345425
Key Down;Q;345857
Key Up;S;346082
Key Up;Q;352514
Key Down;D;352626
Key Down;Tab;353273
Key Up;D;353362
Key Up;Tab;356857
Key Down;S;357585
Key Down;Q;359010
Key Up;S;359466
Key Down;S;360426
Key Up;Q;360498
Key Down;D;364850
Key Up;S;364970
Key Down;Z;367090
Key Up;D;368066
Key Up;Z;368569
Key Down;A;368713
Key Up;A;368826
Key Down;S;369001
Key Down;Q;369162
Key Up;S;369250
Key Down;Z;369498
Key Up;Q;370034
Key Up;Z;370082
Key Down;D;370241
Key Down;S;370482
Key Up;D;370682
Key Up;S;370858
Key Down;D;370881
Key Down;Z;371042
Key Up;D;371690
Key Down;A;372674
Key Up;A;372778
Key Up;Z;372962
Key Down;Q;373130
Key Up;Q;373834
Key Down;D;374353
Key Down;S;374361
Key Up;D;374674
Key Up;S;375617
Key Down;Z;377082
Key Down;Q;377377
Key Up;Q;377698
Key Down;Q;377762
Key Up;Z;377873
Key Up;Q;377985
Key Down;A;378105
Key Up;A;378194
Key Down;Q;378377
Key Up;Q;378490
Key Down;D;378746
Key Up;D;379258
Key Down;Z;381258
Key Down;Q;381265
Key Up;Z;381706
Key Up;Q;382097
Key Down;A;382233
Key Up;A;382305
Key Down;Q;382537
Key Up;Q;382754
Key Down;D;383346
Key Up;D;383850
Key Down;Q;385137
Key Up;Q;386010
Key Down;A;386186
Key Up;A;386273
Key Down;D;386441
Key Down;S;386930
Key Up;D;387434
Key Down;D;388434
Key Up;S;388521
Key Down;S;388762
Key Up;S;389017
Key Up;D;390138
Key Down;Tab;391449
Key Up;Tab;393937
Key Down;Z;394553
Key Down;Q;394897
Key Up;Q;395009
Key Down;Q;395482
Key Up;Q;396097
Key Down;Q;396185
Key Up;Z;396313
Key Down;Z;396641
Key Up;Q;396914
Key Up;Z;399681
Key Down;D;399690
Key Down;Z;400082
Key Up;Z;400169
Key Up;D;400226
Key Down;S;401729
Key Down;D;401826
Key Up;S;402034
Key Down;Z;402682
Key Up;D;402753
Key Down;A;402777
Key Up;A;402906
Key Down;D;403242
Key Up;D;403401
Key Up;Z;404281
Key Down;S;404418
Key Down;D;404658
Key Up;D;404753
Key Down;Q;405073
Key Up;Q;405121
Key Down;Q;405385
Key Up;S;405482
Key Down;S;405721
Key Up;S;406233
Key Down;Z;407762
Key Up;Q;408001
Key Down;D;409217
Key Up;Z;409953
Key Up;D;410017
Key Down;A;410162
Key Up;A;410281
Key Down;Q;410810
Key Down;S;410914
Key Up;Q;411178
Key Down;D;411201
Key Up;S;411266
Key Up;D;411346
Key Down;D;418538
Key Down;Z;418705
Key Up;D;418761
Key Up;Z;420010
Key Down;Z;420290
Key Up;Z;420441
Key Down;Z;421474
Key Up;Z;421897
Key Down;S;422297
Key Up;S;422433
Key Down;Z;423497
Key Up;Z;423666
Key Down;E;425594
Key Up;E;425729
Key Down;D;427602
Key Up;D;427730
Key Down;Q;428241
Key Up;Q;428386
Key Down;E;439033
Key Up;E;439185
Key Down;S;440417
Key Down;Q;442265
Key Up;S;442417
Key Down;S;442802
Key Up;Q;442865
Key Down;D;443865
Key Up;S;443873
Key Down;S;444210
Key Up;D;444346
Key Up;S;444481
Key Down;S;444953
Key Up;S;445857
Key Down;Tab;445865
Key Up;Tab;449794
Key Down;Z;450810
Key Up;Z;451634
Key Down;Espace;451689
Key Up;Espace;451826
Key Down;S;451985
Key Up;S;452249
Key Down;Z;452530
Key Up;Z;452801
Key Down;E;452889
Key Up;E;452977
Key Down;S;453169
Key Up;S;453473
Key Down;D;454138
Key Up;D;454297
Key Down;Q;454538
Key Down;S;454641
Key Up;S;454762
Key Up;Q;454794
Key Down;E;457569
Key Up;E;457714
Key Down;A;463258
Key Up;A;463394
Key Down;Tab;465842
Key Up;Tab;468561
Key Down;Z;469145
Key Down;Q;469929
Key Up;Q;470441
Key Up;Z;470866
Key Down;E;472074
Key Up;E;472234
Key Down;D;476138
Key Down;S;476146
Key Up;D;476602
Key Up;S;477145
Key Down;D;477401
Key Down;Z;477625
Key Up;D;478129
Key Down;Tab;478273
Key Up;Z;478281
Key Up;Tab;482785
Key Down;Q;485657
Key Up;Q;490793
Key Down;Z;499193
Key Down;Q;499409
Key Up;Z;501769
Key Down;Z;502233
Key Up;Z;502377
Key Down;S;502746
Key Up;S;503226
Key Down;S;504265
Key Up;Q;505833
Key Down;D;506121
Key Up;S;506609
Key Down;S;506769
Key Up;S;507089
Key Down;S;507729
Key Up;S;508369
Key Down;Z;508473
Key Up;Z;508633
Key Down;Z;510129
Key Down;Q;511465
Key Up;Q;511537
Key Up;Z;511610
Key Down;S;511713
Key Up;D;511730
Key Down;Q;512137
Key Up;S;512753
Key Down;Z;513065
Key Down;D;513081
Key Up;Q;513113
Key Up;D;513809
Key Down;D;514193
Key Up;D;514697
Key Down;Q;514705
Key Up;Q;515177
Key Down;Q;515593
Key Up;Z;515729
Key Down;Z;516177
Key Up;Q;516282
Key Up;Z;516369
Key Down;D;516385
Key Down;S;516481
Key Up;D;516489
Key Down;Q;516609
Key Up;S;516657
Key Down;Z;516769
Key Down;D;516777
Key Up;D;516793
Key Up;Q;516801
Key Down;Q;516961
Key Up;Z;517161
Key Down;S;518233
Key Up;S;518522
Key Down;S;519417
Key Up;Q;520993
Key Down;Q;521313
Key Up;Q;521457
Key Down;D;522265
Key Up;S;522857
Key Down;Z;523001
Key Up;D;523049
Key Down;Q;523073
Key Up;Q;523641
Key Up;Z;523953
Key Down;Q;524001
Key Up;Q;524233
Key Down;Q;524305
Key Up;Q;524570
Key Down;D;524578
Key Up;D;524913
Key Down;Q;525041
Key Down;Z;525265
Key Up;Q;526225
Key Up;Z;526545
Key Down;D;527121
Key Up;D;527193
Key Down;S;527601
Key Down;Q;527649
Key Up;Q;528057
Key Up;S;528449
Key Down;S;528761
Key Up;S;529017
Key Down;S;529433
Key Down;D;529465
Key Up;S;529625
Key Down;S;529769
Key Up;D;530097
Key Down;D;530241
Key Up;S;530561
Key Down;Z;530849
Key Up;D;530929
Key Down;Q;530985
Key Up;Z;531865
Key Down;Z;532065
Key Up;Q;533153
Key Up;Z;533561
Key Down;S;533785
Key Up;S;533953
Key Down;S;534529
Key Down;D;534625
Key Up;D;535161
Key Up;S;535305
Key Down;Z;535449
Key Down;Q;535489
Key Up;Z;535577
Key Down;Z;536041
Key Up;Q;536073
Key Down;Q;536393
Key Up;Z;536409
Key Up;Q;536505
Key Down;S;538369
Key Down;Q;538609
Key Up;Q;538801
Key Up;S;539041
Key Down;Q;539129
Key Down;S;539161
Key Up;S;539289
Key Up;Q;539297
Key Down;D;539777
Key Down;S;540033
Key Up;S;540769
Key Down;A;541097
Key Up;A;541177
Key Up;D;541289
Key Down;Q;541409
Key Down;Z;541641
Key Up;Z;542657
Key Up;Q;542777
Key Down;S;543121
Key Down;Q;543321
Key Up;Q;543385
Key Down;D;543929
Key Up;S;544321
Key Down;Z;544449
Key Up;D;544569
Key Down;D;544721
Key Up;D;544937
Key Down;Q;544977
Key Up;Z;546649
Key Up;Q;546657
Key Down;S;546881
Key Down;Q;547169
Key Up;Q;547233
Key Down;D;547761
Key Up;S;547833
Key Down;S;548257
Key Up;S;548497
Key Down;A;548713
Key Up;A;548801
Key Down;Z;549049
Key Up;Z;549137
Key Down;Z;549385
Key Up;Z;550040
Key Down;Z;550369
Key Up;Z;550521
Key Down;S;550689
Key Up;S;550905
Key Down;Z;551289
Key Up;D;552705
Key Up;Z;553857
Key Down;S;554809
Key Down;D;554929
Key Up;D;555009
Key Up;S;555441
Key Down;Q;555457
Key Down;Z;555561
Key Up;Q;555577
Key Down;Q;555977
Key Up;Z;556057
Key Down;Z;556137
Key Up;Q;556169
Key Down;A;556305
Key Up;A;556401
Key Down;Q;556545
Key Up;Z;556657
Key Down;Z;556681
Key Up;Z;557409
Key Down;S;559496
Key Up;S;559633
Key Down;S;560689
Key Up;Q;560753
Key Down;D;563273
Key Up;S;564313
Key Down;A;565057
Key Up;A;565153
Key Down;Z;565369
Key Up;Z;565889
Key Down;Z;566177
Key Up;D;566281
Key Up;Z;566353
Key Down;D;567209
Key Down;Z;568497
Key Down;Q;569153
Key Up;D;569177
Key Up;Q;569521
Key Down;D;569665
Key Up;D;571328
Key Down;Q;571640
Key Up;Z;572105
Key Down;Verrouillage des majuscules;572472
Key Up;Verrouillage des majuscules;572561
Key Down;S;575537
Key Up;Q;576001
Key Down;A;576137
Key Up;A;576225
Key Down;Q;576361
Key Up;Q;576809
Key Down;D;577088
Key Up;D;577425
Key Down;D;578617
Key Up;S;578864
Key Down;Z;578984
Key Up;D;578992
Key Up;Z;579129
Key Down;D;579137
Key Down;S;579352
Key Up;S;579753
Key Down;Z;580801
Key Up;D;580881
Key Up;Z;581377
Key Down;D;581489
Key Down;S;582313
Key Up;S;582513
Key Down;S;582761
Key Up;S;582872
Key Down;Z;583449
Key Up;D;583985
Key Down;Q;584889
Key Up;Q;585017
Key Down;Q;585195
Key Up;Z;585433
Key Down;S;588528
Key Up;Q;590153
Key Up;S;590288
Key Down;S;590521
Key Down;D;590761
Key Up;D;591072
Key Down;Q;591297
Key Up;S;591529
Key Up;Q;591769
Key Down;D;591801
Key Up;D;592209
Key Down;A;592337
Key Up;A;592449
Key Down;Q;592609
Key Up;Q;593184
Key Down;Z;593297
Key Up;Z;593785
Key Down;D;593897
Key Down;S;594056
Key Up;S;594289
Key Up;D;595273
Key Down;S;596697
Key Down;Q;596793
Key Up;S;596832
Key Down;S;597593
Key Up;S;597713
Key Up;Q;597841
Key Down;S;597977
Key Up;S;598137
Key Down;S;598448
Key Down;D;598920
Key Up;S;599432
Key Down;Z;601009
Key Up;Z;601617
Key Down;Z;602273
Key Up;Z;602361
Key Up;D;602976
Key Down;D;603385
Key Up;D;603424
Key Down;D;603448
Key Down;Z;603528
Key Up;D;603593
Key Up;Z;603880
Key Down;Q;603937
Key Up;Q;604137
Key Down;D;604224
Key Down;Z;604241
Key Up;D;605033
Key Down;Q;605313
Key Up;Z;606048
Key Down;S;607561
Key Up;Q;608145
Key Down;Q;608521
Key Up;Q;609297
Key Down;D;609865
Key Up;S;610433
Key Down;Z;613017
Key Up;D;613105
Key Down;Q;613152
Key Up;Q;613329
Key Down;Q;613680
Key Up;Q;614016
Key Up;Z;615096
Key Down;S;616225
Key Up;S;617945
Key Down;Espace;627112
Key Up;Espace;627264
Key Down;Q;650328
Key Down;Z;650745
Key Up;Q;650937
Key Down;D;653184
Key Down;Q;653601
Key Up;Q;653680
Key Up;D;653721
Key Up;Z;653905
Key Down;Q;653952
Key Down;S;654185
Key Up;Q;654704
Key Down;D;654801
Key Up;D;654953
Key Down;D;654961
Key Up;S;655232
Key Down;S;655400
Key Up;S;655673
Key Down;Z;656881
Key Up;Z;657440
Key Up;D;657705
Key Down;A;657769
Key Up;A;657889
Key Down;Z;657945
Key Down;D;658321
Key Up;Z;658513
Key Down;Q;658601
Key Up;D;658609
Key Down;Z;658888
Key Up;Q;658928
Key Down;D;659080
Key Up;D;659257
Key Down;Q;659992
Key Up;Q;660601
Key Down;A;660728
Key Up;Z;660760
Key Up;A;660785
Key Down;Q;660960
Key Down;S;661305
Key Up;S;661873
Key Up;Q;663233
Key Down;A;664176
Key Up;A;664265
Key Down;D;664417
Key Down;S;664545
Key Up;S;664672
Key Down;Z;664881
Key Up;Z;665240
Key Up;D;665265
Key Down;S;666545
Key Up;S;667169
Key Down;A;667201
Key Up;A;667289
Key Down;D;669480
Key Down;S;669888
Key Up;S;669993
Key Down;S;670129
Key Up;D;670360
Key Down;A;670584
Key Up;A;670673
Key Up;S;670825
Key Down;Q;670833
Key Down;Z;671257
Key Up;Q;671368
Key Up;Z;671537
Key Down;S;672544
Key Up;S;673001
Key Down;A;673049
Key Up;A;673153
Key Down;S;674129
Key Up;S;674408
Key Down;D;675576
Key Down;Z;676184
Key Up;D;676192
Key Up;Z;676401
Key Down;A;676472
Key Up;A;676553
Key Down;Q;676753
Key Up;Q;676984
Key Down;Z;677025
Key Down;Echap;677424
Key Up;Z;677528
Key Up;Echap;677552
Key Down;Haut;679248
Key Down;Entrée;679416
Key Up;Haut;679441
Key Up;Entrée;679521
Key Down;D;690024
Key Down;Z;690152
Key Up;D;690464
Key Up;Z;690584
Key Down;S;690968
Key Down;Q;691209
Key Up;Q;691896
Key Down;D;692033
Key Up;D;692784
Key Up;S;693368
Key Down;D;693576
Key Up;D;693672
Key Down;S;693721
Key Up;S;695176
Key Down;Z;695329
Key Down;D;695337
Key Up;D;695441
Key Down;Q;695697
Key Up;Z;695920
Key Up;Q;696624
Key Down;A;696761
Key Up;A;696832
Key Down;Q;696985
Key Down;S;697896
Key Up;Q;698153
Key Up;S;698361
Key Down;Q;699016
Key Down;S;699129
Key Up;Q;699320
Key Up;S;699577
Key Down;A;699720
Key Up;A;699817
Key Down;Z;700816
Key Up;Z;701097
Key Down;S;701896
Key Up;S;702353
Key Down;A;702488
Key Up;A;702592
Key Down;Q;703176
Key Down;S;703648
Key Up;Q;703920
Key Up;S;704433
Key Down;A;704761
Key Up;A;704840
Key Down;D;705336
Key Down;S;705377
Key Up;S;705816
Key Up;D;706064
Key Down;S;706585
Key Up;S;706713
Key Down;Q;707408
Key Down;Z;707984
Key Up;Q;708153
Key Down;A;708704
Key Down;D;708761
Key Up;Z;708792
Key Up;A;708808
Key Down;Z;708904
Key Up;Z;709024
Key Up;D;709112
Key Down;S;709177
Key Up;S;709321
Key Down;E;709337
Key Up;E;709440
Key Down;Z;709600
Key Up;Z;709849
Key Down;S;710297
Key Down;Q;710520
Key Up;Q;710752
Key Up;S;710968
Key Down;S;711393
Key Down;Q;713097
Key Up;S;713640
Key Up;Q;713664
Key Down;Z;713816
Key Up;Z;714040
Key Down;D;714145
Key Up;D;714521
Key Down;D;714793
Key Up;D;714920
Key Down;Q;716385
Key Up;Q;716560
Key Down;A;716896
Key Up;A;716968
Key Down;Q;717153
Key Up;Q;717681
Key Down;Q;717801
Key Down;S;718000
Key Up;Q;718440
Key Up;S;718568
Key Down;Z;718992
Key Down;D;719008
Key Up;D;719408
Key Up;Z;719417
Key Down;S;721176
Key Up;S;721849
Key Down;A;722144
Key Up;A;722209
Key Down;Z;722720
Key Up;Z;723072
Key Down;Q;724440
Key Up;Q;724600
Key Down;S;725560
Key Up;S;725945
Key Down;A;725992
Key Up;A;726072
Key Down;Q;727248
Key Up;Q;727304
Key Down;S;729800
Key Down;Q;729952
Key Up;S;730016
Key Up;Q;730080
Key Down;A;730337
Key Up;A;730416
Key Down;Q;730568
Key Down;Z;731057
Key Up;Z;731257
Key Down;D;732256
Key Down;Z;732344
Key Up;Q;732440
Key Up;D;732968
Key Down;A;733368
Key Up;A;733488
Key Down;Q;734177
Key Up;Z;735105
Key Up;Q;737432
Key Down;D;738016
Key Up;D;738433
Key Down;D;738600
Key Down;Z;738841
Key Up;Z;739072
Key Down;S;740928
Key Up;D;741088
Key Up;S;741360
Key Down;A;741553
Key Up;A;741640
Key Down;Z;741825
Key Down;Q;741992
Key Up;Z;742344
Key Down;S;745017
Key Up;Q;745297
Key Up;S;745448
Key Down;S;746080
Key Down;D;746688
Key Up;D;747080
Key Down;Q;747553
Key Up;Q;747712
Key Up;S;747768
Key Down;Q;749329
Key Down;S;749416
Key Up;Q;749664
Key Up;S;749753
Key Down;A;749904
Key Up;A;749976
Key Down;Z;750296
Key Down;D;750544
Key Up;D;750744
Key Up;Z;750833
Key Down;Z;752472
Key Up;Z;752785
Key Down;Z;753192
Key Up;Z;753440
Key Down;Z;754384
Key Down;D;754641
Key Up;Z;755224
Key Down;Z;756136
Key Up;Z;756304
Key Down;S;756792
Key Up;D;756808
Key Up;S;756904
Key Down;Q;757072
Key Down;Z;757440
Key Up;Q;757568
Key Down;Q;757696
Key Up;Z;757712
Key Down;S;757960
Key Up;S;758112
Key Down;Z;758360
Key Up;Z;758528
Key Down;S;758768
Key Up;Q;759104
Key Down;A;759400
Key Up;A;759544
Key Up;S;760640
Key Down;Q;760720
Key Up;Q;760793
Key Down;S;761040
Key Up;S;762368
Key Down;A;762440
Key Up;A;762528
Key Down;Z;762728
Key Up;Z;763384
Key Down;S;764456
Key Up;S;765680
Key Down;A;765704
Key Up;A;765800
Key Down;D;765848
Key Down;S;766000
Key Up;S;766248
Key Down;Z;766905
Key Up;D;767256
Key Up;Z;767265
Key Down;D;767560
Key Down;S;768304
Key Up;S;768512
Key Down;Z;769305
Key Up;D;769608
Key Down;A;769680
Key Up;A;769800
Key Down;D;770120
Key Up;D;770352
Key Up;Z;770368
Key Down;Z;771097
Key Down;A;772320
Key Up;A;772425
Key Down;Q;772736
Key Up;Z;772817
Key Down;Z;773568
Key Up;Q;773760
Key Up;Z;774448
Key Down;Q;774496
Key Down;Z;775272
Key Up;Z;775608
Key Down;Z;775880
Key Up;Z;776024
Key Up;Q;776113
Key Down;A;776288
Key Up;A;776384
Key Down;Q;777656
Key Up;Q;778104
Key Down;A;779088
Key Up;A;779176
Key Down;D;779712
Key Down;S;779880
Key Up;D;780000
Key Down;D;780560
Key Up;D;780776
Key Down;Q;781064
Key Up;S;781176
Key Up;Q;781288
Key Down;Q;781896
Key Down;Z;781904
Key Up;Z;782272
Key Up;Q;782504
Key Down;Z;782769
Key Up;Z;782881
Key Down;Q;782944
Key Up;Q;783880
Key Down;D;784120
Key Up;D;784360
Key Down;Tab;784400
Key Up;Tab;784744
Key Down;D;784792
Key Down;S;785017
Key Up;S;785368
Key Down;S;785632
Key Up;D;785800
Key Down;A;787065
Key Up;A;787184
Key Down;Q;787504
Key Up;S;787568
Key Down;Z;791648
Key Up;Q;791744
Key Down;D;791920
Key Up;Z;791968
Key Down;A;792848
Key Up;A;792953
Key Down;S;793120
Key Up;D;793376
Key Down;Q;793776
Key Up;S;793808
Key Down;Z;793944
Key Up;Z;794024
Key Down;S;795656
Key Up;Q;796152
Key Down;D;796448
Key Up;S;796720
Key Down;A;797016
Key Up;A;797104
Key Down;S;797272
Key Up;S;797624
Key Down;S;798080
Key Up;S;798232
Key Down;Z;798920
Key Up;D;799464
Key Up;Z;799777
Key Down;Z;800352
Key Up;Z;800616
Key Down;A;800920
Key Up;A;801024
Key Down;S;801416
Key Up;S;801800
Key Down;S;801992
Key Down;Q;802128
Key Up;S;802664
Key Down;Z;803512
Key Up;Q;803600
Key Up;Z;804016
Key Down;S;804368
Key Down;D;804384
Key Up;D;804616
Key Up;S;804736
Key Down;NumPad 3;805536
Key Up;NumPad 3;805688
Key Down;Z;806088
Key Up;Z;806392
Key Down;Echap;807361
Key Up;Echap;807489
Key Down;NumPad 3;817260
Key Up;NumPad 3;817477
Key Down;Echap;821728
Key Up;Echap;821832
Key Down;Echap;822223
Key Up;Echap;822360
Key Down;Q;823352
Key Down;Z;823672
Key Up;Z;824016
Key Down;Z;824392
Key Up;Q;824432
Key Up;Z;824480
Key Down;Q;825192
Key Up;Q;825728
Key Down;A;826128
Key Up;A;826232
Key Down;Q;826456
Key Up;Q;826632
Key Down;Q;827528
Key Up;Q;828240
Key Down;D;828552
Key Down;Z;828648
Key Up;Z;828768
Key Up;D;828824
Key Down;Z;828904
Key Up;Z;829024
Key Down;Z;829760
Key Up;Z;830184
Key Down;A;830936
Key Up;A;831063
Key Down;S;831360
Key Down;Q;831552
Key Up;S;831696
Key Up;Q;831976
Key Down;Q;832343
Key Up;Q;832664
Key Down;D;836008
Key Down;A;836360
Key Up;A;836464
Key Up;D;836712
Key Down;S;836927
Key Down;Q;837312
Key Up;Q;837392
Key Down;D;837712
Key Up;D;837816
Key Down;Q;838416
Key Up;S;838528
Key Down;S;839512
Key Up;S;839960
Key Up;Q;840248
Key Down;Q;840792
Key Down;Z;840952
Key Up;Q;841072
Key Up;Z;841128
Key Down;A;842144
Key Up;A;842248
Key Down;S;843064
Key Down;D;843104
Key Up;D;843504
Key Up;S;843576
Key Down;S;844215
Key Up;S;844400
Key Down;D;845496
Key Down;S;845600
Key Up;D;845888
Key Up;S;846199
Key Down;A;846216
Key Up;A;846328
Key Down;D;846944
Key Down;Z;846968
Key Up;D;847064
Key Up;Z;847232
Key Down;Q;847240
Key Up;Q;847448
Key Down;Q;847768
Key Up;Q;848344
Key Down;Q;849160
Key Up;Q;849856
Key Down;Z;850240
Key Up;Z;850672
Key Down;A;851320
Key Up;A;851415
Key Down;S;851800
Key Down;D;852024
Key Up;D;852375
Key Up;S;852416
Key Down;Z;852672
Key Up;Z;852888
Key Down;D;852952
Key Up;D;853088
Key Down;D;853336
Key Up;D;853480
Key Down;Q;855608
Key Down;S;855912
Key Up;S;856792
Key Up;Q;856928
Key Down;Q;857296
Key Down;S;857624
Key Up;S;857736
Key Down;Z;859464
Key Up;Q;859544
Key Up;Z;859679
Key Down;Z;859832
Key Down;Q;859912
Key Up;Z;860832
Key Down;S;861696
Key Up;Q;862328
Key Down;D;862968
Key Up;D;863360
Key Down;D;863943
Key Up;S;864456
Key Down;Z;865384
Key Up;D;866856
Key Up;Z;867376
Key Down;Z;870016
Key Down;Q;870360
Key Up;Z;870943
Key Down;S;871256
Key Up;S;871527
Key Down;S;872056
Key Up;Q;872640
Key Up;S;872760
Key Down;A;872880
Key Up;A;872975
Key Down;D;873264
Key Down;S;873328
Key Up;S;873704
Key Down;S;873911
Key Up;D;874032
Key Up;S;874080
Key Down;D;874576
Key Down;S;874600
Key Up;S;874712
Key Up;D;875440
Key Down;A;876424
Key Up;A;876496
Key Down;Q;877319
Key Up;Q;877335
Key Down;Q;877976
Key Up;Q;879752
Key Down;Z;879847
Key Up;Z;880152
Key Down;A;880272
Key Down;Z;880344
Key Up;A;880392
Key Up;Z;880600
Key Down;D;880640
Key Down;S;880960
Key Up;D;881135
Key Down;Q;881192
Key Up;S;881280
Key Down;Z;881511
Key Up;Q;881552
Key Down;D;881664
Key Up;Z;881720
Key Down;S;882016
Key Up;D;882079
Key Down;Q;882136
Key Up;S;882160
Key Down;E;882496
Key Up;Q;882528
Key Up;E;882608
Key Down;D;882808
Key Down;S;883200
Key Up;S;883719
Key Down;Z;884575
Key Up;Z;884720
Key Down;Z;885552
Key Up;Z;886199
Key Up;D;886359
Key Down;Z;886536
Key Down;Q;886639
Key Up;Q;886823
Key Up;Z;886856
Key Down;S;887392
Key Up;S;887424
Key Down;D;887832
Key Up;D;889407
Key Down;D;890007
Key Up;D;890592
Key Down;D;891336
Key Up;D;892664
Key Down;S;892744
Key Down;D;892936
Key Up;D;893111
Key Down;D;893192
Key Up;S;893256
Key Down;S;894696
Key Up;D;895528
Key Up;S;895784
Key Down;A;895832
Key Up;A;895928
Key Down;Q;896215
Key Up;Q;896511
Key Down;Z;897288
Key Up;Z;897543
Key Down;Z;897664
Key Up;Z;898008
Key Down;D;899223
Key Down;S;899287
Key Up;D;899480
Key Down;D;899976
Key Up;D;900080
Key Down;A;900248
Key Up;A;900359
Key Down;Q;900696
Key Up;S;900847
Key Up;Q;901535
Key Down;Z;902080
Key Up;Z;903328
Key Down;Z;903776
Key Up;Z;904344
Key Down;A;904648
Key Up;A;904743
Key Down;Z;904856
Key Up;Z;906064
Key Down;Tab;906615
Key Up;Tab;908672
Key Down;Q;909512
Key Down;Z;909672
Key Up;Q;910047
Key Down;Q;910511
Key Up;Z;910895
Key Up;Q;911024
Key Down;D;911391
Key Down;S;911576
Key Up;D;911808
Key Down;Q;912056
Key Up;S;912112
Key Up;Q;912679
Key Down;D;912792
Key Down;Z;913663
Key Up;D;913727
Key Down;Q;913775
Key Up;Z;913807
Key Up;Q;914048
Key Down;D;914192
Key Up;D;914328
Key Down;Q;914456
Key Up;Q;914568
Key Down;Q;914672
Key Up;Q;914728
Key Down;S;914888
Key Up;S;914936
Key Down;Q;915191
Key Down;Z;916687
Key Up;Q;917320
Key Up;Z;919816
Key Down;Tab;921312
Key Up;Tab;923503
Key Down;D;924216
Key Down;S;924424
Key Up;D;924568
Key Down;A;925448
Key Up;A;925575
Key Down;D;926304
Key Up;S;926479
Key Down;S;927120
Key Up;D;927352
Key Down;Q;928960
Key Up;S;929159
Key Down;S;930696
Key Up;S;930839
Key Up;Q;931160
Key Down;D;931783
Key Down;Z;931864
Key Up;Z;932207
Key Up;D;933088
Key Down;D;933432
Key Up;D;933664
Key Down;A;933672
Key Up;A;933784
Key Down;Z;936135
Key Down;D;936159
Key Up;D;936232
Key Down;Q;936384
Key Up;Z;936447
Key Up;Q;936808
Key Down;A;936944
Key Up;A;937040
Key Down;Q;937536
Key Down;S;937655
Key Up;Q;937807
Key Up;S;938936
Key Down;Q;939992
Key Down;S;940367
Key Up;S;940679
Key Down;S;940952
Key Up;Q;941056
Key Down;Q;941552
Key Up;Q;941663
Key Down;Q;942176
Key Up;S;942320
Key Down;Z;943520
Key Up;Q;944656
Key Up;Z;944919
Key Down;D;946231
Key Down;Z;946607
Key Up;D;946824
Key Up;Z;946863
Key Down;D;947528
Key Down;Z;947695
Key Up;Z;947864
Key Down;S;948039
Key Up;D;948215
Key Down;D;948455
Key Up;D;948951
Key Down;D;949240
Key Up;S;949607
Key Down;Z;949967
Key Up;D;950192
Key Down;D;950680
Key Up;Z;951199
Key Down;S;952536
Key Up;S;952823
Key Down;Z;953080
Key Up;Z;953232
Key Down;A;954120
Key Up;A;954184
Key Down;S;956248
Key Up;D;956575
Key Down;D;956783
Key Up;D;956983
Key Down;Q;957560
Key Up;Q;957640
Key Down;Q;957991
Key Up;S;959192
Key Down;Z;959479
Key Up;Z;960263
Key Up;Q;960272
Key Down;D;960384
Key Down;A;960807
Key Up;A;960895
Key Up;D;961048
Key Down;Z;961152
Key Down;E;961336
Key Up;Z;961376
Key Up;E;961440
Key Down;D;961983
Key Down;S;962111
Key Up;S;962231
Key Up;D;962343
Key Down;S;962672
Key Down;Q;962824
Key Up;S;962920
Key Up;Q;963344
Key Down;Z;963480
Key Up;Z;963552
Key Down;D;963560
Key Up;D;963927
Key Down;Q;964303
Key Up;Q;964623
Key Down;A;964783
Key Up;A;964855
Key Down;Z;965431
Key Up;Z;965679
Key Down;D;966288
Key Down;S;966400
Key Up;S;966624
Key Down;S;966927
Key Up;S;967375
Key Up;D;968631
Key Down;Z;969008
Key Down;D;969256
Key Up;Z;970320
Key Down;Z;970688
Key Up;Z;971335
Key Down;S;971663
Key Up;S;971744
Key Down;S;972975
Key Up;D;973728
Key Down;Q;973991
Key Up;Q;974367
Key Up;S;975095
Key Down;A;975103
Key Up;A;975207
Key Down;Q;975983
Key Up;Q;976271
Key Down;Z;976415
Key Up;Z;976511
Key Down;D;978879
Key Down;Z;978887
Key Up;D;979632
Key Down;D;980359
Key Up;D;980511
Key Down;Q;980695
Key Up;Z;981248
Key Down;Z;981432
Key Up;Q;981472
Key Down;D;981576
Key Up;Z;981584
Key Down;S;981775
Key Up;S;982944
Key Down;S;983103
Key Up;D;983175
Key Down;Q;983247
Key Down;E;983367
Key Up;S;983399
Key Up;Q;983431
Key Up;E;983479
Key Down;S;983551
Key Down;Q;984216
Key Up;S;984623
Key Down;S;984807
Key Up;S;985560
Key Down;Z;987375
Key Up;Q;987887
Key Down;A;988144
Key Up;A;988256
Key Down;Q;988384
Key Up;Z;988759
Key Down;Z;989063
Key Up;Z;989183
Key Down;S;989303
Key Up;Q;989448
Key Down;D;989488
Key Up;S;989584
Key Up;D;989648
Key Down;Q;989864
Key Up;Q;990039
Key Down;S;990047
Key Up;S;990215
Key Down;E;990279
Key Up;E;990399
Key Down;S;990535
Key Down;Q;990599
Key Up;Q;990727
Key Down;Q;991303
Key Up;Q;991383
Key Down;D;991679
Key Up;S;992039
Key Down;S;992296
Key Up;S;992408
Key Down;S;992727
Key Up;S;992863
Key Down;A;993871
Key Up;A;993983
Key Down;Z;995152
Key Up;D;996103
Key Down;D;996615
Key Up;D;996831
Key Down;Q;997255
Key Up;Q;997951
Key Down;Q;998072
Key Up;Q;998120
Key Down;Q;998144
Key Up;Q;998247
Key Down;D;998336
Key Up;Z;998383
Key Down;S;998487
Key Up;D;998584
Key Down;D;998727
Key Up;S;998880
Key Down;Z;999567
Key Up;Z;999735
Key Down;Q;999911
Key Down;Z;999943
Key Up;D;999975
Key Up;Q;1000423
Key Down;D;1001279
Key Up;Z;1001343
Key Down;S;1001807
Key Up;D;1002215
Key Down;D;1002439
Key Up;S;1002479
Key Down;S;1002584
Key Up;S;1003055
Key Down;A;1003103
Key Up;D;1003144
Key Up;A;1003215
Key Down;S;1003367
Key Down;Q;1003599
Key Up;S;1003647
Key Down;E;1003727
Key Up;Q;1003815
Key Up;E;1003847
Key Down;Q;1004392
Key Up;Q;1004543
Key Down;Z;1005391
Key Down;Q;1005703
Key Up;Z;1006095
Key Down;S;1006728
Key Up;Q;1007343
Key Down;Q;1007471
Key Up;Q;1007680
Key Down;A;1007831
Key Up;A;1007927
Key Down;Q;1008055
Key Up;S;1008199
Key Down;S;1008463
Key Up;S;1008624
Key Down;S;1008768
Key Up;Q;1009055
Key Down;D;1009143
Key Up;S;1009351
Key Up;D;1009496
Key Down;Z;1009831
Key Up;Z;1010176
Key Down;Q;1010663
Key Down;Z;1010848
Key Up;Z;1011791
Key Up;Q;1011799
Key Down;A;1012703
Key Up;A;1012783
Key Down;Tab;1015959
Key Up;Tab;1016288
Key Down;D;1016496
Key Down;S;1016511
Key Up;S;1017320
Key Down;S;1017440
Key Up;S;1017528
Key Down;S;1017664
Key Up;D;1018399
Key Up;S;1019327
Key Down;Tab;1021487
Key Up;Tab;1024640
Key Down;Q;1025151
Key Down;S;1025375
Key Up;Q;1025599
Key Down;D;1025639
Key Up;S;1025687
Key Up;D;1026040
Key Down;Z;1026303
Key Up;Z;1026327
Key Down;Espace;1026512
Key Up;Espace;1026608
Key Down;S;1026903
Key Up;S;1027111
Key Down;Z;1027415
Key Up;Z;1027632
Key Down;E;1027807
Key Up;E;1027895
Key Down;D;1029031
Key Up;D;1029160
Key Down;Q;1029503
Key Up;Q;1029543
Key Down;Q;1029671
Key Up;Q;1029871
Key Down;E;1030719
Key Up;E;1030800
Key Down;Tab;1031207
Key Up;Tab;1033663
Key Down;Z;1034551
Key Up;Z;1035679
Key Down;Z;1037144
Key Up;Z;1037319
Key Down;S;1037815
Key Up;S;1038047
Key Down;Z;1039327
Key Up;Z;1039751
Key Down;Espace;1040287
Key Up;Espace;1040431
Key Down;E;1040855
Key Up;E;1040975
Key Down;D;1042127
Key Up;D;1042264
Key Down;Q;1042552
Key Up;Q;1042703
Key Down;E;1060463
Key Up;E;1060591
Key Down;S;1061039
Key Down;Q;1061255
Key Up;S;1061416
Key Up;Q;1061543
Key Down;A;1066431
Key Up;A;1066583
Key Down;D;1070264
Key Up;D;1070439
Key Down;Tab;1070871
Key Up;Tab;1072503
Key Down;Z;1074311
Key Up;Z;1074759
Key Down;Z;1076439
Key Up;Z;1078207
Key Down;Q;1082943
Key Up;Q;1086767
Key Down;Espace;1088543
Key Up;Espace;1088615
Key Down;Espace;1088735
Key Up;Espace;1088848
Key Down;Left Shift;1090143
Key Up;Left Shift;1090279
Key Down;Left Shift;1090383
Key Up;Left Shift;1090503
Key Down;Tab;1091687
Key Up;Tab;1091799
Key Down;Tab;1091896
Key Up;Tab;1092047
Key Down;Echap;1093063
Key Up;Echap;1093175
Key Down;Q;1098231
Key Down;Z;1098431
Key Up;Z;1099231
Key Down;Z;1099479
Key Up;Q;1099583
Key Down;E;1099623
Key Up;E;1099775
Key Down;Q;1099823
Key Up;Z;1099871
Key Down;Z;1100247
Key Up;Z;1100607
Key Down;Z;1100951
Key Up;Q;1101566
Key Down;A;1101911
Key Up;A;1101999
Key Down;D;1102479
Key Up;Z;1103543
Key Down;S;1104087
Key Up;D;1104167
Key Down;E;1104255
Key Up;S;1104287
Key Up;E;1104359
Key Down;D;1104463
Key Down;S;1105599
Key Up;D;1107175
Key Down;Q;1107663
Key Up;S;1109326
Key Down;Z;1110263
Key Up;Q;1110535
Key Down;A;1110687
Key Up;A;1110783
Key Down;Q;1110983
Key Up;Z;1111239
Key Down;Z;1111479
Key Up;Q;1111719
Key Down;D;1112743
Key Up;D;1113063
Key Down;D;1113631
Key Up;Z;1113783
Key Down;S;1114407
Key Up;D;1115743
Key Down;Q;1116399
Key Up;S;1117071
Key Down;Z;1118095
Key Up;Q;1119463
Key Down;D;1120111
Key Up;Z;1120375
Key Down;S;1121119
Key Up;D;1121967
Key Down;Q;1122391
Key Up;S;1122967
Key Down;Z;1123903
Key Up;Q;1124687
Key Down;D;1125055
Key Up;D;1125279
Key Down;D;1125311
Key Up;D;1125655
Key Down;D;1125799
Key Up;Z;1126415
Key Down;S;1126919
Key Down;Left Shift;1127255
Key Up;Left Shift;1127351
Key Down;NumPad 3;1128337
Key Up;NumPad 3;1128501
Key Up;D;1128622
Key Down;Q;1128751
Key Up;S;1130231
Key Down;S;1130679
Key Up;S;1130807
Key Down;Z;1131327
Key Up;Q;1131494
Key Down;Q;1131751
Key Up;Q;1131855
Key Down;Q;1131863
Key Up;Q;1131991
Key Down;D;1132607
Key Up;Z;1133062
Key Up;D;1133175
Key Down;Q;1133247
Key Down;S;1133342
Key Up;Q;1133935
Key Down;D;1133991
Key Up;D;1134735
Key Down;Q;1135006
Key Up;Q;1135263
Key Down;D;1135351
Key Up;S;1135463
Key Down;S;1135991
Key Up;S;1136934
Key Down;Z;1138806
Key Up;D;1140039
Key Down;Q;1140975
Key Up;Z;1142655
Key Down;S;1142902
Key Up;S;1144335
Key Down;S;1145815
Key Up;Q;1146039
Key Down;A;1146183
Key Up;A;1146279
Key Down;D;1146543
Key Up;S;1147335
Key Down;Z;1150807
Key Down;Q;1150927
Key Up;D;1150943
Key Up;Z;1151015
Key Down;Z;1151318
Key Up;Q;1151375
Key Down;Q;1151463
Key Up;Z;1151495
Key Up;Q;1151534
Key Down;D;1151575
Key Down;Q;1151871
Key Up;D;1151911
Key Up;Q;1152375
Key Down;D;1152383
Key Down;S;1152734
Key Up;D;1153559
Key Down;Q;1153694
Key Up;S;1153903
Key Down;Z;1154518
Key Up;Q;1154687
Key Down;D;1154951
Key Up;D;1156431
Key Down;Q;1156878
Key Up;Z;1157670
Key Down;S;1159311
Key Down;D;1160926
Key Up;Q;1160951
Key Up;D;1161407
Key Down;Q;1162047
Key Up;S;1162751
Key Down;S;1163095
Key Up;Q;1163839
Key Down;Q;1164006
Key Up;S;1164143
Key Up;Q;1164270
Key Down;D;1164286
Key Down;Z;1164399
Key Up;D;1164455
Key Down;Q;1164583
Key Up;Q;1164766
Key Down;Q;1165023
Key Up;Q;1165159
Key Down;D;1166415
Key Up;Z;1166895
Key Up;D;1167871
Key Down;Espace;1177238
Key Up;Espace;1177359
Key Down;Z;1197631
Key Down;Q;1197823
Key Up;Q;1198614
Key Down;D;1199318
Key Up;D;1199423
Key Up;Z;1199927
Key Down;Z;1201094
Key Down;D;1201622
Key Up;Z;1201670
Key Down;Z;1201990
Key Up;D;1202726
Key Down;Q;1203519
Key Up;Z;1203967
Key Down;S;1204231
Key Up;Q;1204382
Key Up;S;1204414
Key Down;D;1204887
Key Down;S;1205039
Key Up;S;1205158
Key Down;Z;1205414
Key Up;D;1205558
Key Up;Z;1205935
Key Down;S;1206774
Key Down;A;1207094
Key Up;S;1207127
Key Up;A;1207231
Key Down;Q;1208487
Key Up;Q;1208815
Key Down;Q;1209022
Key Down;S;1209351
Key Up;Q;1209870
Key Up;S;1210102
Key Down;A;1210143
Key Up;A;1210239
Key Down;D;1210526
Key Down;S;1210686
Key Up;S;1210990
Key Down;A;1212694
Key Up;A;1212807
Key Down;Z;1212902
Key Up;D;1212951
Key Up;Z;1213078
Key Down;S;1214686
Key Down;D;1214879
Key Up;S;1215343
Key Down;Z;1217070
Key Up;Z;1218191
Key Down;S;1218870
Key Up;D;1218903
Key Down;A;1219215
Key Up;A;1219310
Key Up;S;1219422
Key Down;Q;1219479
Key Down;Z;1219742
Key Up;Q;1219959
Key Down;D;1220142
Key Up;Z;1220222
Key Down;Z;1220606
Key Up;D;1220719
Key Down;Q;1220958
Key Up;Q;1221054
Key Up;Z;1221190
Key Down;E;1221279
Key Up;E;1221342
Key Down;Z;1222327
Key Up;Z;1222574
Key Down;Q;1222919
Key Up;Q;1222991
Key Down;D;1223046
Key Down;Z;1223215
Key Up;D;1223375
Key Down;D;1223807
Key Up;D;1223926
Key Down;Q;1225598
Key Up;Z;1225694
Key Up;Q;1225806
Key Down;S;1226023
Key Down;D;1226063
Key Up;D;1226246
Key Down;D;1226518
Key Up;S;1226607
Key Down;Z;1226750
Key Up;D;1226927
Key Up;Z;1227214
Key Down;S;1227383
Key Down;D;1227447
Key Up;S;1227582
Key Up;D;1227671
Key Down;Q;1227687
Key Up;Q;1228014
Key Down;Z;1228055
Key Up;Z;1228103
Key Down;Q;1228111
Key Down;Z;1228478
Key Up;Z;1228807
Key Down;Z;1229359
Key Up;Q;1229463
Key Down;A;1229615
Key Up;A;1229718
Key Down;Q;1229919
Key Up;Q;1230215
Key Up;Z;1231022
Key Down;S;1231207
Key Down;Q;1231454
Key Up;Q;1231711
Key Down;D;1232671
Key Up;D;1233174
Key Down;D;1233254
Key Up;D;1233399
Key Down;D;1233687
Key Up;S;1233790
Key Down;Z;1234478
Key Up;D;1235110
Key Down;D;1235318
Key Up;Z;1235406
Key Down;Z;1236486
Key Up;D;1236614
Key Up;Z;1237623
Key Down;S;1238239
Key Down;D;1238495
Key Up;S;1238551
Key Up;D;1238870
Key Down;Q;1239063
Key Down;S;1239215
Key Up;S;1239543
Key Down;Z;1240110
Key Up;Z;1240246
Key Down;Z;1240711
Key Up;Z;1240814
Key Down;S;1241086
Key Up;Q;1241879
Key Down;D;1242223
Key Up;D;1242711
Key Down;Q;1242727
Key Up;S;1242758
Key Down;Z;1242919
Key Up;Q;1243014
Key Down;D;1244415
Key Up;D;1244510
Key Up;Z;1244614
Key Down;S;1244815
Key Down;D;1245142
Key Up;D;1245310
Key Down;Q;1245510
Key Up;Q;1245638
Key Down;Q;1245870
Key Up;Q;1245991
Key Down;D;1246230
Key Up;S;1247382
Key Down;Z;1247623
Key Up;Z;1247758
Key Down;A;1248575
Key Up;A;1248662
Key Down;Z;1248814
Key Up;D;1248822
Key Up;Z;1248895
Key Down;Z;1249670
Key Down;Q;1249694
Key Up;Z;1249998
Key Up;Q;1250022
Key Down;Z;1250471
Key Down;Q;1250591
Key Up;Q;1250783
Key Up;Z;1250878
Key Down;Q;1250887
Key Up;Q;1250935
Key Down;S;1252030
Key Up;S;1252230
Key Down;S;1252966
Key Up;S;1253142
Key Down;S;1254206
Key Up;S;1254590
Key Down;Q;1255078
Key Down;S;1255215
Key Up;S;1255542
Key Up;Q;1255583
Key Down;Q;1255879
Key Down;Z;1256079
Key Up;Z;1256558
Key Up;Q;1256878
Key Down;D;1257350
Key Down;S;1257366
Key Up;S;1257902
Key Down;Z;1259431
Key Up;D;1261150
Key Up;Z;1261158
Key Down;A;1261319
Key Up;A;1261414
Key Down;Q;1261878
Key Up;Q;1262886
Key Down;Echap;1263583
Key Up;Echap;1263734
Key Down;Left Alt;1264598
Key Down;Tab;1264734
Key Up;Left Alt;1264830
Key Up;Tab;1264862
