Event;Key;Time
Key Down;F;5215
Key Up;F;5278
Key Down;D;6366
Key Down;Z;6527
Key Up;D;6551
Key Up;Z;6631
Key Down;Q;6902
Key Up;Q;6991
Key Down;Z;7878
Key Down;Q;8926
Key Up;Q;9174
Key Down;D;9239
Key Up;D;9278
Key Up;Z;9342
Key Down;D;9383
Key Down;S;9542
Key Up;S;9695
Key Down;Z;10023
Key Up;D;10575
Key Down;Q;10855
Key Up;Q;10918
Key Down;A;11719
Key Up;A;11807
Key Down;Q;12510
Key Up;Z;13182
Key Down;S;13751
Key Up;Q;13927
Key Up;S;13951
Key Down;Q;14446
Key Down;S;15254
Key Up;Q;15382
Key Up;S;15510
Key Down;Q;16175
Key Up;Q;16678
Key Down;A;17046
Key Up;A;17127
Key Down;D;17302
Key Down;S;17990
Key Up;D;18134
Key Up;S;18342
Key Down;Q;18694
Key Down;Z;18743
Key Up;Z;18911
Key Up;Q;19302
Key Down;A;19639
Key Up;A;19743
Key Down;D;19958
Key Up;D;20334
Key Down;Q;20974
Key Up;Q;21151
Key Down;A;21302
Key Up;A;21414
Key Down;Z;22119
Key Up;Z;22214
Key Down;Q;22311
Key Up;Q;22359
Key Down;D;23527
Key Down;Z;23622
Key Up;Z;23734
Key Down;Z;23759
Key Up;Z;23887
Key Up;D;23927
Key Down;D;24198
Key Down;Z;24622
Key Up;Z;24718
Key Down;Z;24998
Key Up;D;25119
Key Down;A;25278
Key Up;A;25358
Key Up;Z;25455
Key Down;Q;25582
Key Up;Q;25703
Key Down;Z;26262
Key Down;Q;26335
Key Up;Z;26670
Key Down;Z;27007
Key Up;Q;27086
Key Up;Z;27119
Key Down;D;27127
Key Down;S;27711
Key Up;D;27862
Key Down;Q;28190
Key Up;S;28286
Key Down;S;28734
Key Up;Q;28767
Key Up;S;28878
Key Down;Q;28982
Key Down;S;29158
Key Up;S;29382
Key Down;S;29766
Key Up;Q;29854
Key Down;D;30070
Key Up;S;30167
Key Up;D;30415
Key Down;S;30438
Key Up;S;30487
Key Down;S;30590
Key Down;D;30775
Key Up;D;30982
Key Down;D;31519
Key Up;D;31630
Key Down;Q;32215
Key Up;S;32350
Key Down;Z;32630
Key Up;Z;32870
Key Down;Z;33046
Key Up;Q;33255
Key Down;Q;33607
Key Up;Q;33727
Key Down;Q;34182
Key Up;Q;34414
Key Down;A;34582
Key Up;Z;34646
Key Up;A;34662
Key Down;D;35439
Key Down;S;35462
Key Up;S;36126
Key Up;D;36375
Key Down;S;36510
Key Down;D;37294
Key Up;S;37782
Key Down;S;38062
Key Up;D;38118
Key Down;D;38943
Key Up;D;39430
Key Down;Q;39598
Key Up;Q;39911
Key Down;D;40166
Key Up;S;40895
Key Down;A;41414
Key Up;A;41502
Key Down;Q;42646
Key Up;D;42726
Key Down;Z;42798
Key Up;Q;42967
Key Down;D;43566
Key Up;D;43718
Key Up;Z;43782
Key Down;Z;44807
Key Up;Z;44855
Key Down;D;45295
Key Up;D;45343
Key Down;D;45455
Key Up;D;45575
Key Down;D;45678
Key Up;D;46662
Key Down;Q;46686
Key Up;Q;46726
Key Down;S;46791
Key Down;D;46982
Key Up;D;47302
Key Down;D;47534
Key Up;D;47607
Key Up;S;47694
Key Down;D;47711
Key Up;D;47806
Key Down;S;47839
Key Up;S;47854
Key Down;D;47870
Key Down;S;48014
Key Up;D;48038
Key Up;S;48094
Key Down;D;48158
Key Up;D;48566
Key Down;Q;48646
Key Up;Q;49214
Key Down;D;49391
Key Down;Z;49534
Key Up;D;49694
Key Up;Z;49711
Key Down;A;51039
Key Up;A;51134
Key Down;D;53831
Key Down;S;54022
Key Up;S;54190
Key Down;A;54702
Key Up;A;54806
Key Up;D;55278
Key Down;Z;55566
Key Up;Z;56262
Key Down;D;56303
Key Down;Z;56678
Key Up;D;56750
Key Up;Z;56943
Key Down;D;58326
Key Down;Z;58766
Key Up;D;58982
Key Up;Z;59207
Key Down;Z;59535
Key Down;D;59630
Key Up;Z;59766
Key Up;D;59782
Key Down;S;60094
Key Down;Q;60718
Key Up;S;61038
Key Down;Z;61438
Key Up;Q;61518
Key Up;Z;61758
Key Down;D;64294
Key Up;D;64494
Key Down;Q;64598
Key Up;Q;65214
Key Down;Q;65878
Key Up;Q;65910
Key Down;E;66406
Key Up;E;66487
Key Down;D;66766
Key Up;D;67375
Key Down;Tab;67422
Key Up;Tab;69319
Key Down;D;69366
Key Down;Z;69798
Key Up;D;69830
Key Up;Z;70382
Key Down;D;71086
Key Up;D;71238
Key Down;Z;71926
Key Down;D;71934
Key Up;D;72046
Key Up;Z;73102
Key Down;Q;73126
Key Down;S;73638
Key Up;S;73774
Key Down;Z;74846
Key Up;Z;75230
Key Down;Z;75550
Key Up;Q;75582
Key Down;D;75590
Key Up;Z;75694
Key Down;Z;75854
Key Up;Z;75958
Key Down;S;76158
Key Up;S;76374
Key Up;D;76894
Key Down;Z;76942
Key Down;A;77046
Key Up;Z;77118
Key Up;A;77150
Key Down;Z;77494
Key Up;Z;77566
Key Down;D;78830
Key Down;Z;78910
Key Up;D;79079
Key Down;Q;79118
Key Up;Z;79814
Key Down;S;80438
Key Up;Q;80574
Key Down;A;80726
Key Up;A;80838
Key Down;D;80878
Key Up;S;81742
Key Down;Z;82014
Key Up;D;82062
Key Up;Z;82134
Key Down;D;83518
Key Down;S;83638
Key Up;D;83710
Key Up;S;83734
Key Down;Z;83998
Key Down;D;84014
Key Up;Z;84062
Key Up;D;84150
Key Down;Q;84598
Key Up;Q;84910
Key Down;D;85334
Key Down;Z;85669
Key Up;D;85814
Key Down;A;86006
Key Up;A;86070
Key Up;Z;86118
Key Down;S;86334
Key Up;S;86454
Key Down;Q;86750
Key Up;Q;86822
Key Down;S;87198
Key Up;S;87278
Key Down;S;88982
Key Down;Q;89286
Key Up;S;89342
Key Up;Q;89566
Key Down;Q;91422
Key Down;Z;91566
Key Up;Z;91702
Key Up;Q;91894
Key Down;D;92742
Key Down;S;92758
Key Up;S;92926
Key Down;Z;93246
Key Up;D;93342
Key Up;Z;93413
Key Down;A;93926
Key Up;A;93998
Key Down;D;94534
Key Up;D;94638
Key Down;Q;94758
Key Up;Q;95974
Key Down;Q;96214
Key Down;S;96582
Key Up;Q;96766
Key Up;S;96790
Key Down;Q;96982
Key Up;Q;97302
Key Down;D;97342
Key Down;Z;99054
Key Up;D;99390
Key Up;Z;99494
Key Down;A;99734
Key Up;A;99813
Key Down;Z;110366
Key Down;Q;110613
Key Up;Z;110726
Key Up;Q;110782
Key Down;S;111181
Key Up;S;111342
Key Down;Z;111854
Key Up;Z;112022
Key Down;E;112053
Key Up;E;112142
Key Down;D;113118
Key Up;D;113286
Key Down;Q;113526
Key Up;Q;113678
Key Down;E;114422
Key Up;E;114494
Key Down;Q;114822
Key Up;Q;116854
Key Down;Z;116950
Key Up;Z;117086
Key Down;S;120198
Key Down;Q;121462
Key Up;S;121534
Key Down;Z;122006
Key Up;Z;122206
Key Up;Q;122637
Key Down;A;122797
Key Up;A;122894
Key Down;Q;123142
Key Up;Q;124326
Key Down;S;124582
Key Up;S;124678
Key Down;Q;125270
Key Down;Z;125358
Key Up;Q;125437
Key Up;Z;125614
Key Down;E;125726
Key Up;E;125813
Key Down;S;127397
Key Up;S;127494
Key Down;D;128254
Key Up;D;128309
Key Down;S;128797
Key Up;S;128877
Key Down;E;129829
Key Up;E;129926
Key Down;R;131853
Key Up;R;131926
Key Down;Echap;150125
Key Up;Echap;150270
Key Down;Echap;150757
Key Up;Echap;150886
Key Down;Echap;151293
Key Up;Echap;151413
Key Down;Q;152565
Key Down;S;153014
Key Up;S;153078
Key Down;Z;153382
Key Up;Z;153510
Key Up;Q;153894
Key Down;Q;154758
Key Up;Q;155965
Key Down;Tab;156166
Key Up;Tab;157638
Key Down;S;158174
Key Down;Q;159237
Key Up;Q;159885
Key Down;Q;160197
Key Up;S;160493
Key Up;Q;160838
Key Down;S;160845
Key Down;D;161486
Key Up;D;161574
Key Down;D;163030
Key Up;S;163382
Key Up;D;163646
Key Down;Z;163942
Key Up;Z;164165
Key Down;D;164173
Key Up;D;164390
Key Down;Z;164901
Key Down;Q;164910
Key Up;Z;165381
Key Up;Q;165501
Key Down;S;165781
Key Up;S;166054
Key Down;D;166350
Key Up;D;166454
Key Down;A;168606
Key Up;A;168678
Key Down;D;168981
Key Down;S;170102
Key Up;D;170294
Key Down;D;171238
Key Up;S;171478
Key Down;S;171750
Key Up;D;171885
Key Up;S;171998
Key Down;Q;172141
Key Down;Z;172510
Key Up;Q;172646
Key Up;Z;172733
Key Down;Q;173190
Key Up;Q;173582
Key Down;D;173877
Key Down;S;174486
Key Up;D;174534
Key Down;D;174974
Key Up;D;175029
Key Up;S;176174
Key Down;S;176918
Key Down;Q;177526
Key Up;S;177549
Key Up;Q;177654
Key Down;S;177742
Key Up;S;177861
Key Down;Q;177902
Key Up;Q;178094
Key Down;Z;178102
Key Up;Z;178182
Key Down;Q;179214
Key Down;S;179510
Key Up;Q;179822
Key Down;D;180638
Key Up;S;180965
Key Down;Z;181246
Key Up;Z;181526
Key Down;S;181765
Key Up;D;181870
Key Down;Q;181934
Key Up;S;182117
Key Up;Q;182166
Key Down;D;182206
Key Down;Z;182742
Key Up;Z;183166
Key Down;Z;183573
Key Up;D;183630
Key Up;Z;183950
Key Down;S;184166
Key Down;Q;184310
Key Up;S;184333
Key Up;Q;184645
Key Down;Z;184677
Key Up;Z;184686
Key Down;Z;184765
Key Down;D;184990
Key Up;D;185357
Key Down;Q;185854
Key Up;Q;186054
Key Down;Q;186262
Key Up;Q;186622
Key Down;Q;186741
Key Up;Z;186877
Key Up;Q;187229
Key Down;S;188021
Key Down;Q;188549
Key Up;Q;188677
Key Up;S;188910
Key Down;Q;189182
Key Down;S;189438
Key Up;S;189677
Key Down;S;190069
Key Up;Q;190766
Key Down;D;191109
Key Up;S;191766
Key Down;Z;193310
Key Up;Z;193789
Key Down;Z;194085
Key Up;D;194317
Key Down;Q;194478
Key Up;Q;194774
Key Down;Q;194934
Key Up;Z;195014
Key Down;S;195429
Key Up;S;195806
Key Up;Q;196222
Key Down;S;196230
Key Up;S;196326
Key Down;A;197109
Key Up;A;197246
Key Down;D;198205
Key Down;S;198213
Key Up;D;198381
Key Down;Q;198806
Key Up;Q;198910
Key Down;Q;199102
Key Up;Q;199166
Key Down;D;200158
Key Up;S;200382
Key Up;D;200414
Key Down;D;200462
Key Up;D;200725
Key Down;Q;200781
Key Down;S;201101
Key Up;Q;201165
Key Up;S;201438
Key Down;S;201510
Key Up;S;201598
Key Down;D;201798
Key Down;Q;202317
Key Up;D;202357
Key Down;Z;202637
Key Up;Q;202741
Key Down;D;202950
Key Up;Z;203246
Key Up;D;203318
Key Down;D;203438
Key Down;S;204997
Key Up;D;205141
Key Up;S;205662
Key Down;D;205958
Key Down;S;206389
Key Up;S;206557
Key Down;S;206709
Key Up;D;206749
Key Down;Q;206773
Key Up;S;207013
Key Down;S;207118
Key Up;Q;207134
Key Down;D;207302
Key Up;D;207590
Key Down;Q;207726
Key Up;Q;207853
Key Up;S;207909
Key Down;D;208477
Key Down;Z;208494
Key Up;D;208558
Key Down;Q;208734
Key Up;Z;208902
Key Down;E;208950
Key Up;E;209062
Key Down;Z;209094
Key Up;Q;209134
Key Down;D;209333
Key Up;D;209461
Key Up;Z;209509
Key Down;Q;209733
Key Down;Z;209741
Key Up;Q;209749
Key Up;Z;209861
Key Down;D;210062
Key Down;S;210318
Key Up;D;210358
Key Down;Q;210541
Key Up;Q;210685
Key Up;S;210701
Key Down;D;210733
Key Down;Z;210821
Key Up;Z;211101
Key Down;S;211301
Key Up;D;211374
Key Down;Q;211926
Key Up;Q;212189
Key Down;Q;212573
Key Up;Q;212902
Key Down;D;213126
Key Up;S;213286
Key Up;D;213381
Key Down;Z;213405
Key Up;Z;213797
Key Down;Q;214077
Key Down;Z;214278
Key Up;Z;214398
Key Up;Q;214542
Key Down;S;215389
Key Down;D;215574
Key Up;D;215670
Key Up;S;216126
Key Down;A;216638
Key Up;A;216750
Key Down;Q;217413
Key Up;Q;217542
Key Down;D;219981
Key Down;Z;220197
Key Up;D;220534
Key Down;Q;220574
Key Up;Z;220654
Key Up;Q;220870
Key Down;Q;221054
Key Up;Q;221278
Key Down;Q;221501
Key Down;S;221685
Key Up;Q;221933
Key Up;S;221965
Key Down;S;222678
Key Down;Q;223350
Key Up;Q;223462
Key Up;S;223614
Key Down;A;225213
Key Up;A;225317
Key Down;D;229390
Key Up;D;229509
Key Down;D;235446
Key Down;Z;235574
Key Up;D;235645
Key Down;Q;235821
Key Up;Q;235973
Key Up;Z;236046
Key Down;S;236285
Key Down;Q;236590
Key Up;Q;236757
Key Up;S;237005
Key Down;Q;242565
Key Down;Z;242581
Key Up;Q;242693
Key Up;Z;243013
Key Down;E;243182
Key Up;E;243285
Key Down;S;245077
Key Up;S;245118
Key Down;E;245397
Key Up;E;245454
Key Down;D;246125
Key Up;D;246245
Key Down;Echap;247414
Key Up;Echap;247526
Key Down;Echap;249406
Key Up;Echap;249478
Key Down;R;249909
Key Up;R;249973
Key Down;Echap;263085
Key Up;Echap;263229
Key Down;Echap;263806
Key Up;Echap;263925
Key Down;D;264333
Key Down;Z;264478
Key Up;D;264502
Key Up;Z;264685
Key Down;A;270694
Key Up;A;270829
Key Down;Z;271734
Key Up;Z;271949
Key Down;D;272206
Key Up;D;272397
Key Down;Q;276365
Key Down;Z;276502
Key Up;Q;276574
Key Up;Z;276629
Key Down;Q;277101
Key Up;Q;277285
Key Down;A;279037
Key Up;A;279174
Key Down;D;286078
Key Down;S;286182
Key Up;S;286317
Key Up;D;286445
Key Down;D;286798
Key Up;D;287677
Key Down;D;288054
Key Down;Z;288238
Key Up;Z;288454
Key Up;D;289710
Key Down;Q;289717
Key Down;Z;289781
Key Up;Q;289790
Key Down;D;289829
Key Up;D;290293
Key Down;A;290469
Key Up;A;290589
Key Up;Z;290789
Key Down;Q;290829
Key Up;Q;291429
Key Down;Q;291622
Key Down;S;291981
Key Up;Q;292421
Key Up;S;292533
Key Down;Z;293341
Key Down;D;293357
Key Up;Z;293837
Key Up;D;294062
Key Down;S;294189
Key Down;E;294261
Key Up;S;294293
Key Up;E;294381
Key Down;Q;294533
Key Up;Q;294589
Key Down;A;295061
Key Up;A;295149
Key Down;D;295989
Key Down;Z;296069
Key Up;D;296174
Key Up;Z;296245
Key Down;A;298829
Key Up;A;298942
Key Down;Q;299213
Key Up;Q;299405
Key Down;S;299597
Key Up;S;299685
Key Down;Q;300198
Key Down;S;300541
Key Up;Q;300837
Key Up;S;301117
Key Down;Q;301813
Key Up;Q;301998
Key Down;Q;302245
Key Down;S;302406
Key Up;S;302485
Key Down;Z;302565
Key Up;Q;302606
Key Down;S;302613
Key Up;S;302677
Key Up;Z;302861
Key Down;D;303126
Key Down;Z;303181
Key Up;D;303277
Key Up;Z;303285
Key Down;Z;303406
Key Up;Z;303765
Key Down;D;303774
Key Up;D;304085
Key Down;Z;305533
Key Down;D;305542
Key Up;Z;305702
Key Down;S;305877
Key Up;S;305949
Key Down;S;306806
Key Up;S;306933
Key Up;D;307517
Key Down;D;307677
Key Down;Z;307829
Key Up;Z;307950
Key Up;D;308174
Key Down;S;308613
Key Up;S;308749
Key Down;D;308845
Key Down;S;309037
Key Up;S;309181
Key Down;Z;309429
Key Up;D;309701
Key Up;Z;309733
Key Down;Z;309870
Key Down;Q;310061
Key Up;Z;310197
Key Down;S;310501
Key Up;Q;310661
Key Down;A;310822
Key Up;S;310861
Key Down;S;310910
Key Up;A;310933
Key Up;S;310973
Key Down;Z;311157
Key Down;Q;311301
Key Up;Z;311422
Key Down;Z;311973
Key Up;Z;312222
Key Up;Q;312285
Key Down;S;312525
Key Up;S;312621
Key Down;S;312701
Key Down;D;312717
Key Up;S;312757
Key Down;S;314037
Key Down;A;314413
Key Up;D;314525
Key Up;A;314566
Key Up;S;314917
Key Down;Q;315157
Key Down;Z;315213
Key Up;Q;315237
Key Down;Q;315309
Key Up;Z;315357
Key Up;Q;315709
Key Down;Z;315717
Key Down;D;315821
Key Up;Z;316213
Key Up;D;316286
Key Down;Z;316637
Key Up;Z;316709
Key Down;E;316846
Key Up;E;316933
Key Down;S;317182
Key Down;D;317893
Key Up;S;318045
Key Down;Z;318341
Key Up;Z;318454
Key Down;Z;319957
Key Up;D;320045
Key Up;Z;320101
Key Down;Q;320277
Key Down;S;320533
Key Up;S;320893
Key Down;S;321261
Key Up;Q;321270
Key Down;D;321501
Key Up;D;321637
Key Down;D;321805
Key Up;D;322006
Key Down;D;322317
Key Up;D;322485
Key Up;S;322597
Key Down;A;322629
Key Up;A;322742
Key Down;D;323229
Key Down;Z;323517
Key Up;D;323677
Key Down;Q;323797
Key Up;Q;324237
Key Down;Q;324389
Key Up;Q;324677
Key Up;Z;325053
Key Down;D;325109
Key Down;S;325253
Key Up;D;325341
Key Up;S;326286
Key Down;D;326309
Key Up;D;326509
Key Down;A;327045
Key Up;A;327157
Key Down;Z;327709
Key Down;D;327989
Key Up;Z;328477
Key Up;D;328693
Key Down;D;332133
Key Down;Z;332325
Key Down;A;332606
Key Up;Z;332653
Key Up;A;332685
Key Up;D;334117
Key Down;D;334981
Key Up;D;335397
Key Down;Z;337285
Key Up;Z;337461
Key Down;E;337797
Key Up;E;337909
Key Down;S;367100
Key Up;S;367509
Key Down;Q;368285
Key Down;S;368373
Key Up;Q;368501
Key Down;D;368933
Key Up;S;368981
Key Up;D;369173
Key Down;E;369581
Key Up;E;369669
Key Down;E;376181
Key Up;E;376309
Key Down;Q;379629
Key Down;Z;379709
Key Up;Q;379853
Key Up;Z;380021
Key Down;D;380381
Key Down;Z;380525
Key Up;Z;380612
Key Up;D;380716
Key Down;D;382245
Key Up;D;382869
Key Down;D;383309
Key Up;D;383909
Key Down;A;384053
Key Up;A;384188
Key Down;D;384356
Key Up;D;384844
Key Down;D;385148
Key Down;Z;385357
Key Up;Z;385581
Key Up;D;385645
Key Down;Q;385717
Key Down;S;386357
Key Up;S;386540
Key Up;Q;388476
Key Down;S;388717
Key Down;Q;388788
Key Up;S;388853
Key Down;Z;389077
Key Up;Z;389213
Key Down;S;391245
Key Up;Q;391468
Key Up;S;392205
Key Down;A;392405
Key Up;A;392533
Key Down;Q;392925
Key Down;S;392965
Key Up;Q;393093
Key Up;S;393300
Key Down;D;393404
Key Up;D;393468
Key Down;S;394317
Key Down;Q;396021
Key Up;S;396061
Key Down;Z;396596
Key Up;Z;396781
Key Up;Q;396813
Key Down;Q;397077
Key Down;S;397469
Key Up;Q;398284
Key Up;S;398332
Key Down;D;398668
Key Down;Z;399005
Key Up;Z;399244
Key Up;D;399277
Key Down;Z;399901
Key Down;D;399909
Key Up;D;400077
Key Up;Z;400581
Key Down;A;400829
Key Up;A;400925
Key Down;S;401165
Key Up;S;401653
Key Down;Q;401725
Key Down;S;401941
Key Up;S;403117
Key Up;Q;403157
Key Down;Q;403533
Key Down;Z;403645
Key Up;Q;404277
Key Up;Z;404445
Key Down;D;404565
Key Down;S;404701
Key Up;S;405516
Key Up;D;405613
Key Down;Z;405772
Key Down;Q;405797
Key Up;Z;407037
Key Up;Q;407100
Key Down;D;407557
Key Down;S;407741
Key Up;D;407789
Key Up;S;408397
Key Down;S;435021
Key Down;D;435237
Key Up;S;435341
Key Up;D;435413
Key Down;Z;436133
Key Down;Q;436453
Key Up;Z;437309
Key Up;Q;437389
Key Down;S;438877
Key Up;S;439013
Key Down;Q;439117
Key Down;Z;439277
Key Up;Z;439444
Key Up;Q;440053
Key Down;Q;440628
Key Down;Z;440709
Key Up;Z;440796
Key Up;Q;440949
Key Down;Q;441757
Key Down;S;441812
Key Up;S;442069
Key Up;Q;442189
Key Down;Q;442428
Key Down;Z;442557
Key Up;Q;442797
Key Down;D;443205
Key Up;D;443437
Key Up;Z;443861
Key Down;Z;444557
Key Down;Tab;445900
Key Up;Z;445933
Key Up;Tab;446676
Key Down;Z;446813
Key Down;Q;446901
Key Up;Z;446949
Key Up;Q;447517
Key Down;A;447676
Key Up;A;447765
Key Down;Q;447925
Key Down;Z;448349
Key Up;Z;448661
Key Down;S;449181
Key Up;S;449269
Key Up;Q;450797
Key Down;D;451149
Key Up;D;451325
Key Down;Tab;451357
Key Up;Tab;453812
Key Down;Z;454669
Key Down;Q;455660
Key Up;Z;456196
Key Up;Q;456317
Key Down;Z;456468
Key Up;Z;456725
Key Down;D;456981
Key Up;D;457589
Key Down;S;457709
Key Down;Tab;458317
Key Up;S;458372
Key Up;Tab;461557
Key Down;Q;462572
Key Up;Q;466221
Key Down;Q;474252
Key Down;Z;474268
Key Up;Q;476196
Key Up;Z;476253
Key Down;D;476501
Key Down;S;476605
Key Up;D;477116
Key Down;Q;477124
Key Up;Q;477196
Key Down;Q;478564
Key Up;S;479516
Key Down;Z;481212
Key Up;Z;481973
Key Down;Z;482260
Key Up;Q;483468
Key Up;Z;484013
Key Down;S;484069
Key Down;Q;484292
Key Up;S;484300
Key Up;Q;484492
Key Down;Q;484877
Key Up;Q;484972
Key Down;Z;485228
Key Up;Z;486077
Key Down;S;486629
Key Up;S;487141
Key Down;D;487148
Key Down;S;487300
Key Up;D;487564
Key Down;D;487932
Key Up;D;488004
Key Up;S;488668
Key Down;Q;488700
Key Up;Q;488789
Key Down;Z;488948
Key Down;Q;489285
Key Up;Z;489412
Key Down;Z;489588
Key Up;Z;489828
Key Up;Q;489916
Key Down;Z;490068
Key Down;Q;490173
Key Up;Q;490276
Key Down;Q;490396
Key Up;Q;490669
Key Down;D;490869
Key Up;D;491092
Key Down;Q;491164
Key Up;Q;491277
Key Down;D;491884
Key Up;Z;492068
Key Up;D;492380
Key Down;S;492541
Key Down;D;492845
Key Up;D;492980
Key Down;Q;493301
Key Up;Q;493444
Key Down;D;494325
Key Up;S;495125
Key Down;S;495332
Key Up;S;495876
Key Down;Z;496108
Key Up;Z;496372
Key Down;S;496548
Key Up;S;496741
Key Down;Z;497652
Key Up;D;499389
Key Down;D;499589
Key Up;D;500173
Key Down;Q;500741
Key Up;Z;501629
Key Up;Q;502044
Key Down;D;502068
Key Down;S;502325
Key Up;S;502381
Key Down;S;502541
Key Up;S;502877
Key Down;S;503213
Key Up;D;503365
Key Down;Q;503437
Key Up;S;503524
Key Down;D;503668
Key Down;S;503676
Key Up;Q;503693
Key Up;D;503828
Key Down;D;504205
Key Up;D;504325
Key Up;S;504476
Key Down;Q;504717
Key Up;Q;504788
Key Down;D;504805
Key Down;S;504852
Key Up;D;504860
Key Up;S;504957
Key Down;Q;504996
Key Up;Q;505469
Key Down;Q;506053
Key Down;S;506164
Key Up;Q;506173
Key Up;S;506212
Key Down;Q;509452
Key Up;Q;511284
Key Down;A;511460
Key Up;A;511588
Key Down;Q;512109
Key Down;Z;512525
Key Up;Q;512637
Key Up;Z;512644
Key Down;S;512829
Key Down;D;512892
Key Up;D;513220
Key Down;Q;513341
Key Up;S;513477
Key Up;Q;513645
Key Down;D;513708
Key Down;Z;513804
Key Up;D;513957
Key Down;Q;514109
Key Up;Q;514285
Key Up;Z;514389
Key Down;Q;518676
Key Down;Z;518684
Key Up;Q;519133
Key Up;Z;519245
Key Down;Z;520141
Key Down;D;520148
Key Up;Z;520461
Key Down;Z;520636
Key Up;D;520709
Key Down;Q;520796
Key Up;Z;521037
Key Down;S;521292
Key Up;Q;521421
Key Down;D;521644
Key Up;S;521692
Key Down;Z;521884
Key Up;D;521901
Key Up;Z;522012
Key Down;E;531092
Key Up;E;531253
Key Down;Q;531436
Key Down;S;531860
Key Up;S;532573
Key Up;Q;533292
Key Down;A;533452
Key Up;A;533580
Key Down;Q;533893
Key Up;Q;534244
Key Down;Q;534476
Key Down;S;534484
Key Up;S;534580
Key Up;Q;535028
Key Down;Tab;535213
Key Up;Tab;538100
Key Down;Q;538453
Key Down;S;538693
Key Up;S;539629
Key Up;Q;539732
Key Down;Tab;540364
Key Up;Tab;540828
Key Down;Z;540885
Key Up;Z;541501
Key Down;Z;548556
Key Up;Z;548660
Key Down;S;551468
Key Down;Q;551844
Key Up;S;551925
Key Down;S;552541
Key Up;S;552660
Key Down;S;553796
Key Up;S;553884
Key Down;Z;554292
Key Up;Q;554300
Key Down;D;554332
Key Up;Z;554525
Key Up;D;554637
Key Down;D;555556
Key Down;Z;555692
Key Up;D;555900
Key Up;Z;556149
Key Down;S;556572
Key Down;Q;556916
Key Up;Q;557093
Key Up;S;557164
Key Down;A;557284
Key Up;A;557389
Key Down;Z;557580
Key Down;D;557628
Key Up;D;557916
Key Up;Z;558260
Key Down;S;558444
Key Down;Q;558620
Key Up;Q;558908
Key Down;A;559084
Key Up;S;559092
Key Up;A;559180
Key Down;Z;559884
Key Down;D;559956
Key Up;D;560325
Key Up;Z;560652
Key Down;S;561196
Key Up;S;561349
Key Down;Q;561532
Key Down;S;561564
Key Up;Q;561972
Key Down;A;562132
Key Up;S;562141
Key Up;A;562228
Key Down;D;562989
Key Down;Z;563012
Key Up;D;563196
Key Up;Z;563476
Key Down;S;563653
Key Up;S;563972
Key Down;Q;564237
Key Up;Q;564612
Key Down;D;564677
Key Down;Z;564837
Key Up;D;564964
Key Down;A;565020
Key Up;Z;565028
Key Up;A;565092
Key Down;S;565269
Key Down;D;565356
Key Up;S;565364
Key Down;S;565484
Key Up;D;565516
Key Down;Q;565828
Key Up;S;565884
Key Down;Z;566221
Key Up;Q;566468
Key Up;Z;566500
Key Down;A;566644
Key Up;A;566773
Key Down;D;566909
Key Up;D;567244
Key Down;S;567268
Key Up;S;567324
Key Down;Q;567348
Key Down;S;567581
Key Up;S;567652
Key Up;Q;567660
Key Down;S;567988
Key Up;S;568044
Key Down;A;568484
Key Up;A;568604
Key Down;D;568884
Key Down;S;569036
Key Up;D;569044
Key Up;S;569109
Key Down;Q;569388
Key Up;Q;569516
Key Down;Q;569941
Key Down;Z;570164
Key Up;Q;570293
Key Down;D;570420
Key Down;A;570445
Key Up;Z;570460
Key Up;D;570468
Key Up;A;570540
Key Down;D;571060
Key Down;S;571300
Key Up;D;571420
Key Down;Q;571436
Key Up;S;571485
Key Down;Z;571660
Key Up;Q;571740
Key Up;Z;571780
Key Down;D;571796
Key Down;S;572012
Key Up;D;572116
Key Down;Q;572172
Key Up;S;572220
Key Down;Z;572948
Key Up;Z;573228
Key Down;S;573436
Key Up;Q;573589
Key Down;D;573620
Key Up;S;573653
Key Up;D;573772
Key Down;E;573877
Key Up;E;573973
Key Down;A;574180
Key Up;A;574252
Key Down;Z;574756
Key Down;D;574812
Key Up;D;575044
Key Up;Z;575084
Key Down;A;576604
Key Up;A;576692
Key Down;S;577140
Key Up;S;577172
Key Down;Q;577452
Key Up;Q;577556
Key Down;Q;577748
Key Down;S;577852
Key Up;S;578020
Key Up;Q;578060
Key Down;A;578436
Key Up;A;578516
Key Down;D;578644
Key Down;Z;578700
Key Up;Z;578804
Key Up;D;578868
Key Down;Z;578972
Key Up;Z;579020
Key Down;Q;579332
Key Up;Q;579436
Key Down;S;579444
Key Down;Q;579453
Key Up;Q;579700
Key Up;S;579876
Key Down;A;580053
Key Up;A;580124
Key Down;Z;582884
Key Up;Z;583180
Key Down;D;583188
Key Up;D;583212
Key Down;Q;584364
Key Down;S;584548
Key Up;Q;584692
Key Up;S;584948
Key Down;D;585445
Key Down;S;585460
Key Up;S;585684
Key Up;D;585780
Key Down;E;585884
Key Up;E;585972
Key Down;A;586516
Key Up;A;586580
Key Down;Z;587364
Key Up;Z;587660
Key Down;A;589236
Key Up;A;589324
Key Down;Q;590164
Key Up;Q;590900
Key Down;A;591140
Key Up;A;591228
Key Down;S;591428
Key Down;D;591548
Key Up;D;591612
Key Up;S;591676
Key Down;Z;592020
Key Down;Q;592148
Key Up;Z;592308
Key Down;Z;592556
Key Up;Q;593476
Key Down;D;593652
Key Up;D;593812
Key Down;D;594556
Key Up;D;594764
Key Up;Z;595252
Key Down;Z;595652
Key Down;D;595660
Key Up;Z;595996
Key Up;D;596292
Key Down;Z;596604
Key Down;D;596868
Key Up;Z;597028
Key Down;A;597468
Key Up;A;597556
Key Down;S;597828
Key Up;D;597940
Key Down;Q;598100
Key Up;S;598356
Key Down;Z;598620
Key Up;Z;598980
Key Up;Q;599516
Key Down;A;599716
Key Up;A;599804
Key Down;D;600132
Key Down;S;600228
Key Up;D;600756
Key Down;Q;600764
Key Up;S;600788
Key Down;Z;600988
Key Up;Q;601083
Key Down;D;601308
Key Up;D;601604
Key Down;Q;602508
Key Up;Z;602604
Key Down;Z;603876
Key Up;Q;604076
Key Down;D;604092
Key Up;D;604412
Key Down;Q;605148
Key Up;Q;605340
Key Down;Q;605588
Key Up;Z;605764
Key Down;Z;605931
Key Up;Z;606300
Key Up;Q;608044
Key Down;D;608052
Key Up;D;608524
Key Down;Q;609180
Key Down;Z;609508
Key Up;Z;609628
Key Up;Q;609820
Key Down;Q;609996
Key Down;S;610100
Key Up;Q;610275
Key Down;Q;610452
Key Up;S;610484
Key Up;Q;610612
Key Down;Q;610956
Key Up;Q;610996
Key Down;S;611900
Key Down;Q;611924
Key Up;Q;611988
Key Down;D;612580
Key Up;D;612732
Key Up;S;612764
Key Down;S;613860
Key Up;S;614084
Key Down;A;614212
Key Up;A;614308
Key Down;Z;614868
Key Up;Z;615195
Key Down;S;615676
Key Down;D;615972
Key Up;S;616300
Key Down;A;616507
Key Up;D;616580
Key Up;A;616588
Key Down;S;616812
Key Up;S;617115
Key Down;Q;617140
Key Up;Q;617324
Key Down;Q;618836
Key Down;Z;618948
Key Up;Q;619020
Key Up;Z;619044
Key Down;Q;620124
Key Down;Z;620164
Key Up;Q;620331
Key Down;Q;620596
Key Up;Z;620732
Key Up;Q;620764
Key Down;Z;621155
Key Up;Z;621267
Key Down;Z;621612
Key Up;Z;621924
Key Down;Z;622316
Key Up;Z;622684
Key Down;Z;622892
Key Up;Z;623388
Key Down;Z;623867
Key Up;Z;624115
Key Down;A;628036
Key Up;A;628148
Key Down;D;628372
Key Up;D;628436
Key Down;S;628803
Key Up;S;628860
Key Down;E;633380
Key Up;E;633507
Key Down;S;633883
Key Up;S;634620
Key Down;Z;634948
Key Down;Q;635028
Key Up;Z;635131
Key Down;S;635460
Key Up;S;635692
Key Up;Q;636643
Key Down;Q;637404
Key Down;Z;637588
Key Up;Q;637700
Key Up;Z;637732
Key Down;S;638004
Key Down;Q;638348
Key Up;S;639244
Key Down;Z;640636
Key Up;Z;640988
Key Up;Q;641340
Key Down;Q;641379
Key Up;Q;641428
Key Down;S;641652
Key Down;D;641684
Key Up;S;641996
Key Down;A;642052
Key Up;A;642148
Key Down;S;642299
Key Up;S;642444
Key Down;Z;644091
Key Up;D;644980
Key Up;Z;645596
Key Down;A;645820
Key Up;A;645924
Key Down;S;646100
Key Up;S;646308
Key Down;Q;646460
Key Down;Z;646611
Key Up;Q;646740
Key Down;D;646884
Key Up;D;647180
Key Down;D;647588
Key Up;D;647732
Key Down;A;648756
Key Up;A;648867
Key Up;Z;648884
Key Down;S;649195
Key Down;Q;649611
Key Up;S;650572
Key Down;D;650724
Key Up;Q;650788
Key Down;Z;651124
Key Up;D;651332
Key Down;A;651724
Key Up;Z;651772
Key Up;A;651812
Key Down;S;652420
Key Down;Q;652468
Key Up;Q;653131
Key Up;S;653212
Key Down;D;653332
Key Up;D;653412
Key Down;Z;653708
Key Down;D;653779
Key Up;Z;654083
Key Down;Z;654228
Key Up;D;654412
Key Up;Z;654715
Key Down;D;654724
Key Up;D;654843
Key Down;S;654884
Key Up;S;655268
Key Down;A;655371
Key Up;A;655484
Key Down;Z;655724
Key Down;Q;655995
Key Up;Z;656019
Key Up;Q;656324
Key Down;S;656460
Key Down;Q;656684
Key Up;S;656844
Key Up;Q;657307
Key Down;S;657348
Key Down;D;657356
Key Up;S;657468
Key Down;S;657899
Key Up;D;657924
Key Down;Q;658012
Key Up;S;658052
Key Up;Q;658251
Key Down;D;658260
Key Down;Z;658339
Key Up;Z;658380
Key Down;Z;658539
Key Up;D;658835
Key Down;A;658884
Key Up;A;659012
Key Down;Q;659204
Key Up;Z;659220
Key Up;Q;659435
Key Down;S;659612
Key Down;Q;659788
Key Up;S;660220
Key Down;S;660732
Key Up;Q;660756
Key Down;D;660812
Key Up;S;661148
Key Up;D;661364
Key Down;A;661372
Key Up;A;661508
Key Down;S;663724
Key Up;S;664156
Key Down;Z;664404
Key Down;D;665100
Key Up;D;665348
Key Down;D;666044
Key Up;D;666228
Key Up;Z;669796
Key Down;Z;669867
Key Up;Z;670044
Key Down;Q;670068
Key Up;Q;670083
Key Down;D;670132
Key Down;S;670252
Key Up;S;670564
Key Down;Z;670684
Key Up;D;670852
Key Down;A;671227
Key Up;A;671356
Key Down;Q;671580
Key Up;Z;671724
Key Down;S;671995
Key Up;S;672315
Key Down;S;672627
Key Up;Q;672947
Key Down;A;673404
Key Up;A;673524
Key Up;S;673827
Key Down;Q;673852
Key Down;Z;673948
Key Up;Q;673988
Key Down;Q;674044
Key Up;Z;674132
Key Up;Q;674292
Key Down;Z;675100
Key Down;Q;675204
Key Up;Z;676707
Key Down;S;677588
Key Up;Q;677604
Key Down;D;677916
Key Down;A;678292
Key Up;A;678412
Key Up;S;678500
Key Down;Z;678700
Key Up;D;678779
Key Up;Z;678956
Key Down;D;679540
Key Down;S;679643
Key Up;S;679764
Key Down;S;679956
Key Up;S;680052
Key Up;D;680140
Key Down;D;680316
Key Down;S;680396
Key Up;S;680668
Key Up;D;681059
Key Down;Q;681075
Key Down;Z;681108
Key Up;Q;681212
Key Up;Z;681300
Key Down;Q;681451
Key Down;Z;681499
Key Up;Z;682059
Key Up;Q;682260
Key Down;S;682972
Key Down;D;683132
Key Up;S;683140
Key Down;A;683203
Key Up;D;683211
Key Up;A;683308
Key Down;Z;683668
Key Up;Z;683836
Key Down;S;684092
Key Down;D;684180
Key Up;D;684204
Key Down;Q;684564
Key Up;Q;684756
Key Up;S;684924
Key Down;A;684931
Key Up;A;685059
Key Down;Z;685364
Key Up;Z;686308
Key Down;A;687324
Key Up;A;687444
Key Down;A;690076
Key Up;A;690204
Key Down;Z;690964
Key Up;Z;691244
Key Down;Q;694996
Key Down;S;695260
Key Up;S;695435
Key Down;Z;695676
Key Up;Q;695948
Key Down;A;696412
Key Up;A;696548
Key Down;Q;696724
Key Up;Q;696947
Key Up;Z;698572
Key Down;Z;700580
Key Down;Q;700835
Key Up;Q;700940
Key Up;Z;701347
Key Down;D;701556
Key Up;D;701652
Key Down;S;701836
Key Down;A;702611
Key Up;A;702724
Key Up;S;703012
Key Down;Z;703764
Key Up;Z;704660
Key Down;D;705459
Key Up;D;705540
Key Down;S;707067
Key Up;S;707331
Key Down;Z;707860
Key Down;Q;707876
Key Up;Q;708123
Key Up;Z;708220
Key Down;Z;708340
Key Up;Z;708579
Key Down;A;708932
Key Up;A;709011
Key Down;S;709516
Key Down;D;709596
Key Up;D;709716
Key Up;S;709884
Key Down;Z;711348
Key Down;A;711756
Key Up;A;711892
Key Down;Q;713507
Key Up;Q;713924
Key Up;Z;714043
Key Down;S;715484
Key Up;S;715700
Key Down;A;715804
Key Up;A;715923
Key Down;Z;716180
Key Up;Z;716628
Key Down;S;717940
Key Down;Q;718260
Key Up;Q;718364
Key Up;S;718580
Key Down;S;718683
Key Down;D;718772
Key Up;S;718844
Key Up;D;718979
Key Down;Z;719075
Key Up;Z;719364
Key Down;D;719627
Key Down;Z;719860
Key Up;D;720148
Key Down;Q;720196
Key Up;Z;720652
Key Up;Q;720924
Key Down;Espace;736564
Key Up;Espace;736660
Key Down;D;754892
Key Down;S;755027
Key Up;D;755531
Key Down;A;755748
Key Up;A;755883
Key Down;Q;757107
Key Up;Q;757324
Key Up;S;757348
Key Down;S;757508
Key Down;Q;757547
Key Up;S;757555
Key Down;S;757987
Key Up;Q;758260
Key Down;D;758732
Key Up;D;758931
Key Down;D;759051
Key Up;S;759148
Key Down;S;760891
Key Up;S;761195
Key Down;Z;761571
Key Up;D;762140
Key Down;D;762212
Key Up;D;762467
Key Down;Q;762892
Key Up;Z;763204
Key Down;S;763596
Key Up;Q;763795
Key Down;D;763828
Key Up;S;763923
Key Down;A;764036
Key Up;A;764147
Key Down;S;764339
Key Up;S;764779
Key Down;Z;766003
Key Up;D;766451
Key Up;Z;767300
Key Down;S;767451
Key Down;D;767644
Key Up;S;768284
Key Down;S;768892
Key Up;S;769091
Key Down;S;769252
Key Up;S;769507
Key Down;Z;770259
Key Up;D;770308
Key Up;Z;770379
Key Down;D;770508
Key Down;S;770763
Key Up;S;770836
Key Up;D;771004
Key Down;Z;771236
Key Down;Q;771315
Key Up;Z;771436
Key Down;S;771636
Key Up;S;772251
Key Up;Q;773419
Key Down;D;773531
Key Down;S;773852
Key Up;S;774060
Key Down;Z;775379
Key Up;D;775652
Key Up;Z;775852
Key Down;Z;776380
Key Up;Z;776467
Key Down;A;777475
Key Up;A;777587
Key Down;D;778563
Key Down;Z;778604
Key Up;D;779100
Key Down;D;779404
Key Up;Z;779771
Key Down;Z;781587
Key Up;D;781643
Key Up;Z;782771
Key Down;Q;783899
Key Down;Z;783908
Key Up;Q;784364
Key Down;A;784579
Key Up;A;784699
Key Up;Z;785419
Key Down;D;785851
Key Up;D;786163
Key Down;S;787987
Key Down;D;788011
Key Up;D;788516
Key Down;D;789860
Key Up;D;790075
Key Down;Q;790339
Key Up;S;790379
Key Down;Z;790963
Key Up;Q;790995
Key Up;Z;791268
Key Down;Apostrophe;791364
Key Up;Apostrophe;791475
Key Down;Echap;791835
Key Up;Echap;791955
Key Down;D;801315
Key Down;S;801443
Key Up;S;803235
Key Down;Z;803555
Key Up;D;803699
Key Down;D;803956
Key Up;D;804267
Key Down;A;804539
Key Up;A;804643
Key Down;D;804723
Key Up;Z;804835
Key Up;D;804843
Key Down;Q;805324
Key Up;Q;805444
Key Down;S;805587
Key Up;S;805675
Key Down;E;806251
Key Up;E;806323
Key Down;Z;813899
Key Up;Z;814019
Key Down;D;814356
Key Down;Z;814563
Key Up;D;814595
Key Up;Z;814747
Key Down;D;815036
Key Up;D;815315
Key Down;Z;816860
Key Up;Z;816947
Key Down;D;817595
Key Up;D;818307
Key Down;Z;818443
Key Up;Z;819971
Key Down;Z;820379
Key Up;Z;820988
Key Down;S;821324
Key Down;Q;821563
Key Up;S;822019
Key Up;Q;822083
Key Down;E;822403
Key Up;E;822483
Key Down;Z;830187
Key Down;D;830243
Key Up;Z;830811
Key Up;D;831060
Key Down;Q;832395
Key Up;Q;832515
Key Down;S;835771
Key Up;S;835844
Key Down;D;835883
Key Up;D;836075
Key Down;Q;836579
Key Up;Q;836819
Key Down;S;839603
Key Down;Q;839828
Key Up;S;840123
Key Up;Q;840315
Key Down;E;840860
Key Up;E;840939
Key Down;D;841555
Key Down;Z;841723
Key Up;D;841771
Key Down;D;842115
Key Up;D;842243
Key Up;Z;842699
Key Down;S;851956
Key Down;Q;852291
Key Up;S;852547
Key Up;Q;852627
Key Down;Q;853379
Key Up;Q;853531
Key Down;Z;853931
Key Up;Z;853995
Key Down;Z;854459
Key Down;Q;854475
Key Up;Z;854507
Key Up;Q;854651
Key Down;E;855179
Key Up;E;855275
Key Down;D;877219
Key Up;D;877475
Key Down;S;878451
Key Down;Q;878682
Key Up;S;878715
Key Up;Q;878827
Key Down;Q;879915
Key Down;S;880035
Key Up;Q;880051
Key Up;S;880083
Key Down;Q;881330
Key Down;Z;881459
Key Up;Z;881555
Key Up;Q;881611
Key Down;S;882883
Key Down;D;882923
Key Up;S;883002
Key Up;D;883010
Key Down;Z;884355
Key Down;D;884411
Key Up;Z;884483
Key Up;D;884523
Key Down;Z;885131
Key Up;Z;885203
Key Down;D;885227
Key Up;D;885283
Key Down;Q;885914
Key Up;Q;885955
Key Down;D;886515
Key Up;D;886571
Key Down;Q;897834
Key Down;S;897842
Key Up;Q;897922
Key Up;S;897930
Key Down;Q;901178
Key Up;Q;901347
Key Down;D;907011
Key Up;D;907115
Key Down;D;907627
Key Up;D;907707
Key Down;Q;908483
Key Down;Z;908611
Key Up;Q;908627
Key Up;Z;908667
Key Down;D;917499
Key Up;D;917586
Key Down;S;918226
Key Up;S;918283
Key Down;D;918587
Key Up;D;918651
Key Down;E;920250
Key Up;E;920347
Key Down;D;925218
Key Down;Z;925707
Key Up;Z;925914
Key Up;D;925970
Key Down;D;926458
Key Down;Z;926754
Key Up;D;927195
Key Up;Z;927283
Key Down;Q;927602
Key Up;Q;927722
Key Down;S;929130
Key Down;Q;929331
Key Up;S;929491
Key Up;Q;930034
Key Down;D;933155
Key Up;D;933699
Key Down;A;933715
Key Up;A;933874
Key Down;Z;933890
Key Down;D;934203
Key Up;D;934427
Key Down;Q;935154
Key Up;Z;935259
Key Down;Z;936290
Key Up;Q;936371
Key Down;D;936707
Key Up;D;936794
Key Up;Z;937986
Key Down;S;938227
Key Down;Q;938547
Key Up;S;938699
Key Up;Q;938843
Key Down;A;939050
Key Up;A;939123
Key Down;D;939275
Key Down;Z;939571
Key Up;D;939651
Key Up;Z;939739
Key Down;D;939843
Key Down;S;939874
Key Up;S;940139
Key Up;D;940203
Key Down;Z;940826
Key Down;D;941418
Key Up;D;941826
Key Up;Z;942107
Key Down;A;942162
Key Up;A;942274
Key Down;Z;942539
Key Up;Z;942650
Key Down;Q;942843
Key Down;S;942995
Key Up;S;943243
Key Up;Q;943291
Key Down;D;943755
Key Down;Z;943891
Key Up;D;943914
Key Up;Z;944002
Key Down;Z;945194
Key Down;Q;946315
Key Up;Q;946730
Key Down;Q;948155
Key Up;Q;948370
Key Down;Q;948834
Key Up;Q;949146
Key Up;Z;949523
Key Down;D;949707
Key Up;D;949891
Key Down;S;950162
Key Up;S;951474
Key Down;D;951994
Key Up;D;952082
Key Down;Z;952259
Key Down;Q;952490
Key Up;Q;953059
Key Up;Z;953563
Key Down;D;953778
Key Up;D;953874
Key Down;S;954043
Key Down;D;954978
Key Up;D;955075
Key Up;S;955410
Key Down;A;955715
Key Up;A;955827
Key Down;Z;955898
Key Down;D;956194
Key Up;Z;956443
Key Down;Z;956978
Key Up;D;957170
Key Up;Z;957330
Key Down;D;957371
Key Down;S;958147
Key Up;S;958827
Key Down;S;959227
Key Up;S;959419
Key Down;Z;960835
Key Up;D;960875
Key Up;Z;961035
Key Down;D;961091
Key Down;S;961283
Key Up;S;961682
Key Down;S;961986
Key Up;S;962419
Key Down;Q;962578
Key Up;D;962626
Key Down;Z;962722
Key Up;Z;962787
Key Down;Z;963059
Key Up;Q;963363
Key Down;Q;963451
Key Up;Q;963571
Key Down;A;963755
Key Up;A;963867
Key Down;D;963986
Key Up;Z;964043
Key Up;D;964259
Key Down;Z;965219
Key Down;Q;965235
Key Up;Q;965403
Key Up;Z;966563
Key Down;Z;966755
Key Up;Z;967331
Key Down;Z;967474
Key Down;D;967618
Key Down;A;967955
Key Up;D;967987
Key Up;A;968042
Key Up;Z;968083
Key Down;D;968306
Key Up;D;968395
Key Down;S;969275
Key Down;Q;969970
Key Up;S;970226
Key Up;Q;970339
Key Down;A;970666
Key Up;A;970770
Key Down;D;971162
Key Down;S;971178
Key Up;D;971451
Key Up;S;972626
Key Down;Z;974194
Key Up;Z;974507
Key Down;Z;974979
Key Up;Z;975578
Key Down;A;975923
Key Up;A;976026
Key Down;S;976259
Key Up;S;976291
Key Down;Q;978571
Key Up;Q;978899
Key Down;Q;979170
Key Down;S;979578
Key Up;Q;979707
Key Down;D;980059
Key Up;D;980162
Key Up;S;980306
Key Down;Q;980362
Key Down;Z;980459
Key Up;Q;980539
Key Up;Z;980907
Key Down;D;980947
Key Down;Z;981130
Key Up;Z;981602
Key Down;Z;981795
Key Up;D;982747
Key Down;D;983154
Key Down;A;983314
Key Up;A;983411
Key Up;Z;983579
Key Down;S;984443
Key Up;S;984651
Key Down;S;985490
Key Up;D;985874
Key Down;D;986075
Key Up;D;986347
Key Down;D;986594
Key Up;D;986667
Key Up;S;988186
Key Down;A;988274
Key Up;A;988378
Key Down;S;988787
Key Up;S;988923
Key Down;Z;989474
Key Down;D;989579
Key Up;D;989819
Key Up;Z;989906
Key Down;S;990995
Key Down;D;991043
Key Up;S;991570
Key Down;Z;992891
Key Up;D;993195
Key Down;Q;993403
Key Up;Q;993682
Key Down;D;994243
Key Up;Z;994827
Key Down;S;996066
Key Up;D;996514
Key Down;D;996682
Key Up;D;996875
Key Down;Q;997426
Key Down;D;997755
Key Up;Q;997771
Key Up;S;997787
Key Down;Z;997995
Key Up;D;998410
Key Down;Q;999171
Key Up;Z;1000211
Key Down;Z;1001298
Key Up;Q;1001330
Key Down;D;1001419
Key Up;Z;1001650
Key Up;D;1001691
Key Down;S;1001803
Key Down;Q;1001994
Key Up;Q;1002730
Key Up;S;1003635
Key Down;D;1003691
Key Up;D;1003842
Key Down;Z;1003987
Key Up;Z;1004026
Key Down;A;1004210
Key Up;A;1004306
Key Down;Z;1005098
Key Down;Q;1005122
Key Up;Q;1006418
Key Up;Z;1008458
Key Down;Z;1009098
Key Up;Z;1009538
Key Down;Q;1010067
Key Down;Z;1010203
Key Up;Z;1010450
Key Up;Q;1010458
Key Down;Q;1019146
Key Down;Z;1019307
Key Up;Z;1019611
Key Up;Q;1019659
Key Down;D;1021643
Key Down;A;1022282
Key Up;A;1022442
Key Down;S;1022754
Key Up;S;1024091
Key Up;D;1025170
Key Down;D;1025530
Key Up;D;1025762
Key Down;D;1025946
Key Down;S;1026130
Key Up;S;1026314
Key Up;D;1026466
Key Down;Q;1026810
Key Up;Q;1026866
Key Down;Z;1027218
Key Up;Z;1027275
Key Down;E;1027442
Key Up;E;1027530
Key Down;Q;1031931
Key Down;Z;1032035
Key Up;Q;1032210
Key Down;D;1032523
Key Up;D;1032650
Key Down;D;1032930
Key Up;D;1033042
Key Down;D;1033939
Key Up;Z;1034003
Key Down;Z;1034155
Key Up;D;1034266
Key Down;Q;1035714
Key Up;Z;1035898
Key Up;Q;1036467
Key Down;D;1036578
Key Down;Z;1037042
Key Up;D;1037106
Key Down;A;1037346
Key Up;A;1037443
Key Up;Z;1037538
Key Down;S;1037730
Key Down;Q;1037810
Key Up;Q;1037986
Key Down;Q;1038267
Key Up;S;1038610
Key Up;Q;1038682
Key Down;D;1039378
Key Down;A;1039578
Key Up;D;1039659
Key Up;A;1039739
Key Down;Z;1039786
Key Up;Z;1040050
Key Down;Q;1040131
Key Up;Q;1040394
Key Down;D;1040570
Key Down;S;1040803
Key Up;D;1040891
Key Up;S;1040939
Key Down;Q;1041443
Key Up;Q;1041571
Key Down;Q;1041730
Key Down;Z;1043010
Key Up;Z;1043323
Key Down;S;1043563
Key Up;S;1044114
Key Up;Q;1045531
Key Down;Z;1046098
Key Up;Z;1046258
Key Down;E;1046274
Key Up;E;1046378
Key Down;S;1047723
Key Up;S;1047779
Key Down;E;1057050
Key Up;E;1057163
Key Down;Q;1057539
Key Down;S;1057946
Key Up;S;1058083
Key Up;Q;1058650
Key Down;A;1060154
Key Up;A;1060266
Key Down;D;1060386
Key Down;Z;1060715
Key Up;Z;1061075
Key Down;Z;1061314
Key Up;D;1061626
Key Up;Z;1062754
Key Down;Z;1063098
Key Up;Z;1063466
Key Down;S;1064930
Key Down;Q;1065202
Key Up;S;1065370
Key Down;Z;1065707
Key Up;Z;1065898
Key Down;S;1066794
Key Up;S;1066882
Key Down;Z;1068403
Key Up;Q;1068523
Key Up;Z;1069266
Key Down;S;1069482
Key Down;D;1069930
Key Up;S;1070546
Key Down;S;1072666
Key Up;D;1072874
Key Down;Q;1073250
Key Up;Q;1073347
Key Down;D;1073586
Key Up;D;1073594
Key Down;Q;1074186
Key Up;S;1074698
Key Up;Q;1074706
Key Down;Q;1075218
Key Down;S;1075642
Key Up;S;1075722
Key Up;Q;1078618
Key Down;Espace;1079138
Key Up;Espace;1079322
Key Down;Q;1079578
Key Up;Q;1079675
Key Down;A;1080410
Key Up;A;1080506
Key Down;D;1081234
Key Down;S;1081690
Key Up;D;1082082
Key Up;S;1082218
Key Down;Z;1082330
Key Down;D;1082562
Key Up;Z;1082794
Key Down;S;1083026
Key Up;S;1083282
Key Up;D;1083386
Key Down;D;1084099
Key Down;Z;1084194
Key Up;D;1084307
Key Down;Q;1084443
Key Up;Z;1084946
Key Down;S;1085474
Key Up;Q;1085538
Key Up;S;1085634
Key Down;Q;1085770
Key Down;S;1086138
Key Up;Q;1086659
Key Up;S;1086755
Key Down;D;1087634
Key Down;S;1088250
Key Up;D;1088563
Key Up;S;1088634
Key Down;D;1088747
Key Down;Z;1088818
Key Up;Z;1089243
Key Up;D;1089754
Key Down;S;1090210
Key Up;S;1090410
Key Down;A;1090530
Key Up;A;1090626
Key Down;Q;1091410
Key Down;Z;1091498
Key Up;Z;1091714
Key Down;Z;1092058
Key Up;Q;1092506
Key Up;Z;1092546
Key Down;A;1092666
Key Up;A;1092755
Key Down;S;1093114
Key Up;S;1093490
Key Down;Q;1095579
Key Up;Q;1095722
Key Down;S;1095890
Key Down;Q;1096107
Key Up;S;1096202
Key Up;Q;1096282
Key Down;D;1096330
Key Down;Z;1096354
Key Up;D;1096402
Key Up;Z;1096674
Key Down;Q;1096826
Key Down;Z;1096922
Key Up;Z;1097706
Key Up;Q;1097858
Key Down;A;1097986
Key Up;A;1098098
Key Down;S;1098859
Key Up;S;1099362
Key Down;S;1099658
Key Up;S;1099850
Key Down;Z;1100074
Key Up;Z;1100362
Key Down;S;1100482
Key Up;S;1100618
Key Down;Q;1100698
Key Down;Z;1100906
Key Up;Z;1101178
Key Down;S;1101362
Key Up;Q;1101602
Key Up;S;1101794
Key Down;Q;1102210
Key Down;S;1102234
Key Up;Q;1102498
Key Down;Q;1102530
Key Up;Q;1102818
Key Up;S;1103218
Key Down;D;1103450
Key Down;Z;1103466
Key Up;D;1103690
Key Up;Z;1103874
Key Down;A;1104850
Key Up;A;1104938
Key Down;D;1105218
Key Down;S;1105306
Key Up;S;1105658
Key Up;D;1105706
Key Down;D;1106419
Key Down;S;1106578
Key Up;D;1106682
Key Down;D;1107202
Key Up;D;1107834
Key Up;S;1109162
Key Down;A;1109186
Key Up;A;1109338
Key Down;A;1110002
Key Up;A;1110138
Key Down;Tab;1110394
Key Up;Tab;1110562
Key Down;Tab;1110930
Key Up;Tab;1111450
Key Down;Q;1111698
Key Down;S;1111939
Key Up;Q;1112122
Key Down;Q;1112938
Key Up;Q;1113210
Key Down;D;1113618
Key Up;D;1113826
Key Down;Q;1114362
Key Up;Q;1114674
Key Down;A;1114938
Key Up;A;1115058
Key Down;D;1115130
Key Up;D;1115506
Key Down;Q;1115730
Key Up;Q;1115794
Key Down;D;1116450
Key Up;S;1116554
Key Down;S;1117362
Key Up;D;1117386
Key Down;Q;1117474
Key Up;Q;1117666
Key Up;S;1117697
Key Down;D;1117729
Key Up;D;1117849
Key Down;Q;1118289
Key Up;Q;1118746
Key Down;A;1118970
Key Up;A;1119074
Key Down;D;1119506
Key Up;D;1119714
Key Down;D;1119970
Key Down;Z;1119986
Key Up;D;1120146
Key Up;Z;1120226
Key Down;Q;1120674
Key Down;S;1120850
Key Up;Q;1121050
Key Up;S;1121178
Key Down;A;1121258
Key Up;A;1121338
Key Down;D;1122146
Key Up;D;1122362
Key Down;D;1122650
Key Down;Z;1122721
Key Up;D;1122794
Key Up;Z;1122842
Key Down;Q;1123634
Key Down;Z;1123874
Key Up;Q;1124249
Key Down;A;1124394
Key Up;A;1124538
Key Down;Q;1124690
Key Up;Q;1124962
Key Down;D;1125034
Key Up;Z;1125210
Key Up;D;1125226
Key Down;S;1126338
Key Down;D;1126426
Key Up;D;1126498
Key Down;Q;1126610
Key Up;Q;1126746
Key Down;D;1126770
Key Up;S;1126890
Key Up;D;1127497
Key Down;S;1127586
Key Up;S;1127626
Key Down;D;1127890
Key Down;S;1128122
Key Up;D;1128346
Key Down;D;1128522
Key Up;S;1128746
Key Down;S;1129154
Key Up;D;1129546
Key Down;Q;1129810
Key Up;Q;1130074
Key Up;S;1130209
Key Down;Q;1131033
Key Down;Z;1131114
Key Up;Z;1131826
Key Up;Q;1131882
Key Down;S;1132802
Key Down;D;1133065
Key Up;D;1133234
Key Up;S;1133538
Key Down;A;1133834
Key Up;A;1133954
Key Down;Q;1135802
Key Up;Q;1136313
Key Down;D;1136914
Key Down;A;1137338
Key Up;D;1137362
Key Down;Z;1137522
Key Up;A;1137554
Key Up;Z;1137970
Key Down;S;1139330
Key Down;Q;1139410
Key Up;S;1139634
Key Up;Q;1139954
Key Down;D;1140098
Key Down;A;1140618
Key Up;D;1140714
Key Down;Z;1140778
Key Up;A;1140834
Key Down;Q;1141298
Key Up;Z;1141482
Key Up;Q;1141490
Key Down;S;1142666
Key Up;S;1142882
Key Down;Z;1143594
Key Up;Z;1143905
Key Down;E;1143913
Key Up;E;1144018
Key Down;D;1145002
Key Down;S;1145250
Key Down;Q;1145266
Key Up;D;1145274
Key Up;S;1145306
Key Up;Q;1145570
Key Down;S;1153313
Key Down;A;1154226
Key Up;A;1154378
Key Down;Q;1155354
Key Up;Q;1156033
Key Down;D;1157634
Key Up;D;1157841
Key Down;Q;1158010
Key Up;S;1158050
Key Down;S;1158274
Key Up;Q;1158394
Key Down;Q;1158490
Key Up;Q;1158882
Key Down;A;1159290
Key Up;A;1159393
Key Down;D;1159545
Key Up;D;1159626
Key Up;S;1159746
Key Down;Z;1159874
Key Down;D;1159994
Key Up;D;1160121
Key Down;D;1160402
Key Up;D;1160530
Key Up;Z;1160929
Key Down;Z;1161074
Key Up;Z;1161346
Key Down;A;1161418
Key Up;A;1161522
Key Down;Z;1162274
Key Down;D;1162586
Key Up;D;1162682
Key Down;D;1162906
Key Down;A;1163282
Key Up;A;1163378
Key Up;Z;1163449
Key Down;S;1163762
Key Up;S;1164026
Key Down;A;1164954
Key Up;A;1165058
Key Down;S;1165297
Key Up;D;1165602
Key Up;S;1165666
Key Down;S;1166473
Key Down;D;1166745
Key Up;S;1166993
Key Down;A;1167026
Key Up;A;1167122
Key Up;D;1167210
Key Down;Q;1167394
Key Down;S;1167506
Key Up;Q;1167721
Key Up;S;1168626
Key Down;S;1168994
Key Up;S;1169386
Key Down;A;1169425
Key Up;A;1169538
Key Down;Z;1169674
Key Up;Z;1169770
Key Down;D;1171466
Key Down;S;1172026
Key Up;D;1172082
Key Down;D;1173097
Key Up;D;1173209
Key Down;D;1173938
Key Up;S;1174042
Key Down;S;1174282
Key Down;A;1174378
Key Up;D;1174410
Key Up;A;1174546
Key Up;S;1174850
Key Down;Z;1175497
Key Up;Z;1175730
Key Down;S;1175858
Key Up;S;1175986
Key Down;D;1176154
Key Down;Z;1176170
Key Up;D;1176217
Key Down;D;1176274
Key Up;D;1176321
Key Up;Z;1176457
Key Down;D;1176914
Key Down;S;1177138
Key Up;D;1177210
Key Up;S;1177282
Key Down;A;1177378
Key Up;A;1177458
Key Down;D;1177649
Key Down;S;1177666
Key Up;S;1178042
Key Up;D;1178498
Key Down;Left Shift;1179002
Key Up;Left Shift;1179098
Key Down;Z;1179482
Key Down;D;1179578
Key Up;Z;1179674
Key Down;NumPad 3;1179930
Key Up;NumPad 3;1180051
Key Down;S;1180329
Key Up;D;1180378
Key Down;Q;1180417
Key Up;S;1180482
Key Up;Q;1180585
Key Down;A;1180713
Key Up;A;1180802
Key Down;Q;1180978
Key Down;S;1181170
Key Up;Q;1181890
Key Down;A;1182506
Key Up;S;1182577
Key Up;A;1182625
Key Down;D;1183465
Key Down;S;1183506
Key Up;D;1183793
Key Down;D;1184050
Key Up;D;1184346
Key Down;Q;1184554
Key Up;S;1184753
Key Down;S;1184954
Key Up;S;1185161
Key Down;Z;1185874
Key Up;Q;1186545
Key Down;Q;1186633
Key Up;Z;1186673
Key Down;S;1187017
Key Up;Q;1187153
Key Up;S;1187282
Key Down;Z;1187426
Key Down;A;1187706
Key Up;A;1187793
Key Down;D;1187858
Key Up;Z;1187961
Key Down;Z;1188026
Key Up;Z;1188098
Key Down;Z;1188234
Key Up;D;1188330
Key Up;Z;1189058
Key Down;Z;1189858
Key Down;D;1190017
Key Up;D;1190138
Key Up;Z;1190250
Key Down;D;1190593
Key Up;D;1190626
Key Down;D;1190770
Key Down;Z;1190922
Key Up;D;1191049
Key Up;Z;1191122
Key Down;Z;1191529
Key Down;D;1191538
Key Up;Z;1192169
Key Down;S;1192922
Key Up;D;1192993
Key Down;A;1193417
Key Up;A;1193442
Key Down;Q;1193754
Key Up;S;1193809
Key Down;S;1194161
Key Up;Q;1194242
Key Down;A;1194633
Key Up;A;1194754
Key Up;S;1194905
Key Down;Tab;1195761
Key Up;Tab;1198801
Key Down;D;1199906
Key Down;Z;1200850
Key Up;D;1201090
Key Down;Q;1201265
Key Up;Q;1201322
Key Up;Z;1201330
Key Down;E;1201434
Key Up;E;1201545
Key Down;Z;1202722
Key Down;D;1202961
Key Up;D;1203049
Key Up;Z;1203282
Key Down;E;1203473
Key Up;E;1203554
Key Down;S;1207729
Key Up;S;1208090
Key Down;A;1208193
Key Up;A;1208322
Key Down;S;1208689
Key Up;S;1209394
Key Down;Tab;1209626
Key Up;Tab;1213081
Key Down;Z;1214162
Key Down;A;1215082
Key Up;A;1215242
Key Down;D;1216986
Key Up;Z;1217313
Key Down;Q;1217538
Key Up;D;1217562
Key Down;S;1217682
Key Up;Q;1217762
Key Down;Q;1217914
Key Up;S;1218042
Key Down;Z;1218338
Key Up;Q;1218570
Key Down;A;1218746
Key Up;A;1218874
Key Up;Z;1219049
Key Down;Q;1219346
Key Up;Q;1219465
Key Down;S;1219858
Key Down;D;1219897
Key Up;S;1220050
Key Up;D;1220106
Key Down;Z;1220242
Key Down;A;1220354
Key Up;Z;1220393
Key Up;A;1220474
Key Down;S;1220898
Key Up;S;1221394
Key Down;Q;1221673
Key Down;Z;1221713
Key Up;Q;1221833
Key Down;Q;1222290
Key Up;Z;1222874
Key Up;Q;1222930
Key Down;Z;1223250
Key Up;Z;1223514
Key Down;A;1223601
Key Up;A;1223713
Key Down;D;1223745
Key Up;D;1223761
Key Down;D;1223858
Key Up;D;1223954
Key Down;S;1224249
Key Down;D;1224338
Key Up;D;1224402
Key Down;Q;1224642
Key Up;Q;1224818
Key Down;D;1225106
Key Up;S;1225714
Key Down;A;1226026
Key Up;A;1226082
Key Up;D;1226242
Key Down;Q;1226322
Key Down;Z;1226746
Key Up;Z;1227010
Key Up;Q;1227114
Key Down;A;1227290
Key Up;A;1227393
Key Down;Z;1227569
Key Down;D;1227697
Key Up;D;1227898
Key Down;D;1228313
Key Up;D;1228442
Key Down;D;1228634
Key Up;Z;1228738
Key Up;D;1228802
Key Down;D;1229089
Key Down;Z;1229106
Key Up;Z;1229234
Key Down;A;1229577
Key Up;A;1229674
Key Down;S;1229698
Key Up;D;1229769
Key Down;Q;1229985
Key Up;S;1230042
Key Up;Q;1230129
Key Down;Z;1230658
Key Down;Q;1230913
Key Up;Z;1231042
Key Up;Q;1231106
Key Down;D;1231962
Key Up;D;1232066
Key Down;S;1233930
Key Down;Q;1234217
Key Up;S;1234265
Key Down;D;1234369
Key Up;Q;1234377
Key Down;S;1234577
Key Up;D;1234658
Key Down;Q;1234705
Key Up;Q;1234906
Key Up;S;1234930
Key Down;A;1235290
Key Up;A;1235402
Key Down;Z;1235561
Key Down;Q;1235674
Key Up;Q;1235826
Key Up;Z;1235882
Key Down;D;1239737
Key Down;S;1239858
Key Up;S;1240226
Key Down;Z;1241722
Key Up;D;1241786
Key Down;D;1242081
Key Down;A;1242770
Key Up;D;1242809
Key Up;A;1242865
Key Down;Q;1243113
Key Up;Z;1243146
Key Down;S;1243425
Key Up;S;1243561
Key Down;S;1243810
Key Up;Q;1244378
Key Down;A;1244698
Key Up;A;1244810
Key Down;D;1244890
Key Up;S;1244913
Key Down;Z;1245553
Key Up;D;1245650
Key Down;D;1245866
Key Up;Z;1245882
Key Up;D;1245890
Key Down;S;1247298
Key Down;Q;1247346
Key Up;Q;1247809
Key Up;S;1247921
Key Down;A;1248561
Key Up;A;1248658
Key Down;D;1249650
Key Down;Z;1250034
Key Up;D;1250058
Key Down;Q;1250153
Key Up;Z;1250226
Key Down;Z;1250402
Key Up;Q;1250530
Key Up;Z;1250617
Key Down;Espace;1263634
Key Up;Espace;1263738
Key Down;Echap;1268129
Key Up;Echap;1268273
Key Down;Echap;1271321
Key Up;Echap;1271482
Key Down;Z;1282922
Key Up;Z;1284290
Key Down;Q;1284609
Key Up;Q;1284825
Key Down;S;1285977
Key Down;D;1286017
Key Up;D;1286337
Key Up;S;1286970
Key Down;D;1287081
Key Down;Z;1287793
Key Up;D;1288161
Key Down;Q;1290177
Key Up;Z;1290354
Key Down;Z;1290418
Key Up;Z;1290458
Key Up;Q;1290785
Key Down;S;1291137
Key Up;S;1291201
Key Down;E;1291537
Key Up;E;1291617
Key Down;Z;1310609
Key Up;Z;1311721
Key Down;A;1312666
Key Up;A;1312794
Key Down;Z;1312841
Key Up;Z;1313673
Key Down;Q;1313922
Key Down;Z;1314105
Key Up;Q;1314305
Key Up;Z;1314906
Key Down;D;1315625
Key Down;Z;1315802
Key Up;D;1315897
Key Up;Z;1316009
Key Down;E;1318770
Key Up;E;1318913
Key Down;Q;1334073
Key Up;Q;1334290
Key Down;D;1334362
Key Up;D;1334618
Key Down;S;1334682
Key Down;A;1335009
Key Up;A;1335186
Key Down;Q;1335417
Key Up;S;1335449
Key Down;S;1335665
Key Up;Q;1335721
Key Down;D;1336465
Key Up;D;1336618
Key Down;D;1336865
Key Up;D;1337065
Key Down;D;1337721
Key Up;S;1338538
Key Down;Z;1339313
Key Up;D;1340073
Key Down;D;1340289
Key Up;D;1340409
Key Up;Z;1340874
Key Down;D;1340938
Key Down;Z;1341162
Key Up;D;1341194
Key Up;Z;1341257
Key Down;S;1341505
Key Down;A;1341969
Key Up;A;1342122
Key Down;Q;1342697
Key Up;S;1342793
Key Down;S;1342970
Key Up;Q;1343154
Key Up;S;1344954
Key Down;D;1344978
Key Down;Z;1345689
Key Up;D;1345705
Key Down;D;1345913
Key Up;Z;1346338
Key Up;D;1346617
Key Down;E;1346993
Key Up;E;1347081
Key Down;Z;1348257
Key Down;D;1348465
Key Up;Z;1348601
Key Up;D;1348633
Key Down;E;1348785
Key Up;E;1348881
Key Down;Espace;1351537
Key Up;Espace;1351665
Key Down;Q;1351889
Key Up;Q;1352025
Key Down;D;1352593
Key Up;D;1352730
Key Down;E;1352929
Key Up;E;1353017
Key Down;E;1353617
Key Up;E;1353729
Key Down;Q;1353937
Key Down;Z;1354545
Key Up;Q;1354681
Key Up;Z;1355489
Key Down;Z;1355721
Key Up;Z;1356049
Key Down;Q;1356409
Key Down;S;1356593
Key Up;Q;1356865
Key Down;D;1357097
Key Up;S;1357249
Key Down;Z;1357513
Key Up;D;1357561
Key Up;Z;1357817
Key Down;S;1363425
Key Up;S;1363721
Key Down;Q;1363913
Key Up;Q;1364249
Key Down;E;1364369
Key Up;E;1364433
Key Down;Q;1364881
Key Up;Q;1365065
Key Down;E;1365322
Key Up;E;1365393
Key Down;D;1374177
Key Up;D;1374593
Key Down;Z;1375976
Key Up;Z;1376473
Key Down;A;1376721
Key Up;A;1376873
Key Down;Z;1377521
Key Up;Z;1377937
Key Down;S;1387696
Key Up;S;1388153
Key Down;S;1391073
Key Up;S;1391537
Key Down;Z;1392345
Key Up;Z;1393416
Key Down;S;1396497
Key Down;Q;1396841
Key Up;S;1397401
Key Up;Q;1397409
Key Down;E;1398329
Key Up;E;1398417
Key Down;Espace;1400785
Key Up;Espace;1400969
Key Down;Z;1401953
Key Down;D;1401961
Key Up;Z;1402193
Key Up;D;1402472
Key Down;E;1403017
Key Up;E;1403089
Key Down;Tab;1403705
Key Up;Tab;1403864
Key Down;Tab;1404281
Key Up;Tab;1406905
Key Down;Echap;1407561
Key Up;Echap;1407705
Key Down;Echap;1408361
Key Up;Echap;1408433
Key Down;R;1409089
Key Up;R;1409216
Key Down;Espace;1429881
Key Up;Espace;1430025
Key Down;Z;1430537
Key Up;Z;1430745
Key Down;Echap;1431080
Key Up;Echap;1431169
Key Down;Echap;1431969
Key Up;Echap;1432089
Key Down;Q;1432568
Key Down;Left Shift;1432777
Key Up;Left Shift;1432953
Key Up;Q;1433377
Key Down;D;1433441
Key Down;Left Shift;1433648
Key Up;Left Shift;1433753
Key Up;D;1434057
Key Down;Q;1434457
Key Up;Q;1435553
Key Down;D;1435616
Key Up;D;1435848
Key Down;Z;1439065
Key Up;Z;1439153
Key Down;S;1439641
Key Up;S;1439696
Key Down;Q;1456153
Key Up;Q;1456280
Key Down;S;1456472
Key Up;S;1456544
Key Down;Q;1457689
Key Down;S;1457768
Key Up;Q;1458041
Key Up;S;1458121
Key Down;E;1458240
Key Up;E;1458344
Key Down;Z;1458609
Key Down;D;1458729
Key Up;Z;1458841
Key Down;Z;1459248
Key Up;D;1459641
Key Down;Q;1459904
Key Up;Q;1460072
Key Up;Z;1460169
Key Down;E;1460233
Key Up;E;1460369
Key Down;Q;1460952
Key Up;Q;1461273
Key Down;Q;1461553
Key Down;S;1461593
Key Up;S;1461937
Key Up;Q;1462049
Key Down;E;1462713
Key Up;E;1462817
Key Down;D;1464489
Key Up;D;1464968
Key Down;Q;1465344
Key Down;S;1465625
Key Up;Q;1465704
Key Up;S;1465921
Key Down;A;1466096
Key Up;A;1466185
Key Down;S;1466712
Key Up;S;1467089
Key Down;S;1467776
Key Down;D;1468345
Key Up;S;1468857
Key Down;S;1469080
Key Up;S;1469633
Key Up;D;1470001
Key Down;Q;1470193
Key Down;S;1470225
Key Up;Q;1470560
Key Up;S;1470585
Key Down;D;1470680
Key Down;Z;1470872
Key Up;D;1470985
Key Down;A;1471249
Key Up;A;1471345
Key Up;Z;1471353
Key Down;Q;1471753
Key Up;Q;1471793
Key Down;D;1471929
Key Down;Z;1471937
Key Up;D;1471969
Key Down;Q;1472208
Key Up;Z;1472416
Key Up;Q;1472825
Key Down;Q;1472944
Key Down;Z;1473104
Key Up;Z;1473368
Key Down;S;1473873
Key Up;Q;1473913
Key Down;Q;1474049
Key Up;Q;1474369
Key Down;Q;1474641
Key Up;Q;1474736
Key Up;S;1474849
Key Down;Q;1475929
Key Up;Q;1476080
Key Down;S;1476345
Key Up;S;1476537
Key Down;D;1477376
Key Down;Z;1477489
Key Up;Z;1477512
Key Down;S;1477913
Key Up;D;1478144
Key Down;Q;1478225
Key Up;Q;1478632
Key Down;A;1478857
Key Up;A;1478937
Key Down;D;1479057
Key Up;S;1479089
Key Up;D;1479249
Key Down;D;1480017
Key Down;Z;1480080
Key Up;D;1480520
Key Up;Z;1480865
Key Down;D;1480873
Key Down;A;1481016
Key Up;A;1481113
Key Down;S;1481392
Key Up;D;1481560
Key Up;S;1481768
Key Down;Z;1482136
Key Down;D;1482305
Key Up;D;1482568
Key Up;Z;1482585
Key Down;A;1483577
Key Up;A;1483664
Key Down;Q;1484089
Key Up;Q;1484337
Key Down;D;1484377
Key Up;D;1484489
Key Down;Q;1485096
Key Down;S;1485545
Key Up;Q;1485809
Key Down;A;1485961
Key Up;A;1486049
Key Up;S;1486273
Key Down;Q;1486280
Key Down;Z;1486473
Key Up;Q;1486480
Key Up;Z;1486736
Key Down;S;1487000
Key Down;A;1487409
Key Up;A;1487521
Key Up;S;1487633
Key Down;S;1491473
Key Down;D;1491768
Key Up;S;1492064
Key Down;Z;1492377
Key Up;Z;1492824
Key Down;S;1493416
Key Up;S;1493728
Key Up;D;1497264
Key Down;A;1497617
Key Down;D;1497696
Key Up;A;1497705
Key Down;S;1498224
Key Up;S;1498328
Key Down;Z;1498601
Key Up;Z;1499200
Key Down;S;1499849
Key Up;D;1500057
Key Up;S;1500305
Key Down;A;1500377
Key Up;A;1500472
Key Down;Q;1500672
Key Down;Z;1502081
Key Up;Z;1502313
Key Up;Q;1502681
Key Down;A;1502800
Key Up;A;1502889
Key Down;Q;1503024
Key Down;Left Shift;1503032
Key Up;Left Shift;1503065
Key Up;Q;1505033
Key Down;A;1505457
Key Up;A;1505569
Key Down;D;1506192
Key Up;D;1506752
Key Down;D;1507296
Key Down;A;1507848
Key Up;A;1507968
Key Down;S;1508208
Key Up;S;1508528
Key Down;S;1509609
Key Up;S;1509681
Key Up;D;1509913
Key Down;D;1510280
Key Down;Z;1510753
Key Up;D;1510968
Key Up;Z;1511025
Key Down;S;1511336
Key Down;D;1511448
Key Up;S;1511512
Key Up;D;1511889
Key Down;Q;1511945
Key Up;Q;1512025
Key Down;S;1512177
Key Down;Q;1512328
Key Up;S;1512352
Key Down;Z;1512616
Key Up;Z;1513280
Key Up;Q;1514977
Key Down;A;1515161
Key Up;A;1515233
Key Down;Q;1515625
Key Up;Q;1515745
Key Down;D;1515905
Key Down;Z;1517417
Key Up;Z;1517689
Key Up;D;1517713
Key Down;S;1519753
Key Down;D;1519881
Key Up;S;1520001
Key Down;Z;1520256
Key Up;Z;1520408
Key Down;Z;1521032
Key Up;Z;1521160
Key Down;A;1521593
Key Up;A;1521609
Key Down;S;1523112
Key Up;D;1523641
Key Up;S;1523792
Key Down;Z;1524000
Key Down;Q;1524216
Key Up;Z;1524392
Key Up;Q;1524793
Key Down;A;1524912
Key Up;A;1525016
Key Down;D;1525537
Key Down;Z;1525753
Key Up;Z;1525865
Key Up;D;1525905
Key Down;D;1526640
Key Down;Z;1526688
Key Up;Z;1526905
Key Up;D;1527152
Key Down;A;1527528
Key Up;A;1527576
Key Down;D;1527633
Key Down;S;1528080
Key Up;D;1528112
Key Up;S;1528216
Key Down;Q;1528224
Key Up;Q;1528473
Key Down;D;1529032
Key Up;D;1529552
Key Down;A;1529593
Key Up;A;1529713
Key Down;Z;1529992
Key Up;Z;1530128
Key Down;D;1531137
Key Down;Z;1531241
Key Up;D;1531600
Key Down;Q;1531616
Key Up;Z;1531648
Key Down;S;1533513
Key Up;S;1533856
Key Down;S;1534040
Key Up;S;1534208
Key Up;Q;1534360
Key Down;S;1534368
Key Down;D;1534721
Key Up;S;1534889
Key Up;D;1535185
Key Down;D;1535633
Key Up;D;1535704
Key Down;S;1536272
Key Up;S;1536473
Key Down;D;1537185
Key Up;D;1537441
Key Down;Z;1538017
Key Down;D;1538097
Key Up;Z;1538128
Key Up;D;1538641
Key Down;Q;1538873
Key Up;Q;1539008
Key Down;S;1539480
Key Down;Q;1539824
Key Up;S;1539856
Key Up;Q;1539928
Key Down;Q;1540665
Key Up;Q;1541217
Key Down;Q;1541889
Key Down;Z;1542032
Key Up;Q;1542041
Key Up;Z;1542121
Key Down;Z;1542472
Key Down;D;1542633
Key Up;Z;1542744
Key Down;A;1543216
Key Up;A;1543312
Key Down;S;1544681
Key Up;D;1544720
Key Down;Q;1544753
Key Up;Q;1545744
Key Down;Q;1546001
Key Up;Q;1546537
Key Up;S;1546929
Key Down;D;1547233
Key Down;A;1547480
Key Up;D;1547536
Key Up;A;1547576
Key Down;Q;1547840
Key Down;Z;1547928
Key Up;Z;1548048
Key Up;Q;1548104
Key Down;D;1548313
Key Down;S;1548729
Key Up;D;1548760
Key Down;A;1549096
Key Up;S;1549177
Key Up;A;1549248
Key Down;Q;1549768
Key Down;Z;1550153
Key Up;Q;1550185
Key Down;D;1550329
Key Up;Z;1550441
Key Down;Z;1550688
Key Up;Z;1550745
Key Up;D;1550825
Key Down;Q;1550889
Key Down;S;1550944
Key Up;Q;1550968
Key Down;Q;1551160
Key Up;S;1551225
Key Down;Z;1551344
Key Up;Q;1551384
Key Up;Z;1551577
Key Down;S;1552473
Key Up;S;1552737
Key Down;A;1552825
Key Up;A;1552921
Key Down;Q;1553144
Key Down;S;1553384
Key Up;Q;1553433
Key Up;S;1553536
Key Down;D;1554400
Key Down;Z;1554464
Key Up;D;1554713
Key Up;Z;1554761
Key Down;D;1554817
Key Down;A;1555480
Key Up;A;1555568
Key Up;D;1555753
Key Down;Z;1555801
Key Down;Q;1555993
Key Up;Z;1556128
Key Up;Q;1556321
Key Down;Z;1556336
Key Down;D;1556376
Key Up;Z;1556432
Key Down;A;1556848
Key Down;Z;1556864
Key Up;D;1556936
Key Up;A;1557048
Key Up;Z;1557185
Key Down;D;1557377
Key Down;S;1557385
Key Up;S;1557816
Key Down;S;1559640
Key Down;A;1559864
Key Up;S;1559888
Key Down;S;1559968
Key Up;A;1559992
Key Up;D;1560064
Key Up;S;1560577
Key Down;Z;1560745
Key Down;Q;1560880
Key Up;Z;1561424
Key Down;Z;1561792
Key Up;Z;1561920
Key Up;Q;1562304
Key Down;A;1563081
Key Up;A;1563153
Key Down;Q;1563896
Key Down;Z;1564128
Key Up;Z;1564280
Key Down;S;1564576
Key Up;S;1565017
Key Down;S;1565241
Key Up;S;1565425
Key Down;S;1565680
Key Up;Q;1566232
Key Up;S;1566568
Key Down;D;1566632
Key Up;D;1566737
Key Down;Q;1567441
Key Down;S;1567632
Key Up;Q;1567736
Key Up;S;1567784
Key Down;A;1568328
Key Up;A;1568416
Key Down;Q;1568961
Key Down;S;1569000
Key Up;Q;1569040
Key Up;S;1569232
Key Down;Z;1569977
Key Up;Z;1570457
Key Down;D;1571632
Key Down;Z;1571928
Key Up;Z;1572416
Key Down;Q;1572832
Key Up;D;1572840
Key Down;S;1572857
Key Up;Q;1573017
Key Down;D;1573616
Key Up;S;1574096
Key Down;Z;1574600
Key Up;Z;1574912
Key Down;Z;1575264
Key Up;D;1575456
Key Down;Q;1575920
Key Up;Z;1576464
Key Down;S;1577128
Key Up;S;1577232
Key Down;Z;1577712
Key Up;Q;1577809
Key Down;D;1578392
Key Up;D;1578657
Key Down;Q;1578888
Key Up;Z;1579081
Key Down;D;1579689
Key Up;Q;1579705
Key Down;S;1581632
Key Up;D;1581760
Key Down;Q;1584008
Key Up;S;1584112
Key Down;Z;1586409
Key Up;Q;1587097
Key Up;Z;1587152
Key Down;D;1587201
Key Down;S;1587312
Key Up;D;1587489
Key Down;D;1587536
Key Up;S;1587672
Key Down;Z;1588168
Key Up;D;1588401
Key Up;Z;1588936
Key Down;E;1588992
Key Up;E;1589080
Key Down;S;1589280
Key Down;Q;1589744
Key Up;S;1590224
Key Down;S;1590688
Key Up;S;1590753
Key Down;S;1591112
Key Up;S;1591184
Key Down;S;1592936
Key Down;E;1593216
Key Up;S;1593240
Key Up;Q;1593312
Key Up;E;1593368
Key Down;S;1593632
Key Up;S;1593777
Key Down;Q;1594705
Key Down;Z;1594768
Key Up;Q;1595024
Key Up;Z;1595184
Key Down;Q;1595192
Key Up;Q;1595272
Key Down;Q;1596328
Key Up;Q;1596432
Key Down;Z;1596768
Key Up;Z;1597016
Key Down;A;1597136
Key Up;A;1597192
Key Down;D;1597232
Key Down;S;1598000
Key Up;D;1598320
Key Down;Q;1599137
Key Up;S;1600600
Key Up;Q;1600848
Key Down;S;1600856
Key Up;S;1600921
Key Down;S;1601064
Key Down;Q;1601232
Key Up;Q;1601312
Key Up;S;1601544
Key Down;S;1601744
Key Up;S;1601785
Key Down;S;1601904
Key Up;S;1601960
Key Down;S;1602136
Key Up;S;1602432
Key Down;D;1602536
Key Down;A;1602648
Key Up;D;1602680
Key Up;A;1602728
Key Down;Z;1603504
Key Up;Z;1603720
Key Down;Q;1603737
Key Down;Z;1603848
Key Up;Z;1604160
Key Down;S;1604328
Key Up;Q;1604505
Key Up;S;1604720
Key Down;D;1604912
Key Down;S;1604921
Key Up;S;1605096
Key Up;D;1605104
Key Down;Q;1605120
Key Down;Z;1605240
Key Up;Q;1605336
Key Down;D;1605504
Key Up;D;1605664
Key Down;D;1605976
Key Up;Z;1606168
Key Up;D;1606336
Key Down;Q;1606368
Key Up;Q;1606504
Key Down;D;1606712
Key Up;D;1606760
Key Down;S;1607032
Key Down;Q;1607248
Key Up;Q;1607328
Key Up;S;1607441
Key Down;A;1607848
Key Up;A;1607928
Key Down;S;1609824
Key Down;Q;1609968
Key Up;Q;1610056
Key Down;Q;1610904
Key Up;Q;1611056
Key Down;Q;1611496
Key Up;Q;1612104
Key Down;D;1612160
Key Up;D;1612232
Key Down;Q;1612320
Key Up;S;1612432
Key Up;Q;1612464
Key Down;Q;1613680
Key Down;E;1613873
Key Up;Q;1613896
Key Up;E;1613976
Key Down;A;1614312
Key Up;A;1614376
Key Down;Z;1615080
Key Down;Q;1615184
Key Up;Z;1615424
Key Up;Q;1615504
Key Down;S;1618504
Key Down;D;1618520
Key Down;A;1618936
Key Up;D;1618976
Key Up;A;1619064
Key Up;S;1619456
Key Down;Z;1620352
Key Down;Q;1620672
Key Up;Q;1620880
Key Up;Z;1620888
Key Down;A;1622288
Key Up;A;1622400
Key Down;Q;1623864
Key Down;Z;1623959
Key Up;Z;1624136
Key Up;Q;1624280
Key Down;D;1625264
Key Down;S;1625480
Key Up;S;1625664
Key Down;A;1625768
Key Up;A;1625872
Key Down;Z;1626008
Key Up;D;1626112
Key Up;Z;1626320
Key Down;Q;1626696
Key Down;S;1626928
Key Up;S;1627120
Key Up;Q;1627352
Key Down;Q;1627896
Key Down;Z;1628456
Key Up;Z;1628592
Key Down;S;1629144
Key Up;Q;1629416
Key Down;Q;1629816
Key Up;Q;1629936
Key Down;Q;1630560
Key Up;Q;1630656
Key Up;S;1631640
Key Down;Z;1632056
Key Up;Z;1632200
Key Down;Q;1632664
Key Down;S;1632720
Key Up;Q;1632768
Key Down;Q;1632936
Key Up;S;1633024
Key Down;S;1633464
Key Up;Q;1633544
Key Down;D;1633656
Key Up;D;1633816
Key Down;Q;1633896
Key Up;Q;1634288
Key Up;S;1634688
Key Down;Q;1634928
Key Down;Z;1635032
Key Up;Q;1635280
Key Down;D;1635520
Key Up;D;1635951
Key Down;D;1636112
Key Up;D;1636720
Key Down;D;1637160
Key Up;D;1637328
Key Down;A;1638016
Key Up;A;1638112
Key Down;Q;1638688
Key Up;Z;1638783
Key Down;S;1639000
Key Up;Q;1639128
Key Up;S;1639160
Key Down;Z;1639583
Key Down;D;1639920
Key Up;Z;1640808
Key Up;D;1641000
Key Down;Z;1641696
Key Down;D;1642456
Key Up;Z;1643016
Key Down;A;1643136
Key Up;A;1643240
Key Up;D;1643488
Key Down;S;1643536
Key Up;S;1643680
Key Down;S;1643880
Key Down;Q;1644032
Key Up;S;1644600
Key Down;S;1645472
Key Up;Q;1645616
Key Up;S;1645864
Key Down;E;1646056
Key Up;E;1646143
Key Down;Z;1646568
Key Down;D;1646791
Key Up;Z;1646904
Key Up;D;1649088
Key Down;Z;1649128
Key Up;Z;1649184
Key Down;D;1650087
Key Down;Z;1650263
Key Up;D;1651152
Key Up;Z;1651216
Key Down;A;1651552
Key Up;A;1651640
Key Down;D;1652992
Key Up;D;1653152
Key Down;S;1653312
Key Up;S;1653752
Key Down;Tab;1653800
Key Up;Tab;1655264
Key Down;D;1655992
Key Down;Z;1656576
Key Up;Z;1657159
Key Down;Z;1657608
Key Up;Z;1657752
Key Down;Z;1658176
Key Up;Z;1658688
Key Down;Z;1658928
Key Up;Z;1659760
Key Down;S;1661440
Key Up;D;1661487
Key Up;S;1661696
Key Down;Z;1661895
Key Down;Q;1662224
Key Up;Z;1662272
Key Up;Q;1662367
Key Down;A;1662648
Key Up;A;1662744
Key Down;D;1662984
Key Down;S;1663368
Key Up;D;1663815
Key Up;S;1664480
Key Down;D;1664496
Key Down;S;1664768
Key Up;D;1665120
Key Down;Q;1665136
Key Up;Q;1665319
Key Down;D;1665360
Key Up;S;1665432
Key Down;Z;1665543
Key Up;D;1665560
Key Down;A;1666296
Key Up;A;1666344
Key Up;Z;1666360
Key Down;Q;1666576
Key Down;S;1666944
Key Up;Q;1668192
Key Up;S;1668376
Key Down;Q;1668584
Key Down;S;1668776
Key Up;Q;1669031
Key Up;S;1669063
Key Down;S;1669632
Key Down;Q;1669656
Key Up;Q;1670016
Key Down;Q;1670143
Key Up;Q;1670328
Key Up;S;1670472
Key Down;D;1670488
Key Down;S;1670848
Key Up;D;1672872
Key Down;A;1673143
Key Up;A;1673232
Key Up;S;1673328
Key Down;Z;1674240
Key Down;Q;1674552
Key Up;Z;1674743
Key Up;Q;1674751
Key Down;A;1675656
Key Up;A;1675672
Key Down;Z;1676232
Key Down;Q;1676464
Key Up;Z;1676648
Key Up;Q;1676672
Key Down;S;1676791
Key Down;D;1677200
Key Up;S;1677383
Key Up;D;1677440
Key Down;Z;1677599
Key Down;Q;1677608
Key Up;Q;1677760
Key Up;Z;1677928
Key Down;Z;1679648
Key Up;Z;1679768
Key Down;E;1679831
Key Up;E;1679911
Key Down;S;1680136
Key Down;D;1680888
Key Up;S;1681271
Key Up;D;1681383
Key Down;D;1681760
Key Down;Z;1682264
Key Up;Z;1682776
Key Up;D;1682864
Key Down;D;1683120
Key Down;Z;1683152
Key Up;Z;1683472
Key Down;Z;1684168
Key Up;Z;1684335
Key Up;D;1684432
Key Down;S;1684608
Key Down;Q;1684799
Key Up;Q;1684920
Key Down;D;1685160
Key Up;S;1685232
Key Up;D;1685591
Key Down;Z;1686088
Key Down;D;1686536
Key Up;D;1686679
Key Down;D;1686895
Key Up;D;1687055
Key Down;Q;1687088
Key Up;Q;1687592
Key Down;D;1687736
Key Up;Z;1688120
Key Down;Z;1689672
Key Up;Z;1689776
Key Down;Z;1690816
Key Up;Z;1691136
Key Down;Z;1691312
Key Up;D;1691544
Key Up;Z;1691680
Key Down;Q;1691727
Key Down;Z;1691984
Key Up;Q;1692064
Key Down;D;1692208
Key Up;Z;1692264
Key Down;S;1692536
Key Up;D;1692808
Key Up;S;1692816
Key Down;Q;1693008
Key Up;Q;1693096
Key Down;Z;1693511
Key Down;D;1693752
Key Up;Z;1693760
Key Up;D;1693984
Key Down;D;1694151
Key Down;A;1695128
Key Up;A;1695216
Key Down;Z;1695408
Key Up;Z;1695543
Key Down;S;1696552
Key Up;D;1696879
Key Down;Q;1696888
Key Up;S;1696984
Key Down;S;1697168
Key Up;Q;1697280
Key Down;D;1697399
Key Up;S;1697696
Key Down;Z;1697888
Key Up;Z;1697928
Key Up;D;1698016
Key Down;Q;1698040
Key Down;S;1698072
Key Up;Q;1698112
Key Down;Q;1698192
Key Up;Q;1698296
Key Down;D;1698568
Key Up;S;1698672
Key Down;S;1699047
Key Up;D;1699104
Key Up;S;1699143
Key Down;Q;1699159
Key Down;Z;1699479
Key Up;Q;1699608
Key Down;D;1699688
Key Up;D;1699847
Key Down;D;1700056
Key Up;Z;1700272
Key Down;Z;1700640
Key Up;Z;1700896
Key Down;S;1701264
Key Down;Q;1701272
Key Up;D;1701288
Key Up;S;1701328
Key Up;Q;1701783
Key Down;Echap;1710216
Key Up;Echap;1710296
