Event;Key;Time
Key Down;Barre oblique;165369
Key Up;Barre oblique;165480
Key Down;Barre oblique;167033
Key Up;Barre oblique;167136
Key Down;Barre oblique;183312
Key Up;Barre oblique;183408
Key Down;Entrée;544942
Key Up;Entrée;545062
Key Down;Entrée;776501
Key Up;Entrée;776621
Key Down;V;1013661
Key Up;V;1013748
Key Down;V;1048548
Key Up;V;1048629
Key Down;V;1211947
Key Up;V;1212012
Key Down;V;1305595
Key Up;V;1305667
Key Down;V;1308827
Key Up;V;1308915
Key Down;V;1378315
Key Up;V;1378386
Key Down;Entrée;1610273
Key Up;Entrée;1610345
Key Down;Barre oblique;1618266
Key Up;Barre oblique;1618329
Key Down;Entrée;1797401
Key Up;Entrée;1797513
Key Down;Barre oblique;2200135
Key Up;Barre oblique;2200222
Key Down;Entrée;2349206
Key Up;Entrée;2349294
Key Down;Entrée;2972539
Key Up;Entrée;2972627
Key Down;Entrée;3031379
Key Up;Entrée;3031507
Key Down;Entrée;3284361
Key Up;Entrée;3284450
Key Down;Entrée;3293762
Key Up;Entrée;3293873
Key Down;Entrée;3438641
Key Up;Entrée;3438769
Key Down;Entrée;3736248
Key Up;Entrée;3736304
Key Down;¥;3744679
Key Up;¥;3744743
Key Down;Barre oblique;3745927
Key Up;Barre oblique;3745975
Key Down;Entrée;4056693
Key Up;Entrée;4056758
Key Down;Entrée;4158486
Key Up;Entrée;4158582
Key Down;Entrée;4321764
Key Up;Entrée;4321788
Key Down;Entrée;4574723
Key Up;Entrée;4574795
Key Down;Entrée;4586492
Key Up;Entrée;4586555
Key Down;Entrée;4886601
Key Up;Entrée;4886681
Key Down;V;5180609
Key Up;V;5180704
Key Down;Entrée;5206688
Key Up;Entrée;5206912
