Event;Key;Time
Key Down;D;11748
Key Down;S;12788
Key Up;S;13140
Key Down;Z;13940
Key Up;D;14468
Key Down;D;14908
Key Up;D;15084
Key Down;Q;16252
Key Up;Q;16500
Key Up;Z;18260
Key Down;Z;19532
Key Down;Q;20493
Key Up;Q;20629
Key Down;D;21324
Key Up;D;21413
Key Up;Z;21724
Key Down;Q;27804
Key Down;S;28116
Key Up;Q;28940
Key Down;D;29580
Key Up;D;29692
Key Down;Q;32524
Key Up;S;32548
Key Down;S;33661
Key Up;Q;33764
Key Down;D;34700
Key Up;S;35261
Key Up;D;35397
Key Down;Q;35428
Key Down;Z;35868
Key Up;Z;36196
Key Up;Q;36204
Key Down;D;36253
Key Up;D;36652
Key Down;Q;36660
Key Down;Z;37285
Key Up;Q;37349
Key Up;Z;37420
Key Down;Z;37957
Key Up;Z;38061
Key Down;Z;38436
Key Down;D;38492
Key Up;Z;38589
Key Up;D;38676
Key Down;S;39373
Key Down;D;39469
Key Up;D;40076
Key Down;Q;40157
Key Up;S;40237
Key Down;Z;40509
Key Up;Q;40989
Key Up;Z;41237
Key Down;D;41476
Key Up;D;41757
Key Down;D;42588
Key Up;D;42836
Key Down;Q;43100
Key Up;Q;43260
Key Down;Z;44652
Key Up;Z;44957
Key Down;Z;45301
Key Up;Z;45485
Key Down;Z;45748
Key Up;Z;45909
Key Down;Z;47053
Key Down;D;47237
Key Up;Z;47253
Key Up;D;47877
Key Down;Z;48677
Key Down;D;48861
Key Up;Z;48925
Key Down;Z;49268
Key Up;Z;49477
Key Down;S;49773
Key Up;S;49893
Key Down;S;50325
Key Up;D;50700
Key Down;D;51613
Key Down;Q;51829
Key Up;D;51869
Key Up;S;51893
Key Down;D;52693
Key Up;Q;52717
Key Down;Z;53029
Key Up;D;53645
Key Down;Q;54029
Key Up;Z;54325
Key Up;Q;55021
Key Down;D;55085
Key Down;Q;55573
Key Up;D;55605
Key Up;Q;56157
Key Down;D;56173
Key Up;D;56413
Key Down;Q;56429
Key Down;Z;56957
Key Up;Z;57309
Key Down;Z;57877
Key Up;Z;58149
Key Up;Q;58261
Key Down;A;58453
Key Up;A;58573
Key Down;Q;58757
Key Down;S;59005
Key Up;S;59429
Key Down;S;61701
Key Up;S;62085
Key Down;Z;62677
Key Up;Q;62838
Key Down;D;63029
Key Up;Z;63077
Key Down;S;63645
Key Up;S;63853
Key Down;Z;64077
Key Down;A;64213
Key Up;Z;64269
Key Up;A;64333
Key Down;S;64533
Key Up;D;65013
Key Down;D;65397
Key Up;D;65774
Key Down;Q;65837
Key Up;Q;65989
Key Down;Q;67150
Key Up;S;67325
Key Down;S;67669
Key Up;S;68150
Key Up;Q;68638
Key Down;D;68742
Key Down;Z;69310
Key Up;Z;69950
Key Up;D;69989
Key Down;Q;69997
Key Down;Z;70357
Key Up;Z;70629
Key Down;S;70982
Key Up;Q;71158
Key Down;Q;71317
Key Up;S;71565
Key Down;Z;72237
Key Up;Z;72422
Key Down;Z;72621
Key Up;Z;72765
Key Down;Z;73141
Key Up;Q;73246
Key Down;D;73365
Key Up;Z;73654
Key Up;D;73742
Key Down;Q;73830
Key Down;S;74022
Key Up;Q;74094
Key Down;D;74294
Key Up;S;74870
Key Up;D;74886
Key Down;A;75645
Key Up;A;75774
Key Down;Z;79438
Key Up;Z;79678
Key Down;S;79973
Key Down;Q;80214
Key Up;Q;80421
Key Up;S;80677
Key Down;Q;80686
Key Down;Z;80821
Key Up;Q;80846
Key Down;Q;81141
Key Up;Q;81326
Key Down;D;81582
Key Up;D;81830
Key Down;Q;81982
Key Up;Q;82286
Key Down;D;82717
Key Up;D;83014
Key Down;D;83102
Key Up;Z;83237
Key Down;S;84094
Key Up;D;84133
Key Up;S;84726
Key Down;S;85230
Key Up;S;85774
Key Down;Q;85885
Key Down;Z;85934
Key Up;Q;85965
Key Up;Z;86566
Key Down;Z;86973
Key Down;Q;87462
Key Up;Z;87526
Key Up;Q;87550
Key Down;S;87958
Key Down;Q;88237
Key Up;S;88286
Key Up;Q;88942
Key Down;S;89005
Key Down;D;90846
Key Up;S;91094
Key Down;A;91550
Key Up;D;91653
Key Up;A;91662
Key Down;D;91926
Key Down;S;92782
Key Up;D;92806
Key Down;D;93126
Key Up;D;93237
Key Down;Q;94365
Key Up;Q;94821
Key Down;D;95878
Key Up;S;96070
Key Down;Z;97606
Key Up;D;98086
Key Down;Q;98165
Key Up;Q;98333
Key Down;Q;98606
Key Up;Z;98958
Key Down;S;99934
Key Up;Q;100142
Key Down;A;100582
Key Up;A;100694
Key Down;Q;101406
Key Up;Q;101910
Key Down;Q;102134
Key Up;Q;102374
Key Down;D;104590
Key Up;S;104750
Key Up;D;106359
Key Down;Q;106374
Key Down;S;106590
Key Up;S;106655
Key Down;Z;107223
Key Up;Z;107302
Key Down;S;107598
Key Up;Q;107886
Key Down;Q;108574
Key Up;S;109030
Key Down;S;109526
Key Up;Q;109998
Key Down;D;110462
Key Up;S;110838
Key Down;S;111087
Key Up;S;111542
Key Down;Z;112462
Key Up;D;112710
Key Down;Q;113478
Key Up;Z;113926
Key Down;Z;114327
Key Up;Z;114527
Key Down;S;115078
Key Up;Q;115334
Key Down;Q;115654
Key Up;Q;115750
Key Up;S;115766
Key Down;Q;115918
Key Down;Z;115950
Key Up;Q;116087
Key Down;Q;116119
Key Up;Z;116174
Key Up;Q;116407
Key Down;Z;117102
Key Down;D;117422
Key Up;D;117798
Key Down;D;117942
Key Up;Z;117990
Key Up;D;118262
Key Down;S;118430
Key Up;S;118550
Key Down;Z;119207
Key Up;Z;119383
Key Down;Z;119870
Key Down;D;119975
Key Up;Z;120463
Key Up;D;120686
Key Down;Z;121086
Key Up;Z;121295
Key Down;D;121543
Key Up;D;121814
Key Down;D;122783
Key Down;S;123279
Key Up;D;123518
Key Down;Q;123854
Key Up;Q;124127
Key Down;D;124238
Key Up;S;124374
Key Down;Z;124943
Key Up;D;124950
Key Up;Z;125022
Key Down;Q;125071
Key Up;Q;125239
Key Down;D;125318
Key Down;Z;125847
Key Up;D;125911
Key Down;Q;126039
Key Up;Z;126135
Key Up;Q;128047
Key Down;S;128119
Key Down;D;128231
Key Up;D;128422
Key Down;Q;128662
Key Up;S;128743
Key Down;Z;129775
Key Up;Q;129831
Key Down;D;129887
Key Up;Z;130039
Key Down;S;130711
Key Up;D;130791
Key Down;Q;130807
Key Up;S;130943
Key Down;S;131430
Key Up;Q;131591
Key Down;D;131719
Key Up;D;132254
Key Down;D;133015
Key Up;S;133527
Key Down;S;134735
Key Up;D;135583
Key Down;D;135903
Key Up;D;136183
Key Up;S;136999
Key Down;D;141599
Key Down;S;141903
Key Up;S;142327
Key Down;S;144127
Key Up;S;144319
Key Down;S;145631
Key Up;D;145951
Key Down;Q;146495
Key Up;S;146911
Key Down;S;147415
Key Up;S;147631
Key Down;S;148183
Key Up;Q;148520
Key Down;D;148983
Key Up;S;149095
Key Down;Z;149263
Key Up;D;149360
Key Down;Q;149455
Key Up;Z;149919
Key Up;Q;150151
Key Down;D;150583
Key Down;Z;150927
Key Up;Z;151215
Key Down;Z;151567
Key Up;D;152191
Key Down;A;152495
Key Down;D;152648
Key Up;A;152663
Key Up;Z;153343
Key Down;S;154759
Key Up;S;155128
Key Down;Z;156424
Key Up;Z;157039
Key Up;D;157215
Key Down;Q;157247
Key Down;S;157615
Key Up;S;157735
Key Down;Z;158007
Key Up;Q;158143
Key Down;D;158295
Key Down;A;158623
Key Up;Z;158631
Key Up;A;158711
Key Down;S;159480
Key Up;S;159744
Key Down;S;161159
Key Up;D;161840
Key Down;Q;162496
Key Up;S;162688
Key Up;Q;163071
Key Down;Z;163087
Key Up;Z;163536
Key Down;A;163903
Key Up;A;164008
Key Down;Q;164280
Key Down;Z;164440
Key Up;Z;165488
Key Down;Z;166648
Key Up;Z;166920
Key Down;Z;168183
Key Up;Q;168351
Key Up;Z;169368
Key Down;Q;169736
Key Down;S;170744
Key Up;S;171232
Key Up;Q;172696
Key Down;D;173024
Key Down;Q;173616
Key Up;D;173647
Key Down;Z;174912
Key Up;Q;175055
Key Down;A;175280
Key Up;A;175455
Key Down;D;175975
Key Down;Q;176408
Key Up;Z;176448
Key Up;D;176559
Key Down;Z;176720
Key Up;Q;176776
Key Up;Z;177088
Key Down;S;177575
Key Down;Q;178040
Key Up;S;178168
Key Up;Q;178431
Key Down;D;178504
Key Down;S;178568
Key Up;D;178600
Key Down;Q;178807
Key Up;S;178816
Key Up;Q;178968
Key Down;S;179215
Key Down;Q;179536
Key Up;Q;179584
Key Up;S;179600
Key Down;D;179711
Key Down;Z;179800
Key Up;D;179840
Key Up;Z;181535
Key Down;Z;182048
Key Down;D;182088
Key Up;Z;182608
Key Down;Z;182968
Key Up;Z;183183
Key Down;S;183528
Key Down;A;183936
Key Up;A;184024
Key Up;D;184280
Key Down;D;184472
Key Up;D;184944
Key Down;Q;185800
Key Up;S;186456
Key Up;Q;186584
Key Down;D;186600
Key Up;D;187128
Key Down;Q;187136
Key Down;S;187304
Key Up;S;187424
Key Up;Q;187488
Key Down;D;187600
Key Down;Z;187928
Key Up;D;187976
Key Down;Q;188040
Key Up;Z;188184
Key Up;Q;188424
Key Down;A;188712
Key Up;A;188912
Key Down;Z;189216
Key Up;Z;189416
Key Down;D;189432
Key Down;Z;189720
Key Up;D;189800
Key Up;Z;189848
Key Down;S;190112
Key Down;Q;190120
Key Up;Q;190464
Key Down;Q;190680
Key Up;S;191489
Key Up;Q;191720
Key Down;Z;191936
Key Down;D;192113
Key Up;Z;192496
Key Down;Z;192904
Key Up;Z;193112
Key Down;A;193400
Key Up;A;193480
Key Up;D;193488
Key Down;Q;193800
Key Up;Q;194817
Key Down;Z;195008
Key Up;Z;195185
Key Down;D;195368
Key Down;S;195816
Key Up;S;196089
Key Up;D;196672
Key Down;S;196864
Key Down;D;197161
Key Up;S;197240
Key Down;Z;197433
Key Up;Z;197632
Key Up;D;197689
Key Down;D;197761
Key Down;S;197784
Key Up;D;197848
Key Down;D;198040
Key Up;S;198177
Key Down;Z;198480
Key Up;D;199136
Key Down;A;199520
Key Up;A;199648
Key Down;Q;199929
Key Up;Z;200065
Key Down;Z;200416
Key Up;Q;200441
Key Down;D;200568
Key Up;D;201001
Key Up;Z;201089
Key Down;Q;201096
Key Up;Q;201296
Key Down;D;202128
Key Down;S;202240
Key Up;D;202320
Key Up;S;202360
Key Down;D;202472
Key Down;Z;202480
Key Up;D;202513
Key Down;D;202680
Key Up;D;203017
Key Down;Q;203345
Key Up;Z;203704
Key Down;D;203952
Key Up;Q;203961
Key Down;S;203968
Key Up;D;204048
Key Down;D;204112
Key Up;D;204656
Key Down;Q;205368
Key Up;Q;205952
Key Down;D;205984
Key Up;S;206056
Key Down;A;206192
Key Up;D;206240
Key Up;A;206321
Key Down;Z;206728
Key Up;Z;206881
Key Down;Q;207441
Key Up;Q;207729
Key Down;D;207776
Key Up;D;209000
Key Down;Q;209025
Key Down;D;209537
Key Up;Q;209561
Key Down;Q;210065
Key Up;D;210089
Key Down;D;210433
Key Up;Q;210473
Key Up;D;210752
Key Down;A;210889
Key Up;A;211049
Key Down;Q;211528
Key Down;Z;213089
Key Up;Q;213361
Key Down;Q;216272
Key Up;Z;216425
Key Up;Q;216625
Key Down;S;216633
Key Down;Q;217665
Key Up;Q;219025
Key Down;D;219049
Key Up;S;219193
Key Up;D;219264
Key Down;E;219473
Key Up;E;219585
Key Down;D;219816
Key Down;S;219984
Key Up;S;220401
Key Down;Z;221121
Key Up;D;221265
Key Up;Z;221377
Key Down;S;222121
Key Down;Q;222289
Key Up;S;222344
Key Up;Q;222425
Key Down;E;222777
Key Up;E;222865
Key Down;Z;223857
Key Down;D;224513
Key Up;D;224809
Key Down;Q;225353
Key Up;Q;225545
Key Up;Z;225561
Key Down;Q;225753
Key Down;S;225881
Key Up;Q;226217
Key Down;D;226521
Key Up;S;226617
Key Down;Z;226785
Key Up;D;226857
Key Up;Z;227449
Key Down;D;227777
Key Down;Z;227929
Key Up;D;228025
Key Down;Q;228121
Key Up;Z;228273
Key Down;S;228521
Key Up;Q;228625
Key Down;D;229017
Key Up;S;229033
Key Down;Z;229185
Key Up;D;229217
Key Up;Z;229409
Key Down;E;229553
Key Up;E;229633
Key Down;Z;230201
Key Up;Z;230833
Key Down;Z;233585
Key Up;Z;235058
Key Down;E;235161
Key Up;E;235258
Key Down;S;235529
Key Down;D;235681
Key Up;D;237913
Key Down;D;238617
Key Up;D;238753
Key Down;A;239521
Key Up;A;239641
Key Down;D;239801
Key Up;S;240129
Key Up;D;240273
Key Down;D;240610
Key Down;S;240618
Key Up;S;241041
Key Up;D;241761
Key Down;D;246810
Key Up;D;248689
Key Down;Q;248882
Key Up;Q;249713
Key Down;S;250122
Key Up;S;250553
Key Down;D;250585
Key Down;Q;251274
Key Up;D;251313
Key Down;Z;252122
Key Up;Q;252258
Key Down;D;253201
Key Up;D;253698
Key Down;Q;254058
Key Up;Z;254169
Key Up;Q;254274
Key Down;D;254817
Key Down;Z;255033
Key Up;D;255081
Key Down;D;255490
Key Up;D;255650
Key Up;Z;255722
Key Down;D;256002
Key Down;S;256617
Key Up;D;256738
Key Up;S;256962
Key Down;D;257097
Key Down;Z;257330
Key Up;D;257410
Key Up;Z;257458
Key Down;D;257722
Key Down;S;258266
Key Up;S;258361
Key Up;D;259130
Key Down;S;259330
Key Up;S;259449
Key Down;D;259690
Key Up;D;260049
Key Down;D;260986
Key Up;D;261042
Key Down;D;261433
Key Down;S;261826
Key Up;D;261842
Key Up;S;262066
Key Down;S;262321
Key Down;D;262354
Key Up;D;262522
Key Down;Q;263178
Key Up;S;263314
Key Up;Q;263546
Key Down;S;263610
Key Down;Q;263858
Key Up;Q;264034
Key Down;Q;264458
Key Up;Q;264602
Key Down;Q;265042
Key Up;S;265225
Key Up;Q;266329
Key Down;Z;266402
Key Down;Q;266794
Key Up;Z;267058
Key Up;Q;267594
Key Down;D;268602
Key Down;A;269698
Key Up;A;269810
Key Down;Z;270026
Key Up;D;270466
Key Down;Q;271690
Key Up;Z;272170
Key Down;Z;273762
Key Up;Q;274242
Key Up;Z;276611
Key Down;S;279066
Key Down;Tab;281930
Key Up;S;281970
Key Up;Tab;284459
Key Down;Z;285050
Key Down;D;285138
Key Up;D;285450
Key Down;A;286898
Key Up;A;287018
Key Down;D;287370
Key Up;Z;288739
Key Down;Z;289138
Key Up;D;289458
Key Up;Z;292122
Key Down;S;292658
Key Down;Q;293771
Key Up;S;293834
Key Down;Z;294066
Key Down;E;294170
Key Up;Q;294178
Key Up;Z;294251
Key Up;E;294331
Key Down;Z;294347
Key Down;Q;294666
Key Up;Z;295162
Key Down;Z;295659
Key Up;Q;296322
Key Down;A;296634
Key Up;A;296738
Key Down;Q;298875
Key Up;Z;299507
Key Up;Q;300811
Key Down;Tab;301059
Key Up;Tab;303059
Key Down;Q;304067
Key Down;S;304411
Key Up;Q;304755
Key Up;S;305603
Key Down;Q;307467
Key Down;S;310539
Key Up;Q;310611
Key Up;S;310699
Key Down;D;310723
Key Down;Z;310931
Key Up;Z;311307
Key Down;Z;311547
Key Up;D;311723
Key Up;Z;312251
Key Down;S;313442
Key Down;Q;313683
Key Up;S;313691
Key Up;Q;313843
Key Down;S;314107
Key Up;S;314395
Key Down;Z;314611
Key Down;D;314771
Key Up;D;314931
Key Up;Z;315179
Key Down;Q;315203
Key Up;Q;315379
Key Down;S;315955
Key Up;S;316291
Key Down;Z;316691
Key Up;Z;316915
Key Down;S;317755
Key Down;D;317771
Key Up;D;317948
Key Up;S;318108
Key Down;Z;318331
Key Up;Z;318444
Key Down;Z;319044
Key Up;Z;319251
Key Down;Q;319747
Key Down;S;319979
Key Up;S;320196
Key Up;Q;320451
Key Down;Q;329299
Key Up;Q;329420
Key Down;Q;331276
Key Down;Z;331340
Key Up;Z;331524
Key Down;Z;332035
Key Up;Z;332172
Key Down;S;333732
Key Up;S;334020
Key Down;Z;334612
Key Up;Z;334788
Key Up;Q;336260
Key Down;A;338644
Key Up;A;338812
Key Down;D;339236
Key Up;D;340284
Key Down;Tab;340292
Key Up;Tab;344948
Key Down;S;345756
Key Down;Q;347100
Key Up;S;347780
Key Down;S;348412
Key Up;Q;348692
Key Down;Q;349164
Key Up;Q;349363
Key Up;S;351147
Key Down;Z;351436
Key Down;D;351876
Key Up;D;352044
Key Down;Q;352748
Key Up;Q;352852
Key Up;Z;354443
Key Down;Q;354612
Key Down;Z;355268
Key Up;Z;355396
Key Down;S;357812
Key Up;S;357940
Key Up;Q;359556
Key Down;A;360205
Key Up;A;360364
Key Down;Q;361236
Key Up;Q;362733
Key Down;S;383260
Key Up;S;383884
Key Down;Q;383893
Key Down;S;386117
Key Up;S;386437
Key Down;Z;388101
Key Up;Q;388957
Key Down;Q;389661
Key Up;Z;389717
Key Up;Q;389797
Key Down;Q;392285
Key Up;Q;392597
Key Down;D;392605
Key Up;D;392821
Key Down;Q;392836
Key Down;D;393581
Key Up;Q;393621
Key Down;Q;393884
Key Up;D;393893
Key Down;D;394117
Key Up;Q;394181
Key Up;D;394300
Key Down;D;394877
Key Down;S;394980
Key Up;D;395045
Key Down;D;395437
Key Up;S;396813
Key Down;Z;398493
Key Up;D;399365
Key Down;Q;399933
Key Up;Z;401149
Key Down;S;402477
Key Up;Q;403101
Key Down;D;403597
Key Up;S;404422
Key Up;D;404437
Key Down;Echap;415437
Key Up;Echap;415565
Key Down;D;425630
Key Down;S;427974
Key Up;S;428150
Key Down;Z;428702
Key Up;D;429030
Key Down;Q;429814
Key Up;Q;429974
Key Down;D;433566
Key Up;D;433766
Key Up;Z;435046
Key Down;Z;439278
Key Down;Q;439470
Key Up;Z;440294
Key Up;Q;440574
Key Down;D;440662
Key Down;S;440774
Key Up;D;441806
Key Down;D;442718
Key Up;D;442958
Key Down;Q;444150
Key Up;S;444734
Key Up;Q;444910
Key Down;Q;447054
Key Down;S;447374
Key Up;Q;448063
Key Down;D;448134
Key Up;S;448670
Key Down;S;449118
Key Up;S;449350
Key Down;Z;449726
Key Up;D;450454
Key Down;Q;450462
Key Up;Z;450807
Key Up;Q;451062
Key Down;S;451094
Key Down;D;451278
Key Up;D;451582
Key Down;Q;451598
Key Up;S;451942
Key Up;Q;451950
Key Down;Q;456302
Key Down;S;456775
Key Up;Q;458014
Key Down;D;460079
Key Up;D;460214
Key Down;Q;461246
Key Up;Q;461407
Key Down;D;461447
Key Up;S;462070
Key Down;S;462735
Key Up;S;462879
Key Down;Q;463879
Key Up;D;463887
Key Down;S;464454
Key Up;S;464799
Key Up;Q;465070
Key Down;Q;465350
Key Down;Z;465975
Key Up;Q;466079
Key Down;A;466270
Key Up;Z;466302
Key Up;A;466383
Key Down;Q;466550
Key Down;S;467343
Key Up;Q;467815
Key Down;Q;468303
Key Up;Q;468438
Key Down;D;471438
Key Up;D;471759
Key Down;D;472111
Key Up;D;472503
Key Down;Q;472990
Key Up;S;473055
Key Up;Q;473711
Key Down;D;473855
Key Down;Z;474127
Key Up;D;474159
Key Up;Z;474919
Key Down;S;475190
Key Down;Q;475503
Key Up;Q;475599
Key Up;S;476263
Key Down;Z;476903
Key Down;Q;477175
Key Up;Q;477358
Key Up;Z;478039
Key Down;D;478295
Key Down;S;478311
Key Down;A;478711
Key Up;A;478847
Key Up;S;478879
Key Up;D;479479
Key Down;D;480127
Key Up;D;480391
Key Down;S;481950
Key Down;D;482015
Key Up;D;482911
Key Up;S;483311
Key Down;D;484063
Key Down;Z;484687
Key Up;D;485527
Key Down;D;485863
Key Up;Z;486495
Key Down;A;486895
Key Up;A;487015
Key Down;Z;488232
Key Up;D;489935
Key Up;Z;490735
Key Down;S;491543
Key Down;Q;492119
Key Up;S;492296
Key Down;Z;492672
Key Up;Q;492863
Key Up;Z;492871
Key Down;S;496255
Key Down;D;497119
Key Up;D;497479
Key Down;D;497999
Key Up;D;498160
Key Down;Q;499664
Key Up;Q;499863
Key Down;D;500063
Key Up;D;500271
Key Down;Q;500727
Key Up;Q;500808
Key Down;D;501983
Key Up;D;502408
Key Down;Q;502448
Key Up;S;502535
Key Down;Z;502880
Key Up;Q;503063
Key Down;D;503256
Key Up;Z;503599
Key Down;Q;503807
Key Up;D;503863
Key Down;S;503959
Key Up;S;503999
Key Down;Z;504183
Key Up;Q;504304
Key Down;D;504335
Key Up;Z;504592
Key Down;S;504872
Key Up;D;504984
Key Down;Q;505064
Key Up;Q;505096
Key Down;Q;505159
Key Up;S;505272
Key Down;S;505432
Key Up;Q;505704
Key Down;D;505840
Key Up;S;505951
Key Down;A;506063
Key Up;A;506199
Key Down;S;507079
Key Up;S;507336
Key Up;D;507592
Key Down;S;507600
Key Down;Q;507608
Key Up;Q;508031
Key Down;D;508112
Key Up;S;508200
Key Down;A;508319
Key Up;A;508432
Key Down;S;508784
Key Up;D;508919
Key Down;Q;509040
Key Up;S;509096
Key Down;Z;509304
Key Up;Q;509520
Key Up;Z;509632
Key Down;Q;509984
Key Down;Z;510423
Key Up;Z;510800
Key Down;Z;511080
Key Up;Q;511168
Key Down;D;511231
Key Up;D;511488
Key Up;Z;511520
Key Down;A;511688
Key Up;A;511816
Key Down;Q;512008
Key Down;S;512328
Key Up;Q;512352
Key Down;D;512472
Key Up;S;512552
Key Down;S;513936
Key Up;D;513999
Key Down;D;514439
Key Up;D;514600
Key Down;Q;515000
Key Up;S;515608
Key Up;Q;515672
Key Down;D;515704
Key Down;Z;516328
Key Up;D;516376
Key Down;Q;516384
Key Up;Z;516648
Key Up;Q;516944
Key Down;D;517144
Key Down;Z;517232
Key Up;D;517416
Key Up;Z;517800
Key Down;A;517904
Key Up;A;518024
Key Down;Q;518279
Key Up;Q;518496
Key Down;D;519016
Key Up;D;519239
Key Down;Z;520072
Key Down;Q;520416
Key Up;Z;521584
Key Down;S;522376
Key Up;S;522496
Key Up;Q;524312
Key Down;D;524480
Key Up;D;524768
Key Down;Z;525912
Key Down;Q;526104
Key Up;Q;526928
Key Up;Z;527424
Key Down;S;527744
Key Down;Q;527968
Key Up;Q;528568
Key Down;D;528960
Key Up;S;529040
Key Down;Z;529216
Key Up;D;529248
Key Up;Z;529440
Key Down;Espace;529544
Key Up;Espace;529664
Key Down;Q;530016
Key Down;S;530120
Key Up;Q;530264
Key Down;D;530449
Key Up;S;530488
Key Up;D;530504
Key Down;Z;530808
Key Up;Z;531064
Key Down;E;531216
Key Up;E;531273
Key Down;D;532184
Key Up;D;532553
Key Down;Q;532720
Key Up;Q;532992
Key Down;E;533232
Key Up;E;533352
Key Down;Q;533664
Key Down;Z;533784
Key Up;Q;533864
Key Down;D;534105
Key Up;D;534409
Key Down;Q;535977
Key Up;Z;536289
Key Up;Q;536313
Key Down;Q;536984
Key Down;Z;537585
Key Up;Q;538104
Key Up;Z;538609
Key Down;Q;553361
Key Down;Z;553489
Key Up;Q;554200
Key Up;Z;554393
Key Down;Tab;554409
Key Up;Tab;556737
Key Down;Q;557241
Key Down;S;558929
Key Up;S;560145
Key Down;S;560673
Key Up;S;560817
Key Up;Q;562457
Key Down;Q;562825
Key Up;Q;562969
Key Down;S;564537
Key Down;Q;564897
Key Up;S;565713
Key Up;Q;567113
Key Down;Q;568601
Key Up;Q;568785
Key Down;Q;569185
Key Up;Q;569393
Key Down;Z;569889
Key Down;D;570681
Key Up;Z;570961
Key Up;D;572994
Key Down;S;573410
Key Down;D;573649
Key Up;D;573930
Key Up;S;574281
Key Down;S;574801
Key Down;Q;574865
Key Up;S;575506
Key Down;Z;575753
Key Up;Q;576257
Key Down;D;576385
Key Up;Z;576393
Key Up;D;576625
Key Down;E;576970
Key Up;E;577090
Key Down;D;577361
Key Up;D;577529
Key Down;Q;579289
Key Down;D;579537
Key Up;Q;579594
Key Up;D;579794
Key Down;Q;580073
Key Up;Q;580490
Key Down;D;581322
Key Up;D;581465
Key Down;A;581962
Key Up;A;582097
Key Down;S;582738
Key Up;S;583017
Key Down;D;584633
Key Up;D;584753
Key Down;D;585849
Key Up;D;586274
Key Down;Z;586313
Key Up;Z;586641
Key Down;Tab;587194
Key Up;Tab;590130
Key Down;S;591690
Key Down;Q;592466
Key Up;S;593066
Key Down;S;593826
Key Up;Q;594282
Key Down;D;595281
Key Up;S;595858
Key Down;Z;596961
Key Up;Z;597122
Key Down;S;598145
Key Up;D;598185
Key Down;Q;598442
Key Up;Q;598778
Key Down;D;600033
Key Up;S;600514
Key Up;D;602058
Key Down;Q;602098
Key Down;Z;602642
Key Up;Q;602666
Key Down;D;602793
Key Up;Z;603026
Key Down;S;603770
Key Up;S;604314
Key Down;Z;604858
Key Up;Z;605058
Key Up;D;605130
Key Down;S;607266
Key Up;S;607378
Key Down;D;608418
Key Up;D;609490
Key Down;Q;609554
Key Up;Q;610490
Key Down;D;610554
Key Up;D;610786
Key Down;A;610810
Key Up;A;610922
Key Down;Q;612794
Key Up;Q;613002
Key Down;Z;613010
Key Up;Z;613114
Key Down;E;613586
Key Up;E;613714
Key Down;D;614291
Key Up;D;614634
Key Down;D;617643
Key Down;Q;620491
Key Up;D;620498
Key Down;Z;621050
Key Up;Q;621306
Key Down;D;621498
Key Up;Z;621570
Key Down;S;621794
Key Up;D;622098
Key Down;Q;622386
Key Up;Q;622842
Key Up;S;622850
Key Down;D;622930
Key Up;D;623187
Key Down;A;623410
Key Up;A;623563
Key Down;Q;624466
Key Down;Z;624691
Key Up;Q;624946
Key Down;D;625139
Key Up;Z;625267
Key Up;D;625314
Key Down;D;630530
Key Down;Z;635331
Key Up;D;635491
Key Down;D;635707
Key Up;D;635891
Key Down;D;636275
Key Up;Z;636531
Key Up;D;636971
Key Down;Q;636987
Key Up;Q;637995
Key Down;D;638315
Key Down;S;639323
Key Up;S;639891
Key Down;S;640531
Key Up;D;640763
Key Down;D;640954
Key Up;D;641427
Key Down;Q;642010
Key Up;S;642315
Key Down;S;642867
Key Up;S;643003
Key Up;Q;643883
Key Down;D;644891
Key Down;Z;644907
Key Up;Z;645043
Key Down;Z;645899
Key Up;D;646203
Key Down;D;646555
Key Up;D;646795
Key Up;Z;647091
Key Down;D;647947
Key Down;A;648187
Key Up;D;648251
Key Up;A;648363
Key Down;Z;648499
Key Up;Z;648747
Key Down;E;650955
Key Up;E;651083
Key Down;Z;651419
Key Down;D;651563
Key Up;Z;651667
Key Up;D;651971
Key Down;Q;652027
Key Down;S;652275
Key Up;S;652579
Key Up;Q;652627
Key Down;E;652843
Key Up;E;652923
Key Down;D;653323
Key Down;Z;653515
Key Up;Z;653811
Key Up;D;654603
Key Down;D;656211
Key Up;D;656843
Key Down;Tab;656987
Key Down;Z;657699
Key Up;Tab;657827
Key Down;D;658307
Key Up;D;658507
Key Up;Z;658603
Key Down;Z;660987
Key Down;D;661340
Key Up;D;661547
Key Up;Z;663164
Key Down;Q;667283
Key Up;Q;667556
Key Down;Q;674420
Key Down;Z;674716
Key Up;Z;676204
Key Down;Z;676756
Key Up;Q;677051
Key Up;Z;678924
Key Down;S;679083
Key Down;Q;680235
Key Up;Q;680412
Key Down;D;680460
Key Up;S;681236
Key Down;S;682932
Key Up;D;683076
Key Down;Q;683148
Key Up;S;683972
Key Down;S;684324
Key Up;Q;684388
Key Down;D;684419
Key Up;S;684443
Key Down;Q;685164
Key Up;D;685212
Key Down;S;685443
Key Up;S;685932
Key Down;Z;686884
Key Down;D;687340
Key Up;Z;687348
Key Up;Q;687484
Key Down;Z;687684
Key Up;Z;687812
Key Down;Q;687860
Key Up;D;687892
Key Down;Z;688268
Key Up;Q;688500
Key Down;D;688556
Key Up;Z;688684
Key Down;Z;688708
Key Up;D;688828
Key Down;Q;688884
Key Up;Z;688996
Key Down;Z;689172
Key Up;Q;689260
Key Down;D;689316
Key Up;D;689476
Key Down;Q;689580
Key Up;Q;689620
Key Up;Z;689636
Key Down;D;689652
Key Up;D;689708
Key Down;S;689716
Key Down;D;689987
Key Down;Q;690052
Key Up;D;690076
Key Up;S;690220
Key Down;S;690604
Key Up;Q;691228
Key Down;D;691412
Key Up;S;691612
Key Down;S;692004
Key Down;Q;692140
Key Up;D;692156
Key Up;S;692188
Key Down;Z;692300
Key Up;Q;692396
Key Down;Q;692692
Key Up;Q;692804
Key Down;Q;693420
Key Up;Z;693540
Key Down;Z;693772
Key Up;Q;693860
Key Down;D;694948
Key Up;Z;696452
Key Down;S;697436
Key Up;S;697820
Key Down;S;698268
Key Up;D;699172
Key Down;D;699573
Key Up;D;700388
Key Down;Q;700741
Key Up;S;701308
Key Up;Q;701861
Key Down;D;701869
Key Down;Q;702220
Key Up;D;702261
Key Down;S;702685
Key Up;Q;702748
Key Down;D;702764
Key Up;S;702909
Key Down;Z;703693
Key Down;Q;704788
Key Up;D;704796
Key Up;Q;704989
Key Down;D;705037
Key Up;Z;705085
Key Down;S;705500
Key Up;D;706013
Key Down;Q;706068
Key Up;Q;706373
Key Down;D;706405
Key Up;D;706429
Key Down;D;706604
Key Up;D;706877
Key Down;Q;706981
Key Up;S;707357
Key Down;D;707740
Key Up;D;707837
Key Down;Z;708236
Key Up;Z;708444
Key Down;Z;708765
Key Down;D;708781
Key Up;Q;708837
Key Up;Z;708916
Key Down;Z;709396
Key Up;D;709484
Key Down;Q;709565
Key Up;Z;709661
Key Down;S;710429
Key Up;S;710949
Key Down;Z;711092
Key Up;Q;711124
Key Down;Q;711916
Key Up;Z;713132
Key Down;S;713484
Key Up;S;713668
Key Down;S;713941
Key Up;Q;713965
Key Down;Q;714253
Key Up;Q;715349
Key Down;D;715868
Key Up;D;715901
Key Down;D;716020
Key Down;Q;716141
Key Up;D;716165
Key Down;D;716316
Key Up;S;716341
Key Down;Z;716509
Key Up;Q;716541
Key Up;D;716693
Key Down;Q;716708
Key Up;Q;716844
Key Down;D;718716
Key Up;Z;719004
Key Down;Z;719149
Key Up;Z;719468
Key Down;Z;719748
Key Up;D;720109
Key Down;D;720349
Key Up;Z;720380
Key Down;S;721012
Key Up;S;721357
Key Down;S;723125
Key Up;D;723517
Key Down;D;723948
Key Up;S;724021
Key Down;Z;724157
Key Up;D;724261
Key Up;Z;724453
Key Down;S;724692
Key Down;Q;724861
Key Up;S;724933
Key Down;Z;725053
Key Up;Q;725157
Key Down;Q;725413
Key Up;Z;726269
Key Down;S;727877
Key Up;Q;728677
Key Down;Q;729093
Key Up;S;729173
Key Up;Q;729309
Key Down;S;729629
Key Down;D;730085
Key Up;D;730525
Key Down;Q;731245
Key Up;Q;731365
Key Down;D;731389
Key Up;S;731445
Key Down;Z;731909
Key Up;D;732205
Key Down;Q;732621
Key Up;Z;732861
Key Down;S;733069
Key Up;S;733301
Key Down;D;733413
Key Down;S;733493
Key Up;Q;733517
Key Up;S;733661
Key Down;Z;733837
Key Down;Q;734261
Key Up;D;734277
Key Up;Q;734341
Key Down;D;734389
Key Up;Z;734517
Key Down;Z;734741
Key Up;D;734829
Key Down;Q;735317
Key Up;Q;736173
Key Down;Q;736445
Key Up;Z;737477
Key Down;S;737861
Key Up;Q;738341
Key Down;Q;738765
Key Up;Q;739142
Key Down;D;739886
Key Up;S;740565
Key Down;Z;740741
Key Down;A;740829
Key Up;D;740845
Key Up;A;740965
Key Down;Q;741670
Key Up;Q;741933
Key Down;D;742070
Key Up;Z;742366
Key Down;Q;742669
Key Up;D;742701
Key Down;S;742846
Key Up;S;742981
Key Down;D;743213
Key Up;Q;743238
Key Down;Q;743517
Key Up;D;743549
Key Down;S;743717
Key Up;Q;744277
Key Down;D;744749
Key Up;S;745437
Key Down;Z;747173
Key Up;D;747845
Key Up;Z;748294
Key Down;D;748662
Key Up;D;749541
Key Down;S;749750
Key Down;Q;750462
Key Up;S;751637
Key Down;Z;753293
Key Up;Q;753414
Key Down;D;753558
Key Up;Z;753790
Key Down;Q;753958
Key Up;D;754085
Key Down;Z;755918
Key Up;Q;755989
Key Down;D;756293
Key Up;Z;756333
Key Down;Z;756414
Key Up;D;756614
Key Down;D;757046
Key Up;Z;758126
Key Down;Z;758509
Key Up;D;758798
Key Down;D;758893
Key Up;D;759062
Key Down;D;759198
Key Up;Z;759286
Key Down;S;759398
Key Up;S;760077
Key Down;S;760198
Key Up;S;760654
Key Down;S;760766
Key Up;D;761294
Key Down;D;761654
Key Up;D;762006
Key Down;Q;763086
Key Up;S;763430
Key Down;Z;763710
Key Up;Q;763838
Key Up;Z;764334
Key Down;Q;764446
Key Down;S;765733
Key Up;S;765805
Key Up;Q;766454
Key Down;D;773166
Key Down;Z;773502
Key Up;D;773958
Key Down;D;774238
Key Up;D;774574
Key Up;Z;774758
Key Down;Q;774766
Key Down;S;774934
Key Up;Q;774942
Key Up;S;775502
Key Down;Z;775702
Key Down;Q;775846
Key Up;Q;776110
Key Down;Q;777358
Key Up;Z;777654
Key Down;S;777942
Key Up;Q;778206
Key Down;D;778494
Key Up;S;778662
Key Up;D;778782
Key Down;Z;778878
Key Up;Z;779086
Key Down;E;779214
Key Up;E;779366
Key Down;S;779846
Key Down;Q;781927
Key Up;Q;782175
Key Down;D;782614
Key Up;S;782862
Key Up;D;782942
Key Down;Tab;783006
Key Up;Tab;787534
Key Down;S;787598
Key Down;D;787966
Key Up;D;788014
Key Down;Q;788911
Key Up;S;789710
Key Down;S;793239
Key Up;S;794102
Key Down;Z;794855
Key Up;Q;795406
Key Down;Q;795894
Key Up;Z;796983
Key Down;Z;797823
Key Up;Q;797919
Key Down;D;800174
Key Up;Z;800734
Key Down;S;801095
Key Up;D;801207
Key Down;Q;801982
Key Up;S;802022
Key Up;Q;802079
Key Down;S;802831
Key Down;Q;802895
Key Up;S;803071
Key Down;Z;803494
Key Up;Q;803518
Key Up;Z;803887
Key Down;S;804039
Key Down;D;804679
Key Up;S;805063
Key Down;Z;806079
Key Up;D;806599
Key Up;Z;807134
Key Down;Z;807391
Key Down;Q;807719
Key Up;Z;808031
Key Down;S;808319
Key Up;Q;808342
Key Down;Q;809119
Key Up;S;809550
Key Down;Z;810607
Key Up;Q;811055
Key Up;Z;812278
Key Down;D;812390
Key Up;D;812903
Key Down;A;812911
Key Up;A;813007
Key Down;Q;813495
Key Down;Z;813719
Key Up;Q;813983
Key Up;Z;814415
Key Down;Z;815999
Key Up;Z;816287
Key Down;D;816399
Key Down;S;816655
Key Up;D;816911
Key Down;Q;817870
Key Up;S;818158
Key Down;Z;818415
Key Up;Q;818991
Key Up;Z;819159
Key Down;S;819455
Key Down;D;819879
Key Up;D;820247
Key Up;S;820255
Key Down;Q;820311
Key Down;Z;820415
Key Up;Q;820479
Key Up;Z;820751
Key Down;S;821287
Key Down;D;822159
Key Up;S;822496
Key Up;D;822695
Key Down;Q;822799
Key Down;Z;822903
Key Up;Q;823128
Key Up;Z;823567
Key Down;S;824695
Key Up;S;824879
Key Down;Z;825087
Key Up;Z;827160
Key Down;S;827383
Key Down;E;828751
Key Up;S;828831
Key Up;E;828935
Key Down;Z;829351
Key Down;A;829871
Key Up;A;829991
Key Down;D;830856
Key Up;Z;831472
Key Down;Z;832031
Key Up;Z;832375
Key Down;Q;832519
Key Up;D;832535
Key Down;Z;832935
Key Up;Q;832983
Key Up;Z;834152
Key Down;D;834463
Key Up;D;834519
Key Down;Z;834599
Key Down;Q;834815
Key Up;Z;835096
Key Up;Q;835887
Key Down;D;835896
Key Down;S;837695
Key Up;S;838240
Key Down;Z;839760
Key Up;Z;840080
Key Up;D;840223
Key Down;D;840800
Key Down;S;840816
Key Up;S;840983
Key Up;D;841247
Key Down;D;841728
Key Up;D;841848
Key Down;Z;842007
Key Up;Z;842039
Key Down;Q;842808
Key Up;Q;846183
Key Down;Z;846688
Key Down;D;846720
Key Up;D;846840
Key Down;Q;846928
Key Up;Q;847056
Key Up;Z;848512
Key Down;Q;848712
Key Up;Q;848920
Key Down;Q;849288
Key Down;S;849296
Key Up;S;849552
Key Down;Z;850192
Key Up;Q;850823
Key Down;D;851624
Key Up;D;851776
Key Down;D;852464
Key Up;Z;852656
Key Down;S;853304
Key Up;D;854576
Key Down;Q;855096
Key Up;S;855672
Key Up;Q;855992
Key Down;Z;856407
Key Up;Z;856664
Key Down;A;856800
Key Up;A;856920
Key Down;Z;857359
Key Down;D;857408
Key Up;Z;857728
Key Up;D;857736
Key Down;Z;859032
Key Down;D;859464
Key Up;Z;859704
Key Up;D;859736
Key Down;Z;860024
Key Up;Z;860320
Key Down;A;860560
Key Up;A;860688
Key Down;S;860872
Key Down;D;860920
Key Up;D;861184
Key Down;D;861768
Key Up;D;862080
Key Down;Q;862312
Key Up;S;862464
Key Up;Q;862672
Key Down;Q;862752
Key Up;Q;862816
Key Down;D;863000
Key Down;Z;863328
Key Up;D;863752
Key Down;Q;864104
Key Up;Z;864184
Key Up;Q;864961
Key Down;A;865304
Key Up;A;865424
Key Down;Q;866336
Key Down;S;867528
Key Up;S;867712
Key Down;S;868984
Key Up;Q;869024
Key Down;D;870048
Key Up;D;870104
Key Down;Q;873608
Key Up;S;873665
Key Down;S;875024
Key Up;Q;875465
Key Down;D;875880
Key Up;S;876009
Key Down;A;876281
Key Up;D;876320
Key Up;A;876456
Key Down;Z;877145
Key Down;D;877609
Key Up;Z;878729
Key Down;A;878880
Key Up;D;878912
Key Up;A;878993
Key Down;S;880105
Key Down;Q;880457
Key Up;S;881368
Key Up;Q;881681
Key Down;Z;881689
Key Down;D;881953
Key Down;A;882193
Key Up;Z;882201
Key Up;D;882217
Key Up;A;882296
Key Down;Z;882561
Key Down;Q;882776
Key Up;Q;883216
Key Up;Z;883337
Key Down;S;883609
Key Up;S;884568
Key Down;S;887881
Key Down;Q;888176
Key Up;Q;888248
Key Up;S;890409
Key Down;Q;890593
Key Down;S;890905
Key Up;Q;890976
Key Up;S;891513
Key Down;D;891521
Key Up;D;891705
Key Down;Z;894137
Key Up;Z;894457
Key Down;D;895705
Key Down;Z;895793
Key Up;D;895817
Key Up;Z;895913
Key Down;E;897737
Key Up;E;897881
Key Down;D;898832
Key Up;D;899041
Key Down;S;899337
Key Up;S;899433
Key Down;Q;899553
Key Up;Q;899785
Key Down;E;900361
Key Up;E;900489
Key Down;Tab;902977
Key Up;Tab;913441
Key Down;Q;913953
Key Down;S;915690
Key Up;S;917010
Key Down;S;919001
Key Up;Q;919410
Key Down;E;919769
Key Up;S;919841
Key Up;E;919906
Key Down;S;920650
Key Down;Q;921010
Key Up;Q;921058
Key Down;D;921513
Key Up;S;921554
Key Down;S;921698
Key Up;D;921746
Key Down;Q;921761
Key Up;S;922033
Key Up;Q;922097
Key Down;E;922482
Key Up;E;922610
Key Down;Z;922897
Key Down;D;923058
Key Up;Z;924362
Key Down;Z;925786
Key Up;Z;926834
Key Up;D;927330
Key Down;E;928338
Key Up;E;928442
Key Down;Tab;930538
Key Up;Tab;932274
Key Down;Z;934098
Key Up;Z;934666
Key Down;D;935450
Key Down;S;935554
Key Up;S;935938
Key Up;D;936026
Key Down;E;936425
Key Up;E;936538
Key Down;D;938218
Key Down;S;938442
Key Up;D;938458
Key Down;Q;938537
Key Up;S;938626
Key Down;Z;939002
Key Up;Q;939130
Key Up;Z;939986
Key Down;Q;949618
Key Down;S;949770
Key Up;Q;949859
Key Down;D;950130
Key Up;D;950323
Key Down;D;950914
Key Up;S;950954
Key Down;S;951354
Key Up;D;951618
Key Down;D;953026
Key Up;S;953114
Key Down;S;953946
Key Up;D;954035
Key Up;S;954139
Key Down;Q;954563
Key Down;Z;954803
Key Up;Z;955330
Key Up;Q;955395
Key Down;D;955866
Key Down;S;956066
Key Up;D;956098
Key Up;S;956338
Key Down;Z;956523
Key Up;Z;956659
Key Down;D;956674
Key Down;S;956834
Key Up;S;957058
Key Down;Z;957210
Key Up;D;957250
Key Up;Z;957482
Key Down;Q;957522
Key Down;S;957651
Key Up;Q;957722
Key Up;S;958195
Key Down;Z;958419
Key Down;Q;958587
Key Up;Q;958730
Key Up;Z;959002
Key Down;D;959027
Key Up;D;959042
Key Down;S;959186
Key Up;S;959347
Key Down;S;959491
Key Up;S;959618
Key Down;Q;959962
Key Down;Z;960066
Key Up;Q;960130
Key Down;D;960298
Key Up;Z;960355
Key Down;Q;960402
Key Up;D;960427
Key Up;Q;960538
Key Down;S;960923
Key Up;S;961082
Key Down;S;962370
Key Up;S;962498
Key Down;D;962610
Key Down;Z;962730
Key Up;Z;962962
Key Up;D;962978
Key Down;Q;963082
Key Up;Q;963210
Key Down;S;963306
Key Up;S;963467
Key Down;Q;963874
Key Up;Q;963914
Key Down;D;963938
Key Up;D;964354
Key Down;S;964506
Key Down;D;964651
Key Up;D;964874
Key Up;S;965546
Key Down;Q;965571
Key Up;Q;965778
Key Down;Z;966234
Key Down;D;966395
Key Up;D;966762
Key Down;Q;967218
Key Up;Z;967411
Key Down;Z;968074
Key Up;Q;968098
Key Up;Z;968235
Key Down;Q;968578
Key Down;Z;968795
Key Up;Z;969106
Key Up;Q;969395
Key Down;Q;970547
Key Up;Q;971387
Key Down;D;971419
Key Down;S;974403
Key Up;S;974491
Key Down;Z;975123
Key Up;D;975242
Key Up;Z;976395
Key Down;Q;978339
Key Up;Q;978475
Key Down;D;978779
Key Down;S;978803
Key Up;D;978827
Key Up;S;978915
Key Down;D;978971
Key Down;S;978994
Key Up;D;979034
Key Up;S;979170
Key Down;D;979283
Key Up;D;979355
Key Down;D;979587
Key Down;Z;979803
Key Up;D;979843
Key Down;Q;980203
Key Up;Z;980347
Key Down;Z;980531
Key Up;Q;981035
Key Down;D;981123
Key Up;Z;981811
Key Down;Z;981971
Key Down;A;982163
Key Up;A;982259
Key Up;Z;982563
Key Down;Z;982883
Key Up;Z;983035
Key Down;S;983219
Key Up;S;983571
Key Down;S;984107
Key Up;D;984147
Key Down;Q;984363
Key Up;S;984395
Key Up;Q;984587
Key Down;D;984627
Key Down;Z;984659
Key Up;D;984827
Key Up;Z;985067
Key Down;Z;985203
Key Down;D;985243
Key Up;Z;985275
Key Down;Z;985339
Key Up;D;985363
Key Up;Z;985531
Key Down;S;985683
Key Down;Q;985883
Key Up;S;986067
Key Up;Q;986235
Key Down;S;986403
Key Up;S;986563
Key Down;Q;986635
Key Up;Q;986683
Key Down;Q;986867
Key Down;Z;987275
Key Up;Z;987539
Key Down;S;988459
Key Up;Q;989299
Key Down;D;989779
Key Up;S;990683
Key Down;S;991067
Key Up;S;991212
Key Up;D;991691
Key Down;S;991923
Key Up;S;992155
Key Down;D;992307
Key Up;D;992579
Key Down;Z;992595
Key Up;Z;992867
Key Down;A;993899
Key Up;A;994011
Key Down;Q;994203
Key Down;Z;995411
Key Up;Q;995627
Key Down;D;995924
Key Up;Z;996011
Key Up;D;996131
Key Down;S;996988
Key Down;D;997244
Key Up;S;997531
Key Down;Z;998963
Key Up;D;999460
Key Up;Z;999539
Key Down;Q;999564
Key Down;S;999700
Key Up;Q;1000195
Key Up;S;1000556
Key Down;Z;1001388
Key Down;A;1001580
Key Up;A;1001715
Key Up;Z;1001795
Key Down;Q;1001963
Key Down;Z;1002099
Key Up;Q;1002203
Key Up;Z;1003699
Key Down;D;1003851
Key Down;S;1004715
Key Up;S;1004956
Key Down;Z;1005883
Key Up;D;1006108
Key Up;Z;1007260
Key Down;Z;1007564
Key Up;Z;1008548
Key Down;Z;1008892
Key Down;Q;1009187
Key Up;Z;1009228
Key Up;Q;1009396
Key Down;S;1009436
Key Down;Q;1009764
Key Up;Q;1009844
Key Down;D;1010188
Key Up;S;1010284
Key Down;A;1010355
Key Up;D;1010363
Key Up;A;1010468
Key Down;Q;1010659
Key Down;Z;1010772
Key Up;Q;1010803
Key Down;Q;1011068
Key Up;Z;1011332
Key Down;S;1011692
Key Up;S;1012196
Key Down;D;1012220
Key Up;Q;1012228
Key Down;Z;1012371
Key Up;D;1012652
Key Down;Q;1012811
Key Up;Z;1013347
Key Down;S;1014083
Key Up;S;1014780
Key Up;Q;1015220
Key Down;D;1015348
Key Up;D;1015604
Key Down;Q;1015796
Key Down;S;1016140
Key Up;Q;1016180
Key Down;D;1016796
Key Up;S;1016892
Key Down;A;1017004
Key Up;A;1017116
Key Down;Z;1017212
Key Up;D;1017220
Key Up;Z;1017747
Key Down;S;1017955
Key Up;S;1018148
Key Down;Z;1018268
Key Down;Q;1018676
Key Up;Z;1018995
Key Down;S;1022580
Key Up;S;1022876
Key Down;Z;1023116
Key Up;Q;1023228
Key Down;A;1023412
Key Up;A;1023572
Key Down;D;1024484
Key Up;Z;1025140
Key Down;S;1026412
Key Up;D;1026588
Key Up;S;1026660
Key Down;Q;1026716
Key Down;Z;1026860
Key Up;Z;1027276
Key Down;S;1028164
Key Up;Q;1028172
Key Down;D;1028252
Key Up;S;1028276
Key Up;D;1028348
Key Down;Q;1028379
Key Down;D;1029004
Key Up;Q;1029012
Key Up;D;1029212
Key Down;Q;1029332
Key Up;Q;1029612
Key Down;D;1029636
Key Down;Z;1029820
Key Up;Z;1030020
Key Down;S;1031508
Key Up;D;1031636
Key Down;A;1031780
Key Up;A;1031900
Key Up;S;1032076
Key Down;Z;1032380
Key Up;Z;1032821
Key Down;Q;1032940
Key Down;S;1034652
Key Up;Q;1034940
Key Down;D;1034988
Key Up;S;1035077
Key Down;Z;1035428
Key Up;Z;1035789
Key Down;S;1037132
Key Up;D;1037148
Key Up;S;1037493
Key Down;D;1038013
Key Down;Z;1038045
Key Up;D;1038420
Key Down;Q;1038484
Key Up;Z;1038940
Key Down;S;1040596
Key Up;Q;1040924
Key Down;D;1041005
Key Up;S;1041132
Key Up;D;1041292
Key Down;D;1042388
Key Up;D;1042469
Key Down;Q;1044213
Key Up;Q;1044725
Key Down;S;1044829
Key Down;Q;1045116
Key Up;Q;1045188
Key Up;S;1045237
Key Down;Z;1045437
Key Up;Z;1045621
Key Down;S;1046692
Key Up;S;1047412
Key Down;Z;1047749
Key Up;Z;1047973
Key Down;S;1048484
Key Down;D;1048773
Key Up;S;1048916
Key Down;S;1049348
Key Up;D;1049469
Key Down;D;1049541
Key Up;S;1050124
Key Down;Z;1050316
Key Up;D;1051021
Key Up;Z;1052125
Key Down;D;1052981
Key Up;D;1053228
Key Down;S;1053309
Key Down;A;1053716
Key Up;A;1053845
Key Down;Q;1054132
Key Up;S;1054188
Key Up;Q;1054781
Key Down;Z;1062405
Key Down;D;1062421
Key Up;D;1063021
Key Up;Z;1063069
Key Down;S;1063773
Key Up;S;1064805
Key Down;Tab;1064869
Key Up;Tab;1067069
Key Down;D;1069261
Key Down;S;1069717
Key Up;D;1069773
Key Down;D;1069997
Key Up;S;1070333
Key Down;Z;1070949
Key Up;Z;1071157
Key Down;S;1071573
Key Up;D;1071869
Key Down;D;1072437
Key Up;D;1072589
Key Down;Q;1072637
Key Up;Q;1072910
Key Down;D;1072973
Key Up;D;1073117
Key Down;Q;1074413
Key Up;Q;1074549
Key Down;D;1075957
Key Up;S;1076086
Key Up;D;1076261
Key Down;Q;1076310
Key Down;S;1076406
Key Up;Q;1076453
Key Up;S;1078349
Key Down;Q;1083029
Key Down;S;1083405
Key Up;S;1083757
Key Up;Q;1083765
Key Down;D;1083790
Key Up;D;1083917
Key Down;Q;1084094
Key Up;Q;1084213
Key Down;E;1084301
Key Up;E;1084405
Key Down;Z;1084598
Key Down;D;1084694
Key Down;A;1085045
Key Up;D;1085053
Key Up;A;1085125
Key Down;D;1085206
Key Up;Z;1085549
Key Down;S;1086174
Key Up;S;1086518
Key Down;Z;1087086
Key Up;D;1089421
Key Down;D;1089934
Key Up;D;1090182
Key Up;Z;1092718
Key Down;S;1093334
Key Down;Q;1093582
Key Up;S;1093686
Key Up;Q;1093829
Key Down;S;1093837
Key Down;D;1094358
Key Up;S;1094478
Key Down;A;1094541
Key Up;A;1094638
Key Down;Z;1095109
Key Up;D;1095645
Key Up;Z;1095749
Key Down;S;1096030
Key Down;Q;1096182
Key Up;Q;1096358
Key Up;S;1096445
Key Down;Q;1096678
Key Up;Q;1097277
Key Down;A;1097526
Key Up;A;1097590
Key Down;D;1097638
Key Up;D;1097733
Key Down;Z;1097742
Key Up;Z;1097854
Key Down;Q;1098022
Key Down;Z;1098214
Key Up;Q;1098310
Key Down;D;1098565
Key Up;Z;1098942
Key Down;Q;1099022
Key Up;D;1099038
Key Down;Z;1099334
Key Up;Q;1099374
Key Down;D;1099477
Key Up;Z;1099710
Key Up;D;1099917
Key Down;Q;1100389
Key Down;Z;1100582
Key Up;Q;1100590
Key Up;Z;1100686
Key Down;D;1100958
Key Down;S;1101222
Key Up;D;1101270
Key Up;S;1101318
Key Down;S;1101517
Key Up;S;1101581
Key Down;D;1101717
Key Up;D;1101765
Key Down;Q;1102398
Key Down;S;1102598
Key Up;Q;1102854
Key Down;A;1103062
Key Up;A;1103190
Key Down;Q;1103454
Key Up;Q;1103566
Key Down;D;1103630
Key Up;S;1103870
Key Down;Z;1104102
Key Up;D;1104390
Key Down;D;1104454
Key Up;D;1104669
Key Down;Q;1105054
Key Up;Z;1105206
Key Up;Q;1105350
Key Down;D;1105358
Key Down;S;1105518
Key Up;S;1106118
Key Down;Z;1106278
Key Up;D;1106365
Key Down;Q;1106502
Key Up;Z;1106646
Key Down;Z;1107294
Key Up;Q;1107526
Key Up;Z;1107614
Key Down;Q;1107622
Key Down;S;1107750
Key Up;Q;1107998
Key Up;S;1108102
Key Down;D;1108110
Key Down;Z;1108262
Key Up;D;1108286
Key Down;Q;1108390
Key Up;Q;1108613
Key Down;D;1108622
Key Up;Z;1108694
Key Down;Z;1108854
Key Up;D;1109494
Key Down;D;1109638
Key Up;D;1110454
Key Down;Q;1110526
Key Up;Q;1110765
Key Down;D;1111014
Key Up;D;1111206
Key Down;Q;1111214
Key Up;Z;1111486
Key Down;S;1111646
Key Up;S;1111966
Key Up;Q;1112638
Key Down;A;1112734
Key Up;A;1112830
Key Down;Q;1113014
Key Down;S;1113230
Key Up;Q;1113534
Key Up;S;1113606
Key Down;Z;1113998
Key Down;D;1114118
Key Up;Z;1114574
Key Up;D;1114582
Key Down;Q;1115358
Key Down;S;1115830
Key Up;Q;1115942
Key Down;D;1115959
Key Up;D;1116351
Key Up;S;1116438
Key Down;Z;1116654
Key Down;A;1116718
Key Up;A;1116830
Key Down;D;1116870
Key Up;Z;1117047
Key Up;D;1117311
Key Down;S;1117414
Key Up;S;1117454
Key Down;Q;1118222
Key Down;S;1118447
Key Up;Q;1118574
Key Down;D;1118646
Key Up;S;1118774
Key Up;D;1118974
Key Down;Q;1119039
Key Up;Q;1119103
Key Down;Z;1119174
Key Down;D;1119255
Key Up;Z;1119326
Key Up;D;1119414
Key Down;Q;1119462
Key Down;Z;1119838
Key Up;Z;1119959
Key Down;S;1120150
Key Up;Q;1120279
Key Up;S;1120398
Key Down;A;1120414
Key Up;A;1120510
Key Down;D;1120695
Key Down;S;1120775
Key Up;S;1120854
Key Down;Z;1121014
Key Up;Z;1121030
Key Up;D;1121143
Key Down;Q;1121191
Key Down;S;1121334
Key Down;D;1121526
Key Up;Q;1121574
Key Up;S;1121702
Key Down;Z;1121814
Key Up;D;1121831
Key Down;Q;1122118
Key Up;Z;1122174
Key Down;Z;1122582
Key Up;Q;1122622
Key Up;Z;1122703
Key Down;S;1122838
Key Down;Q;1123023
Key Down;D;1123159
Key Up;Q;1123174
Key Up;S;1123494
Key Down;A;1123622
Key Up;D;1123630
Key Up;A;1123719
Key Down;Z;1123966
Key Down;D;1124030
Key Up;Z;1124391
Key Down;S;1124855
Key Up;S;1126383
Key Down;Z;1128071
Key Down;A;1128334
Key Up;A;1128439
Key Up;D;1128479
Key Down;Q;1129118
Key Up;Q;1129543
Key Down;D;1129551
Key Up;Z;1129558
Key Down;S;1129902
Key Up;D;1130023
Key Down;Q;1130135
Key Up;S;1130350
Key Down;S;1130646
Key Down;D;1130911
Key Up;Q;1130934
Key Up;S;1130958
Key Down;S;1131271
Key Up;D;1131358
Key Down;Q;1131430
Key Up;Q;1131679
Key Down;A;1131934
Key Up;A;1132038
Key Down;Q;1132247
Key Up;S;1132478
Key Down;Z;1132678
Key Up;Q;1132911
Key Down;Q;1133247
Key Up;Z;1133375
Key Down;S;1133566
Key Up;Q;1133623
Key Down;Q;1134318
Key Up;Q;1135335
Key Up;S;1135559
Key Down;S;1135847
Key Up;S;1136151
Key Down;Z;1136286
Key Up;Z;1136607
Key Down;S;1137287
Key Down;D;1137639
Key Up;S;1137687
Key Up;D;1137950
Key Down;Q;1138366
Key Up;Q;1139511
Key Down;D;1139743
Key Up;D;1140030
Key Down;D;1140359
Key Down;Z;1140375
Key Up;D;1141791
Key Down;A;1141799
Key Up;A;1141982
Key Down;D;1142279
Key Up;D;1142407
Key Up;Z;1142447
Key Down;Z;1152927
Key Down;D;1153207
Key Up;Z;1153823
Key Down;A;1154951
Key Up;A;1155031
Key Down;Z;1155639
Key Up;D;1155735
Key Down;Q;1156087
Key Up;Z;1156103
Key Down;S;1156343
Key Up;Q;1156455
Key Down;D;1156919
Key Up;S;1157063
Key Down;Z;1157263
Key Up;D;1157359
Key Down;Q;1157399
Key Up;Z;1157439
Key Down;S;1158015
Key Down;D;1158047
Key Up;Q;1158055
Key Up;S;1158072
Key Down;Z;1158431
Key Up;D;1158504
Key Up;Z;1158624
Key Down;A;1158671
Key Up;A;1158760
Key Down;Q;1159015
Key Down;Z;1159423
Key Up;Q;1159528
Key Up;Z;1159560
Key Down;D;1160639
Key Up;D;1160959
Key Down;Q;1160975
Key Down;Z;1161367
Key Up;Q;1161415
Key Down;D;1161495
Key Up;Z;1161543
Key Down;A;1161663
Key Up;A;1161832
Key Up;D;1161847
Key Down;Z;1162271
Key Down;D;1162311
Key Up;Z;1162456
Key Up;D;1162535
Key Down;Z;1162615
Key Down;D;1162719
Key Up;D;1162879
Key Up;Z;1162911
Key Down;Q;1164207
Key Up;Q;1164287
Key Down;Q;1164367
Key Up;Q;1164424
Key Down;Q;1164551
Key Up;Q;1164703
Key Down;Q;1164831
Key Up;Q;1164992
Key Down;S;1165119
Key Down;D;1165288
Key Up;S;1165359
Key Down;A;1165535
Key Up;A;1165647
Key Up;D;1166111
Key Down;D;1167647
Key Down;Z;1167735
Key Up;D;1167991
Key Up;Z;1168263
Key Down;Q;1168272
Key Up;Q;1168624
Key Down;S;1168639
Key Down;D;1168903
Key Up;S;1169040
Key Down;A;1169152
Key Up;D;1169200
Key Up;A;1169248
Key Down;S;1169687
Key Down;D;1169823
Key Up;S;1169871
Key Up;D;1170032
Key Down;E;1170264
Key Up;E;1170343
Key Down;Z;1170487
Key Up;Z;1170576
Key Down;D;1170848
Key Down;S;1170984
Key Up;S;1171576
Key Down;Z;1171912
Key Up;D;1172432
Key Down;Q;1172800
Key Up;Q;1173751
Key Down;D;1174656
Key Up;Z;1174743
Key Down;Z;1174872
Key Up;D;1174880
Key Up;Z;1175047
Key Down;D;1175239
Key Down;Z;1175312
Key Up;D;1175767
Key Down;Q;1176432
Key Up;Z;1176711
Key Up;Q;1176848
Key Down;S;1176888
Key Down;D;1177128
Key Up;D;1177264
Key Down;Q;1178015
Key Up;Q;1178232
Key Down;Q;1178496
Key Up;S;1178704
Key Down;D;1178848
Key Up;Q;1178856
Key Down;Z;1179440
Key Up;D;1179551
Key Down;Q;1181056
Key Up;Z;1181536
Key Down;S;1182095
Key Up;Q;1183432
Key Down;D;1184320
Key Up;S;1184448
Key Up;D;1184535
Key Down;Z;1184624
Key Down;Q;1184775
Key Up;Q;1185192
Key Up;Z;1186024
Key Down;S;1186200
Key Down;Q;1186944
Key Up;S;1187096
Key Down;D;1187232
Key Up;Q;1187280
Key Down;Z;1187376
Key Up;D;1187520
Key Down;D;1187895
Key Up;Z;1188392
Key Down;Z;1188687
Key Up;D;1188744
Key Down;Q;1188880
Key Up;Z;1188904
Key Down;S;1189352
Key Up;Q;1189800
Key Down;D;1190696
Key Up;S;1190720
Key Down;A;1190840
Key Up;D;1190872
Key Up;A;1190968
Key Down;Z;1191031
Key Down;Q;1191616
Key Up;Z;1192264
Key Down;Z;1193496
Key Up;Q;1193568
Key Down;Q;1193888
Key Up;Z;1194160
Key Down;S;1195224
Key Up;S;1195472
Key Down;D;1195552
Key Up;Q;1195584
Key Down;Z;1195712
Key Down;A;1195896
Key Up;A;1195992
Key Up;Z;1196064
Key Down;S;1196736
Key Up;D;1197352
Key Down;D;1198088
Key Up;D;1198600
Key Up;S;1198664
Key Down;Z;1198793
Key Down;Q;1198864
Key Up;Z;1199168
Key Up;Q;1199305
Key Down;D;1201432
Key Down;Z;1201745
Key Up;D;1201816
Key Down;Q;1202224
Key Up;Z;1202344
Key Down;S;1202552
Key Up;Q;1202784
Key Up;S;1202801
Key Down;A;1203264
Key Up;A;1203361
Key Down;Z;1203809
Key Down;D;1204352
Key Up;D;1204505
Key Down;Q;1204752
Key Up;Z;1204888
Key Down;S;1205289
Key Up;S;1206120
Key Up;Q;1206456
Key Down;A;1206632
Key Up;A;1206753
Key Down;D;1206816
Key Down;Z;1206824
Key Up;Z;1207345
Key Up;D;1207393
Key Down;E;1207768
Key Up;E;1207872
Key Down;D;1208344
Key Up;D;1208512
Key Down;Q;1208800
Key Down;S;1209440
Key Up;Q;1209960
Key Down;D;1210472
Key Up;D;1211264
Key Down;Q;1211584
Key Up;S;1212249
Key Up;Q;1212673
Key Down;Q;1213985
Key Up;Q;1215312
Key Down;Q;1218497
Key Up;Q;1218721
Key Down;Z;1218761
Key Up;Z;1218985
Key Down;E;1219033
Key Up;E;1219121
Key Down;D;1220185
Key Down;S;1220209
Key Up;D;1220377
Key Up;S;1220385
Key Down;Z;1221065
Key Up;Z;1221145
Key Down;E;1221449
Key Up;E;1221552
Key Down;D;1222041
Key Down;S;1222377
Key Up;S;1222633
Key Down;Z;1224153
Key Up;Z;1224505
Key Up;D;1225081
Key Down;D;1226136
Key Down;Z;1226457
Key Down;A;1226624
Key Up;D;1226665
Key Up;A;1226737
Key Down;D;1227281
Key Up;Z;1227721
Key Down;S;1228225
Key Up;S;1228449
Key Down;A;1229201
Key Up;D;1229249
Key Up;A;1229337
Key Down;D;1229761
Key Down;Z;1229825
Key Up;Z;1230000
Key Down;S;1231065
Key Up;D;1231753
Key Down;Q;1232369
Key Up;Q;1233017
Key Up;S;1233648
Key Down;D;1233800
Key Up;D;1234193
Key Down;A;1235585
Key Up;A;1235697
Key Down;D;1236017
Key Down;S;1236217
Key Up;D;1236897
Key Down;Q;1238561
Key Up;S;1238593
Key Up;Q;1239177
Key Down;Tab;1239329
Key Up;Tab;1243665
Key Down;Q;1244177
Key Down;S;1244329
Key Up;S;1244961
Key Down;S;1246106
Key Up;Q;1247481
Key Down;Q;1250641
Key Up;S;1250794
Key Up;Q;1251233
Key Down;Q;1266170
Key Down;S;1267402
Key Up;Q;1267602
Key Up;S;1267738
Key Down;Q;1268010
Key Down;S;1268954
Key Up;Q;1269113
Key Down;D;1269234
Key Up;D;1269666
Key Down;Q;1270762
Key Up;S;1271346
Key Down;S;1271994
Key Up;S;1272178
Key Down;S;1272522
Key Up;S;1272770
Key Down;Z;1274170
Key Up;Q;1275842
Key Up;Z;1276002
Key Down;E;1278546
Key Up;E;1278738
Key Down;S;1283778
Key Down;D;1284954
Key Up;D;1285266
Key Down;D;1285706
Key Up;D;1286099
Key Down;Q;1286739
Key Up;Q;1286834
Key Up;S;1288611
Key Down;Q;1288674
Key Down;Z;1289491
Key Up;Q;1289762
Key Down;D;1289898
Key Up;Z;1290098
Key Down;S;1290843
Key Down;A;1291283
Key Up;A;1291442
Key Up;D;1292074
Key Down;Q;1292922
Key Up;S;1292939
Key Down;Z;1293994
Key Up;Q;1294074
Key Down;D;1294147
Key Up;Z;1294258
Key Down;Z;1295978
Key Up;Z;1296283
Key Down;S;1296482
Key Up;S;1296730
Key Down;S;1298523
Key Up;D;1298883
Key Up;S;1298947
Key Down;Q;1298963
Key Down;Z;1299323
Key Up;Q;1299842
Key Up;Z;1299850
Key Down;D;1299874
Key Down;S;1299971
Key Up;D;1300114
Key Down;Q;1300123
Key Up;Q;1300562
Key Up;S;1301346
Key Down;Echap;1311971
Key Up;Echap;1312099
Key Down;Echap;1319827
Key Up;Echap;1319963
Key Down;N;1336315
Key Up;N;1336388
Key Down;O;1336435
Key Down;P;1336531
Key Up;O;1336555
Key Up;P;1336595
Key Down;Espace;1336763
Key Up;Espace;1336851
Key Down;D;1337307
Key Up;D;1337387
Key Down;2;1337515
Key Up;2;1337564
Key Down;S;1337804
Key Up;S;1337859
Key Down;O;1337947
Key Up;O;1338003
Key Down;Espace;1338091
Key Up;Espace;1338187
Key Down;P;1339691
Key Up;P;1339739
Key Down;A;1339771
Key Down;S;1339883
Key Up;A;1339899
Key Up;S;1339963
Key Down;Espace;1340020
Key Up;Espace;1340075
Key Down;C;1340163
Key Up;C;1340243
Key Down;E;1340355
Key Up;E;1340411
Key Down;Espace;1340460
Key Up;Espace;1340515
Key Down;S;1340579
Key Up;S;1340651
Key Down;O;1340771
Key Down;I;1340827
Key Up;O;1340859
Key Up;I;1340907
Key Down;R;1341012
Key Up;R;1341075
Key Down;Espace;1341163
Key Down;Entrée;1341227
Key Up;Espace;1341251
Key Up;Entrée;1341299
Key Down;J;1343668
Key Up;J;1343732
Key Down;E;1343788
Key Up;E;1343844
Key Down;Espace;1343988
Key Up;Espace;1344044
Key Down;F;1344164
Key Up;F;1344236
Key Down;A;1344364
Key Up;A;1344444
Key Down;I;1344516
Key Up;I;1344572
Key Down;T;1344676
Key Up;T;1344740
Key Down;Espace;1344804
Key Up;Espace;1344868
Key Down;U;1345124
Key Down;N;1345180
Key Up;U;1345204
Key Up;N;1345252
Key Down;E;1345364
Key Up;E;1345428
Key Down;Espace;1345452
Key Up;Espace;1345515
Key Down;4;1347075
Key Up;4;1347147
Key Down;T;1347276
Key Up;T;1347340
Key Down;I;1347451
Key Up;I;1347508
Key Down;T;1347956
Key Up;T;1348028
Key Down;Espace;1348172
Key Up;Espace;1348236
Key Down;P;1348859
Key Up;P;1348915
Key Down;A;1348971
Key Up;A;1349052
Key Down;U;1349147
Key Up;U;1349203
Key Down;S;1349252
Key Up;S;1349331
Key Down;E;1349444
Key Up;E;1349499
Key Down;Espace;1349532
Key Up;Espace;1349596
Key Down;D;1349668
Key Up;D;1349740
Key Down;E;1349828
Key Up;E;1349892
Key Down;Espace;1349916
Key Up;Espace;1349979
Key Down;Right Shift;1350340
Key Down;M;1350556
Key Up;M;1350683
Key Down;C;1350740
Key Up;C;1350804
Key Up;Right Shift;1350868
Key Down;Espace;1350972
Key Up;Espace;1351028
Key Down;J;1351899
Key Up;J;1351955
Key Down;E;1352019
Key Up;E;1352067
Key Down;Espace;1352140
Key Up;Espace;1352195
Key Down;R;1352244
Key Up;R;1352308
Key Down;E;1352404
Key Up;E;1352468
Key Down;P;1352564
Key Up;P;1352620
Key Down;R;1352708
Key Up;R;1352772
Key Down;E;1352876
Key Up;E;1352940
Key Down;N;1353003
Key Up;N;1353076
Key Down;D;1353124
Key Up;D;1353196
Key Down;Espace;1353244
Key Up;Espace;1353315
Key Down;L;1354132
Key Up;L;1354180
Key Down;A;1354212
Key Up;A;1354275
Key Down;Espace;1354387
Key Up;Espace;1354435
Key Down;S;1354516
Key Up;S;1354612
Key Down;E;1354835
Key Up;E;1354908
Key Down;M;1355043
Key Up;M;1355100
Key Down;A;1355139
Key Up;A;1355195
Key Down;I;1355356
Key Down;N;1355420
Key Up;I;1355476
Key Up;N;1355516
Key Down;E;1355564
Key Up;E;1355620
Key Down;Espace;1355684
Key Up;Espace;1355756
Key Down;P;1356532
Key Up;P;1356588
Key Down;R;1356652
Key Up;R;1356708
Key Down;O;1356788
Key Up;O;1356836
Key Down;Espace;1356892
Key Up;Espace;1356980
Key Down;X;1358132
Key Up;X;1358236
Key Down;Left Shift;1358268
Key Down;D;1358348
Key Up;Left Shift;1358372
Key Up;D;1358436
Key Down;Entrée;1358444
Key Up;Entrée;1358492
