Event;Key;Time
Key Down;F;46563
Key Up;F;46643
Key Down;W;50796
Key Up;W;52868
Key Down;W;54828
Key Up;W;57740
Key Down;W;60340
Key Up;W;65220
Key Down;W;65900
Key Up;W;68428
Key Down;W;70629
Key Up;W;82253
Key Down;W;92253
Key Up;W;94349
Key Down;W;97629
Key Up;W;102237
Key Down;W;103822
Key Up;W;105661
Key Down;W;107381
Key Up;W;110213
Key Down;W;110637
Key Up;W;110781
Key Down;W;111453
Key Up;W;111581
Key Down;W;112013
Key Up;W;113989
Key Down;W;119661
Key Up;W;119918
Key Down;W;120293
Key Up;W;121350
Key Down;W;122365
Key Up;W;132181
Key Down;W;142006
Key Down;Left Shift;143390
Key Down;F;144742
Key Up;F;144814
Key Up;Left Shift;146574
Key Up;W;146590
Key Down;S;146846
Key Up;S;147142
Key Down;W;152254
Key Up;W;152335
Key Down;S;164319
Key Down;D;164471
Key Up;S;164622
Key Up;D;164822
Key Down;W;165143
Key Up;W;165222
Key Down;D;165862
Key Up;D;165878
Key Down;Espace;169887
Key Up;Espace;170174
Key Down;A;170670
Key Down;S;171103
Key Up;A;171175
Key Up;S;171374
Key Down;D;174247
Key Down;W;174471
Key Up;D;174670
Key Down;A;175095
Key Up;W;175263
Key Up;A;175342
Key Down;F;175911
Key Up;F;175990
Key Down;A;176222
Key Down;S;176535
Key Down;D;177575
Key Up;A;177807
Key Up;S;178295
Key Down;Q;178830
Key Up;D;178862
Key Down;D;178927
Key Up;Q;178935
Key Down;S;179263
Key Up;S;179607
Key Up;D;180247
Key Down;Q;180655
Key Up;Q;180758
Key Down;W;298689
Key Down;A;298705
Key Down;Left Shift;298889
Key Up;W;299561
Key Up;Left Shift;300009
Key Down;S;300057
Key Up;A;300209
Key Down;D;300873
Key Up;S;301073
Key Up;D;302289
Key Down;W;303665
Key Down;D;303673
Key Down;Left Shift;304026
Key Up;D;304506
Key Up;Left Shift;304809
Key Up;W;304833
Key Down;A;304985
Key Down;W;305802
Key Up;A;305834
Key Down;D;306018
Key Up;W;306985
Key Up;D;306993
Key Down;W;308674
Key Down;D;308785
Key Up;D;309609
Key Down;D;310082
Key Up;D;310618
Key Down;D;311162
Key Up;D;311450
Key Down;D;311938
Key Up;D;312321
Key Down;D;312786
Key Up;D;313418
Key Down;D;313978
Key Up;D;314490
Key Down;D;315009
Key Up;D;315490
Key Down;D;316193
Key Up;D;317194
Key Down;D;317561
Key Up;D;317834
Key Down;D;318329
Key Up;D;318905
Key Down;D;319482
Key Up;D;319705
Key Down;D;320770
Key Up;D;321041
Key Up;W;321346
Key Down;W;321762
Key Down;D;321794
Key Up;D;322130
Key Down;D;323514
Key Up;D;323730
Key Up;W;323874
Key Down;W;324273
Key Down;D;324305
Key Up;D;324786
Key Down;D;325506
Key Up;D;326770
Key Up;W;327874
Key Down;Echap;328234
Key Up;Echap;328282
Key Down;F;333266
Key Up;F;333346
Key Down;Q;334258
Key Up;Q;334363
Key Down;Q;334706
Key Up;Q;334810
Key Down;Echap;344250
Key Up;Echap;344379
Key Down;W;345131
Key Up;W;345699
Key Down;W;346522
Key Up;W;347242
Key Down;Q;347618
Key Up;Q;347771
Key Down;W;371427
Key Down;D;371731
Key Up;D;372162
Key Down;A;372475
Key Up;A;375203
Key Up;W;375259
Key Down;D;379507
Key Down;W;379515
Key Up;W;380003
Key Up;D;380091
Key Down;W;381043
Key Down;D;381075
Key Up;D;381387
Key Down;Left Shift;381819
Key Up;Left Shift;382179
Key Down;D;382283
Key Up;D;382827
Key Down;D;383011
Key Up;W;383259
Key Up;D;383507
Key Down;A;383627
Key Down;W;384091
Key Up;A;384603
Key Down;A;384619
Key Up;W;387947
Key Up;A;387955
Key Down;D;389179
Key Up;D;389419
Key Down;Q;389516
Key Up;Q;389660
Key Down;Q;389771
Key Up;Q;389875
Key Down;Echap;508670
Key Up;Echap;508862
Key Down;D;510094
Key Down;W;510102
Key Up;D;511862
Key Down;A;512054
Key Up;W;512438
Key Down;D;512950
Key Up;A;512982
Key Up;D;513486
Key Down;A;513918
Key Up;A;514254
Key Down;Q;514510
Key Up;Q;514646
Key Down;A;519422
Key Down;W;519606
Key Up;W;520318
Key Up;A;520806
Key Down;D;522758
Key Down;W;522846
Key Down;Left Shift;522990
Key Up;D;523606
Key Up;Left Shift;523918
Key Down;F;523926
Key Up;W;523974
Key Up;F;524030
Key Down;D;524622
Key Up;D;525502
Key Down;W;525703
Key Down;D;526062
Key Up;W;526142
Key Up;D;526150
Key Down;S;526551
Key Up;S;526750
Key Down;W;527823
Key Up;W;527934
Key Down;A;528455
Key Up;A;529159
Key Down;D;529191
Key Up;D;529622
Key Down;W;531175
Key Down;D;531183
Key Up;W;532375
Key Up;D;532447
Key Down;Q;532814
Key Up;Q;532958
Key Down;F;533911
Key Up;F;533959
Key Down;D;536270
Key Down;A;536631
Key Up;D;536662
Key Down;S;536766
Key Up;S;537087
Key Down;W;537590
Key Up;A;537622
Key Up;W;537703
Key Down;Q;538774
Key Up;Q;538870
Key Down;D;562231
Key Up;D;562471
Key Down;F;563087
Key Up;F;563175
Key Down;S;563727
Key Down;D;563919
Key Up;S;563967
Key Up;D;564039
Key Down;A;567359
Key Up;A;567600
Key Down;Q;568439
Key Up;Q;568551
Key Down;Q;568711
Key Up;Q;568823
Key Down;Q;579879
Key Up;Q;579991
Key Down;Q;580127
Key Up;Q;580256
Key Down;Q;585072
Key Up;Q;585176
Key Down;Q;585255
Key Up;Q;585367
Key Down;W;588968
Key Up;W;589359
Key Down;D;591496
Key Up;D;592136
Key Down;A;592576
Key Up;A;592824
Key Down;D;592952
Key Up;D;593656
Key Down;A;593904
Key Down;S;594520
Key Up;A;594624
Key Up;S;594888
Key Down;D;595407
Key Up;D;595560
Key Down;F;597144
Key Up;F;597216
Key Down;Q;598584
Key Up;Q;598664
Key Down;Q;598800
Key Up;Q;598872
Key Down;D;605128
Key Up;D;605433
Key Down;A;608160
Key Up;A;608240
Key Down;S;608304
Key Up;S;608416
Key Down;D;608432
Key Up;D;608544
Key Down;A;609680
Key Down;S;610129
Key Up;S;610184
Key Up;A;610864
Key Down;A;614392
Key Up;A;614769
Key Down;D;624105
Key Up;D;625633
Key Down;A;626608
Key Down;Espace;627001
Key Up;A;627024
Key Down;S;627425
Key Down;D;627457
Key Up;D;627609
Key Up;Espace;627641
Key Down;A;627665
Key Up;A;627904
Key Up;S;628057
Key Down;D;628281
Key Up;D;628360
Key Down;Q;628560
Key Up;Q;628664
Key Down;D;628769
Key Up;D;629080
Key Down;D;632689
Key Down;W;633160
Key Up;D;633248
Key Up;W;633737
Key Down;Espace;633824
Key Down;W;634624
Key Up;Espace;634801
Key Up;W;635256
Key Down;S;635577
Key Up;S;635832
Key Down;Espace;636065
Key Down;W;636640
Key Up;Espace;636889
Key Up;W;637497
Key Down;D;638361
Key Down;Espace;638441
Key Down;W;638584
Key Up;D;638608
Key Down;A;638632
Key Up;A;638825
Key Up;W;638889
Key Up;Espace;638945
Key Down;A;639001
Key Up;A;639105
Key Down;Espace;639256
Key Down;A;639585
Key Down;W;639633
Key Up;Espace;639673
Key Up;A;639737
Key Up;W;639785
Key Down;W;639993
Key Down;A;640033
Key Up;W;640321
Key Down;W;641089
Key Up;A;641353
Key Down;Left Shift;641649
Key Down;C;642761
Key Down;Espace;643073
Key Up;Left Shift;643121
Key Up;Espace;643369
Key Down;Espace;645385
Key Up;Espace;645896
Key Down;Espace;647209
Key Up;Espace;647785
Key Down;Espace;648849
Key Up;Espace;649073
Key Up;C;649121
Key Down;Left Shift;649257
Key Down;C;649809
Key Down;Espace;650121
Key Up;Espace;650353
Key Down;Espace;651889
Key Up;Espace;652001
Key Down;Espace;652137
Key Up;Espace;652217
Key Down;Espace;652345
Key Up;Espace;652441
Key Down;Espace;654521
Key Up;Espace;654594
Key Down;Espace;654729
Key Up;Espace;654841
Key Down;Espace;656626
Key Up;Espace;656761
Key Down;Espace;656897
Key Up;Espace;657009
Key Down;Espace;658777
Key Up;Espace;658913
Key Down;Espace;659017
Key Up;Espace;659161
Key Down;Espace;660937
Key Up;Espace;661097
Key Down;Espace;661242
Key Up;Espace;661346
Key Down;Espace;663105
Key Up;Espace;663234
Key Down;Espace;663354
Key Up;Espace;663497
Key Up;C;663673
Key Down;F;665593
Key Up;F;665665
Key Down;D;666921
Key Up;D;667922
Key Up;Left Shift;668010
Key Up;W;668145
Key Down;W;668513
Key Down;D;668650
Key Up;D;669290
Key Down;A;669450
Key Up;A;669513
Key Down;D;669970
Key Up;W;670650
Key Up;D;670698
Key Down;A;670857
Key Up;A;671338
Key Down;D;671450
Key Up;D;671817
Key Down;S;671825
Key Down;A;671986
Key Up;S;672401
Key Down;S;672754
Key Up;A;673906
Key Up;S;674194
Key Down;F;674257
Key Up;F;674345
Key Down;F;675001
Key Up;F;675065
Key Down;A;676842
Key Down;W;676969
Key Down;Left Shift;677097
Key Up;W;677402
Key Down;S;677641
Key Up;Left Shift;677850
Key Up;S;678026
Key Up;A;678138
Key Down;W;680130
Key Down;Echap;680425
Key Up;Echap;680538
Key Down;Left Shift;680898
Key Down;C;681713
Key Down;Espace;681986
Key Up;Espace;682218
Key Down;Espace;684266
Key Up;Espace;684586
Key Down;Espace;686425
Key Up;Espace;686650
Key Down;Espace;688594
Key Up;Espace;688834
Key Down;Espace;690874
Key Up;Espace;691242
Key Down;Espace;693122
Key Up;Espace;693370
Key Down;Espace;695330
Key Up;Left Shift;695346
Key Up;Espace;695618
Key Down;Espace;697586
Key Up;Espace;698218
Key Down;Left Shift;698402
Key Up;C;698418
Key Down;C;699562
Key Down;Espace;699803
Key Up;Espace;700026
Key Up;C;700642
Key Up;Left Shift;701218
Key Up;W;701530
Key Down;W;702370
Key Down;D;702594
Key Up;D;703330
Key Down;D;705242
Key Up;D;707410
Key Up;W;707554
Key Down;D;708234
Key Down;S;708698
Key Up;D;708786
Key Down;A;708818
Key Up;S;708962
Key Up;A;709155
Key Down;Q;709434
Key Up;Q;709530
Key Down;Q;710994
Key Up;Q;711139
Key Down;8;714778
Key Up;8;714818
Key Down;R;717851
Key Up;R;717891
Key Down;R;718306
Key Up;R;718379
Key Down;D;719347
Key Up;D;719715
Key Down;Q;723235
Key Up;Q;723371
Key Down;Q;723674
Key Up;Q;723779
Key Down;D;735267
Key Up;D;735602
Key Down;W;740947
Key Down;Echap;741083
Key Up;Echap;741211
Key Down;Left Shift;741491
Key Down;C;742403
Key Down;Espace;742707
Key Up;Espace;743059
Key Down;Espace;745012
Key Up;Espace;745747
Key Down;Espace;747203
Key Up;Espace;747731
Key Down;Espace;749427
Key Up;Espace;750091
Key Down;Espace;751740
Key Up;Espace;752475
Key Down;Espace;753915
Key Up;Espace;754579
Key Down;Espace;756316
Key Up;Espace;757044
Key Down;Espace;758651
Key Up;Espace;759291
Key Down;Espace;760988
Key Up;C;761164
Key Up;Espace;761227
Key Down;V;761427
Key Up;W;761483
Key Up;Left Shift;761523
Key Up;V;761556
Key Down;F;763644
Key Up;F;763708
Key Down;D;764755
Key Up;D;765860
Key Down;Echap;768908
Key Up;Echap;769020
Key Down;W;769196
Key Down;Left Shift;769363
Key Down;Espace;769884
Key Up;Espace;770051
Key Up;Left Shift;770516
Key Up;W;770683
Key Down;W;772404
Key Down;Left Shift;772580
Key Down;C;773172
Key Down;Espace;773363
Key Up;Espace;773676
Key Down;Espace;775852
Key Up;Espace;776540
Key Down;Espace;778107
Key Up;Espace;778396
Key Down;Espace;780364
Key Up;Espace;780803
Key Down;Espace;782588
Key Up;Espace;783044
Key Down;Espace;784772
Key Up;Espace;785836
Key Down;Espace;786316
Key Up;Espace;786612
Key Down;Espace;788540
Key Up;Espace;788797
Key Up;C;788884
Key Down;C;790157
Key Down;Espace;790684
Key Up;Espace;791164
Key Down;Espace;792173
Key Up;Espace;792452
Key Down;Espace;794372
Key Up;Espace;794732
Key Down;Espace;796853
Key Up;Espace;797132
Key Down;Espace;799485
Key Up;Espace;799852
Key Up;C;801517
Key Down;C;802572
Key Down;Espace;802821
Key Up;Espace;803220
Key Down;Espace;806452
Key Up;Espace;806813
Key Down;Espace;809029
Key Up;Espace;809236
Key Down;Espace;811292
Key Up;Espace;811549
Key Up;C;811557
Key Down;C;814660
Key Down;Espace;814997
Key Up;Espace;815429
Key Down;Espace;817693
Key Up;Espace;818301
Key Down;Espace;820445
Key Up;Espace;821212
Key Down;Espace;822853
Key Up;Espace;823509
Key Down;A;824077
Key Up;C;824429
Key Up;A;824781
Key Down;Espace;825549
Key Up;Espace;825757
Key Down;A;826437
Key Up;A;826685
Key Down;D;827980
Key Up;D;828221
Key Down;Espace;828445
Key Down;A;828685
Key Up;Espace;828733
Key Up;A;828773
Key Down;Espace;830173
Key Up;Espace;830397
Key Down;A;830421
Key Up;Left Shift;830645
Key Up;A;830701
Key Down;D;830813
Key Up;W;830869
Key Down;W;831637
Key Up;W;832373
Key Down;W;832949
Key Up;D;832997
Key Up;W;833181
Key Down;W;833501
Key Up;W;833637
Key Down;E;833885
Key Up;E;833990
Key Down;Echap;837805
Key Up;Echap;837917
Key Down;W;838365
Key Up;W;838509
Key Down;E;838734
Key Up;E;838877
Key Down;Left Shift;840341
Key Up;Left Shift;844485
Key Down;Left Shift;848221
Key Up;Left Shift;853741
Key Down;Echap;854182
Key Up;Echap;854261
Key Down;W;854606
Key Down;Espace;854662
Key Up;Espace;854870
Key Down;Espace;856517
Key Up;Espace;856854
Key Down;Left Shift;857942
Key Down;C;859717
Key Down;Espace;859958
Key Up;Espace;860373
Key Down;Espace;862485
Key Up;Espace;863093
Key Down;Espace;865069
Key Up;Espace;865350
Key Up;C;866662
Key Down;C;868374
Key Down;Espace;868854
Key Up;Espace;869318
Key Down;Espace;871934
Key Up;Espace;872702
Key Down;Espace;874798
Key Up;Espace;875222
Key Down;Espace;877294
Key Up;Espace;877470
Key Up;C;879054
Key Down;C;880182
Key Down;Espace;880535
Key Up;Espace;881310
Key Down;Espace;882814
Key Up;Espace;883062
Key Up;C;883534
Key Down;A;883686
Key Up;A;884606
Key Down;C;884758
Key Down;Espace;885167
Key Up;Espace;885390
Key Down;Espace;887959
Key Up;Espace;888511
Key Down;Espace;890503
Key Up;Espace;890838
Key Down;Espace;893446
Key Up;Espace;893887
Key Down;Espace;896390
Key Up;Espace;896926
Key Down;Espace;899006
Key Up;Espace;899478
Key Down;Espace;901295
Key Up;Espace;901694
Key Down;Espace;903767
Key Up;Espace;904254
Key Down;Espace;906350
Key Up;Espace;906743
Key Down;Espace;909079
Key Up;Espace;909319
Key Up;C;909383
Key Down;A;909487
Key Up;Left Shift;910567
Key Up;A;910583
Key Up;W;910687
Key Down;A;911215
Key Up;A;911519
Key Down;W;911791
Key Down;Espace;912215
Key Up;Espace;912439
Key Up;W;912903
Key Down;A;915487
Key Down;W;915511
Key Up;W;915831
Key Down;F;915911
Key Up;A;915967
Key Up;F;916007
Key Down;S;916199
Key Down;D;916334
Key Up;S;916903
Key Up;D;917039
Key Down;S;917239
Key Up;S;917431
Key Down;W;917727
Key Down;E;918119
Key Up;E;918247
Key Up;W;918503
Key Down;Echap;918879
Key Up;Echap;918951
Key Down;W;919143
Key Up;W;919287
Key Down;Espace;919623
Key Up;Espace;920087
Key Down;W;922839
Key Up;W;923047
Key Down;D;923688
Key Down;W;924151
Key Up;W;924615
Key Up;D;924679
Key Down;Espace;924823
Key Up;Espace;925319
Key Down;E;925407
Key Up;E;925527
Key Down;D;925767
Key Down;W;926287
Key Up;D;926423
Key Up;W;926615
Key Down;W;926799
Key Down;Espace;926831
Key Up;W;926839
Key Up;Espace;927383
Key Down;E;927455
Key Up;E;927543
Key Down;S;927664
Key Down;A;928479
Key Up;S;928791
Key Down;G;930199
Key Up;G;930255
Key Up;A;930392
Key Down;F;931567
Key Up;F;931656
Key Down;W;933064
Key Up;W;933207
Key Down;Espace;933215
Key Down;A;933975
Key Up;Espace;934063
Key Up;A;935064
Key Down;W;935375
Key Down;Espace;935615
Key Up;Espace;936368
Key Down;Echap;936543
Key Up;Echap;936663
Key Up;W;937744
Key Down;E;937943
Key Up;E;938031
Key Down;Echap;939136
Key Up;Echap;939247
Key Down;Echap;939672
Key Up;Echap;939776
Key Down;W;940215
Key Down;A;940607
Key Up;A;940935
Key Up;W;940976
Key Down;F;941064
Key Up;F;941184
Key Down;A;943080
Key Down;S;943463
Key Up;S;943696
Key Up;A;943896
Key Down;S;944488
Key Up;S;944984
Key Down;D;945792
Key Down;W;945848
Key Up;W;946223
Key Up;D;946344
Key Down;D;948079
Key Down;S;948360
Key Up;D;948552
Key Up;S;948656
Key Down;S;950175
Key Up;S;950520
Key Down;Echap;951208
Key Up;Echap;951296
Key Down;W;951616
Key Down;Left Shift;951744
Key Down;C;952696
Key Down;Espace;953072
Key Up;Espace;953535
Key Down;Espace;955527
Key Up;Espace;956048
Key Down;Espace;958127
Key Up;Espace;958680
Key Down;Espace;960520
Key Up;Espace;960944
Key Down;Espace;963104
Key Up;Espace;963503
Key Down;Espace;965800
Key Up;Espace;966616
Key Down;Espace;968312
Key Up;Espace;969120
Key Down;Espace;970928
Key Up;Espace;971840
Key Up;C;971992
Key Down;A;972288
Key Up;A;972921
Key Up;Left Shift;973000
Key Down;Left Shift;973472
Key Down;D;974096
Key Up;W;975056
Key Up;Left Shift;975216
Key Up;D;975424
Key Down;S;976656
Key Up;S;977280
Key Down;A;978432
Key Up;A;978616
Key Down;F;982265
Key Up;F;982353
Key Down;D;984129
Key Up;D;984353
Key Down;F;986265
Key Up;F;986353
Key Down;2;994969
Key Up;2;995105
Key Down;W;1016553
Key Up;W;1016746
Key Down;F;1018018
Key Up;F;1018122
Key Down;F;1020778
Key Up;F;1020873
Key Down;A;1022050
Key Down;W;1022090
Key Down;Left Shift;1022217
Key Up;Left Shift;1022977
Key Up;W;1023033
Key Up;A;1023097
Key Down;W;1023873
Key Down;D;1023961
Key Down;Left Shift;1024018
Key Up;D;1024481
Key Up;Left Shift;1024593
Key Up;W;1024865
Key Down;W;1025281
Key Down;D;1025289
Key Up;W;1025426
Key Up;D;1025705
Key Down;A;1038970
Key Up;A;1039938
Key Down;W;1041137
Key Down;D;1041314
Key Up;D;1042130
Key Up;W;1042170
Key Down;A;1042218
Key Down;W;1042354
Key Up;W;1042738
Key Up;A;1042778
Key Down;D;1043274
Key Down;S;1043394
Key Up;D;1043873
Key Up;S;1044441
Key Down;A;1047209
Key Up;A;1047546
Key Down;2;1049034
Key Up;2;1049177
Key Down;Echap;1053418
Key Up;Echap;1053506
Key Down;A;1053946
Key Down;W;1054042
Key Down;Left Shift;1054066
Key Up;W;1054578
Key Up;A;1054594
Key Up;Left Shift;1054610
Key Down;F;1055658
Key Up;F;1055746
Key Down;A;1058354
Key Down;W;1058394
Key Down;Left Shift;1058522
Key Up;W;1058914
Key Up;Left Shift;1059154
Key Up;A;1059322
Key Down;Echap;1061730
Key Up;Echap;1061818
Key Down;W;1062290
Key Down;Left Shift;1062330
Key Up;Left Shift;1062898
Key Up;W;1062906
Key Down;W;1063267
Key Down;A;1063698
Key Up;W;1064603
Key Up;A;1064674
Key Down;A;1066738
Key Down;W;1067642
Key Down;Left Shift;1068050
Key Up;A;1068922
Key Up;Left Shift;1069323
Key Down;D;1069466
Key Up;D;1069602
Key Down;D;1069851
Key Down;Left Shift;1070906
Key Up;D;1071163
Key Up;Left Shift;1071698
Key Down;D;1072274
Key Down;Left Shift;1073418
Key Up;Left Shift;1073554
Key Up;D;1075851
Key Down;D;1076426
Key Up;D;1076882
Key Down;D;1077843
Key Up;D;1078266
Key Down;D;1078986
Key Up;D;1079219
Key Down;D;1081315
Key Down;Left Shift;1081923
Key Up;D;1082123
Key Up;Left Shift;1082354
Key Down;A;1083939
Key Up;A;1084075
Key Down;Espace;1084179
Key Up;Espace;1084627
Key Down;D;1084667
Key Up;D;1084914
Key Down;A;1085275
Key Up;A;1085674
Key Down;D;1085762
Key Up;D;1085979
Key Down;D;1086843
Key Up;D;1087123
Key Up;W;1087275
Key Down;Q;1087315
Key Up;Q;1087467
Key Down;Echap;1136284
Key Up;Echap;1136372
Key Down;D;1139844
Key Up;D;1140364
Key Down;Q;1140740
Key Up;Q;1140836
Key Down;A;1149084
Key Up;A;1149796
Key Down;D;1150708
Key Up;D;1151020
Key Down;2;1151597
Key Up;2;1151724
Key Down;W;1157068
Key Down;Left Shift;1157100
Key Down;D;1157228
Key Up;D;1157484
Key Down;C;1158245
Key Down;Espace;1158492
Key Up;Espace;1158732
Key Down;Espace;1160941
Key Up;Espace;1161172
Key Down;Espace;1163460
Key Up;Espace;1163757
Key Up;C;1166317
Key Down;C;1167156
Key Up;C;1167228
Key Down;C;1167292
Key Up;C;1167797
Key Up;W;1167972
Key Down;A;1168116
Key Down;W;1168293
Key Up;A;1168893
Key Down;A;1169629
Key Up;A;1169956
Key Down;A;1170181
Key Up;W;1170804
Key Up;A;1171077
Key Up;Left Shift;1171085
Key Down;A;1173845
Key Down;W;1174141
Key Up;W;1174453
Key Up;A;1174541
Key Down;W;1176732
Key Down;Left Shift;1176756
Key Down;C;1177645
Key Down;Espace;1177980
Key Up;Espace;1178221
Key Down;Espace;1180453
Key Up;Espace;1180652
Key Down;Espace;1183005
Key Up;Espace;1183197
Key Up;C;1183981
Key Down;D;1185277
Key Up;Left Shift;1186109
Key Up;W;1186301
Key Up;D;1186485
Key Down;A;1187021
Key Down;W;1187117
Key Up;A;1191245
Key Up;W;1191269
Key Down;W;1192493
Key Down;Left Shift;1192629
Key Down;D;1193549
Key Up;Left Shift;1194357
Key Up;W;1194397
Key Up;D;1194549
Key Down;A;1194605
Key Up;A;1194693
Key Down;D;1195398
Key Up;D;1195525
Key Down;D;1197390
Key Down;W;1197454
Key Up;W;1197997
Key Up;D;1198621
Key Down;W;1199997
Key Down;Left Shift;1200070
Key Down;D;1202814
Key Up;Left Shift;1203398
Key Up;W;1203406
Key Up;D;1203478
Key Down;A;1203829
Key Down;W;1204046
Key Up;W;1204261
Key Up;A;1204277
Key Down;D;1205141
Key Down;W;1205165
Key Up;D;1205221
Key Down;Left Shift;1205325
Key Up;Left Shift;1206846
Key Up;W;1206957
Key Down;A;1208686
Key Down;W;1208782
Key Up;A;1209261
Key Up;W;1209390
Key Down;2;1210838
Key Up;2;1210910
Key Down;Echap;1215646
Key Up;Echap;1215733
Key Down;W;1219829
Key Down;D;1220094
Key Up;W;1220150
Key Up;D;1221398
Key Down;Espace;1223885
Key Up;Espace;1224694
Key Down;W;1228974
Key Down;Left Shift;1229070
Key Down;C;1232462
Key Down;Espace;1232742
Key Up;Espace;1232982
Key Down;Espace;1235294
Key Up;Espace;1236030
Key Down;Espace;1238430
Key Up;Espace;1238646
Key Up;C;1239710
Key Down;C;1240726
Key Down;Espace;1241046
Key Up;Espace;1241255
Key Down;Espace;1243566
Key Up;Espace;1243766
Key Down;Espace;1243951
Key Up;Espace;1244030
Key Down;Espace;1245951
Key Up;Espace;1246318
Key Down;Espace;1248334
Key Up;Espace;1248870
Key Down;Espace;1250759
Key Up;C;1250966
Key Up;Espace;1250974
Key Down;A;1251247
Key Up;A;1252334
Key Up;W;1252494
Key Up;Left Shift;1252631
Key Down;W;1253054
Key Down;Espace;1253239
Key Up;W;1253255
Key Down;A;1253999
Key Up;Espace;1254063
Key Down;W;1254111
Key Up;A;1254270
Key Up;W;1254334
Key Down;W;1255399
Key Down;Left Shift;1255479
Key Down;A;1256567
Key Up;A;1257158
Key Up;W;1257911
Key Up;Left Shift;1257943
Key Down;W;1260791
Key Down;Espace;1261134
Key Up;Espace;1261598
Key Down;A;1261822
Key Up;W;1262910
Key Down;W;1265463
Key Up;A;1267919
Key Down;Left Shift;1268159
Key Down;Espace;1268927
Key Up;Espace;1269142
Key Up;Left Shift;1269287
Key Down;D;1269423
Key Up;W;1269503
Key Up;D;1270647
Key Down;W;1271847
Key Down;Left Shift;1271927
Key Down;Espace;1272471
Key Up;Espace;1272727
Key Down;Espace;1274119
Key Up;Espace;1274535
Key Down;Espace;1275855
Key Up;Espace;1276119
Key Up;Left Shift;1278023
Key Up;W;1278119
Key Down;Q;1280959
Key Up;Q;1281095
Key Down;D;1299391
Key Down;S;1299591
Key Up;D;1299816
Key Up;S;1299960
Key Down;Echap;1302520
Key Up;Echap;1302616
Key Down;Echap;1303040
Key Up;Echap;1303160
Key Down;Echap;1363481
Key Up;Echap;1363577
Key Down;Echap;1368881
Key Up;Echap;1368985
Key Down;D;1369841
Key Down;W;1369961
Key Up;D;1370641
Key Up;W;1370913
Key Down;F;1371153
Key Up;F;1371233
Key Down;W;1371433
Key Up;W;1371906
Key Down;W;1374985
Key Up;W;1375561
Key Down;W;1375922
Key Down;Left Shift;1376049
Key Down;D;1376121
Key Up;Left Shift;1383017
Key Up;W;1383258
Key Up;D;1383362
Key Down;Echap;1383809
Key Up;Echap;1383866
Key Down;D;1384777
Key Down;W;1385009
Key Up;W;1385178
Key Up;D;1385282
Key Down;A;1387065
Key Up;A;1387330
Key Down;Espace;1387817
Key Up;Espace;1388441
Key Down;W;1389473
Key Down;Left Shift;1389609
Key Down;C;1391394
Key Down;Espace;1391697
Key Up;Espace;1392106
Key Down;Espace;1394082
Key Up;Espace;1394977
Key Up;C;1395994
Key Up;Left Shift;1397194
Key Up;W;1397258
Key Down;Espace;1397705
Key Up;Espace;1398082
Key Down;W;1401522
Key Down;F;1402178
Key Up;F;1402297
Key Up;W;1402730
Key Down;A;1404281
Key Down;Left Shift;1404570
Key Down;W;1404993
Key Up;Left Shift;1405450
Key Up;A;1405546
Key Up;W;1405602
Key Down;W;1405866
Key Down;A;1406090
Key Up;W;1406329
Key Up;A;1406377
Key Down;W;1406866
Key Down;Left Shift;1406906
Key Down;A;1406930
Key Up;W;1407490
Key Up;Left Shift;1407498
Key Up;A;1407538
Key Down;W;1408426
Key Down;Left Shift;1408530
Key Down;D;1408570
Key Up;D;1409162
Key Up;Left Shift;1409210
Key Down;Echap;1409546
Key Up;Echap;1409650
Key Up;W;1410010
Key Down;W;1410650
Key Down;D;1411057
Key Up;D;1411810
Key Up;W;1411914
Key Down;W;1415802
Key Down;D;1415850
Key Up;D;1416690
Key Up;W;1416714
Key Down;Espace;1424810
Key Up;Espace;1425354
Key Down;W;1429410
Key Down;A;1430210
Key Up;A;1431522
Key Up;W;1431618
Key Down;W;1431875
Key Down;Left Shift;1431954
Key Down;Espace;1433187
Key Up;Espace;1433602
Key Down;Espace;1436555
Key Up;Espace;1436850
Key Down;D;1438467
Key Up;Left Shift;1439667
Key Up;D;1439731
Key Up;W;1439747
Key Down;W;1441907
Key Down;Left Shift;1442058
Key Down;C;1443131
Key Down;Espace;1443394
Key Up;Espace;1443618
Key Down;Espace;1445739
Key Up;Espace;1446202
Key Down;Espace;1448035
Key Up;Espace;1448307
Key Up;C;1448507
Key Up;Left Shift;1448987
Key Up;W;1449003
Key Down;A;1449947
Key Up;A;1450467
Key Down;W;1453498
Key Down;D;1454571
Key Up;D;1455451
Key Up;W;1455459
Key Down;W;1740849
Key Down;F;1741809
Key Up;F;1741889
Key Up;W;1741897
Key Down;W;1744201
Key Up;W;1744329
Key Down;W;1745081
Key Up;W;1745161
Key Down;D;1754441
Key Down;W;1754730
Key Up;W;1755177
Key Up;D;1755378
Key Down;S;1760258
Key Up;S;1760513
Key Down;A;1762250
Key Up;A;1762690
Key Down;A;1765218
Key Down;W;1765282
Key Up;A;1766266
Key Down;Q;1766514
Key Up;Q;1766610
Key Up;W;1766698
Key Down;S;1766922
Key Up;S;1767809
Key Down;Q;1768946
Key Up;Q;1769058
Key Down;A;1807195
Key Down;W;1807227
Key Up;A;1807411
Key Up;W;1807562
Key Down;W;1811107
Key Down;Espace;1811291
Key Up;W;1811379
Key Up;Espace;1811819
Key Down;S;1811827
Key Down;A;1811851
Key Up;A;1812411
Key Up;S;1812491
Key Down;Q;1812563
Key Up;Q;1812651
Key Down;Q;1812747
Key Up;Q;1812819
Key Down;A;1817099
Key Up;A;1817666
Key Down;D;1818251
Key Down;W;1818307
Key Down;Q;1818539
Key Up;Q;1818635
Key Up;W;1819555
Key Up;D;1819651
Key Down;D;1820195
Key Down;W;1820291
Key Up;D;1820883
Key Down;D;1821211
Key Up;W;1821523
Key Up;D;1821571
Key Down;W;1822955
Key Down;D;1823851
Key Up;D;1824427
Key Up;W;1824651
Key Down;Espace;1824683
Key Down;W;1825427
Key Up;W;1825507
Key Up;Espace;1825515
Key Down;W;1825819
Key Up;W;1825947
Key Down;Q;1826259
Key Up;Q;1826356
Key Down;Q;1826491
Key Up;Q;1826579
Key Down;Q;1826883
Key Up;Q;1826955
Key Down;Q;1842107
Key Up;Q;1842219
Key Down;Q;1843012
Key Up;Q;1843164
Key Down;D;1848795
Key Down;W;1848811
Key Up;W;1849347
Key Down;S;1849660
Key Up;D;1850219
Key Up;S;1850340
Key Down;W;1852548
Key Down;Espace;1852900
Key Up;W;1852932
Key Up;Espace;1853876
Key Down;W;1854163
Key Down;Q;1854763
Key Up;W;1854835
Key Up;Q;1854876
Key Down;Q;1867068
Key Up;Q;1867164
Key Down;Q;1867668
Key Up;Q;1867812
Key Down;2;1868380
Key Up;2;1868500
Key Down;A;1872780
Key Up;A;1873124
Key Down;Echap;1875788
Key Up;Echap;1875884
Key Down;D;1876261
Key Up;D;1876716
Key Down;W;1876724
Key Up;W;1876965
Key Down;Q;1877501
Key Up;Q;1877605
Key Down;Q;1951422
Key Up;Q;1951518
Key Down;Q;1954262
Key Up;Q;1954358
Key Down;Q;1954486
Key Up;Q;1954558
Key Down;W;1959134
Key Up;W;1959278
Key Down;S;1962382
Key Down;D;1962470
Key Up;S;1962670
Key Up;D;1962942
Key Down;2;1975046
Key Up;2;1975183
Key Down;2;1977903
Key Up;2;1978087
Key Down;W;1979606
Key Up;W;1979726
Key Down;F;1982015
Key Up;F;1982095
Key Down;W;1982543
Key Up;W;1982679
Key Down;D;1983775
Key Up;D;1983879
Key Down;D;1984487
Key Down;W;1984543
Key Up;W;1985463
Key Down;A;1985519
Key Up;D;1985551
Key Down;S;1985750
Key Up;A;1985903
Key Down;D;1986039
Key Down;Q;1986398
Key Up;Q;1986527
Key Up;D;1986647
Key Up;S;1987223
Key Down;Q;1987383
Key Up;Q;1987487
Key Down;Q;1997223
Key Up;Q;1997319
Key Down;Q;1997647
Key Up;Q;1997775
Key Down;Q;1998815
Key Up;Q;1998935
Key Down;Q;1999391
Key Up;Q;1999503
Key Down;D;2042352
Key Up;D;2042520
Key Down;Q;2042600
Key Up;Q;2042696
Key Down;Q;2042792
Key Up;Q;2042856
Key Down;D;2048889
Key Down;W;2049056
Key Up;W;2049256
Key Up;D;2049344
Key Down;A;2065280
Key Down;S;2065561
Key Up;A;2065840
Key Up;S;2066104
Key Down;Q;2066193
Key Up;Q;2066321
Key Down;Q;2066825
Key Up;Q;2066961
Key Down;Q;2068552
Key Up;Q;2068696
Key Down;8;2070457
Key Up;8;2070497
Key Down;F;2076945
Key Up;F;2077041
Key Down;S;2084617
Key Up;S;2084953
Key Down;D;2084969
Key Up;D;2085113
Key Down;S;2085729
Key Up;S;2086209
Key Down;Q;2093473
Key Up;Q;2093569
Key Down;S;2094425
Key Down;A;2094521
Key Up;S;2094633
Key Up;A;2094921
Key Down;D;2098313
Key Up;D;2098601
Key Down;2;2100289
Key Up;2;2100369
Key Down;Q;2111673
Key Up;Q;2111785
Key Down;A;2247908
Key Up;A;2248004
Key Down;D;2248285
Key Up;D;2248469
Key Down;Q;2249613
Key Up;Q;2249725
Key Down;Q;2287494
Key Up;Q;2287590
Key Down;2;2288549
Key Up;2;2288661
Key Down;D;2292701
Key Up;D;2292902
Key Down;D;2295470
Key Up;D;2295622
Key Down;A;2314518
Key Up;A;2314822
Key Down;Echap;2317206
Key Up;Echap;2317311
Key Down;D;2320086
Key Down;S;2320478
Key Up;D;2320526
Key Up;S;2320663
Key Down;F;2321062
Key Up;F;2321150
Key Down;A;2324406
Key Down;W;2324526
Key Up;A;2324599
Key Up;W;2324647
Key Down;Q;2324878
Key Up;Q;2324950
Key Down;A;2326790
Key Up;A;2327198
Key Down;D;2327486
Key Up;D;2327766
Key Down;D;2328142
Key Up;D;2328542
Key Down;A;2329518
Key Down;S;2329710
Key Up;A;2329959
Key Up;S;2330262
Key Down;D;2337447
Key Up;D;2337959
Key Down;F;2361495
Key Up;F;2361583
Key Down;W;2362343
Key Down;A;2362504
Key Up;W;2364751
Key Up;A;2364791
Key Down;D;2365511
Key Up;D;2366119
Key Down;A;2367784
Key Down;W;2367880
Key Up;W;2368055
Key Down;W;2368295
Key Up;W;2369103
Key Down;S;2369639
Key Up;A;2369808
Key Up;S;2369959
Key Down;Q;2372887
Key Up;Q;2372983
Key Down;D;2373280
Key Up;D;2373647
Key Down;F;2373944
Key Up;F;2374023
Key Down;Echap;2380032
Key Up;Echap;2380135
Key Down;A;2382432
Key Down;W;2382839
Key Up;W;2384135
Key Up;A;2385663
Key Down;D;2389808
Key Down;W;2391104
Key Up;W;2391512
Key Up;D;2391856
Key Down;D;2393176
Key Down;W;2393760
Key Down;Q;2393952
Key Up;Q;2394048
Key Up;D;2394080
Key Up;W;2394104
Key Down;D;2398368
Key Down;S;2398600
Key Up;S;2401120
Key Up;D;2401248
Key Down;A;2401840
Key Down;W;2402040
Key Up;A;2402496
Key Up;W;2403424
Key Down;A;2405848
Key Down;W;2405952
Key Down;Espace;2406192
Key Up;A;2406200
Key Up;W;2406256
Key Up;Espace;2406648
Key Down;D;2406920
Key Up;D;2407160
Key Down;W;2407752
Key Down;D;2408000
Key Up;D;2410192
Key Down;D;2410528
Key Up;D;2411001
Key Down;D;2411729
Key Up;D;2415872
Key Down;D;2416176
Key Up;D;2417504
Key Down;D;2417641
Key Up;D;2418120
Key Down;D;2418832
Key Up;D;2419681
Key Down;D;2420329
Key Up;D;2420664
Key Down;D;2421617
Key Up;D;2421793
Key Down;D;2422345
Key Up;D;2422728
Key Down;D;2423224
Key Up;D;2424929
Key Down;D;2425729
Key Up;D;2426048
Key Down;D;2426832
Key Up;D;2427049
Key Up;W;2428176
Key Down;Q;2428289
Key Up;Q;2428393
Key Down;W;2430377
Key Down;Espace;2430937
Key Down;A;2431153
Key Up;Espace;2431257
Key Up;A;2432617
Key Down;Espace;2433041
Key Up;W;2433073
Key Up;Espace;2434040
Key Down;W;2434048
Key Down;A;2434096
Key Up;W;2434136
Key Up;A;2434184
Key Down;Espace;2434832
Key Down;A;2435273
Key Down;W;2435392
Key Up;Espace;2435512
Key Up;A;2435536
Key Up;W;2435577
Key Down;D;2436152
Key Up;D;2436249
Key Down;D;2437937
Key Up;D;2438225
Key Down;D;2439337
Key Up;D;2439569
Key Down;2;2440593
Key Up;2;2440697
Key Down;W;2441201
Key Down;A;2441353
Key Up;W;2441504
Key Up;A;2441569
Key Down;W;2442505
Key Down;Left Shift;2442681
Key Down;C;2443353
Key Down;Espace;2443585
Key Up;Espace;2443793
Key Down;Espace;2445849
Key Up;Espace;2446153
Key Up;C;2447305
Key Down;D;2448241
Key Up;Left Shift;2449161
Key Up;W;2449265
Key Up;D;2449337
Key Down;A;2452202
Key Up;A;2452305
Key Down;D;2453425
Key Up;D;2453546
Key Down;A;2453945
Key Up;A;2453993
Key Down;A;2454465
Key Up;A;2454537
Key Down;D;2456265
Key Down;W;2456465
Key Up;W;2456777
Key Up;D;2457657
Key Down;W;2461729
Key Down;Left Shift;2461849
Key Down;C;2462665
Key Down;Espace;2462906
Key Up;Espace;2463097
Key Up;C;2463145
Key Down;D;2464433
Key Up;Left Shift;2465177
Key Up;W;2465329
Key Up;D;2465409
Key Down;Echap;2470770
Key Up;Echap;2470850
Key Down;W;2471177
Key Down;Left Shift;2471369
Key Down;C;2472218
Key Down;Espace;2472481
Key Up;Espace;2472729
Key Up;C;2473993
Key Down;C;2475746
Key Down;Espace;2476009
Key Up;Espace;2476489
Key Down;Espace;2478506
Key Up;Espace;2479241
Key Down;Espace;2481058
Key Up;Espace;2481634
Key Down;Espace;2483642
Key Up;Espace;2484138
Key Up;C;2485082
Key Up;W;2485250
Key Up;Left Shift;2485305
Key Down;D;2486242
Key Down;W;2486378
Key Down;Left Shift;2486426
Key Up;D;2486778
Key Down;F;2487058
Key Up;F;2487162
Key Up;W;2487370
Key Up;Left Shift;2487402
Key Down;S;2489210
Key Down;D;2489226
Key Up;D;2489353
Key Up;S;2489490
Key Down;A;2490738
Key Down;W;2490818
Key Up;A;2494274
Key Up;W;2494610
Key Down;W;2495314
Key Down;A;2495338
Key Up;A;2497018
Key Up;W;2497042
Key Down;W;2497442
Key Down;A;2497498
Key Up;A;2498386
Key Down;A;2498739
Key Up;W;2499226
Key Up;A;2499234
Key Down;W;2499978
Key Down;A;2499995
Key Up;A;2500858
Key Down;A;2501178
Key Up;A;2505522
Key Down;A;2505826
Key Up;A;2508155
Key Down;Q;2508667
Key Up;Q;2508787
Key Down;A;2509194
Key Up;A;2509331
Key Up;W;2509842
Key Down;Espace;2510035
Key Down;W;2510651
Key Up;Espace;2510827
Key Up;W;2510914
Key Down;F;2511914
Key Up;F;2511995
Key Down;W;2512171
Key Up;W;2512651
Key Down;W;2517914
Key Down;A;2517947
Key Up;W;2518171
Key Down;W;2519154
Key Up;A;2519275
Key Up;W;2519347
Key Down;D;2519914
Key Down;Q;2520155
Key Up;D;2520163
Key Up;Q;2520259
Key Down;Q;2520354
Key Up;Q;2520434
Key Down;D;2526579
Key Down;S;2526675
Key Up;D;2526843
Key Up;S;2526867
Key Down;A;2527451
Key Down;W;2527459
Key Up;W;2527818
Key Down;S;2528059
Key Up;A;2528275
Key Down;A;2528466
Key Up;S;2528490
Key Up;A;2528611
Key Down;W;2529858
Key Down;D;2530466
Key Up;D;2530915
Key Down;Q;2531035
Key Up;Q;2531170
Key Down;A;2531883
Key Up;A;2532067
Key Up;W;2532147
Key Down;W;2532347
Key Up;W;2532490
Key Down;A;2532643
Key Up;A;2532715
Key Down;F;2533283
Key Up;F;2533371
Key Down;A;2535387
Key Down;W;2535427
Key Up;A;2535611
Key Up;W;2536251
Key Down;S;2536843
Key Up;S;2537155
Key Down;W;2537451
Key Up;W;2537571
Key Down;W;2539755
Key Up;W;2540251
Key Down;A;2540891
Key Up;A;2540907
Key Down;W;2546851
Key Down;Espace;2546867
Key Up;Espace;2547043
Key Down;D;2547779
Key Down;Q;2547972
Key Up;Q;2548043
Key Up;W;2548899
Key Up;D;2549035
Key Down;Q;2549715
Key Up;Q;2549811
Key Down;Echap;2677878
Key Up;Echap;2677966
Key Down;W;2704798
Key Up;W;2705454
Key Down;W;2705999
Key Up;W;2706239
Key Down;Q;2706359
Key Up;Q;2706431
Key Down;Q;2706591
Key Up;Q;2706671
Key Down;Q;2706911
Key Up;Q;2706991
Key Down;A;2712215
Key Up;A;2712751
Key Down;Q;2715007
Key Up;Q;2715119
Key Down;Q;2715247
Key Up;Q;2715351
Key Down;D;2719703
Key Down;W;2719719
Key Down;Left Shift;2719847
Key Up;Left Shift;2720919
Key Up;D;2721015
Key Up;W;2721135
Key Down;W;2721536
Key Up;W;2721815
Key Down;Espace;2721847
Key Down;W;2722511
Key Up;W;2722711
Key Up;Espace;2722719
Key Down;Q;2723103
Key Up;Q;2723199
Key Down;Q;2723303
Key Up;Q;2723359
Key Down;A;2727735
Key Down;W;2727919
Key Up;A;2728224
Key Up;W;2728287
Key Down;W;2728559
Key Up;W;2728663
Key Down;Espace;2728727
Key Down;A;2729311
Key Down;W;2729343
Key Up;Espace;2729456
Key Up;A;2729512
Key Up;W;2729520
Key Down;W;2731759
Key Up;W;2731839
Key Down;A;2732128
Key Up;A;2732208
Key Down;D;2733311
Key Up;D;2733472
Key Down;D;2738336
Key Down;W;2738384
Key Up;W;2739799
Key Up;D;2740055
Key Down;W;2740535
Key Up;W;2740800
Key Down;Q;2740968
Key Up;Q;2741048
Key Down;W;2741728
Key Up;W;2741871
Key Down;F;2742288
Key Up;F;2742368
Key Down;W;2742711
Key Up;W;2742800
Key Down;W;2743048
Key Up;W;2743104
Key Down;Echap;2745919
Key Up;Echap;2745983
Key Down;D;2746511
Key Up;D;2746840
Key Down;Q;2747295
Key Up;Q;2747351
Key Down;Q;2747520
Key Up;Q;2747608
Key Down;Q;2747895
Key Up;Q;2747959
Key Down;Q;2752368
Key Up;Q;2752456
Key Down;Q;2752663
Key Up;Q;2752752
Key Down;D;2761840
Key Up;D;2762096
Key Down;A;2767496
Key Up;A;2767816
Key Down;Q;2768112
Key Up;Q;2768224
Key Down;Q;2768392
Key Up;Q;2768536
Key Down;D;2772641
Key Down;Q;2772880
Key Up;Q;2772968
Key Up;D;2773008
Key Down;Q;2773152
Key Up;Q;2773272
Key Down;D;2776480
Key Up;D;2776673
Key Down;F;2777824
Key Up;F;2777880
Key Down;Echap;2781176
Key Up;Echap;2781240
Key Down;Q;2781616
Key Up;Q;2781704
Key Down;Q;2781872
Key Up;Q;2781953
Key Down;Q;2782209
Key Up;Q;2782304
Key Down;Q;2783216
Key Up;Q;2783329
Key Down;2;2783808
Key Up;2;2783880
Key Down;A;2787072
Key Up;A;2787337
Key Down;Echap;2788025
Key Up;Echap;2788121
Key Down;Q;2789136
Key Up;Q;2789257
Key Down;Echap;2882971
Key Up;Echap;2883043
Key Down;W;2883707
Key Down;Espace;2883899
Key Up;Espace;2884842
Key Down;Left Shift;2885739
Key Down;C;2886419
Key Down;Espace;2886723
Key Up;Espace;2887051
Key Down;Espace;2889035
Key Up;Espace;2889538
Key Down;Espace;2891771
Key Up;Espace;2892291
Key Down;Espace;2894467
Key Up;Espace;2894955
Key Down;Espace;2897147
Key Up;Espace;2897379
Key Down;A;2897515
Key Up;A;2898203
Key Down;Espace;2899611
Key Up;Espace;2899915
Key Up;C;2901627
Key Down;C;2902459
Key Down;Espace;2902963
Key Up;Espace;2903475
Key Down;Espace;2905379
Key Up;Espace;2906228
Key Down;Espace;2907907
Key Up;Espace;2908611
Key Down;Espace;2910443
Key Up;Espace;2911275
Key Down;Espace;2912836
Key Up;Espace;2914051
Key Down;Espace;2915235
Key Up;Espace;2916196
Key Down;Espace;2917716
Key Up;Espace;2918467
Key Up;C;2921652
Key Down;C;2922876
Key Up;C;2923411
Key Down;C;2924868
Key Down;Espace;2925500
Key Up;Espace;2925963
Key Down;A;2926196
Key Up;A;2926715
Key Down;Espace;2928548
Key Up;Espace;2929116
Key Up;C;2929852
Key Down;C;2932132
Key Down;Espace;2932508
Key Up;Espace;2932980
Key Down;Espace;2935548
Key Up;Espace;2935748
Key Down;Espace;2938260
Key Up;Espace;2938900
Key Down;Espace;2940852
Key Up;Espace;2941692
Key Down;Espace;2943364
Key Up;Espace;2944900
Key Down;Espace;2946164
Key Up;Espace;2946876
Key Down;Espace;2948916
Key Up;Espace;2949636
Key Down;Espace;2951604
Key Up;Espace;2952117
Key Up;C;2952364
Key Down;C;2959300
Key Down;Espace;2959844
Key Up;Espace;2960308
Key Up;C;2960540
Key Down;Espace;2968933
Key Up;Espace;2969533
Key Down;Espace;2970540
Key Up;Espace;2971485
Key Down;C;2972564
Key Down;Espace;2972765
Key Up;Espace;2973445
Key Down;Espace;2975381
Key Up;Espace;2976325
Key Up;C;2976765
Key Down;D;2977637
Key Up;D;2978325
Key Up;Left Shift;2979765
Key Up;W;2979933
Key Down;Espace;2980101
Key Up;Espace;2980540
Key Down;A;2980669
Key Down;W;2980733
Key Up;A;2980805
Key Up;W;2981549
Key Down;Espace;2981725
Key Down;W;2982061
Key Up;Espace;2982069
Key Down;D;2982253
Key Up;D;2982365
Key Down;A;2982548
Key Up;A;2983029
Key Up;W;2983093
Key Down;E;2983525
Key Up;E;2983629
Key Down;Echap;2984285
Key Up;Echap;2984365
Key Down;W;2984605
Key Up;W;2985413
Key Down;Espace;2985685
Key Down;W;2985693
Key Up;Espace;2986269
Key Up;W;2987221
Key Down;D;2987797
Key Up;D;2987885
Key Down;Espace;2987902
Key Down;W;2988125
Key Up;Espace;2988237
Key Up;W;2988861
Key Down;W;2988965
Key Up;W;2989109
Key Down;E;2989861
Key Up;E;2989989
Key Down;Echap;2991037
Key Up;Echap;2991117
Key Down;W;2991213
Key Up;W;2991429
Key Down;E;2991541
Key Up;E;2991645
Key Down;Echap;3037822
Key Up;Echap;3037934
Key Down;E;3039095
Key Up;E;3039214
Key Down;Echap;3087688
Key Up;Echap;3087815
Key Down;W;3088479
Key Down;Left Shift;3088671
Key Down;D;3089080
Key Up;D;3089608
Key Down;Espace;3090767
Key Up;Espace;3090968
Key Down;A;3091903
Key Up;A;3092344
Key Down;C;3093351
Key Down;Espace;3093640
Key Up;Espace;3094216
Key Up;C;3095519
Key Down;A;3095847
Key Up;A;3096503
Key Up;Left Shift;3096511
Key Up;W;3096575
Key Down;W;3097351
Key Up;W;3111335
Key Down;W;3118600
Key Up;W;3123256
Key Down;W;3134272
Key Up;W;3135968
Key Down;W;3147537
Key Down;A;3147976
Key Up;A;3148560
Key Up;W;3149336
Key Down;W;3149944
Key Down;A;3150417
Key Up;A;3151896
Key Down;Espace;3152017
Key Up;W;3152025
Key Up;Espace;3152225
Key Down;E;3152369
Key Up;E;3152472
Key Down;Left Shift;3156377
Key Up;Left Shift;3157985
Key Down;Echap;3160657
Key Up;Echap;3160681
Key Down;E;3161033
Key Up;E;3161153
Key Down;Echap;3167441
Key Up;Echap;3167521
Key Down;W;3167593
Key Up;W;3167649
Key Down;W;3167809
Key Down;Left Shift;3167921
Key Down;Espace;3168689
Key Up;Espace;3169113
Key Down;D;3169970
Key Up;D;3170505
Key Down;D;3171009
Key Up;D;3171569
Key Down;Espace;3171689
Key Down;D;3171873
Key Up;Espace;3171946
Key Up;Left Shift;3172305
Key Up;D;3172345
Key Down;A;3172505
Key Up;W;3172513
Key Down;W;3172713
Key Up;A;3173065
Key Up;W;3173385
Key Down;W;3173625
Key Up;W;3173930
Key Down;Espace;3174018
Key Down;W;3174121
Key Down;D;3174569
Key Up;Espace;3174618
Key Up;D;3175913
Key Down;D;3177113
Key Up;D;3177233
Key Down;Espace;3177457
Key Down;D;3177721
Key Up;Espace;3177801
Key Up;D;3177809
Key Down;A;3177841
Key Up;W;3177930
Key Down;E;3178026
Key Up;A;3178042
Key Up;E;3178177
Key Down;Left Shift;3182153
Key Up;Left Shift;3183474
Key Down;Left Shift;3183601
Key Up;Left Shift;3186537
Key Down;Echap;3187785
Key Up;Echap;3187857
Key Down;W;3188969
Key Down;D;3189105
Key Up;D;3190122
Key Up;W;3190905
Key Down;W;3193562
Key Down;D;3193657
Key Up;D;3193898
Key Up;W;3193914
Key Down;D;3194242
Key Down;W;3194305
Key Up;W;3194497
Key Up;D;3194513
Key Down;Espace;3194530
Key Up;Espace;3194945
Key Down;W;3195049
Key Down;A;3195290
Key Up;A;3195490
Key Up;W;3195578
Key Down;A;3195713
Key Up;A;3195946
Key Down;W;3197753
Key Down;D;3197906
Key Up;D;3198842
Key Down;Left Shift;3199306
Key Down;Espace;3201258
Key Up;Espace;3201785
Key Down;Espace;3202178
Key Up;Espace;3202449
Key Up;W;3202690
Key Up;Left Shift;3202746
Key Down;A;3202946
Key Up;A;3203057
Key Down;S;3203514
Key Down;D;3203610
Key Up;D;3204026
Key Up;S;3204082
Key Down;W;3204586
Key Up;W;3205018
Key Down;Q;3205554
Key Up;Q;3205642
Key Down;Q;3206346
Key Up;Q;3206449
Key Down;W;3206738
Key Down;D;3206802
Key Up;W;3206866
Key Up;D;3206970
Key Down;Tab;3207330
Key Up;Tab;3207450
Key Down;Tab;3208858
Key Up;Tab;3208962
Key Down;Espace;3209922
Key Down;W;3209962
Key Up;Espace;3210218
Key Down;A;3210370
Key Down;Left Shift;3211442
Key Up;A;3211554
Key Down;Espace;3212658
Key Up;Espace;3212890
Key Down;A;3213194
Key Up;A;3213378
Key Down;Espace;3214194
Key Up;Espace;3214562
Key Down;A;3214570
Key Down;Espace;3214578
Key Up;Espace;3214802
Key Up;A;3215442
Key Down;Espace;3216499
Key Up;Espace;3216962
Key Down;D;3217082
Key Up;Left Shift;3217115
Key Up;W;3217546
Key Down;W;3218010
Key Up;D;3218098
Key Down;Espace;3218322
Key Up;Espace;3218794
Key Down;D;3218858
Key Up;W;3218986
Key Up;D;3219010
Key Down;A;3219298
Key Up;A;3219626
Key Down;W;3220642
Key Down;D;3220706
Key Up;W;3221211
Key Up;D;3221835
Key Down;W;3223466
Key Down;D;3223514
Key Down;Espace;3224451
Key Up;Espace;3225099
Key Down;A;3225811
Key Up;D;3225819
Key Down;Left Shift;3226226
Key Up;A;3227147
Key Down;Espace;3227442
Key Up;Left Shift;3227482
Key Up;W;3227546
Key Down;S;3227883
Key Up;Espace;3227915
Key Up;S;3228034
Key Down;D;3228266
Key Up;D;3228378
Key Down;A;3228483
Key Up;A;3228954
Key Down;W;3229482
Key Down;D;3229722
Key Up;D;3229931
Key Up;W;3230130
Key Down;W;3230338
Key Up;W;3230475
Key Down;E;3230675
Key Up;E;3230802
Key Down;Echap;3231891
Key Up;Echap;3231979
Key Down;W;3233243
Key Down;Espace;3233650
Key Up;Espace;3234210
Key Down;A;3234338
Key Up;A;3234611
Key Down;Espace;3235466
Key Up;Espace;3235755
Key Down;A;3235795
Key Down;Left Shift;3237083
Key Up;A;3237755
Key Down;Espace;3238122
Key Up;Espace;3238370
Key Down;D;3238699
Key Up;D;3238802
Key Down;A;3239091
Key Up;A;3239530
Key Up;W;3239618
Key Up;Left Shift;3239650
Key Down;A;3240091
Key Down;W;3240178
Key Up;A;3240427
Key Down;Left Shift;3240507
Key Down;A;3241451
Key Up;A;3242043
Key Down;Espace;3242067
Key Up;Espace;3242306
Key Down;D;3242571
Key Up;D;3243931
Key Down;A;3244059
Key Up;A;3244467
Key Down;Espace;3244835
Key Up;Espace;3245955
Key Down;A;3246067
Key Up;A;3246467
Key Down;A;3246515
Key Up;A;3246619
Key Down;Espace;3246803
Key Down;D;3246970
Key Up;Espace;3246994
Key Up;D;3247115
Key Up;Left Shift;3247235
Key Down;D;3247259
Key Up;W;3247291
Key Up;D;3247642
Key Down;W;3247675
Key Up;W;3247787
Key Down;E;3248443
Key Up;E;3248563
Key Down;Left Shift;3249315
Key Up;Left Shift;3250938
Key Down;Echap;3254587
Key Up;Echap;3254667
Key Down;S;3257459
Key Up;S;3257987
Key Down;W;3258251
Key Down;Left Shift;3258316
Key Down;Espace;3258715
Key Up;Espace;3258915
Key Down;Espace;3260403
Key Up;Espace;3260931
Key Down;A;3261419
Key Up;A;3261731
Key Down;Espace;3262083
Key Up;Espace;3262443
Key Down;D;3262547
Key Up;D;3263339
Key Down;D;3263716
Key Up;D;3264019
Key Down;A;3266372
Key Up;A;3266795
Key Up;Left Shift;3266915
Key Up;W;3267052
Key Down;W;3274811
Key Down;Left Shift;3274891
Key Down;Espace;3275243
Key Up;Espace;3275475
Key Down;A;3276235
Key Up;A;3276811
Key Down;A;3277140
Key Up;A;3277403
Key Up;Left Shift;3277459
Key Down;Left Shift;3277499
Key Up;W;3277580
Key Down;Espace;3277644
Key Up;Left Shift;3277668
Key Up;Espace;3277876
Key Down;W;3278171
Key Up;W;3278595
Key Down;S;3279140
Key Down;D;3279315
Key Up;S;3279451
Key Up;D;3279507
Key Down;W;3279852
Key Down;Left Shift;3279860
Key Down;Espace;3280187
Key Up;Espace;3280651
Key Up;W;3280699
Key Up;Left Shift;3280723
Key Down;A;3281012
Key Up;A;3281812
Key Down;D;3286091
Key Down;W;3286276
Key Up;W;3286396
Key Up;D;3286524
Key Down;D;3286771
Key Up;D;3287036
Key Down;S;3287244
Key Down;A;3287379
Key Up;S;3287435
Key Up;A;3287515
Key Down;Left Shift;3287900
Key Down;W;3287908
Key Down;Espace;3288179
Key Up;Espace;3288476
Key Up;W;3288492
Key Up;Left Shift;3288524
Key Down;A;3288859
Key Down;S;3289052
Key Up;S;3289443
Key Up;A;3290300
Key Down;D;3290843
Key Down;Espace;3290876
Key Down;W;3291515
Key Up;Espace;3291548
Key Up;D;3291812
Key Down;A;3291972
Key Up;W;3292004
Key Up;A;3292155
Key Down;Q;3293148
Key Up;Q;3293292
Key Down;Q;3296308
Key Up;Q;3296444
Key Down;Tab;3297236
Key Up;Tab;3297388
Key Down;Tab;3301732
Key Up;Tab;3301852
Key Down;W;3301972
Key Down;Left Shift;3302236
Key Down;A;3302420
Key Up;A;3302884
Key Down;D;3302924
Key Up;D;3303452
Key Up;W;3303972
Key Down;A;3303988
Key Down;W;3304100
Key Up;A;3306149
Key Down;A;3306364
Key Up;A;3306892
Key Up;Left Shift;3307860
Key Up;W;3307876
Key Down;E;3307948
Key Up;E;3308092
Key Down;Echap;3313300
Key Up;Echap;3313396
Key Down;W;3313621
Key Down;Left Shift;3313716
Key Down;A;3314012
Key Up;A;3314189
Key Up;Left Shift;3314316
Key Up;W;3314620
Key Down;E;3314684
Key Up;E;3314821
Key Down;Echap;3315517
Key Up;Echap;3315597
Key Down;W;3315780
Key Down;Espace;3315900
Key Up;Espace;3316100
Key Down;D;3316997
Key Up;D;3318133
Key Down;Left Shift;3318165
Key Down;Espace;3319653
Key Up;Espace;3319900
Key Down;A;3320773
Key Up;A;3321029
Key Down;D;3321573
Key Down;Espace;3321868
Key Up;D;3321892
Key Down;D;3322036
Key Up;Espace;3322085
Key Down;Espace;3323653
Key Up;Espace;3323860
Key Up;D;3324157
Key Down;A;3324181
Key Up;W;3324821
Key Up;Left Shift;3325021
Key Up;A;3325077
Key Down;W;3325085
Key Up;W;3325188
Key Down;A;3325533
Key Down;W;3325717
Key Up;A;3326261
Key Down;Left Shift;3326405
Key Up;Left Shift;3329045
Key Up;W;3350445
Key Down;A;3360893
Key Down;W;3361125
Key Down;Left Shift;3361245
Key Up;A;3361277
Key Down;Espace;3362349
Key Up;Espace;3362445
Key Up;Left Shift;3365709
Key Up;W;3369909
Key Down;A;3380870
Key Down;W;3380886
Key Up;A;3381030
Key Down;Espace;3381038
Key Up;Espace;3381422
Key Down;D;3381614
Key Up;D;3382469
Key Down;Espace;3382782
Key Up;Espace;3383109
Key Down;D;3383574
Key Up;D;3384542
Key Down;Left Shift;3385117
Key Down;C;3386350
Key Down;Espace;3386670
Key Up;Espace;3387086
Key Down;Espace;3389142
Key Up;Espace;3389470
Key Down;Espace;3391526
Key Up;Espace;3392150
Key Down;Espace;3394070
Key Up;Espace;3394870
Key Down;Espace;3396990
Key Up;Espace;3397542
Key Up;C;3397982
Key Down;C;3398878
Key Down;Espace;3399702
Key Up;Espace;3400142
Key Down;Espace;3402655
Key Up;Espace;3403231
Key Up;C;3404774
Key Down;C;3405847
Key Down;Espace;3406190
Key Down;A;3406206
Key Up;Espace;3406479
Key Up;A;3407550
Key Up;C;3407823
Key Down;C;3408846
Key Down;Espace;3409167
Key Up;Espace;3409622
Key Down;Espace;3411550
Key Up;Espace;3411734
Key Up;C;3412471
Key Up;Left Shift;3414575
Key Up;W;3414663
Key Down;W;3416535
Key Down;Left Shift;3416743
Key Down;C;3419191
Key Down;Espace;3419423
Key Up;Espace;3419935
Key Down;Espace;3421967
Key Up;Espace;3422591
Key Down;Espace;3424527
Key Up;Espace;3425191
Key Down;Espace;3426863
Key Up;Espace;3427615
Key Down;Espace;3429319
Key Up;Espace;3430151
Key Down;Espace;3431694
Key Up;Espace;3432111
Key Up;C;3432527
Key Down;C;3436287
Key Down;Espace;3436639
Key Up;Espace;3437175
Key Down;Espace;3439151
Key Up;Espace;3439680
Key Up;C;3439943
Key Down;A;3441511
Key Up;Left Shift;3441791
Key Up;A;3442583
Key Down;Espace;3442735
Key Up;W;3442823
Key Up;Espace;3443599
Key Down;D;3443792
Key Up;D;3443831
Key Down;Espace;3444479
Key Up;Espace;3444943
Key Down;W;3445567
Key Up;W;3445639
Key Down;W;3448263
Key Down;Left Shift;3448344
Key Down;C;3449519
Key Down;Espace;3449848
Key Up;Espace;3450135
Key Up;C;3451295
Key Down;C;3453144
Key Down;Espace;3453519
Key Up;Espace;3454199
Key Down;Espace;3456207
Key Up;Espace;3456895
Key Down;Espace;3458775
Key Up;Espace;3459391
Key Down;Espace;3461624
Key Up;Espace;3462512
Key Down;Espace;3464183
Key Up;Espace;3465336
Key Down;Espace;3466743
Key Up;Espace;3467992
Key Down;Espace;3469128
Key Up;Espace;3469936
Key Down;Espace;3471784
Key Up;Espace;3472592
Key Up;C;3474632
Key Down;C;3475872
Key Down;Espace;3476167
Key Up;Espace;3476576
Key Down;Espace;3478592
Key Up;Espace;3479160
Key Down;Espace;3481120
Key Up;Espace;3481696
Key Down;Espace;3483784
Key Up;Espace;3484304
Key Down;Espace;3486376
Key Up;Espace;3486960
Key Down;Espace;3488969
Key Up;Espace;3489384
Key Up;C;3490000
Key Down;A;3490520
Key Up;A;3491633
Key Up;Left Shift;3491657
Key Up;W;3491832
Key Down;A;3492185
Key Down;W;3492265
Key Up;A;3493096
Key Down;D;3493184
Key Up;D;3493488
Key Down;Espace;3493513
Key Up;W;3493537
Key Down;W;3494456
Key Up;Espace;3494488
Key Down;D;3494528
Key Up;D;3494608
Key Up;W;3494728
Key Down;W;3495872
Key Down;D;3496536
Key Up;W;3496632
Key Up;D;3496712
Key Down;A;3497272
Key Up;A;3497344
Key Down;D;3498064
Key Down;W;3498161
Key Up;W;3498472
Key Up;D;3498672
Key Down;D;3499128
Key Up;D;3499360
Key Down;Q;3499376
Key Up;Q;3499464
Key Down;D;3504409
Key Down;W;3504457
Key Up;W;3504809
Key Up;D;3504841
Key Down;2;3507825
Key Up;2;3507928
Key Down;D;3513057
Key Up;D;3513113
Key Down;F;3513392
Key Up;F;3513473
Key Down;W;3513649
Key Up;W;3513705
Key Down;D;3516361
Key Up;D;3516481
Key Down;D;3516881
Key Up;D;3516969
Key Down;A;3517449
Key Down;W;3517737
Key Up;W;3517865
Key Down;S;3519017
Key Up;A;3519384
Key Up;S;3519417
Key Down;Q;3519609
Key Up;Q;3519705
Key Down;Q;3520353
Key Up;Q;3520489
Key Down;A;3525337
Key Up;A;3525689
Key Down;D;3527801
Key Up;D;3528161
Key Down;Q;3528233
Key Up;Q;3528361
Key Down;Q;3529057
Key Up;Q;3529177
Key Down;Q;3593146
Key Up;Q;3593243
Key Down;Q;3593339
Key Up;Q;3593419
Key Down;A;3597875
Key Up;A;3598314
Key Down;D;3599547
Key Down;W;3599570
Key Up;W;3599971
Key Up;D;3600330
Key Down;A;3600418
Key Down;F;3600747
Key Up;F;3600811
Key Up;A;3600938
Key Down;Q;3602434
Key Up;Q;3602531
Key Down;Q;3602619
Key Up;Q;3602699
Key Down;F;3645780
Key Up;F;3645876
Key Down;D;3652324
Key Down;S;3652460
Key Up;D;3652548
Key Up;S;3652708
Key Down;Q;3658836
Key Up;Q;3658923
Key Down;Q;3660540
Key Up;Q;3660660
Key Down;A;3674708
Key Up;A;3674877
Key Down;2;3681525
Key Up;2;3681653
Key Down;D;3694613
Key Up;D;3694909
Key Down;A;3695213
Key Up;A;3695341
Key Down;Q;3700925
Key Up;Q;3701029
Key Down;F;3701861
Key Up;F;3701973
Key Down;D;3702437
Key Up;D;3702717
Key Down;A;3711446
Key Down;S;3711829
Key Up;A;3711917
Key Up;S;3712053
Key Down;Q;3712413
Key Up;Q;3712517
Key Down;8;3728350
Key Up;8;3728397
Key Down;D;3732182
Key Up;D;3732398
Key Down;S;3735710
Key Up;S;3735925
Key Down;Q;3736166
Key Up;Q;3736254
Key Down;Q;3736597
Key Up;Q;3736694
Key Down;2;3749134
Key Up;2;3749270
Key Down;A;3751414
Key Down;W;3751486
Key Up;A;3751654
Key Up;W;3751878
Key Down;F;3752382
Key Up;F;3752494
Key Down;A;3752830
Key Up;A;3753206
Key Down;D;3754926
Key Up;D;3755414
Key Down;D;3761182
Key Up;D;3761375
Key Down;A;3780807
Key Up;A;3781678
Key Down;Echap;3782167
Key Up;Echap;3782263
Key Down;F;3782911
Key Up;F;3782991
Key Down;A;3783383
Key Down;W;3783814
Key Up;W;3785607
Key Up;A;3785871
Key Down;D;3786239
Key Down;W;3786527
Key Up;W;3786695
Key Up;D;3786703
Key Down;A;3787583
Key Down;W;3787750
Key Up;W;3788215
Key Down;S;3788551
Key Up;A;3789223
Key Up;S;3789231
Key Down;Q;3790631
Key Up;Q;3790719
Key Down;A;3790903
Key Down;Left Shift;3791103
Key Down;W;3791535
Key Up;W;3792103
Key Down;S;3792454
Key Down;D;3792791
Key Up;A;3792879
Key Up;S;3793079
Key Up;Left Shift;3793487
Key Up;D;3793551
Key Down;W;3794063
Key Down;Left Shift;3794247
Key Down;C;3795808
Key Down;Espace;3796063
Key Up;Espace;3796375
Key Up;C;3796591
Key Down;C;3797567
Key Up;C;3797695
Key Down;C;3798047
Key Down;Espace;3798480
Key Up;Espace;3798959
Key Down;Espace;3800735
Key Up;Espace;3800943
Key Up;C;3802159
Key Up;W;3802472
Key Down;F;3802552
Key Up;Left Shift;3802559
Key Up;F;3802647
Key Down;D;3814343
Key Up;D;3815256
Key Down;W;3815280
Key Up;W;3815447
Key Down;Q;3819039
Key Up;Q;3819160
Key Down;Q;3820335
Key Up;Q;3820472
Key Down;Echap;3826887
Key Up;Echap;3826991
Key Down;Q;3827776
Key Up;Q;3827936
Key Down;Q;3830768
Key Up;Q;3830880
Key Down;Tab;3831120
Key Up;Tab;3831280
Key Down;Echap;3837192
Key Up;Echap;3837336
Key Down;W;3837880
Key Down;Left Shift;3838816
Key Up;Left Shift;3839808
Key Up;W;3839848
Key Down;A;3841912
Key Up;A;3842408
Key Down;D;3843264
Key Down;W;3843936
Key Up;D;3844168
Key Up;W;3844288
Key Down;2;3847192
Key Up;2;3847360
Key Down;W;3847737
Key Down;A;3847864
Key Down;Left Shift;3848176
Key Up;Left Shift;3848297
Key Up;A;3848536
Key Up;W;3848664
Key Down;D;3849657
Key Down;W;3849753
Key Up;W;3849896
Key Up;D;3850008
Key Down;A;3850480
Key Up;A;3850760
Key Down;D;3851816
Key Down;W;3851960
Key Up;D;3852240
Key Down;Left Shift;3852305
Key Down;Espace;3853160
Key Up;Espace;3853288
Key Up;Left Shift;3854160
Key Down;Left Shift;3854176
Key Up;Left Shift;3854224
Key Up;W;3854232
Key Down;A;3855713
Key Up;A;3856433
Key Down;2;3856929
Key Up;2;3857025
Key Down;D;3857705
Key Down;S;3857809
Key Up;S;3858144
Key Up;D;3858152
Key Down;W;3859113
Key Down;Left Shift;3859185
Key Down;A;3859280
Key Up;A;3859448
Key Up;W;3859585
Key Up;Left Shift;3859641
Key Down;D;3859761
Key Down;S;3859880
Key Up;S;3860064
Key Up;D;3860080
Key Down;A;3862521
Key Down;W;3862648
Key Up;W;3862872
Key Up;A;3863217
Key Down;W;3864208
Key Down;Left Shift;3864313
Key Down;C;3864961
Key Down;Espace;3865185
Key Up;Espace;3865368
Key Down;Espace;3867504
Key Up;Espace;3867953
Key Up;C;3869360
Key Down;A;3870184
Key Up;W;3872048
Key Up;Left Shift;3872064
Key Up;A;3872072
Key Down;D;3875641
Key Down;W;3875681
Key Down;Left Shift;3875753
Key Up;D;3876953
Key Up;Left Shift;3877049
Key Up;W;3877185
Key Down;W;3879193
Key Down;Left Shift;3879241
Key Down;A;3879689
Key Up;Left Shift;3880577
Key Up;W;3880753
Key Up;A;3880800
Key Down;A;3883849
Key Down;W;3883865
Key Down;Left Shift;3883993
Key Up;Left Shift;3884593
Key Up;A;3884609
Key Up;W;3884641
Key Down;Echap;3885065
Key Up;Echap;3885161
Key Down;W;3886761
Key Up;W;3886953
Key Down;W;3887457
Key Down;Left Shift;3887585
Key Down;D;3887689
Key Up;D;3888162
Key Down;D;3888385
Key Up;Left Shift;3888433
Key Up;W;3888505
Key Up;D;3888513
Key Down;D;3906274
Key Up;D;3907082
Key Down;W;3907921
Key Down;Left Shift;3908074
Key Up;Left Shift;3909610
Key Up;W;3909801
Key Down;Q;3909969
Key Up;Q;3910098
Key Down;W;3921146
Key Down;Left Shift;3921257
Key Down;D;3921265
Key Up;Left Shift;3922442
Key Up;W;3922641
Key Up;D;3922906
Key Down;W;3926578
Key Down;A;3926673
Key Up;W;3928090
Key Up;A;3928938
Key Down;A;3929130
Key Up;A;3929186
Key Down;A;3929978
Key Down;W;3930074
Key Up;W;3930586
Key Up;A;3930642
Key Down;W;3930906
Key Down;A;3931562
Key Up;A;3932386
Key Up;W;3936090
Key Down;W;3937162
Key Down;D;3938043
Key Up;D;3938330
Key Down;D;3939371
Key Up;D;3939546
Key Down;D;3950131
Key Up;D;3950538
Key Down;D;3952219
Key Up;D;3953467
Key Down;A;3955026
Key Up;A;3956691
Key Down;Left Shift;3961714
Key Up;Left Shift;3962251
Key Up;W;3962315
Key Down;W;3962755
Key Down;Left Shift;3962867
Key Up;Left Shift;3963347
Key Up;W;3963403
Key Down;W;3963715
Key Down;Left Shift;3963778
Key Up;Left Shift;3964299
Key Up;W;3964315
Key Down;W;3964707
Key Down;Left Shift;3964723
Key Up;Left Shift;3965355
Key Up;W;3965411
Key Down;W;3965691
Key Down;Left Shift;3965723
Key Up;Left Shift;3966251
Key Up;W;3966291
Key Down;W;3966571
Key Down;Left Shift;3966595
Key Up;Left Shift;3967219
Key Up;W;3967243
Key Down;W;3967611
Key Down;Left Shift;3967643
Key Up;W;3968211
Key Up;Left Shift;3968235
Key Down;W;3968539
Key Down;Left Shift;3968579
Key Up;Left Shift;3969138
Key Up;W;3969170
Key Down;W;3970243
Key Down;Left Shift;3970315
Key Down;D;3970435
Key Up;Left Shift;3970739
Key Up;W;3970819
Key Up;D;3970947
Key Down;W;3971483
Key Down;Left Shift;3971547
Key Up;W;3971931
Key Up;Left Shift;3971955
Key Down;W;3972371
Key Down;Left Shift;3972419
Key Up;Left Shift;3973091
Key Up;W;3973099
Key Down;W;3973435
Key Down;Left Shift;3973475
Key Up;Left Shift;3974035
Key Up;W;3974051
Key Down;W;3974371
Key Down;Left Shift;3974395
Key Up;W;3974955
Key Up;Left Shift;3974963
Key Down;W;3975251
Key Down;Left Shift;3975275
Key Up;Left Shift;3975915
Key Up;W;3975931
Key Down;W;3976516
Key Up;W;3976923
Key Down;W;3977307
Key Down;Echap;3977323
Key Up;Echap;3977427
Key Down;Left Shift;3977811
Key Down;C;3978923
Key Down;Espace;3979180
Key Up;Espace;3979395
Key Down;Espace;3981563
Key Up;Espace;3981987
Key Down;Espace;3983908
Key Up;Espace;3984532
Key Down;Espace;3986123
Key Up;Espace;3986795
Key Down;Espace;3988371
Key Up;Espace;3988652
Key Down;Espace;3990468
Key Up;Espace;3990915
Key Down;Espace;3991083
Key Up;Espace;3991555
Key Up;C;3991940
Key Down;C;3992787
Key Down;Espace;3993316
Key Up;Espace;3993635
Key Up;C;3994763
Key Up;Left Shift;3996764
Key Up;W;3996835
Key Down;F;3997244
Key Up;F;3997332
Key Down;W;3997699
Key Up;W;3997772
Key Down;W;3998147
Key Down;Espace;3998315
Key Up;W;3998355
Key Up;Espace;3998460
Key Down;A;3999611
Key Up;A;3999747
Key Down;W;4000355
Key Up;W;4006556
Key Down;Espace;4007484
Key Up;Espace;4007492
Key Down;Espace;4007508
Key Up;Espace;4007516
Key Down;Espace;4007524
Key Up;Espace;4007540
Key Down;Espace;4007548
Key Up;Espace;4007556
Key Down;Espace;4007564
Key Up;Espace;4007579
Key Down;Espace;4007587
Key Up;Espace;4007603
Key Down;Espace;4007611
Key Up;Espace;4007619
Key Down;Espace;4007635
Key Up;Espace;4007643
Key Down;Espace;4007651
Key Up;Espace;4007659
Key Down;Espace;4007675
Key Up;Espace;4007683
Key Down;Espace;4007691
Key Up;Espace;4007707
Key Down;Espace;4007715
Key Up;Espace;4007723
Key Down;Espace;4007740
Key Up;Espace;4007748
Key Down;Espace;4007756
Key Up;Espace;4007772
Key Down;Espace;4007780
Key Up;Espace;4007788
Key Down;Espace;4007796
Key Up;Espace;4007812
Key Down;Espace;4007820
Key Up;Espace;4007828
Key Down;Espace;4007844
Key Up;Espace;4007852
Key Down;Espace;4007860
Key Up;Espace;4007876
Key Down;Espace;4007884
Key Up;Espace;4007892
Key Down;Echap;4009051
Key Up;Echap;4009148
Key Down;Echap;4011444
Key Up;Echap;4011492
Key Down;F;4032293
Key Up;F;4032356
Key Down;W;4032708
Key Up;W;4034221
Key Down;W;4037204
Key Up;W;4038708
Key Down;W;4039388
Key Up;W;4044157
Key Down;W;4044660
Key Up;W;4044949
Key Down;W;4045093
Key Up;W;4051437
Key Down;W;4051829
Key Up;W;4053573
Key Down;W;4060053
Key Up;W;4061565
Key Down;W;4061917
Key Up;W;4062789
Key Down;W;4063453
Key Up;W;4065509
Key Down;W;4068517
Key Up;W;4070333
Key Down;W;4070645
Key Up;W;4073374
Key Down;W;4075749
Key Up;W;4077494
Key Down;W;4078917
Key Up;W;4080269
Key Down;W;4080893
Key Up;W;4081518
Key Down;W;4082070
Key Up;W;4084134
Key Down;W;4096318
Key Up;W;4111958
Key Down;W;4113542
Key Up;W;4113782
Key Down;W;4114350
Key Up;W;4140871
Key Down;W;4184984
Key Down;Left Shift;4186672
Key Up;Left Shift;4187208
Key Up;W;4187856
Key Down;W;4188288
Key Up;W;4191056
Key Down;W;4233049
Key Up;W;4234625
Key Down;W;4235073
Key Up;W;4237857
Key Down;W;4239033
Key Up;W;4241265
Key Down;W;4242753
Key Up;W;4245801
Key Down;W;4246121
Key Up;W;4251129
Key Down;W;4252585
Key Up;W;4256194
Key Down;W;4256673
Key Up;W;4259297
Key Down;W;4259657
Key Up;W;4266658
Key Down;W;4281674
Key Up;W;4281770
Key Down;W;4300306
Key Up;W;4301162
Key Down;W;4302587
Key Up;W;4305754
Key Down;W;4309610
Key Up;W;4310498
Key Down;W;4311899
Key Up;W;4317658
Key Down;W;4318290
Key Up;W;4325026
Key Down;W;4325587
Key Up;W;4326667
Key Down;W;4327835
Key Up;W;4329355
Key Down;W;4331635
Key Up;W;4333739
Key Down;W;4334947
Key Up;W;4339828
Key Down;W;4366716
Key Up;W;4367644
Key Down;W;4369276
Key Up;W;4369852
Key Down;W;4370187
Key Up;W;4371460
Key Down;W;4375036
Key Up;W;4375892
Key Down;W;4376284
Key Up;W;4382116
Key Down;W;4384812
Key Up;W;4387524
Key Down;W;4389524
Key Up;W;4396357
Key Down;W;4400012
Key Up;W;4401621
Key Down;W;4403597
Key Up;W;4406557
Key Down;W;4407069
Key Up;W;4415301
Key Down;W;4416261
Key Up;W;4422333
Key Down;W;4425413
Key Up;W;4426142
Key Down;W;4426701
Key Up;W;4429381
Key Down;W;4430509
Key Up;W;4437253
Key Down;W;4448254
Key Up;W;4452862
Key Down;W;4453981
Key Up;W;4457261
Key Down;W;4457925
Key Up;W;4462462
Key Down;W;4463269
Key Up;W;4477846
Key Down;W;4478806
Key Up;W;4495999
Key Down;W;4496374
Key Up;W;4498039
Key Down;W;4499734
Key Up;W;4500374
Key Down;W;4501855
Key Up;W;4504215
Key Down;W;4505447
Key Up;W;4507023
Key Down;W;4507423
Key Up;W;4508855
Key Down;W;4509999
Key Up;W;4510759
Key Down;W;4511151
Key Up;W;4512607
Key Down;W;4516063
Key Up;W;4517063
Key Down;W;4519223
Key Up;W;4521271
Key Down;W;4522687
Key Up;W;4524383
Key Down;W;4526927
Key Up;W;4529920
Key Down;W;4531671
Key Up;W;4533336
Key Down;W;4533912
Key Up;W;4538536
Key Down;W;4540247
Key Up;W;4540680
Key Down;W;4541968
Key Up;W;4543432
Key Down;W;4545832
Key Up;W;4551152
Key Down;W;4551816
Key Up;W;4552999
Key Down;W;4553480
Key Up;W;4572776
Key Down;W;4574465
Key Up;W;4574712
Key Down;W;4575416
Key Up;W;4578232
Key Down;W;4579097
Key Up;W;4589745
Key Down;W;4600105
Key Up;W;4600569
Key Down;W;4606497
Key Up;W;4620537
Key Down;W;4623129
Key Up;W;4630497
Key Down;W;4631289
Key Up;W;4633546
Key Down;W;4635674
Key Up;W;4636186
Key Down;W;4637482
Key Up;W;4637570
Key Down;W;4639202
Key Up;W;4639898
Key Down;W;4640130
Key Up;W;4640689
Key Down;W;4642001
Key Up;W;4643042
Key Down;W;4643258
Key Up;W;4645098
Key Down;W;4645554
Key Up;W;4647050
Key Down;W;4647482
Key Up;W;4647682
Key Down;W;4648010
Key Up;W;4648210
Key Down;W;4648490
Key Up;W;4648586
Key Down;A;4649738
Key Up;A;4649874
Key Down;W;4650178
Key Up;W;4650954
Key Down;W;4651363
Key Up;W;4651506
Key Down;W;4653434
Key Up;W;4653770
Key Down;W;4653978
Key Up;W;4656458
Key Down;W;4657074
Key Up;W;4658546
Key Down;W;4660346
Key Up;W;4661491
Key Down;W;4662298
Key Up;W;4667507
Key Down;W;4668954
Key Up;W;4671658
Key Down;W;4675234
Key Up;W;4675435
Key Down;W;4675770
Key Up;W;4676635
Key Down;W;4677138
Key Up;W;4679042
Key Down;W;4679714
Key Up;W;4682482
Key Down;W;4684267
Key Up;W;4687571
Key Down;W;4688963
Key Up;W;4691667
Key Down;W;4693907
Key Up;W;4715252
Key Down;W;4715715
Key Up;W;4719611
Key Down;W;4720379
Key Up;W;4727524
Key Down;W;4728379
Key Up;W;4728740
Key Down;W;4729043
Key Up;W;4730387
Key Down;W;4730620
Key Up;W;4730932
Key Down;W;4731196
Key Up;W;4731292
Key Down;A;4732379
Key Up;A;4732484
Key Down;D;4733300
Key Up;D;4733348
Key Down;W;4733652
Key Up;W;4733707
Key Down;A;4733980
Key Up;A;4734060
Key Down;D;4734412
Key Down;S;4734484
Key Up;D;4734516
Key Up;S;4734556
Key Down;W;4737492
Key Up;W;4737612
Key Down;W;4744860
Key Up;W;4748892
Key Down;W;4749476
Key Up;W;4749892
Key Down;W;4750556
Key Up;W;4757213
Key Down;W;4757564
Key Up;W;4760908
Key Down;W;4761332
Key Up;W;4765524
Key Down;W;4766780
Key Down;A;4777349
Key Up;A;4777845
Key Up;W;4777893
Key Down;Q;4778093
Key Up;Q;4778188
Key Down;W;4874967
Key Down;Left Shift;4875095
Key Down;C;4877920
Key Down;Espace;4878215
Key Up;Espace;4878584
Key Down;Espace;4880743
Key Up;Espace;4881423
Key Down;Espace;4883320
Key Up;Espace;4884047
Key Down;Espace;4885743
Key Up;Espace;4886143
Key Down;Espace;4888183
Key Up;Espace;4888696
Key Down;Espace;4890855
Key Up;Espace;4891679
Key Down;Espace;4893703
Key Up;Espace;4894335
Key Down;Espace;4896463
Key Up;Espace;4897007
Key Down;Espace;4899143
Key Up;Espace;4899472
Key Down;Espace;4901912
Key Up;Espace;4902528
Key Down;Espace;4904656
Key Up;Espace;4905240
Key Down;Espace;4908040
Key Up;Espace;4908280
Key Up;C;4910672
Key Down;A;4915904
Key Up;A;4916232
Key Up;W;4916488
Key Up;Left Shift;4916640
Key Down;W;4920680
Key Down;F;4921816
Key Up;F;4921928
Key Down;Left Shift;4922136
Key Down;C;4923712
Key Down;Espace;4923968
Key Up;Espace;4924280
Key Down;Espace;4926513
Key Up;Espace;4926848
Key Down;Espace;4928992
Key Up;Espace;4929448
Key Down;Espace;4931592
Key Up;Espace;4932152
Key Down;Espace;4935057
Key Up;C;4935225
Key Up;Espace;4935241
Key Up;Left Shift;4936328
Key Down;Left Shift;4937121
Key Down;C;4937897
Key Down;Espace;4938513
Key Up;Espace;4938824
Key Up;C;4939400
Key Down;C;4941424
Key Down;Espace;4941689
Key Up;Espace;4941977
Key Up;C;4942256
Key Down;C;4943689
Key Down;Espace;4943993
Key Up;Espace;4944272
Key Down;Espace;4946441
Key Up;Espace;4946800
Key Down;Espace;4948896
Key Up;Espace;4949233
Key Down;Espace;4951393
Key Up;Espace;4951801
Key Down;Espace;4955345
Key Up;Espace;4955785
Key Up;C;4956161
Key Down;C;4957225
Key Down;Espace;4957657
Key Up;Espace;4957905
Key Down;Espace;4960289
Key Up;Espace;4960641
Key Up;C;4961305
Key Up;Left Shift;4963385
Key Down;D;4963393
Key Up;W;4963681
Key Down;W;4964169
Key Up;W;4964617
Key Up;D;4965049
Key Down;W;4966065
Key Up;W;4967425
Key Down;W;4968137
Key Down;Left Shift;4968337
Key Up;W;4969129
Key Up;Left Shift;4969289
Key Down;W;4970857
Key Up;W;4971089
Key Down;D;4971257
Key Down;S;4971305
Key Up;D;4971553
Key Up;S;4971801
Key Down;W;4972930
Key Down;Q;4973097
Key Up;W;4973169
Key Up;Q;4973241
Key Down;Echap;4973761
Key Up;Echap;4973881
Key Down;Echap;4974354
Key Up;Echap;4974441
Key Down;W;4974657
Key Down;Left Shift;4974938
Key Down;C;4976545
Key Down;Espace;4976857
Key Up;Espace;4977082
Key Down;Espace;4979425
Key Up;Espace;4979809
Key Down;Espace;4982017
Key Up;Espace;4982306
Key Down;Espace;4984593
Key Up;Espace;4985385
Key Down;Espace;4987106
Key Up;Espace;4988081
Key Down;Espace;4989690
Key Up;Espace;4990290
Key Down;Espace;4992178
Key Up;Espace;4992450
Key Down;Espace;4994562
Key Up;Espace;4995066
Key Down;Espace;4996994
Key Up;Espace;4997570
Key Down;Espace;4999658
Key Up;Espace;4999962
Key Up;C;5000418
Key Down;C;5003586
Key Down;Espace;5003954
Key Up;Espace;5004370
Key Down;Espace;5006570
Key Up;Espace;5007010
Key Down;Espace;5009010
Key Up;Espace;5009570
Key Down;Espace;5011467
Key Up;Espace;5011786
Key Down;Espace;5014354
Key Up;Espace;5014562
Key Down;Espace;5016890
Key Up;Espace;5017362
Key Down;Espace;5019594
Key Up;Espace;5020026
Key Down;Espace;5022243
Key Up;Espace;5022739
Key Down;Espace;5025154
Key Up;Espace;5025579
Key Down;Espace;5027842
Key Up;Espace;5028739
Key Down;Espace;5030538
Key Up;Espace;5031330
Key Down;Espace;5033242
Key Up;Espace;5034091
Key Down;Espace;5035986
Key Up;Espace;5036578
Key Down;Espace;5038610
Key Up;Espace;5039226
Key Down;Espace;5041290
Key Up;Espace;5041946
Key Down;Espace;5043771
Key Up;Espace;5044251
Key Down;Espace;5046251
Key Up;Espace;5046667
Key Up;C;5047819
Key Down;C;5049099
Key Down;Espace;5049435
Key Up;Espace;5049803
Key Up;C;5049931
Key Up;W;5063163
Key Up;Left Shift;5063276
Key Down;D;5063348
Key Down;W;5063643
Key Down;Left Shift;5063827
Key Up;D;5064092
Key Down;A;5064756
Key Up;A;5064907
Key Down;Espace;5066531
Key Up;Espace;5066867
Key Down;Espace;5069683
Key Up;Espace;5069996
Key Down;A;5070156
Key Up;A;5070572
Key Up;Left Shift;5070588
Key Down;D;5070780
Key Up;W;5070939
Key Up;D;5071324
Key Down;A;5071747
Key Down;W;5071819
Key Up;A;5072116
Key Up;W;5072507
Key Down;E;5072523
Key Up;E;5072676
Key Down;Echap;5074724
Key Up;Echap;5074812
Key Down;W;5075220
Key Down;Espace;5075316
Key Up;Espace;5075492
Key Up;W;5075595
Key Down;A;5075851
Key Up;A;5076084
Key Down;E;5076780
Key Up;E;5076884
Key Down;Left Shift;5077948
Key Down;Left Control;5079236
Key Up;Left Control;5083163
Key Up;Left Shift;5083196
Key Down;Echap;5083468
Key Up;Echap;5083556
Key Down;E;5083964
Key Up;E;5084076
Key Down;E;5084260
Key Up;E;5084363
Key Down;Echap;5086708
Key Up;Echap;5086820
Key Down;W;5087636
Key Down;Espace;5087779
Key Up;Espace;5087924
Key Up;W;5088268
Key Down;E;5089099
Key Up;E;5089220
Key Down;Echap;5090372
Key Up;Echap;5090435
Key Down;W;5090604
Key Down;Espace;5091060
Key Up;Espace;5091260
Key Down;Left Shift;5091268
Key Up;Left Shift;5092276
Key Up;W;5092500
Key Down;E;5092748
Key Up;E;5092860
Key Down;Left Shift;5093252
Key Up;Left Shift;5094284
Key Down;Echap;5094508
Key Up;Echap;5094588
Key Down;W;5094676
Key Down;Espace;5094748
Key Up;Espace;5094852
Key Up;W;5095764
Key Down;E;5096044
Key Up;E;5096140
Key Down;Left Shift;5096700
Key Up;Left Shift;5097244
Key Down;Echap;5097492
Key Up;Echap;5097572
Key Down;W;5097732
Key Down;Espace;5097796
Key Up;Espace;5097964
Key Up;W;5099068
Key Down;E;5099300
Key Up;E;5099404
Key Down;Left Shift;5099821
Key Up;Left Shift;5100420
Key Down;Echap;5100700
Key Up;Echap;5100764
Key Down;W;5100924
Key Down;Espace;5101052
Key Up;Espace;5101252
Key Up;W;5102580
Key Down;E;5102708
Key Up;E;5102828
Key Down;Left Shift;5103108
Key Up;Left Shift;5103996
Key Down;Echap;5104260
Key Up;Echap;5104332
Key Down;W;5104533
Key Down;Espace;5104700
Key Up;Espace;5104916
Key Down;Espace;5106436
Key Up;Espace;5106652
Key Down;Espace;5108092
Key Up;Espace;5108412
Key Up;W;5109460
Key Down;E;5109805
Key Up;E;5109909
Key Down;Echap;5115301
Key Up;Echap;5115364
Key Down;W;5115781
Key Down;Espace;5115797
Key Down;A;5116260
Key Up;Espace;5116284
Key Up;A;5116533
Key Up;W;5116605
Key Down;W;5132980
Key Down;Espace;5133085
Key Up;Espace;5133269
Key Down;Left Shift;5134789
Key Down;C;5135845
Key Down;Espace;5136101
Key Up;Espace;5136429
Key Down;Espace;5138685
Key Up;Espace;5139725
Key Down;Espace;5141261
Key Up;Espace;5142101
Key Down;Espace;5144277
Key Up;Espace;5144829
Key Down;Espace;5147293
Key Up;Espace;5147957
Key Down;Espace;5150189
Key Up;Espace;5150853
Key Down;Espace;5152909
Key Up;Espace;5153614
Key Down;Espace;5155493
Key Up;Espace;5155646
Key Down;A;5157517
Key Up;A;5157829
Key Down;Espace;5158358
Key Up;Espace;5158502
Key Down;Espace;5160797
Key Up;Espace;5161341
Key Down;Espace;5163549
Key Up;Espace;5163838
Key Up;C;5165150
Key Up;W;5165694
Key Up;Left Shift;5165941
Key Down;W;5166350
Key Down;A;5166869
Key Up;A;5169549
Key Up;W;5169694
Key Down;A;5172358
Key Down;W;5172446
Key Up;A;5173246
Key Up;W;5173405
Key Down;W;5174214
Key Down;Left Shift;5174374
Key Down;C;5175222
Key Down;Espace;5175493
Key Up;Espace;5175942
Key Down;Espace;5178149
Key Up;Espace;5178614
Key Up;C;5179814
Key Down;A;5180974
Key Up;A;5181718
Key Down;C;5181966
Key Down;Espace;5182446
Key Up;Espace;5183006
Key Down;Espace;5185246
Key Up;Espace;5185790
Key Down;Espace;5187830
Key Up;Espace;5188246
Key Up;C;5188790
Key Up;Left Shift;5190246
Key Down;Left Shift;5193094
Key Down;C;5193342
Key Down;Espace;5193678
Key Up;Espace;5193878
Key Down;Espace;5197342
Key Up;Espace;5197814
Key Up;C;5198094
Key Up;Left Shift;5198127
Key Up;W;5198295
Key Down;W;5208582
Key Down;Left Shift;5210983
Key Down;C;5211775
Key Down;Espace;5212319
Key Up;Espace;5212582
Key Up;C;5212847
Key Down;C;5215079
Key Down;Espace;5215463
Key Up;Espace;5215838
Key Up;C;5217942
Key Down;C;5218783
Key Down;Espace;5219079
Key Up;Espace;5219439
Key Up;C;5221119
Key Up;Left Shift;5223023
Key Up;W;5223247
Key Down;W;5224263
Key Down;Left Shift;5224399
Key Down;C;5225023
Key Down;Espace;5225286
Key Up;Espace;5225607
Key Down;Espace;5228023
Key Up;Espace;5228719
Key Down;Espace;5231023
Key Up;Espace;5231687
Key Down;Espace;5233703
Key Up;Espace;5234503
Key Down;Espace;5236287
Key Up;Espace;5236807
Key Down;Espace;5238839
Key Up;Espace;5239607
Key Down;Espace;5241416
Key Up;Espace;5242032
Key Down;Espace;5243927
Key Up;Espace;5244999
Key Down;Espace;5246479
Key Up;Espace;5247976
Key Down;Espace;5249039
Key Up;Espace;5249599
Key Down;Espace;5251831
Key Up;Espace;5252367
Key Down;Espace;5254423
Key Up;Espace;5254768
Key Up;C;5254912
Key Down;F;5255743
Key Up;F;5255807
Key Down;D;5257071
Key Up;D;5257536
Key Down;D;5257751
Key Up;D;5258176
Key Up;Left Shift;5258864
Key Down;D;5310545
Key Up;D;5311873
Key Up;W;5312249
Key Down;W;5313289
Key Up;W;5314705
Key Down;W;5315385
Key Up;W;5332113
Key Down;D;5332201
Key Down;W;5332505
Key Up;W;5332713
Key Up;D;5333106
Key Down;A;5333905
Key Down;W;5336713
Key Up;A;5337249
Key Up;W;5337257
Key Down;W;5349274
Key Down;A;5349314
Key Down;Espace;5349593
Key Up;Espace;5349946
Key Up;W;5350753
Key Up;A;5350769
Key Down;Echap;5361922
Key Up;Echap;5362042
Key Down;Echap;5362562
Key Up;Echap;5362682
