Event;Key;Time
Key Down;Right Shift;9748
Key Down;Barre oblique;9876
Key Up;Right Shift;9956
Key Up;Barre oblique;9964
Key Down;S;10997
Key Up;S;11069
Key Down;I;11133
Key Up;I;11181
Key Down;M;11316
Key Up;M;11373
Key Down;P;11461
Key Up;P;11509
Key Down;L;12916
Key Up;L;13004
Key Down;E;13092
Key Up;E;13164
Key Down;S;13668
Key Up;S;13741
Key Down;T;13877
Key Up;T;13925
Key Down;A;13965
Key Up;A;14036
Key Down;T;14141
Key Up;T;14220
Key Down;S;14300
Key Up;S;14357
Key Down;Entrée;14812
Key Up;Entrée;14892
Key Down;Echap;15404
Key Up;Echap;15492
Key Down;D;15965
Key Down;Z;16300
Key Up;Z;16509
Key Down;Z;16677
Key Up;D;16764
Key Down;Q;16932
Key Up;Q;17164
Key Down;D;17180
Key Up;Z;17348
Key Down;S;17652
Key Up;S;18020
Key Down;Z;18508
Key Up;D;18948
Key Down;Q;18996
Key Up;Q;19204
Key Down;Q;19996
Key Up;Z;20149
Key Down;S;20493
Key Up;Q;20612
Key Up;S;20717
Key Down;Q;21076
Key Down;Z;21732
Key Up;Q;21861
Key Down;Q;22045
Key Up;Z;22644
Key Down;Z;22957
Key Up;Q;23052
Key Up;Z;23100
Key Down;E;24212
Key Up;E;24341
Key Down;S;24580
Key Up;S;24636
Key Down;Q;24948
Key Up;Q;25069
Key Down;Z;25268
Key Up;Z;25349
Key Down;E;25948
Key Up;E;26068
Key Down;S;26316
Key Down;Q;26396
Key Up;S;26412
Key Down;Z;26580
Key Up;Q;26629
Key Up;Z;26700
Key Down;E;27836
Key Up;E;27973
Key Down;D;28212
Key Down;S;29100
Key Up;D;29237
Key Down;D;30125
Key Up;S;31028
Key Down;Z;31324
Key Up;D;31701
Key Down;Q;32172
Key Up;Q;32396
Key Up;Z;35548
Key Down;D;36020
Key Up;D;36340
Key Down;Q;36564
Key Down;Z;36700
Key Up;Q;36716
Key Up;Z;37492
Key Down;S;45516
Key Down;D;45557
Key Up;S;46645
Key Down;Q;48764
Key Up;D;48773
Key Down;Z;48828
Key Up;Q;48948
Key Down;D;49453
Key Up;Z;49996
Key Down;Z;50237
Key Up;D;51101
Key Down;Q;51468
Key Up;Q;51693
Key Down;D;51892
Key Up;D;52188
Key Up;Z;52197
Key Down;Q;52229
Key Up;Q;52340
Key Down;S;52364
Key Down;Q;52500
Key Up;S;52804
Key Down;S;53292
Key Up;Q;53668
Key Up;S;53796
Key Down;A;53836
Key Up;A;53932
Key Down;D;54117
Key Down;S;54260
Key Up;D;54404
Key Down;D;54716
Key Up;S;54861
Key Up;D;55148
Key Down;S;55620
Key Down;Q;55756
Key Up;S;55805
Key Up;Q;56156
Key Down;A;56292
Key Up;A;56380
Key Down;D;56621
Key Up;D;56828
Key Down;D;57668
Key Down;Z;57813
Key Up;Z;58124
Key Up;D;58276
Key Down;D;59004
Key Down;A;59028
Key Up;D;59060
Key Up;A;59124
Key Down;D;59132
Key Up;D;59628
Key Down;D;60284
Key Down;Z;60556
Key Up;D;60884
Key Down;Q;60948
Key Up;Z;61084
Key Down;Z;61876
Key Up;Q;62932
Key Down;D;62940
Key Up;Z;62980
Key Down;Z;63492
Key Up;D;63829
Key Down;D;65260
Key Up;Z;65308
Key Up;D;66316
Key Down;S;66444
Key Down;D;66717
Key Up;S;66788
Key Down;Z;67412
Key Up;Z;67597
Key Down;Q;67764
Key Up;D;67796
Key Down;S;67852
Key Up;S;68500
Key Down;S;68556
Key Up;S;68668
Key Down;Z;68916
Key Up;Z;70620
Key Down;S;70844
Key Up;Q;71060
Key Down;A;71180
Key Up;A;71292
Key Up;S;71412
Key Down;D;71420
Key Up;D;71468
Key Down;Q;71548
Key Down;Z;71572
Key Up;Q;71684
Key Up;Z;71772
Key Down;Z;72116
Key Down;D;72349
Key Up;D;72484
Key Up;Z;72532
Key Down;Q;72676
Key Down;S;72773
Key Up;Q;73389
Key Down;A;73533
Key Up;A;73636
Key Down;D;74333
Key Up;D;74380
Key Down;D;74708
Key Up;D;74812
Key Down;Q;75052
Key Up;Q;75276
Key Down;Q;75564
Key Up;Q;75876
Key Down;A;76044
Key Up;A;76132
Key Down;D;76332
Key Up;S;76452
Key Down;Z;76628
Key Up;D;76804
Key Down;Q;76924
Key Up;Q;76988
Key Down;E;77004
Key Up;E;77116
Key Up;Z;77188
Key Down;Q;77197
Key Down;S;77380
Key Up;S;77653
Key Down;S;77709
Key Up;Q;77804
Key Down;D;77908
Key Up;S;78364
Key Down;S;78549
Key Up;S;78661
Key Down;A;78804
Key Up;A;78908
Key Down;Z;79021
Key Up;D;79109
Key Up;Z;79172
Key Down;D;79180
Key Down;Z;79740
Key Up;Z;79900
Key Down;S;80156
Key Up;D;80172
Key Down;Q;80212
Key Up;Q;80612
Key Down;Q;80796
Key Up;S;81500
Key Down;Z;81876
Key Up;Z;82060
Key Up;Q;82925
Key Down;Q;83964
Key Down;Z;84220
Key Up;Q;84332
Key Down;D;84764
Key Up;Z;84789
Key Down;S;84924
Key Up;D;84940
Key Down;Q;85556
Key Up;Q;86332
Key Down;Q;86372
Key Up;S;86485
Key Up;Q;86572
Key Down;Q;86669
Key Down;S;86709
Key Up;S;87068
Key Up;Q;88348
Key Down;A;88468
Key Up;A;88564
Key Down;D;88716
Key Up;D;88933
Key Down;Q;89132
Key Down;Z;89517
Key Up;Q;89596
Key Down;D;89660
Key Up;Z;89732
Key Up;D;89868
Key Down;Q;89956
Key Down;Z;90077
Key Up;Q;90285
Key Down;D;90405
Key Up;Z;90421
Key Up;D;90564
Key Down;S;90636
Key Down;D;90892
Key Up;D;91004
Key Up;S;91020
Key Down;Q;91029
Key Down;Z;91821
Key Up;Q;91916
Key Down;D;92036
Key Down;A;92092
Key Up;Z;92164
Key Up;A;92213
Key Down;S;92436
Key Up;S;93004
Key Up;D;93940
Key Down;E;94892
Key Up;E;95044
Key Down;D;97196
Key Down;Z;97236
Key Up;D;97372
Key Down;D;97916
Key Up;Z;98132
Key Up;D;98892
Key Down;Z;99236
Key Up;Z;99652
Key Down;A;100300
Key Up;A;100436
Key Down;D;101028
Key Up;D;101164
Key Down;Q;101300
Key Down;Z;101404
Key Up;Z;101972
Key Up;Q;102181
Key Down;Tab;102412
Key Up;Tab;103468
Key Down;D;104276
Key Down;Z;104636
Key Up;Z;105396
Key Down;Z;105732
Key Up;Z;105820
Key Down;Z;106460
Key Up;D;106612
Key Up;Z;107124
Key Down;Z;107652
Key Down;Q;108188
Key Up;Z;109156
Key Up;Q;109236
Key Down;D;109300
Key Down;S;109316
Key Up;S;110268
Key Down;A;110404
Key Up;A;110485
Key Down;S;111340
Key Up;S;111756
Key Down;Z;112508
Key Up;D;113109
Key Up;Z;113900
Key Down;A;114604
Key Up;A;114716
Key Down;Z;115284
Key Down;D;115308
Key Up;D;115580
Key Down;Q;115876
Key Up;Q;115980
Key Up;Z;116092
Key Down;S;116276
Key Down;Q;117068
Key Up;S;117284
Key Down;S;117484
Key Up;Q;117492
Key Up;S;117564
Key Down;A;117700
Key Up;A;117796
Key Down;Z;122260
Key Down;A;122492
Key Up;A;122596
Key Up;Z;122612
Key Down;Z;124732
Key Down;Q;125148
Key Up;Z;126148
Key Down;S;126956
Key Up;Q;128380
Key Down;Q;128420
Key Up;Q;128540
Key Down;D;128828
Key Up;D;129092
Key Down;D;129596
Key Up;S;129724
Key Down;A;129844
Key Up;A;129948
Key Down;Z;130412
Key Up;D;130580
Key Up;Z;130892
Key Down;D;132492
Key Down;Z;132556
Key Up;D;133140
Key Up;Z;133284
Key Down;A;133652
Key Up;A;133740
Key Down;Q;134868
Key Up;Q;136124
Key Down;Tab;136796
Key Up;Tab;137548
Key Down;Echap;139620
Key Up;Echap;139788
Key Down;Echap;151044
Key Up;Echap;151156
Key Down;Echap;151492
Key Up;Echap;151604
Key Down;Q;152268
Key Down;Z;152364
Key Up;Z;152548
Key Down;S;153748
Key Up;S;154972
Key Up;Q;155900
Key Down;A;156028
Key Up;A;156108
Key Down;Q;157340
Key Down;Z;158227
Key Up;Q;158268
Key Down;D;158308
Key Up;D;158564
Key Down;Q;158596
Key Up;Z;158676
Key Up;Q;158708
Key Down;Q;159140
Key Up;Q;159292
Key Down;Q;159428
Key Down;S;159980
Key Up;S;160116
Key Up;Q;160476
Key Down;A;160659
Key Up;A;160772
Key Down;Z;161084
Key Down;D;163532
Key Up;Z;163804
Key Down;A;163836
Key Up;D;163884
Key Up;A;163908
Key Down;D;164228
Key Down;Z;165652
Key Up;D;166524
Key Down;A;166804
Key Up;Z;166827
Key Up;A;166884
Key Down;D;167852
Key Up;D;168171
Key Down;D;169836
Key Down;Z;169876
Key Up;D;170036
Key Down;D;170252
Key Down;A;170508
Key Up;D;170580
Key Up;A;170644
Key Down;Q;170836
Key Up;Z;170900
Key Down;S;171188
Key Up;S;171396
Key Up;Q;171620
Key Down;D;171828
Key Up;D;171900
Key Down;Q;172972
Key Up;Q;173148
Key Down;Z;173812
Key Down;Q;174364
Key Up;Q;175284
Key Up;Z;175395
Key Down;A;175716
Key Up;A;175812
Key Down;Q;175988
Key Down;S;176428
Key Up;Q;176859
Key Up;S;177035
Key Down;D;177836
Key Down;Z;177868
Key Up;D;177979
Key Up;Z;177987
Key Down;D;178244
Key Down;Z;178300
Key Up;D;178428
Key Up;Z;178436
Key Down;Q;179284
Key Down;S;179684
Key Up;Q;179763
Key Up;S;179812
Key Down;D;180076
Key Up;D;180180
Key Down;A;181756
Key Up;A;181836
Key Down;A;184108
Key Up;A;184243
Key Down;Q;186252
Key Down;S;186732
Key Up;Q;187036
Key Down;A;187292
Key Down;D;187428
Key Up;A;187444
Key Up;S;187508
Key Down;S;187596
Key Up;S;187660
Key Up;D;188220
Key Down;S;188244
Key Down;Q;189092
Key Up;Q;189716
Key Up;S;190044
Key Down;Q;190140
Key Up;Q;190228
Key Down;A;190492
Key Up;A;190596
Key Down;D;190796
Key Down;Z;191308
Key Up;Z;191467
Key Up;D;192612
Key Down;A;192828
Key Up;A;192923
Key Down;Q;193283
Key Up;Q;193404
Key Down;S;193660
Key Down;Q;193796
Key Up;S;193867
Key Down;S;194067
Key Up;Q;194580
Key Down;D;194827
Key Up;D;195020
Key Up;S;195092
Key Down;A;196148
Key Up;A;196259
Key Down;Q;198940
Key Down;S;199252
Key Up;S;199796
Key Down;S;200356
Key Up;S;200468
Key Up;Q;202083
Key Down;D;202147
Key Down;S;202196
Key Up;D;202388
Key Down;A;202572
Key Up;A;202684
Key Down;D;202924
Key Up;D;203036
Key Up;S;204099
Key Down;S;204460
Key Up;S;205012
Key Down;Z;205292
Key Up;Z;205692
Key Down;D;206164
Key Down;S;206636
Key Up;D;206660
Key Down;Q;206716
Key Up;Q;207779
Key Down;Q;208260
Key Up;Q;208299
Key Down;D;208867
Key Up;D;209500
Key Up;S;209868
Key Down;Q;210284
Key Down;S;210355
Key Up;S;210596
Key Down;Z;210852
Key Up;Q;210915
Key Down;A;211164
Key Up;A;211252
Key Down;D;211395
Key Up;Z;211508
Key Down;Z;211876
Key Up;Z;212403
Key Down;Z;212988
Key Up;Z;213108
Key Down;S;213803
Key Up;D;214108
Key Down;A;215020
Key Up;A;215140
Key Down;D;215588
Key Up;S;215907
Key Down;Tab;217044
Key Up;D;217076
Key Up;Tab;218563
Key Down;Z;219092
Key Down;D;219860
Key Up;D;220252
Key Down;D;221115
Key Down;A;221348
Key Up;A;221476
Key Up;Z;221956
Key Down;Z;224124
Key Up;D;224268
Key Up;Z;224452
Key Down;S;225172
Key Down;Q;225188
Key Up;Q;225435
Key Up;S;225668
Key Down;A;225756
Key Up;A;225844
Key Down;S;230012
Key Down;D;230171
Key Up;D;230315
Key Up;S;230364
Key Down;Z;231707
Key Up;Z;232092
Key Down;Z;232436
Key Down;D;232516
Key Up;Z;232604
Key Up;D;234924
Key Down;A;234971
Key Up;A;235099
Key Down;D;235484
Key Down;Z;236196
Key Up;D;236403
Key Up;Z;236539
Key Down;D;236980
Key Up;D;237084
Key Down;A;238548
Key Up;A;238692
Key Down;Z;240140
Key Down;D;240500
Key Up;Z;240668
Key Up;D;241812
Key Down;Z;242300
Key Down;D;242372
Key Up;Z;242411
Key Up;D;242572
Key Down;Z;243724
Key Up;Z;244140
Key Down;D;244460
Key Down;A;245220
Key Up;A;245332
Key Down;S;245660
Key Up;S;246044
Key Down;Z;246699
Key Up;D;247076
Key Down;Q;247324
Key Up;Q;247595
Key Up;Z;248635
Key Down;A;248940
Key Up;A;249084
Key Down;Z;249204
Key Down;Q;249636
Key Up;Z;249892
Key Down;S;250140
Key Up;Q;250171
Key Up;S;250220
Key Down;Q;250923
Key Down;Z;250980
Key Up;Q;251180
Key Down;A;251356
Key Up;A;251499
Key Down;Q;251907
Key Up;Q;252164
Key Down;Q;252923
Key Up;Z;253196
Key Down;S;253795
Key Up;Q;254340
Key Down;A;254540
Key Up;S;254588
Key Down;S;254619
Key Up;A;254651
Key Up;S;254787
Key Down;D;255108
Key Up;D;255500
Key Down;A;257940
Key Up;A;258043
Key Down;S;258467
Key Up;S;259251
Key Down;Q;259323
Key Down;Z;259436
Key Up;Z;259619
Key Down;S;259788
Key Up;Q;259876
Key Down;A;260852
Key Up;A;260956
Key Down;D;260988
Key Up;S;261867
Key Down;S;262323
Key Up;D;262491
Key Down;Q;262748
Key Up;S;262915
Key Up;Q;263820
Key Down;A;264171
Key Up;A;264283
Key Down;D;264420
Key Down;Z;264507
Key Up;Z;264892
Key Up;D;264980
Key Down;Q;265323
Key Down;S;265500
Key Up;S;265636
Key Up;Q;265772
Key Down;D;266044
Key Down;A;266980
Key Up;A;267132
Key Down;Z;267436
Key Up;D;267524
Key Down;D;268019
Key Up;Z;268100
Key Down;Z;268427
Key Up;D;268580
Key Down;D;268891
Key Up;Z;269268
Key Up;D;269348
Key Down;Z;269692
Key Down;D;270044
Key Up;D;270172
Key Up;Z;270388
Key Down;Z;270988
Key Up;Z;271259
Key Down;Q;271411
Key Down;S;271547
Key Up;Q;271716
Key Down;A;272115
Key Up;A;272227
Key Down;Q;272644
Key Up;Q;272932
Key Down;D;272996
Key Up;S;273188
Key Down;S;273868
Key Up;D;273939
Key Down;Q;274155
Key Up;Q;274643
Key Up;S;274676
Key Down;A;274764
Key Up;A;274868
Key Down;Z;275060
Key Down;Q;275180
Key Up;Z;275332
Key Down;S;276547
Key Up;S;277108
Key Down;Z;277379
Key Up;Q;277540
Key Down;A;277780
Key Up;A;277900
Key Down;D;278028
Key Up;D;278460
Key Up;Z;278484
Key Down;Z;279587
Key Down;Q;280804
Key Up;Z;281203
Key Down;S;281668
Key Up;S;281772
Key Down;S;283483
Key Up;S;284644
Key Down;Z;285900
Key Up;Q;286723
Key Down;A;287372
Key Up;A;287492
Key Down;D;287508
Key Up;Z;288139
Key Down;S;290148
Key Up;D;290667
Key Down;Q;292091
Key Up;S;292347
Key Up;Q;292884
Key Down;A;293028
Key Up;A;293155
Key Down;Z;293723
Key Up;Z;294196
Key Down;D;295236
Key Down;Z;296267
Key Up;Z;296411
Key Down;Z;297300
Key Up;D;297747
Key Down;A;298252
Key Up;A;298380
Key Down;Q;301444
Key Up;Q;301516
Key Down;D;301572
Key Up;Z;301635
Key Up;D;301843
Key Down;Q;302147
Key Down;Z;302411
Key Up;Q;302908
Key Down;A;303067
Key Up;A;303179
Key Down;D;303587
Key Up;D;304100
Key Up;Z;304196
Key Down;S;304380
Key Down;D;304547
Key Up;S;305003
Key Down;S;305356
Key Up;D;305444
Key Down;Q;305788
Key Up;Q;306996
Key Up;S;307100
Key Down;S;307483
Key Down;D;307867
Key Up;S;307891
Key Up;D;307971
Key Down;Z;308324
Key Down;Q;308356
Key Up;Z;308364
Key Down;Z;308499
Key Up;Q;308547
Key Down;Q;308644
Key Up;Q;308755
Key Down;D;308763
Key Up;D;309140
Key Down;D;309235
Key Down;A;309852
Key Up;A;309955
Key Up;Z;310460
Key Up;D;310636
Key Down;S;310788
Key Down;Q;310971
Key Up;Q;311156
Key Up;S;311683
Key Down;S;311883
Key Up;S;312092
Key Down;Q;312100
Key Up;Q;312204
Key Down;Z;312451
Key Down;D;312723
Key Up;D;312876
Key Up;Z;313020
Key Down;S;313843
Key Up;S;314179
Key Down;A;314348
Key Up;A;314443
Key Down;Z;314676
Key Up;Z;314844
Key Down;S;315340
Key Up;S;315620
Key Down;A;315691
Key Up;A;315819
Key Down;Z;316339
Key Down;E;316635
Key Up;Z;316716
Key Up;E;316740
Key Down;Q;316996
Key Up;Q;317075
Key Down;S;317172
Key Up;S;317275
Key Down;E;317556
Key Up;E;317659
Key Down;Z;317731
Key Up;Z;318260
Key Down;D;318300
Key Down;S;318620
Key Up;S;318771
Key Down;Z;319787
Key Up;Z;320964
Key Up;D;321019
Key Down;Z;321307
Key Down;D;321419
Key Up;Z;321596
Key Up;D;321611
Key Down;Q;321763
Key Up;Q;322131
Key Down;Q;322604
Key Up;Q;323156
Key Down;D;323164
Key Down;S;323707
Key Up;D;324107
Key Down;A;324507
Key Up;A;324659
Key Down;D;324835
Key Up;S;324876
Key Up;D;325027
Key Down;Q;325299
Key Down;Z;325396
Key Up;Z;325611
Key Down;S;327548
Key Up;Q;327875
Key Down;Q;328132
Key Up;S;328235
Key Down;S;328603
Key Up;Q;328875
Key Down;D;331892
Key Up;S;332868
Key Down;S;333035
Key Up;D;333683
Key Up;S;333963
Key Down;Z;334123
Key Down;D;334468
Key Up;D;335996
Key Down;Q;337196
Key Up;Q;337531
Key Down;D;337579
Key Up;Z;337659
Key Down;Z;337771
Key Up;D;338259
Key Down;A;339011
Key Up;A;339123
Key Down;Q;339283
Key Up;Z;339371
Key Down;S;340859
Key Up;Q;341844
Key Down;A;342196
Key Down;D;342204
Key Up;S;342251
Key Up;A;342332
Key Down;S;343332
Key Up;S;343468
Key Down;S;344980
Key Up;S;345123
Key Down;S;346547
Key Up;D;346652
Key Up;S;347484
Key Down;S;348387
Key Down;Q;348603
Key Up;Q;348931
Key Down;A;349123
Key Up;A;349235
Key Up;S;349419
Key Down;D;349475
Key Up;D;349924
Key Down;A;352491
Key Up;A;352611
Key Down;D;352851
Key Up;D;353155
Key Down;Q;354027
Key Down;S;354428
Key Up;Q;354523
Key Up;S;355628
Key Down;Q;356227
Key Up;Q;356475
Key Down;Z;356523
Key Down;D;356579
Key Up;D;356915
Key Up;Z;357011
Key Down;Q;357931
Key Down;S;357939
Key Up;S;358964
Key Up;Q;359516
Key Down;Q;360523
Key Down;S;362267
Key Up;S;362411
Key Down;S;363931
Key Up;S;364035
Key Down;S;364419
Key Up;S;364508
Key Down;S;365595
Key Up;Q;365691
Key Down;A;365851
Key Up;A;365940
Key Down;Q;366411
Key Up;Q;366443
Key Up;S;368027
Key Down;Tab;368211
Key Up;Tab;373651
Key Down;S;374683
Key Up;S;374916
Key Down;D;374980
Key Up;D;375259
Key Down;A;375620
Key Up;A;375747
Key Down;D;376227
Key Down;Z;376499
Key Up;Z;376587
Key Up;D;377771
Key Down;D;389667
Key Down;Z;390915
Key Down;Q;390987
Key Up;D;391075
Key Up;Q;391619
Key Down;D;392148
Key Up;D;392659
Key Up;Z;392764
Key Down;S;392883
Key Down;Q;393107
Key Up;Q;393292
Key Down;Q;393427
Key Up;Q;394716
Key Down;D;395451
Key Up;S;396931
Key Down;Z;398779
Key Up;Z;399547
Key Up;D;400099
Key Down;D;400492
Key Down;Z;400963
Key Up;Z;401108
Key Down;Z;401427
Key Up;D;401571
Key Down;D;401748
Key Up;D;402075
Key Down;Q;402124
Key Up;Z;403067
Key Down;S;403491
Key Up;Q;404019
Key Down;D;404132
Key Up;S;404387
Key Down;Z;404940
Key Up;D;405891
Key Down;Q;405939
Key Up;Q;406331
Key Down;Q;406556
Key Up;Z;406611
Key Down;S;406875
Key Up;Q;406915
Key Down;D;406955
Key Up;D;407187
Key Down;D;408147
Key Up;D;408275
Key Up;S;408891
Key Down;Z;408996
Key Down;Q;409843
Key Up;Z;409963
Key Down;Z;410099
Key Up;Q;410163
Key Down;D;410227
Key Up;D;411235
Key Down;Q;411699
Key Up;Z;412355
Key Down;S;414595
Key Up;S;415075
Key Down;S;415819
Key Up;Q;416163
Key Down;Q;416484
Key Up;Q;416739
Key Down;A;417091
Key Up;A;417219
Key Down;D;417283
Key Up;S;417579
Key Down;S;417779
Key Up;S;418260
Key Down;S;418523
Key Up;S;419276
Key Down;Z;419931
Key Down;Q;420027
Key Up;D;420059
Key Up;Z;420163
Key Down;S;420531
Key Up;Q;420547
Key Up;S;420675
Key Down;D;420723
Key Up;D;420883
Key Down;S;421363
Key Up;S;421571
Key Down;D;421883
Key Down;Z;422123
Key Up;D;422187
Key Down;Q;422195
Key Up;Z;422235
Key Down;D;422643
Key Up;Q;422691
Key Down;Z;422779
Key Up;Z;423155
Key Down;S;423819
Key Up;D;423971
Key Up;S;423995
Key Down;D;424035
Key Down;S;424307
Key Up;S;424579
Key Down;A;425771
Key Up;A;425891
Key Down;Z;425979
Key Up;D;426779
Key Down;Q;428003
Key Up;Z;429940
Key Down;S;431075
Key Up;Q;431155
Key Down;A;431267
Key Up;A;431363
Key Down;Q;431515
Key Up;S;431571
Key Down;S;432539
Key Up;Q;433763
Key Down;D;433860
Key Up;D;434003
Key Down;Q;434163
Key Up;Q;434531
Key Down;D;435195
Key Down;A;435827
Key Up;S;435843
Key Up;A;435931
Key Down;Z;438059
Key Up;Z;438619
Key Down;Z;439195
Key Down;Q;439747
Key Up;D;439795
Key Up;Z;439875
Key Down;Z;440035
Key Up;Q;440147
Key Down;Q;441251
Key Up;Z;442011
Key Down;S;443019
Key Up;Q;445339
Key Down;D;445723
Key Up;S;446107
Key Down;S;446763
Key Up;S;447515
Key Down;Z;449131
Key Up;D;449443
Key Down;D;450851
Key Up;D;451323
Key Down;Q;451403
Key Up;Z;452499
Key Down;S;452987
Key Up;Q;454819
Key Down;D;455051
Key Up;D;455459
Key Down;D;456251
Key Up;S;457186
Key Down;S;457515
Key Up;D;457619
Key Down;Q;457691
Key Up;Q;457739
Key Up;S;457771
Key Down;D;457803
Key Down;Z;457955
Key Up;D;458067
Key Down;D;458211
Key Up;Z;458675
Key Down;Z;459411
Key Up;D;460243
Key Down;D;460539
Key Up;D;460883
Key Down;D;461035
Key Up;D;461211
Key Down;Q;461987
Key Up;Z;462570
Key Down;S;463499
Key Up;S;463931
Key Down;S;464963
Key Up;Q;465890
Key Down;D;466211
Key Up;S;466467
Key Down;S;466763
Key Up;D;467243
Key Up;S;467531
Key Down;D;470155
Key Down;Z;471851
Key Up;Z;472707
Key Down;S;472891
Key Up;D;472915
Key Down;Q;473027
Key Up;S;473307
Key Down;Z;473483
Key Up;Q;473915
Key Up;Z;474107
Key Down;D;474115
Key Down;S;474283
Key Up;D;474299
Key Down;D;474611
Key Up;D;474715
Key Up;S;474746
Key Down;E;477059
Key Up;E;477163
Key Down;Q;477251
Key Down;S;477474
Key Up;Q;478659
Key Up;S;478755
Key Down;A;479411
Key Up;A;479571
Key Down;Tab;480675
Key Up;Tab;481683
Key Down;Z;483099
Key Up;Z;483611
Key Down;E;483723
Key Up;E;483810
Key Down;D;484827
Key Up;D;484971
Key Down;Q;485179
Key Up;Q;485355
Key Down;Tab;496962
Key Up;Tab;498539
Key Down;Z;499691
Key Up;Z;500091
Key Down;Tab;500563
Key Up;Tab;501827
Key Down;Z;503202
Key Up;Z;503387
Key Down;Q;504523
Key Down;Z;504651
Key Up;Z;504947
Key Up;Q;508651
Key Down;S;508995
Key Down;D;509090
Key Up;S;509315
Key Down;Z;511611
Key Up;Z;511915
Key Up;D;513075
Key Down;A;513610
Key Up;A;513738
Key Down;Z;513915
Key Down;D;513987
Key Up;D;514602
Key Down;D;515643
Key Up;D;516067
Key Down;Q;516546
Key Up;Z;516554
Key Up;Q;516803
Key Down;S;516874
Key Down;D;516931
Key Up;D;517074
Key Up;S;517715
Key Down;Z;517939
Key Up;Z;518514
Key Down;S;518723
Key Down;Q;519122
Key Up;Q;519915
Key Down;Q;520610
Key Up;S;521306
Key Down;S;524179
Key Up;S;524467
Key Down;S;525259
Key Up;Q;525330
Key Down;D;525395
Key Up;S;525482
Key Down;Q;526131
Key Up;D;526147
Key Down;S;528595
Key Up;Q;528642
Key Down;A;528803
Key Up;A;528939
Key Down;Q;529267
Key Up;S;529395
Key Down;Z;530323
Key Up;Q;530395
Key Up;Z;530563
Key Down;D;530635
Key Down;Z;531707
Key Up;Z;532523
Key Down;Z;533803
Key Up;Z;534266
Key Up;D;537707
Key Down;E;537995
Key Up;E;538083
Key Down;D;542514
Key Down;S;542547
Key Up;D;542723
Key Up;S;542915
Key Down;E;543707
Key Up;E;543771
Key Down;Z;545227
Key Up;Z;545866
Key Down;S;555691
Key Down;D;556042
Key Up;S;556090
Key Down;Z;556339
Key Up;Z;557466
Key Up;D;558443
Key Down;D;558970
Key Down;Z;559363
Key Up;D;559970
Key Up;Z;560298
Key Down;Q;560346
Key Down;S;560555
Key Up;Q;560763
Key Down;A;560899
Key Up;A;560971
Key Down;Q;561530
Key Up;Q;562051
Key Down;D;562498
Key Up;S;563027
Key Down;Q;563723
Key Up;D;563755
Key Down;Z;564538
Key Up;Q;564627
Key Up;Z;564882
Key Down;A;564922
Key Up;A;565019
Key Down;D;565522
Key Down;S;565690
Key Up;D;566154
Key Up;S;566339
Key Down;Q;567018
Key Up;Q;567346
Key Down;Q;567907
Key Up;Q;568002
Key Down;D;568819
Key Up;D;568955
Key Down;D;569747
Key Down;A;569890
Key Up;A;569986
Key Up;D;570163
Key Down;Q;570938
Key Up;Q;571346
Key Down;A;573427
Key Up;A;573507
Key Down;D;574139
Key Down;Z;574851
Key Up;D;575163
Key Up;Z;575523
Key Down;Q;576859
Key Down;Z;576971
Key Up;Q;577459
Key Down;Q;578002
Key Up;Q;578339
Key Down;D;580314
Key Up;D;580778
Key Down;D;581090
Key Up;D;581235
Key Up;Z;581475
Key Down;S;582234
Key Up;S;582747
Key Down;S;583458
Key Up;S;584042
Key Down;Z;584187
Key Up;Z;584498
Key Down;D;584522
Key Up;D;584555
Key Down;D;585098
Key Down;Z;585115
Key Up;D;585379
Key Up;Z;585514
Key Down;A;585755
Key Up;A;585834
Key Down;Q;586707
Key Up;Q;586882
Key Down;Z;588555
Key Up;Z;589083
Key Down;Z;589674
Key Up;Z;590162
Key Down;S;590522
Key Up;S;590938
Key Down;Q;591579
Key Up;Q;591643
Key Down;Z;591843
Key Up;Z;593834
Key Down;Z;594130
Key Down;D;594587
Key Up;D;594843
Key Up;Z;594971
Key Down;S;595186
Key Down;Q;595331
Key Up;Q;595466
Key Down;D;595474
Key Up;S;595498
Key Down;S;595930
Key Up;D;596555
Key Down;D;597051
Key Up;D;597091
Key Down;D;597218
Key Up;S;597322
Key Down;Z;597707
Key Up;D;597891
Key Up;Z;598026
Key Down;D;598082
Key Down;S;598378
Key Up;D;598562
Key Up;S;598667
Key Down;D;599011
Key Down;A;599667
Key Up;A;599755
Key Up;D;599794
Key Down;Q;600074
Key Up;Q;600098
Key Down;Q;600611
Key Down;Z;600714
Key Up;Q;600811
Key Down;D;600882
Key Up;Z;600987
Key Down;Z;601186
Key Up;D;601387
Key Down;Q;601690
Key Up;Z;601731
Key Up;Q;601818
Key Down;S;602723
Key Up;S;603346
Key Down;Q;603354
Key Up;Q;603546
Key Down;D;603715
Key Up;D;604514
Key Down;A;604586
Key Up;A;604699
Key Down;Q;605323
Key Down;Z;605331
Key Up;Q;605819
Key Up;Z;605954
Key Down;S;606283
Key Down;Q;606355
Key Down;D;606866
Key Up;S;606882
Key Up;Q;606890
Key Down;S;607274
Key Down;A;607651
Key Up;A;607746
Key Up;S;607755
Key Up;D;607923
Key Down;Q;607970
Key Up;Q;608290
Key Down;Espace;627363
Key Up;Espace;627507
Key Down;D;637259
Key Down;S;637611
Key Up;S;638203
Key Down;A;639986
Key Up;A;640114
Key Down;Z;640362
Key Up;D;640370
Key Down;Q;640602
Key Up;Q;641770
Key Up;Z;642098
Key Down;D;642330
Key Down;S;642426
Key Up;D;642490
Key Down;A;642922
Key Up;A;643011
Key Down;D;643099
Key Up;S;643610
Key Up;D;643770
Key Down;Z;644634
Key Up;Z;645114
Key Down;Z;645546
Key Down;Q;645555
Key Up;Q;645771
Key Down;Q;646162
Key Up;Q;646298
Key Down;Q;647530
Key Up;Q;648546
Key Down;D;648970
Key Up;Z;649907
Key Down;S;651034
Key Up;D;651939
Key Down;Q;652490
Key Up;Q;653234
Key Up;S;653298
Key Down;A;653395
Key Up;A;653506
Key Down;D;656442
Key Down;A;656746
Key Up;D;656770
Key Down;Z;656906
Key Up;A;656923
Key Up;Z;657506
Key Down;D;657546
Key Down;Z;657827
Key Up;Z;658106
Key Up;D;658499
Key Down;D;659027
Key Down;Z;659259
Key Up;Z;659330
Key Up;D;660227
Key Down;Q;660626
Key Down;S;660675
Key Up;Q;661154
Key Down;D;661426
Key Up;S;661523
Key Down;A;661530
Key Up;A;661618
Key Down;Z;661754
Key Up;D;661827
Key Down;D;661986
Key Up;D;662410
Key Down;Q;662650
Key Up;Q;663042
Key Down;Q;663179
Key Up;Q;664250
Key Down;D;664771
Key Up;D;665170
Key Down;D;665778
Key Up;D;665979
Key Down;D;666434
Key Up;Z;666746
Key Down;Z;667155
Key Up;Z;667634
Key Down;A;668474
Key Up;A;668530
Key Down;S;668787
Key Up;D;669602
Key Down;A;671186
Key Up;A;671290
Key Down;Q;671682
Key Up;S;672090
Key Down;Z;672346
Key Up;Q;672427
Key Up;Z;672546
Key Down;S;674363
Key Down;A;674914
Key Up;A;675002
Key Up;S;675267
Key Down;Z;675443
Key Down;D;675570
Key Up;D;675754
Key Down;D;676130
Key Up;Z;676234
Key Down;Z;676355
Key Up;Z;677242
Key Down;Q;677434
Key Up;D;677474
Key Down;Z;677682
Key Up;Z;678066
Key Down;Z;678435
Key Up;Z;679851
Key Down;S;680651
Key Up;S;681082
Key Down;Z;681387
Key Up;Q;681395
Key Down;A;681538
Key Up;A;681642
Key Down;D;681778
Key Up;D;682362
Key Down;D;683018
Key Up;Z;683434
Key Down;Z;683811
Key Up;D;684019
Key Down;A;684082
Key Up;A;684210
Key Up;Z;684338
Key Down;D;684618
Key Down;S;685010
Key Up;S;685634
Key Down;Z;686050
Key Up;D;686107
Key Up;Z;686490
Key Down;Z;687426
Key Down;D;687795
Key Up;D;687922
Key Down;Q;689259
Key Up;Q;690162
Key Down;A;690490
Key Up;A;690586
Key Down;D;690714
Key Up;Z;690722
Key Down;S;691002
Key Up;D;691218
Key Up;S;691818
Key Down;A;693394
Key Up;A;693482
Key Down;S;696218
Key Down;D;696354
Key Up;S;696714
Key Up;D;696898
Key Down;S;697114
Key Up;S;697147
Key Down;D;697211
Key Down;S;697435
Key Down;Q;697443
Key Up;D;697450
Key Up;S;697554
Key Down;Z;698154
Key Up;Q;699026
Key Down;D;700099
Key Up;Z;701394
Key Down;S;703090
Key Up;D;704386
Key Up;S;705507
Key Down;A;705634
Key Up;A;705746
Key Down;Q;706362
Key Up;Q;707643
Key Down;Q;708874
Key Up;Q;709370
Key Down;Q;710659
Key Down;S;711034
Key Up;S;711195
Key Up;Q;711338
Key Down;A;712706
Key Up;A;712866
Key Down;D;714450
Key Down;S;714898
Key Up;S;715163
Key Down;S;715754
Key Up;D;715794
Key Down;A;717642
Key Up;A;717802
Key Down;D;718427
Key Up;D;719082
Key Down;Q;720074
Key Up;Q;720722
Key Up;S;720778
Key Down;Z;720922
Key Down;Q;720986
Key Up;Q;721250
Key Down;D;721394
Key Up;Z;721723
Key Down;A;722050
Key Up;A;722162
Key Down;S;722370
Key Up;D;723186
Key Down;Q;723946
Key Up;Q;725314
Key Up;S;725403
Key Down;A;725514
Key Up;A;725610
Key Down;Z;726050
Key Up;Z;726442
Key Down;S;726754
Key Down;D;726794
Key Up;D;726946
Key Down;Q;727850
Key Up;S;727954
Key Up;Q;728474
Key Down;Z;730346
Key Down;Q;730482
Key Up;Z;730954
Key Up;Q;731298
Key Down;A;731418
Key Up;A;731522
Key Down;Q;731922
Key Up;Q;731994
Key Down;D;732242
Key Down;S;732266
Key Up;D;732642
Key Down;D;732866
Key Up;D;733226
Key Up;S;733898
Key Down;A;733986
Key Up;A;734098
Key Down;Z;734474
Key Down;Q;734770
Key Up;Z;734850
Key Up;Q;735050
Key Down;D;735602
Key Down;S;735770
Key Up;D;736202
Key Down;Q;736994
Key Up;Q;737362
Key Up;S;737666
Key Down;A;737762
Key Up;A;737842
Key Down;Z;738050
Key Up;Z;739842
Key Down;S;740010
Key Down;Q;740314
Key Up;Q;740754
Key Up;S;740762
Key Down;S;740818
Key Down;A;741170
Key Up;A;741274
Key Up;S;741386
Key Down;Z;741994
Key Down;D;742602
Key Up;D;742922
Key Up;Z;742962
Key Down;A;743211
Key Up;A;743290
Key Down;Q;743746
Key Down;Z;744378
Key Up;Z;745746
Key Up;Q;746034
Key Down;A;746202
Key Up;A;746290
Key Down;Q;747050
Key Down;S;747426
Key Up;S;747746
Key Up;Q;747882
Key Down;A;749778
Key Up;A;749922
Key Down;S;750946
Key Up;S;750978
Key Down;Q;751098
Key Up;Q;751154
Key Down;D;751450
Key Down;S;753834
Key Up;D;754450
Key Up;S;755074
Key Down;S;756298
Key Up;S;756730
Key Down;A;756826
Key Up;A;756922
Key Down;Z;757362
Key Down;Q;757434
Key Up;Q;757850
Key Up;Z;758250
Key Down;Q;759170
Key Down;Z;759498
Key Up;Q;759522
Key Down;D;759618
Key Up;D;759842
Key Up;Z;760066
Key Down;Q;760114
Key Up;Q;760146
Key Down;S;760746
Key Down;A;761402
Key Up;A;761490
Key Down;Q;761753
Key Up;Q;762690
Key Up;S;762714
Key Down;A;763946
Key Up;A;764042
Key Down;Q;765378
Key Down;S;766378
Key Up;Q;766522
Key Down;Q;767434
Key Up;Q;768034
Key Down;D;768298
Key Up;D;768962
Key Down;D;769058
Key Up;S;769082
Key Down;Z;769314
Key Up;D;769450
Key Down;D;769610
Key Up;Z;769682
Key Down;S;770026
Key Up;D;770130
Key Down;D;770458
Key Up;D;770570
Key Up;S;772354
Key Down;A;772777
Key Up;A;772906
Key Down;S;773106
Key Down;Q;773482
Key Up;S;773810
Key Up;Q;774297
Key Down;D;774746
Key Up;D;775922
Key Down;D;776426
Key Up;D;776490
Key Down;D;782554
Key Up;D;782754
Key Down;D;784154
Key Up;D;784226
Key Down;Q;789442
Key Down;Z;789842
Key Up;Q;790546
Key Down;D;790706
Key Up;D;790826
Key Down;Q;792786
Key Up;Z;792994
Key Down;S;793370
Key Up;Q;793514
Key Down;Q;794882
Key Up;S;794962
Key Up;Q;794986
Key Down;Z;795322
Key Up;Z;795434
Key Down;D;795930
Key Down;Z;795946
Key Up;Z;796242
Key Up;D;796258
Key Down;A;797554
Key Up;A;797665
Key Down;Q;798234
Key Down;S;799770
Key Up;S;799970
Key Down;S;800601
Key Up;S;800714
Key Down;Z;801970
Key Up;Q;802001
Key Down;D;802210
Key Down;Q;803106
Key Up;Z;803114
Key Up;D;803130
Key Down;S;803273
Key Up;Q;803314
Key Down;Q;803729
Key Up;S;804218
Key Down;S;804865
Key Up;S;805330
Key Down;S;805378
Key Up;S;806322
Key Up;Q;807777
Key Down;Q;809050
Key Down;Z;809193
Key Up;Q;809497
Key Up;Z;809633
Key Down;Z;809850
Key Down;Q;809937
Key Up;Q;810186
Key Up;Z;810233
Key Down;S;811802
Key Down;D;812017
Key Up;S;812634
Key Up;D;812970
Key Down;D;813346
Key Down;A;813546
Key Up;A;813618
Key Up;D;813698
Key Down;D;814522
Key Up;D;815066
Key Down;D;815266
Key Up;D;815650
Key Down;A;815786
Key Up;A;815937
Key Down;Z;815986
Key Up;Z;816242
Key Down;Z;817362
Key Down;Q;817713
Key Up;Z;818057
Key Down;S;818929
Key Up;Q;818978
Key Down;Q;819338
Key Up;S;819401
Key Up;Q;820369
Key Down;A;820538
Key Up;A;820698
Key Down;Q;820874
Key Up;Q;821658
Key Down;E;822362
Key Up;E;822450
Key Down;Q;822521
Key Down;S;822642
Key Up;S;823362
Key Up;Q;823866
Key Down;D;824546
Key Down;Z;824649
Key Up;D;824698
Key Down;Q;824849
Key Up;Q;825026
Key Up;Z;825369
Key Down;A;825401
Key Up;A;825513
Key Down;S;825817
Key Down;Q;825938
Key Up;S;826817
Key Up;Q;827273
Key Down;A;829193
Key Up;A;829329
Key Down;Q;829850
Key Down;Z;830258
Key Up;Z;830474
Key Up;Q;830482
Key Down;S;831322
Key Down;Q;831977
Key Up;Q;832089
Key Down;A;832529
Key Up;A;832642
Key Down;Q;833994
Key Up;S;834034
Key Down;S;834330
Key Up;Q;834450
Key Down;Q;834938
Key Up;Q;835106
Key Up;S;835650
Key Down;D;835962
Key Down;S;835970
Key Up;S;836658
Key Down;A;837145
Key Up;A;837234
Key Down;S;837482
Key Up;S;837586
Key Down;Z;839201
Key Up;D;839562
Key Down;D;839985
Key Up;D;840217
Key Down;Q;840914
Key Up;Q;841186
Key Up;Z;841410
Key Down;Z;841674
Key Up;Z;841962
Key Down;Q;842034
Key Up;Q;842426
Key Down;Z;842442
Key Down;A;842658
Key Up;A;842786
Key Down;Q;843105
Key Up;Z;843305
Key Down;S;844977
Key Up;Q;846242
Key Down;D;846298
Key Up;S;846874
Key Up;D;846890
Key Down;Q;846898
Key Down;Z;847058
Key Up;Q;847122
Key Up;Z;847250
Key Down;A;849650
Key Up;A;849769
Key Down;Z;851233
Key Down;D;852250
Key Up;D;852546
Key Down;D;852890
Key Up;D;853033
Key Down;Q;853858
Key Up;Z;854314
Key Down;Z;855617
Key Up;Z;856553
Key Up;Q;857569
Key Down;D;857706
Key Down;S;857746
Key Up;S;857858
Key Up;D;858409
Key Down;Q;858754
Key Up;Q;859026
Key Down;Tab;859362
Key Up;Tab;861194
Key Down;Z;862458
Key Down;Q;862946
Key Up;Z;863057
Key Up;Q;863401
Key Down;A;863546
Key Up;A;863633
Key Down;Z;863801
Key Down;Q;863930
Key Up;Z;864601
Key Down;S;865570
Key Up;S;865641
Key Down;Z;867610
Key Up;Z;868289
Key Up;Q;868297
Key Down;D;868394
Key Down;S;868466
Key Up;D;868538
Key Down;Q;868642
Key Up;Q;869217
Key Up;S;869329
Key Down;S;870258
Key Up;S;870370
Key Down;Q;870426
Key Down;Z;870633
Key Up;Q;870801
Key Up;Z;870857
Key Down;A;870953
Key Up;A;871041
Key Down;Q;871354
Key Down;Z;871602
Key Up;Z;872273
Key Up;Q;872369
Key Down;Q;873234
Key Up;Q;873585
Key Down;Q;874626
Key Down;Z;874690
Key Up;Q;875466
Key Up;Z;875714
Key Down;Q;878938
Key Down;Z;879033
Key Up;Q;879041
Key Down;D;879698
Key Up;Z;880042
Key Up;D;880681
Key Down;Q;881106
Key Up;Q;881410
Key Down;S;883369
Key Down;Q;883962
Key Up;S;883994
Key Up;Q;884713
Key Down;S;887698
Key Down;D;888138
Key Up;S;888401
Key Down;A;888545
Key Up;A;888649
Key Down;S;889050
Key Up;S;889194
Key Down;S;889801
Key Up;D;890081
Key Up;S;890201
Key Down;S;890890
Key Up;S;891170
Key Down;Q;892290
Key Up;Q;892426
Key Down;A;892657
Key Up;A;892761
Key Down;Z;893314
Key Down;D;893410
Key Up;D;893530
Key Up;Z;893666
Key Down;E;893674
Key Up;E;893746
Key Down;Q;894746
Key Down;S;894826
Key Up;Q;895457
Key Down;D;895714
Key Up;D;895785
Key Up;S;896841
Key Down;Q;896953
Key Down;S;897226
Key Up;S;897346
Key Up;Q;897617
Key Down;D;897946
Key Down;Z;898081
Key Up;Z;898170
Key Down;S;898433
Key Up;D;898498
Key Up;S;898554
Key Down;E;899066
Key Up;E;899098
Key Down;S;899833
Key Down;D;899985
Key Up;S;900018
Key Up;D;900114
Key Down;Z;900713
Key Up;Z;900786
Key Down;E;912330
Key Up;E;912465
Key Down;D;912922
Key Down;Z;913050
Key Up;D;913145
Key Down;A;913529
Key Up;A;913650
Key Down;Q;913809
Key Up;Q;914201
Key Down;D;914913
Key Up;D;915402
Key Down;D;915601
Key Up;Z;916001
Key Down;S;916553
Key Up;D;916729
Key Up;S;917433
Key Down;Q;917529
Key Down;S;918762
Key Up;Q;918849
Key Up;S;919585
Key Down;S;921297
Key Down;D;921481
Key Up;S;921642
Key Up;D;921769
Key Down;S;923426
Key Up;S;923738
Key Down;E;924129
Key Up;E;924257
Key Down;Z;926002
Key Down;Q;926338
Key Up;Q;926649
Key Down;A;926969
Key Up;A;927122
Key Down;D;927753
Key Up;Z;928825
Key Up;D;928929
Key Down;Tab;928937
Key Up;Tab;931345
Key Down;S;932506
Key Down;D;932601
Key Up;S;933641
Key Down;Z;933889
Key Up;D;934362
Key Down;D;934906
Key Up;D;935090
Key Down;A;935217
Key Up;A;935361
Key Down;D;935506
Key Up;Z;935794
Key Down;Z;936305
Key Up;D;936417
Key Down;D;937281
Key Up;Z;937505
Key Down;S;938026
Key Up;S;938121
Key Down;S;938618
Key Up;S;938730
Key Up;D;940433
Key Down;D;940945
Key Up;D;941041
Key Down;Tab;941258
Key Up;Tab;946257
Key Down;Z;947001
Key Up;Z;948090
Key Down;E;948258
Key Up;E;948378
Key Down;D;949361
Key Up;D;949473
Key Down;Q;949737
Key Up;Q;949866
Key Down;E;951545
Key Up;E;951665
Key Down;S;959057
Key Up;S;959170
Key Down;A;959297
Key Up;A;959522
Key Down;A;963281
Key Up;A;963418
Key Down;Tab;964562
Key Up;Tab;966737
Key Down;Z;968258
Key Up;Z;968321
Key Down;Z;968681
Key Down;Q;968978
Key Up;Q;969066
Key Up;Z;969154
Key Down;D;969985
Key Up;D;970050
Key Down;Z;970337
Key Up;Z;972346
Key Down;Z;980729
Key Down;Q;981601
Key Up;Z;981914
Key Down;Z;982841
Key Up;Q;982985
Key Down;D;983129
Key Up;Z;983449
Key Down;S;983649
Key Up;S;984746
Key Down;S;985258
Key Up;S;985474
Key Down;Z;987193
Key Up;D;987321
Key Down;Q;987441
Key Up;Z;988025
Key Up;Q;988065
Key Down;S;988242
Key Down;Q;988362
Key Up;S;989225
Key Down;Z;990626
Key Up;Z;991913
Key Up;Q;992681
Key Down;Q;993177
Key Down;S;993489
Key Up;Q;993906
Key Down;D;994345
Key Up;D;994514
Key Down;D;994881
Key Up;S;994929
Key Down;Z;997561
Key Up;D;998273
Key Up;Z;998369
Key Down;D;998641
Key Down;Z;998754
Key Up;Z;999113
Key Down;Z;999505
Key Up;D;1000713
Key Up;Z;1000786
Key Down;Q;1000873
Key Down;Z;1001041
Key Up;Q;1001153
Key Down;D;1001249
Key Up;D;1001969
Key Down;Q;1002481
Key Up;Z;1003217
Key Down;S;1003441
Key Up;Q;1003457
Key Down;D;1003513
Key Up;S;1003545
Key Up;D;1003553
Key Down;Q;1003785
Key Down;S;1005834
Key Up;Q;1007106
Key Down;Q;1007345
Key Up;Q;1007753
Key Down;Q;1007969
Key Up;Q;1008097
Key Up;S;1008289
Key Down;Q;1008313
Key Down;S;1008425
Key Up;S;1008465
Key Up;Q;1008578
Key Down;S;1008777
Key Down;D;1008945
Key Up;S;1009258
Key Down;Z;1009465
Key Up;Z;1009570
Key Down;Z;1009914
Key Up;Z;1010658
Key Up;D;1012857
Key Down;D;1013537
Key Down;Z;1013794
Key Up;Z;1014065
Key Down;Z;1014577
Key Up;D;1014825
Key Down;Q;1014833
Key Up;Q;1016010
Key Up;Z;1016625
Key Down;D;1016761
Key Down;S;1016833
Key Up;D;1016994
Key Down;D;1017137
Key Up;D;1017305
Key Up;S;1017434
Key Down;D;1017969
Key Down;S;1017978
Key Up;D;1018113
Key Up;S;1018353
Key Down;Z;1018665
Key Down;D;1018713
Key Up;D;1018793
Key Up;Z;1018953
Key Down;S;1019113
Key Up;S;1019441
Key Down;Z;1019553
Key Up;Z;1019689
Key Down;S;1019882
Key Up;S;1020137
Key Down;Z;1020314
Key Up;Z;1020441
Key Down;Q;1020473
Key Down;S;1020897
Key Up;Q;1020945
Key Down;D;1021793
Key Up;D;1021945
Key Down;Q;1022025
Key Up;S;1022753
Key Down;Z;1024337
Key Up;Z;1024506
Key Down;Z;1025489
Key Up;Z;1026289
Key Down;Z;1026545
Key Up;Q;1026761
Key Up;Z;1027249
Key Down;Q;1028369
Key Down;Z;1028417
Key Up;Q;1028745
Key Up;Z;1028857
Key Down;S;1029161
Key Down;NumPad 3;1029373
Key Up;NumPad 3;1029487
Key Up;S;1029665
Key Down;D;1029801
Key Down;S;1029857
Key Up;S;1030841
Key Down;Z;1031169
Key Up;Z;1031241
Key Up;D;1033817
Key Down;D;1033953
Key Down;Z;1034593
Key Up;D;1034913
Key Down;Q;1034969
Key Up;Q;1035025
Key Down;Q;1035249
Key Up;Z;1035545
Key Up;Q;1035602
Key Down;D;1035705
Key Down;Z;1036433
Key Down;Q;1036505
Key Up;D;1036537
Key Up;Z;1036593
Key Down;Z;1036737
Key Up;Q;1036945
Key Down;D;1037177
Key Up;Z;1037297
Key Up;D;1037433
Key Down;S;1037569
Key Up;S;1037761
Key Down;Z;1038241
Key Up;Z;1038449
Key Down;S;1038665
Key Up;S;1038946
Key Down;Z;1039313
Key Up;Z;1039377
Key Down;Q;1040225
Key Down;S;1040569
Key Up;Q;1040721
Key Up;S;1040769
Key Down;S;1041297
Key Down;Q;1041321
Key Up;S;1041521
Key Up;Q;1041785
Key Down;D;1042025
Key Down;S;1042417
Key Up;S;1042465
Key Up;D;1042761
Key Down;S;1043385
Key Down;Q;1044097
Key Up;S;1045009
Key Down;Z;1046169
Key Up;Z;1046305
Key Down;Z;1047625
Key Up;Q;1048153
Key Down;Q;1048281
Key Up;Q;1048393
Key Up;Z;1048497
Key Down;D;1048609
Key Up;D;1048818
Key Down;Q;1049025
Key Down;Z;1049729
Key Up;Q;1050137
Key Up;Z;1050313
Key Down;Z;1051121
Key Down;Q;1051129
Key Up;Q;1051657
Key Down;D;1052457
Key Down;NumPad 3;1052565
Key Up;Z;1052617
Key Up;NumPad 3;1052666
Key Down;S;1052849
Key Up;S;1052969
Key Down;Z;1053209
Key Up;Z;1053817
Key Up;D;1054793
Key Down;D;1059177
Key Down;S;1059561
Key Up;D;1059809
Key Down;Q;1059897
Key Up;Q;1060081
Key Down;D;1060305
Key Up;D;1060433
Key Up;S;1060529
Key Down;Q;1060833
Key Up;Q;1061081
Key Down;Q;1061376
Key Up;Q;1061481
Key Down;D;1061673
Key Down;Z;1061825
Key Up;D;1062009
Key Up;Z;1062129
Key Down;E;1062185
Key Up;E;1062273
Key Down;S;1062800
Key Down;D;1062825
Key Up;S;1063033
Key Up;D;1063121
Key Down;Z;1063505
Key Up;Z;1063561
Key Down;E;1064321
Key Up;E;1064409
Key Down;Q;1064737
Key Down;Z;1064793
Key Up;Q;1065049
Key Down;D;1065201
Key Up;D;1065505
Key Up;Z;1065641
Key Down;S;1067865
Key Up;S;1067985
Key Down;A;1068737
Key Up;A;1068848
Key Down;Tab;1071601
Key Up;Tab;1074457
Key Down;Z;1075057
Key Up;Z;1075361
Key Down;Z;1075785
Key Up;Z;1077473
Key Down;Z;1079041
Key Up;Z;1079409
Key Down;Z;1081369
Key Up;Z;1081577
Key Down;S;1090473
Key Down;A;1090937
Key Up;A;1091065
Key Down;D;1091249
Key Up;S;1091272
Key Down;S;1091609
Key Up;D;1091697
Key Down;D;1092121
Key Up;D;1092241
Key Down;Q;1092977
Key Up;S;1093113
Key Down;S;1093329
Key Up;Q;1093417
Key Up;S;1094168
Key Down;A;1097673
Key Up;A;1097785
Key Down;Q;1098432
Key Down;S;1098648
Key Up;Q;1098921
Key Up;S;1099025
Key Down;Q;1100105
Key Down;S;1100353
Key Up;Q;1100689
Key Up;S;1100753
Key Down;D;1101017
Key Down;Z;1101217
Key Up;D;1101329
Key Up;Z;1101345
Key Down;A;1102489
Key Up;A;1102577
Key Down;Q;1102913
Key Down;S;1103121
Key Up;Q;1103465
Key Down;D;1104001
Key Up;S;1104297
Key Up;D;1104385
Key Down;Q;1104481
Key Down;Z;1104585
Key Up;Q;1104865
Key Down;Q;1105896
Key Up;Q;1106169
Key Down;D;1106361
Key Up;D;1106553
Key Down;A;1106776
Key Up;A;1106897
Key Down;Q;1107096
Key Up;Z;1107209
Key Up;Q;1108009
Key Down;Z;1108465
Key Down;Q;1108512
Key Up;Z;1109033
Key Up;Q;1109657
Key Down;D;1110129
Key Down;Z;1110153
Key Up;D;1110257
Key Down;D;1110569
Key Up;D;1110721
Key Down;Q;1110985
Key Up;Z;1111025
Key Up;Q;1111089
Key Down;Q;1111168
Key Down;Z;1111249
Key Up;Z;1111329
Key Up;Q;1111417
Key Down;Q;1112153
Key Down;S;1113281
Key Up;Q;1114289
Key Down;Q;1115113
Key Up;Q;1115201
Key Down;D;1116673
Key Up;S;1116744
Key Up;D;1117409
Key Down;S;1117713
Key Down;D;1117801
Key Up;S;1117937
Key Down;A;1118633
Key Up;A;1118737
Key Down;Z;1119681
Key Up;D;1119809
Key Down;Q;1120361
Key Up;Z;1120849
Key Up;Q;1121169
Key Down;A;1122344
Key Up;A;1122449
Key Down;Q;1123049
Key Down;S;1123625
Key Up;Q;1124016
Key Up;S;1124041
Key Down;A;1124705
Key Up;A;1124809
Key Down;S;1125737
Key Down;Q;1125777
Key Up;Q;1125833
Key Up;S;1125921
Key Down;A;1127073
Key Up;A;1127177
Key Down;Z;1128081
Key Down;Q;1128369
Key Up;Q;1128832
Key Up;Z;1129232
Key Down;Q;1129441
Key Down;S;1129625
Key Up;S;1129936
Key Down;S;1130208
Key Up;S;1130353
Key Up;Q;1131401
Key Down;Z;1131761
Key Down;Q;1131793
Key Up;Z;1131953
Key Down;S;1132321
Key Up;Q;1133297
Key Down;Q;1133841
Key Up;S;1134017
Key Down;S;1134705
Key Up;S;1134785
Key Up;Q;1135168
Key Down;A;1135289
Key Up;A;1135377
Key Down;Q;1135561
Key Down;S;1137585
Key Up;S;1137984
Key Up;Q;1138377
Key Down;A;1138513
Key Up;A;1138609
Key Down;Q;1138753
Key Up;Q;1139464
Key Down;Q;1139617
Key Up;Q;1139897
Key Down;Q;1140153
Key Up;Q;1140440
Key Down;S;1141048
Key Up;S;1141161
Key Down;Z;1141825
Key Up;Z;1141977
Key Down;Q;1142089
Key Down;Z;1142129
Key Up;Q;1142193
Key Up;Z;1142505
Key Down;Z;1142888
Key Up;Z;1143137
Key Down;A;1143209
Key Up;A;1143313
Key Down;Z;1143529
Key Up;Z;1143593
Key Down;S;1143881
Key Down;D;1143945
Key Up;D;1144305
Key Up;S;1144385
Key Down;Z;1144505
Key Down;D;1144673
Key Up;Z;1144697
Key Up;D;1144848
Key Down;S;1144985
Key Up;S;1145177
Key Down;S;1145521
Key Down;D;1145921
Key Up;S;1146009
Key Up;D;1146033
Key Down;D;1146337
Key Up;D;1146553
Key Down;Z;1146577
Key Down;Q;1146736
Key Up;Z;1146905
Key Up;Q;1147065
Key Down;Q;1147337
Key Up;Q;1147816
Key Down;D;1147881
Key Up;D;1148201
Key Down;S;1148225
Key Down;Q;1148273
Key Up;S;1148321
Key Down;S;1148472
Key Up;Q;1148553
Key Down;D;1148649
Key Up;S;1148841
Key Down;Z;1149080
Key Up;Z;1149113
Key Down;A;1149129
Key Up;D;1149144
Key Down;D;1149257
Key Up;A;1149264
Key Down;Z;1149608
Key Up;Z;1149921
Key Up;D;1150329
Key Down;D;1151209
Key Down;A;1151593
Key Up;D;1151617
Key Up;A;1151665
Key Down;S;1151993
Key Down;D;1152073
Key Up;S;1152089
Key Down;Z;1152712
Key Up;D;1152736
Key Up;Z;1152889
Key Down;S;1153385
Key Down;Q;1153481
Key Up;S;1153593
Key Down;S;1154224
Key Up;S;1154393
Key Up;Q;1155657
Key Down;A;1155760
Key Up;A;1155873
Key Down;D;1156121
Key Down;S;1156249
Key Up;S;1156465
Key Down;Z;1156800
Key Up;D;1156873
Key Up;Z;1156889
Key Down;Q;1157049
Key Down;Z;1157297
Key Up;Z;1157425
Key Up;Q;1158593
Key Down;A;1160713
Key Up;A;1160817
Key Down;D;1161424
Key Down;Z;1162401
Key Up;D;1162417
Key Up;Z;1162465
Key Down;Q;1162552
Key Up;Q;1162608
Key Down;A;1164393
Key Up;A;1164480
Key Down;D;1164705
Key Down;Z;1165017
Key Up;D;1165104
Key Up;Z;1165153
Key Down;Q;1165401
Key Down;Z;1165633
Key Up;Z;1165736
Key Up;Q;1165801
Key Down;Q;1166161
Key Down;S;1167097
Key Up;S;1167200
Key Up;Q;1167433
Key Down;A;1167601
Key Up;A;1167689
Key Down;S;1167865
Key Down;Q;1167993
Key Up;S;1168017
Key Up;Q;1168913
Key Down;D;1169016
Key Down;Z;1169056
Key Up;Z;1169136
Key Up;D;1169328
Key Down;Q;1169792
Key Down;Z;1169945
Key Up;Q;1169953
Key Up;Z;1169984
Key Down;Z;1170576
Key Up;Z;1170697
Key Down;Z;1172033
Key Down;Q;1172041
Key Up;Z;1172337
Key Down;Z;1172585
Key Up;Z;1172705
Key Up;Q;1172808
Key Down;Q;1173545
Key Down;Z;1173617
Key Up;Z;1174016
Key Down;S;1174401
Key Up;S;1174992
Key Up;Q;1175649
Key Down;Q;1176928
Key Up;Q;1178536
Key Down;A;1178688
Key Up;A;1178809
Key Down;Q;1179088
Key Up;Q;1179288
Key Down;Z;1179977
Key Up;Z;1180089
Key Down;Q;1180273
Key Up;Q;1180841
Key Down;Q;1181145
Key Down;Z;1181425
Key Up;Q;1181593
Key Up;Z;1182408
Key Down;S;1182689
Key Down;D;1183512
Key Up;S;1183592
Key Down;A;1183841
Key Up;A;1183945
Key Down;S;1184161
Key Up;S;1184393
Key Up;D;1185953
Key Down;D;1186120
Key Down;Tab;1186489
Key Up;D;1186497
Key Up;Tab;1188273
Key Down;Z;1190369
Key Down;D;1190489
Key Up;Z;1190888
Key Down;Z;1191073
Key Up;D;1191177
Key Down;D;1191897
Key Up;D;1192032
Key Down;A;1192072
Key Down;D;1192136
Key Up;A;1192161
Key Up;D;1192264
Key Up;Z;1193184
Key Down;Z;1193553
Key Down;Q;1194104
Key Up;Q;1194289
Key Down;D;1194401
Key Up;D;1194480
Key Up;Z;1194512
Key Down;D;1194608
Key Down;Z;1195232
Key Up;D;1195264
Key Down;Q;1195312
Key Up;Q;1195489
Key Up;Z;1195520
Key Down;D;1195568
Key Down;Z;1195888
Key Up;D;1196392
Key Down;D;1196649
Key Up;D;1196784
Key Down;Q;1196968
Key Up;Z;1197457
Key Up;Q;1197801
Key Down;D;1197833
Key Up;D;1197896
Key Down;D;1198208
Key Down;S;1198280
Key Up;D;1199129
Key Down;D;1199289
Key Up;D;1199361
Key Down;D;1200113
Key Up;S;1200361
Key Up;D;1200432
Key Down;Z;1200504
Key Down;Q;1200705
Key Up;Z;1200912
Key Down;Z;1201017
Key Down;D;1201065
Key Up;Q;1201080
Key Up;D;1201184
Key Down;Q;1201408
Key Up;Z;1201481
Key Up;Q;1201529
Key Down;Z;1202417
Key Down;Q;1202593
Key Up;Z;1202761
Key Up;Q;1202840
Key Down;A;1203473
Key Up;A;1203584
Key Down;D;1204552
Key Up;D;1204785
Key Down;S;1205201
Key Up;S;1205537
Key Down;S;1207120
Key Down;Q;1207241
Key Up;Q;1207568
Key Up;S;1207664
Key Down;Z;1207920
Key Down;D;1208120
Key Up;Z;1208233
Key Up;D;1208249
Key Down;Z;1208633
Key Down;D;1208641
Key Up;D;1208776
Key Down;Q;1209217
Key Up;Z;1209377
Key Up;Q;1209441
Key Down;Q;1209785
Key Down;Z;1209801
Key Up;Z;1210065
Key Up;Q;1210153
Key Down;Q;1211288
Key Down;Z;1211457
Key Up;Z;1211552
Key Up;Q;1211849
Key Down;Q;1212073
Key Up;Q;1212744
Key Down;Q;1213009
Key Up;Q;1213120
Key Down;A;1213504
Key Up;A;1213624
Key Down;S;1215025
Key Down;Q;1215208
Key Up;Q;1215417
Key Up;S;1215665
Key Down;D;1215777
Key Down;Z;1215856
Key Up;Z;1217080
Key Up;D;1217401
Key Down;Z;1217616
Key Down;A;1218040
Key Up;A;1218161
Key Up;Z;1218648
Key Down;Z;1219025
Key Down;Q;1219216
Key Up;Q;1219392
Key Up;Z;1219408
Key Down;D;1220448
Key Down;S;1220568
Key Up;S;1221225
Key Down;Z;1221528
Key Up;D;1221545
Key Down;Q;1221649
Key Up;Z;1222048
Key Up;Q;1222208
Key Down;A;1223513
Key Up;A;1223601
Key Down;D;1224289
Key Down;Z;1224577
Key Up;D;1224697
Key Down;Q;1226009
Key Up;Z;1226152
Key Up;Q;1226289
Key Down;D;1226808
Key Down;S;1227129
Key Up;D;1227185
Key Up;S;1227417
Key Down;A;1227489
Key Up;A;1227577
Key Down;S;1228344
Key Down;D;1228352
Key Up;D;1228552
Key Up;S;1228961
Key Down;Z;1229369
Key Down;D;1229465
Key Up;Z;1229672
Key Up;D;1229865
Key Down;S;1229873
Key Down;Q;1230081
Key Up;Q;1230280
Key Up;S;1230689
Key Down;Q;1234064
Key Down;Z;1234224
Key Up;Q;1234328
Key Down;A;1234544
Key Up;A;1234649
Key Up;Z;1234968
Key Down;Q;1235672
Key Up;Q;1235777
Key Down;Q;1236361
Key Down;Z;1236392
Key Up;Z;1236952
Key Up;Q;1237160
Key Down;Q;1237825
Key Down;S;1238545
Key Up;Q;1238840
Key Down;D;1239416
Key Up;S;1240033
Key Down;Z;1242321
Key Up;Z;1242360
Key Up;D;1242384
Key Down;S;1242681
Key Up;S;1242896
Key Down;Q;1243672
Key Down;S;1243768
Key Up;Q;1244424
Key Up;S;1244448
Key Down;D;1244464
Key Up;D;1244688
Key Down;Q;1244800
Key Up;Q;1244937
Key Down;D;1244961
Key Down;Z;1245264
Key Up;D;1245304
Key Down;Q;1245393
Key Up;Q;1245449
Key Down;Q;1245664
Key Up;Z;1245832
Key Down;Z;1246528
Key Up;Q;1246752
Key Down;D;1247000
Key Up;D;1247112
Key Down;Q;1247641
Key Up;Z;1247872
Key Down;S;1248296
Key Up;Q;1248409
Key Up;S;1248496
Key Down;A;1248561
Key Up;A;1248665
Key Down;Q;1248993
Key Down;S;1249217
Key Up;Q;1249384
Key Up;S;1249489
Key Down;S;1249800
Key Down;Q;1249937
Key Up;Q;1250089
Key Up;S;1250425
Key Down;Q;1251440
Key Down;Z;1251497
Key Up;Q;1251825
Key Up;Z;1251849
Key Down;Q;1252224
Key Up;Q;1252520
Key Down;Q;1252880
Key Up;Q;1253185
Key Down;Q;1253384
Key Up;Q;1253729
Key Down;Q;1254128
Key Down;Z;1254409
Key Up;Z;1254681
Key Up;Q;1255192
Key Down;S;1255880
Key Down;D;1256049
Key Up;S;1256456
Key Down;A;1256616
Key Up;A;1256712
Key Up;D;1256928
Key Down;Q;1257017
Key Down;Z;1257288
Key Up;Q;1257336
Key Up;Z;1257513
Key Down;Z;1257920
Key Down;D;1257928
Key Up;D;1258112
Key Up;Z;1258360
Key Down;S;1259760
Key Up;S;1260249
Key Down;A;1260265
Key Up;A;1260385
Key Down;Z;1260904
Key Down;Q;1261425
Key Up;Q;1261577
Key Up;Z;1261585
Key Down;A;1262424
Key Up;A;1262528
Key Down;Z;1262784
Key Down;Q;1262840
Key Up;Q;1262976
Key Up;Z;1263656
Key Down;S;1264328
Key Down;D;1264920
Key Up;S;1265497
Key Down;S;1265792
Key Up;S;1265888
Key Down;Z;1266936
Key Up;D;1267072
Key Down;A;1267800
Key Up;A;1267928
Key Up;Z;1268208
Key Down;Q;1268225
Key Down;S;1268520
Key Up;S;1268584
Key Down;Z;1269240
Key Up;Q;1269377
Key Down;A;1269945
Key Up;A;1270097
Key Down;D;1271648
Key Up;D;1272104
Key Up;Z;1272345
Key Down;Q;1272593
Key Down;S;1272680
Key Up;Q;1272784
Key Down;Q;1274040
Key Up;Q;1274152
Key Down;D;1275585
Key Up;S;1275688
Key Down;S;1276104
Key Up;D;1276920
Key Up;S;1277041
Key Down;Z;1277184
Key Down;D;1277192
Key Up;D;1277272
Key Down;D;1277808
Key Up;D;1278656
Key Up;Z;1280185
Key Down;D;1280193
Key Down;Z;1280712
Key Down;Espace;1280736
Key Up;D;1280761
Key Up;Z;1280768
Key Down;Q;1280872
Key Up;Espace;1280888
Key Down;S;1281016
Key Up;S;1281312
Key Down;Espace;1281360
Key Up;Espace;1281480
Key Down;Z;1281785
Key Up;Q;1281960
Key Down;D;1282592
Key Up;Z;1282697
Key Down;S;1283024
Key Up;D;1283456
Key Up;S;1283464
Key Down;A;1284040
Key Up;A;1284152
Key Down;D;1285176
Key Down;Z;1285752
Key Up;Z;1285921
Key Down;S;1286272
Key Up;S;1286720
Key Up;D;1287920
Key Down;Z;1288408
Key Up;Z;1288897
Key Down;Q;1289105
Key Down;Z;1289168
Key Up;Q;1289321
Key Up;Z;1289873
Key Down;Z;1290193
Key Up;Z;1290448
Key Down;Z;1291072
Key Down;D;1291176
Key Up;Z;1291320
Key Up;D;1291440
Key Down;Z;1291896
Key Down;D;1291976
Key Up;D;1292328
Key Up;Z;1292424
Key Down;Z;1292632
Key Down;D;1292648
Key Up;Z;1292896
Key Down;Z;1293296
Key Up;D;1293320
Key Up;Z;1293416
Key Down;Z;1294152
Key Down;D;1294160
Key Up;Z;1294520
Key Up;D;1294544
Key Down;D;1296600
Key Up;D;1296816
Key Down;D;1297232
Key Down;S;1297528
Key Up;D;1297601
Key Up;S;1297721
Key Down;Q;1298017
Key Down;Z;1298104
Key Up;Z;1298368
Key Up;Q;1298408
Key Down;Q;1301161
Key Down;S;1302120
Key Up;S;1302696
Key Up;Q;1302848
Key Down;Q;1303200
Key Down;S;1303296
Key Up;Q;1303393
Key Up;S;1303441
Key Down;Q;1303952
Key Down;S;1304008
Key Up;Q;1304384
Key Up;S;1305025
Key Down;S;1305424
Key Up;S;1305896
Key Down;S;1306609
Key Up;S;1306784
Key Down;S;1307072
Key Up;S;1307305
Key Down;S;1308328
Key Up;S;1308673
Key Down;A;1309464
Key Up;A;1309584
Key Down;Z;1314969
Key Up;Z;1315096
Key Down;Z;1315472
Key Down;D;1316528
Key Up;Z;1317184
Key Down;Z;1317504
Key Up;D;1317576
Key Down;A;1317752
Key Up;A;1317856
Key Down;D;1318000
Key Up;D;1318152
Key Down;Q;1319232
Key Up;Q;1319264
Key Up;Z;1319288
Key Down;D;1320216
Key Up;D;1320552
Key Down;Q;1321192
Key Down;Z;1321592
Key Up;Z;1321936
Key Up;Q;1322064
Key Down;Z;1322104
Key Up;Z;1322248
Key Down;A;1322256
Key Up;A;1322345
Key Down;Q;1323072
Key Down;Z;1323440
Key Up;Q;1323520
Key Down;D;1323720
Key Up;Z;1323840
Key Up;D;1324024
Key Down;S;1324177
Key Down;D;1324241
Key Up;S;1325176
Key Down;A;1325649
Key Up;A;1325752
Key Up;D;1325920
Key Down;Z;1326016
Key Down;Q;1326432
Key Up;Q;1326600
Key Up;Z;1326856
Key Down;S;1327056
Key Down;Q;1327273
Key Up;Q;1328152
Key Down;Q;1328257
Key Up;S;1328321
Key Up;Q;1328408
Key Down;Z;1328480
Key Down;D;1328992
Key Up;Z;1329440
Key Up;D;1329584
Key Down;S;1330897
Key Up;S;1331489
Key Down;D;1331632
Key Down;Z;1332072
Key Up;D;1332200
Key Down;A;1332480
Key Up;A;1332593
Key Up;Z;1332625
Key Down;D;1335032
Key Down;S;1335129
Key Up;D;1335168
Key Down;Q;1335304
Key Up;Q;1335472
Key Down;D;1336064
Key Up;D;1336152
Key Down;Q;1336176
Key Up;S;1336272
Key Down;Z;1337257
Key Up;Q;1337592
Key Down;Q;1337825
Key Up;Z;1337841
Key Up;Q;1337944
Key Down;D;1338096
Key Up;D;1338432
Key Down;D;1338576
Key Down;S;1338632
Key Up;D;1338864
Key Down;D;1339008
Key Up;S;1339040
Key Down;Q;1339168
Key Up;D;1339184
Key Down;Z;1339536
Key Up;Q;1339552
Key Down;A;1339768
Key Up;A;1339888
Key Down;D;1339913
Key Up;Z;1340361
Key Down;Z;1340536
Key Up;D;1340592
Key Up;Z;1340656
Key Down;Q;1340728
Key Down;S;1340800
Key Up;Q;1340824
Key Up;S;1341241
Key Down;Z;1342032
Key Up;Z;1342368
Key Down;S;1344033
Key Down;Q;1344480
Key Up;S;1344704
Key Up;Q;1344728
Key Down;Z;1344848
Key Up;Z;1345016
Key Down;A;1345416
Key Up;A;1345504
Key Down;D;1345912
Key Up;D;1346040
Key Down;Z;1347520
Key Down;D;1348752
Key Up;Z;1348920
Key Down;A;1349208
Key Up;A;1349312
Key Up;D;1349440
Key Down;Q;1359328
Key Down;Z;1359440
Key Up;Q;1359512
Key Down;A;1359912
Key Up;A;1360032
Key Up;Z;1360728
Key Down;S;1362088
Key Up;S;1362976
Key Down;S;1363392
Key Down;Q;1364312
Key Up;S;1364328
Key Down;Z;1364848
Key Up;Q;1364888
Key Up;Z;1365000
Key Down;A;1365792
Key Up;A;1365888
Key Down;D;1366176
Key Down;Z;1366544
Key Up;D;1366976
Key Up;Z;1367448
Key Down;S;1367584
Key Down;Q;1367960
Key Up;Q;1368048
Key Up;S;1368192
Key Down;Z;1370256
Key Up;Z;1370416
Key Down;Z;1370792
Key Up;Z;1371104
Key Down;Z;1371488
Key Up;Z;1371864
Key Down;S;1372520
Key Down;Q;1373480
Key Up;Q;1373800
Key Up;S;1373817
Key Down;A;1373928
Key Up;A;1374024
Key Down;Q;1374592
Key Up;Q;1374672
Key Down;Z;1374680
Key Up;Z;1374776
Key Down;D;1376248
Key Down;Z;1376288
Key Up;D;1376616
Key Up;Z;1376888
Key Down;S;1377296
Key Up;S;1377432
Key Down;Z;1378696
Key Up;Z;1379064
Key Down;Z;1379656
Key Down;D;1380264
Key Up;D;1380360
Key Up;Z;1380544
Key Down;E;1381392
Key Up;E;1381496
Key Down;Q;1383024
Key Down;Z;1383152
Key Up;Z;1383200
Key Down;Z;1383792
Key Up;Z;1383912
Key Up;Q;1384024
Key Down;A;1384288
Key Up;A;1384400
Key Down;Q;1384736
Key Up;Q;1385784
Key Down;Q;1386136
Key Down;Z;1386656
Key Up;Q;1386864
Key Down;Q;1387072
Key Up;Q;1387208
Key Down;E;1387368
Key Up;Z;1387424
Key Up;E;1387503
Key Down;Z;1388752
Key Up;Z;1389200
Key Down;Z;1389568
Key Up;Z;1389648
Key Down;E;1390080
Key Up;E;1390168
Key Down;S;1393615
Key Down;D;1394184
Key Up;S;1394456
Key Down;S;1395048
Key Up;S;1395144
Key Down;S;1396352
Key Up;D;1397184
Key Down;Q;1398112
Key Up;S;1398472
Key Up;Q;1398744
Key Down;D;1398848
Key Up;D;1399360
Key Down;A;1399392
Key Up;A;1399496
Key Down;S;1399720
Key Down;D;1399800
Key Up;D;1399960
Key Up;S;1400120
Key Down;S;1402784
Key Down;Q;1403680
Key Up;Q;1405312
Key Down;Q;1406120
Key Up;S;1406344
Key Down;S;1406856
Key Up;Q;1407152
Key Down;D;1407696
Key Up;D;1407888
Key Down;D;1408552
Key Up;S;1409176
Key Up;D;1409528
Key Down;S;1409544
Key Up;S;1411248
Key Down;D;1411968
Key Down;S;1412048
Key Up;D;1412247
Key Up;S;1412535
Key Down;S;1412800
Key Down;Q;1412944
Key Up;Q;1413352
Key Up;S;1413464
Key Down;A;1413672
Key Up;A;1413792
Key Down;Z;1415960
Key Down;Q;1416296
Key Up;Q;1416456
Key Up;Z;1416480
Key Down;S;1416840
Key Down;D;1416912
Key Up;D;1416984
Key Down;A;1417552
Key Up;A;1417648
Key Up;S;1417808
Key Down;Q;1417888
Key Down;Z;1418168
Key Up;Q;1418287
Key Up;Z;1418528
Key Down;S;1419423
Key Down;D;1419431
Key Up;D;1419944
Key Up;S;1419968
Key Down;D;1420455
Key Up;D;1420527
Key Down;A;1420591
Key Up;A;1420704
Key Down;S;1422456
Key Down;D;1422600
Key Up;D;1422728
Key Up;S;1423008
Key Down;Tab;1425056
Key Up;Tab;1427112
Key Down;Q;1427560
Key Down;Z;1429280
Key Up;Z;1429408
Key Down;Z;1430903
Key Up;Z;1431192
Key Down;S;1431936
Key Up;Q;1432119
Key Down;A;1432312
Key Up;A;1432416
Key Down;Q;1432648
Key Up;Q;1432776
Key Up;S;1433800
Key Down;Q;1433848
Key Down;S;1434136
Key Up;Q;1434208
Key Up;S;1434256
Key Down;Q;1435599
Key Up;Q;1435999
Key Down;Q;1448288
Key Up;Q;1449400
Key Down;Z;1449736
Key Up;Z;1449968
Key Down;D;1450528
Key Up;D;1450743
Key Down;A;1452000
Key Up;A;1452096
Key Down;Z;1452384
Key Down;Q;1453007
Key Up;Z;1453784
Key Down;S;1454832
Key Up;S;1454903
Key Down;S;1456088
Key Up;S;1457688
Key Down;D;1457752
Key Up;Q;1457784
Key Up;D;1457959
Key Down;Q;1457992
Key Down;S;1459144
Key Up;Q;1459176
Key Up;S;1459224
Key Down;A;1459575
Key Up;A;1459704
Key Down;D;1459983
Key Up;D;1460264
Key Down;Q;1460272
Key Down;S;1460576
Key Up;Q;1460616
Key Down;D;1460727
Key Up;S;1460735
Key Up;D;1460959
Key Down;S;1461423
Key Down;D;1461456
Key Up;S;1461583
Key Up;D;1461648
Key Down;Z;1461823
Key Down;Q;1461879
Key Up;Q;1461992
Key Up;Z;1462016
Key Down;S;1462168
Key Up;S;1462335
Key Down;D;1462367
Key Down;S;1462375
Key Up;S;1462480
Key Up;D;1462560
Key Down;Q;1462680
Key Up;Q;1462887
Key Down;D;1462944
Key Up;D;1463064
Key Down;Q;1463128
Key Down;Z;1463208
Key Up;Q;1463328
Key Up;Z;1463472
Key Down;D;1463631
Key Up;D;1463703
Key Down;Q;1463760
Key Up;Q;1464087
Key Down;D;1464112
Key Up;D;1464296
Key Down;Q;1464568
Key Up;Q;1464663
Key Down;D;1464848
Key Down;S;1464983
Key Up;D;1465048
Key Down;Q;1465112
Key Up;S;1465487
Key Down;D;1465720
Key Up;Q;1465735
Key Down;S;1466999
Key Up;D;1467039
Key Down;Q;1467271
Key Up;S;1467784
Key Down;Z;1467928
Key Up;Q;1468112
Key Down;Q;1468208
Key Up;Z;1468711
Key Down;S;1468960
Key Up;S;1469136
Key Down;Z;1469368
Key Up;Q;1469416
Key Down;D;1469504
Key Up;D;1469871
Key Down;Q;1469975
Key Up;Z;1470031
Key Down;S;1470216
Key Up;Q;1470240
Key Down;D;1470944
Key Up;S;1471896
Key Down;S;1472288
Key Down;Q;1472631
Key Up;D;1472655
Key Up;S;1472687
Key Down;Z;1472927
Key Up;Q;1473376
Key Up;Z;1473600
Key Down;Q;1473943
Key Up;Q;1474087
Key Down;Z;1474255
Key Down;Q;1474263
Key Up;Q;1474279
Key Up;Z;1474400
Key Down;D;1474776
Key Down;S;1474896
Key Up;S;1475136
Key Down;Z;1475399
Key Up;D;1475792
Key Down;Q;1475848
Key Up;Q;1476080
Key Up;Z;1476224
Key Down;D;1476911
Key Up;D;1477240
Key Down;Q;1477400
Key Down;Z;1477600
Key Up;Z;1477880
Key Up;Q;1478151
Key Down;A;1478607
Key Up;A;1478672
Key Down;Q;1478840
Key Down;Z;1479032
Key Up;Q;1480168
Key Down;D;1481063
Key Up;Z;1481439
Key Down;Z;1482032
Key Up;Z;1482359
Key Up;D;1482583
Key Down;D;1482928
Key Down;Q;1483272
Key Up;D;1483296
Key Up;Q;1483608
Key Down;D;1483680
Key Down;Q;1485080
Key Up;D;1485159
Key Down;D;1485519
Key Up;Q;1485543
Key Down;Q;1486647
Key Up;D;1486751
Key Down;D;1487128
Key Up;Q;1487160
Key Down;Z;1487632
Key Up;Z;1487752
Key Down;A;1489184
Key Up;A;1489272
Key Down;Q;1489791
Key Up;D;1489839
Key Down;S;1490143
Key Up;S;1490416
Key Down;D;1490640
Key Down;Z;1490704
Key Up;D;1490808
Key Up;Z;1491303
Key Down;S;1491479
Key Up;Q;1491655
Key Down;D;1492056
Key Up;D;1492831
Key Down;D;1493111
Key Up;D;1493480
Key Down;D;1493592
Key Up;D;1493624
Key Down;D;1493720
Key Up;D;1494119
Key Down;Q;1494159
Key Up;S;1494183
Key Down;Z;1494343
Key Up;Q;1494407
Key Down;D;1494431
Key Up;Z;1494704
Key Up;D;1494736
Key Down;Echap;1504536
Key Up;Echap;1504679
Key Down;Left Alt;1506983
Key Up;Left Alt;1507679
Key Down;Echap;1524256
Key Up;Echap;1524344
