Event;Key;Time
Key Down;Z;508
Key Up;Z;1020
Key Down;Z;1204
Key Up;Z;4827
Key Down;D;4835
Key Down;Z;7419
Key Up;D;7715
Key Down;Q;7740
Key Up;Z;8075
Key Down;S;11708
Key Up;Q;11716
Key Down;D;12092
Key Up;S;12412
Key Up;D;12460
Key Down;Z;12731
Key Down;Q;12860
Key Up;Q;12956
Key Up;Z;13092
Key Down;S;20028
Key Down;Q;20395
Key Up;S;20787
Key Up;Q;20891
Key Down;D;21083
Key Down;Z;21324
Key Up;D;21540
Key Down;Q;21819
Key Up;Z;21851
Key Up;Q;21963
Key Down;S;22275
Key Up;S;22347
Key Down;D;22748
Key Down;S;23091
Key Up;D;23627
Key Up;S;23908
Key Down;Q;24147
Key Down;Z;24236
Key Up;Q;24356
Key Down;Q;24812
Key Up;Z;24844
Key Up;Q;24924
Key Down;S;25364
Key Up;S;25451
Key Down;D;26955
Key Down;S;26971
Key Up;S;27203
Key Up;D;27243
Key Down;Q;27620
Key Up;Q;27675
Key Down;S;30180
Key Up;S;30332
Key Down;S;31083
Key Down;D;31155
Key Up;S;31515
Key Up;D;31539
Key Down;S;34187
Key Down;D;34476
Key Up;D;34899
Key Down;Q;35011
Key Up;Q;35740
Key Down;D;36171
Key Up;D;36787
Key Down;Q;36867
Key Up;Q;37691
Key Up;S;37876
Key Down;D;38539
Key Down;Z;38772
Key Up;D;38892
Key Up;Z;39092
Key Down;Z;40132
Key Down;Q;40324
Key Up;Z;40628
Key Up;Q;40771
Key Down;D;41076
Key Up;D;41267
Key Down;Z;41996
Key Up;Z;42051
Key Down;S;47203
Key Down;D;47283
Key Up;D;47515
Key Up;S;48251
Key Down;D;49403
Key Up;D;49732
Key Down;Q;49931
Key Up;Q;50003
Key Down;Q;58339
Key Up;Q;58419
Key Down;Z;77475
Key Up;Z;77747
Key Down;Q;77851
Key Down;Z;78075
Key Up;Q;78163
Key Up;Z;78395
Key Down;Q;78659
Key Up;Q;78915
Key Down;Z;78939
Key Down;D;79219
Key Up;Z;79507
Key Up;D;79515
Key Down;S;79835
Key Down;D;79843
Key Up;S;79939
Key Up;D;79947
Key Down;S;87747
Key Down;Q;87756
Key Up;S;87859
Key Up;Q;87947
Key Down;D;88555
Key Up;D;88612
Key Down;S;90579
Key Up;S;90691
Key Down;S;98971
Key Down;D;99003
Key Up;D;99499
Key Up;S;99507
Key Down;Q;100019
Key Up;Q;100091
Key Down;Left Control;100699
Key Up;Left Control;101235
Key Down;Q;107747
Key Down;S;107987
Key Up;S;108323
Key Up;Q;108531
Key Down;Z;108787
Key Up;Z;108899
Key Down;Espace;125483
Key Up;Espace;125659
Key Down;D;141355
Key Up;D;141715
Key Down;D;141995
Key Up;D;142427
Key Down;Espace;152963
Key Up;Espace;153123
Key Down;D;153915
Key Down;Z;154811
Key Up;D;154851
Key Down;D;155963
Key Up;D;156107
Key Down;D;157627
Key Up;Z;157842
Key Up;D;157875
Key Down;Q;158067
Key Up;Q;158123
Key Down;S;159403
Key Down;Q;161627
Key Up;Q;161891
Key Up;S;162243
Key Down;S;162923
Key Up;S;163003
Key Down;Q;165739
Key Down;Z;165811
Key Up;Q;166011
Key Down;Q;166395
Key Up;Z;166699
Key Up;Q;166771
Key Down;S;167346
Key Up;S;167547
Key Down;Q;173299
Key Up;Q;173490
Key Down;S;173555
Key Up;S;173619
Key Down;S;178403
Key Up;S;178675
Key Down;Z;185187
Key Up;Z;185259
Key Down;Z;186323
Key Up;Z;186403
Key Down;Z;196875
Key Down;D;196891
Key Up;D;198043
Key Down;D;198971
Key Up;Z;198995
Key Up;D;199362
Key Down;Z;200026
Key Down;D;200474
Key Up;D;201299
Key Up;Z;201315
Key Down;Q;201618
Key Up;Q;201827
Key Down;D;202202
Key Down;Z;203403
Key Up;D;203707
Key Up;Z;203715
Key Down;Q;203787
Key Down;S;204026
Key Up;Q;205675
Key Up;S;205827
Key Down;S;206682
Key Up;S;207298
Key Down;Q;210475
Key Up;Q;210962
Key Down;S;210986
Key Up;S;211491
Key Down;Z;213787
Key Down;Q;213939
Key Up;Q;214371
Key Up;Z;214555
Key Down;D;214826
Key Up;D;214970
Key Down;Q;215427
Key Down;Z;215466
Key Up;Q;215619
Key Down;D;216315
Key Up;Z;216347
Key Up;D;216507
Key Down;Z;217643
Key Down;D;217755
Key Up;D;218211
Key Down;Q;218746
Key Up;Z;218970
Key Up;Q;218994
Key Down;D;219058
Key Down;S;221131
Key Up;D;221187
Key Up;S;221458
Key Down;Z;221723
Key Down;Q;221946
Key Up;Z;221995
Key Up;Q;222731
Key Down;Q;225506
Key Down;S;225851
Key Up;Q;225930
Key Down;Q;227186
Key Up;Q;227611
Key Up;S;227723
Key Down;Q;233314
Key Down;S;233410
Key Up;S;233843
Key Down;S;234163
Key Up;Q;234443
Key Up;S;234915
Key Down;S;235346
Key Down;Q;235506
Key Up;Q;236011
Key Up;S;236154
Key Down;Q;236515
Key Up;Q;236939
Key Down;D;237147
Key Up;D;237330
Key Down;Q;237523
Key Up;Q;237954
Key Down;D;238507
Key Down;Z;238763
Key Up;D;239650
Key Down;D;240419
Key Up;Z;240938
Key Up;D;241635
Key Down;Q;241851
Key Down;Z;241946
Key Up;Q;242050
Key Down;Q;242514
Key Up;Q;243282
Key Up;Z;243346
Key Down;D;243570
Key Down;S;243994
Key Up;D;244018
Key Up;S;244635
Key Down;S;246178
Key Up;S;246330
Key Down;S;253691
Key Down;Q;253955
Key Up;Q;254835
Key Up;S;255691
Key Down;Q;255738
Key Down;S;255882
Key Up;S;256066
Key Down;S;256530
Key Up;Q;256555
Key Up;S;256883
Key Down;D;259683
Key Down;Z;260171
Key Up;D;260178
Key Up;Z;260243
Key Down;Q;261578
Key Down;S;261995
Key Up;Q;262043
Key Up;S;262426
Key Down;Q;262442
Key Up;Q;262795
Key Down;D;277538
Key Down;Z;277562
Key Up;D;277834
Key Up;Z;277866
Key Down;D;279938
Key Down;Z;279946
Key Up;D;281226
Key Down;Q;282106
Key Up;Q;282259
Key Up;Z;282283
Key Down;Q;283443
Key Down;Z;283594
Key Up;Q;283667
Key Up;Z;283707
Key Down;D;293571
Key Up;D;293778
Key Down;Q;294051
Key Up;Q;294211
Key Down;S;294499
Key Up;S;294571
Key Down;S;297147
Key Up;S;297691
Key Down;Z;298138
Key Up;Z;298498
Key Down;S;311906
Key Up;S;312179
Key Down;S;313762
Key Down;Q;314571
Key Up;Q;315523
Key Up;S;316010
Key Down;Z;316314
Key Up;Z;316563
Key Down;Z;337131
Key Up;Z;337634
Key Down;S;338090
Key Up;S;338179
Key Down;S;339426
Key Up;S;340202
Key Down;Q;340323
Key Up;Q;340435
Key Down;Z;340602
Key Up;Z;340723
Key Down;D;340883
Key Up;D;340978
Key Down;D;341322
Key Up;D;341738
Key Down;Q;341914
Key Up;Q;342018
Key Down;Q;343514
Key Down;Z;343842
Key Up;Z;344003
Key Up;Q;344010
Key Down;S;355346
Key Up;S;355450
Key Down;Z;365162
Key Down;D;365186
Key Up;D;366506
Key Down;Q;367378
Key Up;Q;367506
Key Down;Q;367898
Key Up;Z;367922
Key Up;Q;368066
Key Down;S;369130
Key Down;D;369226
Key Up;S;369466
Key Up;D;369666
Key Down;Q;369922
Key Up;Q;369946
Key Down;Q;370986
Key Up;Q;371098
Key Down;Q;373162
Key Up;Q;373362
Key Down;S;394130
Key Up;S;394594
Key Down;S;395898
Key Up;S;396242
Key Down;S;402058
Key Up;S;402265
Key Down;S;413554
Key Down;Q;413650
Key Up;S;413913
Key Up;Q;413954
Key Down;Q;418761
Key Down;S;418826
Key Up;Q;419026
Key Up;S;419050
Key Down;S;420601
Key Up;S;421042
Key Down;Z;421674
Key Up;Z;422162
Key Down;S;422378
Key Up;S;423178
Key Down;Z;423586
Key Up;Z;423714
Key Down;S;427154
Key Down;D;427218
Key Up;S;427298
Key Up;D;427418
Key Down;Z;429082
Key Down;D;429682
Key Up;Z;429738
Key Up;D;429794
Key Down;Q;429922
Key Down;S;430058
Key Up;Q;430274
Key Down;Q;430754
Key Up;Q;430882
Key Up;S;431002
Key Down;Z;433858
Key Up;Z;434202
Key Down;Z;437202
Key Down;D;437402
Key Up;Z;437618
Key Up;D;437642
Key Down;S;437882
Key Up;S;437961
Key Down;Z;440361
Key Down;D;440618
Key Up;Z;440714
Key Up;D;440722
Key Down;S;441090
Key Up;S;441162
Key Down;Z;442890
Key Up;Z;443098
Key Down;Z;446098
Key Down;D;446345
Key Up;Z;446617
Key Up;D;446650
Key Down;S;446858
Key Up;S;446938
Key Down;Z;449162
Key Up;Z;449481
Key Down;S;449674
Key Up;S;449770
Key Down;Z;450986
Key Up;Z;451185
Key Down;Z;457298
Key Up;Z;457514
Key Down;S;457770
Key Up;S;457866
Key Down;Z;460586
Key Down;Q;460890
Key Up;Q;461401
Key Down;Q;461778
Key Up;Z;462378
Key Up;Q;462410
Key Down;Z;462946
Key Up;Z;463529
Key Down;Q;463746
Key Up;Q;463946
Key Down;S;464537
Key Up;S;464586
Key Down;S;476553
Key Up;S;476754
Key Down;S;477434
Key Down;D;477649
Key Up;D;478202
Key Up;S;478714
Key Down;D;478986
Key Down;Z;479034
Key Up;D;479145
Key Up;Z;479937
Key Down;D;480050
Key Up;D;480290
Key Down;S;480618
Key Down;D;480874
Key Up;D;481530
Key Up;S;482242
Key Down;S;483121
Key Up;S;483442
Key Down;S;484602
Key Up;S;485578
Key Down;S;485985
Key Up;S;486282
Key Down;Z;490026
Key Down;D;490370
Key Up;D;490705
Key Up;Z;491234
Key Down;Z;492690
Key Down;Q;493330
Key Up;Z;493426
Key Up;Q;493562
Key Down;D;493993
Key Down;S;494162
Key Up;D;494330
Key Up;S;494369
Key Down;Z;496210
Key Up;Z;496706
Key Down;D;498138
Key Down;S;498282
Key Up;D;498346
Key Down;Q;498785
Key Up;S;499217
Key Up;Q;499369
Key Down;Z;500057
Key Down;D;500114
Key Up;Z;500970
Key Down;Z;501242
Key Up;D;501793
Key Up;Z;502298
Key Down;S;506025
Key Down;D;506250
Key Up;D;506609
Key Down;Q;506994
Key Up;S;507114
Key Up;Q;507602
Key Down;D;508770
Key Down;Z;508842
Key Up;D;509074
Key Down;Q;510218
Key Up;Z;510249
Key Down;S;510618
Key Up;Q;510722
Key Down;Q;511306
Key Up;Q;511490
Key Up;S;511961
Key Down;Espace;527593
Key Up;Espace;527737
Key Down;H;588554
Key Down;T;588826
Key Up;T;588994
Key Up;H;589002
Key Down;Echap;589889
Key Up;Echap;589937
Key Down;D;591417
Key Up;D;591825
Key Down;D;592194
Key Down;Z;592321
Key Up;D;593762
Key Up;Z;594450
Key Down;Left Control;598889
Key Up;Left Control;599401
Key Down;D;599458
Key Down;Z;599786
Key Up;Z;600161
Key Up;D;600169
Key Down;Q;603481
Key Down;S;603577
Key Up;Q;603753
Key Up;S;603881
Key Down;Q;632010
Key Down;S;632225
Key Up;Q;632385
Key Up;S;632489
Key Down;Z;641321
Key Down;D;641409
Key Up;Z;641633
Key Up;D;641673
Key Down;S;646025
Key Up;S;646209
Key Down;Z;649849
Key Down;D;649873
Key Up;D;650145
Key Up;Z;650281
Key Down;Q;650465
Key Down;Z;650537
Key Up;Q;650786
Key Down;D;650865
Key Up;Z;650881
Key Up;D;651025
Key Down;Left Control;651305
Key Up;Left Control;651985
Key Down;S;652177
Key Down;D;652273
Key Up;D;652905
Key Down;Q;653281
Key Up;S;653681
Key Up;Q;653705
Key Down;Z;653833
Key Up;Z;654441
Key Down;Z;665833
Key Up;Z;666137
Key Down;Z;667521
Key Up;Z;667793
Key Down;S;668417
Key Down;Q;668657
Key Up;S;668705
Key Up;Q;668833
Key Down;S;669369
Key Up;S;669561
Key Down;Z;670177
Key Up;Z;670289
Key Down;Q;690841
Key Up;Q;691001
Key Down;S;692689
Key Down;D;692737
Key Up;S;693089
Key Up;D;693097
Key Down;S;697529
Key Down;D;697617
Key Up;D;697961
Key Up;S;698153
Key Down;Q;698433
Key Down;S;698473
Key Up;S;699337
Key Down;S;699649
Key Up;S;700625
Key Up;Q;700785
Key Down;Q;704129
Key Up;Q;704385
Key Down;Z;715449
Key Down;D;715569
Key Up;Z;715969
Key Up;D;716017
Key Down;D;717136
Key Up;D;717576
Key Down;Z;720336
Key Down;D;720713
Key Up;D;721473
Key Up;Z;721529
Key Down;D;724073
Key Up;D;724200
Key Down;D;724456
Key Up;D;725001
Key Down;Z;725385
Key Up;Z;725657
Key Down;S;726449
Key Up;S;726673
Key Down;Left Control;740385
Key Up;Left Control;741049
Key Down;S;741737
Key Up;S;742017
Key Down;Z;757001
Key Down;Q;757009
Key Up;Q;757233
Key Up;Z;757361
Key Down;Z;811888
Key Up;Z;812096
Key Down;S;839009
Key Up;S;839353
Key Down;Espace;845073
Key Up;Espace;845248
Key Down;S;845345
Key Up;S;845456
Key Down;D;845729
Key Down;S;845768
Key Up;S;845880
Key Up;D;846088
Key Down;S;846409
Key Up;S;846656
Key Down;Z;847648
Key Up;Z;847721
Key Down;D;848193
Key Down;Z;848384
Key Up;D;849232
Key Up;Z;849712
Key Down;S;856729
Key Down;Q;856977
Key Up;S;857056
Key Up;Q;857113
Key Down;S;857945
Key Down;Q;857953
Key Up;S;858320
Key Down;Z;859249
Key Up;Z;860728
Key Up;Q;860824
Key Down;Z;861400
Key Up;Z;861640
Key Down;Q;864696
Key Down;Z;864752
Key Up;Q;865041
Key Up;Z;865089
Key Down;Q;865321
Key Up;Q;865561
Key Down;Z;865569
Key Up;Z;866097
Key Down;S;866529
Key Down;D;867288
Key Up;D;868824
Key Up;S;869225
Key Down;S;870880
Key Down;Q;870976
Key Up;S;871113
Key Down;S;871665
Key Up;Q;871945
Key Up;S;872024
Key Down;Q;873168
Key Down;Z;873296
Key Up;Q;873528
Key Up;Z;873641
Key Down;Z;874200
Key Down;D;874369
Key Up;Z;874408
Key Up;D;874552
Key Down;S;887905
Key Down;Q;889464
Key Up;Q;889872
Key Up;S;889984
Key Down;Z;891832
Key Down;D;892121
Key Up;D;893928
Key Down;D;894504
Key Up;Z;895296
Key Up;D;895344
Key Down;Espace;899192
Key Up;Espace;899328
Key Down;Q;902888
Key Down;Z;903232
Key Up;Z;903560
Key Down;S;903881
Key Down;Espace;904144
Key Up;Espace;904304
Key Up;S;904576
Key Down;S;904912
Key Up;S;907024
Key Up;Q;907408
Key Down;Z;907432
Key Up;Z;907585
Key Down;S;908816
Key Up;S;909000
Key Down;S;921801
Key Down;D;921824
Key Up;D;922160
Key Up;S;922608
Key Down;Left Control;925304
Key Up;Left Control;925904
Key Down;Z;943056
Key Up;Z;943288
Key Down;Q;943472
Key Up;Q;943600
Key Down;Z;943760
Key Down;Q;944343
Key Up;Q;945392
Key Down;D;945648
Key Up;D;945767
Key Up;Z;945992
Key Down;Z;956672
Key Down;Q;956680
Key Up;Z;957536
Key Up;Q;957560
Key Down;D;957976
Key Down;S;958144
Key Up;D;958184
Key Up;S;958304
Key Down;S;959520
Key Down;D;959736
Key Up;D;961248
Key Up;S;962376
Key Down;Left Control;971239
Key Up;Left Control;972584
Key Down;Left Control;973776
Key Up;Left Control;974880
Key Down;D;982504
Key Up;D;982728
Key Down;S;982903
Key Up;S;983103
Key Down;Q;983407
Key Up;Q;983503
Key Down;Z;986000
Key Up;Z;986087
Key Down;Espace;993080
Key Up;Espace;993240
Key Down;R;1002680
Key Up;R;1004120
Key Down;R;1004512
Key Up;R;1005584
Key Down;Espace;1006120
Key Up;Espace;1006256
Key Down;R;1008488
Key Up;R;1009311
Key Down;Z;1012024
Key Up;Z;1012567
Key Down;Q;1012736
Key Up;Q;1012904
Key Down;Z;1013440
Key Up;Z;1013480
Key Down;S;1020672
Key Up;S;1021176
Key Down;S;1027424
Key Down;Q;1027632
Key Up;Q;1027960
Key Up;S;1028048
Key Down;Z;1029688
Key Up;Z;1029896
Key Down;Left Control;1030072
Key Down;Z;1030776
Key Up;Left Control;1030879
Key Up;Z;1031024
Key Down;S;1031400
Key Up;S;1031448
Key Down;Z;1046592
Key Down;D;1046736
Key Up;D;1047088
Key Up;Z;1047256
Key Down;Z;1047792
Key Up;Z;1047928
Key Down;S;1052400
Key Down;Q;1052840
Key Up;S;1053080
Key Down;Z;1053296
Key Up;Q;1053768
Key Down;Q;1055288
Key Up;Q;1055487
Key Up;Z;1055704
Key Down;Q;1057152
Key Up;Q;1057400
Key Down;S;1058088
Key Up;S;1058208
Key Down;Q;1058215
Key Up;Q;1058583
Key Down;S;1058976
Key Down;Q;1059232
Key Up;Q;1059384
Key Up;S;1059584
Key Down;S;1060232
Key Up;S;1060528
Key Down;E;1061320
Key Up;E;1061448
Key Down;Z;1061488
Key Down;D;1062072
Key Up;D;1062223
Key Up;Z;1062464
Key Down;Q;1062688
Key Up;Q;1062720
Key Down;D;1062824
Key Down;S;1063279
Key Up;D;1063424
Key Down;D;1063536
Key Up;D;1063552
Key Up;S;1063688
Key Down;S;1063968
Key Down;D;1064007
Key Up;S;1064088
Key Down;Z;1064311
Key Up;D;1064832
Key Up;Z;1064880
Key Down;D;1065176
Key Down;S;1065184
Key Up;S;1065304
Key Up;D;1065608
Key Down;D;1066272
Key Up;D;1066535
Key Down;D;1067032
Key Down;Z;1067280
Key Up;D;1067368
Key Down;Q;1067535
Key Up;Z;1067600
Key Down;S;1067896
Key Up;S;1068175
Key Down;Z;1068616
Key Up;Q;1068744
Key Up;Z;1068768
Key Down;Espace;1069399
Key Up;Espace;1069544
Key Down;E;1073111
Key Up;E;1073199
Key Down;Espace;1074344
Key Up;Espace;1074535
Key Down;Espace;1078920
Key Up;Espace;1079072
Key Down;Left Control;1090799
Key Up;Left Control;1091568
Key Down;D;1091656
Key Up;D;1092064
Key Down;Left Control;1093607
Key Down;D;1095272
Key Up;Left Control;1095320
Key Down;S;1095583
Key Up;D;1096335
Key Up;S;1096471
Key Down;Z;1097151
Key Up;Z;1097904
Key Down;S;1111775
Key Up;S;1112863
Key Down;Left Control;1113983
Key Up;Left Control;1115111
Key Down;S;1115287
Key Up;S;1115583
Key Down;Q;1116911
Key Down;Z;1116935
Key Up;Q;1117271
Key Up;Z;1117279
Key Down;Espace;1135383
Key Up;Espace;1135543
Key Down;S;1135639
Key Down;D;1135831
Key Up;D;1136520
Key Up;S;1137063
Key Down;Q;1141695
Key Down;Espace;1141751
Key Up;Q;1141799
Key Up;Espace;1141911
Key Down;D;1217199
Key Up;D;1217471
Key Down;D;1229118
Key Down;Espace;1229327
Key Up;Espace;1229446
Key Up;D;1230599
Key Down;Z;1236214
Key Down;Q;1236895
Key Up;Z;1237047
Key Up;Q;1237055
Key Down;S;1247654
Key Up;S;1248671
Key Down;D;1258431
Key Down;S;1258583
Key Up;D;1259239
Key Up;S;1260495
Key Down;Q;1261703
Key Down;Z;1261751
Key Up;Z;1261902
Key Up;Q;1262319
Key Down;D;1262647
Key Up;D;1262735
Key Down;S;1266487
Key Up;S;1266807
Key Down;Q;1266951
Key Up;Q;1267023
Key Down;S;1269831
Key Up;S;1270431
Key Down;Z;1274278
Key Down;D;1275223
Key Up;Z;1275535
Key Up;D;1275639
Key Down;Z;1277183
Key Up;Z;1277863
Key Down;Z;1278527
Key Up;Z;1278639
Key Down;S;1288735
Key Up;S;1288895
Key Down;Z;1296023
Key Down;Q;1296239
Key Up;Q;1297159
Key Down;Q;1297535
Key Up;Z;1297559
Key Up;Q;1297567
Key Down;Q;1298391
Key Down;Z;1298543
Key Up;Q;1298551
Key Up;Z;1298599
Key Down;S;1298943
Key Up;S;1298998
Key Down;E;1299679
Key Up;E;1299783
Key Down;D;1303511
Key Up;D;1303575
Key Down;Q;1304774
Key Up;Q;1304846
Key Down;S;1305967
Key Up;S;1306039
Key Down;S;1306559
Key Up;S;1306647
Key Down;D;1312799
Key Down;S;1313055
Key Up;D;1313190
Key Up;S;1313327
Key Down;Z;1316478
Key Up;Z;1316518
Key Down;Q;1318022
Key Up;Q;1318182
Key Down;E;1318463
Key Up;E;1318575
Key Down;F;1320271
Key Up;F;1320367
Key Down;S;1329471
Key Up;S;1329687
Key Down;D;1329702
Key Up;D;1329782
Key Down;S;1331391
Key Up;S;1331575
Key Down;S;1332879
Key Up;S;1333079
Key Down;S;1335399
Key Down;D;1335535
Key Up;S;1335591
Key Up;D;1335671
Key Down;S;1341590
Key Down;D;1341671
Key Up;D;1341926
Key Down;Q;1342511
Key Up;Q;1343318
Key Up;S;1343863
Key Down;Q;1344231
Key Up;Q;1344551
Key Down;F;1346318
Key Up;F;1347031
Key Down;F;1354414
Key Up;F;1354519
Key Down;Z;1368575
Key Up;Z;1369046
Key Down;S;1369527
Key Up;S;1369638
Key Down;S;1370319
Key Up;S;1370726
Key Down;D;1374182
Key Down;Z;1374278
Key Up;D;1374398
Key Up;Z;1374558
Key Down;S;1377911
Key Down;Q;1378606
Key Up;S;1378631
Key Up;Q;1378743
Key Down;Z;1379399
Key Up;Z;1379671
Key Down;Z;1381007
Key Down;D;1381095
Key Up;Z;1381446
Key Up;D;1381526
Key Down;Z;1382431
Key Down;D;1382583
Key Up;Z;1382607
Key Up;D;1382694
Key Down;Q;1384687
Key Down;S;1384918
Key Up;Q;1385254
Key Up;S;1385374
Key Down;D;1385598
Key Up;D;1385735
Key Down;Z;1394215
Key Down;D;1394239
Key Up;Z;1395311
Key Up;D;1395358
Key Down;Q;1395967
Key Up;Q;1396318
Key Down;D;1396478
Key Down;Z;1396622
Key Up;D;1397079
Key Up;Z;1397438
Key Down;S;1399046
Key Up;S;1399614
Key Down;D;1401062
Key Up;D;1401143
Key Down;D;1402142
Key Down;Z;1402150
Key Up;Z;1402247
Key Up;D;1402255
Key Down;Q;1422791
Key Down;S;1423086
Key Up;Q;1424030
Key Up;S;1424366
Key Down;Q;1424999
Key Up;Q;1425150
Key Down;Z;1433615
Key Down;D;1433742
Key Up;D;1434191
Key Up;Z;1434687
Key Down;D;1435055
Key Down;Z;1435062
Key Up;D;1435462
Key Down;Q;1436911
Key Up;Q;1437326
Key Up;Z;1437718
Key Down;S;1441031
Key Up;S;1441414
Key Down;S;1442382
Key Up;S;1442487
Key Down;Q;1447751
Key Down;Z;1447878
Key Up;Q;1448342
Key Up;Z;1448471
Key Down;D;1449814
Key Up;D;1452862
Key Down;S;1452983
Key Down;Q;1453270
Key Up;Q;1453494
Key Up;S;1453807
Key Down;Q;1455334
Key Up;Q;1455455
Key Down;Q;1463151
Key Down;S;1463270
Key Up;Q;1463503
Key Up;S;1463695
Key Down;Q;1467215
Key Down;S;1467414
Key Up;Q;1467814
Key Up;S;1467846
Key Down;Left Control;1468134
Key Up;Left Control;1468894
Key Down;Q;1476150
Key Down;Z;1476294
Key Up;Z;1476502
Key Up;Q;1476670
Key Down;Q;1480894
Key Up;Q;1481310
Key Down;S;1482646
Key Down;Q;1484318
Key Up;S;1484774
Key Up;Q;1485167
Key Down;S;1485190
Key Down;Q;1485310
Key Up;S;1485390
Key Up;Q;1485694
Key Down;D;1485942
Key Up;D;1486062
Key Down;Z;1490582
Key Down;D;1490614
Key Up;D;1491198
Key Up;Z;1491230
Key Down;Q;1491366
Key Up;Q;1491470
Key Down;Q;1494278
Key Down;S;1494398
Key Up;Q;1495006
Key Up;S;1495270
Key Down;Z;1495974
Key Down;D;1495982
Key Up;D;1496102
Key Up;Z;1496134
Key Down;Z;1500110
Key Up;Z;1500462
Key Down;D;1503966
Key Up;D;1504454
Key Down;Z;1505254
Key Down;D;1505558
Key Up;Z;1506358
Key Up;D;1506422
Key Down;S;1510038
Key Up;S;1510166
Key Down;S;1513670
Key Up;S;1513766
Key Down;Z;1515590
Key Up;Z;1515710
Key Down;Z;1521470
Key Down;Q;1522390
Key Up;Q;1522694
Key Up;Z;1522758
Key Down;Q;1523678
Key Down;Z;1523686
Key Up;Q;1524422
Key Up;Z;1524958
Key Down;D;1525254
Key Up;D;1527606
Key Down;S;1529318
Key Up;S;1529638
Key Down;Q;1534214
Key Up;Q;1534349
Key Down;Z;1535742
Key Up;Z;1535950
Key Down;Q;1536870
Key Down;S;1537430
Key Up;Q;1537542
Key Down;D;1537758
Key Up;S;1537798
Key Up;D;1538302
Key Down;D;1540702
Key Up;D;1540806
Key Down;F;1543814
Key Up;F;1545782
Key Down;E;1560229
Key Up;E;1560326
Key Down;E;1562174
Key Up;E;1562318
Key Down;F;1567790
Key Up;F;1567862
Key Down;F;1570446
Key Up;F;1570549
Key Down;Q;1590230
Key Up;Q;1590398
Key Down;Q;1592350
Key Down;Z;1593630
Key Up;Z;1594198
Key Up;Q;1594429
Key Down;D;1603958
Key Down;Z;1606278
Key Up;Z;1606550
Key Up;D;1606725
Key Down;S;1606741
Key Down;Q;1606974
Key Up;S;1607150
Key Up;Q;1607270
Key Down;Q;1607734
Key Down;S;1607853
Key Up;Q;1608014
Key Up;S;1608150
Key Down;Z;1609558
Key Up;Z;1609798
Key Down;Z;1620309
Key Up;Z;1620502
Key Down;S;1621326
Key Up;S;1621926
Key Down;Q;1622782
Key Up;Q;1622918
Key Down;Z;1622950
Key Up;Z;1622965
Key Down;Z;1623334
Key Up;Z;1623478
Key Down;Z;1642901
Key Up;Z;1643054
Key Down;Q;1654293
Key Down;Z;1654406
Key Up;Q;1654502
Key Down;D;1654662
Key Up;Z;1654773
Key Up;D;1654901
Key Down;Q;1655614
Key Down;S;1655918
Key Up;Q;1656213
Key Up;S;1656622
Key Down;Q;1656997
Key Up;Q;1657550
Key Down;S;1657678
Key Down;Q;1657973
Key Up;S;1658021
Key Up;Q;1658326
Key Down;S;1658334
Key Down;D;1658670
Key Up;D;1659037
Key Up;S;1659221
Key Down;Q;1661933
Key Down;Z;1661950
Key Up;Q;1662518
Key Up;Z;1662566
Key Down;Z;1663741
Key Up;Z;1664190
Key Down;Q;1664566
Key Up;Q;1664734
Key Down;S;1681589
Key Up;S;1681789
Key Down;S;1684285
Key Up;S;1684573
Key Down;Z;1685973
Key Up;Z;1686173
Key Down;D;1687166
Key Down;Z;1687310
Key Up;D;1687493
Key Up;Z;1687526
Key Down;G;1745549
Key Up;G;1746069
Key Down;S;1747125
Key Up;S;1747877
Key Down;S;1748581
Key Up;S;1749070
Key Down;Z;1764365
Key Up;Z;1764773
Key Down;S;1765133
Key Up;S;1765190
Key Down;Left Control;1766261
Key Up;Left Control;1766925
Key Down;Q;1769989
Key Up;Q;1770165
Key Down;Left Control;1770573
Key Up;Left Control;1771229
Key Down;Espace;1772749
Key Up;Espace;1772885
Key Down;D;1847733
Key Up;D;1847941
Key Down;E;1852341
Key Up;E;1852413
Key Down;D;1853124
Key Up;D;1853269
Key Down;E;1853549
Key Up;E;1853637
Key Down;Espace;1853861
Key Up;Espace;1853949
Key Down;D;1854357
Key Up;D;1854485
Key Down;S;1854845
Key Up;S;1854925
Key Down;F;1857797
Key Up;F;1858741
Key Down;D;1860085
Key Up;D;1860333
Key Down;Q;1860853
Key Up;Q;1861141
Key Down;Q;1861229
Key Up;Q;1861325
Key Down;D;1861565
Key Up;D;1861645
Key Down;F;1862660
Key Up;F;1863420
Key Down;Right Shift;1867277
Key Down;S;1867460
Key Up;S;1867516
Key Up;Right Shift;1867540
Key Down;E;1868005
Key Up;E;1868061
Key Down;P;1868117
Key Up;P;1868173
Key Down;A;1868725
Key Up;A;1868789
Key Down;R;1869037
Key Up;R;1869085
Key Down;A;1869205
Key Up;A;1869261
Key Down;T;1869324
Key Up;T;1869372
Key Down;O;1875709
Key Up;O;1875773
Key Down;R;1875821
Key Up;R;1875869
Key Down;Z;1892165
Key Down;Q;1892173
Key Up;Q;1892821
Key Up;Z;1893365
Key Down;Z;1893725
Key Down;Q;1893741
Key Up;Z;1894613
Key Up;Q;1894701
Key Down;D;1895092
Key Down;Z;1895125
Key Up;D;1895188
Key Up;Z;1895325
Key Down;Z;1896909
Key Down;Q;1896917
Key Up;Q;1897365
Key Up;Z;1897789
Key Down;D;1898109
Key Down;S;1898133
Key Up;S;1899477
Key Up;D;1900685
Key Down;S;1901293
Key Down;Q;1901709
Key Up;Q;1902213
Key Down;Q;1903141
Key Up;S;1903277
Key Up;Q;1903589
Key Down;S;1904388
Key Up;S;1904933
Key Down;Q;1905221
Key Up;Q;1905373
Key Down;S;1907677
Key Up;S;1907869
Key Down;Z;1908349
Key Up;Z;1909221
Key Down;Z;1910845
Key Down;Q;1911356
Key Up;Q;1911613
Key Up;Z;1911836
Key Down;Q;1922716
Key Down;S;1922725
Key Up;Q;1922941
Key Up;S;1923053
Key Down;S;1930901
Key Up;S;1931245
Key Down;S;1932700
Key Down;D;1932724
Key Up;S;1932964
Key Up;D;1933060
Key Down;D;1936469
Key Up;D;1936588
Key Down;Z;1943605
Key Down;Q;1943917
Key Up;Q;1944125
Key Up;Z;1944188
Key Down;Z;1946653
Key Up;Z;1946860
Key Down;S;1947541
Key Down;D;1947692
Key Up;D;1948060
Key Up;S;1948237
Key Down;S;1954428
Key Down;D;1954549
Key Up;D;1954749
Key Up;S;1954941
Key Down;Q;1955269
Key Up;Q;1955452
Key Down;S;1959868
Key Down;Q;1960068
Key Up;S;1960149
Key Up;Q;1960292
Key Down;Z;1962716
Key Up;Z;1962941
Key Down;S;1963413
Key Up;S;1964053
Key Down;Z;1964653
Key Up;Z;1964805
Key Down;Z;1965773
Key Down;Q;1965796
Key Up;Q;1965916
Key Up;Z;1965924
Key Down;Z;1967276
Key Up;Z;1967541
Key Down;S;1974380
Key Up;S;1974620
Key Down;Z;1975109
Key Up;Z;1975437
Key Down;Z;1978957
Key Down;D;1978965
Key Up;Z;1979100
Key Up;D;1979116
Key Down;D;1980749
Key Up;D;1980909
Key Down;Q;1999373
Key Up;Q;1999749
Key Down;D;1999933
Key Up;D;2000100
Key Down;S;2000277
Key Up;S;2000405
Key Down;Q;2001036
Key Up;Q;2001108
Key Down;D;2004805
Key Down;Z;2004813
Key Up;D;2005181
Key Up;Z;2005189
Key Down;S;2005565
Key Up;S;2005613
Key Down;Q;2011365
Key Down;S;2011420
Key Up;Q;2011685
Key Up;S;2011917
Key Down;Q;2012340
Key Up;Q;2012484
Key Down;S;2012837
Key Up;S;2012996
Key Down;Z;2042652
Key Up;Z;2042900
Key Down;S;2045124
Key Down;Q;2045524
Key Up;S;2045700
Key Up;Q;2045708
Key Down;Z;2046108
Key Down;D;2046332
Key Up;D;2046604
Key Up;Z;2046652
Key Down;S;2054876
Key Down;Q;2055172
Key Up;S;2055197
Key Up;Q;2055292
Key Down;Q;2058580
Key Down;S;2058652
Key Up;S;2058756
Key Up;Q;2058764
Key Down;S;2061804
Key Up;S;2062372
Key Down;S;2062916
Key Up;S;2063028
Key Down;Z;2064988
Key Up;Z;2065676
Key Down;D;2066444
Key Down;Z;2066612
Key Up;D;2066756
Key Up;Z;2066804
Key Down;Z;2067244
Key Up;Z;2067420
Key Down;Z;2068724
Key Up;Z;2068812
Key Down;F;2091204
Key Up;F;2091300
Key Down;Z;2097732
Key Down;D;2098252
Key Up;Z;2098340
Key Up;D;2098412
Key Down;S;2098635
Key Up;S;2098860
Key Down;Q;2099460
Key Down;S;2099596
Key Up;Q;2099836
Key Down;D;2100068
Key Up;S;2100076
Key Up;D;2100204
Key Down;Z;2108772
Key Down;Q;2109516
Key Up;Q;2109724
Key Up;Z;2109916
Key Down;Z;2111116
Key Down;Q;2111340
Key Up;Z;2111620
Key Up;Q;2111652
Key Down;Q;2112068
Key Down;Z;2112180
Key Up;Q;2112268
Key Up;Z;2112388
Key Down;Q;2112555
Key Up;Q;2112644
Key Down;Z;2112700
Key Up;Z;2112804
Key Down;Q;2113172
Key Up;Q;2113268
Key Down;S;2113436
Key Down;Q;2113540
Key Up;S;2113636
Key Up;Q;2114108
Key Down;S;2115116
Key Up;S;2115164
Key Down;D;2115924
Key Up;D;2116180
Key Down;F;2117732
Key Up;F;2117836
Key Down;S;2119596
Key Down;D;2119620
Key Up;D;2120428
Key Up;S;2121348
Key Down;S;2121908
Key Down;D;2121916
Key Up;D;2122115
Key Up;S;2122332
Key Down;Z;2123499
Key Up;Z;2123588
Key Down;Z;2124892
Key Up;Z;2125132
Key Down;S;2128756
Key Up;S;2128852
Key Down;S;2143916
Key Up;S;2144020
Key Down;S;2150748
Key Up;S;2150820
Key Down;D;2153524
Key Down;Z;2153532
Key Up;D;2153876
Key Up;Z;2153908
Key Down;Z;2154260
Key Up;Z;2154460
Key Down;D;2154676
Key Down;S;2154963
Key Up;D;2155043
Key Up;S;2155076
Key Down;Espace;2160804
Key Up;Espace;2160956
Key Down;Q;2191196
Key Up;Q;2191491
Key Down;Espace;2196724
Key Up;Espace;2196867
Key Down;Q;2197779
Key Up;Q;2197948
Key Down;Espace;2198139
Key Up;Espace;2198276
Key Down;Espace;2201139
Key Up;Espace;2201307
Key Down;D;2201507
Key Down;Z;2201708
Key Up;D;2201924
Key Up;Z;2201979
Key Down;Left Control;2202244
Key Up;Left Control;2203459
Key Down;Z;2207475
Key Down;D;2207659
Key Up;Z;2208059
Key Up;D;2208067
Key Down;Z;2213571
Key Down;D;2213811
Key Up;Z;2214028
Key Up;D;2214196
Key Down;Z;2214555
Key Up;Z;2214732
Key Down;Left Control;2214924
Key Down;D;2215484
Key Up;D;2215620
Key Up;Left Control;2215772
Key Down;Z;2219660
Key Down;D;2219699
Key Up;Z;2220211
Key Up;D;2220316
Key Down;Left Control;2220451
Key Up;Left Control;2221324
Key Down;Q;2229019
Key Down;S;2229395
Key Up;S;2229884
Key Down;Z;2231355
Key Up;Q;2231627
Key Up;Z;2231675
Key Down;Q;2232268
Key Down;Z;2232299
Key Up;Q;2232411
Key Up;Z;2232460
Key Down;S;2234715
Key Up;S;2234868
Key Down;Espace;2245875
Key Up;Espace;2246084
Key Down;Espace;2249251
Key Up;Espace;2249411
Key Down;S;2250580
Key Down;D;2250732
Key Down;Espace;2250924
Key Up;Espace;2251107
Key Up;D;2251179
Key Down;D;2251844
Key Up;D;2252788
Key Down;D;2253524
Key Up;D;2253828
Key Up;S;2255476
Key Down;Z;2256427
Key Up;Z;2258188
Key Down;Z;2258987
Key Up;Z;2259915
Key Down;Z;2260220
Key Up;Z;2261604
Key Down;Q;2261868
Key Down;Z;2262123
Key Up;Z;2262524
Key Up;Q;2262795
Key Down;Q;2263419
Key Down;Z;2263475
Key Up;Z;2264843
Key Up;Q;2264947
Key Down;S;2265156
Key Down;D;2265700
Key Up;D;2267228
Key Up;S;2267379
Key Down;Z;2267748
Key Up;Z;2267948
Key Down;S;2268292
Key Down;D;2268595
Key Up;D;2268979
Key Up;S;2269404
Key Down;S;2275460
Key Down;D;2275787
Key Up;D;2276091
Key Down;Q;2277627
Key Up;Q;2277940
Key Down;D;2278660
Key Up;D;2278843
Key Up;S;2279188
Key Down;Z;2283620
Key Up;Z;2283931
Key Down;S;2284668
Key Up;S;2285099
Key Down;Z;2285956
Key Up;Z;2286795
Key Down;S;2287220
Key Up;S;2288099
Key Down;Z;2288884
Key Up;Z;2289556
Key Down;Q;2293267
Key Down;S;2293595
Key Up;Q;2293724
Key Down;D;2294308
Key Up;S;2294452
Key Up;D;2294556
Key Down;Z;2295436
Key Up;Z;2296060
Key Down;Z;2296284
Key Down;D;2296556
Key Up;Z;2296747
Key Up;D;2296763
Key Down;Z;2296979
Key Down;D;2297147
Key Up;D;2297668
Key Down;D;2298156
Key Up;D;2298403
Key Up;Z;2298875
Key Down;Q;2299212
Key Down;Z;2299299
Key Up;Q;2299427
Key Up;Z;2299468
Key Down;Z;2299795
Key Up;Z;2299916
Key Down;D;2304644
Key Down;S;2304652
Key Up;D;2304796
Key Up;S;2304819
Key Down;Espace;2307116
Key Up;Espace;2307259
Key Down;S;2307635
Key Down;D;2307764
Key Up;D;2308475
Key Up;S;2308875
Key Down;Q;2309004
Key Up;Q;2309108
Key Down;Espace;2309548
Key Up;Espace;2309675
Key Down;Z;2314907
Key Up;Z;2315299
Key Down;Z;2315499
Key Up;Z;2315604
Key Down;S;2316443
Key Up;S;2316811
Key Down;S;2317123
Key Up;S;2317267
Key Down;Espace;2322747
Key Up;Espace;2322931
Key Down;Q;2322963
Key Down;Z;2323099
Key Up;Q;2323243
Key Up;Z;2323427
Key Down;D;2323435
Key Up;D;2323555
Key Down;Q;2329963
Key Down;Z;2329971
Key Up;Q;2330107
Key Up;Z;2330243
Key Down;Left Control;2333955
Key Up;Left Control;2334867
Key Down;Z;2341419
Key Up;Z;2341915
Key Down;S;2342331
Key Up;S;2342403
Key Down;S;2342859
Key Up;S;2343083
Key Down;Z;2345307
Key Up;Z;2345531
Key Down;S;2348659
Key Up;S;2349059
Key Down;Z;2349795
Key Up;Z;2349923
Key Down;Z;2350915
Key Down;Q;2351067
Key Up;Q;2351283
Key Up;Z;2351323
Key Down;Z;2353027
Key Down;Q;2353107
Key Up;Z;2353474
Key Up;Q;2353524
Key Down;S;2354235
Key Down;D;2354267
Key Up;D;2355307
Key Up;S;2355435
Key Down;S;2355859
Key Down;D;2356083
Key Up;S;2356291
Key Up;D;2356355
Key Down;D;2358083
Key Down;S;2358107
Key Up;S;2358323
Key Up;D;2358427
Key Down;Q;2358899
Key Down;Z;2358907
Key Up;Q;2359347
Key Up;Z;2359787
Key Down;Z;2360507
Key Down;Q;2360539
Key Up;Q;2360715
Key Up;Z;2360835
Key Down;Q;2369747
Key Down;S;2369819
Key Up;Q;2370147
Key Up;S;2370347
Key Down;S;2373483
Key Up;S;2373923
Key Down;D;2376499
Key Up;D;2376707
Key Down;D;2381211
Key Up;D;2381643
Key Down;Q;2382027
Key Up;Q;2382131
Key Down;S;2382595
Key Up;S;2382707
Key Down;S;2383251
Key Up;S;2383347
Key Down;S;2385043
Key Up;S;2385091
Key Down;Q;2391147
Key Down;Z;2391170
Key Up;Q;2391379
Key Up;Z;2391683
Key Down;Q;2392315
Key Down;Z;2392323
Key Up;Q;2392459
Key Up;Z;2392787
Key Down;Z;2393363
Key Down;D;2393643
Key Up;Z;2393683
Key Up;D;2393779
Key Down;Q;2394571
Key Up;Q;2394691
Key Down;S;2395411
Key Up;S;2395538
Key Down;Q;2436282
Key Up;Q;2436499
Key Down;D;2438210
Key Up;D;2438339
Key Down;Q;2442523
Key Down;Z;2442563
Key Up;Q;2442755
Key Up;Z;2442771
Key Down;Q;2444347
Key Down;S;2444379
Key Up;Q;2444427
Key Up;S;2444434
Key Down;Q;2444819
Key Down;Z;2444843
Key Up;Q;2445051
Key Up;Z;2445315
Key Down;Q;2445442
Key Up;Q;2445707
Key Down;F;2453403
Key Up;F;2453491
Key Down;S;2456179
Key Down;D;2456346
Key Up;D;2456762
Key Down;D;2457179
Key Up;S;2457283
Key Up;D;2457458
Key Down;S;2457962
Key Up;S;2458459
Key Down;S;2459131
Key Up;S;2459531
Key Down;Z;2459770
Key Up;Z;2460211
Key Down;Z;2473107
Key Down;Q;2473826
Key Up;Z;2474002
Key Up;Q;2474218
Key Down;Z;2474571
Key Up;Z;2475154
Key Down;Q;2476427
Key Down;Z;2476490
Key Up;Q;2476658
Key Up;Z;2476738
Key Down;S;2477298
Key Down;D;2477355
Key Up;D;2477810
Key Up;S;2477866
Key Down;Q;2477971
Key Down;Z;2478114
Key Up;Q;2478355
Key Up;Z;2478555
Key Down;S;2502851
Key Down;D;2503043
Key Up;D;2503307
Key Up;S;2503538
Key Down;S;2504139
Key Down;D;2504163
Key Up;D;2504338
Key Up;S;2504922
Key Down;S;2505546
Key Down;D;2505643
Key Up;D;2505987
Key Up;S;2506099
Key Down;D;2507362
Key Down;Z;2507442
Key Up;Z;2507635
Key Up;D;2507715
Key Down;Z;2508650
Key Up;Z;2508707
Key Down;F;2510266
Key Up;F;2511099
Key Down;D;2516683
Key Up;D;2516962
Key Down;Z;2521203
Key Up;Z;2521315
Key Down;S;2528346
Key Up;S;2528467
Key Down;Q;2528531
Key Up;Q;2528586
Key Down;Q;2532355
Key Up;Q;2532762
Key Down;S;2534018
Key Down;Q;2534026
Key Up;Q;2534195
Key Down;Q;2535171
Key Up;Q;2535435
Key Up;S;2535570
Key Down;Z;2538562
Key Up;Z;2538891
Key Down;S;2543146
Key Up;S;2543547
Key Down;Z;2544155
Key Up;Z;2544907
Key Down;S;2548778
Key Up;S;2549099
Key Down;Z;2549730
Key Up;Z;2549834
Key Down;S;2559170
Key Up;S;2559683
Key Down;Z;2560938
Key Up;Z;2561427
Key Down;S;2565106
Key Up;S;2565731
Key Down;Z;2573027
Key Up;Z;2573210
Key Down;S;2573466
Key Up;S;2573795
Key Down;Z;2577554
Key Down;D;2577851
Key Up;D;2578011
Key Up;Z;2578146
Key Down;S;2578594
Key Down;Q;2578618
Key Up;Q;2578883
Key Up;S;2579115
Key Down;Z;2579403
Key Up;Z;2579562
Key Down;Z;2601994
Key Down;D;2602275
Key Up;Z;2602338
Key Up;D;2602426
Key Down;S;2602666
Key Up;S;2602754
Key Down;Left Control;2603034
Key Up;Left Control;2604122
Key Down;Z;2618786
Key Up;Z;2619138
Key Down;Q;2619195
Key Up;Q;2619378
Key Down;S;2619402
Key Up;S;2619682
Key Down;S;2622178
Key Up;S;2622506
Key Down;Z;2625010
Key Up;Z;2625290
Key Down;S;2625538
Key Up;S;2625610
Key Down;S;2628130
Key Up;S;2628210
Key Down;Z;2628690
Key Up;Z;2629058
Key Down;Z;2630298
Key Up;Z;2630426
Key Down;Z;2631258
Key Up;Z;2631386
Key Down;Z;2632346
Key Up;Z;2632554
Key Down;D;2632642
Key Up;D;2632794
Key Down;Z;2632882
Key Up;Z;2633018
Key Down;S;2634274
Key Up;S;2634498
Key Down;Z;2636834
Key Up;Z;2637042
Key Down;Z;2637546
Key Up;Z;2638378
Key Down;S;2640554
Key Up;S;2640762
Key Down;S;2641562
Key Down;D;2641650
Key Up;S;2641906
Key Up;D;2642058
Key Down;Q;2642354
Key Up;Q;2642466
Key Down;Q;2651482
Key Down;S;2651642
Key Up;Q;2651722
Key Up;S;2651994
Key Down;S;2654490
Key Up;S;2654714
Key Down;S;2655546
Key Up;S;2655754
Key Down;S;2656490
Key Up;S;2656578
Key Down;Z;2657202
Key Up;Z;2657250
Key Down;Z;2665530
Key Up;Z;2665642
Key Down;Z;2667066
Key Up;Z;2667250
Key Down;S;2667634
Key Up;S;2667690
Key Down;Z;2669346
Key Down;D;2669466
Key Up;Z;2669538
Key Up;D;2669618
Key Down;Z;2671618
Key Down;D;2671753
Key Up;D;2672002
Key Up;Z;2672130
Key Down;Z;2673418
Key Up;Z;2673634
Key Down;Z;2674153
Key Down;Q;2674594
Key Up;Q;2674810
Key Up;Z;2675321
Key Down;Q;2675417
Key Up;Q;2675578
Key Down;Q;2676650
Key Down;Z;2676666
Key Up;Q;2676794
Key Up;Z;2676810
Key Down;S;2678074
Key Down;D;2679050
Key Up;S;2679274
Key Up;D;2679442
Key Down;S;2681146
Key Up;S;2681377
Key Down;D;2681898
Key Up;D;2682250
Key Down;Z;2683602
Key Up;Z;2684066
Key Down;D;2684081
Key Down;Z;2684482
Key Up;D;2685866
Key Up;Z;2686146
Key Down;Q;2686426
Key Down;Z;2686578
Key Up;Q;2686714
Key Up;Z;2686754
Key Down;Espace;2688970
Key Up;Espace;2689146
