Event;Key;Time
Key Down;Left Alt;2891
Key Down;Tab;2987
Key Up;Tab;3099
Key Down;Tab;3699
Key Up;Tab;3763
Key Up;Left Alt;3875
Key Down;Right Shift;14179
Key Down;Barre oblique;14291
Key Up;Right Shift;14347
Key Up;Barre oblique;14379
Key Down;S;15891
Key Up;S;15955
Key Down;I;16187
Key Up;I;16243
Key Down;M;16507
Key Up;M;16571
Key Down;P;16683
Key Up;P;16739
Key Down;L;16859
Key Up;L;16915
Key Down;E;16979
Key Up;E;17035
Key Down;S;17723
Key Up;S;17795
Key Down;T;17907
Key Up;T;17971
Key Down;A;17987
Key Up;A;18051
Key Down;T;18131
Key Up;T;18187
Key Down;S;18195
Key Up;S;18251
Key Down;Entrée;18955
Key Up;Entrée;19010
Key Down;Echap;20235
Key Up;Echap;20331
Key Down;S;22803
Key Down;D;22979
Key Up;D;23315
Key Up;S;23403
Key Down;S;23819
Key Down;D;23971
Key Up;S;24075
Key Down;Q;24195
Key Down;Z;24235
Key Up;D;24258
Key Up;Q;24354
Key Up;Z;24386
Key Down;D;24410
Key Up;D;24514
Key Down;S;24562
Key Down;D;24747
Key Up;S;24779
Key Down;Q;24875
Key Up;D;24907
Key Down;Z;24971
Key Up;Q;25043
Key Down;D;25107
Key Up;Z;25123
Key Up;D;25243
Key Down;S;25283
Key Down;D;25483
Key Up;D;25531
Key Down;Q;25539
Key Up;S;25547
Key Up;Q;25659
Key Down;S;26003
Key Up;S;26107
Key Down;D;26259
Key Up;D;26355
Key Down;S;26363
Key Up;S;26459
Key Down;D;27427
Key Up;D;27810
Key Down;Q;27898
Key Down;Z;28115
Key Up;Q;28219
Key Down;D;28347
Key Up;Z;28355
Key Up;D;28651
Key Down;S;28675
Key Down;Q;29035
Key Up;Q;29218
Key Down;D;29338
Key Up;S;29394
Key Up;D;29771
Key Down;Q;29939
Key Down;Z;30091
Key Up;Q;30139
Key Down;D;30283
Key Up;Z;30395
Key Up;D;30586
Key Down;Z;31083
Key Up;Z;31291
Key Down;S;31523
Key Down;D;31938
Key Up;D;32210
Key Up;S;32251
Key Down;S;35467
Key Down;D;35731
Key Up;S;35851
Key Down;Q;35891
Key Up;D;35979
Key Down;Z;36091
Key Up;Q;36202
Key Down;D;36266
Key Up;Z;36298
Key Up;D;36386
Key Down;Echap;36787
Key Up;Echap;36843
Key Down;Echap;38803
Key Up;Echap;38922
Key Down;Left Alt;39731
Key Up;Left Alt;39899
Key Down;D;41155
Key Down;Z;41419
Key Up;D;41994
Key Up;Z;42515
Key Down;Tab;44379
Key Up;Tab;45795
Key Down;Z;45874
Key Down;Q;46162
Key Up;Z;46307
Key Down;S;46939
Key Up;S;47099
Key Up;Q;47442
Key Down;D;48962
Key Up;D;49074
Key Down;Z;49082
Key Down;A;49795
Key Up;A;49907
Key Up;Z;49987
Key Down;Q;50130
Key Down;Z;50547
Key Up;Q;50651
Key Up;Z;51083
Key Down;Z;51587
Key Down;Q;51627
Key Up;Z;51779
Key Up;Q;51939
Key Down;D;51995
Key Down;S;52186
Key Up;D;52402
Key Down;D;52514
Key Up;S;52530
Key Down;Z;52803
Key Up;Z;53099
Key Down;Z;53642
Key Up;Z;54002
Key Down;Z;54099
Key Up;D;54419
Key Up;Z;54499
Key Down;D;54859
Key Down;Z;54891
Key Up;Z;54962
Key Up;D;54986
Key Down;Z;56690
Key Down;Q;56915
Key Up;Q;57275
Key Up;Z;57291
Key Down;D;57331
Key Down;S;57483
Key Up;D;57603
Key Down;Q;58066
Key Up;Q;58114
Key Up;S;58138
Key Down;Z;59859
Key Down;D;60011
Key Up;D;60155
Key Up;Z;60531
Key Down;S;60850
Key Down;Q;61531
Key Up;Q;61603
Key Up;S;61699
Key Down;Z;62418
Key Down;Q;62643
Key Up;Q;62883
Key Down;D;62907
Key Up;Z;62923
Key Down;Q;62971
Key Up;Q;63075
Key Up;D;63171
Key Down;Z;63674
Key Down;Q;63826
Key Up;Z;64139
Key Up;Q;64275
Key Down;S;65018
Key Up;S;65218
Key Down;S;65515
Key Down;D;65563
Key Up;S;65635
Key Down;S;65819
Key Up;D;65979
Key Up;S;66123
Key Down;Z;68162
Key Up;Z;68339
Key Down;A;68387
Key Up;A;68459
Key Down;S;68763
Key Up;S;68907
Key Down;S;69218
Key Down;Q;69354
Key Up;Q;69410
Key Up;S;69418
Key Down;Q;69915
Key Down;S;69955
Key Up;Q;70019
Key Up;S;70067
Key Down;Z;70563
Key Down;D;70611
Key Up;Z;70859
Key Up;D;70882
Key Down;Q;71475
Key Up;Q;71546
Key Down;S;71722
Key Up;S;71859
Key Down;S;72099
Key Down;Q;72227
Key Up;S;72282
Key Down;Z;72779
Key Up;Z;72915
Key Down;S;73107
Key Up;S;73499
Key Down;Z;74546
Key Up;Q;74746
Key Down;A;74955
Key Up;A;75066
Key Down;Q;75370
Key Up;Z;75627
Key Up;Q;75746
Key Down;Q;75907
Key Up;Q;75978
Key Down;S;77299
Key Down;D;77323
Key Up;S;77843
Key Up;D;78027
Key Down;Q;78075
Key Up;Q;78115
Key Down;D;78171
Key Up;D;78218
Key Down;D;78386
Key Up;D;78435
Key Down;Q;78579
Key Up;Q;78659
Key Down;Q;78979
Key Up;Q;79011
Key Down;Q;79363
Key Down;Z;79643
Key Up;Z;79811
Key Up;Q;79994
Key Down;Z;80002
Key Up;Z;80090
Key Down;A;80306
Key Up;A;80386
Key Down;S;81171
Key Down;D;81235
Key Up;S;81498
Key Up;D;81714
Key Down;Q;81954
Key Up;Q;82011
Key Down;S;82130
Key Down;Q;82219
Key Up;Q;82346
Key Up;S;82675
Key Down;Q;83034
Key Up;Q;83267
Key Down;Q;83611
Key Down;Z;83699
Key Up;Q;84315
Key Down;A;84747
Key Up;A;84842
Key Down;D;84891
Key Up;Z;84986
Key Up;D;85155
Key Down;S;85691
Key Down;D;85850
Key Up;S;85915
Key Down;Z;86195
Key Up;Z;86715
Key Up;D;87370
Key Down;S;87779
Key Down;D;87851
Key Up;S;87907
Key Up;D;88147
Key Down;Z;88243
Key Down;D;88283
Key Up;Z;88490
Key Down;Z;89155
Key Up;Z;89267
Key Up;D;89738
Key Down;D;90170
Key Down;Z;90234
Key Up;Z;90715
Key Down;S;91491
Key Up;S;92075
Key Down;Z;92234
Key Up;D;92347
Key Down;Q;92867
Key Up;Z;92963
Key Down;S;93162
Key Up;Q;93219
Key Down;D;93331
Key Up;S;94043
Key Down;Q;94195
Key Up;D;94203
Key Down;Z;94338
Key Up;Z;94523
Key Down;Z;94594
Key Up;Z;94922
Key Down;S;95155
Key Up;Q;95587
Key Up;S;95699
Key Down;D;95715
Key Down;Z;95819
Key Up;D;95866
Key Down;Q;95882
Key Up;Z;95954
Key Down;S;96067
Key Up;Q;96122
Key Down;D;96147
Key Up;D;96299
Key Down;Q;96355
Key Up;S;96427
Key Down;D;96466
Key Down;S;96555
Key Up;Q;96627
Key Up;S;96675
Key Down;Z;96931
Key Up;D;97082
Key Down;Q;97090
Key Up;Q;97403
Key Down;D;97434
Key Up;Z;97682
Key Down;Z;97939
Key Up;D;98130
Key Down;Q;98707
Key Up;Z;99259
Key Down;S;99810
Key Up;S;100419
Key Down;S;100722
Key Up;Q;100866
Key Up;S;101002
Key Down;D;101163
Key Down;Z;101355
Key Up;D;101450
Key Up;Z;101539
Key Down;Q;101907
Key Up;Q;102107
Key Down;Q;102243
Key Down;Z;102339
Key Up;Q;102395
Key Down;D;102770
Key Down;A;102818
Key Up;A;102923
Key Up;Z;102947
Key Up;D;103042
Key Down;S;103819
Key Down;Q;103962
Key Up;Q;104114
Key Down;Q;104474
Key Up;Q;104611
Key Down;D;104858
Key Down;A;105074
Key Up;A;105163
Key Up;S;105187
Key Up;D;105899
Key Down;D;105938
Key Up;D;107827
Key Down;D;108227
Key Down;Z;108306
Key Up;D;108442
Key Down;D;108963
Key Up;D;109074
Key Down;A;110419
Key Up;A;110522
Key Down;D;110811
Key Up;Z;111018
Key Down;Z;111154
Key Up;Z;111266
Key Down;Z;111539
Key Up;D;111586
Key Up;Z;111618
Key Down;Q;112099
Key Up;Q;112723
Key Down;S;113042
Key Up;S;113099
Key Down;Z;113626
Key Down;D;113730
Key Up;Z;114138
Key Down;Z;115490
Key Down;Q;115514
Key Up;D;115538
Key Up;Z;115586
Key Down;Z;115850
Key Up;Q;116115
Key Down;Q;116435
Key Up;Q;116682
Key Down;D;116722
Key Up;D;117147
Key Down;D;117322
Key Up;Z;118363
Key Down;Z;119178
Key Up;D;119307
Key Up;Z;119363
Key Down;Q;119419
Key Down;Z;120906
Key Up;Q;121002
Key Down;D;121115
Key Up;Z;121426
Key Down;S;122155
Key Up;D;122211
Key Down;Q;122258
Key Up;S;122298
Key Up;Q;122642
Key Down;S;122682
Key Up;S;122819
Key Down;A;123226
Key Up;A;123338
Key Down;A;126650
Key Up;A;126763
Key Down;D;129610
Key Down;Z;129755
Key Up;Z;129907
Key Up;D;129947
Key Down;D;130323
Key Down;S;130403
Key Up;D;130466
Key Down;D;130707
Key Up;S;130714
Key Down;Z;130922
Key Up;Z;131650
Key Down;S;132019
Key Up;S;132186
Key Up;D;132227
Key Down;Z;133002
Key Up;Z;133282
Key Down;D;133363
Key Down;A;133563
Key Up;D;133587
Key Up;A;133674
Key Down;D;133699
Key Up;D;133850
Key Down;S;134043
Key Up;S;134114
Key Down;D;134162
Key Down;S;134467
Key Up;D;134474
Key Up;S;134674
Key Down;S;135002
Key Down;Q;135443
Key Up;Q;135987
Key Down;D;136130
Key Up;S;136162
Key Down;Z;136322
Key Up;D;136546
Key Down;A;136771
Key Up;A;136898
Key Down;Q;137290
Key Up;Z;137362
Key Up;Q;137587
Key Down;S;138090
Key Down;D;138355
Key Up;D;138498
Key Up;S;139683
Key Down;A;142754
Key Up;A;142875
Key Down;S;143298
Key Down;Q;143314
Key Up;Q;143474
Key Up;S;143754
Key Down;S;144066
Key Down;Q;144243
Key Up;Q;144299
Key Down;D;144706
Key Up;D;144802
Key Up;S;145690
Key Down;S;146251
Key Up;S;146339
Key Down;D;146346
Key Down;Z;146515
Key Up;D;146587
Key Down;Q;146906
Key Up;Q;147050
Key Down;Q;147250
Key Up;Z;147355
Key Up;Q;147659
Key Down;S;147754
Key Up;S;147907
Key Down;S;148362
Key Down;Q;148650
Key Up;S;148723
Key Up;Q;148842
Key Down;S;149074
Key Down;D;149171
Key Up;S;149202
Key Up;D;149562
Key Down;Q;150922
Key Down;Z;150978
Key Up;Z;151459
Key Up;Q;151842
Key Down;D;152379
Key Down;S;152978
Key Up;D;153179
Key Down;D;153498
Key Up;D;153554
Key Up;S;153962
Key Down;D;153986
Key Up;D;154170
Key Down;Q;157858
Key Down;Z;157954
Key Up;Q;157994
Key Up;Z;158090
Key Down;E;158186
Key Up;E;158259
Key Down;S;158523
Key Down;Q;159682
Key Up;S;159818
Key Down;Z;160307
Key Up;Z;160787
Key Down;S;161466
Key Up;Q;161514
Key Down;A;161682
Key Up;A;161763
Key Down;Q;162378
Key Up;S;162467
Key Up;Q;163139
Key Down;Q;163554
Key Down;Z;163658
Key Up;Z;164202
Key Up;Q;164323
Key Down;D;164338
Key Down;Z;164498
Key Up;D;164826
Key Down;A;165370
Key Up;A;165499
Key Down;Q;165746
Key Up;Z;166394
Key Up;Q;167338
Key Down;A;167507
Key Up;A;167594
Key Down;Q;167786
Key Down;S;168131
Key Up;S;168250
Key Up;Q;168898
Key Down;A;169123
Key Up;A;169211
Key Down;D;170602
Key Up;D;171266
Key Down;Q;172595
Key Down;S;172690
Key Up;Q;172739
Key Up;S;172931
Key Down;S;173042
Key Down;Q;173083
Key Up;Q;173579
Key Down;D;173618
Key Up;S;173674
Key Down;A;173810
Key Up;D;173842
Key Up;A;173899
Key Down;D;174458
Key Down;Z;174578
Key Up;D;174930
Key Up;Z;174938
Key Down;Q;175418
Key Down;S;175586
Key Up;Q;175875
Key Up;S;176179
Key Down;Z;177354
Key Up;Z;177482
Key Down;S;177642
Key Up;S;178378
Key Down;Z;179339
Key Down;Q;179346
Key Up;Q;180050
Key Up;Z;180162
Key Down;Tab;180290
Key Up;Tab;181978
Key Down;Z;182443
Key Down;Q;184202
Key Up;Z;184866
Key Down;Z;185066
Key Up;Q;185650
Key Down;D;186746
Key Up;Z;187443
Key Down;Z;187811
Key Up;Z;188082
Key Up;D;188458
Key Down;Q;188514
Key Up;Q;188682
Key Down;S;189322
Key Down;Q;189394
Key Up;S;189578
Key Up;Q;189762
Key Down;Q;190082
Key Down;Z;190610
Key Up;Q;190850
Key Down;A;191098
Key Up;A;191194
Key Up;Z;191274
Key Down;Q;191354
Key Down;Z;191427
Key Up;Z;191570
Key Down;Z;191706
Key Up;Q;192042
Key Down;Q;192434
Key Up;Q;192546
Key Up;Z;192810
Key Down;S;192946
Key Down;D;193370
Key Up;S;193730
Key Down;A;194027
Key Up;D;194082
Key Up;A;194130
Key Down;Z;194347
Key Up;Z;194642
Key Down;Z;194794
Key Up;Z;194930
Key Down;Z;195666
Key Down;D;196226
Key Up;D;196482
Key Down;D;196634
Key Up;D;197266
Key Down;Q;197298
Key Up;Q;197419
Key Down;D;197475
Key Up;Z;197482
Key Down;S;197779
Key Up;D;197802
Key Down;Q;197914
Key Up;S;198394
Key Down;S;198650
Key Up;Q;199082
Key Up;S;199386
Key Down;S;199522
Key Up;S;199618
Key Down;Q;199778
Key Down;Z;199914
Key Up;Q;200018
Key Down;D;200418
Key Up;Z;200954
Key Up;D;201131
Key Down;Q;201146
Key Down;S;201266
Key Up;S;201555
Key Down;D;201722
Key Up;Q;201730
Key Down;Z;201738
Key Up;Z;202138
Key Down;A;202443
Key Up;A;202538
Key Down;S;202754
Key Up;S;203298
Key Up;D;203610
Key Down;D;204714
Key Down;A;205050
Key Up;A;205147
Key Up;D;205250
Key Down;D;205650
Key Down;S;205770
Key Up;S;205810
Key Up;D;205834
Key Down;Q;206906
Key Down;Z;207186
Key Up;Q;207210
Key Up;Z;207258
Key Down;E;207730
Key Up;E;207794
Key Down;D;208050
Key Down;S;208234
Key Up;D;208658
Key Up;S;209602
Key Down;S;210066
Key Down;D;210322
Key Up;S;210386
Key Up;D;211042
Key Down;A;213562
Key Up;A;213690
Key Down;Z;213922
Key Down;D;213954
Key Up;Z;214002
Key Down;Z;215186
Key Up;D;215242
Key Up;Z;215978
Key Down;D;216210
Key Up;D;216298
Key Down;S;216346
Key Up;S;216450
Key Down;Z;216826
Key Up;Z;217066
Key Down;Z;218546
Key Up;Z;218778
Key Down;A;220282
Key Up;A;220370
Key Down;Z;220450
Key Up;Z;220850
Key Down;S;221106
Key Down;D;221938
Key Up;D;222042
Key Up;S;222210
Key Down;Z;227658
Key Down;Q;227674
Key Up;Q;227785
Key Up;Z;228418
Key Down;S;228714
Key Down;D;229401
Key Up;D;229490
Key Up;S;229786
Key Down;Q;229866
Key Up;Q;229946
Key Down;Z;230082
Key Up;Z;230346
Key Down;S;230474
Key Up;S;230754
Key Down;A;230906
Key Up;A;230994
Key Down;Z;232274
Key Up;Z;232650
Key Down;D;232826
Key Up;D;233634
Key Down;Q;234226
Key Up;Q;234298
Key Down;Q;234490
Key Down;Z;234546
Key Up;Q;234562
Key Up;Z;234602
Key Down;A;235107
Key Up;A;235218
Key Down;Q;236330
Key Up;Q;236418
Key Down;D;236842
Key Up;D;236994
Key Down;D;237522
Key Up;D;237962
Key Down;Q;238194
Key Up;Q;238362
Key Down;Q;238682
Key Down;S;238738
Key Up;Q;238817
Key Up;S;239169
Key Down;D;239458
Key Down;Z;240065
Key Up;D;240562
Key Down;D;241178
Key Up;Z;241225
Key Down;Z;242426
Key Up;D;242522
Key Up;Z;242578
Key Down;D;243162
Key Down;Z;243314
Key Up;D;243370
Key Down;D;244730
Key Up;Z;244858
Key Down;Z;245754
Key Up;D;245913
Key Up;Z;246002
Key Down;D;248274
Key Up;D;248330
Key Down;S;248786
Key Down;Q;248858
Key Up;S;248930
Key Up;Q;249121
Key Down;Q;249674
Key Up;Q;249746
Key Down;D;249850
Key Up;D;250242
Key Down;Q;250258
Key Up;Q;250449
Key Down;D;250473
Key Down;Z;250706
Key Up;D;250842
Key Up;Z;250874
Key Down;A;251058
Key Up;A;251154
Key Down;Q;252026
Key Down;S;252058
Key Up;S;252170
Key Down;S;252626
Key Up;Q;252729
Key Up;S;252834
Key Down;D;252922
Key Up;D;253122
Key Down;D;253218
Key Down;Z;253474
Key Up;D;253586
Key Down;Q;253746
Key Up;Z;253786
Key Up;Q;253930
Key Down;S;254569
Key Down;D;254921
Key Up;S;255017
Key Down;Z;255354
Key Up;D;255474
Key Up;Z;255610
Key Down;A;256370
Key Up;A;256474
Key Down;Q;257409
Key Down;Z;257434
Key Up;Q;257466
Key Down;D;257538
Key Up;Z;257762
Key Down;Z;258034
Key Up;D;258666
Key Down;D;259098
Key Up;D;259154
Key Down;Q;259378
Key Up;Q;259450
Key Down;D;259513
Key Up;Z;259578
Key Down;S;259834
Key Up;S;259914
Key Down;Z;260034
Key Up;D;260322
Key Up;Z;260362
Key Down;Q;261570
Key Down;Z;261609
Key Up;Z;261898
Key Up;Q;262106
Key Down;D;262426
Key Down;S;262490
Key Up;S;262546
Key Down;Z;262674
Key Up;D;262746
Key Down;A;263122
Key Up;A;263226
Key Up;Z;263458
Key Down;Z;267154
Key Down;Q;267482
Key Up;Z;268058
Key Down;Z;268522
Key Up;Z;268754
Key Up;Q;268866
Key Down;D;268922
Key Down;S;269033
Key Up;S;270074
Key Up;D;270122
Key Down;Z;270306
Key Up;Z;270458
Key Down;E;270530
Key Up;E;270658
Key Down;D;272570
Key Down;S;272610
Key Up;D;273049
Key Down;D;273626
Key Up;S;273778
Key Up;D;275146
Key Down;S;275762
Key Down;D;275778
Key Up;S;275986
Key Up;D;276258
Key Down;E;277090
Key Up;E;277162
Key Down;D;284554
Key Down;Z;284778
Key Up;Z;284930
Key Up;D;285130
Key Down;D;285393
Key Up;D;286642
Key Down;D;287097
Key Down;Z;287425
Key Up;D;287553
Key Up;Z;287569
Key Down;S;287810
Key Down;D;288154
Key Up;S;288442
Key Down;Z;288938
Key Down;A;289018
Key Up;A;289098
Key Up;Z;289114
Key Up;D;289242
Key Down;D;289810
Key Down;Z;290001
Key Up;D;290378
Key Up;Z;290489
Key Down;A;292090
Key Up;A;292218
Key Down;Z;292794
Key Up;Z;293257
Key Down;S;293890
Key Down;Q;294474
Key Up;S;294794
Key Down;Z;295130
Key Up;Q;295562
Key Down;Q;296193
Key Up;Q;296378
Key Down;D;297361
Key Up;D;297442
Key Down;Q;298553
Key Up;Z;298873
Key Down;D;298946
Key Up;Q;298969
Key Down;Z;299098
Key Up;D;299513
Key Down;A;300082
Key Up;A;300177
Key Up;Z;300258
Key Down;D;300369
Key Down;S;300498
Key Up;D;300826
Key Down;Q;301001
Key Up;S;301017
Key Down;Z;301169
Key Up;Z;301314
Key Down;S;301834
Key Up;S;301874
Key Up;Q;302186
Key Down;S;302202
Key Down;D;302225
Key Up;S;302250
Key Down;Z;302474
Key Up;D;302674
Key Down;A;302954
Key Up;Z;302986
Key Up;A;303018
Key Down;D;303154
Key Up;D;303194
Key Down;Z;303441
Key Down;Q;303569
Key Up;Z;303690
Key Down;S;304065
Key Up;Q;304090
Key Down;D;304297
Key Up;D;304481
Key Down;Q;304761
Key Up;Q;304890
Key Up;S;305082
Key Down;Z;305394
Key Down;Q;305538
Key Up;Q;305922
Key Up;Z;305938
Key Down;D;306218
Key Down;Z;306426
Key Up;D;306746
Key Down;A;307106
Key Up;A;307201
Key Up;Z;307258
Key Down;Q;307402
Key Down;S;307858
Key Up;S;308178
Key Up;Q;309145
Key Down;Z;309474
Key Down;Q;309538
Key Up;Q;309673
Key Down;Q;310409
Key Up;Q;310514
Key Down;A;311201
Key Up;A;311322
Key Down;Q;311834
Key Up;Q;312249
Key Down;Q;312281
Key Up;Z;312290
Key Up;Q;312433
Key Down;D;312474
Key Down;Z;312530
Key Up;Z;312874
Key Down;S;313074
Key Up;D;313433
Key Up;S;313458
Key Down;Q;313609
Key Up;Q;313809
Key Down;S;314153
Key Up;S;314266
Key Down;S;315122
Key Up;S;315178
Key Down;S;315514
Key Down;Q;315722
Key Up;S;315754
Key Up;Q;316306
Key Down;D;316914
Key Down;S;317018
Key Up;S;317114
Key Up;D;317354
Key Down;Q;317642
Key Up;Q;317737
Key Down;Q;318026
Key Up;Q;318105
Key Down;D;318322
Key Up;D;318930
Key Down;Z;319794
Key Up;Z;319929
Key Down;Z;320305
Key Down;Q;320521
Key Up;Z;320553
Key Up;Q;320690
Key Down;D;321690
Key Down;Z;321946
Key Up;D;322082
Key Down;D;322202
Key Up;D;322497
Key Down;D;322649
Key Up;D;323145
Key Up;Z;323153
Key Down;S;323362
Key Down;Q;323458
Key Up;Q;323794
Key Down;A;324041
Key Up;A;324130
Key Up;S;324217
Key Down;Z;324433
Key Up;Z;324617
Key Down;Q;324889
Key Down;S;325250
Key Up;S;325346
Key Up;Q;325426
Key Down;A;326241
Key Up;A;326329
Key Down;Z;327569
Key Up;Z;328042
Key Down;Z;328410
Key Up;Z;328954
Key Down;Q;328969
Key Down;Z;329322
Key Up;Q;329370
Key Down;D;329418
Key Up;Z;329474
Key Up;D;329610
Key Down;Q;329770
Key Down;Z;329778
Key Up;Z;329858
Key Up;Q;330674
Key Down;D;332722
Key Up;D;333218
Key Down;Z;335986
Key Down;Q;336074
Key Up;Z;336081
Key Down;S;337633
Key Up;Q;337817
Key Down;A;338082
Key Up;A;338202
Key Down;Q;338481
Key Up;Q;338633
Key Down;Q;339225
Key Up;S;339513
Key Down;S;339817
Key Up;S;339946
Key Up;Q;340834
Key Down;Q;341354
Key Up;Q;341433
Key Down;Q;342049
Key Down;Z;342425
Key Up;Q;342498
Key Up;Z;342610
Key Down;E;342665
Key Up;E;342778
Key Down;E;347026
Key Up;E;347137
Key Down;D;347665
Key Down;S;347689
Key Up;D;347778
Key Up;S;347817
Key Down;A;350946
Key Up;A;351034
Key Down;Z;351985
Key Down;Q;352226
Key Up;Q;352346
Key Down;Q;352890
Key Up;Q;352961
Key Up;Z;355258
Key Down;Tab;356602
Key Up;Tab;358314
Key Down;Tab;358769
Key Up;Tab;359961
Key Down;S;360338
Key Up;S;362105
Key Down;Tab;362162
Key Up;Tab;364985
Key Down;S;365410
Key Down;D;366897
Key Up;D;367841
Key Down;Q;368098
Key Up;Q;368210
Key Down;Q;371282
Key Up;S;371985
Key Down;Z;372241
Key Up;Q;372386
Key Up;Z;372489
Key Down;D;374177
Key Down;Z;374513
Key Up;D;374617
Key Down;Q;374865
Key Up;Z;374906
Key Up;Q;375106
Key Down;E;378481
Key Up;E;378601
Key Down;S;378834
Key Down;Q;379058
Key Up;S;379265
Key Down;S;379826
Key Up;Q;379865
Key Down;D;380089
Key Up;S;380145
Key Down;S;380417
Key Up;D;380690
Key Down;Q;380873
Key Up;Q;381354
Key Up;S;381482
Key Down;Tab;381673
Key Up;Tab;382745
Key Down;D;382794
Key Down;S;382946
Key Up;S;383297
Key Up;D;385698
Key Down;S;385721
Key Up;S;385850
Key Down;Q;386026
Key Down;Z;386138
Key Up;Q;386217
Key Down;D;386809
Key Up;Z;387521
Key Down;Z;387561
Key Up;Z;387778
Key Up;D;388746
Key Down;Tab;389138
Key Up;Tab;391289
Key Down;Q;391922
Key Up;Q;392049
Key Down;Q;392402
Key Down;Z;393362
Key Up;Q;393962
Key Down;Q;394545
Key Up;Z;394721
Key Up;Q;397090
Key Down;Q;398258
Key Down;Z;398554
Key Up;Q;398642
Key Up;Z;398698
Key Down;Q;398898
Key Up;Q;399282
Key Down;E;399385
Key Up;E;399481
Key Down;Z;399778
Key Up;Z;400593
Key Down;D;400633
Key Up;D;401537
Key Down;Espace;403657
Key Down;D;403746
Key Up;Espace;403754
Key Up;D;403977
Key Down;Z;404009
Key Up;Z;404042
Key Down;D;404065
Key Down;Z;404297
Key Up;D;404306
Key Up;Z;404609
Key Down;E;404818
Key Up;E;404929
Key Down;Z;405106
Key Up;Z;405281
Key Down;D;405761
Key Up;D;405881
Key Down;S;406089
Key Down;D;406106
Key Up;S;406122
Key Up;D;407642
Key Down;D;408146
Key Up;D;408369
Key Down;Tab;409034
Key Up;Tab;410642
Key Down;Tab;411401
Key Up;Tab;414282
Key Down;Z;415074
Key Down;Q;416177
Key Up;Z;416426
Key Down;Z;416969
Key Up;Q;417089
Key Up;Z;417201
Key Down;E;417497
Key Up;E;417577
Key Down;S;418881
Key Up;S;419129
Key Down;Z;419433
Key Up;Z;419705
Key Down;S;420050
Key Down;Tab;420401
Key Up;S;420417
Key Up;Tab;422513
Key Down;Q;423377
Key Down;Z;424034
Key Up;Z;424513
Key Down;S;425769
Key Up;S;425929
Key Down;E;426233
Key Up;Q;426250
Key Up;E;426313
Key Down;Q;426521
Key Down;S;426722
Key Up;Q;427073
Key Up;S;427801
Key Down;E;429057
Key Up;E;429162
Key Down;Q;429641
Key Up;Q;429674
Key Down;S;429697
Key Down;Q;429810
Key Up;S;429929
Key Down;S;430249
Key Up;S;430401
Key Up;Q;432969
Key Down;Z;434026
Key Up;Z;434201
Key Down;D;435058
Key Up;D;435153
Key Down;Z;435450
Key Up;Z;435522
Key Down;D;439017
Key Down;Tab;439449
Key Up;D;439457
Key Up;Tab;444065
Key Down;D;444978
Key Up;D;445489
Key Down;D;448281
Key Up;D;448817
Key Down;A;449378
Key Up;A;449506
Key Down;D;450058
Key Up;D;451617
Key Down;D;463937
Key Up;D;465193
Key Down;Q;465777
Key Up;Q;465873
Key Down;Q;466169
Key Down;Z;466249
Key Up;Q;466385
Key Up;Z;466601
Key Down;Q;466785
Key Down;Z;466833
Key Up;Q;466897
Key Down;Q;467705
Key Up;Q;467793
Key Up;Z;467865
Key Down;Q;467985
Key Up;Q;468050
Key Down;Q;468177
Key Up;Q;468225
Key Down;Q;468433
Key Down;S;468553
Key Up;Q;468625
Key Up;S;468705
Key Down;D;468713
Key Up;D;468841
Key Down;S;469041
Key Down;D;469129
Key Up;D;469281
Key Up;S;469433
Key Down;Z;469545
Key Down;Q;469849
Key Up;Q;469961
Key Down;D;470001
Key Up;D;470145
Key Up;Z;470169
Key Down;Q;470201
Key Up;Q;470449
Key Down;S;470649
Key Up;S;470809
Key Down;D;470817
Key Down;S;470889
Key Up;D;470946
Key Down;Q;471329
Key Up;Q;471658
Key Down;D;471993
Key Up;D;472153
Key Down;D;473002
Key Up;D;473466
Key Up;S;473681
Key Down;D;473705
Key Up;D;473865
Key Down;S;474073
Key Down;D;474385
Key Up;S;474641
Key Up;D;474737
Key Down;Q;474769
Key Up;Q;475009
Key Down;Z;475017
Key Down;Q;475401
Key Up;Q;475529
Key Down;D;475753
Key Up;Z;476569
Key Up;D;476689
Key Down;Q;476953
Key Up;Q;477009
Key Down;D;477505
Key Up;D;477809
Key Down;S;477841
Key Up;S;478001
Key Down;D;478105
Key Up;D;478153
Key Down;S;478225
Key Up;S;478361
Key Down;Q;478393
Key Up;Q;478457
Key Down;S;478473
Key Down;D;478625
Key Up;D;478777
Key Up;S;479241
Key Down;D;479305
Key Down;Z;479353
Key Up;D;479369
Key Up;Z;479753
Key Down;D;479801
Key Down;Z;479841
Key Up;Z;479977
Key Down;Z;480225
Key Up;Z;480497
Key Down;S;480873
Key Down;Q;481201
Key Up;D;481217
Key Up;S;481273
Key Down;S;481497
Key Up;S;481577
Key Down;Z;481721
Key Up;Q;481817
Key Down;D;482289
Key Up;D;482425
Key Up;Z;482513
Key Down;Q;482561
Key Up;Q;482921
Key Down;D;482985
Key Up;D;483169
Key Down;Q;483193
Key Down;Z;483841
Key Up;Q;483865
Key Down;D;484145
Key Up;Z;484185
Key Down;S;484362
Key Up;D;484449
Key Down;D;484665
Key Up;D;484809
Key Up;S;484921
Key Down;Q;484945
Key Up;Q;485321
Key Down;S;485473
Key Down;D;485529
Key Up;S;485736
Key Down;Z;485969
Key Up;Z;486489
Key Down;A;486561
Key Up;D;486585
Key Up;A;486657
Key Down;D;489609
Key Down;Z;489841
Key Up;D;490137
Key Up;Z;490377
Key Down;Q;490481
Key Up;Q;490625
Key Down;Q;490929
Key Down;S;491105
Key Up;S;491345
Key Down;Z;491529
Key Up;Q;491577
Key Up;Z;491769
Key Down;D;491872
Key Down;S;492025
Key Down;A;492257
Key Up;A;492384
Key Up;S;492513
Key Down;S;492913
Key Up;D;493008
Key Down;Q;493033
Key Up;S;493289
Key Up;Q;493737
Key Down;D;493761
Key Down;Z;494112
Key Up;D;494177
Key Down;D;494217
Key Up;Z;494249
Key Up;D;494281
Key Down;D;494609
Key Down;Z;494737
Key Up;D;494881
Key Down;Q;494921
Key Up;Z;494961
Key Up;Q;495257
Key Down;Z;495297
Key Down;Q;495345
Key Up;Q;495369
Key Down;D;495593
Key Up;Z;495785
Key Up;D;495833
Key Down;Q;496121
Key Up;Q;496217
Key Down;S;496249
Key Down;D;496857
Key Up;S;496921
Key Down;Z;497233
Key Up;D;497265
Key Down;Q;497353
Key Up;Q;497673
Key Down;D;497801
Key Up;Z;497849
Key Up;D;497905
Key Down;Q;497953
Key Up;Q;498401
Key Down;S;498433
Key Up;S;498529
Key Down;D;499129
Key Down;Z;499337
Key Up;D;499369
Key Up;Z;499737
Key Down;S;499848
Key Down;D;500009
Key Up;S;500185
Key Up;D;501681
Key Down;D;501913
Key Up;D;501992
Key Down;Q;502073
Key Down;Z;502097
Key Up;Z;502145
Key Down;Z;502409
Key Up;Z;502609
Key Down;Z;502713
Key Up;Z;502929
Key Down;Z;503129
Key Up;Z;503369
Key Down;S;503553
Key Up;S;504465
Key Down;S;504913
Key Up;Q;505121
Key Down;D;505217
Key Up;S;505489
Key Down;Z;505897
Key Up;D;506409
Key Down;A;506489
Key Up;A;506609
Key Up;Z;506833
Key Down;Q;508552
Key Up;Q;508985
Key Down;Z;509024
Key Down;D;509137
Key Up;Z;509257
Key Up;D;509345
Key Down;Q;509633
Key Down;S;509761
Key Up;Q;509777
Key Up;S;509881
Key Down;Z;510065
Key Up;Z;510353
Key Down;D;510360
Key Up;D;510561
Key Down;S;511713
Key Down;D;511873
Key Up;D;511985
Key Up;S;512057
Key Down;Q;512065
Key Up;Q;512153
Key Down;Z;512241
Key Up;Z;512449
Key Down;Q;512465
Key Up;Q;512632
Key Down;Z;512673
Key Up;Z;512833
Key Down;Q;513169
Key Up;Q;513385
Key Down;Q;513545
Key Down;Z;513584
Key Up;Q;513593
Key Up;Z;513888
Key Down;D;513913
Key Up;D;513985
Key Down;D;515625
Key Down;Z;515641
Key Up;Z;515897
Key Up;D;515937
Key Down;S;516216
Key Up;S;516369
Key Down;Z;516633
Key Down;D;516705
Key Up;Z;516769
Key Up;D;516872
Key Down;Z;517601
Key Down;D;517681
Key Up;D;517977
Key Up;Z;517985
Key Down;Q;518161
Key Up;Q;518345
Key Down;S;518697
Key Up;S;518761
Key Down;S;519009
Key Up;S;519209
Key Down;S;519929
Key Up;S;520137
Key Down;Z;520833
Key Up;Z;520953
Key Down;Q;520961
Key Down;Z;521313
Key Up;Z;521377
Key Up;Q;521640
Key Down;D;525865
Key Down;S;526769
Key Up;D;527032
Key Down;Q;527040
Key Up;Q;527209
Key Up;S;527321
Key Down;D;527385
Key Down;Z;527601
Key Up;D;527641
Key Up;Z;527689
Key Down;Q;527857
Key Down;S;527880
Key Up;Q;527937
Key Up;S;528057
Key Down;Z;528249
Key Up;Z;528425
Key Down;Q;528481
Key Up;Q;528600
Key Down;S;528608
Key Down;D;528624
Key Up;D;528641
Key Down;D;528745
Key Up;S;528753
Key Up;D;528777
Key Down;D;528817
Key Down;Z;528937
Key Up;D;528993
Key Down;Q;529385
Key Up;Z;529505
Key Down;Z;529689
Key Up;Q;529928
Key Down;Q;530289
Key Up;Q;530417
Key Down;Q;530585
Key Up;Z;530648
Key Down;S;531065
Key Up;Q;531145
Key Down;D;531392
Key Up;S;531593
Key Up;D;531697
Key Down;Z;531865
Key Down;Q;531889
Key Up;Z;531937
Key Up;Q;532025
Key Down;E;534409
Key Up;E;534505
Key Down;D;534745
Key Up;D;534945
Key Down;Z;535024
Key Up;Z;535096
Key Down;E;535353
Key Up;E;535433
Key Down;S;535992
Key Down;Q;536129
Key Up;Q;536704
Key Down;D;536768
Key Up;S;536993
Key Down;S;537209
Key Down;Q;537376
Key Up;D;537409
Key Up;S;538632
Key Down;Z;539273
Key Up;Q;539849
Key Down;D;540201
Key Up;Z;541585
Key Down;S;543001
Key Up;S;543537
Key Down;Q;544281
Key Up;D;544304
Key Down;D;546993
Key Up;Q;547001
Key Down;Q;548057
Key Up;D;548121
Key Up;Q;549505
Key Down;D;549512
Key Up;D;552449
Key Down;Q;552696
Key Down;Z;555153
Key Up;Z;555297
Key Up;Q;557025
Key Down;Tab;557264
Key Up;Tab;560392
Key Down;Tab;561697
Key Up;Tab;562049
Key Down;Tab;562401
Key Up;Tab;564089
Key Down;Z;565025
Key Down;Q;565888
Key Up;Z;566656
Key Down;Z;566929
Key Up;Q;566961
Key Up;Z;567097
Key Down;E;567337
Key Up;E;567433
Key Down;S;568200
Key Down;D;568240
Key Up;D;568505
Key Up;S;568545
Key Down;Tab;568616
Key Up;Tab;569904
Key Down;Z;570808
Key Up;Z;571872
Key Down;E;571968
Key Up;E;572065
Key Down;S;573489
Key Up;S;573552
Key Down;E;573696
Key Up;E;573785
Key Down;Q;574193
Key Down;S;574200
Key Up;S;574257
Key Up;Q;574320
Key Down;E;574641
Key Up;E;574712
Key Down;Q;575065
Key Down;Z;575113
Key Up;Q;575304
Key Up;Z;575369
Key Down;Z;575665
Key Down;D;575761
Key Up;Z;576041
Key Up;D;576105
Key Down;Z;576537
Key Up;Z;576609
Key Down;D;577313
Key Down;Z;577392
Key Up;D;577425
Key Down;Q;578057
Key Up;Q;578153
Key Up;Z;578193
Key Down;Z;580601
Key Up;Z;581233
Key Down;D;581681
Key Up;D;581832
Key Down;A;581961
Key Up;A;582057
Key Down;D;582233
Key Up;D;582809
Key Down;D;583169
Key Up;D;583505
Key Down;D;584408
Key Down;S;584680
Key Up;S;584800
Key Up;D;584888
Key Down;E;585921
Key Up;E;586041
Key Down;Q;601161
Key Down;Z;601337
Key Up;Q;601377
Key Down;D;601497
Key Up;D;601832
Key Up;Z;601912
Key Down;Z;602769
Key Up;Z;605232
Key Down;D;605545
Key Down;S;606089
Key Up;S;606601
Key Up;D;606904
Key Down;S;607033
Key Down;Q;607361
Key Up;S;608216
Key Down;S;608593
Key Up;Q;608896
Key Down;Q;609537
Key Up;Q;609569
Key Down;D;610025
Key Up;S;610104
Key Down;S;610464
Key Up;S;610633
Key Down;Z;611033
Key Up;Z;611216
Key Up;D;611520
Key Down;Q;611609
Key Down;S;612809
Key Up;Q;612832
Key Up;S;612857
Key Down;Q;613489
Key Down;Z;613601
Key Up;Q;613737
Key Up;Z;613888
Key Down;S;614208
Key Down;Q;614296
Key Up;S;614793
Key Up;Q;614921
Key Down;D;615208
Key Down;Z;615304
Key Up;D;615961
Key Down;Q;616624
Key Up;Q;618073
Key Down;D;618777
Key Up;Z;618816
Key Down;S;619584
Key Up;D;619793
Key Up;S;621017
Key Down;S;621425
Key Up;S;621633
Key Down;S;623721
Key Down;D;624025
Key Up;D;624121
Key Down;Q;624649
Key Up;Q;624841
Key Up;S;625000
Key Down;A;625312
Key Up;A;625456
Key Down;Q;626184
Key Up;Q;626368
Key Down;D;628960
Key Up;D;629177
Key Down;E;630425
Key Up;E;630552
Key Down;A;650552
Key Up;A;650640
Key Down;A;653760
Key Up;A;653945
Key Down;D;654217
Key Down;Z;654352
Key Up;D;654376
Key Down;Q;654688
Key Up;Q;654776
Key Up;Z;656072
Key Down;Z;660520
Key Down;Q;660800
Key Up;Z;661713
Key Down;Z;662688
Key Up;Q;662857
Key Down;Q;662920
Key Up;Q;663064
Key Down;Q;663369
Key Up;Q;663433
Key Down;Q;664064
Key Up;Q;664377
Key Down;D;664952
Key Up;Z;665384
Key Down;Z;666529
Key Up;Z;666848
Key Down;S;668041
Key Up;D;668312
Key Down;D;668528
Key Up;D;668688
Key Up;S;668960
Key Down;Q;668993
Key Up;Q;669064
Key Down;D;669080
Key Up;D;669177
Key Down;Z;669208
Key Down;Q;669656
Key Up;Z;670072
Key Down;D;670848
Key Up;Q;670872
Key Down;S;671088
Key Up;D;671312
Key Down;Q;671400
Key Up;Q;671680
Key Down;Q;671704
Key Up;Q;671808
Key Down;Q;671896
Key Up;S;672048
Key Down;Z;672177
Key Up;Z;673216
Key Down;S;673536
Key Up;Q;675161
Key Down;Q;675568
Key Up;Q;676025
Key Down;D;676088
Key Up;S;676177
Key Down;S;676576
Key Up;D;676760
Key Down;Q;676800
Key Up;Q;677345
Key Up;S;677552
Key Down;S;677680
Key Down;D;677865
Key Up;S;678392
Key Down;Z;678545
Key Up;D;678600
Key Down;Q;678809
Key Up;Z;678984
Key Down;S;679432
Key Up;S;679584
Key Up;Q;680168
Key Down;D;680337
Key Down;S;680465
Key Up;S;680776
Key Down;Z;681273
Key Down;Q;681336
Key Up;D;681352
Key Up;Z;681369
Key Down;Z;681464
Key Up;Z;681632
Key Down;Z;682185
Key Up;Z;682400
Key Down;Z;682568
Key Up;Q;682584
Key Up;Z;682920
Key Down;S;683352
Key Down;D;683480
Key Up;D;684216
Key Down;D;684352
Key Up;S;684529
Key Down;Z;684720
Key Up;D;684825
Key Down;D;685064
Key Up;Z;685088
Key Down;Z;686841
Key Up;D;687912
Key Up;Z;688305
Key Down;S;688593
Key Down;D;689080
Key Up;D;689153
Key Down;Q;689840
Key Up;Q;690344
Key Down;D;690424
Key Up;S;690488
Key Down;Z;691008
Key Up;D;691064
Key Down;Q;691072
Key Up;Z;691264
Key Down;Z;691408
Key Up;Q;691473
Key Down;D;691601
Key Up;Z;691697
Key Down;S;692024
Key Up;D;692152
Key Up;S;692568
Key Down;Q;692616
Key Down;Z;692704
Key Up;Q;692856
Key Up;Z;693009
Key Down;S;693136
Key Down;D;693152
Key Up;S;693208
Key Down;Z;693608
Key Up;D;693808
Key Down;Q;693840
Key Up;Q;693912
Key Down;D;694025
Key Up;D;694225
Key Down;D;694512
Key Up;D;694560
Key Down;Q;695281
Key Up;Z;696680
Key Down;S;697672
Key Up;Q;698472
Key Down;Q;698536
Key Up;S;698832
Key Up;Q;698840
Key Down;D;698864
Key Down;Z;698968
Key Up;Z;699104
Key Down;S;699216
Key Up;D;699232
Key Down;Q;699352
Key Up;S;699568
Key Down;S;700248
Key Up;Q;701192
Key Down;D;701545
Key Up;D;701968
Key Down;Q;702096
Key Up;S;702249
Key Down;Z;702432
Key Up;Q;702768
Key Down;D;702808
Key Up;D;703145
Key Down;Q;703168
Key Up;Z;703368
Key Down;Z;703657
Key Up;Z;704032
Key Down;Z;704096
Key Up;Q;704233
Key Up;Z;704368
Key Down;D;718312
Key Down;Z;719112
Key Up;D;719144
Key Up;Z;719457
Key Down;S;719633
Key Up;S;720080
Key Down;Z;720224
Key Up;Z;720648
Key Down;D;720776
Key Down;S;720824
Key Up;S;721032
Key Up;D;721057
Key Down;E;721505
Key Up;E;721584
Key Down;Q;724480
Key Down;S;724704
Key Up;Q;725264
Key Down;D;725760
Key Up;S;725792
Key Down;Z;726024
Key Up;D;726336
Key Up;Z;726432
Key Down;Q;791088
Key Down;S;791160
Key Up;Q;791352
Key Up;S;791368
Key Down;E;793560
Key Up;E;793648
Key Down;Z;794032
Key Down;D;794144
Key Up;Z;794607
Key Up;D;794679
Key Down;A;797608
Key Up;A;797720
Key Down;Q;798040
Key Down;S;798936
Key Up;Q;798992
Key Down;D;799799
Key Up;D;800400
Key Down;D;801215
Key Up;S;801296
Key Up;D;801680
Key Down;Tab;801864
Key Up;Tab;805112
Key Down;Z;806176
Key Up;Z;806616
Key Down;Z;806847
Key Up;Z;807328
Key Down;S;816984
Key Down;Q;817360
Key Up;S;817384
Key Down;Z;817744
Key Up;Q;818168
Key Up;Z;818840
Key Down;S;819216
Key Down;D;819703
Key Up;D;820551
Key Up;S;820720
Key Down;A;820768
Key Up;A;820920
Key Down;Q;821144
Key Down;S;821319
Key Up;Q;821584
Key Up;S;821640
Key Down;Q;822288
Key Up;Q;822400
Key Down;D;822968
Key Down;S;823024
Key Up;D;823104
Key Up;S;823224
Key Down;S;825752
Key Up;S;826928
Key Down;S;827088
Key Down;D;827407
Key Up;S;827672
Key Down;S;827912
Key Up;D;828064
Key Down;Q;829248
Key Up;Q;829384
Key Down;D;829895
Key Up;D;830072
Key Down;D;830144
Key Up;D;830384
Key Up;S;830455
Key Down;D;830496
Key Up;D;830544
Key Down;Z;830608
Key Down;A;830896
Key Up;A;831008
Key Down;Q;831208
Key Up;Q;831407
Key Down;Q;833008
Key Up;Q;833640
Key Up;Z;833672
Key Down;A;833920
Key Up;A;834024
Key Down;Q;834248
Key Down;S;834703
Key Up;S;834960
Key Up;Q;835768
Key Down;D;836320
Key Up;D;836863
Key Down;Q;837424
Key Down;Z;837504
Key Up;Q;837679
Key Down;Q;837775
Key Up;Z;837815
Key Up;Q;837904
Key Down;Q;838071
Key Down;Z;838215
Key Up;Z;838415
Key Down;Z;838551
Key Up;Q;838560
Key Down;D;838591
Key Up;Z;838752
Key Up;D;838783
Key Down;Q;838791
Key Down;S;839055
Key Up;Q;839160
Key Down;Q;839391
Key Up;Q;839463
Key Up;S;839592
Key Down;D;839600
Key Up;D;839856
Key Down;Q;839871
Key Down;S;839896
Key Up;Q;840400
Key Down;D;840744
Key Up;D;840975
Key Down;A;841128
Key Up;A;841231
Key Down;D;841344
Key Up;S;841624
Key Up;D;841799
Key Down;Q;841992
Key Up;Q;842136
Key Down;S;842320
Key Down;Q;842447
Key Up;S;842960
Key Up;Q;843128
Key Down;A;843639
Key Up;A;843727
Key Down;D;844199
Key Down;Z;844336
Key Up;Z;844503
Key Up;D;844511
Key Down;S;844752
Key Down;Q;844896
Key Up;S;845360
Key Down;Z;846024
Key Up;Z;846127
Key Up;Q;846511
Key Down;Q;847008
Key Down;S;847279
Key Up;Q;847840
Key Up;S;847903
Key Down;D;847912
Key Down;Z;848040
Key Up;D;848096
Key Down;Q;848335
Key Up;Z;848712
Key Up;Q;848944
Key Down;D;849231
Key Down;S;849624
Key Up;D;849800
Key Down;D;850176
Key Up;D;850199
Key Down;Q;850295
Key Up;S;851048
Key Down;Z;851256
Key Up;Z;851464
Key Down;Z;851624
Key Up;Q;852063
Key Down;Q;852272
Key Up;Z;852647
Key Down;S;853199
Key Up;Q;853648
Key Down;Q;853848
Key Up;S;853880
Key Up;Q;853935
Key Down;Q;855183
Key Up;Q;855304
Key Down;S;855624
Key Up;S;856015
Key Down;D;857151
Key Down;Z;857160
Key Up;D;857320
Key Up;Z;857639
Key Down;Q;858679
Key Down;S;858792
Key Up;Q;858887
Key Up;S;858991
Key Down;S;859312
Key Up;S;859464
Key Down;Q;859783
Key Down;S;859792
Key Up;S;859855
Key Up;Q;859879
Key Down;D;861679
Key Up;D;861847
Key Down;A;861864
Key Up;A;861976
Key Down;Z;863271
Key Up;Z;863471
Key Down;D;863664
Key Down;Z;863711
Key Up;D;863831
Key Up;Z;863912
Key Down;D;864087
Key Down;Z;865151
Key Up;D;866064
Key Down;Q;867023
Key Up;Z;867111
Key Down;S;867471
Key Up;S;867592
Key Up;Q;867703
Key Down;Q;873335
Key Up;Q;873895
Key Down;Z;874199
Key Down;Q;874432
Key Up;Z;874680
Key Up;Q;874864
Key Down;D;874992
Key Down;Z;875304
Key Up;D;875687
Key Down;A;875944
Key Up;A;876032
Key Down;Q;876296
Key Up;Z;876456
Key Up;Q;876672
Key Down;D;876847
Key Down;Z;877056
Key Up;Z;877151
Key Up;D;877191
Key Down;Z;877776
Key Down;Q;878112
Key Up;Q;878272
Key Up;Z;878303
Key Down;S;878456
Key Down;Q;878688
Key Up;S;878872
Key Down;S;878951
Key Up;Q;878976
Key Up;S;878999
Key Down;D;879567
Key Down;S;879607
Key Up;S;879784
Key Up;D;879824
Key Down;D;879983
Key Up;D;880168
Key Down;S;880176
Key Up;S;880679
Key Down;S;880847
Key Up;S;881007
Key Down;Q;881103
Key Down;S;881296
Key Up;Q;881327
Key Down;Q;881376
Key Up;S;881447
Key Up;Q;881479
Key Down;D;881704
Key Up;D;882080
Key Down;Z;882512
Key Down;Q;883007
Key Up;Z;883336
Key Down;S;883704
Key Up;Q;883791
Key Down;Q;884159
Key Up;Q;884295
Key Up;S;884608
Key Down;Q;884855
Key Down;Z;884919
Key Up;Q;885335
Key Up;Z;885376
Key Down;Q;885727
Key Down;Z;885735
Key Up;Z;886287
Key Down;S;887064
Key Up;Q;887192
Key Down;A;887351
Key Up;A;887488
Key Down;D;888015
Key Up;D;888407
Key Down;D;888816
Key Up;D;888904
Key Up;S;890552
Key Down;D;890592
Key Down;Z;890688
Key Up;D;890800
Key Down;A;891272
Key Up;A;891368
Key Down;Q;891552
Key Up;Z;891623
Key Down;S;891984
Key Up;Q;892024
Key Up;S;892184
Key Down;Q;894527
Key Down;S;894751
Key Up;S;894951
Key Up;Q;895247
Key Down;D;895520
Key Down;Z;895592
Key Up;D;895664
Key Down;D;895783
Key Up;Z;896024
Key Down;Z;896056
Key Up;Z;896104
Key Up;D;896424
Key Down;D;896824
Key Down;S;896895
Key Up;D;896952
Key Up;S;897167
Key Down;Q;897288
Key Up;Q;897360
Key Down;Q;897535
Key Up;Q;897623
Key Down;Z;897639
Key Up;Z;897735
Key Down;A;899335
Key Up;A;899440
Key Down;Q;899656
Key Up;Q;900176
Key Down;D;900463
Key Down;S;900792
Key Up;D;900848
Key Up;S;900887
Key Down;Q;901103
Key Down;Z;901232
Key Up;Q;901287
Key Up;Z;901296
Key Down;Q;901815
Key Down;Z;901920
Key Up;Q;901928
Key Up;Z;901944
Key Down;Z;902143
Key Down;D;902271
Key Up;Z;902336
Key Down;S;902711
Key Up;D;902951
Key Down;A;903383
Key Up;S;903440
Key Up;A;903479
Key Down;S;903487
Key Up;S;903503
Key Down;Z;903855
Key Up;Z;903960
Key Down;Q;904056
Key Down;Z;904640
Key Up;Q;904767
Key Up;Z;904799
Key Down;D;905640
Key Down;S;905735
Key Up;D;905879
Key Up;S;906072
Key Down;D;906264
Key Up;D;906407
Key Down;S;906560
Key Down;A;907287
Key Up;A;907400
Key Down;Q;907575
Key Up;S;907583
Key Down;S;907719
Key Up;S;907952
Key Down;S;908864
Key Up;S;909183
Key Down;Z;909479
Key Up;Z;909679
Key Down;S;910119
Key Up;S;910231
Key Up;Q;911127
Key Down;Q;911487
Key Down;Z;911551
Key Up;Z;912031
Key Down;Z;912288
Key Up;Q;912319
Key Down;D;912520
Key Up;D;912791
Key Up;Z;912847
Key Down;Q;913231
Key Down;S;913312
Key Up;Q;913376
Key Up;S;913608
Key Down;D;913616
Key Up;D;913792
Key Down;Z;913952
Key Up;Z;914071
Key Down;Z;914520
Key Down;D;914591
Key Up;D;914616
Key Up;Z;914759
Key Down;Z;915072
Key Up;Z;915192
Key Down;Q;915264
Key Down;S;915520
Key Up;Q;915567
Key Up;S;915799
Key Down;A;917992
Key Up;A;918096
Key Down;S;918599
Key Up;S;918703
Key Down;Q;918728
Key Up;Q;918783
Key Down;Z;924472
Key Up;Z;924680
Key Down;E;924799
Key Up;E;924872
Key Down;Q;925095
Key Down;S;925248
Key Up;S;925655
Key Up;Q;926279
Key Down;Z;927367
Key Down;D;927839
Key Up;Z;928008
Key Up;D;928071
Key Down;A;928231
Key Up;A;928327
Key Down;Z;928471
Key Down;Q;928672
Key Up;Q;929024
Key Up;Z;930167
Key Down;Z;931799
Key Up;Z;931951
Key Down;D;932176
Key Down;Z;932327
Key Up;Z;932616
Key Down;S;932999
Key Up;S;933119
Key Down;Z;933631
Key Up;D;933847
Key Up;Z;934559
Key Down;Z;934863
Key Up;Z;934991
Key Down;Q;935200
Key Up;Q;935263
Key Down;S;935519
Key Up;S;935999
Key Down;Tab;936023
Key Up;Tab;937463
Key Down;S;937912
Key Up;S;938656
Key Down;D;938904
Key Up;D;939087
Key Down;S;939240
Key Up;S;939680
Key Down;S;940007
Key Up;S;941023
Key Down;Q;941199
Key Down;S;941400
Key Up;Q;941479
Key Down;D;941735
Key Up;D;941951
Key Up;S;941967
Key Down;A;941983
Key Up;A;942144
Key Down;S;942312
Key Down;Q;942495
Key Up;Q;942615
Key Down;D;942928
Key Up;D;943040
Key Up;S;943599
Key Down;D;943624
Key Up;D;944015
Key Down;Q;954383
Key Up;Q;954479
Key Down;D;962551
Key Up;D;962655
Key Down;S;965128
Key Down;D;965824
Key Up;D;965960
Key Down;Q;966575
Key Up;S;966607
Key Up;Q;967103
Key Down;S;969615
Key Up;S;970567
Key Down;S;970903
Key Down;D;971208
Key Up;S;971232
Key Up;D;972031
Key Down;Q;972415
Key Down;S;973119
Key Up;Q;973176
Key Up;S;973255
Key Down;A;975312
Key Up;A;975399
Key Down;Z;976359
Key Down;D;976391
Key Up;Z;976647
Key Up;D;979015
Key Down;Z;979023
Key Up;Z;979119
Key Down;A;980015
Key Up;A;980095
Key Down;S;980543
Key Down;D;980783
Key Up;D;980903
Key Down;Q;981408
Key Up;S;981711
Key Down;S;981855
Key Up;Q;982119
Key Down;Q;982439
Key Up;S;982703
Key Down;S;983247
Key Up;Q;984455
Key Up;S;984519
Key Down;Q;984599
Key Up;Q;984743
Key Down;Z;984759
Key Down;D;985119
Key Up;Z;985903
Key Down;Z;986015
Key Up;D;986695
Key Down;A;986743
Key Up;A;986847
Key Up;Z;986967
Key Down;Q;987312
Key Down;S;987447
Key Up;Q;987751
Key Up;S;987847
Key Down;D;987863
Key Up;D;988080
Key Down;Z;989303
Key Down;Q;989431
Key Up;Q;989751
Key Up;Z;989807
Key Down;D;990615
Key Down;Z;990647
Key Up;D;990839
Key Up;Z;990863
Key Down;Z;991351
Key Down;D;991399
Key Up;Z;991535
Key Up;D;992015
Key Down;S;992023
Key Down;D;992623
Key Up;S;992799
Key Down;S;993039
Key Up;D;993079
Key Down;Q;993223
Key Up;S;994063
Key Up;Q;994327
Key Down;S;994351
Key Up;S;994512
Key Down;D;994543
Key Down;S;994616
Key Up;D;994671
Key Up;S;994823
Key Down;D;994839
Key Up;D;994967
Key Down;A;995703
Key Up;A;995823
Key Down;D;996287
Key Down;Z;996431
Key Up;D;996599
Key Up;Z;996727
Key Down;Q;996799
Key Down;S;997111
Key Up;Q;998495
Key Up;S;998503
Key Down;Q;998679
Key Down;Z;998871
Key Up;Z;999039
Key Up;Q;1000071
Key Down;Z;1006231
Key Down;Q;1006295
Key Up;Z;1006479
Key Down;Z;1007039
Key Up;Z;1007407
Key Down;Z;1007711
Key Up;Q;1008223
Key Up;Z;1008271
Key Down;D;1008279
Key Up;D;1008807
Key Down;D;1009342
Key Down;Z;1009599
Key Up;D;1009846
Key Up;Z;1009911
Key Down;D;1010678
Key Down;Z;1010694
Key Up;D;1010815
Key Down;Q;1011311
Key Up;Z;1011847
Key Up;Q;1011854
Key Down;D;1012183
Key Up;D;1012791
Key Down;D;1013231
Key Down;S;1013495
Key Up;D;1013550
Key Up;S;1013687
Key Down;Q;1013703
Key Down;Z;1013823
Key Up;Q;1014135
Key Down;Q;1014246
Key Up;Z;1015151
Key Down;D;1016935
Key Up;Q;1017015
Key Down;S;1017039
Key Up;D;1017199
Key Down;Q;1017279
Key Up;S;1017423
Key Down;Z;1018047
Key Up;Z;1018415
Key Down;S;1018687
Key Up;Q;1020998
Key Up;S;1021062
Key Down;S;1022623
Key Up;S;1022887
Key Down;S;1024463
Key Down;D;1024583
Key Up;S;1024743
Key Down;Z;1025983
Key Up;D;1026087
Key Up;Z;1026327
Key Down;D;1026367
Key Down;S;1026519
Key Up;D;1026743
Key Down;D;1026919
Key Up;D;1026991
Key Up;S;1027215
Key Down;E;1028319
Key Up;E;1028414
Key Down;Z;1035327
Key Up;Z;1035671
Key Down;E;1038511
Key Up;E;1038639
Key Down;Tab;1039383
Key Up;Tab;1049607
Key Down;D;1050527
Key Down;S;1051231
Key Up;S;1051550
Key Down;Z;1052015
Key Up;D;1052239
Key Down;D;1054831
Key Up;D;1055215
Key Down;Q;1055319
Key Up;Q;1055462
Key Down;Q;1055742
Key Up;Q;1055958
Key Down;Q;1056502
Key Up;Z;1056518
Key Up;Q;1056630
Key Down;D;1056663
Key Down;Z;1056759
Key Up;D;1056799
Key Up;Z;1056943
Key Down;Q;1057198
Key Up;Q;1057310
Key Down;D;1057527
Key Down;S;1057671
Key Up;D;1057702
Key Down;D;1058063
Key Up;D;1058143
Key Up;S;1058255
Key Down;S;1059527
Key Down;Q;1059710
Key Up;Q;1059839
Key Up;S;1060023
Key Down;Z;1061143
Key Down;D;1061487
Key Up;Z;1061719
Key Down;Z;1062390
Key Up;D;1062751
Key Up;Z;1062799
Key Down;Tab;1063223
Key Up;Tab;1064582
Key Down;Q;1065143
Key Down;S;1065407
Key Up;Q;1066727
Key Down;A;1066934
Key Up;A;1067046
Key Down;Q;1067230
Key Up;S;1067295
Key Down;S;1067630
Key Up;Q;1067751
Key Down;D;1068095
Key Up;D;1068191
Key Down;Q;1068782
Key Up;Q;1068934
Key Down;D;1069102
Key Up;D;1069391
Key Down;Q;1069430
Key Up;Q;1069999
Key Down;Q;1070295
Key Up;Q;1070447
Key Down;D;1070895
Key Up;D;1071063
Key Down;Q;1071127
Key Up;S;1071183
Key Down;Z;1071471
Key Up;Q;1071534
Key Down;D;1071735
Key Up;D;1071942
Key Down;A;1072079
Key Up;A;1072159
Key Down;D;1072207
Key Up;D;1072871
Key Down;Q;1073014
Key Up;Z;1073022
Key Down;Z;1073167
Key Up;Q;1073223
Key Down;D;1073551
Key Up;Z;1073815
Key Up;D;1074239
Key Down;S;1074823
Key Down;Q;1075542
Key Up;Q;1075703
Key Down;Q;1076047
Key Up;S;1076071
Key Down;Z;1076343
Key Up;Q;1076518
Key Down;D;1077046
Key Up;Z;1077103
Key Down;S;1077407
Key Up;S;1078182
Key Up;D;1078375
Key Down;Q;1078767
Key Down;Z;1078918
Key Up;Z;1079078
Key Down;Z;1079359
Key Up;Q;1079455
Key Up;Z;1079566
Key Down;D;1079622
Key Up;D;1079759
Key Down;Q;1080039
Key Up;Q;1080238
Key Down;D;1080343
Key Down;S;1080471
Key Up;D;1080478
Key Down;Q;1080711
Key Up;Q;1080982
Key Up;S;1081374
Key Down;Z;1082071
Key Down;D;1082166
Key Up;Z;1082559
Key Up;D;1083118
Key Down;Q;1083279
Key Up;Q;1083678
Key Down;E;1086455
Key Up;E;1086534
Key Down;D;1086807
Key Down;S;1087318
Key Up;D;1087583
Key Down;A;1087607
Key Up;A;1087694
Key Down;D;1087830
Key Up;D;1088143
Key Down;D;1088406
Key Up;D;1088526
Key Down;Q;1089143
Key Up;S;1090039
Key Down;Z;1090358
Key Up;Q;1090382
Key Up;Z;1090494
Key Down;S;1104191
Key Up;S;1104311
Key Down;D;1104519
Key Down;Z;1104742
Key Up;D;1105015
Key Down;Q;1105231
Key Up;Q;1105439
Key Up;Z;1105463
Key Down;S;1108438
Key Down;Q;1108871
Key Up;S;1109294
Key Down;S;1109446
Key Up;Q;1109774
Key Up;S;1109927
Key Down;D;1110015
Key Up;D;1110295
Key Down;Z;1110327
Key Down;Q;1110455
Key Up;Q;1111190
Key Up;Z;1111375
Key Down;E;1112102
Key Up;E;1112182
Key Down;Tab;1112662
Key Up;Tab;1116159
Key Down;Q;1116830
Key Down;S;1117830
Key Up;S;1119158
Key Down;Z;1120159
Key Up;Z;1121519
Key Down;Z;1123319
Key Up;Z;1123855
Key Down;Z;1125438
Key Up;Q;1125550
Key Down;Q;1125926
Key Up;Q;1126383
Key Down;Q;1126814
Key Up;Z;1127006
Key Up;Q;1127230
Key Down;D;1127671
Key Down;S;1127975
Key Up;D;1128127
Key Down;D;1128438
Key Up;S;1128686
Key Up;D;1128822
Key Down;Z;1128830
Key Down;E;1128999
Key Up;Z;1129015
Key Up;E;1129103
Key Down;Q;1129319
Key Up;Q;1129407
Key Down;A;1129598
Key Up;A;1129702
Key Down;Q;1130439
Key Down;Z;1130559
Key Up;Q;1130599
Key Down;Q;1130959
Key Up;Q;1131086
Key Down;Q;1131390
Key Up;Q;1131583
Key Up;Z;1131766
Key Down;Z;1131798
Key Up;Z;1131862
Key Down;D;1132207
Key Down;Z;1132231
Key Up;D;1132599
Key Down;A;1132807
Key Up;A;1132926
Key Down;Q;1133262
Key Up;Z;1133719
Key Up;Q;1134550
Key Down;D;1134678
Key Down;S;1135119
Key Up;D;1135191
Key Up;S;1135399
Key Down;A;1135407
Key Up;A;1135511
Key Down;Z;1136078
Key Down;Q;1136150
Key Up;Z;1136350
Key Down;Z;1137342
Key Up;Q;1137430
Key Down;Q;1137486
Key Up;Q;1137702
Key Down;D;1138047
Key Up;D;1138175
Key Down;Q;1138711
Key Up;Z;1138966
Key Down;Z;1139223
Key Up;Z;1139703
Key Up;Q;1140479
Key Down;S;1140767
Key Down;Q;1140863
Key Up;S;1140918
Key Up;Q;1141023
Key Down;A;1141942
Key Up;A;1142039
Key Down;D;1142870
Key Down;Z;1142982
Key Up;D;1143111
Key Down;D;1143750
Key Up;D;1143934
Key Up;Z;1143975
Key Down;D;1144406
Key Down;S;1144414
Key Up;S;1144534
Key Down;S;1144926
Key Up;D;1144966
Key Down;Q;1145271
Key Up;Q;1145319
Key Down;Q;1145446
Key Up;S;1145678
Key Down;Z;1145927
Key Up;Q;1145975
Key Down;A;1146295
Key Up;A;1146366
Key Up;Z;1146487
Key Down;S;1147071
Key Down;D;1147230
Key Up;S;1147359
Key Up;D;1147486
Key Down;Z;1148767
Key Down;A;1148959
Key Up;A;1149063
Key Down;D;1149142
Key Up;D;1149679
Key Down;Q;1149719
Key Up;Z;1149999
Key Down;S;1150422
Key Up;Q;1150543
Key Down;Q;1150847
Key Up;Q;1151030
Key Down;D;1151326
Key Up;D;1151655
Key Down;A;1152007
Key Up;A;1152103
Key Up;S;1152335
Key Down;Q;1152398
Key Up;Q;1152943
Key Down;Q;1153286
Key Down;Z;1153318
Key Up;Q;1154631
Key Down;D;1155287
Key Up;D;1156158
Key Down;A;1156311
Key Up;A;1156391
Key Down;D;1156415
Key Up;Z;1156567
Key Up;D;1157022
Key Down;S;1157334
Key Up;S;1157567
Key Down;D;1158334
Key Down;S;1158527
Key Up;S;1159262
Key Down;Z;1159407
Key Up;D;1159510
Key Down;D;1159934
Key Up;D;1159999
Key Up;Z;1160007
Key Down;S;1160143
Key Down;Q;1160207
Key Up;Q;1160583
Key Down;A;1160926
Key Up;S;1160958
Key Up;A;1161039
Key Down;Z;1162006
Key Up;Z;1162278
Key Down;E;1162286
Key Up;E;1162367
Key Down;D;1162582
Key Up;D;1162662
Key Down;E;1162823
Key Up;E;1162911
Key Down;S;1163118
Key Up;S;1163166
Key Down;E;1163286
Key Up;E;1163343
Key Down;S;1163702
Key Up;S;1164014
Key Down;Tab;1164022
Key Up;Tab;1167023
Key Down;Z;1167710
Key Up;Z;1168782
Key Down;E;1168942
Key Up;E;1169031
Key Down;S;1170359
Key Up;S;1170446
Key Down;E;1170638
Key Up;E;1170711
Key Down;S;1172222
Key Up;S;1172375
Key Down;Z;1173423
Key Up;Z;1173518
Key Down;E;1173654
Key Up;E;1173734
Key Down;Tab;1174479
Key Up;Tab;1178711
Key Down;Q;1179654
Key Down;S;1180510
Key Up;S;1181911
Key Down;Z;1182750
Key Up;Z;1183103
Key Down;Z;1183975
Key Up;Z;1184510
Key Down;Z;1185143
Key Up;Z;1185743
Key Down;Z;1186071
Key Up;Z;1186606
Key Down;S;1187391
Key Up;S;1187471
Key Down;Z;1188575
Key Up;Z;1188734
Key Down;S;1188975
Key Up;S;1189182
Key Down;Z;1189366
Key Up;Z;1190511
Key Down;Z;1190823
Key Up;Q;1191631
Key Down;A;1191878
Key Up;A;1192007
Key Down;D;1192079
Key Up;D;1192439
Key Down;Q;1193439
Key Up;Z;1193630
Key Down;Z;1194023
Key Up;Z;1194726
Key Down;Z;1195270
Key Up;Z;1195798
Key Up;Q;1198734
Key Down;Z;1199142
Key Down;Q;1199150
Key Up;Q;1199583
Key Up;Z;1201086
Key Down;D;1201095
Key Down;Z;1201495
Key Up;D;1201726
Key Up;Z;1201846
Key Down;Q;1201895
Key Down;S;1201990
Key Up;Q;1202078
Key Down;Q;1202534
Key Up;Q;1203039
Key Up;S;1203111
Key Down;A;1203239
Key Up;A;1203351
Key Down;Z;1203606
Key Up;Z;1204223
Key Down;Z;1204623
Key Up;Z;1204887
Key Down;S;1206310
Key Down;D;1206350
Key Up;D;1206431
Key Up;S;1207326
Key Down;A;1207358
Key Up;A;1207454
Key Down;Z;1207775
Key Up;Z;1207934
Key Down;S;1208095
Key Down;Q;1208526
Key Up;S;1208630
Key Up;Q;1209007
Key Down;Z;1209023
Key Up;Z;1209182
Key Down;Z;1209926
Key Down;Q;1210047
Key Up;Z;1210214
Key Up;Q;1210374
Key Down;A;1215582
Key Up;A;1215719
Key Down;A;1224975
Key Up;A;1225126
Key Down;Z;1225358
Key Up;Z;1225662
Key Down;S;1226190
Key Down;D;1226303
Key Up;D;1226606
Key Down;Q;1227318
Key Up;S;1227622
Key Up;Q;1228190
Key Down;S;1228486
Key Down;Q;1228558
Key Up;Q;1228886
Key Down;Q;1229054
Key Up;Q;1229199
Key Up;S;1229406
Key Down;Z;1229630
Key Down;D;1229822
Key Up;Z;1230142
Key Down;S;1231014
Key Up;D;1231166
Key Up;S;1231478
Key Down;Tab;1231766
Key Up;Tab;1233846
Key Down;D;1233870
Key Down;S;1234046
Key Up;D;1234102
Key Down;Q;1234390
Key Up;Q;1234590
Key Down;D;1235598
Key Up;S;1236143
Key Down;Z;1236934
Key Up;Z;1237111
Key Up;D;1237894
Key Down;A;1238046
Key Up;A;1238182
Key Down;D;1238982
Key Down;S;1239094
Key Up;D;1239102
Key Up;S;1239278
Key Down;Q;1239750
Key Down;S;1239967
Key Up;S;1241070
Key Up;Q;1241375
Key Down;D;1241654
Key Up;D;1241766
Key Down;S;1242270
Key Down;D;1242662
Key Up;D;1242742
Key Up;S;1242846
Key Down;Q;1242998
Key Down;S;1243006
Key Up;Q;1243302
Key Down;Q;1243462
Key Up;Q;1244022
Key Down;D;1244310
Key Up;S;1244886
Key Up;D;1244998
Key Down;Z;1245078
Key Up;Z;1245822
Key Down;S;1246126
Key Down;Q;1246150
Key Up;Q;1246414
Key Up;S;1246670
Key Down;A;1247054
Key Up;A;1247166
Key Down;Z;1247574
Key Down;D;1248014
Key Up;Z;1248094
Key Up;D;1248118
Key Down;D;1248998
Key Down;Z;1249062
Key Up;Z;1249214
Key Up;D;1249630
Key Down;Q;1250454
Key Down;Z;1250542
Key Up;Z;1250734
Key Down;S;1251342
Key Up;Q;1251366
Key Down;A;1251702
Key Up;A;1251814
Key Down;D;1251974
Key Up;D;1252254
Key Up;S;1253046
Key Down;Q;1253102
Key Up;Q;1253326
Key Down;Q;1253846
Key Down;Z;1253854
Key Up;Z;1253958
Key Up;Q;1254358
Key Down;Z;1254462
Key Down;D;1254550
Key Up;Z;1254678
Key Up;D;1254870
Key Down;Q;1255174
Key Down;S;1256022
Key Up;S;1256686
Key Down;Z;1256934
Key Up;Q;1256990
Key Up;Z;1257006
Key Down;Z;1257430
Key Down;D;1257654
Key Up;D;1257950
Key Up;Z;1258110
Key Down;D;1258790
Key Down;Z;1258814
Key Up;Z;1258998
Key Up;D;1259054
Key Down;Q;1259838
Key Up;Q;1260262
Key Down;S;1260774
Key Up;S;1261190
Key Down;S;1262046
Key Down;Q;1263101
Key Up;S;1263109
Key Up;Q;1263510
Key Down;A;1263958
Key Up;A;1264062
Key Down;Q;1264382
Key Up;Q;1264510
Key Down;Q;1264726
Key Down;Z;1265950
Key Up;Z;1266118
Key Down;Z;1266534
Key Up;Z;1266606
Key Down;Z;1266646
Key Up;Q;1266790
Key Up;Z;1266838
Key Down;S;1267150
Key Up;S;1267182
Key Down;Z;1267614
Key Up;Z;1267750
Key Down;A;1268014
Key Up;A;1268118
Key Down;D;1268622
Key Up;D;1268718
Key Down;Q;1268902
Key Down;S;1269030
Key Up;Q;1269085
Key Down;D;1269182
Key Up;S;1269206
Key Down;Z;1269854
Key Up;D;1270406
Key Down;Q;1270702
Key Up;Z;1270886
Key Up;Q;1270934
Key Down;D;1270981
Key Up;D;1271390
Key Down;D;1271822
Key Down;Z;1272046
Key Up;D;1272190
Key Up;Z;1272454
Key Down;A;1272766
Key Up;A;1272861
Key Down;Z;1272990
Key Up;Z;1273182
Key Down;Z;1273206
Key Down;D;1273222
Key Up;D;1273246
Key Down;D;1273382
Key Up;D;1273446
Key Down;Q;1273790
Key Up;Z;1273894
Key Up;Q;1274245
Key Down;D;1274286
Key Down;S;1274486
Key Up;D;1274742
Key Down;Q;1274830
Key Up;S;1274846
Key Down;Z;1275157
Key Up;Z;1275502
Key Down;Z;1275861
Key Up;Q;1276534
Key Down;Q;1276717
Key Up;Z;1276766
Key Down;S;1277062
Key Up;S;1277438
Key Up;Q;1277454
Key Down;D;1277478
Key Down;Z;1277726
Key Up;Z;1278110
Key Down;Z;1279054
Key Up;D;1279445
Key Down;D;1279805
Key Up;D;1279934
Key Down;Q;1280470
Key Up;Q;1280574
Key Up;Z;1281301
Key Down;S;1281486
Key Up;S;1281782
Key Down;A;1282374
Key Up;A;1282486
Key Down;Z;1282982
Key Up;Z;1283246
Key Down;E;1283358
Key Up;E;1283446
Key Down;Z;1283654
Key Up;Z;1283790
Key Down;E;1283854
Key Up;E;1283933
Key Down;S;1284230
Key Up;S;1284358
Key Down;S;1285006
Key Up;S;1285125
Key Down;E;1292286
Key Up;E;1292406
Key Down;Q;1292942
Key Down;Z;1292982
Key Up;Q;1293102
Key Up;Z;1293125
Key Down;Z;1293966
Key Down;D;1294150
Key Up;D;1294397
Key Down;Q;1294646
Key Up;Q;1294774
Key Up;Z;1294966
Key Down;S;1295446
Key Up;S;1295510
Key Down;Z;1295854
Key Down;D;1296342
Key Up;D;1296494
Key Down;A;1297166
Key Up;A;1297302
Key Down;Tab;1297750
Key Up;Z;1297878
Key Up;Tab;1297950
Key Down;Tab;1298334
Key Up;Tab;1300574
Key Down;D;1300726
Key Down;S;1300766
Key Up;S;1301613
Key Down;S;1302318
Key Up;S;1302990
Key Down;Z;1305190
Key Up;D;1305685
Key Down;A;1306382
Key Up;A;1306510
Key Down;D;1306550
Key Up;Z;1306686
Key Down;Z;1307406
Key Up;D;1307614
Key Down;Q;1309134
Key Up;Q;1309365
Key Down;D;1309421
Key Up;D;1309950
Key Down;Q;1310574
Key Up;Q;1310638
Key Down;D;1310742
Key Up;D;1310838
Key Down;A;1311221
Key Up;A;1311334
Key Down;Q;1311574
Key Up;Z;1312229
Key Down;S;1312870
Key Up;Q;1313118
Key Down;D;1313190
Key Up;D;1313397
Key Down;Q;1313469
Key Up;Q;1313686
Key Up;S;1313734
Key Down;Q;1313934
Key Down;Z;1313998
Key Up;Q;1314053
Key Down;Q;1314157
Key Up;Q;1314293
Key Down;D;1314310
Key Up;D;1314430
Key Down;Q;1314886
Key Up;Z;1315453
Key Down;S;1316702
Key Up;Q;1316982
Key Up;S;1317173
Key Down;Z;1317429
Key Down;D;1317549
Key Up;Z;1317574
Key Down;Z;1317806
Key Up;Z;1318061
Key Down;A;1318917
Key Up;A;1319006
Key Down;S;1319182
Key Up;D;1319358
Key Down;Q;1319838
Key Up;S;1320078
Key Down;D;1320189
Key Up;Q;1320213
Key Down;S;1320462
Key Up;S;1320726
Key Down;Z;1320838
Key Up;D;1321086
Key Down;Q;1321102
Key Up;Q;1321270
Key Down;D;1321333
Key Up;Z;1321758
Key Up;D;1322174
Key Down;Z;1322206
Key Up;Z;1322390
Key Down;Q;1322446
Key Up;Q;1322485
Key Down;D;1322502
Key Down;Z;1322510
Key Up;Z;1322734
Key Down;S;1322862
Key Up;D;1322886
Key Down;D;1322990
Key Up;S;1323398
Key Up;D;1323726
Key Down;Q;1323781
Key Down;Z;1324182
Key Up;Z;1324869
Key Down;S;1325430
Key Up;Q;1325518
Key Up;S;1325550
Key Down;A;1325678
Key Up;A;1325805
Key Down;Q;1326013
Key Down;S;1326269
Key Up;Q;1327054
Key Down;D;1327078
Key Up;S;1327086
Key Down;S;1327437
Key Up;S;1327582
Key Up;D;1327766
Key Down;S;1328134
Key Up;S;1328462
Key Down;D;1328790
Key Up;D;1329062
Key Down;Q;1329238
Key Down;Z;1329374
Key Up;Z;1329574
Key Down;S;1330158
Key Up;Q;1330678
Key Down;D;1331198
Key Up;D;1331502
Key Down;D;1331710
Key Up;S;1331806
Key Down;A;1332038
Key Up;A;1332149
Key Down;Z;1332581
Key Up;Z;1332998
Key Down;Q;1333061
Key Up;D;1333078
Key Up;Q;1334197
Key Down;D;1334246
Key Up;D;1334365
Key Down;D;1334590
Key Up;D;1334926
Key Down;A;1335045
Key Up;A;1335173
Key Down;Z;1335454
Key Down;Q;1335509
Key Up;Z;1336165
Key Up;Q;1336214
Key Down;Q;1337301
Key Down;Z;1337357
Key Up;Q;1338069
Key Down;Q;1338206
Key Up;Z;1338270
Key Up;Q;1339110
Key Down;A;1339486
Key Up;A;1339654
Key Down;Q;1340062
Key Down;Z;1340286
Key Up;Q;1340294
Key Up;Z;1340342
Key Down;Q;1342086
Key Up;Q;1342222
Key Down;Z;1342677
Key Down;Q;1342846
Key Up;Q;1342902
Key Down;D;1343046
Key Up;Z;1343334
Key Up;D;1343421
Key Down;D;1343477
Key Up;D;1343558
Key Down;S;1343565
Key Down;D;1343573
Key Up;D;1343605
Key Down;D;1343638
Key Up;S;1343702
Key Down;Z;1343869
Key Up;D;1343958
Key Down;Q;1344174
Key Up;Q;1344358
Key Up;Z;1344549
Key Down;Q;1344557
Key Up;Q;1344773
Key Down;Z;1344798
Key Down;D;1344965
Key Up;Z;1345062
Key Up;D;1345134
Key Down;Z;1345294
Key Up;Z;1346061
Key Down;Z;1361126
Key Down;Q;1361278
Key Up;Q;1362270
Key Down;Q;1362622
Key Up;Z;1362845
Key Up;Q;1363478
Key Down;Q;1363974
Key Down;Z;1364405
Key Up;Q;1365181
Key Down;Q;1365622
Key Up;Z;1365653
Key Up;Q;1365725
Key Down;Z;1366638
Key Up;Z;1366782
Key Down;Q;1367110
Key Up;Q;1367349
Key Down;Z;1367381
Key Up;Z;1367550
Key Down;Z;1368413
Key Down;Q;1368469
Key Up;Q;1368582
Key Up;Z;1368645
Key Down;Z;1368749
Key Down;Q;1368854
Key Up;Q;1368902
Key Up;Z;1369421
Key Down;D;1369438
Key Down;S;1369685
Key Up;S;1369846
Key Down;Z;1370030
Key Up;D;1370158
Key Up;Z;1370237
Key Down;Q;1370342
Key Up;Q;1370421
Key Down;S;1370478
Key Down;Q;1370798
Key Up;S;1370917
Key Up;Q;1370997
Key Down;Z;1371021
Key Up;Z;1371238
Key Down;S;1371517
Key Down;D;1371565
Key Up;D;1371653
Key Down;D;1371901
Key Up;D;1372038
Key Down;Q;1372150
Key Up;S;1372358
Key Down;Z;1372469
Key Up;Q;1372501
Key Up;Z;1372782
Key Down;D;1372797
Key Up;D;1373790
Key Down;Q;1373797
Key Up;Q;1374358
Key Down;Q;1376462
Key Down;Z;1376469
Key Up;Q;1376710
Key Up;Z;1377142
Key Down;Z;1377294
Key Down;D;1377830
Key Up;Z;1377925
Key Down;Z;1378118
Key Up;Z;1378374
Key Down;Z;1379102
Key Up;Z;1379933
Key Down;S;1380677
Key Up;S;1380942
Key Down;NumPad 3;1381271
Key Up;NumPad 3;1381407
Key Down;S;1381790
Key Up;D;1382126
Key Down;D;1382550
Key Up;S;1382765
Key Up;D;1382966
Key Down;S;1383181
Key Down;D;1383374
Key Up;S;1383518
Key Down;S;1383758
Key Up;D;1384190
Key Up;S;1384261
Key Down;S;1385269
Key Down;D;1385365
Key Up;S;1385494
Key Up;D;1386302
Key Down;Z;1386734
Key Down;Q;1387158
Key Up;Z;1387325
Key Down;S;1387510
Key Up;Q;1387749
Key Down;Q;1387990
Key Up;Q;1388494
Key Down;Q;1388925
Key Up;Q;1389374
Key Down;D;1389942
Key Down;NumPad 3;1389967
Key Up;NumPad 3;1390016
Key Up;D;1390045
Key Down;Q;1390181
Key Up;S;1390470
Key Down;Z;1390725
Key Up;Z;1391166
Key Down;Z;1392590
Key Up;Z;1392782
Key Down;NumPad 3;1393969
Key Up;NumPad 3;1394033
Key Down;Z;1394302
Key Up;Q;1395310
Key Up;Z;1395726
Key Down;D;1399005
Key Down;Z;1401062
Key Up;D;1401118
Key Down;D;1401549
Key Up;D;1402189
Key Down;Q;1402390
Key Up;Z;1403229
Key Down;S;1403429
Key Up;Q;1403597
Key Down;D;1403886
Key Up;S;1404070
Key Down;Z;1404246
Key Up;D;1404293
Key Up;Z;1404525
Key Down;Q;1404541
Key Up;Q;1404613
Key Down;E;1412645
Key Up;E;1412757
Key Down;S;1413077
Key Down;D;1413109
Key Up;S;1413894
Key Down;S;1415078
Key Up;D;1415213
Key Up;S;1415269
Key Down;D;1416165
Key Up;D;1417445
Key Down;Z;1417701
Key Up;Z;1418013
Key Down;E;1419190
Key Up;E;1419318
Key Down;S;1426325
Key Down;D;1426470
Key Up;S;1426941
Key Up;D;1426965
Key Down;S;1428997
Key Down;D;1429062
Key Up;S;1429310
Key Up;D;1429501
Key Down;Z;1429509
Key Up;Z;1429997
