Event;Key;Time
Key Down;E;44643
Key Up;E;44739
Key Down;Z;46723
Key Down;Q;46795
Key Up;Z;47347
Key Up;Q;47523
Key Down;Z;49411
Key Down;D;49628
Key Up;Z;49995
Key Up;D;50131
Key Down;Z;51059
Key Down;Left Shift;51259
Key Up;Z;52619
Key Up;Left Shift;52627
Key Down;E;52644
Key Up;E;52796
Key Down;Z;61539
Key Down;Left Shift;61675
Key Down;Q;61980
Key Up;Q;62467
Key Down;Q;62812
Key Up;Left Shift;63868
Key Up;Q;63884
Key Up;Z;63932
Key Down;E;64124
Key Up;E;64235
Key Down;Echap;68092
Key Up;Echap;68219
Key Down;D;68564
Key Up;D;68939
Key Down;Z;68947
Key Up;Z;69084
Key Down;E;69108
Key Up;E;69172
Key Down;D;69420
Key Down;Z;69716
Key Up;D;69820
Key Down;Left Shift;69836
Key Down;D;70652
Key Up;D;70899
Key Up;Z;74172
Key Up;Left Shift;74180
Key Down;Q;75252
Key Up;Q;75651
Key Down;D;75900
Key Down;Z;75996
Key Up;D;76108
Key Up;Z;76275
Key Down;E;76420
Key Up;E;76524
Key Down;Echap;82492
Key Up;Echap;82588
Key Down;D;82844
Key Down;Z;83324
Key Up;D;83444
Key Up;Z;83516
Key Down;D;83996
Key Up;D;84132
Key Down;Q;84396
Key Up;Q;84564
Key Down;Z;84884
Key Up;Z;84972
Key Down;E;84988
Key Up;E;85060
Key Down;Echap;87596
Key Up;Echap;87676
Key Down;Z;87860
Key Down;Left Shift;88028
Key Down;D;88260
Key Up;D;88572
Key Down;Q;90900
Key Up;Left Shift;91404
Key Up;Q;91420
Key Down;E;91557
Key Up;Z;91628
Key Up;E;91724
Key Down;Z;94668
Key Down;Left Shift;94789
Key Down;Q;95972
Key Up;Q;96060
Key Down;Q;96564
Key Up;Q;96684
Key Up;Left Shift;96877
Key Up;Z;97180
Key Down;Z;97509
Key Up;Z;97565
Key Down;T;98556
Key Up;T;98628
Key Down;T;99068
Key Up;T;99148
Key Down;D;100564
Key Down;Z;100685
Key Down;Left Shift;100773
Key Up;D;100845
Key Up;Left Shift;102844
Key Up;Z;102988
Key Down;E;103172
Key Up;E;103293
Key Down;Echap;107020
Key Up;Echap;107141
Key Down;D;107540
Key Down;Z;107973
Key Up;D;108044
Key Up;Z;108389
Key Down;E;108405
Key Up;E;108485
Key Down;Z;113957
Key Down;Q;114581
Key Up;Q;114908
Key Down;Left Shift;115069
Key Down;Q;117901
Key Up;Left Shift;118349
Key Up;Q;118461
Key Up;Z;118493
Key Down;E;118565
Key Up;E;118708
Key Down;Q;119476
Key Down;Left Shift;119821
Key Down;Z;119893
Key Up;Q;120132
Key Up;Left Shift;120317
Key Down;E;120453
Key Up;Z;120461
Key Up;E;120597
Key Down;Z;121373
Key Down;Left Shift;121492
Key Up;Left Shift;122285
Key Down;E;122389
Key Up;Z;122453
Key Up;E;122613
Key Down;Z;123605
Key Down;Left Shift;123949
Key Up;Left Shift;124205
Key Up;Z;124317
Key Down;E;124373
Key Up;E;124485
Key Down;Echap;137845
Key Up;Echap;137958
Key Down;Q;138749
Key Down;Z;138981
Key Down;Left Shift;139189
Key Up;Z;141165
Key Up;Left Shift;141173
Key Up;Q;141198
Key Down;Q;141605
Key Up;Q;141709
Key Down;Z;141902
Key Up;Z;141942
Key Down;D;142277
Key Down;Z;142630
Key Up;D;142638
Key Up;Z;142733
Key Down;E;143093
Key Up;E;143182
Key Down;Left Shift;144429
Key Up;Left Shift;145341
Key Down;Echap;155893
Key Up;Echap;156005
Key Down;Q;156501
Key Down;Z;156750
Key Up;Q;156886
Key Up;Z;157022
Key Down;E;157157
Key Up;E;157277
Key Down;Echap;159390
Key Up;Echap;159470
Key Down;Z;159677
Key Down;D;160014
Key Up;D;160429
Key Down;Left Shift;160461
Key Up;Left Shift;162798
Key Up;Z;162886
Key Down;Z;163813
Key Down;Left Shift;163926
Key Down;Q;165614
Key Up;Q;165958
Key Down;Q;171990
Key Up;Q;172406
Key Up;Z;173726
Key Up;Left Shift;173734
Key Down;E;173790
Key Up;E;173910
Key Down;Echap;177806
Key Up;Echap;177894
Key Down;Q;178430
Key Down;Z;178750
Key Down;Left Shift;178846
Key Up;Q;179454
Key Up;Left Shift;182318
Key Up;Z;182390
Key Down;D;185382
Key Down;Z;185582
Key Up;D;185686
Key Down;Left Shift;185694
Key Up;Left Shift;186030
Key Up;Z;186158
Key Down;E;187470
Key Up;E;187574
Key Down;Z;192318
Key Down;Q;192718
Key Up;Q;192822
Key Down;Q;193422
Key Up;Q;194126
Key Up;Z;194319
Key Down;Z;194991
Key Up;Z;195151
Key Down;E;195518
Key Up;E;195623
Key Down;D;203311
Key Down;Z;203487
Key Up;D;204470
Key Up;Z;204719
Key Down;E;205014
Key Up;E;205134
Key Down;Z;216687
Key Up;Z;217054
Key Down;E;217215
Key Up;E;217327
Key Down;D;361210
Key Down;Z;361442
Key Up;D;362258
Key Up;Z;362594
Key Down;E;362826
Key Up;E;362978
Key Down;Z;464517
Key Down;Q;464956
Key Up;Q;465229
Key Up;Z;465412
Key Down;E;465492
Key Up;E;465596
Key Down;Echap;469013
Key Up;Echap;469125
Key Down;Echap;471773
Key Up;Echap;471900
Key Down;Echap;473828
Key Up;Echap;473940
Key Down;Echap;474453
Key Up;Echap;474580
Key Down;Z;475316
Key Up;Z;475348
Key Down;E;476861
Key Up;E;476997
Key Down;Echap;485989
Key Up;Echap;486077
Key Down;Z;487108
Key Down;Left Shift;487373
Key Up;Left Shift;488893
Key Up;Z;488909
Key Down;E;489020
Key Up;E;489133
Key Down;Z;494837
Key Down;Left Shift;495133
Key Down;Q;495901
Key Up;Q;497285
Key Down;D;497789
Key Up;D;499253
Key Down;D;503125
Key Up;D;504245
Key Down;Espace;505901
Key Up;Espace;506414
Key Down;D;507621
Key Up;D;508358
Key Up;Left Shift;510125
Key Up;Z;510181
Key Down;E;510253
Key Up;E;510374
Key Down;Z;520645
Key Down;Left Shift;520846
Key Down;Q;522150
Key Up;Q;522549
Key Down;Espace;523670
Key Up;Espace;523917
Key Up;Left Shift;524573
Key Up;Z;524621
Key Down;Z;525213
Key Down;Left Shift;525317
Key Down;Espace;525534
Key Down;Q;525869
Key Up;Espace;525877
Key Down;Espace;526174
Key Up;Espace;526334
Key Down;Espace;526686
Key Up;Espace;526726
Key Up;Q;527173
Key Down;Q;527982
Key Up;Q;528453
Key Down;Q;529157
Key Up;Q;529725
Key Down;Espace;530397
Key Up;Espace;530654
Key Down;Espace;530990
Key Up;Espace;531149
Key Up;Left Shift;535390
Key Up;Z;535406
Key Down;E;535486
Key Up;E;535598
Key Down;Z;552199
Key Down;Left Shift;552318
Key Down;D;554614
Key Up;D;555278
Key Down;Q;555726
Key Up;Z;556118
Key Down;Z;557302
Key Up;Q;557366
Key Up;Z;567926
Key Up;Left Shift;567950
Key Down;E;567966
Key Up;E;568070
Key Down;Espace;569902
Key Up;Espace;570087
Key Down;E;570662
Key Up;E;570759
Key Down;Z;574927
Key Down;Left Shift;575431
Key Down;Q;584391
Key Up;Q;585623
Key Down;Q;588735
Key Up;Q;589031
Key Up;Left Shift;589063
Key Down;Q;589623
Key Down;Left Shift;589631
Key Up;Q;589775
Key Down;Espace;589927
Key Up;Espace;590143
Key Up;Left Shift;590831
Key Down;Espace;592055
Key Up;Espace;592463
Key Up;Z;592847
Key Down;Z;593239
Key Up;Z;593711
Key Down;E;593968
Key Up;E;594055
Key Down;D;595079
Key Down;S;595087
Key Up;S;595607
Key Down;Z;595847
Key Up;D;596648
Key Up;Z;597087
Key Down;E;599384
Key Up;E;599471
Key Down;E;601312
Key Up;E;601400
Key Down;E;601919
Key Up;E;602056
Key Down;E;602696
Key Up;E;602823
Key Down;Q;603647
Key Down;Z;603791
Key Down;Left Shift;603944
Key Up;Z;604592
Key Down;S;604887
Key Up;Q;605727
Key Down;D;607159
Key Up;S;607352
Key Up;D;607727
Key Up;Left Shift;607920
Key Down;Z;616880
Key Down;Left Shift;616967
Key Down;Q;618616
Key Up;Q;620792
Key Down;Q;624632
Key Up;Q;628415
Key Down;D;628736
Key Up;D;630072
Key Down;Q;631152
Key Up;Q;631944
Key Up;Left Shift;634320
Key Up;Z;634352
Key Down;Z;651025
Key Down;Left Shift;651224
Key Down;Q;654744
Key Up;Q;655056
Key Up;Left Shift;655144
Key Up;Z;655224
Key Down;Z;656376
Key Up;Z;657009
Key Down;Z;668665
Key Down;Left Shift;668785
Key Up;Left Shift;671369
Key Up;Z;671489
Key Down;Z;686513
Key Down;Left Shift;686737
Key Down;D;688465
Key Up;D;689185
Key Up;Left Shift;691921
Key Up;Z;691953
Key Down;Z;700313
Key Down;Left Shift;700473
Key Up;Left Shift;701673
Key Up;Z;701713
Key Down;Z;719858
Key Down;Left Shift;719954
Key Down;D;723402
Key Up;D;726274
Key Down;Espace;726466
Key Down;Q;726995
Key Up;Espace;727002
Key Down;Espace;727282
Key Up;Q;727290
Key Up;Espace;727642
Key Down;Q;727667
Key Up;Q;728210
Key Down;Espace;728282
Key Up;Espace;728466
Key Down;Q;728842
Key Up;Q;729370
Key Down;Espace;729794
Key Down;Q;729802
Key Up;Espace;729970
Key Up;Q;730010
Key Down;Espace;730274
Key Up;Espace;730426
Key Down;Q;730466
Key Up;Z;732634
Key Down;S;733019
Key Up;Q;733082
Key Down;D;733218
Key Up;S;735003
Key Down;Z;735218
Key Up;D;735338
Key Down;D;738387
Key Up;D;740002
Key Up;Left Shift;740642
Key Down;Left Shift;742850
Key Up;Left Shift;744347
Key Down;E;744395
Key Up;Z;744403
Key Up;E;744514
Key Down;Q;744818
Key Down;Z;745011
Key Up;Q;745067
Key Down;E;745147
Key Up;Z;745155
Key Up;E;745274
Key Down;X;755875
Key Up;X;755978
Key Down;Echap;759691
Key Up;Echap;759835
Key Down;Z;760891
Key Down;Left Shift;761059
Key Down;Espace;765003
Key Up;Espace;765171
Key Up;Z;765739
Key Up;Left Shift;765763
Key Down;Q;766483
Key Down;Z;766891
Key Up;Q;767171
Key Up;Z;767291
Key Down;D;770099
Key Down;Espace;770203
Key Down;Z;770363
Key Up;Espace;770387
Key Up;D;770587
Key Up;Z;770691
Key Down;Q;772971
Key Down;Z;773115
Key Up;Q;773995
Key Up;Z;774299
Key Down;D;775547
Key Down;Z;775603
Key Down;Espace;775843
Key Up;Espace;776019
Key Up;D;776579
Key Up;Z;776755
Key Down;Q;780436
Key Up;Q;780571
Key Down;Z;780891
Key Up;Z;780996
Key Down;D;787243
Key Down;Z;787307
Key Up;D;787459
Key Down;Left Shift;787620
Key Down;D;788308
Key Up;D;788916
Key Down;D;789163
Key Up;Left Shift;789779
Key Up;D;789827
Key Up;Z;789859
Key Down;Q;790051
Key Down;Z;790252
Key Up;Q;790364
Key Up;Z;790515
Key Down;Q;790916
Key Down;Z;791052
Key Down;Left Shift;791243
Key Up;Q;791612
Key Up;Z;791628
Key Down;D;791700
Key Down;Z;792276
Key Up;Left Shift;792523
Key Up;Z;792563
Key Up;D;792579
Key Down;Q;792844
Key Down;Z;793004
Key Up;Q;793588
Key Up;Z;793732
Key Down;Z;794228
Key Down;Left Shift;794356
Key Down;D;794436
Key Up;D;794764
Key Up;Z;795564
Key Up;Left Shift;795580
Key Down;Z;796300
Key Up;Z;796436
Key Down;F;797251
Key Up;F;797331
Key Down;Q;797468
Key Down;Z;797819
Key Up;Q;798603
Key Up;Z;798611
Key Down;D;799235
Key Down;Z;799323
Key Down;Left Shift;799428
Key Up;D;799476
Key Up;Left Shift;801668
Key Up;Z;801692
Key Down;F;801748
Key Up;F;801851
Key Down;Z;802156
Key Down;Left Shift;802164
Key Down;Q;802180
Key Up;Q;802555
Key Up;Left Shift;804603
Key Up;Z;804619
Key Down;Z;805219
Key Down;Left Shift;805323
Key Up;Z;806627
Key Up;Left Shift;806635
Key Down;Z;806788
Key Down;Left Shift;806900
Key Down;Espace;807468
Key Up;Espace;807644
Key Down;Q;808884
Key Up;Q;809203
Key Up;Left Shift;809596
Key Up;Z;809684
Key Down;E;810052
Key Up;E;810148
Key Down;Echap;812012
Key Up;Echap;812084
Key Down;Q;812444
Key Down;Z;812748
Key Up;Q;812836
Key Up;Z;812860
Key Down;E;813428
Key Up;E;813524
Key Down;Echap;816244
Key Up;Echap;816324
Key Down;Tab;816940
Key Up;Tab;817044
Key Down;C;817884
Key Up;C;817972
Key Down;C;818956
Key Up;C;819060
Key Down;X;819524
Key Up;X;819588
Key Down;X;820124
Key Up;X;820204
Key Down;Echap;822116
Key Up;Echap;822204
Key Down;Echap;823085
Key Up;Echap;823180
Key Down;E;824164
Key Up;E;824220
Key Down;Echap;828476
Key Up;Echap;828580
Key Down;D;828989
Key Down;Z;829172
Key Down;Left Shift;829276
Key Up;D;829332
Key Down;Espace;832620
Key Up;Espace;832788
Key Down;Espace;833156
Key Up;Espace;833316
Key Down;Espace;833629
Key Up;Espace;833725
Key Down;D;835260
Key Up;D;835693
Key Up;Left Shift;844069
Key Up;Z;844093
Key Down;E;844109
Key Up;E;844245
Key Down;Z;848445
Key Down;Left Shift;848596
Key Up;Left Shift;849437
Key Up;Z;849605
Key Down;Z;849852
Key Up;Z;850237
Key Down;Z;851180
Key Down;Left Shift;851333
Key Up;Left Shift;852189
Key Up;Z;852221
Key Down;E;852285
Key Up;E;852421
Key Down;Z;857861
Key Down;Left Shift;858173
Key Up;Left Shift;860845
Key Up;Z;860861
Key Down;E;860957
Key Up;E;861085
Key Down;Z;864461
Key Down;Left Shift;864621
Key Up;Left Shift;864685
Key Down;Left Shift;864765
Key Up;Left Shift;865621
Key Up;Z;865837
Key Down;D;866229
Key Down;Z;866445
Key Up;D;866645
Key Up;Z;866909
Key Down;E;867022
Key Up;E;867141
Key Down;Echap;880429
Key Up;Echap;880509
Key Down;Z;882678
Key Down;Left Shift;882830
Key Up;Left Shift;883982
Key Up;Z;883998
Key Down;E;884046
Key Up;E;884190
Key Down;Z;890230
Key Down;Left Shift;890358
Key Down;Espace;900862
Key Up;Espace;901046
Key Up;Z;906598
Key Up;Left Shift;906606
Key Down;E;906710
Key Up;E;906822
Key Down;Echap;911214
Key Up;Echap;911326
Key Down;D;911750
Key Down;Z;911926
Key Down;Left Shift;912062
Key Up;D;912134
Key Down;Q;913286
Key Up;Q;913822
Key Down;Q;914407
Key Up;Q;914854
Key Down;D;916822
Key Up;D;917318
Key Up;Left Shift;917478
Key Up;Z;917558
Key Down;Z;919862
Key Down;D;919998
Key Up;D;920534
Key Up;Z;920774
Key Down;Q;921206
Key Up;Q;921286
Key Down;Z;921631
Key Up;Z;921671
Key Down;Q;922343
Key Up;Q;922447
Key Down;Z;922702
Key Up;Z;922766
Key Down;Q;927023
Key Down;Z;927166
Key Down;Left Shift;927294
Key Up;Q;927318
Key Down;D;927806
Key Up;D;928030
Key Down;D;929286
Key Up;D;929398
Key Down;D;931286
Key Up;D;931974
Key Up;Z;933015
Key Up;Left Shift;933039
Key Down;E;933198
Key Up;E;933318
Key Down;Echap;935767
Key Up;Echap;935854
Key Down;D;936223
Key Down;Z;936359
Key Down;Espace;936558
Key Up;D;936622
Key Down;D;936687
Key Up;Espace;936743
Key Up;Z;937798
Key Up;D;937806
Key Down;Q;938287
Key Up;Q;938415
Key Down;Z;938687
Key Up;Z;938751
Key Down;Q;939806
Key Down;Espace;939951
Key Down;Z;940063
Key Up;Espace;940191
Key Up;Q;940510
Key Up;Z;941815
Key Down;E;941839
Key Up;E;941943
Key Down;Echap;947103
Key Up;Echap;947183
Key Down;Z;948143
Key Down;Q;948655
Key Up;Z;948823
Key Up;Q;948863
Key Down;Z;949239
Key Up;Z;949359
Key Down;E;949848
Key Up;E;949959
Key Down;Echap;954407
Key Up;Echap;954488
Key Down;D;954847
Key Down;Z;955112
Key Up;D;955287
Key Up;Z;955511
Key Down;E;955527
Key Up;E;955599
Key Down;Echap;961575
Key Up;Echap;961688
Key Down;D;962296
Key Down;Z;962384
Key Up;D;962543
Key Down;Espace;962887
Key Up;Espace;963175
Key Up;Z;963959
Key Down;Z;964448
Key Up;Z;964775
Key Down;Espace;967064
Key Up;Espace;967176
Key Down;Q;967760
Key Down;Z;967951
Key Up;Z;968143
Key Up;Q;968296
Key Down;D;968520
Key Down;S;968767
Key Up;D;968807
Key Down;D;969128
Key Up;S;969208
Key Down;Z;969447
Key Up;D;969704
Key Up;Z;969911
Key Down;E;970015
Key Up;E;970111
Key Down;Echap;972703
Key Up;Echap;972823
Key Down;Z;973255
Key Down;Left Shift;973375
Key Down;Q;973935
Key Up;Q;974352
Key Down;Q;974703
Key Up;Q;974880
Key Up;Left Shift;974960
Key Up;Z;975064
Key Down;Z;975359
Key Down;Espace;975512
Key Up;Espace;975648
Key Down;D;975736
Key Up;Z;975927
Key Down;Z;976071
Key Up;D;976127
Key Up;Z;976384
Key Down;D;977008
Key Up;D;977088
Key Down;D;977520
Key Up;D;977776
Key Down;Z;977928
Key Up;Z;977999
Key Down;E;978735
Key Up;E;978832
Key Down;Echap;982095
Key Up;Echap;982168
Key Down;Z;982336
Key Down;Left Shift;982648
Key Down;D;983407
Key Up;D;983664
Key Down;Espace;984111
Key Up;Espace;984248
Key Up;Left Shift;984759
Key Up;Z;984872
Key Down;Z;985176
Key Down;D;985336
Key Up;Z;985399
Key Up;D;985407
Key Down;Z;985776
Key Up;Z;985848
Key Down;Q;987488
Key Down;Z;987816
Key Down;Left Shift;988055
Key Up;Left Shift;989064
Key Up;Q;989096
Key Up;Z;989256
Key Down;E;989264
Key Up;E;989384
Key Down;Echap;996544
Key Up;Echap;996640
Key Down;Q;997704
Key Down;Z;997872
Key Up;Q;998041
Key Down;Espace;998392
Key Up;Espace;998705
Key Up;Z;999208
Key Down;Z;999440
Key Up;Z;999552
Key Down;D;999904
Key Up;D;1000208
Key Down;Z;1000816
Key Up;Z;1000864
Key Down;E;1001144
Key Up;E;1001224
Key Down;Echap;1003056
Key Up;Echap;1003128
Key Down;Z;1003672
Key Up;Z;1005120
Key Down;Z;1005409
Key Down;D;1005441
Key Up;D;1006136
Key Up;Z;1006344
Key Down;Q;1006864
Key Down;Z;1007080
Key Up;Q;1007369
Key Down;D;1008168
Key Up;D;1008560
Key Up;Z;1008601
Key Down;Z;1011544
Key Up;Z;1012081
Key Down;E;1012200
Key Up;E;1012336
Key Down;Echap;1014073
Key Up;Echap;1014192
Key Down;D;1014697
Key Down;Z;1014968
Key Up;D;1016456
Key Up;Z;1016817
Key Down;Z;1017305
Key Down;Left Shift;1017473
Key Down;D;1017800
Key Up;D;1018424
Key Up;Left Shift;1019128
Key Up;Z;1019153
Key Down;E;1019225
Key Up;E;1019345
Key Down;D;1019865
Key Down;Z;1020665
Key Up;D;1020857
Key Up;Z;1021201
Key Down;E;1021209
Key Up;E;1021353
Key Down;Z;1022049
Key Down;Left Shift;1022153
Key Up;Left Shift;1023016
Key Up;Z;1023113
Key Down;E;1023121
Key Up;E;1023257
Key Down;D;1024057
Key Down;Z;1024320
Key Down;Left Shift;1024433
Key Up;D;1024841
Key Up;Z;1025153
Key Up;Left Shift;1025161
Key Down;E;1025225
Key Up;E;1025329
Key Down;Echap;1026153
Key Up;Echap;1026233
Key Down;D;1026449
Key Down;Z;1026745
Key Up;D;1026992
Key Up;Z;1027113
Key Down;E;1027137
Key Up;E;1027241
Key Down;Echap;1034161
Key Up;Echap;1034265
Key Down;Q;1034713
Key Down;Z;1034953
Key Up;Q;1035329
Key Up;Z;1035377
Key Down;E;1035465
Key Up;E;1035601
Key Down;Echap;1041297
Key Up;Echap;1041393
Key Down;Q;1041753
Key Down;Z;1042393
Key Up;Q;1042497
Key Up;Z;1042577
Key Down;E;1042617
Key Up;E;1042729
Key Down;NumPad 2;1048401
Key Down;NumPad 1;1048497
Key Up;NumPad 2;1048529
Key Up;NumPad 1;1048585
Key Down;Echap;1055498
Key Up;Echap;1055577
Key Down;Q;1055994
Key Down;Z;1056481
Key Up;Q;1056602
Key Up;Z;1056746
Key Down;E;1056810
Key Up;E;1056913
Key Down;NumPad 2;1062937
Key Down;NumPad 1;1063041
Key Up;NumPad 2;1063106
Key Up;NumPad 1;1063146
Key Down;Echap;1064690
Key Up;Echap;1064777
Key Down;Q;1065242
Key Down;Z;1065922
Key Up;Q;1065962
Key Up;Z;1066113
Key Down;E;1066394
Key Up;E;1066482
Key Down;Z;1067018
Key Up;Z;1067130
Key Down;NumPad 2;1073690
Key Down;NumPad 1;1073786
Key Up;NumPad 2;1073858
Key Up;NumPad 1;1073898
Key Down;Echap;1075858
Key Up;Echap;1075978
Key Down;Q;1077106
Key Down;Z;1077274
Key Up;Q;1077810
Key Up;Z;1077858
Key Down;E;1077898
Key Up;E;1078026
Key Down;NumPad 2;1083642
Key Down;NumPad 1;1083770
Key Up;NumPad 2;1083826
Key Up;NumPad 1;1083866
Key Down;Echap;1086514
Key Up;Echap;1086634
Key Down;Q;1087018
Key Down;Z;1087331
Key Up;Q;1087746
Key Up;Z;1087802
Key Down;E;1087826
Key Up;E;1087954
Key Down;Echap;1092498
Key Up;Echap;1092595
Key Down;Z;1093339
Key Down;Left Shift;1093379
Key Down;Espace;1094962
Key Up;Espace;1095114
Key Up;Left Shift;1095403
Key Up;Z;1095411
Key Down;E;1096003
Key Up;E;1096099
Key Down;Echap;1097786
Key Up;Echap;1097875
Key Down;D;1098258
Key Down;Z;1098442
Key Down;Left Shift;1098579
Key Up;D;1099050
Key Up;Z;1099203
Key Down;Z;1099411
Key Down;Q;1099931
Key Up;Q;1100043
Key Up;Left Shift;1100410
Key Down;D;1100442
Key Up;D;1100898
Key Up;Z;1100930
Key Down;Z;1101315
Key Up;Z;1101442
Key Down;E;1101522
Key Up;E;1101618
Key Down;D;1102322
Key Down;Z;1103042
Key Up;D;1103083
Key Up;Z;1103307
Key Down;E;1103395
Key Up;E;1103482
Key Down;Echap;1107450
Key Up;Echap;1107546
Key Down;D;1108003
Key Down;Z;1108154
Key Down;Left Shift;1108218
Key Up;D;1108258
Key Down;Espace;1108427
Key Up;Espace;1108699
Key Up;Left Shift;1109219
Key Up;Z;1109275
Key Down;D;1110611
Key Down;Z;1111027
Key Up;D;1111179
Key Up;Z;1111379
Key Down;E;1111506
Key Up;E;1111618
Key Down;Z;1111803
Key Up;Z;1111971
Key Down;E;1112106
Key Up;E;1112202
Key Down;Z;1113107
Key Down;Left Shift;1113251
Key Down;D;1113434
Key Up;D;1114027
Key Down;Espace;1117763
Key Up;Espace;1117931
Key Down;Espace;1118547
Key Up;Espace;1118834
Key Down;Q;1123883
Key Up;Q;1124899
Key Up;Z;1128908
Key Up;Left Shift;1128916
Key Down;E;1128971
Key Up;E;1129107
Key Down;Z;1132275
Key Up;Z;1132555
Key Down;Z;1134764
Key Down;Left Shift;1134868
Key Up;Left Shift;1135484
Key Up;Z;1135532
Key Down;Z;1136116
Key Down;Left Shift;1136235
Key Up;Z;1137003
Key Up;Left Shift;1137043
Key Down;E;1137099
Key Up;E;1137211
Key Down;Z;1143380
Key Down;D;1144451
Key Up;D;1144883
Key Up;Z;1144979
Key Down;Z;1145643
Key Up;Z;1145835
Key Down;A;1146363
Key Up;A;1146475
Key Down;Tab;1147635
Key Up;Tab;1147731
Key Down;M;1149075
Key Up;M;1149131
Key Down;Echap;1163020
Key Up;Echap;1163148
Key Down;A;1170836
Key Up;A;1170932
Key Down;M;1172237
Key Up;M;1172284
Key Down;Echap;1207813
Key Up;Echap;1207957
Key Down;Z;1212037
Key Down;Left Shift;1212157
Key Up;Left Shift;1214861
Key Up;Z;1214869
Key Down;E;1214973
Key Up;E;1215093
Key Down;Z;1218477
Key Down;Left Shift;1218589
Key Down;D;1219181
Key Up;D;1219245
Key Up;Left Shift;1219525
Key Up;Z;1219533
Key Down;E;1219693
Key Up;E;1219797
Key Down;Echap;1244189
Key Up;Echap;1244326
Key Down;Echap;1307071
Key Up;Echap;1307248
Key Down;Echap;1307959
Key Up;Echap;1308135
Key Down;Echap;1308807
Key Up;Echap;1308967
Key Down;Z;1311192
Key Down;Left Shift;1311824
Key Up;Z;1312383
Key Up;Left Shift;1312391
Key Down;E;1312456
Key Up;E;1312600
Key Down;Z;1318655
Key Down;Left Shift;1318839
Key Down;D;1321391
Key Up;D;1322823
Key Down;Espace;1328847
Key Up;Espace;1329280
Key Up;Left Shift;1332240
Key Up;Z;1332280
Key Down;Z;1333048
Key Down;Left Shift;1333080
Key Up;Z;1334288
Key Up;Left Shift;1334304
Key Down;E;1334440
Key Up;E;1334560
Key Down;Z;1338176
Key Down;Left Shift;1338256
Key Up;Left Shift;1340368
Key Up;Z;1340400
Key Down;Z;1341064
Key Down;Q;1341232
Key Up;Q;1341375
Key Up;Z;1341415
Key Down;E;1341480
Key Up;E;1341624
Key Down;D;1342184
Key Down;Z;1342992
Key Up;D;1343064
Key Up;Z;1343320
Key Down;E;1343376
Key Up;E;1343496
Key Down;Echap;1349896
Key Up;Echap;1349968
Key Down;Z;1350512
Key Down;Left Shift;1350592
Key Down;Q;1351960
Key Up;Left Shift;1352713
Key Up;Q;1352721
Key Up;Z;1352776
Key Down;Q;1352952
Key Up;Q;1353160
Key Down;Z;1353264
Key Up;Z;1353377
Key Down;E;1353449
Key Up;E;1353552
Key Down;Echap;1355104
Key Up;Echap;1355192
Key Down;Q;1355568
Key Down;Z;1355904
Key Up;Q;1355944
Key Up;Z;1356041
Key Down;E;1356336
Key Up;E;1356432
Key Down;Echap;1357848
Key Up;Echap;1357928
Key Down;D;1358240
Key Down;Z;1358400
Key Down;Left Shift;1358528
Key Up;D;1358896
Key Down;D;1360049
Key Up;D;1360176
Key Up;Left Shift;1360496
Key Up;Z;1360512
Key Down;Z;1360800
Key Up;Z;1360976
Key Down;D;1361864
Key Down;Z;1362192
Key Up;D;1362208
Key Up;Z;1362352
Key Down;E;1365329
Key Up;E;1365432
Key Down;Z;1365873
Key Up;Z;1366033
Key Down;E;1366144
Key Up;E;1366256
Key Down;Z;1366728
Key Up;Z;1366856
Key Down;E;1367032
Key Up;E;1367137
Key Down;Z;1367720
Key Up;Z;1368033
Key Down;Z;1368184
Key Down;Left Shift;1368360
Key Down;Q;1370457
Key Up;Q;1370561
Key Down;F;1370617
Key Up;Z;1370673
Key Up;F;1370728
Key Up;Left Shift;1370800
Key Down;Z;1370912
Key Down;Left Shift;1371008
Key Down;D;1372344
Key Up;D;1373177
Key Up;Left Shift;1373552
Key Down;D;1373600
Key Up;D;1373761
Key Up;Z;1373793
Key Down;Z;1374065
Key Up;Z;1374224
Key Down;Q;1374409
Key Up;Q;1374473
Key Down;Z;1374816
Key Up;Z;1374880
Key Down;Z;1376057
Key Down;Left Shift;1376105
Key Down;Q;1376992
Key Up;Q;1377393
Key Down;F;1378457
Key Up;Z;1378489
Key Up;F;1378545
Key Up;Left Shift;1378801
Key Down;D;1379025
Key Down;Left Shift;1379225
Key Down;Z;1379441
Key Up;D;1380121
Key Up;Left Shift;1380129
Key Up;Z;1380312
Key Down;D;1380609
Key Down;Z;1380665
Key Up;D;1380673
Key Up;Z;1380793
Key Down;D;1384216
Key Down;Z;1384232
Key Up;Z;1384649
Key Up;D;1384689
Key Down;Z;1384928
Key Down;Left Shift;1385033
Key Down;D;1385417
Key Up;D;1386217
Key Up;Left Shift;1389313
Key Up;Z;1389337
Key Down;Q;1389713
Key Down;Z;1389889
Key Up;Q;1389945
Key Up;Z;1390009
Key Down;E;1390609
Key Up;E;1390697
Key Down;Echap;1392745
Key Up;Echap;1392825
Key Down;D;1393225
Key Down;Z;1393521
Key Up;D;1393601
Key Down;Left Shift;1393681
Key Down;Espace;1393809
Key Up;Espace;1393953
Key Down;D;1394793
Key Up;D;1395841
Key Down;Q;1398633
Key Up;Q;1400665
Key Down;D;1401441
Key Up;D;1403025
Key Up;Z;1403161
Key Up;Left Shift;1403193
Key Down;Z;1408698
Key Down;Left Shift;1408858
Key Down;D;1409530
Key Up;D;1410001
Key Down;Q;1410449
Key Up;Q;1410826
Key Down;Q;1411225
Key Up;Q;1411426
Key Up;Left Shift;1411697
Key Up;Z;1411769
Key Down;E;1411994
Key Up;E;1412098
Key Down;Z;1415450
Key Down;Q;1415777
Key Down;Left Shift;1415938
Key Up;Q;1416154
Key Up;Left Shift;1416194
Key Up;Z;1416337
Key Down;Z;1416465
Key Up;Z;1416746
Key Down;E;1418098
Key Up;E;1418194
Key Down;Z;1420538
Key Down;Left Shift;1420722
Key Up;Left Shift;1421105
Key Up;Z;1421234
Key Down;E;1421306
Key Up;E;1421458
Key Down;A;1427938
Key Up;A;1428050
Key Down;C;1429698
Key Up;C;1429770
Key Down;Echap;1513492
Key Up;Echap;1513596
Key Down;Z;1514268
Key Down;Left Shift;1514428
Key Down;D;1515172
Key Up;D;1516492
Key Down;D;1520996
Key Up;D;1521332
Key Down;Q;1525284
Key Up;Q;1525948
Key Down;Q;1527764
Key Up;Q;1528093
Key Down;Espace;1528220
Key Down;Q;1528324
Key Up;Espace;1528396
Key Up;Left Shift;1530404
Key Up;Q;1530468
Key Up;Z;1530669
Key Down;E;1531004
Key Up;E;1531132
Key Down;Z;1532636
Key Up;Z;1532749
Key Down;D;1533900
Key Down;Z;1534093
Key Down;Left Shift;1534204
Key Up;D;1534268
Key Down;Espace;1535148
Key Down;D;1535477
Key Up;Espace;1535501
Key Up;D;1535924
Key Down;Q;1539293
Key Up;Q;1539517
Key Down;D;1540677
Key Up;Left Shift;1541965
Key Up;Z;1541981
Key Down;Left Shift;1543788
Key Down;S;1544085
Key Up;S;1546885
Key Down;S;1547317
Key Up;D;1548149
Key Down;D;1548428
Key Up;D;1549700
Key Down;D;1549884
Key Up;D;1550269
Key Down;D;1551828
Key Up;S;1553293
Key Up;Left Shift;1553917
Key Up;D;1553933
Key Down;Z;1680656
Key Down;Left Shift;1680856
Key Down;Espace;1686720
Key Up;Espace;1686888
Key Down;Q;1687424
Key Up;Q;1688720
Key Down;Q;1691000
Key Up;Q;1691552
Key Up;Left Shift;1691584
Key Up;Z;1691720
Key Down;E;1692632
Key Up;E;1692744
Key Down;Z;1694288
Key Down;Q;1694296
Key Down;Left Shift;1694392
Key Up;Left Shift;1696168
Key Up;Q;1696176
Key Up;Z;1696240
Key Down;Q;1697424
Key Up;Q;1697624
Key Down;Z;1697768
Key Up;Z;1697832
Key Down;E;1698272
Key Up;E;1698296
Key Down;D;1698480
Key Up;D;1698728
Key Down;Z;1698736
Key Up;Z;1698856
Key Down;Q;1699056
Key Up;Q;1699152
Key Down;Z;1699392
Key Up;Z;1699480
Key Down;E;1700240
Key Up;E;1700328
Key Down;Echap;1702840
Key Up;Echap;1702944
Key Down;D;1703352
Key Down;Z;1703584
Key Down;Left Shift;1703720
Key Up;D;1703880
Key Down;D;1704968
Key Up;D;1705728
Key Up;Z;1705992
Key Up;Left Shift;1706000
Key Down;E;1706160
Key Up;E;1706264
Key Down;Echap;1710904
Key Up;Echap;1711008
Key Down;Z;1712632
Key Down;Left Shift;1712704
Key Down;Q;1713217
Key Up;Z;1713952
Key Down;Z;1714288
Key Up;Left Shift;1714824
Key Up;Q;1714848
Key Up;Z;1714896
Key Down;E;1715488
Key Up;E;1715576
Key Down;Left Shift;1716648
Key Up;Left Shift;1717761
Key Down;Left Shift;1718648
Key Up;Left Shift;1719577
Key Down;Left Shift;1723041
Key Up;Left Shift;1723761
Key Down;Echap;1725880
Key Up;Echap;1725968
Key Down;D;1726433
Key Down;Z;1726584
Key Down;Left Shift;1726672
Key Up;D;1726680
Key Down;Espace;1729705
Key Up;Espace;1729865
Key Down;Espace;1730345
Key Up;Espace;1730545
Key Down;Espace;1730833
Key Up;Espace;1730937
Key Up;Left Shift;1739633
Key Up;Z;1739665
Key Down;E;1740137
Key Up;E;1740225
Key Down;Espace;1749513
Key Up;Espace;1749721
Key Down;Echap;1750721
Key Up;Echap;1750817
Key Down;Z;1751913
Key Down;Left Shift;1752025
Key Down;Espace;1760225
Key Down;Q;1760361
Key Up;Espace;1760385
Key Up;Q;1760466
Key Down;Q;1761569
Key Up;Q;1762361
Key Up;Left Shift;1762450
Key Up;Z;1762466
Key Down;E;1762713
Key Up;E;1762817
Key Down;Z;1765274
Key Down;Left Shift;1765394
Key Down;D;1777658
Key Up;D;1778058
Key Down;Q;1779146
Key Up;Q;1779609
Key Down;Q;1780154
Key Up;Q;1780986
Key Up;Z;1781410
Key Up;Left Shift;1781450
Key Down;Q;1783442
Key Down;Z;1783698
Key Up;Q;1784186
Key Up;Z;1784354
Key Down;Q;1784866
Key Down;Z;1784954
Key Up;Q;1785802
Key Down;Left Shift;1785978
Key Down;Q;1786418
Key Up;Q;1786714
Key Up;Z;1787314
Key Up;Left Shift;1787322
Key Down;E;1787634
Key Up;E;1787714
Key Down;Espace;1794851
Key Up;Espace;1795042
Key Down;Z;1796187
Key Down;Left Shift;1796322
Key Up;Z;1797938
Key Up;Left Shift;1797954
Key Down;Z;1816235
Key Down;Left Shift;1816363
Key Down;Espace;1824187
Key Up;Espace;1824347
Key Down;D;1826723
Key Up;D;1827379
Key Up;Z;1827403
Key Up;Left Shift;1827611
Key Down;D;1827747
Key Down;Z;1827755
Key Down;Left Shift;1827843
Key Up;D;1828243
Key Up;Left Shift;1830035
Key Up;Z;1830083
Key Down;E;1830211
Key Up;E;1830339
Key Down;Echap;1846652
Key Up;Echap;1846732
Key Down;Z;1847451
Key Down;Left Shift;1847595
Key Down;Q;1849220
Key Up;Z;1849467
Key Down;Z;1849531
Key Up;Z;1849563
Key Up;Q;1849571
Key Up;Left Shift;1849723
Key Down;Z;1850084
Key Up;Z;1850451
Key Down;E;1850588
Key Up;E;1850684
Key Down;Echap;1860348
Key Up;Echap;1860468
Key Down;D;1860915
Key Down;Z;1861044
Key Down;Left Shift;1861164
Key Up;D;1861332
Key Down;Q;1861972
Key Up;Left Shift;1862867
Key Up;Q;1862900
Key Up;Z;1862996
Key Down;E;1863044
Key Up;E;1863164
Key Down;Echap;1869348
Key Up;Echap;1869444
Key Down;Q;1869844
Key Down;Z;1870092
Key Up;Q;1870540
Key Up;Z;1870604
Key Down;E;1870660
Key Up;E;1870796
Key Down;Echap;1880300
Key Up;Echap;1880380
Key Down;Q;1881253
Key Down;Z;1881261
Key Up;Q;1882020
Key Up;Z;1882028
Key Down;Z;1882252
Key Up;Z;1882452
Key Down;E;1882509
Key Up;E;1882628
Key Down;Q;1883492
Key Down;Z;1883948
Key Up;Q;1884372
Key Down;Q;1884573
Key Up;Z;1884748
Key Up;Q;1884988
Key Down;Q;1885261
Key Down;Z;1885965
Key Up;Q;1886116
Key Up;Z;1886364
Key Down;E;1886461
Key Up;E;1886565
Key Down;Echap;1891572
Key Up;Echap;1891644
Key Down;Q;1892044
Key Down;Z;1892445
Key Up;Z;1893117
Key Up;Q;1893197
Key Down;Z;1896653
Key Down;D;1896796
Key Up;D;1897237
Key Up;Z;1897628
Key Down;E;1897765
Key Up;E;1897893
Key Down;Echap;1913533
Key Up;Echap;1913661
Key Down;D;1914133
Key Down;Z;1914357
Key Up;D;1914693
Key Up;Z;1914909
Key Down;E;1914965
Key Up;E;1915061
Key Down;Echap;1925517
Key Up;Echap;1925629
Key Down;D;1926534
Key Down;Z;1926749
Key Up;D;1927077
Key Up;Z;1927349
Key Down;E;1927973
Key Up;E;1928077
Key Down;Echap;1929557
Key Up;Echap;1929661
Key Down;Q;1930181
Key Down;Z;1930462
Key Down;Left Shift;1930486
Key Up;Z;1931926
Key Up;Left Shift;1931934
Key Up;Q;1931942
Key Down;Z;1932869
Key Up;Z;1932981
Key Down;E;1933429
Key Up;E;1933549
Key Down;Echap;1936861
Key Up;Echap;1936989
Key Down;E;1937509
Key Up;E;1937629
Key Down;Echap;1941774
Key Up;Echap;1941878
Key Down;Q;1942334
Key Up;Q;1942518
Key Down;Z;1942725
Key Up;Z;1942781
Key Down;E;1942958
Key Up;E;1943046
Key Down;Echap;1958006
Key Up;Echap;1958134
Key Down;Z;1960062
Key Down;Q;1960557
Key Up;Q;1960758
Key Up;Z;1960766
Key Down;D;1961742
Key Down;Z;1961750
Key Up;D;1961774
Key Down;Q;1962038
Key Up;Q;1963494
Key Up;Z;1963694
Key Down;Z;1964686
Key Down;Q;1964934
Key Up;Q;1965606
Key Up;Z;1965646
Key Down;Z;1966310
Key Down;Left Shift;1966502
Key Down;Espace;1968486
Key Up;Left Shift;1968575
Key Up;Espace;1968662
Key Down;Espace;1969295
Key Up;Espace;1969470
Key Up;Z;1969871
Key Down;Z;1970430
Key Down;Espace;1970511
Key Up;Espace;1970782
Key Down;Q;1970974
Key Up;Q;1971150
Key Up;Z;1971638
Key Down;Z;1971959
Key Down;Left Shift;1972286
Key Down;Espace;1976310
Key Up;Espace;1976567
Key Up;Z;1977135
Key Up;Left Shift;1977143
Key Down;Z;1977414
Key Down;Left Shift;1977550
Key Down;Espace;1977766
Key Up;Espace;1977967
Key Down;Espace;1981839
Key Up;Espace;1982015
Key Up;Left Shift;1982079
Key Down;Espace;1982447
Key Up;Espace;1982727
Key Down;Left Shift;1982894
Key Down;Espace;1982918
Key Up;Espace;1983046
Key Up;Left Shift;1991127
Key Down;Left Shift;1995255
Key Up;Left Shift;2002511
Key Up;Z;2002527
Key Down;Z;2004367
Key Down;Left Shift;2004511
Key Up;Z;2006471
Key Up;Left Shift;2006511
Key Down;E;2007135
Key Up;E;2007223
Key Down;Z;2008247
Key Down;Left Shift;2008319
Key Up;Left Shift;2010815
Key Up;Z;2010839
Key Down;E;2010855
Key Up;E;2010967
Key Down;Espace;2016527
Key Up;Espace;2016679
Key Down;Echap;2017327
Key Up;Echap;2017431
Key Down;Z;2017983
Key Down;Left Shift;2018223
Key Down;Q;2019463
Key Up;Q;2027632
Key Down;Espace;2032320
Key Up;Espace;2032671
Key Down;Espace;2033280
Key Up;Espace;2033728
Key Down;D;2038063
Key Up;D;2038360
Key Up;Left Shift;2039168
Key Down;Left Shift;2041976
Key Down;Q;2047904
Key Up;Left Shift;2048520
Key Up;Q;2049128
Key Down;D;2049792
Key Up;D;2050664
Key Down;Left Shift;2052216
Key Down;D;2053496
Key Up;D;2055417
Key Up;Left Shift;2056232
Key Up;Z;2056328
Key Down;Z;2057160
Key Down;Left Shift;2057296
Key Down;D;2058448
Key Up;D;2058592
Key Down;Espace;2058976
Key Up;Espace;2059289
Key Down;Espace;2062864
Key Up;Espace;2063152
Key Up;Left Shift;2063552
Key Down;Q;2064553
Key Up;Q;2065488
Key Down;E;2066384
Key Up;Z;2066425
Key Up;E;2066513
Key Down;Z;2083089
Key Down;Left Shift;2083225
Key Up;Z;2083865
Key Up;Left Shift;2083897
Key Down;Left Shift;2083953
Key Down;Q;2084017
Key Down;Z;2084056
Key Up;Q;2084433
Key Down;Espace;2085025
Key Up;Espace;2085577
Key Down;D;2088281
Key Up;D;2089033
Key Down;Espace;2090361
Key Up;Espace;2091265
Key Down;Espace;2091913
Key Up;Z;2092825
Key Up;Espace;2092841
Key Up;Left Shift;2092849
Key Down;D;2094273
Key Down;Espace;2094857
Key Up;D;2094961
Key Up;Espace;2095049
Key Down;Z;2095281
Key Down;Espace;2095721
Key Up;Z;2095809
Key Down;Z;2096049
Key Up;Espace;2096641
Key Up;Z;2097305
Key Down;Z;2097713
Key Down;Espace;2097761
Key Up;Espace;2098233
Key Up;Z;2098457
Key Down;Z;2098825
Key Down;Q;2099097
Key Up;Q;2099234
Key Up;Z;2100553
Key Down;Z;2102009
Key Down;Espace;2102161
Key Up;Espace;2102442
Key Up;Z;2102769
Key Down;Z;2104033
Key Down;Espace;2104242
Key Up;Espace;2104601
Key Down;Espace;2104930
Key Up;Espace;2105273
Key Up;Z;2105321
Key Down;Z;2107369
Key Up;Z;2107665
Key Down;Z;2151099
Key Down;Espace;2151755
Key Up;Z;2151851
Key Down;D;2152090
Key Down;Z;2152258
Key Up;Espace;2152290
Key Up;D;2152346
Key Down;Q;2152762
Key Up;Q;2153002
Key Down;Q;2153259
Key Up;Z;2153402
Key Up;Q;2153418
Key Down;Z;2157562
Key Down;Q;2157795
Key Up;Q;2158162
Key Up;Z;2158475
Key Down;Z;2162674
Key Down;D;2162771
Key Up;D;2163298
Key Up;Z;2163723
Key Down;Z;2184044
Key Down;D;2184627
Key Up;Z;2184899
Key Up;D;2185051
Key Down;Z;2197195
Key Down;Espace;2197483
Key Up;Espace;2198003
Key Up;Z;2198364
Key Down;Z;2225948
Key Up;Z;2226732
Key Down;Z;2266861
Key Down;Q;2267117
Key Up;Q;2267669
Key Up;Z;2267941
Key Down;Z;2281237
Key Up;Z;2281925
Key Down;Z;2284110
Key Up;Z;2285197
Key Down;Z;2308806
Key Down;D;2309046
Key Up;D;2309430
Key Up;Z;2309734
Key Down;Z;2313231
Key Up;Z;2313582
Key Down;Z;2313942
Key Down;D;2314567
Key Up;D;2314790
Key Up;Z;2315094
Key Down;Z;2329647
Key Down;Espace;2330182
Key Up;Z;2330254
Key Up;Espace;2331246
Key Down;Q;2331639
Key Up;Q;2331751
Key Down;Z;2336710
Key Up;Z;2337543
Key Down;Z;2344031
Key Up;Z;2344398
Key Down;Z;2350990
Key Down;Espace;2351775
Key Up;Espace;2352463
Key Up;Z;2352495
Key Down;D;2352711
Key Up;D;2352966
Key Down;Z;2364071
Key Up;Z;2364567
Key Down;A;2366903
Key Up;A;2367039
Key Down;X;2368519
Key Up;X;2368631
Key Down;X;2375912
Key Up;X;2376016
Key Down;M;2378191
Key Up;M;2378263
Key Down;E;2379543
Key Up;E;2379663
Key Down;Z;2384823
Key Up;Z;2385543
Key Down;E;2385616
Key Up;E;2385704
Key Down;Z;2391256
Key Down;Left Shift;2391352
Key Up;Z;2394735
Key Up;Left Shift;2394743
Key Down;E;2394816
Key Up;E;2394928
Key Down;Z;2405544
Key Down;Left Shift;2405624
Key Down;Espace;2409744
Key Up;Espace;2410072
Key Down;D;2412256
Key Up;D;2412529
Key Up;Z;2413937
Key Up;Left Shift;2413969
Key Down;E;2414641
Key Up;E;2414744
Key Down;Echap;2442465
Key Up;Echap;2442617
Key Down;Q;2443313
Key Down;Z;2443473
Key Up;Q;2444353
Key Up;Z;2444361
Key Down;Z;2445257
Key Up;Z;2445337
Key Down;D;2445937
Key Down;Z;2446113
Key Up;D;2446185
Key Up;Z;2446225
Key Down;E;2446577
Key Up;E;2446649
Key Down;Echap;2450442
Key Up;Echap;2450521
Key Down;Q;2450969
Key Up;Q;2451169
Key Down;Z;2451273
Key Up;Z;2451353
Key Down;E;2451433
Key Up;E;2451529
Key Down;Echap;2455865
Key Up;Echap;2455929
Key Down;D;2456434
Key Up;D;2456553
Key Down;E;2456745
Key Up;E;2456873
Key Down;Z;2456881
Key Up;Z;2456970
Key Down;E;2457074
Key Up;E;2457161
Key Down;Echap;2457841
Key Up;Echap;2457881
Key Down;D;2458081
Key Up;D;2458282
Key Down;Z;2458378
Key Up;Z;2458505
Key Down;E;2458785
Key Up;E;2458865
Key Down;Echap;2460386
Key Up;Echap;2460473
Key Down;Q;2460825
Key Down;Z;2461193
Key Up;Q;2461209
Key Up;Z;2461289
Key Down;E;2461417
Key Up;E;2461513
Key Down;Echap;2464649
Key Up;Echap;2464729
Key Down;D;2465018
Key Down;Z;2465297
Key Down;Left Shift;2465393
Key Up;D;2465690
Key Up;Left Shift;2467985
Key Up;Z;2467993
Key Down;E;2468114
Key Up;E;2468226
Key Down;Echap;2479314
Key Up;Echap;2479450
Key Down;Z;2480170
Key Down;Left Shift;2480290
Key Down;Q;2480778
Key Up;Q;2481578
Key Up;Z;2481642
Key Up;Left Shift;2481818
Key Down;Z;2483546
Key Up;Z;2484402
Key Down;Z;2487370
Key Down;D;2487986
Key Up;D;2488818
Key Up;Z;2488898
Key Down;Z;2489602
Key Down;D;2489787
Key Up;D;2490002
Key Up;Z;2490082
Key Down;Z;2491274
Key Down;Left Shift;2491426
Key Down;Q;2492066
Key Up;Q;2494170
Key Up;Z;2494427
Key Down;Z;2494642
Key Up;Z;2495027
Key Up;Left Shift;2495067
Key Down;Z;2495771
Key Up;Z;2496146
Key Down;Z;2497051
Key Down;D;2497170
Key Down;Left Shift;2497250
Key Up;D;2497442
Key Up;Left Shift;2498690
Key Up;Z;2498722
Key Down;Z;2500194
Key Down;Left Shift;2500458
Key Down;Q;2500778
Key Up;Left Shift;2502018
Key Up;Q;2502034
Key Up;Z;2502218
Key Down;E;2502427
Key Up;E;2502554
Key Down;Z;2505587
Key Down;Left Shift;2506355
Key Up;Left Shift;2507571
Key Up;Z;2507707
Key Down;E;2508187
Key Up;E;2508283
Key Down;Q;2508779
Key Down;Z;2509067
Key Up;Q;2509146
Key Up;Z;2509362
Key Down;E;2509403
Key Up;E;2509515
Key Down;E;2516763
Key Up;E;2516891
Key Down;Z;2518603
Key Down;Left Shift;2518747
Key Up;Z;2520331
Key Up;Left Shift;2520355
Key Down;E;2520435
Key Up;E;2520571
Key Down;Z;2520882
Key Down;E;2521275
Key Up;Z;2521299
Key Up;E;2521403
Key Down;Z;2527355
Key Down;Left Shift;2527611
Key Down;Q;2528723
Key Up;Q;2530115
Key Up;Left Shift;2530163
Key Up;Z;2530219
Key Down;E;2530427
Key Up;E;2530531
Key Down;Echap;2536187
Key Up;Echap;2536299
Key Down;D;2536995
Key Down;Z;2537259
Key Up;D;2537283
Key Up;Z;2537436
Key Down;E;2537476
Key Up;E;2537579
Key Down;D;2538108
Key Down;Z;2538395
Key Down;Left Shift;2538515
Key Up;D;2538627
Key Down;D;2539939
Key Up;D;2540883
Key Up;Left Shift;2542379
Key Up;Z;2542451
Key Down;Q;2542915
Key Up;Q;2543179
Key Down;Z;2543219
Key Up;Z;2543323
Key Down;Q;2543571
Key Up;Q;2543715
Key Down;Z;2543795
Key Up;Z;2543891
Key Down;D;2545251
Key Up;D;2545420
Key Down;Z;2545659
Key Up;Z;2545731
Key Down;D;2546011
Key Up;D;2546172
Key Down;Q;2546459
Key Down;Z;2546820
Key Up;Q;2547267
Key Up;Z;2547299
Key Down;E;2547500
Key Up;E;2547604
Key Down;Echap;2558236
Key Up;Echap;2558363
Key Down;D;2558796
Key Down;Z;2559420
Key Up;D;2559572
Key Up;Z;2559771
Key Down;Q;2560148
Key Down;Z;2560379
Key Up;Q;2560411
Key Up;Z;2560467
Key Down;E;2561051
Key Up;E;2561123
Key Down;Echap;2564475
Key Up;Echap;2564572
Key Down;D;2565508
Key Up;D;2565779
Key Down;Z;2566020
Key Up;Z;2566148
Key Down;Z;2566596
Key Down;Q;2566748
Key Up;Q;2567107
Key Down;Q;2567396
Key Up;Z;2568372
Key Up;Q;2568868
Key Down;Z;2568900
Key Up;Z;2569083
Key Down;Z;2569324
Key Up;Z;2569548
Key Down;Z;2569892
Key Up;Z;2569996
Key Down;Z;2570364
Key Up;Z;2570459
Key Down;Q;2570804
Key Up;Q;2570868
Key Down;Z;2571180
Key Up;Z;2571252
Key Down;Z;2571900
Key Up;Z;2571964
Key Down;S;2573476
Key Up;S;2574004
Key Down;Z;2574148
Key Up;Z;2574436
Key Down;E;2574620
Key Up;E;2574764
Key Down;Z;2574924
Key Up;Z;2575076
Key Down;E;2575188
Key Up;E;2575300
Key Down;E;2575404
Key Up;E;2575532
Key Down;D;2575805
Key Up;D;2576172
Key Down;Z;2576236
Key Up;Z;2576420
Key Down;E;2576588
Key Up;E;2576676
Key Down;F;2577012
Key Up;F;2577101
Key Down;Q;2577612
Key Up;Q;2577980
Key Down;R;2578548
Key Up;R;2578660
Key Down;Z;2582356
Key Down;Left Shift;2582780
Key Down;Q;2583516
Key Up;Left Shift;2584140
Key Up;Q;2584148
Key Up;Z;2584284
Key Down;D;2584788
Key Down;Z;2585020
Key Up;D;2585117
Key Up;Z;2585221
Key Down;E;2585340
Key Up;E;2585452
Key Down;Echap;2590636
Key Up;Echap;2590724
Key Down;Q;2591109
Key Down;Z;2591460
Key Up;Q;2591508
Key Up;Z;2591564
Key Down;E;2591709
Key Up;E;2591805
Key Down;Echap;2593717
Key Up;Echap;2593813
Key Down;D;2594620
Key Down;Z;2594748
Key Up;D;2595005
Key Down;Q;2595484
Key Up;Q;2597556
Key Up;Z;2597669
Key Down;Z;2599077
Key Down;Left Shift;2599245
Key Down;D;2600828
Key Up;Left Shift;2601229
Key Up;Z;2601317
Key Up;D;2601813
Key Down;D;2602029
Key Down;Espace;2602100
Key Down;Z;2602228
Key Up;Espace;2602252
Key Up;D;2602549
Key Down;D;2602836
Key Down;Espace;2602924
Key Up;D;2602957
Key Down;Q;2602997
Key Up;Espace;2603109
Key Up;Q;2603341
Key Down;Q;2603693
Key Up;Q;2603997
Key Down;E;2604076
Key Up;Z;2604132
Key Up;E;2604220
Key Down;D;2604949
Key Down;Z;2605365
Key Up;D;2605580
Key Up;Z;2606013
Key Down;E;2606132
Key Up;E;2606252
Key Down;Z;2606876
Key Up;Z;2608005
Key Down;E;2608037
Key Up;E;2608164
Key Down;Z;2608669
Key Down;Left Shift;2609101
Key Down;Q;2609572
Key Up;Q;2610933
Key Up;Left Shift;2610941
Key Up;Z;2610949
Key Down;D;2611709
Key Down;Z;2611965
Key Up;D;2612085
Key Up;Z;2612212
Key Down;E;2612333
Key Up;E;2612437
Key Down;Q;2613109
Key Down;Z;2613789
Key Up;Q;2613829
Key Up;Z;2613941
Key Down;E;2614717
Key Up;E;2614837
Key Down;Echap;2617325
Key Up;Echap;2617413
Key Down;Q;2617765
Key Up;Q;2618389
Key Down;D;2618613
Key Down;Z;2618685
Key Up;D;2618773
Key Up;Z;2618909
Key Down;E;2619013
Key Up;E;2619101
Key Down;Echap;2620621
Key Up;Echap;2620717
Key Down;Z;2621245
Key Down;D;2621365
Key Down;Left Shift;2621445
Key Up;D;2621477
Key Down;D;2623149
Key Up;D;2623693
Key Down;D;2624253
Key Up;D;2625037
Key Down;Q;2625534
Key Up;Q;2625717
Key Down;D;2633261
Key Up;D;2634661
Key Up;Left Shift;2637133
Key Up;Z;2637269
Key Down;E;2637397
Key Up;E;2637542
Key Down;Z;2641917
Key Down;Left Shift;2642134
Key Down;D;2642750
Key Up;D;2643069
Key Up;Z;2643725
Key Up;Left Shift;2643749
Key Down;E;2643869
Key Up;E;2644006
Key Down;Echap;2646870
Key Up;Echap;2646973
Key Down;Echap;2649310
Key Up;Echap;2649438
Key Down;Echap;2649733
Key Up;Echap;2649878
Key Down;Echap;2650389
Key Up;Echap;2650534
Key Down;Left Alt;2657182
Key Down;Tab;2657278
Key Up;Left Alt;2657333
Key Up;Tab;2657357
