Event;Key;Time
Key Down;D;7851
Key Down;S;8746
Key Up;S;9259
Key Down;Z;9890
Key Up;D;10434
Key Up;Z;13322
Key Down;D;13434
Key Down;S;13578
Key Up;D;14371
Key Down;D;15027
Key Up;S;15658
Key Down;Z;15867
Key Up;D;16546
Key Up;Z;16635
Key Down;Q;16810
Key Up;Q;16866
Key Down;Q;18154
Key Down;Z;18242
Key Up;Q;18298
Key Up;Z;18379
Key Down;E;18762
Key Up;E;18810
Key Down;S;37050
Key Down;D;37106
Key Up;D;37362
Key Up;S;37762
Key Down;D;37770
Key Down;S;37899
Key Up;D;37915
Key Down;Q;38218
Key Up;S;38474
Key Down;Z;39322
Key Up;Q;39786
Key Down;Q;42427
Key Up;Z;43027
Key Down;Z;43698
Key Up;Z;44106
Key Down;Z;44658
Key Up;Q;44834
Key Down;D;45074
Key Up;D;45282
Key Down;D;45466
Key Up;D;45642
Key Down;Q;45802
Key Up;Q;46338
Key Up;Z;46770
Key Down;Q;47594
Key Down;Z;47682
Key Up;Q;48122
Key Down;D;49130
Key Up;Z;49298
Key Down;Z;49522
Key Up;D;49722
Key Up;Z;49842
Key Down;Q;51258
Key Down;Z;51338
Key Up;Q;51434
Key Up;Z;51474
Key Down;E;51722
Key Up;E;51802
Key Down;Q;58314
Key Down;S;58394
Key Up;Q;58850
Key Up;S;59410
Key Down;D;59482
Key Up;D;59578
Key Down;D;59914
Key Down;S;59970
Key Up;S;60298
Key Up;D;60426
Key Down;Z;60466
Key Up;Z;60610
Key Down;Q;60738
Key Up;Q;60810
Key Down;Q;61242
Key Up;Q;61282
Key Down;Z;61330
Key Up;Z;61506
Key Down;S;63170
Key Up;S;63409
Key Down;Q;64849
Key Up;Q;65570
Key Down;S;65578
Key Up;S;65722
Key Down;Z;66986
Key Up;Z;67618
Key Down;D;68514
Key Down;S;68986
Key Up;S;69074
Key Down;Z;69346
Key Up;D;69378
Key Up;Z;69458
Key Down;Q;71186
Key Up;Q;71290
Key Down;Z;71346
Key Up;Z;71482
Key Down;E;71770
Key Up;E;71842
Key Down;D;75194
Key Up;D;75994
Key Down;Z;76018
Key Up;Z;76122
Key Down;Q;77194
Key Up;Q;77258
Key Down;Z;77594
Key Up;Z;77706
Key Down;S;79162
Key Up;S;79818
Key Down;E;81762
Key Up;E;81850
Key Down;Z;82130
Key Up;Z;82794
Key Down;E;83914
Key Up;E;84010
Key Down;Q;84153
Key Down;S;84394
Key Up;S;84546
Key Down;Z;85594
Key Up;Q;85770
Key Up;Z;85898
Key Down;E;86434
Key Up;E;86538
Key Down;S;86826
Key Down;D;86866
Key Up;D;87322
Key Down;Q;87530
Key Up;Q;87721
Key Up;S;87810
Key Down;D;89386
Key Down;Z;89410
Key Up;D;89554
Key Down;Q;89594
Key Up;Q;91050
Key Up;Z;91058
Key Down;D;91473
Key Down;S;91481
Key Up;D;91626
Key Down;Q;91706
Key Up;Q;91890
Key Down;D;92338
Key Up;S;93225
Key Down;S;93817
Key Up;D;94082
Key Down;D;94770
Key Up;D;95546
Key Down;D;95730
Key Up;S;96185
Key Up;D;96866
Key Down;Z;98121
Key Up;Z;99345
Key Down;Q;106281
Key Down;Z;106434
Key Up;Q;107194
Key Down;Q;107786
Key Up;Q;107882
Key Up;Z;109314
Key Down;Q;109330
Key Down;Z;109346
Key Up;Q;109666
Key Up;Z;109794
Key Down;S;110346
Key Down;D;110625
Key Up;D;110865
Key Down;D;111050
Key Up;S;111074
Key Down;S;111154
Key Up;D;111306
Key Up;S;111346
Key Down;D;111514
Key Up;D;111618
Key Down;Q;111650
Key Down;S;111730
Key Up;Q;111762
Key Up;S;112121
Key Down;D;112330
Key Down;Z;112346
Key Up;Z;112394
Key Up;D;112418
Key Down;S;112617
Key Down;Q;112785
Key Up;S;112866
Key Down;Z;112986
Key Up;Q;113098
Key Up;Z;113210
Key Down;Z;113546
Key Down;D;113746
Key Up;D;114106
Key Down;Q;114897
Key Up;Z;115418
Key Down;Z;115545
Key Up;Z;115738
Key Down;Z;115954
Key Up;Q;116058
Key Down;D;116178
Key Up;Z;116634
Key Up;D;116762
Key Down;Z;117329
Key Up;Z;118002
Key Down;Q;118185
Key Down;S;118426
Key Up;S;119042
Key Up;Q;119210
Key Down;A;119610
Key Up;A;119706
Key Down;Q;120058
Key Down;S;121754
Key Up;S;121930
Key Down;Z;122193
Key Up;Z;122457
Key Down;S;123793
Key Up;Q;124442
Key Down;D;124545
Key Up;S;124778
Key Down;S;125018
Key Up;D;125082
Key Down;D;125722
Key Up;S;126018
Key Down;Z;127154
Key Up;D;128122
Key Down;D;128418
Key Up;Z;128594
Key Down;S;128778
Key Up;D;128857
Key Up;S;129593
Key Down;Z;129809
Key Down;D;131377
Key Up;Z;131457
Key Down;S;132106
Key Up;S;132322
Key Down;Z;133594
Key Up;Z;134057
Key Up;D;134178
Key Down;Echap;134346
Key Up;Echap;134474
Key Down;Echap;158634
Key Up;Echap;158754
Key Down;Echap;159201
Key Up;Echap;159338
Key Down;Z;159858
Key Down;D;160113
Key Up;Z;160201
Key Down;Z;160337
Key Up;D;160417
Key Up;Z;161634
Key Down;Z;161841
Key Up;Z;162449
Key Down;Q;162778
Key Down;Z;162834
Key Up;Q;162993
Key Down;D;163658
Key Up;Z;163738
Key Up;D;163825
Key Down;Z;164850
Key Down;Q;165001
Key Up;Z;165074
Key Up;Q;165273
Key Down;S;165289
Key Down;D;165449
Key Up;S;165481
Key Up;D;165625
Key Down;S;165954
Key Down;Q;166082
Key Up;Q;166441
Key Down;D;166505
Key Up;S;166577
Key Down;S;166713
Key Up;D;166721
Key Down;Q;166745
Key Up;S;166785
Key Down;Z;166961
Key Up;Q;167025
Key Up;Z;167330
Key Down;D;167338
Key Up;D;167889
Key Down;Q;167897
Key Down;S;168129
Key Up;S;168369
Key Up;Q;168457
Key Down;Q;168593
Key Down;S;168794
Key Up;Q;168826
Key Down;Q;168898
Key Up;S;169018
Key Up;Q;169297
Key Down;Q;170897
Key Down;Z;172433
Key Up;Q;172633
Key Up;Z;172665
Key Down;D;172673
Key Up;D;173857
Key Down;D;174434
Key Down;S;174442
Key Up;S;174642
Key Up;D;174666
Key Down;Q;175145
Key Down;Z;176689
Key Up;Q;176753
Key Up;Z;176881
Key Down;D;176905
Key Down;S;177665
Key Up;S;177874
Key Up;D;178026
Key Down;S;178257
Key Up;S;178385
Key Down;Q;178721
Key Down;S;178889
Key Up;S;179057
Key Up;Q;179354
Key Down;Q;179849
Key Up;Q;180481
Key Down;Q;180770
Key Down;Z;181473
Key Up;Q;181657
Key Up;Z;182122
Key Down;D;182266
Key Down;S;183233
Key Up;D;183529
Key Down;Q;184385
Key Up;S;184417
Key Down;D;184561
Key Up;Q;184569
Key Down;Z;185361
Key Up;Z;185577
Key Up;D;186137
Key Down;D;186345
Key Down;Z;186777
Key Up;D;187473
Key Up;Z;187561
Key Down;A;188025
Key Up;A;188105
Key Down;Q;188562
Key Down;Z;188737
Key Up;Q;188985
Key Down;Q;189801
Key Up;Q;189865
Key Down;Q;191002
Key Up;Q;191137
Key Up;Z;191249
Key Down;S;191841
Key Up;S;192098
Key Down;D;192314
Key Down;Z;192489
Key Up;Z;192593
Key Up;D;192930
Key Down;Q;193081
Key Down;Z;193945
Key Up;Q;194113
Key Down;Q;194273
Key Up;Q;194466
Key Down;D;195073
Key Up;Z;195513
Key Up;D;195657
Key Down;Z;195713
Key Up;Z;196186
Key Down;S;196625
Key Up;S;197097
Key Down;A;197241
Key Up;A;197337
Key Down;Z;197665
Key Down;D;198497
Key Up;D;198609
Key Down;D;200201
Key Up;Z;200353
Key Down;Z;200809
Key Up;Z;201513
Key Up;D;201609
Key Down;S;201833
Key Down;Q;202097
Key Up;S;202625
Key Down;Z;203809
Key Up;Q;203977
Key Down;D;204113
Key Up;Z;204145
Key Up;D;204313
Key Down;Q;204793
Key Down;S;204993
Key Up;Q;205065
Key Down;D;205121
Key Up;S;205666
Key Down;Z;207233
Key Up;D;207817
Key Down;D;208001
Key Up;Z;208049
Key Down;Z;208249
Key Up;D;208385
Key Down;D;208625
Key Up;D;208769
Key Down;D;209337
Key Up;D;209625
Key Up;Z;209801
Key Down;D;211417
Key Up;D;211689
Key Down;D;212665
Key Down;S;212705
Key Up;D;213217
Key Up;S;213225
Key Down;Q;213234
Key Up;Q;213689
Key Down;D;213793
Key Down;Z;214369
Key Up;D;214449
Key Up;Z;214985
Key Down;Q;215097
Key Down;S;215993
Key Up;Q;216233
Key Up;S;216409
Key Down;Q;217265
Key Down;S;217657
Key Up;Q;217673
Key Down;D;217761
Key Up;S;217777
Key Down;Z;218497
Key Down;A;218537
Key Up;A;218649
Key Up;D;219393
Key Down;D;219785
Key Up;D;220033
Key Down;Q;220537
Key Up;Q;220689
Key Down;D;221297
Key Up;D;221649
Key Up;Z;222761
Key Down;D;222777
Key Down;S;223513
Key Up;S;223625
Key Down;S;225697
Key Up;D;225745
Key Up;S;227305
Key Down;Q;227353
Key Down;S;227505
Key Up;S;227689
Key Up;Q;228377
Key Down;Q;228409
Key Down;Z;228473
Key Up;Q;228481
Key Down;D;228593
Key Up;Z;229136
Key Down;S;229657
Key Up;D;230393
Key Down;D;230977
Key Up;D;231177
Key Down;Q;231961
Key Up;S;232121
Key Down;S;232361
Key Up;S;232457
Key Up;Q;233529
Key Down;Q;234009
Key Down;Z;234177
Key Up;Q;234249
Key Down;D;234313
Key Up;Z;234369
Key Down;S;234872
Key Up;D;235601
Key Up;S;236129
Key Down;Q;236561
Key Down;S;236673
Key Up;S;236713
Key Down;Z;237441
Key Up;Q;237961
Key Down;D;238201
Key Up;D;238497
Key Up;Z;238553
Key Down;Z;238657
Key Up;Z;238753
Key Down;D;239464
Key Up;D;239561
Key Down;D;240840
Key Down;Z;241033
Key Up;Z;242033
Key Up;D;242240
Key Down;A;242409
Key Up;A;242481
Key Down;S;242825
Key Down;Q;243137
Key Up;Q;243297
Key Up;S;243433
Key Down;Q;243664
Key Up;Q;243921
Key Down;Q;244281
Key Up;Q;244713
Key Down;Q;244881
Key Down;Z;245001
Key Up;Q;245577
Key Down;D;246336
Key Up;D;246409
Key Up;Z;246769
Key Down;D;246968
Key Down;Z;247049
Key Up;D;247321
Key Down;D;247448
Key Up;Z;248065
Key Down;S;249185
Key Up;S;250161
Key Up;D;250481
Key Down;D;250985
Key Down;S;251041
Key Up;S;251241
Key Up;D;251329
Key Down;D;251729
Key Down;S;251897
Key Up;D;252088
Key Down;D;252096
Key Up;D;252200
Key Up;S;252408
Key Down;Z;252985
Key Down;Q;253209
Key Up;Q;253505
Key Up;Z;253521
Key Down;S;254361
Key Down;D;254457
Key Up;D;254601
Key Up;S;255328
Key Down;S;255521
Key Down;Q;255729
Key Up;Q;255905
Key Up;S;256121
Key Down;S;256537
Key Up;S;256760
Key Down;Z;257233
Key Down;Q;258329
Key Up;Q;258385
Key Up;Z;258545
Key Down;S;258672
Key Down;Q;259633
Key Up;S;259689
Key Up;Q;260297
Key Down;A;260513
Key Up;A;260585
Key Down;Q;261137
Key Up;Q;261225
Key Down;D;261393
Key Down;Z;261425
Key Up;Z;261952
Key Down;Z;262241
Key Up;D;262321
Key Up;Z;262545
Key Down;Q;263049
Key Down;S;263265
Key Up;Q;263401
Key Up;S;263417
Key Down;Q;266769
Key Down;S;267017
Key Up;S;268769
Key Down;S;269073
Key Up;Q;269185
Key Down;Q;270473
Key Up;Q;270609
Key Down;Q;270793
Key Up;Q;271545
Key Down;Q;272097
Key Up;Q;272401
Key Down;Q;272465
Key Up;Q;272601
Key Down;D;272793
Key Up;S;272817
Key Up;D;273009
Key Down;S;273368
Key Up;S;273417
Key Down;S;274089
Key Up;S;274209
Key Down;Q;274361
Key Down;S;274409
Key Up;Q;274496
Key Up;S;274737
Key Down;S;275128
Key Up;S;275313
Key Down;S;276144
Key Up;S;276545
Key Down;S;277353
Key Up;S;277529
Key Down;S;278737
Key Down;D;279409
Key Up;S;279905
Key Up;D;280041
Key Down;Z;280289
Key Down;A;280440
Key Up;A;280504
Key Down;D;280544
Key Up;Z;280592
Key Up;D;280720
Key Down;Z;281001
Key Down;D;282049
Key Up;D;282761
Key Up;Z;282921
Key Down;S;283633
Key Down;Q;284608
Key Up;Q;285024
Key Down;Q;285385
Key Up;Q;285625
Key Down;D;285712
Key Up;S;285857
Key Down;S;286033
Key Up;D;286041
Key Down;D;286168
Key Up;D;286392
Key Up;S;286537
Key Down;Z;286705
Key Down;D;286817
Key Up;D;286865
Key Up;Z;287345
Key Down;S;287680
Key Up;S;287896
Key Down;D;288745
Key Down;S;288921
Key Up;D;288985
Key Up;S;289129
Key Down;Q;289136
Key Up;Q;289264
Key Down;E;289433
Key Up;E;289513
Key Down;Q;289617
Key Down;D;290489
Key Up;Q;290504
Key Down;S;290737
Key Up;D;290800
Key Up;S;291425
Key Down;A;291537
Key Up;A;291617
Key Down;S;291889
Key Up;S;294273
Key Down;S;294425
Key Down;D;295384
Key Up;D;295593
Key Down;D;295880
Key Up;S;296193
Key Down;Z;296928
Key Up;D;297120
Key Down;Q;297160
Key Up;Z;297232
Key Up;Q;298473
Key Down;D;298560
Key Up;D;298680
Key Down;Z;298816
Key Down;Q;298849
Key Up;Z;298873
Key Up;Q;298897
Key Down;A;299136
Key Up;A;299224
Key Down;D;299593
Key Down;Z;299841
Key Up;Z;299985
Key Up;D;300057
Key Down;Q;301833
Key Up;Q;302161
Key Down;E;302249
Key Up;E;302353
Key Down;Q;302913
Key Down;Z;302976
Key Up;Q;303040
Key Down;D;303120
Key Up;Z;303128
Key Up;D;303209
Key Down;A;303512
Key Up;A;303585
Key Down;D;304129
Key Up;D;304281
Key Down;Q;305937
Key Down;S;306209
Key Up;S;306353
Key Down;S;306552
Key Up;Q;306665
Key Down;D;306737
Key Up;S;306872
Key Down;Z;307824
Key Up;D;308064
Key Up;Z;308400
Key Down;D;308448
Key Up;D;308544
Key Down;S;308553
Key Down;Q;308745
Key Up;S;308904
Key Down;Z;309049
Key Up;Q;309105
Key Up;Z;309569
Key Down;S;311457
Key Down;Q;312033
Key Up;S;312201
Key Down;Z;312344
Key Up;Q;312392
Key Down;D;312569
Key Up;D;312760
Key Up;Z;312993
Key Down;A;314104
Key Up;A;314193
Key Down;S;315201
Key Up;S;315481
Key Down;Z;316697
Key Up;Z;317192
Key Down;A;317617
Key Up;A;317704
Key Down;Z;318544
Key Up;Z;318656
Key Down;Z;318928
Key Down;Q;318944
Key Up;Q;319489
Key Up;Z;319552
Key Down;Q;319849
Key Up;Q;320265
Key Down;Q;320480
Key Up;Q;320681
Key Down;Q;320985
Key Up;Q;321033
Key Down;Z;321248
Key Up;Z;321521
Key Down;D;322200
Key Up;D;322601
Key Down;D;324041
Key Down;Z;324057
Key Up;D;324073
Key Down;Q;324185
Key Up;Q;324249
Key Down;D;325113
Key Up;Z;325433
Key Down;A;325641
Key Up;A;325737
Key Down;Z;325968
Key Up;D;326104
Key Down;D;326201
Key Up;Z;326249
Key Down;S;326912
Key Up;D;327681
Key Down;D;328152
Key Up;D;328265
Key Down;D;329217
Key Up;D;329512
Key Down;Q;330289
Key Up;S;330592
Key Down;Z;331720
Key Up;Z;331872
Key Up;Q;331897
Key Down;Q;332760
Key Up;Q;333377
Key Down;Q;334760
Key Down;Z;334856
Key Up;Q;334976
Key Down;D;335161
Key Up;Z;335288
Key Up;D;335760
Key Down;A;336656
Key Up;A;336768
Key Down;S;338577
Key Down;D;339032
Key Up;D;339145
Key Down;Q;339376
Key Up;Q;339521
Key Up;S;339712
Key Down;S;340640
Key Down;Q;341504
Key Up;Q;341657
Key Up;S;342384
Key Down;Z;342512
Key Up;Z;342688
Key Down;Q;342744
Key Down;Z;342768
Key Up;Q;342824
Key Up;Z;343249
Key Down;S;343704
Key Down;Q;343824
Key Up;Q;343944
Key Up;S;343960
Key Down;S;344128
Key Up;S;344304
Key Down;Z;344553
Key Down;D;344768
Key Up;Z;344953
Key Up;D;345097
Key Down;S;345344
Key Up;S;345465
Key Down;Q;345600
Key Down;S;345760
Key Up;Q;345792
Key Up;S;345904
Key Down;Z;346353
Key Down;D;346545
Key Up;Z;346688
Key Up;D;346832
Key Down;S;346961
Key Down;Q;347233
Key Up;Q;347416
Key Down;D;347960
Key Up;D;348440
Key Up;S;348617
Key Down;A;348792
Key Up;A;348880
Key Down;D;349265
Key Down;Z;349640
Key Up;Z;350048
Key Down;S;350224
Key Up;D;350248
Key Down;Q;350952
Key Up;Q;351112
Key Down;D;351608
Key Up;D;351801
Key Down;D;352361
Key Up;D;352456
Key Up;S;352552
Key Down;D;352864
Key Up;D;352928
Key Down;S;353161
Key Up;S;353401
Key Down;S;354152
Key Down;Q;354520
Key Up;Q;355160
Key Down;D;355288
Key Up;S;355520
Key Up;D;355552
Key Down;Z;356696
Key Down;D;357152
Key Up;D;357464
Key Down;Q;360008
Key Up;Q;361552
Key Down;Q;362065
Key Up;Q;362208
Key Down;A;363504
Key Up;A;363608
Key Down;Q;363761
Key Up;Z;363793
Key Down;Z;363825
Key Up;Z;364032
Key Down;S;364264
Key Up;S;364592
Key Up;Q;366640
Key Down;E;369145
Key Up;E;369240
Key Down;A;369656
Key Up;A;369720
Key Down;Q;370585
Key Up;Q;370656
Key Down;S;371120
Key Down;D;371208
Key Up;D;371304
Key Down;D;371520
Key Up;D;371784
Key Up;S;372224
Key Down;Q;372256
Key Up;Q;372448
Key Down;D;373168
Key Down;Z;373248
Key Up;D;373320
Key Up;Z;373432
Key Down;Q;373464
Key Up;Q;373544
Key Down;Z;373552
Key Up;Z;373752
Key Down;E;373864
Key Up;E;373936
Key Down;S;374192
Key Up;S;374320
Key Down;S;374592
Key Down;Q;375064
Key Up;S;375144
Key Up;Q;375824
Key Down;Q;376320
Key Up;Q;376417
Key Down;Z;377680
Key Up;Z;377776
Key Down;D;378608
Key Down;A;378904
Key Up;A;379032
Key Up;D;379040
Key Down;Z;379088
Key Down;Q;379672
Key Up;Z;380232
Key Down;S;380720
Key Up;S;380952
Key Down;S;381584
Key Up;S;381864
Key Down;Z;383424
Key Up;Q;383992
Key Down;Q;384256
Key Up;Z;384440
Key Up;Q;384560
Key Down;Z;384568
Key Down;Q;386192
Key Up;Z;386848
Key Down;Z;387280
Key Up;Z;388632
Key Down;Z;389312
Key Up;Z;389480
Key Down;S;389768
Key Up;S;390560
Key Up;Q;392984
Key Down;Z;393632
Key Up;Z;393672
Key Down;D;393680
Key Down;Z;394120
Key Up;D;394592
Key Down;Q;395040
Key Up;Q;395311
Key Up;Z;395832
Key Down;Q;396120
Key Down;Z;396424
Key Up;Z;396671
Key Down;S;398032
Key Up;Q;398264
Key Up;S;398488
Key Down;S;400448
Key Down;Q;400624
Key Up;Q;400720
Key Up;S;400832
Key Down;D;401136
Key Down;Z;401304
Key Up;Z;401520
Key Up;D;402056
Key Down;Q;402544
Key Up;Q;402896
Key Down;S;402936
Key Down;Q;403072
Key Up;S;403120
Key Up;Q;403320
Key Down;Z;403360
Key Up;Z;403512
Key Down;S;403936
Key Up;S;404056
Key Down;Q;404944
Key Down;S;405151
Key Up;Q;405232
Key Up;S;405352
Key Down;A;405456
Key Up;A;405536
Key Down;Q;405816
Key Up;Q;405999
Key Down;Z;409760
Key Down;Q;410304
Key Up;Q;410384
Key Down;D;410568
Key Up;D;410672
Key Up;Z;410704
Key Down;Z;411048
Key Up;Z;411351
Key Down;Z;411632
Key Up;Z;412903
Key Down;Z;413888
Key Up;Z;414384
Key Down;S;414887
Key Up;S;416184
Key Down;Tab;416224
Key Up;Tab;419008
Key Down;S;419967
Key Down;Q;420687
Key Up;S;421368
Key Down;Z;423392
Key Up;Q;424928
Key Up;Z;424960
Key Down;D;425360
Key Down;Z;425504
Key Up;D;426328
Key Up;Z;426344
Key Down;Q;426360
Key Down;Z;426727
Key Up;Z;426783
Key Up;Q;427024
Key Down;S;428831
Key Down;Q;429272
Key Up;S;429552
Key Up;Q;429879
Key Down;Tab;430247
Key Up;Tab;433472
Key Down;D;434191
Key Down;Z;434584
Key Up;D;434903
Key Down;D;435568
Key Down;A;435992
Key Up;A;436127
Key Up;Z;436800
Key Down;S;438448
Key Up;S;438712
Key Down;Z;439520
Key Up;D;440288
Key Down;D;441239
Key Up;Z;441623
Key Down;S;444344
Key Up;D;444431
Key Down;D;445952
Key Up;S;446479
Key Down;S;447680
Key Up;D;449247
Key Down;Q;449912
Key Up;Q;450144
Key Down;Q;450440
Key Up;Q;450519
Key Down;Q;450736
Key Up;Q;450824
Key Up;S;452792
Key Down;S;453456
Key Down;D;453528
Key Up;S;453800
Key Up;D;453856
Key Down;Q;455032
Key Down;Z;455239
Key Up;Q;455320
Key Down;D;456136
Key Up;D;456240
Key Down;Q;457496
Key Up;Z;458527
Key Down;Z;459136
Key Up;Q;459671
Key Up;Z;459719
Key Down;Tab;459839
Key Up;Tab;461223
Key Down;Q;461504
Key Up;Q;461743
Key Down;Q;462015
Key Down;Z;462176
Key Up;Q;464159
Key Up;Z;464616
Key Down;E;466423
Key Up;E;466519
Key Down;S;467272
Key Down;D;467319
Key Up;D;468168
Key Up;S;468408
Key Down;Tab;468448
Key Up;Tab;472511
Key Down;Z;473992
Key Up;Z;474743
Key Down;E;475112
Key Up;E;475199
Key Down;S;476880
Key Up;S;476928
Key Down;E;477495
Key Up;E;477576
Key Down;Tab;481784
Key Up;Tab;483344
Key Down;S;483607
Key Down;Q;483831
Key Up;S;483871
Key Down;S;484071
Key Up;Q;484336
Key Down;D;484752
Key Up;D;484936
Key Down;D;485248
Key Up;D;485584
Key Down;D;486000
Key Up;D;486135
Key Down;D;487311
Key Up;S;487560
Key Up;D;487752
Key Down;Z;490416
Key Up;Z;490703
Key Down;E;496823
Key Up;E;496927
Key Down;S;498480
Key Up;S;498519
Key Down;E;499079
Key Up;E;499160
Key Down;D;500344
Key Up;D;500688
Key Down;Tab;501584
Key Up;Tab;502775
Key Down;D;503424
Key Down;S;503655
Key Up;S;504071
Key Up;D;504303
Key Down;S;504448
Key Down;D;504935
Key Up;S;505407
Key Up;D;505535
Key Down;Tab;505735
Key Up;Tab;511855
Key Down;Z;512775
Key Down;Q;512783
Key Up;Q;512911
Key Up;Z;514015
Key Down;Z;514575
Key Up;Z;514663
Key Down;Espace;515039
Key Up;Espace;515152
Key Down;S;515511
Key Up;S;515735
Key Down;Q;516863
Key Up;Q;517072
Key Down;S;517719
Key Up;S;517887
Key Down;Z;521255
Key Down;D;521279
Key Up;D;521552
Key Up;Z;521767
Key Down;Z;522631
Key Up;Z;523743
Key Down;Z;526607
Key Down;Q;526807
Key Up;Q;527383
Key Down;Q;528431
Key Up;Z;529143
Key Down;Z;529639
Key Up;Q;529887
Key Down;D;531487
Key Up;D;531575
Key Up;Z;532495
Key Down;Q;533055
Key Down;Z;533152
Key Up;Z;533552
Key Up;Q;533655
Key Down;Z;533927
Key Down;D;534559
Key Up;D;534799
Key Down;D;535135
Key Up;D;535423
Key Up;Z;536279
Key Down;Tab;536503
Key Up;Tab;539015
Key Down;A;540463
Key Up;A;540576
Key Down;D;541479
Key Up;D;541783
Key Down;D;542759
Key Up;D;543191
Key Down;D;544839
Key Up;D;546791
Key Down;D;558807
Key Down;Z;559135
Key Up;Z;560983
Key Down;Z;561471
Key Up;Z;561687
Key Down;S;562391
Key Up;D;564375
Key Down;Q;564887
Key Up;S;565335
Key Down;S;567103
Key Up;S;567431
Key Down;S;568142
Key Up;S;568247
Key Up;Q;569463
Key Down;Q;569687
Key Up;Q;569823
Key Down;Q;569935
Key Down;Z;569951
Key Up;Q;570006
Key Down;Q;570167
Key Up;Q;570270
Key Down;D;570663
Key Up;D;571175
Key Down;D;571678
Key Up;D;571999
Key Down;D;572111
Key Up;Z;572807
Key Down;Z;573135
Key Up;Z;573343
Key Down;Z;574182
Key Up;Z;574359
Key Down;S;574647
Key Up;S;574943
Key Down;S;575143
Key Up;S;575447
Key Down;S;576191
Key Up;D;576823
Key Down;D;576975
Key Up;D;577167
Key Down;Q;578079
Key Up;S;578543
Key Down;S;578767
Key Up;Q;578919
Key Up;S;579054
Key Down;Z;579215
Key Down;Q;579319
Key Up;Z;579423
Key Down;S;579718
Key Up;S;581215
Key Up;Q;581535
Key Down;Q;582639
Key Down;Z;582655
Key Up;Z;582815
Key Up;Q;582887
Key Down;D;582911
Key Down;S;583535
Key Up;S;583695
Key Up;D;583855
Key Down;S;584775
Key Up;S;584951
Key Down;D;585143
Key Down;Z;586526
Key Up;D;587647
Key Down;Q;588366
Key Up;Z;589599
Key Down;S;589910
Key Up;Q;590631
Key Down;Q;591439
Key Up;S;592663
Key Up;Q;594831
Key Down;Z;595167
Key Down;D;595542
Key Up;Z;595622
Key Up;D;595871
Key Down;Q;595902
Key Down;Z;596046
Key Up;Q;596207
Key Up;Z;596863
Key Down;D;597054
Key Up;D;597295
Key Down;Q;597375
Key Down;S;597463
Key Up;Q;598190
Key Down;D;598535
Key Up;S;599079
Key Down;Z;599327
Key Up;D;599415
Key Down;Q;599455
Key Up;Z;599823
Key Down;S;600159
Key Up;Q;600263
Key Down;D;600327
Key Up;S;600862
Key Down;Z;601015
Key Up;D;601039
Key Up;Z;601447
Key Down;D;601671
Key Up;D;601767
Key Down;D;601895
Key Up;D;602399
Key Down;Q;602703
Key Up;Q;604935
Key Down;S;607214
Key Down;D;607462
Key Up;S;608879
Key Down;Z;610935
Key Up;Z;611143
Key Up;D;611479
Key Down;Q;611631
Key Up;Q;611999
Key Down;D;612239
Key Up;D;612639
Key Down;D;612878
Key Down;Z;612975
Key Up;Z;613655
Key Up;D;613671
Key Down;Q;617526
Key Down;S;618559
Key Up;S;618998
Key Down;S;619806
Key Up;S;620007
Key Up;Q;620119
Key Down;Z;620207
Key Down;D;620247
Key Up;D;620390
Key Down;D;622654
Key Up;D;622910
Key Up;Z;622935
Key Down;Q;623367
Key Down;S;623383
Key Up;S;623591
Key Down;Z;624007
Key Up;Q;624134
Key Up;Z;624198
Key Down;D;624454
Key Down;S;624486
Key Up;S;624679
Key Down;Z;624830
Key Up;D;624854
Key Up;Z;625046
Key Down;E;625383
Key Up;E;625447
Key Down;S;625967
Key Down;Q;626070
Key Up;S;626391
Key Up;Q;626727
Key Down;Tab;629094
Key Up;Tab;629822
Key Down;R;630959
Key Up;R;631015
Key Down;Echap;647774
Key Up;Echap;647894
Key Down;Echap;648406
Key Up;Echap;648511
Key Down;Echap;648950
Key Up;Echap;649078
Key Down;D;649703
Key Down;S;650463
Key Up;S;650863
Key Up;D;650871
Key Down;D;653919
Key Down;S;654790
Key Up;S;655351
Key Up;D;655495
Key Down;D;656838
Key Down;S;657159
Key Up;S;657518
Key Down;Z;657967
Key Up;D;657999
Key Down;D;658079
Key Up;Z;658279
Key Up;D;660342
Key Down;Z;660758
Key Up;Z;661550
Key Down;S;670414
Key Down;Q;670951
Key Up;S;671039
Key Down;Z;671455
Key Up;Z;672974
Key Down;Z;673327
Key Up;Z;673486
Key Down;S;674751
Key Up;S;674831
Key Down;S;675246
Key Up;Q;675590
Key Down;Q;675766
Key Up;S;676334
Key Down;D;676983
Key Up;Q;676998
Key Down;Q;677047
Key Up;D;677110
Key Down;D;677134
Key Down;S;677159
Key Up;Q;677174
Key Up;S;677198
Key Down;Z;678038
Key Up;D;678415
Key Down;Q;678439
Key Up;Q;678718
Key Up;Z;678846
Key Down;A;680431
Key Up;A;680535
Key Down;Q;684958
Key Down;Z;685095
Key Up;Q;686102
Key Down;D;686263
Key Up;D;686694
Key Up;Z;686910
Key Down;S;687086
Key Down;Q;687670
Key Up;S;688734
Key Down;Z;689422
Key Up;Z;689766
Key Down;S;690950
Key Up;S;691054
Key Down;S;691846
Key Up;Q;692438
Key Down;D;692918
Key Up;D;693702
Key Down;D;693974
Key Up;S;694118
Key Down;S;694558
Key Up;D;694870
Key Down;Q;694926
Key Up;S;694942
Key Down;Z;695054
Key Up;Q;695310
Key Down;D;695510
Key Up;D;695910
Key Up;Z;695974
Key Down;Q;696278
Key Down;S;696326
Key Up;S;697262
Key Down;Z;697926
Key Up;Z;698814
Key Down;D;700134
Key Up;D;700246
Key Up;Q;700406
Key Down;D;700430
Key Up;D;700646
Key Down;Q;700830
Key Down;S;701030
Key Up;Q;701110
Key Down;D;701190
Key Up;S;701238
Key Down;S;701334
Key Up;D;701454
Key Down;D;702094
Key Up;D;702238
Key Down;Q;702486
Key Up;S;702510
Key Down;Z;702646
Key Up;Q;702654
Key Up;Z;702695
Key Down;D;702726
Key Down;Z;703198
Key Up;D;703374
Key Down;D;704286
Key Up;Z;704622
Key Down;S;705350
Key Up;D;705822
Key Down;D;706278
Key Up;D;706374
Key Down;Q;706495
Key Up;Q;706646
Key Down;Q;707678
Key Up;S;708110
Key Down;Z;709294
Key Up;Q;709438
Key Up;Z;709670
Key Down;Q;710542
Key Down;Z;710950
Key Up;Q;711078
Key Up;Z;711246
Key Down;D;711462
Key Up;D;711582
Key Down;Q;711894
Key Down;Z;711958
Key Up;Q;712022
Key Up;Z;712206
Key Down;D;712486
Key Down;Z;712558
Key Up;Z;712766
Key Up;D;712950
Key Down;Z;713206
Key Down;D;713214
Key Up;Z;713398
Key Down;Q;713838
Key Up;D;713870
Key Up;Q;714054
Key Down;D;714110
Key Down;Z;714126
Key Up;D;714150
Key Down;D;714230
Key Up;D;714286
Key Up;Z;715302
Key Down;A;715374
Key Up;A;715446
Key Down;Z;715718
Key Down;D;715742
Key Up;Z;715758
Key Up;D;716189
Key Down;Q;716221
Key Up;Q;716429
Key Down;D;716454
Key Up;D;716558
Key Down;Q;716806
Key Down;S;716966
Key Up;Q;717270
Key Down;Q;717478
Key Up;S;717759
Key Up;Q;717854
Key Down;Q;718446
Key Down;Z;718974
Key Up;Z;719166
Key Up;Q;719510
Key Down;D;720398
Key Down;S;720814
Key Up;D;720926
Key Down;D;721286
Key Up;S;721414
Key Down;S;721638
Key Up;S;722014
Key Down;S;722222
Key Up;S;722725
Key Down;S;723182
Key Up;D;723246
Key Down;D;723582
Key Up;D;723766
Key Down;Q;723830
Key Up;S;724094
Key Down;Z;724221
Key Up;Z;724406
Key Down;Z;724838
Key Up;Z;725182
Key Down;Z;725758
Key Up;Q;726694
Key Down;D;727686
Key Up;D;727918
Key Down;D;728342
Key Up;Z;728734
Key Down;Z;729094
Key Up;Z;729262
Key Up;D;729638
Key Down;D;730638
Key Down;S;730718
Key Up;S;731454
Key Up;D;731486
Key Down;S;731662
Key Down;D;731741
Key Up;D;732254
Key Up;S;733342
Key Down;S;733526
Key Down;Q;733622
Key Up;S;734126
Key Up;Q;735630
Key Down;D;737398
Key Down;Z;737525
Key Up;D;738197
Key Up;Z;738934
Key Down;A;739302
Key Up;A;739415
Key Down;Z;739670
Key Up;Z;740149
Key Down;S;740470
Key Down;Q;740582
Key Up;Q;741862
Key Down;D;742742
Key Up;D;742830
Key Down;Q;743485
Key Up;S;743758
Key Up;Q;745422
Key Down;S;745446
Key Up;S;746389
Key Down;S;746989
Key Up;S;747381
Key Down;Q;747646
Key Up;Q;747718
Key Down;Q;751245
Key Down;S;752470
Key Up;Q;752726
Key Up;S;753302
Key Down;D;755470
Key Down;S;755862
Key Up;D;755966
Key Down;D;756685
Key Up;S;757110
Key Up;D;757566
Key Down;S;757613
Key Up;S;757757
Key Down;D;758469
Key Up;D;758517
Key Down;S;759605
Key Up;S;759677
Key Down;Z;760901
Key Down;D;761134
Key Up;Z;761206
Key Up;D;761246
Key Down;S;761654
Key Up;S;761989
Key Down;Q;766014
Key Up;Q;766470
Key Down;D;769045
Key Up;D;769734
Key Down;D;774437
Key Down;S;774573
Key Up;D;774597
Key Up;S;774653
Key Down;D;774869
Key Up;D;775206
Key Down;Q;775478
Key Up;Q;775526
Key Down;D;775678
Key Up;D;775901
Key Down;Q;776029
Key Down;S;776446
Key Up;S;776518
Key Up;Q;776734
Key Down;D;777813
Key Down;Z;778085
Key Up;Z;778310
Key Down;S;778742
Key Up;D;778981
Key Up;S;779061
Key Down;Q;779181
Key Down;Z;779293
Key Up;Z;779325
Key Up;Q;780158
Key Down;Q;780813
Key Up;Q;781126
Key Down;S;784062
Key Down;D;786093
Key Up;S;786173
Key Down;A;786662
Key Up;A;786750
Key Down;Z;787389
Key Up;Z;787478
Key Up;D;788294
Key Down;D;788726
Key Up;D;789974
Key Down;Q;790438
Key Up;Q;790902
Key Down;Tab;793309
Key Up;Tab;795638
Key Down;D;796510
Key Down;Z;797790
Key Up;D;798053
Key Down;Q;798558
Key Up;Q;798622
Key Down;Q;799790
Key Up;Z;800333
Key Down;Z;800678
Key Up;Q;801062
Key Down;D;803477
Key Up;Z;803725
Key Up;D;804245
Key Down;S;804886
Key Up;S;805085
Key Down;D;806085
Key Up;D;806766
Key Down;Q;807382
Key Up;Q;808918
Key Down;Q;809013
Key Up;Q;809150
Key Down;Z;809262
Key Down;A;809773
Key Up;A;809862
Key Up;Z;809909
Key Down;D;810062
Key Up;D;810277
Key Down;Q;810822
Key Down;Z;810846
Key Up;Q;810918
Key Up;Z;811389
Key Down;S;812350
Key Up;S;813294
Key Down;D;813701
Key Up;D;814133
Key Down;Q;814253
Key Down;Z;814469
Key Up;Q;814550
Key Up;Z;815230
Key Down;A;815438
Key Up;A;815526
Key Down;D;815558
Key Up;D;815637
Key Down;Z;815845
Key Down;D;815990
Key Up;Z;816021
Key Up;D;816221
Key Down;S;816485
Key Down;D;816653
Key Up;S;817798
Key Up;D;819558
Key Down;D;819830
Key Down;Z;819966
Key Up;D;819974
Key Up;Z;820302
Key Down;Z;820478
Key Down;Q;820885
Key Up;Q;821237
Key Up;Z;821590
Key Down;Q;821982
Key Down;Z;822030
Key Up;Q;822150
Key Up;Z;822342
Key Down;D;822837
Key Up;D;823085
Key Down;S;823254
Key Down;Q;823573
Key Up;S;823822
Key Down;S;824134
Key Up;Q;824174
Key Down;A;824381
Key Up;A;824486
Key Down;Q;824702
Key Up;S;824733
Key Down;Z;825221
Key Up;Z;825486
Key Down;S;826309
Key Up;S;827766
Key Up;Q;829605
Key Down;Q;830238
Key Down;Z;830829
Key Up;Q;831269
Key Down;Q;832805
Key Up;Q;833094
Key Down;Q;833437
Key Up;Q;833597
Key Down;D;834077
Key Up;Z;834150
Key Down;Z;834317
Key Up;D;834357
Key Up;Z;834558
Key Down;E;834918
Key Up;E;834982
Key Down;S;837197
Key Down;Q;837246
Key Up;Q;837709
Key Down;A;838462
Key Up;A;838565
Key Down;D;838701
Key Up;D;839133
Key Up;S;839142
Key Down;Tab;839245
Key Up;Tab;842085
Key Down;D;843005
Key Down;S;847750
Key Up;D;848229
Key Down;D;848973
Key Up;D;849094
Key Down;D;850029
Key Up;S;850237
Key Down;Z;851750
Key Up;Z;851829
Key Up;D;851837
Key Down;Q;852597
Key Up;Q;853061
Key Down;S;853101
Key Up;S;853174
Key Down;Z;854037
Key Down;D;854133
Key Up;Z;854589
Key Up;D;854597
Key Down;S;854989
Key Down;Q;855077
Key Up;Q;855877
Key Up;S;856462
Key Down;D;856862
Key Down;Z;856878
Key Down;A;857301
Key Up;A;857405
Key Up;Z;858301
Key Down;Z;859293
Key Up;Z;859509
Key Down;Z;860821
Key Up;D;860949
Key Down;D;861421
Key Up;Z;861645
Key Up;D;861765
Key Down;Q;862485
Key Up;Q;862693
Key Down;Q;863149
Key Down;S;863173
Key Up;Q;863213
Key Up;S;863469
Key Down;D;863830
Key Down;S;863845
Key Up;D;863870
Key Up;S;864117
Key Down;A;864285
Key Up;A;864365
Key Down;S;864629
Key Up;S;864773
Key Down;Z;865685
Key Down;Q;865934
Key Up;Q;865989
Key Up;Z;866397
Key Down;D;866797
Key Up;D;866917
Key Down;D;867093
Key Up;D;867205
Key Down;Q;869045
Key Down;S;869117
Key Up;Q;869413
Key Down;D;869685
Key Up;S;869949
Key Up;D;870189
Key Down;A;870413
Key Up;A;870501
Key Down;D;870557
Key Up;D;870677
Key Down;S;870685
Key Down;D;870821
Key Up;D;871029
Key Up;S;871045
Key Down;D;872837
Key Down;Z;873741
Key Up;D;874029
Key Up;Z;874133
Key Down;S;875149
Key Up;S;875333
Key Down;S;876053
Key Down;D;876181
Key Up;D;876293
Key Up;S;876341
Key Down;D;876437
Key Up;D;876493
Key Down;D;876821
Key Up;D;877061
Key Down;D;877468
Key Down;Z;877741
Key Up;Z;877861
Key Up;D;877909
Key Down;Q;877989
Key Down;D;878221
Key Up;Q;878229
Key Down;Z;878925
Key Up;D;879109
Key Down;Q;879293
Key Up;Q;879421
Key Down;D;879893
Key Up;D;880237
Key Down;D;880389
Key Up;D;880621
Key Down;A;880861
Key Up;A;880973
Key Down;Q;881181
Key Up;Z;881789
Key Down;S;882229
Key Up;S;882805
Key Up;Q;882821
Key Down;Z;882941
Key Down;Q;883045
Key Up;Z;883101
Key Up;Q;883549
Key Down;D;883621
Key Up;D;883645
Key Down;Q;883653
Key Up;Q;883797
Key Down;S;883981
Key Down;D;884037
Key Up;S;884117
Key Up;D;884125
Key Down;Z;884693
Key Down;Q;884877
Key Up;Z;885109
Key Down;S;885725
Key Up;S;885901
Key Up;Q;886004
Key Down;Q;886293
Key Down;D;886509
Key Up;Q;886517
Key Down;Z;887181
Key Down;A;887733
Key Up;A;887813
Key Up;Z;887949
Key Down;Z;888181
Key Up;Z;888261
Key Down;S;888981
Key Up;D;889301
Key Down;D;889469
Key Up;D;889877
Key Down;D;890013
Key Up;D;890269
Key Down;Q;890741
Key Up;Q;890884
Key Up;S;891037
Key Down;S;891389
Key Down;Q;892045
Key Up;S;892077
Key Up;Q;892237
Key Down;A;892821
Key Up;A;892901
Key Down;Q;893637
Key Up;Q;893677
Key Down;Z;893757
Key Up;Z;893909
Key Down;D;893965
Key Down;Z;894037
Key Up;D;894084
Key Up;Z;894181
Key Down;S;894325
Key Down;Q;894581
Key Up;Q;894709
Key Down;Q;895261
Key Up;S;895525
Key Up;Q;895597
Key Down;D;895893
Key Down;Z;896037
Key Up;D;896188
Key Up;Z;896196
Key Down;S;897461
Key Down;Q;897549
Key Up;S;897653
Key Up;Q;897693
Key Down;Q;898109
Key Down;S;898421
Key Up;S;898637
Key Down;Z;900717
Key Up;Q;900989
Key Down;D;901181
Key Up;Z;901229
Key Down;A;901525
Key Up;A;901613
Key Down;S;901805
Key Up;S;902109
Key Up;D;902413
Key Down;Q;902868
Key Down;Z;903484
Key Up;Q;903573
Key Down;D;903661
Key Up;Z;903693
Key Up;D;903853
Key Down;A;904093
Key Up;A;904229
Key Down;D;904653
Key Down;S;904813
Key Up;S;905061
Key Up;D;905133
Key Down;Q;906117
Key Down;Z;906692
Key Up;Q;906820
Key Up;Z;906885
Key Down;Z;907245
Key Down;D;907452
Key Up;Z;907949
Key Up;D;908021
Key Down;A;908053
Key Up;A;908157
Key Down;Z;908365
Key Down;D;908485
Key Up;Z;909092
Key Down;Z;909549
Key Up;D;909717
Key Down;D;909949
Key Up;D;910092
Key Down;D;910540
Key Up;D;910877
Key Up;Z;911013
Key Down;D;913021
Key Down;Z;913316
Key Up;Z;913461
Key Up;D;913525
Key Down;S;913605
Key Up;S;914221
Key Down;A;914941
Key Up;A;915029
Key Down;S;915733
Key Down;D;916341
Key Up;S;916733
Key Down;Z;917989
Key Up;Z;918301
Key Up;D;919381
Key Down;D;919909
Key Up;D;920389
Key Down;Z;920981
Key Down;D;921092
Key Up;Z;921117
Key Up;D;921237
Key Down;D;921748
Key Down;Z;921884
Key Up;Z;922156
Key Down;Z;923117
Key Up;D;923349
Key Up;Z;924620
Key Down;Espace;934133
Key Up;Espace;934253
Key Down;D;942725
Key Down;Z;942956
Key Up;Z;943525
Key Down;Z;944212
Key Up;Z;944437
Key Down;Z;944821
Key Up;Z;945045
Key Down;Z;946316
Key Up;Z;946436
Key Down;Z;946724
Key Up;Z;947300
Key Down;S;948069
Key Up;S;948109
Key Down;S;948237
Key Up;S;948397
Key Down;S;948629
Key Up;S;949109
Key Up;D;949132
Key Down;S;949445
Key Down;D;950029
Key Up;S;950132
Key Up;D;950509
Key Down;D;951292
Key Up;D;951733
Key Down;D;952109
Key Up;D;952228
Key Down;S;952252
Key Down;Q;952669
Key Up;S;952677
Key Up;Q;952781
Key Down;Z;952981
Key Up;Z;953164
Key Down;D;953981
Key Up;D;955133
Key Down;D;955309
Key Up;D;955348
Key Down;D;955372
Key Down;Z;955741
Key Up;D;956221
Key Down;A;956365
Key Up;A;956477
Key Up;Z;956988
Key Down;Z;960357
Key Down;Q;960517
Key Up;Z;960725
Key Up;Q;960757
Key Down;D;962148
Key Down;S;962180
Key Up;D;962396
Key Up;S;962404
Key Down;A;962588
Key Up;A;962669
Key Down;S;962997
Key Up;S;963364
Key Down;S;963724
Key Down;Q;963940
Key Up;S;964724
Key Up;Q;966029
Key Down;A;967140
Key Up;A;967245
Key Down;Q;970277
Key Down;Z;971100
Key Up;Q;971493
Key Up;Z;971677
Key Down;D;971869
Key Down;S;972036
Key Up;D;972060
Key Down;D;972244
Key Up;S;972412
Key Down;Z;972829
Key Up;Z;973140
Key Down;A;974084
Key Up;A;974196
Key Down;S;974468
Key Up;S;974829
Key Down;Z;976349
Key Up;D;976453
Key Down;D;976661
Key Up;Z;977260
Key Down;Z;977709
Key Up;Z;977861
Key Up;D;978348
Key Down;D;978700
Key Down;Z;979261
Key Up;Z;980332
Key Up;D;980413
Key Down;Q;980749
Key Down;Z;981461
Key Up;Q;981789
Key Down;D;982117
Key Down;A;982445
Key Up;A;982548
Key Up;Z;982965
Key Up;D;983308
Key Down;Q;984301
Key Up;Q;984644
Key Down;S;985316
Key Up;S;985437
Key Down;A;985956
Key Up;A;986028
Key Down;D;986292
Key Down;Z;986485
Key Up;Z;986557
Key Up;D;986676
Key Down;Q;987197
Key Up;Q;987484
Key Down;D;988445
Key Up;D;988732
Key Down;Q;989445
Key Up;Q;989532
Key Down;Q;989964
Key Up;Q;990061
Key Down;A;990237
Key Up;A;990309
Key Down;D;990517
Key Down;S;990813
Key Up;D;990908
Key Down;Q;991796
Key Up;S;992341
Key Up;Q;992389
Key Down;D;992397
Key Down;Z;992533
Key Up;Z;993268
Key Down;S;993933
Key Up;D;994204
Key Up;S;995052
Key Down;S;995477
Key Down;Q;995732
Key Up;S;995972
Key Up;Q;996084
Key Down;Z;996388
Key Down;D;996709
Key Up;D;996757
Key Up;Z;996797
Key Down;D;996917
Key Down;S;997180
Key Up;D;997308
Key Up;S;997349
Key Down;D;997789
Key Down;S;997805
Key Up;S;997900
Key Up;D;998044
Key Down;Z;998349
Key Down;Q;998604
Key Up;Z;998812
Key Up;Q;998893
Key Down;S;999484
Key Down;Q;999492
Key Up;S;999644
Key Down;Z;999805
Key Up;Q;999861
Key Down;D;1000133
Key Up;D;1000236
Key Up;Z;1000325
Key Down;Q;1000748
Key Up;Q;1000852
Key Down;Q;1000956
Key Down;Z;1001029
Key Up;Q;1001260
Key Up;Z;1002068
Key Down;A;1002540
Key Up;A;1002612
Key Down;D;1002781
Key Down;S;1002940
Key Up;D;1003100
Key Up;S;1003348
Key Down;Z;1003516
Key Up;Z;1003820
Key Down;Q;1004196
Key Up;Q;1004980
Key Down;Q;1005877
Key Down;S;1006268
Key Up;Q;1006308
Key Down;Q;1006685
Key Up;S;1006749
Key Up;Q;1006764
Key Down;D;1006820
Key Down;Z;1006965
Key Up;D;1006972
Key Up;Z;1006988
Key Down;Q;1007092
Key Up;Q;1007804
Key Down;S;1007925
Key Up;S;1008317
Key Down;D;1008372
Key Down;Z;1008517
Key Up;D;1008844
Key Up;Z;1008876
Key Down;S;1009116
Key Down;Q;1009188
Key Up;Q;1009381
Key Up;S;1009524
Key Down;D;1009772
Key Down;Z;1009868
Key Up;Z;1009956
Key Up;D;1010092
Key Down;Z;1010436
Key Down;D;1010652
Key Down;A;1010756
Key Up;Z;1010804
Key Up;A;1010844
Key Down;Z;1011013
Key Up;Z;1011604
Key Down;S;1011876
Key Up;D;1011981
Key Up;S;1011989
Key Down;D;1012541
Key Down;Z;1013469
Key Up;Z;1013716
Key Up;D;1013956
Key Down;S;1014196
Key Down;D;1014284
Key Up;D;1014444
Key Up;S;1014484
Key Down;D;1015437
Key Down;S;1015485
Key Up;D;1015660
Key Down;D;1015852
Key Up;S;1016188
Key Down;Z;1016340
Key Up;D;1016349
Key Up;Z;1016428
Key Down;D;1016652
Key Down;Z;1016804
Key Up;D;1017308
Key Up;Z;1017388
Key Down;Q;1018684
Key Down;S;1018877
Key Up;Q;1019364
Key Down;D;1019652
Key Up;D;1020077
Key Down;A;1020292
Key Up;S;1020356
Key Up;A;1020380
Key Down;Z;1020661
Key Down;Q;1020956
Key Up;Z;1021172
Key Up;Q;1021229
Key Down;S;1022820
Key Down;D;1022884
Key Up;D;1023004
Key Down;D;1023244
Key Up;D;1023388
Key Down;D;1023572
Key Up;D;1023748
Key Down;Q;1023892
Key Up;S;1023916
Key Up;Q;1024060
Key Down;D;1024164
Key Up;D;1024236
Key Down;S;1024972
Key Down;Q;1025100
Key Up;S;1025132
Key Up;Q;1025636
Key Down;Q;1026068
Key Up;Q;1026292
Key Down;A;1026916
Key Up;A;1027012
Key Down;D;1027852
Key Up;D;1028108
Key Down;Q;1028516
Key Up;Q;1029260
Key Down;D;1029308
Key Up;D;1029756
Key Down;Q;1030076
Key Down;Z;1030516
Key Up;Q;1030580
Key Down;D;1030628
Key Up;Z;1030660
Key Up;D;1030804
Key Down;A;1030884
Key Up;A;1030988
Key Down;Q;1031388
Key Up;Q;1032236
Key Down;Q;1032540
Key Up;Q;1032804
Key Down;S;1034772
Key Down;D;1035100
Key Up;S;1035212
Key Up;D;1035420
Key Down;S;1035900
Key Up;S;1036500
Key Down;Q;1036908
Key Up;Q;1036948
Key Down;Z;1037212
Key Up;Z;1037676
Key Down;S;1037892
Key Up;S;1038684
Key Down;Z;1039172
Key Down;D;1039236
Key Up;D;1039580
Key Up;Z;1040108
Key Down;A;1041196
Key Up;A;1041300
Key Down;S;1043540
Key Down;Q;1043572
Key Up;Q;1043804
Key Down;D;1044628
Key Up;S;1045420
Key Down;Z;1046060
Key Up;D;1046084
Key Down;Q;1046180
Key Up;Q;1046372
Key Up;Z;1046452
Key Down;D;1046532
Key Down;Z;1046644
Key Up;Z;1046948
Key Up;D;1047076
Key Down;S;1047436
Key Down;D;1047452
Key Up;D;1048476
Key Down;Q;1049356
Key Up;S;1049444
Key Down;Z;1049868
Key Up;Q;1049900
Key Down;D;1050108
Key Up;D;1050476
Key Up;Z;1051027
Key Down;D;1051051
Key Down;Z;1052620
Key Up;Z;1052836
Key Down;Z;1054092
Key Up;Z;1054164
Key Down;S;1054628
Key Up;D;1054780
Key Down;D;1055012
Key Up;D;1055404
Key Up;S;1055900
Key Down;Z;1056644
Key Down;Q;1057148
Key Up;Z;1057972
Key Down;S;1058916
Key Up;Q;1059500
Key Up;S;1059708
Key Down;Q;1059740
Key Up;Q;1059852
Key Down;D;1060028
Key Up;D;1060148
Key Down;Q;1060380
Key Down;D;1060772
Key Up;Q;1060780
Key Up;D;1062036
Key Down;Q;1062131
Key Down;Z;1062620
Key Up;Q;1062660
Key Down;D;1063188
Key Up;Z;1063555
Key Down;S;1064324
Key Up;D;1064596
Key Down;D;1064916
Key Up;D;1065052
Key Up;S;1065788
Key Down;Q;1065908
Key Down;Z;1065988
Key Up;Q;1066004
Key Up;Z;1066052
Key Down;S;1067180
Key Up;S;1067643
Key Down;S;1068532
Key Up;S;1069100
Key Down;Q;1070012
Key Up;Q;1070771
Key Down;D;1070828
Key Down;A;1071116
Key Up;A;1071204
Key Down;S;1071620
Key Up;S;1071732
Key Up;D;1071739
Key Down;D;1072716
Key Down;Z;1073060
Key Up;D;1073164
Key Up;Z;1073748
Key Down;A;1074955
Key Up;A;1075060
Key Down;S;1075452
Key Down;D;1075924
Key Up;S;1076188
Key Up;D;1076540
Key Down;D;1077267
Key Up;D;1079684
Key Down;Q;1080172
Key Down;Z;1080460
Key Up;Q;1080556
Key Up;Z;1080955
Key Down;D;1080980
Key Down;Z;1081252
Key Down;A;1081420
Key Up;A;1081516
Key Up;Z;1081852
Key Down;S;1082684
Key Up;D;1082812
Key Down;D;1083284
Key Up;D;1083420
Key Down;D;1083755
Key Up;D;1083860
Key Up;S;1083884
Key Down;D;1084188
Key Up;D;1084580
Key Down;Q;1084588
Key Down;S;1084676
Key Up;S;1084852
Key Up;Q;1085036
Key Down;A;1086116
Key Up;A;1086204
Key Down;D;1087787
Key Down;S;1088484
Key Up;S;1088548
Key Up;D;1089620
Key Down;D;1090268
Key Down;Z;1091100
Key Up;Z;1091180
Key Up;D;1091356
Key Down;Q;1092724
Key Down;Z;1092876
Key Up;Q;1093372
Key Down;D;1093451
Key Up;D;1093532
Key Down;D;1093708
Key Up;D;1093724
Key Down;Q;1094668
Key Up;Q;1094876
Key Down;D;1095435
Key Up;D;1095596
Key Down;D;1096051
Key Up;Z;1096523
Key Up;D;1098620
Key Down;D;1098900
Key Down;S;1098932
Key Up;D;1099484
Key Up;S;1099876
Key Down;Q;1100004
Key Up;Q;1100628
Key Down;D;1101324
Key Down;S;1101748
Key Up;D;1101859
Key Down;Q;1102068
Key Up;Q;1102131
Key Up;S;1102220
Key Down;D;1103132
Key Up;D;1103628
Key Down;Z;1103971
Key Down;D;1104043
Key Up;Z;1104059
Key Down;S;1104436
Key Up;D;1104724
Key Up;S;1104771
Key Down;Z;1105051
Key Down;Q;1105260
Key Up;Z;1105356
Key Up;Q;1105380
Key Down;D;1106171
Key Down;S;1106203
Key Up;D;1106340
Key Up;S;1106772
Key Down;Q;1107227
Key Up;Q;1107380
Key Down;A;1107987
Key Up;A;1108075
Key Down;Z;1108628
Key Down;Q;1108907
Key Up;Q;1109155
Key Up;Z;1109179
Key Down;D;1109739
Key Down;S;1109788
Key Up;D;1109972
Key Up;S;1110524
Key Down;A;1110803
Key Up;A;1110867
Key Down;Z;1112588
Key Up;Z;1112804
Key Down;D;1112924
Key Down;Z;1113091
Key Up;D;1113204
Key Up;Z;1113340
Key Down;S;1114164
Key Up;S;1114755
Key Down;Z;1115356
Key Up;Z;1115620
Key Down;Q;1115803
Key Down;S;1115819
Key Up;Q;1115891
Key Up;S;1115947
Key Down;Z;1116067
Key Down;D;1116156
Key Up;Z;1116372
Key Up;D;1116380
Key Down;Q;1118971
Key Down;Z;1118979
Key Up;Z;1119476
Key Up;Q;1119804
Key Down;A;1120011
Key Up;A;1120092
Key Down;D;1120372
Key Up;D;1120628
Key Down;S;1121787
Key Up;S;1122436
Key Down;S;1122963
Key Up;S;1123083
Key Down;S;1124459
Key Down;D;1124563
Key Up;D;1124571
Key Down;D;1124883
Key Up;D;1125508
Key Up;S;1126652
Key Down;A;1126660
Key Up;A;1126747
Key Down;S;1127044
Key Down;Q;1127492
Key Up;S;1128211
Key Down;Z;1129332
Key Up;Q;1129467
Key Down;D;1129491
Key Up;D;1129636
Key Up;Z;1129724
Key Down;Q;1130964
Key Down;S;1131299
Key Up;Q;1131467
Key Down;A;1131611
Key Up;A;1131723
Key Up;S;1131779
Key Down;Z;1131931
Key Down;Q;1132292
Key Up;Z;1133396
Key Down;S;1134059
Key Up;Q;1134403
Key Up;S;1135156
Key Down;A;1135484
Key Up;A;1135571
Key Down;D;1135892
Key Down;Z;1135971
Key Up;D;1136108
Key Down;D;1136324
Key Up;Z;1136771
Key Up;D;1136795
Key Down;Q;1137212
Key Down;Z;1137571
Key Up;Q;1137668
Key Down;D;1137932
Key Up;Z;1137956
Key Up;D;1138084
Key Down;D;1138555
Key Up;D;1140179
Key Down;Z;1140923
Key Down;A;1141603
Key Up;A;1141707
Key Up;Z;1142339
Key Down;Q;1142819
Key Up;Q;1142940
Key Down;D;1143067
Key Up;D;1143204
Key Down;D;1143627
Key Down;Z;1143771
Key Up;Z;1143955
Key Up;D;1143979
Key Down;Q;1144212
Key Up;Q;1144531
Key Down;D;1144940
Key Down;S;1145027
Key Up;D;1145099
Key Up;S;1145428
Key Down;Q;1145476
Key Down;Z;1145716
Key Up;Q;1145748
Key Down;Q;1145851
Key Up;Z;1146092
Key Up;Q;1146235
Key Down;A;1146387
Key Up;A;1146467
Key Down;Q;1146676
Key Down;S;1146916
Key Up;S;1147308
Key Down;S;1147883
Key Up;Q;1147980
Key Up;S;1148419
Key Down;S;1148828
Key Down;D;1148844
Key Up;S;1149012
Key Up;D;1149171
Key Down;A;1149396
Key Up;A;1149500
Key Down;Z;1149675
Key Down;D;1150188
Key Up;Z;1150507
Key Up;D;1150563
Key Down;Q;1151108
Key Down;Z;1151548
Key Up;Q;1151724
Key Up;Z;1151860
Key Down;D;1152003
Key Down;S;1152203
Key Up;S;1152523
Key Down;Z;1152699
Key Up;D;1152924
Key Up;Z;1152995
Key Down;S;1153147
Key Down;Q;1153291
Key Up;Q;1153628
Key Down;D;1153772
Key Up;S;1153828
Key Down;Z;1154275
Key Up;D;1154379
Key Up;Z;1154588
Key Down;A;1154635
Key Up;A;1154723
Key Down;D;1155036
Key Up;D;1155476
Key Down;S;1158363
Key Down;D;1158483
Key Up;S;1158747
Key Down;S;1158883
Key Up;D;1158956
Key Up;S;1158972
Key Down;S;1159276
Key Up;S;1160147
Key Down;Z;1160323
Key Down;Q;1160860
Key Up;Q;1161683
Key Up;Z;1161828
Key Down;S;1162044
Key Down;D;1162116
Key Up;S;1164396
Key Down;Q;1164923
Key Up;D;1164996
Key Down;Z;1165451
Key Up;Q;1165483
Key Down;D;1165532
Key Up;Z;1165612
Key Down;Z;1166379
Key Up;Z;1167148
Key Down;Z;1167635
Key Up;Z;1167787
Key Up;D;1169324
Key Down;S;1169428
Key Down;Q;1169987
Key Up;S;1170043
Key Down;S;1170243
Key Up;Q;1170507
Key Down;D;1171388
Key Up;D;1171643
Key Up;S;1171947
Key Down;D;1172347
Key Down;Z;1172499
Key Down;A;1172676
Key Up;A;1172779
Key Up;D;1173075
Key Down;D;1173323
Key Up;D;1174171
Key Up;Z;1174443
Key Down;S;1175059
Key Up;S;1175443
Key Down;S;1175763
Key Up;S;1176107
Key Down;Z;1176323
Key Down;D;1176876
Key Up;D;1177124
Key Down;A;1177180
Key Up;A;1177315
Key Up;Z;1179043
Key Down;D;1179339
Key Down;Z;1179355
Key Up;D;1179476
Key Up;Z;1179627
Key Down;S;1180011
Key Down;Q;1180123
Key Up;Q;1180516
Key Up;S;1180603
Key Down;Q;1181451
Key Down;S;1181532
Key Up;Q;1181619
Key Up;S;1181691
Key Down;A;1181915
Key Up;A;1181979
Key Down;Q;1182467
Key Down;D;1182955
Key Up;Q;1183003
Key Up;D;1183467
Key Down;Q;1184075
Key Up;Q;1184611
Key Down;D;1184619
Key Down;Z;1185107
Key Up;Z;1185171
Key Up;D;1185195
Key Down;Q;1185811
Key Down;S;1185899
Key Up;S;1186131
Key Up;Q;1186395
Key Down;D;1186523
Key Down;Z;1186699
Key Up;Z;1186739
Key Up;D;1187067
Key Down;Q;1187603
Key Up;Q;1188099
Key Down;D;1188107
Key Down;Z;1188323
Key Up;Z;1188363
Key Up;D;1188595
Key Down;Q;1189091
Key Up;Q;1189563
Key Down;D;1189675
Key Down;A;1190075
Key Up;D;1190123
Key Up;A;1190179
Key Down;Z;1190363
Key Down;D;1190467
Key Up;D;1190819
Key Down;Q;1191555
Key Up;Z;1191795
Key Down;Z;1192211
Key Up;Z;1192419
Key Up;Q;1193011
Key Down;Q;1193275
Key Down;Z;1193379
Key Up;Q;1193643
Key Up;Z;1194923
Key Down;Q;1194979
Key Down;S;1195427
Key Up;S;1195611
Key Down;S;1195875
Key Up;Q;1196747
Key Up;S;1196755
Key Down;Q;1197171
Key Up;Q;1197451
Key Down;Q;1198523
Key Down;Z;1198571
Key Up;Q;1198683
Key Down;D;1199163
Key Up;D;1200075
Key Up;Z;1200251
Key Down;Z;1200411
Key Down;D;1200795
Key Up;Z;1200835
Key Down;S;1201738
Key Down;A;1201931
Key Up;D;1201947
Key Up;S;1201955
Key Up;A;1202051
Key Down;S;1202227
Key Up;S;1202867
Key Down;S;1203843
Key Up;S;1204027
Key Down;Q;1204299
Key Down;Z;1204619
Key Up;Z;1204835
Key Up;Q;1205395
Key Down;A;1206051
Key Up;A;1206155
Key Down;Q;1206562
Key Down;S;1206987
Key Up;Q;1207731
Key Up;S;1207763
Key Down;Q;1208107
Key Up;Q;1208795
Key Down;Q;1208907
Key Up;Q;1209067
Key Down;Q;1210011
Key Down;Z;1211163
Key Up;Q;1212467
Key Down;D;1212627
Key Up;Z;1212667
Key Down;Z;1212875
Key Up;D;1213202
Key Down;Q;1213555
Key Up;Z;1213643
Key Up;Q;1213827
Key Down;S;1215651
Key Down;Q;1216131
Key Up;Q;1216803
Key Up;S;1217131
Key Down;S;1218275
Key Down;D;1218563
Key Up;D;1218939
Key Up;S;1220843
Key Down;S;1221275
Key Down;Q;1223035
Key Up;Q;1224187
Key Up;S;1225507
Key Down;Tab;1225515
Key Up;Tab;1227675
Key Down;S;1228883
Key Down;D;1231003
Key Up;S;1231947
Key Down;S;1232771
Key Up;D;1232811
Key Down;D;1234683
Key Up;D;1235131
Key Down;D;1235611
Key Up;D;1235875
Key Up;S;1236011
Key Down;Z;1236203
Key Down;D;1236219
Key Up;Z;1236363
Key Down;Z;1236515
Key Up;D;1236547
Key Down;Q;1236843
Key Up;Z;1237787
Key Up;Q;1238611
Key Down;A;1238755
Key Up;A;1238843
Key Down;Q;1239315
Key Up;Q;1239538
Key Down;S;1239562
Key Up;S;1239659
Key Down;D;1239842
Key Up;D;1240179
Key Down;Q;1241315
Key Up;Q;1241931
Key Down;D;1241939
Key Up;D;1242003
Key Down;D;1242194
Key Down;A;1242835
Key Up;A;1242923
Key Down;S;1243139
Key Up;D;1243331
Key Up;S;1243523
Key Down;Z;1243707
Key Up;Z;1244051
Key Down;S;1244866
Key Down;D;1244947
Key Up;D;1245066
Key Up;S;1245395
Key Down;Q;1246267
Key Up;Q;1246499
Key Down;Z;1246507
Key Down;D;1246627
Key Up;D;1246891
Key Up;Z;1246946
Key Down;S;1247851
Key Up;S;1248131
Key Down;D;1248363
Key Up;D;1248475
Key Down;S;1249387
Key Down;D;1249795
Key Up;D;1249891
Key Up;S;1250162
Key Down;D;1250267
Key Up;D;1250442
Key Down;Z;1250483
Key Down;D;1250578
Key Up;D;1250602
Key Up;Z;1250978
Key Down;Q;1251315
Key Up;Q;1251634
Key Down;Q;1252259
Key Up;Q;1252507
Key Down;D;1252563
Key Down;S;1252906
Key Up;D;1253186
Key Down;Q;1253946
Key Up;S;1254491
Key Down;Z;1254778
Key Up;Q;1255802
Key Down;A;1256115
Key Up;A;1256235
Key Up;Z;1256306
Key Down;Q;1256419
Key Down;Z;1256723
Key Up;Q;1256843
Key Down;D;1257259
Key Up;Z;1257794
Key Down;Z;1258203
Key Up;D;1258499
Key Down;Q;1259722
Key Up;Z;1260739
Key Down;Z;1261042
Key Up;Q;1261538
Key Down;Q;1262122
Key Up;Z;1263651
Key Down;Z;1264027
Key Up;Q;1264498
Key Down;Q;1265010
Key Up;Q;1265162
Key Down;D;1265483
Key Up;D;1265603
Key Down;Q;1265707
Key Up;Q;1265898
Key Down;D;1267083
Key Up;D;1267595
Key Down;Q;1268307
Key Up;Z;1268515
Key Up;Q;1269075
Key Down;Q;1269547
Key Down;S;1270707
Key Up;S;1270923
Key Down;Z;1272635
Key Up;Q;1273235
Key Down;D;1273738
Key Up;Z;1274570
Key Down;S;1275427
Key Up;D;1276235
Key Down;D;1276659
Key Up;D;1276875
Key Up;S;1277082
Key Down;Q;1277283
Key Up;Q;1277754
Key Down;A;1278003
Key Up;A;1278091
Key Down;Z;1280098
Key Down;D;1280299
Key Up;Z;1280531
Key Down;S;1280947
Key Down;A;1281195
Key Up;S;1281267
Key Up;A;1281307
Key Up;D;1281498
Key Down;S;1281650
Key Up;S;1282011
Key Down;D;1282051
Key Down;S;1282123
Key Up;D;1282219
Key Up;S;1282306
Key Down;D;1282371
Key Down;Z;1282427
Key Up;D;1282443
Key Down;D;1282578
Key Up;D;1282666
Key Down;Q;1282923
Key Up;Z;1283163
Key Up;Q;1286227
Key Down;S;1287779
Key Down;D;1288307
Key Up;S;1288450
Key Up;D;1288619
Key Down;S;1288866
Key Down;Q;1289059
Key Up;S;1289075
Key Down;S;1289235
Key Up;S;1289402
Key Down;Z;1289698
Key Up;Q;1289730
Key Down;D;1289923
Key Up;Z;1289971
Key Up;D;1290171
Key Down;Q;1290666
Key Up;Q;1290778
Key Down;Z;1291162
Key Down;D;1291554
Key Up;Z;1291618
Key Down;Z;1292227
Key Up;Z;1292531
Key Up;D;1292938
Key Down;A;1293746
Key Up;A;1293858
Key Down;Z;1295402
Key Down;D;1295682
Key Up;D;1296002
Key Up;Z;1296090
Key Down;Q;1296243
Key Down;Z;1296338
Key Up;Z;1296723
Key Down;Z;1297114
Key Up;Q;1297499
Key Down;Q;1297818
Key Up;Q;1297946
Key Up;Z;1298267
Key Down;Z;1298675
Key Up;Z;1299827
Key Down;Tab;1300891
Key Up;Tab;1303322
Key Down;S;1306067
Key Down;Q;1306578
Key Up;Q;1306890
Key Down;Q;1307675
Key Up;S;1308747
Key Down;S;1309411
Key Up;Q;1309443
Key Down;Q;1310618
Key Up;Q;1310794
Key Down;D;1310882
Key Up;S;1311027
Key Up;D;1311530
Key Down;Q;1312267
Key Down;S;1312738
Key Up;Q;1312954
Key Down;D;1313043
Key Up;S;1313138
Key Up;D;1313195
Key Down;A;1313323
Key Up;A;1313418
Key Down;D;1313747
Key Down;Z;1313779
Key Up;Z;1314075
Key Down;Z;1314355
Key Up;Z;1314530
Key Down;S;1314954
Key Up;D;1315675
Key Down;D;1315842
Key Up;D;1315954
Key Down;Q;1316250
Key Up;S;1317099
Key Down;S;1317402
Key Up;Q;1317602
Key Up;S;1317891
Key Down;Q;1318802
Key Down;Z;1319218
Key Up;Q;1319322
Key Down;Q;1319579
Key Up;Q;1319770
Key Up;Z;1319955
Key Down;D;1320250
Key Up;D;1320498
Key Down;S;1320547
Key Down;D;1320810
Key Up;S;1321610
Key Up;D;1321682
Key Down;Q;1322434
Key Down;S;1322482
Key Up;Q;1322539
Key Down;D;1322594
Key Up;S;1322610
Key Up;D;1322762
Key Down;D;1324210
Key Down;Z;1324642
Key Up;D;1324795
Key Up;Z;1325147
Key Down;A;1325354
Key Up;A;1325443
Key Down;Q;1326018
Key Down;Z;1326059
Key Up;Q;1326315
Key Up;Z;1326467
Key Down;Q;1328706
Key Down;S;1328979
Key Up;S;1329818
Key Up;Q;1330546
Key Down;Q;1340082
Key Up;Q;1341426
Key Down;Q;1342106
Key Down;Z;1342610
Key Up;Q;1342810
Key Up;Z;1342930
Key Down;E;1343122
Key Up;E;1343210
Key Down;S;1344938
Key Up;S;1344986
Key Down;E;1345426
Key Up;E;1345490
Key Down;D;1345906
Key Down;S;1346610
Key Up;S;1347018
Key Down;Q;1349690
Key Down;Z;1349706
Key Up;D;1349722
Key Up;Q;1350066
Key Up;Z;1350602
Key Down;Z;1351466
Key Up;Z;1351866
Key Down;A;1352098
Key Up;A;1352194
Key Down;Z;1353362
Key Down;Q;1353834
Key Up;Z;1354322
Key Up;Q;1354682
Key Down;Tab;1355514
Key Up;Tab;1356898
Key Down;D;1357834
Key Up;D;1358266
Key Down;D;1358498
Key Down;S;1358650
Key Up;D;1358938
Key Down;D;1359362
Key Up;S;1359610
Key Down;S;1360482
Key Up;S;1360770
Key Down;Z;1360970
Key Up;Z;1361154
Key Up;D;1361178
Key Down;Q;1361202
Key Down;S;1361378
Key Up;Q;1361410
Key Down;Q;1362114
Key Up;Q;1362330
Key Down;D;1364650
Key Up;S;1364818
Key Up;D;1366754
Key Down;D;1367314
Key Up;D;1367898
Key Down;D;1368482
Key Up;D;1368586
Key Down;Tab;1369122
Key Up;Tab;1374026
Key Down;Z;1377234
Key Up;Z;1378074
Key Down;Q;1378882
Key Up;Q;1379066
Key Down;S;1379098
Key Up;S;1379258
Key Down;Z;1386921
Key Down;D;1387018
Key Up;Z;1387282
Key Up;D;1387346
Key Down;S;1387633
Key Up;S;1387866
Key Down;Tab;1388730
Key Up;Tab;1388794
Key Down;Tab;1389130
Key Up;Tab;1389226
Key Down;A;1389770
Key Up;A;1389954
Key Down;Tab;1391738
Key Up;Tab;1394482
Key Down;D;1395882
Key Up;D;1398761
Key Down;D;1410370
Key Down;S;1411409
Key Up;D;1411482
Key Down;D;1412258
Key Up;S;1412409
Key Down;Z;1413250
Key Up;Z;1413482
Key Down;Z;1414617
Key Up;D;1415041
Key Down;Q;1415458
Key Down;D;1415778
Key Up;Q;1415906
Key Up;D;1416826
Key Down;Q;1416954
Key Up;Z;1417066
Key Up;Q;1417114
Key Down;D;1417426
Key Down;S;1417618
Key Up;D;1417762
Key Up;S;1418970
Key Down;D;1419626
Key Down;Z;1419890
Key Up;Z;1420138
Key Up;D;1420178
Key Down;Z;1420610
Key Down;D;1420666
Key Up;D;1420794
Key Up;Z;1421202
Key Down;Q;1421226
Key Up;Q;1421338
Key Down;Z;1421626
Key Up;Z;1421762
Key Down;Q;1421794
Key Up;Q;1421841
Key Down;S;1422217
Key Up;S;1422369
Key Down;Q;1422946
Key Up;Q;1423122
Key Down;S;1423426
Key Down;D;1423465
Key Up;D;1423969
Key Down;Q;1424418
Key Up;S;1424970
Key Down;D;1426994
Key Up;Q;1427010
Key Up;D;1427298
Key Down;Q;1427330
Key Down;Z;1429386
Key Up;Q;1430122
Key Up;Z;1430250
Key Down;Q;1430585
Key Up;Q;1430649
Key Down;Q;1431002
Key Down;Z;1431034
Key Up;Q;1431178
Key Up;Z;1431298
Key Down;Q;1432873
Key Down;Z;1432961
Key Up;Q;1433002
Key Down;D;1433338
Key Up;Z;1434170
Key Down;Z;1434482
Key Up;Z;1434666
Key Up;D;1434850
Key Down;S;1434930
Key Down;D;1435185
Key Up;S;1435217
Key Down;Z;1435498
Key Up;Z;1436034
Key Down;S;1436834
Key Up;S;1437377
Key Down;S;1437498
Key Up;S;1437578
Key Up;D;1438266
Key Down;Espace;1446386
Key Up;Espace;1446506
Key Down;Q;1454321
Key Down;Z;1454330
Key Up;Q;1454866
Key Down;Q;1455289
Key Up;Q;1455778
Key Down;A;1457497
Key Up;A;1457585
Key Up;Z;1457746
Key Down;D;1458018
Key Down;Z;1458130
Key Up;D;1458465
Key Up;Z;1458473
Key Down;Q;1459442
Key Down;Z;1459794
Key Up;Q;1459929
Key Down;D;1460026
Key Up;Z;1460065
Key Up;D;1460338
Key Down;Q;1460850
Key Down;S;1460970
Key Up;S;1461066
Key Down;Z;1461442
Key Up;Q;1461458
Key Up;Z;1461562
Key Down;D;1461809
Key Up;D;1462370
Key Down;A;1462562
Key Up;A;1462657
Key Down;D;1463042
Key Down;Z;1463609
Key Up;Z;1464281
Key Down;Z;1465321
Key Up;D;1465361
Key Up;Z;1465945
Key Down;D;1466298
Key Down;Z;1466314
Key Up;D;1467305
Key Down;Q;1468098
Key Up;Q;1468249
Key Down;Q;1469922
Key Up;Q;1470066
Key Up;Z;1470289
Key Down;Q;1470442
Key Down;Z;1470634
Key Up;Q;1471194
Key Down;D;1471522
Key Down;A;1472018
Key Up;A;1472122
Key Up;Z;1472249
Key Down;S;1472481
Key Up;S;1472730
Key Up;D;1473057
Key Down;S;1473130
Key Up;S;1473281
Key Down;S;1473690
Key Down;D;1473962
Key Up;S;1474250
Key Down;Z;1474697
Key Up;Z;1474754
Key Up;D;1474786
Key Down;Q;1474850
Key Up;Q;1475242
Key Down;D;1475298
Key Up;D;1475441
Key Down;D;1475585
Key Down;S;1475666
Key Up;D;1475714
Key Up;S;1475825
Key Down;D;1475905
Key Up;D;1476009
Key Down;Z;1476297
Key Down;D;1476321
Key Up;D;1476745
Key Down;Q;1476826
Key Up;Z;1476930
Key Down;Z;1476946
Key Up;Q;1477097
Key Down;D;1477185
Key Up;Z;1477394
Key Down;Z;1477593
Key Down;A;1477889
Key Up;A;1477994
Key Up;D;1478082
Key Up;Z;1478242
Key Down;Q;1478505
Key Up;Q;1478585
Key Down;D;1479233
Key Down;Z;1479337
Key Up;D;1479562
Key Down;Q;1479761
Key Up;Z;1479937
Key Down;S;1480065
Key Up;Q;1480129
Key Up;S;1480473
Key Down;Q;1480673
Key Down;Z;1480841
Key Up;Z;1481050
Key Down;S;1481489
Key Up;Q;1482153
Key Down;Q;1482321
Key Up;S;1482481
Key Down;S;1482866
Key Up;Q;1483098
Key Up;S;1483153
Key Down;D;1483161
Key Down;Z;1483289
Key Up;D;1483394
Key Down;D;1483633
Key Up;Z;1483681
Key Down;S;1483866
Key Up;S;1484433
Key Down;A;1484761
Key Up;A;1484858
Key Up;D;1485153
Key Down;Q;1485161
Key Down;Z;1485578
Key Up;Q;1485609
Key Down;D;1485633
Key Up;D;1485714
Key Down;Q;1485914
Key Up;Z;1486153
Key Down;S;1486418
Key Up;S;1486833
Key Up;Q;1487449
Key Down;D;1487481
Key Down;A;1487874
Key Up;A;1487970
Key Down;S;1488361
Key Up;S;1488673
Key Up;D;1488681
Key Down;Q;1488705
Key Up;Q;1488873
Key Down;Q;1489385
Key Down;S;1489810
Key Up;Q;1490041
Key Down;D;1490362
Key Up;D;1490449
Key Down;D;1490633
Key Up;D;1490921
Key Up;S;1491193
Key Down;Z;1491545
Key Up;Z;1491753
Key Down;Q;1491777
Key Up;Q;1492042
Key Down;D;1492441
Key Down;S;1492697
Key Up;S;1493081
Key Down;S;1493129
Key Up;D;1493170
Key Down;Q;1493322
Key Up;S;1493345
Key Up;Q;1493433
Key Down;A;1493753
Key Up;A;1493825
Key Down;Z;1493978
Key Down;Q;1494234
Key Up;Z;1494753
Key Up;Q;1494969
Key Down;Z;1494978
Key Up;Z;1495881
Key Down;Q;1496490
Key Down;S;1496553
Key Up;S;1497058
Key Up;Q;1498593
Key Down;Q;1500761
Key Up;Q;1501345
Key Down;Q;1501601
Key Up;Q;1502041
Key Down;Q;1502249
Key Down;S;1502305
Key Up;S;1503426
Key Up;Q;1504273
Key Down;A;1504514
Key Up;A;1504578
Key Down;D;1504721
Key Down;Z;1505073
Key Up;D;1505914
Key Up;Z;1506697
Key Down;S;1507489
Key Up;S;1507898
Key Down;S;1509730
Key Up;S;1510201
Key Down;Q;1511265
Key Down;S;1511329
Key Up;Q;1511465
Key Up;S;1511681
Key Down;S;1514753
Key Up;S;1514881
Key Down;Z;1516785
Key Down;D;1516849
Key Up;D;1517226
Key Down;Q;1517369
Key Up;Z;1517465
Key Up;Q;1517577
Key Down;E;1518793
Key Up;E;1518865
Key Down;Z;1519394
Key Down;D;1519969
Key Up;D;1520345
Key Up;Z;1520545
Key Down;A;1521497
Key Up;A;1521609
Key Down;Z;1521953
Key Down;Q;1523889
Key Up;Z;1523905
Key Down;Z;1524313
Key Up;Q;1525673
Key Down;Q;1527385
Key Up;Q;1527961
Key Down;D;1528441
Key Up;D;1529177
Key Down;D;1529393
Key Up;D;1529665
Key Down;E;1529841
Key Up;Z;1529897
Key Up;E;1529969
Key Down;D;1530225
Key Down;S;1530793
Key Up;D;1530961
Key Up;S;1531097
Key Down;Q;1531225
Key Down;Z;1532097
Key Up;Q;1532169
Key Down;Q;1532393
Key Up;Z;1532433
Key Down;S;1532841
Key Up;Q;1532857
Key Up;S;1533401
Key Down;Q;1535769
Key Down;S;1536281
Key Up;Q;1536569
Key Down;D;1536681
Key Up;S;1536777
Key Up;D;1537032
Key Down;Z;1537209
Key Down;D;1537289
Key Up;Z;1537473
Key Up;D;1537521
Key Down;Q;1539049
Key Up;Q;1539281
Key Down;Q;1540089
Key Down;S;1540153
Key Up;Q;1540577
Key Down;D;1540721
Key Up;S;1541121
Key Up;D;1541273
Key Down;Q;1541600
Key Down;Z;1541617
Key Up;Q;1542185
Key Up;Z;1542209
Key Down;Q;1542664
Key Down;S;1542793
Key Up;Q;1542961
Key Up;S;1542969
Key Down;D;1543641
Key Down;A;1543920
Key Up;D;1543968
Key Up;A;1543976
Key Down;Q;1544385
Key Down;S;1544545
Key Up;Q;1545328
Key Down;Q;1545697
Key Up;S;1546065
Key Up;Q;1546249
Key Down;Q;1546473
Key Down;Z;1546505
Key Up;Z;1546712
Key Up;Q;1546736
Key Down;Q;1548929
Key Down;S;1550633
Key Up;S;1550777
Key Down;Z;1552361
Key Up;Q;1552449
Key Up;Z;1552473
Key Down;A;1552793
Key Up;A;1552897
Key Down;Q;1553145
Key Down;Z;1554097
Key Up;Q;1556241
Key Up;Z;1557193
Key Down;Q;1559473
Key Up;Q;1559633
Key Down;S;1560937
Key Up;S;1561233
Key Down;S;1561849
Key Up;S;1562344
Key Down;S;1562665
Key Up;S;1563121
Key Down;D;1565736
Key Down;Z;1565873
Key Up;D;1565969
Key Down;A;1566489
Key Up;A;1566561
Key Up;Z;1566929
Key Down;Z;1567977
Key Down;Q;1567985
Key Up;Q;1568113
Key Up;Z;1568753
Key Down;Z;1569288
Key Up;Z;1569737
Key Down;S;1570177
Key Up;S;1570529
Key Down;A;1570953
Key Up;A;1571033
Key Down;Z;1571312
Key Up;Z;1572433
Key Down;D;1572600
Key Up;D;1572897
Key Down;Z;1572977
Key Down;Q;1573809
Key Up;Q;1574401
Key Up;Z;1575585
Key Down;Z;1577425
Key Down;A;1577657
Key Up;A;1577713
Key Up;Z;1577721
Key Down;Q;1578113
Key Down;Z;1578161
Key Up;Z;1578497
Key Down;S;1578833
Key Up;S;1579001
Key Down;Z;1580777
Key Up;Q;1580857
Key Up;Z;1580920
Key Down;S;1581265
Key Down;D;1581449
Key Up;S;1581992
Key Down;Z;1582257
Key Up;D;1582361
Key Up;Z;1582609
Key Down;Q;1582649
Key Up;Q;1582841
Key Down;Q;1582873
Key Down;Z;1583081
Key Up;Q;1583169
Key Down;D;1584592
Key Up;D;1584752
Key Down;A;1585001
Key Up;A;1585105
Key Down;Q;1585297
Key Up;Z;1585441
Key Up;Q;1585681
Key Down;A;1588672
Key Up;A;1588792
Key Down;D;1588953
Key Down;S;1589353
Key Up;S;1589640
Key Up;D;1589824
Key Down;D;1590145
Key Up;D;1590729
Key Down;S;1590753
Key Down;Q;1590849
Key Up;Q;1591120
Key Down;D;1591721
Key Up;S;1592961
Key Down;S;1593409
Key Up;S;1593960
Key Up;D;1594472
Key Down;Q;1594593
Key Up;Q;1594657
Key Down;Tab;1594977
Key Up;Tab;1596017
Key Down;S;1596641
Key Down;Q;1599225
Key Up;Q;1599673
Key Down;Q;1601449
Key Up;S;1601761
Key Up;Q;1601801
Key Down;A;1601961
Key Up;A;1602041
Key Down;D;1602176
Key Down;S;1603464
Key Up;D;1603697
Key Down;Q;1604672
Key Up;Q;1604760
Key Up;S;1604792
Key Down;Q;1604800
Key Up;Q;1604929
Key Down;A;1606081
Key Up;A;1606160
Key Down;S;1607992
Key Down;Q;1608168
Key Up;S;1608432
Key Up;Q;1608513
Key Down;Z;1609064
Key Down;D;1609089
Key Up;D;1609265
Key Up;Z;1609297
Key Down;S;1610129
Key Down;Q;1610313
Key Up;Q;1610512
Key Up;S;1610625
Key Down;A;1610920
Key Up;A;1611001
Key Down;Z;1611537
Key Down;D;1611576
Key Up;Z;1611681
Key Up;D;1611689
Key Down;Q;1612457
Key Down;S;1612593
Key Up;S;1612776
Key Up;Q;1612784
Key Down;D;1612912
Key Down;Z;1612993
Key Up;D;1613265
Key Up;Z;1613320
Key Down;A;1613817
Key Up;A;1613881
Key Down;Z;1614072
Key Down;Q;1614313
Key Up;Z;1615121
Key Down;S;1615568
Key Up;S;1617337
Key Down;S;1618609
Key Up;Q;1618912
Key Up;S;1619112
Key Down;D;1619256
Key Down;Z;1619353
Key Up;D;1619496
Key Up;Z;1619728
Key Down;Z;1619937
Key Up;Z;1620304
Key Down;S;1620473
Key Up;S;1620793
Key Down;D;1621249
Key Down;Z;1621329
Key Up;D;1621432
Key Up;Z;1621825
Key Down;S;1622048
Key Up;S;1622177
Key Down;A;1622249
Key Up;A;1622305
Key Down;Z;1623072
Key Up;Z;1623400
Key Down;Z;1625721
Key Up;Z;1626249
Key Down;A;1626992
Key Up;A;1627088
Key Down;Z;1627297
Key Down;Q;1627336
Key Up;Z;1627641
Key Down;Z;1628080
Key Up;Q;1628960
Key Up;Z;1629784
Key Down;Q;1630272
Key Up;Q;1630873
Key Down;D;1633256
Key Up;D;1634336
Key Down;Q;1635017
Key Down;S;1635176
Key Up;S;1635489
Key Down;Z;1637272
Key Up;Z;1637465
Key Down;Z;1637865
Key Up;Q;1637936
Key Up;Z;1638128
Key Down;Z;1638432
Key Up;Z;1638560
Key Down;Z;1638912
Key Up;Z;1639073
Key Down;Z;1639464
Key Down;D;1639560
Key Up;Z;1639648
Key Up;D;1639792
Key Down;S;1639984
Key Down;Q;1640080
Key Up;Q;1640232
Key Down;D;1640320
Key Up;D;1640480
Key Down;D;1640897
Key Up;S;1641312
Key Down;S;1641616
Key Up;S;1641937
Key Down;Z;1642345
Key Up;D;1643040
Key Down;Q;1643056
Key Up;Z;1643200
Key Down;Z;1643416
Key Up;Q;1643849
Key Up;Z;1644865
Key Down;Z;1645120
Key Up;Z;1645529
Key Down;Z;1645729
Key Down;D;1645849
Key Up;Z;1645881
Key Down;Z;1646281
Key Up;Z;1646497
Key Up;D;1646529
Key Down;Q;1647713
Key Up;Q;1648232
Key Down;S;1648984
Key Up;S;1649192
Key Down;Q;1649328
Key Down;S;1649728
Key Up;Q;1649793
Key Down;D;1649912
Key Up;S;1649920
Key Up;D;1650104
Key Down;S;1650489
Key Down;D;1650497
Key Up;D;1650865
Key Up;S;1650889
Key Down;Z;1651224
Key Up;Z;1651568
Key Down;Q;1651736
Key Up;Q;1651825
Key Down;A;1652688
Key Up;A;1652776
Key Down;S;1652976
Key Down;D;1653216
Key Up;S;1653496
Key Down;Z;1653752
Key Up;D;1653777
Key Down;D;1654088
Key Up;D;1654568
Key Down;D;1654904
Key Up;D;1655073
Key Down;A;1655648
Key Up;A;1655760
Key Down;D;1656120
Key Up;D;1656248
Key Up;Z;1656816
Key Down;Z;1657112
Key Up;Z;1657296
Key Down;Tab;1658520
Key Up;Tab;1660441
Key Down;Q;1661632
Key Down;Z;1661673
Key Up;Z;1664080
Key Down;S;1666400
Key Up;S;1666784
Key Down;S;1667216
Key Up;S;1667745
Key Down;Z;1668128
Key Up;Q;1668832
Key Down;D;1669152
Key Up;D;1669472
Key Down;D;1669953
Key Up;Z;1670104
Key Down;S;1670440
Key Up;S;1670553
Key Down;S;1672264
Key Up;D;1672432
Key Down;Q;1673192
Key Up;S;1674360
Key Up;Q;1676096
Key Down;S;1677032
Key Down;D;1677040
Key Up;S;1677793
Key Down;A;1678113
Key Up;A;1678184
Key Down;Z;1678936
Key Up;D;1679352
Key Down;Q;1679432
Key Up;Z;1679680
Key Up;Q;1679728
Key Down;A;1682104
Key Up;A;1682185
Key Down;D;1682896
Key Down;Z;1683168
Key Up;D;1683304
Key Up;Z;1683368
Key Down;Z;1684136
Key Down;D;1684144
Key Up;D;1684248
Key Down;Q;1685088
Key Up;Z;1685920
Key Down;S;1686304
Key Up;S;1686400
Key Down;S;1686896
Key Up;Q;1688032
Key Up;S;1688456
Key Down;D;1688488
Key Down;Z;1689512
Key Up;D;1689768
Key Up;Z;1689944
Key Down;A;1691624
Key Up;A;1691736
Key Down;Z;1692032
Key Up;Z;1692584
Key Down;Q;1692744
Key Down;S;1693176
Key Up;Q;1693208
Key Down;D;1694456
Key Up;S;1694504
Key Down;Z;1695648
Key Up;Z;1696120
Key Down;Z;1696320
Key Up;Z;1696712
Key Down;S;1697976
Key Up;D;1699424
Key Down;Q;1700336
Key Up;S;1701472
Key Down;S;1703664
Key Up;S;1704008
Key Down;S;1705112
Key Up;Q;1705472
Key Down;D;1706000
Key Up;D;1706184
Key Down;D;1706808
Key Up;S;1706896
Key Down;Z;1707512
Key Up;D;1708776
Key Down;Q;1709432
Key Up;Z;1709496
Key Down;S;1709712
Key Up;Q;1709728
Key Down;A;1709864
Key Up;S;1709872
Key Up;A;1709936
Key Down;Q;1710112
Key Down;S;1710359
Key Up;S;1710616
Key Up;Q;1711376
Key Down;S;1711568
Key Down;Q;1711656
Key Up;Q;1712023
Key Down;D;1712216
Key Up;S;1712416
Key Up;D;1713000
Key Down;Q;1713208
Key Down;A;1713216
Key Up;A;1713264
Key Down;Z;1713272
Key Up;Q;1713384
Key Down;A;1713584
Key Up;A;1713688
Key Down;D;1713712
Key Up;Z;1713912
Key Up;D;1714232
Key Down;Q;1714696
Key Down;S;1715168
Key Up;Q;1715344
Key Up;S;1715384
Key Down;Q;1716696
Key Up;Q;1716815
Key Down;D;1718152
Key Up;D;1718536
Key Down;A;1722680
Key Up;A;1722816
Key Down;Q;1726312
Key Down;S;1726552
Key Up;Q;1726664
Key Down;D;1726935
Key Up;S;1727008
Key Down;S;1727840
Key Up;S;1729336
Key Down;Z;1729608
Key Up;Z;1729943
Key Up;D;1730456
Key Down;S;1730696
Key Up;S;1732272
Key Down;Z;1733464
Key Up;Z;1733624
Key Down;D;1733751
Key Down;S;1734280
Key Up;S;1734792
Key Down;A;1734912
Key Up;A;1735047
Key Down;S;1735327
Key Up;S;1735496
Key Down;Z;1736415
Key Up;D;1736519
Key Down;D;1737056
Key Up;Z;1737088
Key Down;Tab;1738359
Key Up;D;1738431
Key Up;Tab;1740895
Key Down;Z;1741551
Key Down;Q;1744184
Key Up;Z;1744439
Key Down;Z;1744879
Key Up;Q;1745000
Key Down;Q;1745256
Key Up;Q;1745760
Key Down;Q;1746312
Key Up;Q;1746432
Key Down;D;1747448
Key Down;A;1749072
Key Up;A;1749183
Key Up;D;1749848
Key Down;D;1750520
Key Up;Z;1751040
Key Up;D;1751391
Key Down;D;1752144
Key Up;D;1753400
Key Down;D;1753728
Key Up;D;1753928
Key Down;Tab;1754367
Key Up;Tab;1757760
Key Down;Z;1758799
Key Up;Z;1759847
Key Down;E;1759944
Key Up;E;1760040
Key Down;S;1761615
Key Up;S;1761679
Key Down;E;1761888
Key Up;E;1761960
Key Down;D;1762208
Key Down;S;1763352
Key Up;S;1763432
Key Up;D;1764744
Key Down;S;1765119
Key Down;D;1765191
Key Up;S;1765280
Key Down;Z;1765624
Key Up;Z;1765743
Key Up;D;1766600
Key Down;A;1767423
Key Up;A;1767519
Key Down;Tab;1770191
Key Up;Tab;1808127
Key Down;Z;1812679
Key Up;Z;1812864
Key Down;Z;1814592
Key Up;Z;1815327
Key Down;Espace;1815719
Key Up;Espace;1815848
Key Down;S;1816112
Key Up;S;1816448
Key Down;Z;1817104
Key Up;Z;1817440
Key Down;E;1817664
Key Up;E;1817751
Key Down;S;1818527
Key Up;S;1818599
Key Down;D;1819304
Key Up;D;1819551
Key Down;S;1819935
Key Down;Q;1819943
Key Up;S;1820080
Key Up;Q;1820367
Key Down;E;1820895
Key Up;E;1820983
Key Down;R;1824815
Key Up;R;1824871
Key Down;Echap;1833199
Key Up;Echap;1833328
Key Down;Echap;1833831
Key Up;Echap;1833943
Key Down;Echap;1834591
Key Up;Echap;1834711
Key Down;D;1835535
Key Down;Z;1835975
Key Up;D;1836023
Key Down;A;1836255
Key Up;A;1836335
Key Down;Q;1836591
Key Up;Q;1837096
Key Up;Z;1837944
Key Down;Tab;1867831
Key Up;Tab;1868383
Key Down;Tab;1868863
Key Up;Tab;1871798
Key Down;D;1872791
Key Up;D;1875207
Key Down;S;1897439
Key Down;D;1897447
Key Up;S;1897551
Key Up;D;1897975
Key Down;E;1898126
Key Up;E;1898215
Key Down;D;1898807
Key Up;D;1899015
Key Down;Q;1900095
Key Down;S;1900207
Key Up;Q;1900863
Key Down;D;1901151
Key Up;S;1902183
Key Down;Z;1903695
Key Up;D;1904487
Key Down;D;1904654
Key Up;D;1905470
Key Down;Q;1906343
Key Up;Z;1906567
Key Down;S;1907351
Key Up;S;1907447
Key Down;Z;1907822
Key Up;Z;1908055
Key Down;S;1909199
Key Up;Q;1909822
Key Up;S;1910551
Key Down;D;1910655
Key Down;Z;1910663
Key Up;D;1910679
Key Down;Q;1910767
Key Up;Q;1910935
Key Down;D;1911686
Key Up;Z;1912271
Key Down;S;1913031
Key Up;S;1913183
Key Down;S;1913695
Key Up;S;1914287
Key Down;S;1914719
Key Up;D;1914855
Key Down;Q;1914911
Key Up;Q;1915366
Key Down;Q;1915703
Key Up;Q;1916727
Key Down;D;1916951
Key Up;D;1917103
Key Up;S;1917710
Key Down;Q;1917751
Key Up;Q;1917823
Key Down;D;1917887
Key Down;Z;1917934
Key Up;D;1917950
Key Down;Q;1918023
Key Up;Z;1918247
Key Down;Z;1918775
Key Up;Z;1918919
Key Down;Z;1919758
Key Up;Q;1919823
Key Up;Z;1920807
Key Down;Espace;1931727
Key Up;Espace;1931847
Key Down;Q;1939671
Key Down;Z;1940119
Key Up;Q;1940255
Key Up;Z;1940823
Key Down;Q;1941015
Key Down;S;1941087
Key Up;Q;1941911
Key Down;Q;1942479
Key Up;S;1943055
Key Down;Z;1943791
Key Up;Z;1944030
Key Down;Z;1945238
Key Up;Z;1945575
Key Up;Q;1945783
Key Down;Z;1945815
Key Down;D;1946375
Key Up;Z;1947110
Key Down;S;1947359
Key Up;D;1947566
Key Down;A;1947718
Key Up;A;1947847
Key Down;D;1947974
Key Up;D;1948614
Key Down;Q;1949255
Key Up;S;1949558
Key Up;Q;1949734
Key Down;A;1951654
Key Up;A;1951743
Key Down;Q;1952134
Key Down;Z;1952470
Key Up;Z;1952534
Key Up;Q;1953503
Key Down;D;1953551
Key Down;Z;1953887
Key Up;D;1954046
Key Up;Z;1954334
Key Down;S;1956134
Key Up;S;1956519
Key Down;A;1956775
Key Up;A;1956870
Key Down;D;1961047
Key Down;Z;1961182
Key Up;Z;1961214
Key Down;Z;1962006
Key Up;D;1962206
Key Down;Q;1962350
Key Up;Z;1962623
Key Down;S;1962807
Key Up;Q;1963070
Key Up;S;1963103
Key Down;D;1967550
Key Down;S;1967727
Key Up;D;1968038
Key Up;S;1968230
Key Down;Q;1968734
Key Down;Z;1969726
Key Up;Q;1969934
Key Down;Q;1970567
Key Up;Z;1970735
Key Up;Q;1971462
Key Down;D;1971662
Key Down;Z;1971894
Key Up;D;1972118
Key Up;Z;1973238
Key Down;Z;1974846
Key Down;Q;1976054
Key Up;Z;1976502
Key Up;Q;1976606
Key Down;Q;1977270
Key Down;S;1977438
Key Up;S;1978102
Key Up;Q;1978534
Key Down;A;1978726
Key Up;A;1978822
Key Down;Q;1980622
Key Down;Z;1980910
Key Up;Q;1981070
Key Down;D;1981319
Key Up;Z;1981710
Key Up;D;1981758
Key Down;A;1982366
Key Up;A;1982470
Key Down;D;1982687
Key Up;D;1983630
Key Down;D;1983982
Key Down;S;1984006
Key Up;D;1984295
Key Up;S;1984342
Key Down;S;1985423
Key Down;Q;1985510
Key Up;S;1985734
Key Down;Z;1986030
Key Up;Q;1986046
Key Down;D;1986238
Key Up;Z;1986310
Key Up;D;1986358
Key Down;Q;1987062
Key Up;Q;1987502
Key Down;D;1987551
Key Down;Z;1987646
Key Up;Z;1988014
Key Down;A;1988231
Key Up;D;1988238
Key Up;A;1988334
Key Down;D;1988702
Key Up;D;1988943
Key Down;D;1991415
Key Down;Z;1991614
Key Up;D;1992007
Key Down;Q;1992366
Key Up;Z;1992854
Key Up;Q;1992942
Key Down;D;1993206
Key Up;D;1993318
Key Down;D;1993470
Key Up;D;1993974
Key Down;Z;1996334
Key Down;Q;1996470
Key Up;Z;1996790
Key Down;Z;1997118
Key Up;Z;1997454
Key Down;S;1997678
Key Up;Q;1997766
Key Down;A;1997919
Key Up;S;1997943
Key Up;A;1998007
Key Down;D;1998031
Key Up;D;1998071
Key Down;D;1998198
Key Down;Z;1998526
Key Up;D;1998558
Key Up;Z;1998710
Key Down;Q;2000574
Key Up;Q;2001214
Key Down;A;2001630
Key Up;A;2001726
Key Down;D;2001830
Key Down;S;2002487
Key Up;D;2002638
Key Up;S;2002862
Key Down;Z;2003782
Key Down;D;2003822
Key Up;D;2004254
Key Up;Z;2005174
Key Down;Z;2009590
Key Down;Q;2009734
Key Up;Q;2009822
Key Down;D;2010710
Key Up;Z;2010910
Key Up;D;2010958
Key Down;Q;2011550
Key Up;Q;2012086
Key Down;Z;2012462
Key Down;Q;2012558
Key Up;Q;2012670
Key Up;Z;2013190
Key Down;D;2013198
Key Up;D;2013270
Key Down;A;2013342
Key Up;A;2013438
Key Down;D;2013622
Key Down;S;2013662
Key Up;D;2013942
Key Up;S;2014150
Key Down;S;2014246
Key Up;S;2014334
Key Down;S;2014470
Key Up;S;2014774
Key Down;Q;2015286
Key Up;Q;2015478
Key Down;Q;2015734
Key Down;Z;2015830
Key Up;Q;2016077
Key Up;Z;2016246
Key Down;D;2016278
Key Down;Z;2017254
Key Down;A;2019166
Key Up;A;2019286
Key Up;D;2019462
Key Down;Q;2019646
Key Up;Z;2019878
Key Down;S;2020030
Key Up;Q;2020214
Key Up;S;2020454
Key Down;Q;2021110
Key Up;Q;2022190
Key Down;D;2023462
Key Down;S;2023886
Key Up;S;2024230
Key Up;D;2024278
Key Down;A;2024486
Key Up;A;2024590
Key Down;S;2024926
Key Down;Q;2025046
Key Up;Q;2025454
Key Down;D;2025550
Key Up;S;2025565
Key Down;S;2025838
Key Up;D;2025990
Key Up;S;2026134
Key Down;S;2026590
Key Down;D;2026877
Key Up;S;2027534
Key Up;D;2027582
Key Down;D;2027854
Key Down;Z;2027958
Key Up;D;2028086
Key Down;Q;2028166
Key Up;Q;2028453
Key Down;Q;2028598
Key Up;Z;2029398
Key Down;Z;2029846
Key Up;Z;2030422
Key Up;Q;2030430
Key Down;Q;2030806
Key Up;Q;2031230
Key Down;Q;2031533
Key Down;Z;2031766
Key Up;Q;2032046
Key Up;Z;2032117
Key Down;A;2032294
Key Up;A;2032382
Key Down;Z;2032926
Key Down;D;2032942
Key Up;Z;2033254
Key Up;D;2033486
Key Down;Q;2033886
Key Down;S;2034382
Key Up;Q;2034462
Key Down;D;2034478
Key Up;S;2034670
Key Up;D;2034677
Key Down;Q;2035150
Key Down;Z;2035302
Key Up;Q;2035422
Key Down;D;2035790
Key Up;Z;2036134
Key Up;D;2036534
Key Down;S;2036613
Key Down;Q;2036734
Key Up;S;2036854
Key Down;D;2037638
Key Up;Q;2037662
Key Up;D;2038014
Key Down;D;2039230
Key Up;D;2039638
Key Down;A;2039814
Key Up;A;2039918
Key Down;S;2040357
Key Down;D;2040382
Key Up;S;2040510
Key Down;S;2040958
Key Up;S;2041782
Key Up;D;2041942
Key Down;Q;2042238
Key Down;Z;2042502
Key Up;Q;2043150
Key Up;Z;2043926
Key Down;Q;2043942
Key Up;Q;2044542
Key Down;Z;2044574
Key Up;Z;2045734
Key Down;Z;2045990
Key Up;Z;2046606
Key Down;Tab;2047606
Key Up;Tab;2049589
Key Down;S;2049798
Key Down;D;2052374
Key Up;D;2053238
Key Down;Q;2054230
Key Up;Q;2055014
Key Down;Q;2056142
Key Up;S;2056837
Key Down;S;2057790
Key Up;Q;2057886
Key Down;D;2057949
Key Up;S;2058630
Key Down;S;2058941
Key Up;D;2059406
Key Down;Q;2059438
Key Up;Q;2059742
Key Down;Q;2059862
Key Up;S;2060389
Key Down;Z;2060549
Key Up;Q;2060589
Key Down;D;2060701
Key Up;Z;2060926
Key Down;Q;2060941
Key Up;D;2061038
Key Down;S;2062589
Key Up;Q;2062686
Key Down;Q;2063902
Key Up;S;2064045
Key Down;Z;2064645
Key Up;Q;2064726
Key Down;D;2067838
Key Up;D;2068118
Key Down;A;2069302
Key Up;Z;2069310
Key Up;A;2069397
Key Down;Q;2069654
Key Up;Q;2069870
Key Down;D;2070302
Key Down;S;2070438
Key Up;D;2070446
Key Up;S;2070597
Key Down;S;2070773
Key Down;D;2071054
Key Up;D;2071261
Key Up;S;2071349
Key Down;Z;2071606
Key Down;Q;2071662
Key Up;Z;2071878
Key Down;Z;2072149
Key Up;Q;2072614
Key Up;Z;2072622
Key Down;Q;2072757
Key Up;Q;2072901
Key Down;Z;2072917
Key Down;D;2073886
Key Up;D;2074389
Key Up;Z;2074958
Key Down;Q;2075726
Key Up;Q;2075790
Key Down;D;2075845
Key Up;D;2076389
Key Down;S;2076413
Key Up;S;2076582
Key Down;Q;2076598
Key Up;Q;2076765
Key Down;A;2076926
Key Up;A;2077014
Key Down;S;2077430
Key Up;S;2078038
Key Down;Z;2078317
Key Down;Q;2079069
Key Up;Q;2079374
Key Down;Q;2081878
Key Up;Z;2081982
Key Up;Q;2084470
Key Down;D;2084862
Key Down;S;2084870
Key Up;S;2084965
Key Up;D;2085622
Key Down;Z;2087102
Key Down;D;2087205
Key Up;D;2087438
Key Down;Q;2088126
Key Up;Z;2088206
Key Down;S;2088310
Key Up;Q;2088942
Key Down;D;2089142
Key Up;D;2089454
Key Down;Q;2090782
Key Up;Q;2091534
Key Down;Q;2091670
Key Up;S;2091973
Key Down;D;2093494
Key Up;Q;2093518
Key Down;Z;2093574
Key Up;D;2093830
Key Down;Q;2093893
Key Up;Z;2094070
Key Down;Z;2094470
Key Up;Q;2095430
Key Down;D;2096445
Key Up;Z;2097277
Key Down;S;2098022
Key Up;D;2099390
Key Down;D;2099678
Key Up;S;2099846
Key Up;D;2099942
Key Down;S;2100542
Key Down;Q;2100893
Key Up;Q;2101469
Key Down;Q;2101653
Key Up;Q;2101790
Key Down;D;2101798
Key Down;Q;2101829
Key Up;D;2101837
Key Up;S;2101949
Key Up;Q;2104533
Key Down;Q;2106110
Key Up;Q;2106694
Key Down;D;2106701
Key Up;D;2107054
Key Down;Q;2107182
Key Up;Q;2107549
Key Down;D;2107558
Key Down;S;2107774
Key Up;S;2108013
Key Up;D;2108886
Key Down;Z;2109414
Key Up;Z;2110022
Key Down;S;2110190
Key Down;Q;2110373
Key Up;S;2110405
Key Up;Q;2110517
Key Down;A;2110949
Key Up;A;2111029
Key Down;Q;2111294
Key Down;S;2112326
Key Up;Q;2113302
Key Up;S;2114118
Key Down;S;2114485
Key Up;S;2114733
Key Down;S;2115141
Key Up;S;2115533
Key Down;Q;2116158
Key Up;Q;2116757
Key Down;Q;2116957
Key Up;Q;2117085
Key Down;A;2117310
Key Down;D;2117318
Key Up;D;2117357
Key Up;A;2117381
Key Down;D;2117453
Key Down;Z;2117798
Key Up;Z;2117902
Key Up;D;2118573
Key Down;D;2119006
Key Down;A;2119798
Key Up;A;2119878
Key Up;D;2119949
Key Down;S;2120222
Key Down;Q;2120950
Key Up;Q;2121534
Key Down;Q;2122077
Key Up;S;2122438
Key Up;Q;2122765
Key Down;Z;2122773
Key Down;A;2122901
Key Up;Z;2122933
Key Up;A;2122981
Key Down;Q;2123245
Key Up;Q;2123309
Key Down;Q;2123901
Key Down;Z;2124070
Key Up;Z;2124157
Key Up;Q;2124222
Key Down;Q;2125317
Key Up;Q;2125741
Key Down;Q;2126317
Key Up;Q;2126653
Key Down;A;2126910
Key Up;A;2126997
Key Down;D;2127357
Key Down;Z;2127462
Key Up;D;2127638
Key Up;Z;2127662
Key Down;Q;2128069
Key Down;S;2128366
Key Up;Q;2128933
Key Down;D;2128957
Key Up;S;2129230
Key Down;A;2129342
Key Up;D;2129390
Key Up;A;2129430
Key Down;Z;2129989
Key Down;D;2130261
Key Up;D;2130742
Key Up;Z;2130757
Key Down;Q;2131326
Key Down;S;2131614
Key Up;Q;2132045
Key Down;D;2132085
Key Up;S;2132469
Key Down;A;2132502
Key Up;A;2132621
Key Down;Z;2132750
Key Up;D;2132798
Key Down;D;2132854
Key Up;D;2133710
Key Up;Z;2133726
Key Down;D;2134333
Key Down;S;2134405
Key Up;D;2134702
Key Down;Q;2134757
Key Up;S;2134814
Key Down;Z;2134958
Key Up;Z;2135213
Key Down;S;2135350
Key Up;S;2135573
Key Up;Q;2135597
Key Down;A;2137349
Key Up;A;2137438
Key Down;Z;2138437
Key Down;Q;2138470
Key Up;Z;2138701
Key Down;Z;2139022
Key Up;Z;2139165
Key Down;Z;2139741
Key Up;Z;2139853
Key Up;Q;2140773
Key Down;Z;2141694
Key Up;Z;2141789
Key Down;Q;2141829
Key Up;Q;2141966
Key Down;Q;2142246
Key Up;Q;2142309
Key Down;Q;2143694
Key Up;Q;2144469
Key Down;D;2144702
Key Up;D;2144877
Key Down;Q;2144926
Key Up;Q;2145574
Key Down;Z;2145622
Key Down;Q;2145790
Key Up;Q;2146141
Key Down;D;2146325
Key Up;Z;2146429
Key Down;S;2147485
Key Up;D;2147606
Key Down;Q;2147877
Key Up;S;2148821
Key Down;S;2149261
Key Up;Q;2149614
Key Down;D;2149678
Key Up;S;2149853
Key Down;Z;2150470
Key Up;D;2150749
Key Up;Z;2150774
Key Down;Tab;2151094
Key Up;Tab;2153309
Key Down;D;2153413
Key Down;Z;2153717
Key Up;Z;2154397
Key Down;A;2155501
Key Up;A;2155605
Key Down;S;2156181
Key Up;D;2157749
Key Up;S;2158525
Key Down;S;2162133
Key Up;S;2163645
Key Down;D;2163677
Key Down;S;2164021
Key Up;D;2164061
Key Up;S;2164101
Key Down;Q;2166085
Key Down;S;2166269
Key Up;Q;2166549
Key Down;D;2166614
Key Up;S;2166925
Key Down;A;2167045
Key Up;A;2167141
Key Up;D;2167821
Key Down;S;2167830
Key Up;S;2167973
Key Down;Q;2168357
Key Down;S;2168373
Key Up;S;2168509
Key Up;Q;2168765
Key Down;Q;2169925
Key Up;Q;2170421
Key Down;Z;2171381
Key Up;Z;2172365
Key Down;S;2172621
Key Up;S;2172973
Key Down;D;2173997
Key Down;S;2174326
Key Up;D;2174429
Key Up;S;2174853
Key Down;D;2174901
Key Down;Z;2175141
Key Up;Z;2175301
Key Down;A;2175405
Key Up;A;2175477
Key Down;S;2175813
Key Up;D;2176141
Key Up;S;2176285
Key Down;D;2176325
Key Down;S;2176333
Key Up;D;2176365
Key Down;Q;2176677
Key Up;S;2176845
Key Down;S;2177013
Key Up;S;2177461
Key Down;Z;2178061
Key Up;Z;2178317
Key Down;Z;2178510
Key Up;Z;2178845
Key Down;Z;2179373
Key Up;Q;2179941
Key Up;Z;2180069
Key Down;Z;2180333
Key Up;Z;2180725
Key Down;Z;2180917
Key Down;D;2181157
Key Up;Z;2181997
Key Up;D;2182245
Key Down;Z;2183229
Key Down;Q;2183381
Key Up;Z;2183461
Key Up;Q;2183533
Key Down;D;2184661
Key Down;S;2184709
Key Up;D;2185301
Key Down;D;2185365
Key Up;D;2185509
Key Up;S;2186509
Key Down;Z;2187589
Key Up;Z;2188365
Key Down;S;2188565
Key Down;Q;2189421
Key Up;S;2189501
Key Up;Q;2189653
Key Down;A;2189773
Key Up;A;2189845
Key Down;S;2190077
Key Down;Q;2190309
Key Up;Q;2190533
Key Down;D;2191405
Key Up;D;2191525
Key Up;S;2191717
Key Down;S;2192205
Key Down;D;2192501
Key Up;D;2192989
Key Down;D;2193525
Key Up;S;2193877
Key Down;Q;2194036
Key Up;D;2194053
Key Down;Z;2194109
Key Up;Q;2194485
Key Up;Z;2194597
Key Down;Q;2195549
Key Down;S;2196093
Key Down;D;2196717
Key Up;Q;2196733
Key Up;S;2196805
Key Down;Z;2196981
Key Up;D;2197109
Key Down;Q;2197157
Key Up;Z;2197205
Key Down;Z;2197277
Key Up;Q;2197333
Key Down;D;2197612
Key Up;Z;2198013
Key Down;S;2199101
Key Up;S;2200069
Key Up;D;2201053
Key Down;S;2201925
Key Down;D;2202021
Key Up;D;2202325
Key Down;Q;2202677
Key Up;Q;2202869
Key Up;S;2203029
Key Down;S;2203292
Key Down;Q;2203445
Key Up;Q;2203725
Key Down;D;2203845
Key Up;S;2203932
Key Down;Z;2204076
Key Up;D;2204533
Key Up;Z;2204565
Key Down;A;2204813
Key Up;A;2204909
Key Down;Q;2205109
Key Down;S;2205196
Key Up;S;2206637
Key Down;S;2207357
Key Up;Q;2207693
Key Down;D;2208285
Key Down;A;2208540
Key Up;A;2208653
Key Up;S;2209061
Key Down;Z;2209805
Key Up;Z;2210029
Key Up;D;2210061
Key Down;Q;2210085
Key Down;Z;2210277
Key Up;Q;2210412
Key Down;D;2210621
Key Up;Z;2210869
Key Down;Z;2211133
Key Up;D;2211365
Key Up;Z;2211429
Key Down;S;2211773
Key Down;Q;2211845
Key Up;Q;2212293
Key Down;A;2212453
Key Up;A;2212525
Key Down;Q;2212701
Key Up;S;2212829
Key Down;Z;2215549
Key Up;Q;2215885
Key Down;A;2216460
Key Up;A;2216573
Key Down;D;2216933
Key Up;D;2217221
Key Up;Z;2217693
Key Down;Q;2218149
Key Up;Q;2218437
Key Down;Q;2219268
Key Down;S;2219421
Key Up;Q;2219485
Key Up;S;2219613
Key Down;Z;2220757
Key Down;D;2220868
Key Up;Z;2220965
Key Up;D;2221037
Key Down;Z;2222261
Key Down;Q;2222789
Key Up;Z;2222852
Key Down;S;2222988
Key Up;Q;2223125
Key Down;D;2223421
Key Down;A;2223661
Key Up;S;2223677
Key Up;A;2223757
Key Down;S;2223925
Key Up;D;2224413
Key Down;Q;2224453
Key Up;S;2224573
Key Up;Q;2224581
Key Down;Q;2224893
Key Down;Z;2224965
Key Up;Q;2225005
Key Down;D;2225317
Key Up;Z;2225349
Key Up;D;2225636
Key Down;Q;2226365
Key Down;S;2226533
Key Up;Q;2226573
Key Down;D;2226717
Key Down;A;2226853
Key Up;S;2226877
Key Up;A;2226957
Key Down;S;2227413
Key Up;D;2227597
Key Down;Q;2227685
Key Up;S;2227869
Key Up;Q;2228781
Key Down;Z;2229117
Key Up;Z;2229317
Key Down;D;2229740
Key Up;D;2230540
Key Down;S;2230580
Key Up;S;2230677
Key Down;A;2232949
Key Up;A;2233077
Key Down;D;2233404
Key Down;Z;2233684
Key Up;Z;2234004
Key Down;S;2235164
Key Up;S;2236133
Key Up;D;2236261
Key Down;D;2239645
Key Down;S;2239740
Key Up;S;2240068
Key Down;S;2241917
Key Up;S;2242205
Key Up;D;2242261
Key Down;D;2243101
Key Down;S;2243260
Key Up;S;2243637
Key Up;D;2243653
Key Down;A;2243925
Key Up;A;2244037
Key Down;D;2244725
Key Down;S;2245348
Key Up;D;2245476
Key Down;D;2245829
Key Up;S;2246796
Key Down;Z;2248837
Key Up;Z;2249101
Key Down;S;2249388
Key Up;D;2249612
Key Up;S;2249741
Key Down;S;2250557
Key Down;D;2250860
Key Up;S;2251157
Key Down;A;2251909
Key Up;A;2252013
Key Up;D;2252061
Key Down;Z;2252116
Key Down;Q;2252828
Key Up;Z;2254421
Key Up;Q;2255068
Key Down;D;2255101
Key Up;D;2255677
Key Down;D;2257069
Key Up;D;2257437
Key Down;Q;2258261
Key Up;Q;2258532
Key Down;A;2258684
Key Up;A;2258781
Key Down;S;2259133
Key Up;S;2259573
Key Down;D;2259581
Key Down;S;2259589
Key Up;S;2259948
Key Down;S;2260621
Key Up;D;2260716
Key Up;S;2260965
Key Down;D;2262197
Key Up;D;2262453
Key Down;Z;2262525
Key Up;Z;2262700
Key Down;S;2263172
Key Up;S;2263516
Key Down;A;2264020
Key Up;A;2264100
Key Down;Q;2264293
Key Down;Z;2264396
Key Up;Z;2265277
Key Down;Z;2265565
Key Up;Q;2265733
Key Down;Echap;2266068
Key Up;Z;2266132
Key Up;Echap;2266188
Key Down;Left Alt;2266885
Key Down;Tab;2267140
Key Up;Left Alt;2267285
Key Up;Tab;2267293
