Event;Key;Time
Key Down;Entrée;2480
Key Up;Entrée;2596
Key Down;Gauche;3100
Key Down;Q;3217
Key Down;Z;3473
Key Up;Z;3831
Key Down;Z;4071
Key Up;Z;4188
Key Up;Q;4694
Key Down;Q;5009
Key Up;Q;5212
Key Down;Z;5265
Key Up;Z;5601
Key Down;S;5809
Key Up;S;6010
Key Down;Q;6223
Key Down;Z;6245
Key Down;Haut;6314
Key Up;Z;6319
Key Up;Q;6362
Key Up;Gauche;6437
Key Down;S;6474
Key Up;S;6682
Key Down;Q;6820
Key Down;S;6831
Key Up;Q;7002
Key Up;S;7183
Key Down;Droite;7391
Key Down;S;7407
Key Down;Q;7493
Key Up;Haut;7572
Key Up;Q;7759
Key Up;S;7828
Key Down;Q;8426
Key Up;Q;8644
Key Down;Q;8868
Key Up;Q;9043
Key Down;Q;9453
Key Up;Q;9597
Key Down;Q;10125
Key Up;Q;10279
Key Down;Q;10487
Key Up;Q;10642
Key Down;Q;10807
Key Up;Q;10866
Key Up;Droite;10940
Key Down;Haut;10972
Key Down;D;10988
Key Up;D;11229
Key Down;Z;11511
Key Down;D;11517
Key Up;D;11634
Key Up;Z;11650
Key Down;S;11831
Key Down;D;12012
Key Down;Gauche;12091
Key Up;S;12144
Key Up;Haut;12171
Key Up;D;12474
Key Down;Z;12576
Key Up;Z;12678
Key Down;D;12832
Key Up;D;12981
Key Down;D;13146
Key Up;D;13279
Key Down;Q;13407
Key Up;Gauche;13482
Key Down;Z;13813
Key Up;Q;14143
Key Down;D;14399
Key Up;Z;14500
Key Up;D;14772
Key Down;Q;14955
Key Up;Q;15215
Key Down;D;15483
Key Up;D;15552
Key Down;Z;15652
Key Down;Q;15727
Key Up;Z;15785
Key Down;Gauche;16020
Key Down;S;16361
Key Up;S;16457
Key Up;Q;16958
Key Down;Q;17246
Key Up;Q;17369
Key Down;Q;17508
Key Up;Q;17668
Key Down;Q;17993
Key Up;Q;18141
Key Down;Q;18525
Key Down;Z;18722
Key Up;Q;18776
Key Up;Z;18941
Key Down;Q;19416
Key Down;S;19495
Key Up;Q;19794
Key Up;S;19826
Key Down;S;20140
Key Up;S;20364
Key Down;Q;20610
Key Up;Q;20770
Key Down;D;20861
Key Down;Z;21068
Key Up;D;21073
Key Up;Z;21205
Key Down;D;21216
Key Up;D;21851
Key Down;Q;21957
Key Up;Q;22139
Key Down;Q;22298
Key Down;Bas;22330
Key Up;Gauche;22378
Key Down;Z;22426
Key Up;Q;22645
Key Up;Z;22677
Key Down;Z;22880
Key Down;D;22923
Key Up;Z;23258
Key Down;Droite;23498
Key Up;D;23509
Key Down;Q;23530
Key Up;Bas;23567
Key Down;S;23610
Key Up;Q;23994
Key Up;S;24259
Key Down;D;24408
Key Up;D;24669
Key Down;D;24957
Key Up;D;25075
Key Down;Q;25123
Key Down;Z;25176
Key Up;Q;25331
Key Down;D;25459
Key Up;Z;25512
Key Up;D;25593
Key Down;Q;25641
Key Up;Q;25806
Key Down;Q;25833
Key Up;Q;25977
Key Down;Q;26323
Key Down;Z;26547
Key Up;Q;26552
Key Down;D;26664
Key Up;Z;26739
Key Up;D;26878
Key Down;Q;27155
Key Down;Z;27202
Key Up;Q;27261
Key Up;Z;27346
Key Down;D;27538
Key Down;S;27746
Key Up;D;27783
Key Down;Haut;28087
Key Up;Droite;28162
Key Up;S;28199
Key Down;Q;28247
Key Down;Gauche;28284
Key Up;Haut;28327
Key Down;Z;28418
Key Up;Q;28444
Key Down;D;28477
Key Up;Z;28540
Key Up;D;28834
Key Down;Q;28903
Key Down;S;28919
Key Up;S;28962
Key Up;Q;29094
Key Down;D;29196
Key Up;D;29414
Key Down;Q;29505
Key Down;Bas;29655
Key Down;S;29671
Key Up;Gauche;29681
Key Up;S;29777
Key Up;Q;29927
Key Down;Q;30330
Key Up;Q;30415
Key Down;S;30805
Key Up;S;30954
Key Down;D;30991
Key Up;D;31066
Key Down;D;31349
Key Up;D;31578
Key Down;Z;31737
Key Down;Q;32181
Key Up;Z;32207
Key Down;Gauche;32357
Key Up;Bas;32453
Key Down;Z;32767
Key Up;Q;32794
Key Down;D;32842
Key Up;Z;32917
Key Down;Bas;33017
Key Down;S;33277
Key Up;Gauche;33288
Key Up;D;33720
Key Down;Q;34157
Key Up;S;34254
Key Down;Gauche;34301
Key Up;Bas;34445
Key Up;Q;34935
Key Down;Q;35416
Key Down;Z;35533
Key Up;Q;35725
Key Up;Z;35730
Key Down;D;35971
Key Up;D;36066
Key Down;Q;36242
Key Down;Z;36331
Key Up;Z;36758
Key Up;Q;37126
Key Down;Q;37606
Key Up;Q;37947
Key Down;D;38096
Key Up;Gauche;38182
Key Down;Droite;38208
Key Down;Q;38507
Key Up;D;38512
Key Up;Q;38827
Key Down;D;38976
Key Down;Z;39057
Key Up;D;39126
Key Up;Droite;39136
Key Up;Z;39407
Key Down;D;39842
Key Up;D;40002
Key Down;Q;40043
Key Down;E;40150
Key Up;E;40310
Key Down;Z;41035
Key Up;Z;41169
Key Up;Q;41233
Key Down;S;41576
Key Down;Q;41693
Key Up;Q;41869
Key Down;D;42120
Key Up;S;42232
Key Up;D;42597
Key Down;D;42778
Key Down;Z;42954
Key Up;Z;43738
Key Up;D;43754
Key Down;Q;43790
Key Down;E;43881
Key Up;E;44025
Key Down;S;44739
Key Up;Q;44979
Key Down;D;45182
Key Up;S;45553
Key Up;D;45745
Key Down;Z;45950
Key Up;Z;46072
Key Down;Q;46451
Key Down;Z;46462
Key Up;Q;46680
Key Down;D;46798
Key Up;Z;46856
Key Down;Droite;46941
Key Down;S;47293
Key Up;S;47469
Key Up;Droite;48029
Key Down;Haut;48115
Key Down;Z;48688
Key Up;D;49195
Key Up;Z;49585
Key Down;S;50299
Key Down;Bas;50406
Key Up;Haut;50417
Key Down;Droite;50459
Key Down;D;50587
Key Up;Bas;50880
Key Up;S;51471
Key Down;S;51860
Key Up;S;51994
Key Down;S;52937
Key Up;S;53054
Key Down;S;53572
Key Up;S;53764
Key Down;S;53967
Key Up;D;54121
Key Down;Q;54159
Key Down;Bas;54180
Key Up;Droite;54191
Key Up;Q;54732
Key Up;S;55175
Key Down;S;58075
Key Down;Q;58826
Key Down;Droite;58848
Key Up;Bas;58922
Key Up;S;58938
Key Down;Z;59226
Key Up;Q;59386
Key Up;Z;59546
Key Down;Z;60010
Key Up;Z;60095
Key Down;Q;60468
Key Up;Q;60621
Key Down;D;61091
Key Up;D;61394
Key Down;Z;62349
Key Down;D;62637
Key Up;Droite;62733
Key Down;Haut;63058
Key Up;D;63202
Key Down;Droite;63325
Key Up;Haut;63400
Key Down;D;63426
Key Up;Z;63906
Key Down;Z;64236
Key Up;Z;65217
Key Down;Z;66235
Key Down;Haut;66256
Key Up;Droite;66331
Key Up;D;66677
Key Up;Z;67167
Key Down;Z;67775
Key Down;Gauche;67796
Key Up;Haut;67839
Key Down;Q;68169
Key Up;Z;68201
Key Down;Z;68425
Key Up;Q;68431
Key Up;Z;68543
Key Down;S;68857
Key Down;D;68932
Key Up;S;69055
Key Up;D;69252
Key Down;D;69401
Key Up;D;69639
Key Down;D;70098
Key Up;D;70322
Key Down;D;71037
Key Down;S;71042
Key Up;D;71329
Key Up;S;71351
Key Down;D;71676
Key Down;Z;72162
Key Up;D;72283
Key Up;Z;72465
Key Down;S;72709
Key Up;S;72906
Key Down;Z;73385
Key Up;Z;73562
Key Down;Z;73791
Key Down;Q;73802
Key Down;Bas;73881
Key Up;Gauche;73967
Key Up;Z;74031
Key Up;Q;74047
Key Down;Q;74341
Key Up;Q;74453
Key Down;Z;74831
Key Up;Z;74959
Key Down;Z;75215
Key Down;Q;75236
Key Up;Z;75279
Key Up;Q;75391
Key Down;Q;75540
Key Down;Droite;75662
Key Down;S;75731
Key Up;Bas;75785
Key Up;Q;75864
Key Up;Droite;76035
Key Down;D;76157
Key Up;S;76391
Key Up;D;76563
Key Down;Q;76579
Key Up;Q;76931
Key Down;A;77194
Key Up;A;77327
Key Down;Q;77455
Key Down;Z;77647
Key Down;Haut;77770
Key Up;Q;77781
Key Up;Z;78629
Key Down;Q;79384
Key Down;Droite;79517
Key Up;Haut;79586
Key Down;Z;80019
Key Up;Q;80088
Key Down;D;80775
Key Up;Z;81059
Key Down;S;81618
Key Up;S;82236
Key Up;D;82998
Key Down;D;83249
Key Down;Haut;83520
Key Up;Droite;83563
Key Down;S;83578
Key Up;D;83584
Key Down;Q;83621
Key Up;S;83712
Key Up;Haut;83787
Key Down;Bas;83829
Key Up;Q;83936
Key Down;Z;84389
Key Up;Z;84766
Key Down;S;85262
Key Down;Droite;85310
Key Up;Bas;85363
Key Down;D;85636
Key Up;D;86201
Key Down;D;86249
Key Up;S;86270
Key Up;D;86430
Key Down;Q;86530
Key Up;Q;87037
Key Down;Z;87288
Key Up;Z;87491
Key Down;Q;87651
Key Down;Z;87831
Key Up;Q;87915
Key Up;Z;88161
Key Down;D;88518
Key Down;Gauche;88785
Key Up;D;88843
Key Up;Droite;88875
Key Down;S;88923
Key Down;Q;88934
Key Down;Haut;89179
Key Up;Q;89185
Key Up;Gauche;89361
Key Up;S;89387
Key Down;S;89633
Key Down;D;89809
Key Up;S;89921
Key Up;D;90048
Key Down;Q;90326
Key Down;Droite;90667
Key Up;Q;90758
Key Up;Haut;90942
Key Down;Q;91001
Key Down;Z;91007
Key Up;Q;91113
Key Down;Bas;91204
Key Up;Droite;91359
Key Up;Z;91481
Key Down;S;91764
Key Up;S;91951
Key Down;Z;92105
Key Down;D;92212
Key Down;Droite;92264
Key Up;Z;92361
Key Up;D;92607
Key Down;Q;92782
Key Up;Q;92926
Key Up;Droite;92936
Key Down;D;93107
Key Down;Droite;93150
Key Up;Bas;93203
Key Down;S;93273
Key Up;S;93641
Key Down;S;93922
Key Up;D;93992
Key Up;S;94168
Key Down;D;94337
Key Up;D;94621
Key Down;Q;94802
Key Up;Q;95138
Key Down;Q;95282
Key Down;Z;95436
Key Up;Q;95580
Key Down;D;95638
Key Up;Z;95665
Key Down;Q;96236
Key Up;D;96321
Key Down;S;96796
Key Up;Q;96907
Key Up;S;96949
Key Down;D;97055
Key Up;D;97365
Key Down;Q;97387
Key Down;Z;97631
Key Up;Q;97663
Key Down;D;97722
Key Up;Z;97952
Key Up;D;98053
Key Down;Q;98075
Key Up;Q;98447
Key Down;Q;98607
Key Down;Z;98906
Key Up;Q;98927
Key Down;D;99050
Key Up;Z;99077
Key Down;Z;99477
Key Up;Z;99646
Key Up;D;99833
Key Down;Q;99975
Key Down;S;100509
Key Up;Droite;100520
Key Down;Gauche;100589
Key Up;S;100669
Key Down;Z;101218
Key Up;Z;101511
Key Up;Q;101682
Key Up;Gauche;101725
Key Down;D;102206
Key Down;Q;103761
Key Up;D;103766
Key Up;Q;105206
Key Down;Q;105399
Key Down;S;105645
Key Up;S;106395
Key Down;Z;106901
Key Up;Z;107466
Key Down;Gauche;107935
Key Up;Q;107941
Key Down;Haut;108884
Key Down;Q;108968
Key Up;Gauche;109021
Key Up;Q;109064
Key Down;Q;109587
Key Up;Q;109683
Key Down;D;110029
Key Up;D;110087
Key Down;Z;110664
Key Down;Gauche;110690
Key Down;Q;110733
Key Up;Haut;110760
Key Up;Z;110973
Key Up;Q;111320
Key Down;Q;111543
Key Up;Q;111756
Key Down;Q;111979
Key Up;Q;112101
Key Down;Z;112197
Key Up;Z;112293
Key Down;D;112582
Key Down;S;113355
Key Down;Bas;113504
Key Up;Gauche;113552
Key Up;S;113669
Key Up;Bas;113733
Key Down;S;114069
Key Up;S;114400
Key Down;S;114618
Key Up;D;114954
Key Down;D;115080
Key Up;S;115208
Key Down;S;115369
Key Up;D;115524
Key Down;D;115567
Key Up;D;116137
Key Down;Q;118380
Key Up;S;118796
Key Down;Haut;122687
Key Down;Z;122719
Key Up;Q;122874
Key Up;Z;123508
Key Up;Haut;124174
Key Down;S;124180
Key Down;Bas;124201
Key Down;D;124510
Key Down;Droite;124617
Key Up;Bas;124729
Key Up;S;125006
Key Down;S;125321
Key Up;S;125694
Key Down;Bas;126526
Key Up;Droite;126600
Key Down;S;126899
Key Up;D;127691
Key Up;S;127995
Key Down;Z;128646
Key Up;Bas;128677
Key Down;Droite;128720
Key Down;D;129056
Key Up;Droite;129195
Key Up;Z;129382
Key Down;Z;129659
Key Up;D;129754
Key Down;D;130345
Key Up;Z;130414
Key Down;S;130596
Key Up;S;130830
Key Down;Haut;131779
Key Down;Z;132552
Key Up;D;132835
Key Up;Haut;133452
Key Up;Z;134780
Key Down;D;134897
Key Down;Z;135457
Key Up;D;135537
Key Down;D;135745
Key Up;Z;135894
Key Down;Z;136405
Key Up;Z;136560
Key Down;Droite;136928
Key Up;D;136944
Key Down;D;137082
Key Up;D;139113
Key Up;Droite;139204
Key Down;D;139400
Key Down;Droite;139603
Key Down;S;139939
Key Down;Bas;140334
Key Up;D;140339
Key Up;Droite;140376
Key Up;S;140984
Key Down;S;141390
Key Up;S;141491
Key Down;Z;141880
Key Up;Z;142024
Key Down;Q;143856
Key Down;Droite;144053
Key Up;Bas;144267
Key Down;S;144299
Key Up;Q;144304
Key Down;Q;144369
Key Up;Q;144549
Key Up;S;144666
Key Down;S;144704
Key Down;D;144769
Key Up;D;144891
Key Up;S;144986
Key Down;Z;145248
Key Up;Z;145465
Key Down;Z;145695
Key Down;D;145727
Key Up;Z;145881
Key Up;D;145993
Key Down;Z;146329
Key Down;Bas;146435
Key Up;Droite;146536
Key Down;Gauche;146622
Key Up;Bas;146669
Key Down;Q;146685
Key Up;Z;146691
Key Up;Q;146915
Key Down;D;147901
Key Down;Bas;148014
Key Down;S;148051
Key Up;Gauche;148067
Key Up;S;148200
Key Down;Droite;148301
Key Up;Bas;148412
Key Down;Z;148470
Key Up;Z;148561
Key Up;D;148646
Key Down;Q;148859
Key Down;S;149398
Key Up;Q;149515
Key Down;D;149750
Key Up;S;149782
Key Down;Z;150022
Key Up;Z;150384
Key Up;D;150448
Key Down;Bas;150885
Key Down;D;150901
Key Up;D;151008
Key Down;Q;151024
Key Up;Droite;151093
Key Up;Q;152079
Key Down;Q;152387
Key Up;Q;152515
Key Down;S;152889
Key Down;D;152894
Key Up;Bas;153177
Key Up;S;153423
Key Down;Droite;154535
Key Up;D;155196
Key Down;D;155479
Key Up;D;155734
Key Down;Q;156103
Key Up;Q;156274
Key Down;Q;156791
Key Down;S;156865
Key Up;Q;157073
Key Down;D;157180
Key Down;Haut;157275
Key Up;D;157536
Key Down;Gauche;157674
Key Up;Haut;157770
Key Up;Droite;157801
Key Down;D;157871
Key Up;S;157941
Key Up;D;158181
Key Down;Q;158250
Key Down;Z;158415
Key Up;Q;158495
Key Down;D;158628
Key Down;Bas;158777
Key Up;D;158815
Key Up;Gauche;158959
Key Up;Z;159097
Key Down;Z;159241
Key Down;Q;159551
Key Up;Z;159716
Key Up;Q;159721
Key Down;D;159897
Key Down;Gauche;160041
Key Up;Bas;160222
Key Up;D;160313
Key Down;D;160562
Key Up;D;160834
Key Down;D;161165
Key Down;S;161309
Key Up;D;161426
Key Up;S;161431
Key Down;Z;161628
Key Down;D;161821
Key Up;Z;161826
Key Up;D;162023
Key Down;D;162188
Key Down;Bas;162380
Key Up;D;162385
Key Down;Q;162481
Key Up;Gauche;162556
Key Up;Q;162646
Key Down;D;162780
Key Down;Gauche;162902
Key Up;Bas;162998
Key Down;S;163014
Key Up;S;163520
Key Down;S;163770
Key Up;D;163914
Key Down;Haut;163946
Key Down;Q;164031
Key Up;Gauche;164208
Key Up;S;164229
Key Down;Droite;164389
Key Down;Z;164474
Key Up;Haut;164602
Key Up;Z;164688
Key Up;Q;164714
Key Down;Haut;164799
Key Up;Haut;164959
Key Down;Q;165135
Key Up;Q;165237
Key Down;Z;165407
Key Down;Gauche;165727
Key Up;Z;165732
Key Up;Droite;165855
Key Down;S;166069
Key Down;D;166164
Key Up;D;166357
Key Up;S;166505
Key Down;Q;167501
Key Up;Q;167714
Key Down;D;168786
Key Up;D;169085
Key Down;Q;169442
Key Up;Q;169840
Key Down;D;170096
Key Up;D;170581
Key Down;Q;171087
Key Up;Q;171471
Key Down;D;171546
Key Up;D;172263
Key Down;Q;172433
Key Up;Q;173146
Key Down;D;173407
Key Up;D;173860
Key Down;D;174052
Key Down;Q;174249
Key Up;D;174372
Key Down;S;174415
Key Up;S;174538
Key Up;Q;174729
Key Down;Z;175034
Key Down;Q;175071
Key Up;Z;175294
Key Down;Bas;175374
Key Up;Q;175794
Key Up;Gauche;175848
Key Down;Q;176066
Key Up;Q;176290
Key Down;Q;176535
Key Up;Q;176925
Key Down;Z;177069
Key Up;Z;177474
Key Down;Q;177506
Key Up;Q;177793
Key Down;D;177921
Key Down;Droite;178087
Key Up;Bas;178183
Key Down;S;178498
Key Up;S;178693
Key Up;Droite;178848
Key Up;D;178922
Key Down;Q;179483
Key Down;Z;179942
Key Up;Q;179985
Key Up;Z;180091
Key Down;S;180214
Key Down;Bas;180506
Key Down;D;180699
Key Up;D;181343
Key Up;S;181472
Key Down;Entrée;182105
Key Up;Entrée;182243
Key Down;S;185089
Key Up;Bas;185297
Key Down;Q;185953
Key Up;S;186059
Key Up;Q;186315
Key Down;Z;186363
Key Up;Z;186502
Key Down;Q;186565
Key Down;E;186618
Key Up;E;186757
Key Up;Q;187114
Key Down;Q;187334
Key Down;Z;187451
Key Up;Q;187477
Key Up;Z;187701
Key Down;Q;187845
Key Down;S;187899
Key Up;Q;188203
Key Down;D;188592
Key Up;S;188694
Key Up;D;188874
Key Down;D;189170
Key Down;Z;189313
Key Up;D;189341
Key Up;Z;189431
Key Down;Z;189592
Key Down;D;189779
Key Up;Z;189827
Key Down;S;189955
Key Up;D;190211
Key Up;S;190328
Key Down;D;190399
Key Down;Z;190468
Key Down;Droite;190542
Key Up;D;190547
Key Down;Q;190675
Key Up;Z;190925
Key Up;Q;190983
Key Down;D;191176
Key Down;S;191506
Key Up;D;191548
Key Down;Haut;191629
Key Up;S;191698
Key Up;Droite;191783
Key Down;Q;192242
Key Up;Q;192381
Key Down;Z;192674
Key Down;Gauche;192706
Key Up;Haut;192860
Key Up;Z;192876
Key Down;Q;193143
Key Up;Q;193255
Key Down;D;193351
Key Up;Gauche;193447
Key Up;D;193617
Key Down;Q;193764
Key Down;E;193774
Key Up;E;193928
Key Up;Q;194487
Key Down;Q;194686
Key Up;Q;194857
Key Down;Z;195108
Key Up;Z;195316
Key Down;S;195882
Key Down;D;196042
Key Up;S;196292
Key Up;D;196394
Key Down;D;196630
Key Up;D;196852
Key Down;D;197398
Key Down;S;197409
Key Up;S;197675
Key Up;D;197787
Key Down;D;198186
Key Down;Z;198366
Key Up;D;198494
Key Up;Z;198655
Key Down;Haut;198687
Key Down;Q;199262
Key Up;Q;199390
Key Down;Z;199689
Key Up;Z;199879
Key Down;D;200162
Key Up;D;200359
Key Down;Gauche;200460
Key Down;Q;200492
Key Up;Q;200711
Key Up;Haut;200818
Key Up;Gauche;200929
Key Down;Q;201067
Key Up;Q;201200
Key Down;Z;201538
Key Down;D;201714
Key Up;D;201911
Key Up;Z;201980
Key Down;Entrée;205114
Key Up;Entrée;205199
Key Down;Droite;207615
Key Down;D;207722
Key Up;D;209234
Key Down;D;209596
Key Up;D;209799
Key Down;Q;209874
Key Down;Haut;209895
Key Up;Droite;209970
Key Up;Q;210087
Key Down;S;210450
Key Down;D;210567
Key Down;Droite;210722
Key Up;S;210727
Key Up;Haut;210828
Key Up;D;211031
Key Down;S;211458
Key Up;S;211623
Key Down;Q;212011
Key Down;Z;212437
Key Down;Bas;212629
Key Up;Q;212634
Key Up;Droite;212714
Key Down;D;212869
Key Up;D;213151
Key Up;Z;213194
Key Down;D;213424
Key Down;Gauche;213732
Key Up;D;213781
Key Down;Q;213807
Key Up;Q;213999
Key Up;Bas;214058
Key Down;D;214084
Key Down;S;214122
Key Up;S;214416
Key Up;D;214831
Key Up;Gauche;214980
Key Down;S;215032
Key Down;Q;215207
Key Up;S;215400
Key Down;Z;216130
Key Up;Z;216290
Key Down;Bas;216786
Key Down;S;217206
Key Up;Q;217782
Key Up;S;218138
Key Down;Gauche;218847
Key Down;S;218879
Key Up;Bas;218932
Key Down;Q;218938
Key Up;S;219141
Key Up;Q;219157
Key Down;D;219327
Key Up;D;219493
Key Down;S;220153
Key Up;S;220313
Key Down;Q;220606
Key Down;S;220686
Key Up;Q;220756
Key Up;S;220836
Key Down;D;221165
Key Up;D;221368
Key Down;S;221405
Key Up;S;221581
Key Down;Z;221804
Key Up;Z;221922
Key Down;Z;222188
Key Up;Z;222306
Key Down;Z;223127
Key Up;Z;223313
Key Down;Z;223627
Key Down;D;223771
Key Up;Z;223830
Key Down;Droite;223857
Key Up;Gauche;223894
Key Up;D;224065
Key Down;S;224330
Key Down;Bas;224373
Key Up;Droite;224442
Key Up;S;224458
Key Down;Q;224511
Key Up;Q;224634
Key Down;Q;225834
Key Down;Gauche;225971
Key Up;Bas;226121
Key Down;Z;226212
Key Up;Z;226649
Key Down;S;226969
Key Down;Bas;227164
Key Up;S;227170
Key Up;Gauche;227223
Key Up;Q;227357
Key Down;Z;227959
Key Up;Z;228108
Key Down;Q;228370
Key Up;Q;228508
Key Down;Q;229665
Key Down;S;229740
Key Up;Bas;230186
Key Up;Q;230367
Key Down;D;230756
Key Up;S;231098
Key Down;S;231130
Key Down;Haut;231231
Key Up;D;231290
Key Up;S;231332
Key Down;D;231663
Key Up;D;231780
Key Up;Haut;232079
Key Down;D;232176
Key Up;D;232400
Key Down;Q;232583
Key Up;Q;232950
Key Down;Haut;233097
Key Down;D;233564
Key Up;D;233666
Key Down;Q;234294
Key Up;Q;234407
Key Down;Z;234822
Key Up;Z;234875
Key Down;Q;235036
Key Up;Q;235142
Key Down;D;235377
Key Up;D;235505
Key Down;D;235894
Key Up;D;235990
Key Down;Z;236442
Key Up;Z;236661
Key Down;D;236725
Key Down;Z;236735
Key Up;Z;236879
Key Up;D;236916
Key Down;Z;237231
Key Up;Z;237390
Key Down;S;237994
Key Down;Q;238169
Key Up;S;238483
Key Down;Z;238820
Key Up;Haut;238840
Key Up;Q;238958
Key Down;Gauche;238990
Key Down;Q;239383
Key Up;Q;239575
Key Up;Z;240027
Key Down;D;240044
Key Down;S;240524
Key Up;S;240897
Key Up;D;240972
Key Down;Z;241004
Key Down;Q;241276
Key Up;Z;241622
Key Down;S;241910
Key Up;S;242155
Key Down;Z;242500
Key Up;Z;242617
Key Up;Q;242926
Key Down;Q;243348
Key Up;Q;243487
Key Down;S;243614
Key Down;Q;243715
Key Up;S;243784
Key Up;Q;243955
Key Down;D;244131
Key Up;D;244387
Key Down;Q;244654
Key Up;Q;244915
Key Down;S;245038
Key Up;S;245240
Key Down;Q;245256
Key Up;Q;245351
Key Down;D;245421
Key Down;Z;245511
Key Up;D;245612
Key Down;Q;245788
Key Up;Z;246077
Key Up;Q;246119
Key Down;Q;246583
Key Up;Q;246705
Key Down;D;247004
Key Up;D;247271
Key Down;S;247601
Key Down;Q;247634
Key Down;Droite;247676
Key Up;Gauche;247723
Key Up;Q;247799
Key Up;S;247953
Key Down;Q;247969
Key Up;Q;248447
Key Down;D;248682
Key Up;D;248788
Key Down;Q;248820
Key Down;Z;248981
Key Up;Q;249039
Key Down;D;249114
Key Up;Z;249167
Key Down;Gauche;249210
Key Up;Droite;249220
Key Down;Q;249284
Key Up;D;249322
Key Up;Q;250079
Key Down;Q;250457
Key Up;Q;251187
Key Down;Droite;251225
Key Down;D;251241
Key Up;Gauche;251320
Key Down;Bas;254505
Key Up;Droite;254665
Key Down;S;254836
Key Up;D;254911
Key Up;S;255859
Key Down;Q;255928
Key Down;S;256105
Key Up;Q;256190
Key Up;S;256665
Key Down;Z;257682
Key Up;Z;257815
Key Down;Q;258129
Key Up;Q;258294
Key Down;Q;258625
Key Up;Q;258791
Key Down;Droite;259131
Key Down;S;259190
Key Up;Bas;259243
Key Down;Q;259414
Key Up;S;259515
Key Up;Q;259974
Key Down;S;260022
Key Up;S;260363
Key Down;Z;260666
Key Up;Z;260926
Key Down;D;261177
Key Down;Z;261188
Key Up;Z;261306
Key Down;Z;261535
Key Up;D;261582
Key Up;Z;261609
Key Down;S;261972
Key Down;Q;261977
Key Up;Q;262153
Key Up;S;262185
Key Down;Q;262328
Key Up;Q;262515
Key Down;D;262659
Key Down;Z;263224
Key Up;D;263473
Key Up;Z;263665
Key Down;S;263916
Key Down;D;264007
Key Up;S;264145
Key Up;D;264214
Key Down;Q;264465
Key Up;Q;264657
Key Down;D;265142
Key Up;D;265302
Key Down;Q;265387
Key Down;Gauche;265424
Key Up;Droite;265499
Key Up;Q;265920
Key Down;S;266910
Key Up;S;267230
Key Down;S;267619
Key Up;S;267757
Key Down;Droite;268409
Key Down;Z;268451
Key Down;D;268456
Key Up;Gauche;268467
Key Up;Z;268931
Key Up;D;269091
Key Down;S;269139
Key Down;D;269389
Key Up;S;269548
Key Up;D;269580
Key Down;D;270645
Key Up;D;270775
Key Down;Q;271308
Key Down;Z;271341
Key Down;Haut;271788
Key Up;Q;271793
Key Up;Droite;271836
Key Down;Q;272022
Key Up;Q;272342
Key Down;D;272762
Key Down;Droite;273050
Key Up;D;273199
Key Down;Q;273263
Key Up;Q;273343
Key Down;D;273445
Key Up;Haut;273482
Key Up;Z;274185
Key Down;S;274622
Key Up;S;274986
Key Down;Z;275470
Key Up;D;275635
Key Down;Haut;275747
Key Down;D;275837
Key Up;Droite;275928
Key Up;D;276142
Key Down;D;276478
Key Up;D;276607
Key Up;Z;278055
Key Down;Z;278698
Key Down;D;279119
Key Up;Z;279140
Key Down;Droite;279263
Key Up;Haut;279274
Key Up;D;279306
Key Down;Q;279418
Key Down;S;279572
Key Up;Q;279717
Key Up;S;279775
Key Down;D;279929
Key Down;Z;280084
Key Up;D;280190
Key Up;Z;280206
Key Down;D;280953
Key Up;D;281188
Key Down;S;281644
Key Down;D;281650
Key Up;S;281772
Key Up;D;282119
Key Down;Z;282594
Key Down;Q;282679
Key Up;Z;282764
Key Up;Q;282801
Key Down;D;283105
Key Up;D;283292
Key Down;D;283878
Key Up;D;284294
Key Down;D;284879
Key Down;Haut;285129
Key Up;Droite;285278
Key Up;D;285541
Key Down;Z;285923
Key Up;Z;286169
Key Down;Z;286579
Key Up;Z;286868
Key Down;Z;287491
Key Up;Z;287846
Key Down;Z;288385
Key Up;Z;288561
Key Down;Bas;288662
Key Up;Haut;288673
Key Down;S;288753
Key Up;S;289451
Key Down;S;289793
Key Up;S;290176
Key Down;Gauche;290624
Key Down;Q;290640
Key Up;Bas;290740
Key Up;Q;290798
Key Down;D;291593
Key Up;D;291780
Key Down;Z;291945
Key Up;Z;292318
Key Down;Q;293054
Key Up;Q;293150
Key Down;Z;293416
Key Up;Z;293507
Key Down;Q;293996
Key Up;Q;294103
Key Down;Q;294364
Key Down;Bas;294406
Key Down;S;294422
Key Up;Q;294535
Key Up;Gauche;294679
Key Down;D;294881
Key Up;S;294945
Key Down;Gauche;295073
Key Down;Q;295116
Key Up;D;295121
Key Up;Bas;295196
Key Down;Z;295504
Key Up;Z;295654
Key Down;Z;295836
Key Up;Z;296005
Key Up;Q;296214
Key Down;Q;296716
Key Down;Bas;296788
Key Up;Q;296937
Key Up;Gauche;296948
Key Down;S;297119
Key Up;S;297246
Key Down;Z;297598
Key Down;Droite;297737
Key Down;D;297753
Key Up;Z;297790
Key Up;Bas;297853
Key Down;Z;297972
Key Down;Haut;298057
Key Up;Droite;298137
Key Up;Z;298195
Key Down;Z;298377
Key Up;D;298425
Key Down;D;299219
Key Up;D;299315
Key Up;Z;299922
Key Down;Q;300550
Key Down;Z;301014
Key Up;Q;301174
Key Up;Z;301632
Key Down;S;302587
Key Up;S;302825
Key Down;Z;303289
Key Up;Z;303576
Key Down;D;303608
Key Up;D;303833
Key Down;D;304111
Key Down;S;304142
Key Up;S;304243
Key Up;D;304265
Key Down;Q;304382
Key Up;Q;304585
Key Down;S;304600
Key Up;S;304804
Key Down;D;305049
Key Up;D;305197
Key Down;Z;305219
Key Up;Z;305330
Key Down;D;305608
Key Down;Q;305778
Key Up;D;305784
Key Down;S;306161
Key Up;Q;306512
Key Up;S;306560
Key Down;Z;306710
Key Down;D;306934
Key Down;Droite;307078
Key Up;Haut;307195
Key Up;Z;307462
Key Down;S;308144
Key Up;D;308315
Key Down;Q;308331
Key Up;S;308459
Key Up;Q;308523
Key Down;S;309395
Key Down;Q;309427
Key Up;S;309629
Key Up;Q;309971
Key Down;D;310131
Key Up;D;310648
Key Down;S;310904
Key Down;D;310910
Key Up;S;311171
Key Up;D;311293
Key Down;Z;311341
Key Down;Q;311357
Key Down;Haut;311453
Key Up;Q;311527
Key Up;Droite;311607
Key Up;Z;311704
Key Down;Z;312156
Key Down;Q;312273
Key Up;Z;312391
Key Down;Gauche;312705
Key Down;S;312721
Key Up;Haut;312828
Key Up;S;313142
Key Down;S;313393
Key Up;Q;313398
Key Down;D;313580
Key Down;Bas;313606
Key Up;Gauche;313899
Key Up;D;314107
Key Down;D;314266
Key Down;Gauche;314384
Key Up;D;314390
Key Up;Bas;314566
Key Down;Q;314731
Key Up;S;315289
Key Up;Q;316120
Key Down;Q;316414
Key Down;S;316697
Key Up;S;316803
Key Down;Bas;317181
Key Down;Z;317197
Key Up;Z;317362
Key Up;Gauche;318049
Key Down;Gauche;318198
Key Up;Bas;318252
Key Up;Q;318747
Key Down;Tab;318928
Key Up;Tab;319387
Key Down;Q;319515
Key Up;Q;319755
Key Down;D;319872
Key Up;D;320022
Key Down;S;320271
Key Down;Q;320538
Key Down;Droite;320560
Key Up;Gauche;320661
Key Up;S;320789
Key Down;Z;321192
Key Up;Z;321315
Key Up;Q;321337
Key Down;Q;321859
Key Up;Q;322003
Key Down;Z;322083
Key Up;Z;322211
Key Down;Q;322349
Key Up;Q;322562
Key Down;Q;322829
Key Up;Q;323004
Key Down;D;323581
Key Down;Z;323586
Key Down;Bas;323879
Key Up;Droite;324075
Key Up;Z;324161
Key Up;D;324198
Key Down;Gauche;324550
Key Down;D;324587
Key Up;Bas;324751
Key Down;S;324939
Key Up;S;325056
Key Up;D;325301
Key Down;D;325536
Key Up;D;325706
Key Down;S;325941
Key Down;Haut;326137
Key Down;Q;326282
Key Up;Gauche;326453
Key Up;S;326677
Key Down;Droite;326762
Key Up;Haut;326852
Key Down;Z;326981
Key Up;Z;327065
Key Up;Q;327170
Key Down;Z;327401
Key Up;Droite;327523
Key Down;D;327539
Key Up;Z;327811
Key Up;D;327869
Key Down;Q;328070
Key Down;Z;328182
Key Up;Q;328240
Key Down;D;328475
Key Up;D;328576
Key Down;Haut;328646
Key Down;Q;329083
Key Up;Q;329408
Key Up;Z;329664
Key Down;D;330499
Key Up;Haut;330580
Key Up;D;330649
Key Down;Z;330665
Key Down;Q;330814
Key Up;Z;330894
Key Up;Q;330974
Key Down;E;331447
Key Up;E;331575
Key Down;D;331659
Key Down;S;332016
Key Up;S;332390
Key Up;D;332475
Key Down;Z;332764
Key Down;D;332839
Key Up;D;333019
Key Up;Z;333057
Key Down;S;333547
Key Down;Q;333578
Key Up;S;333738
Key Up;Q;333824
Key Down;Q;333921
Key Down;Z;333990
Key Up;Q;334534
Key Down;E;334742
Key Up;E;334892
Key Down;Q;334902
Key Up;Z;335094
Key Down;S;335478
Key Up;Q;335568
Key Down;D;335653
Key Up;D;335905
Key Up;S;335953
Key Down;D;336404
Key Down;S;336474
Key Up;S;336671
Key Up;D;337150
Key Down;Q;337201
Key Down;E;337264
Key Up;E;337404
Key Up;Q;338049
Key Down;E;338287
Key Down;Z;338416
Key Up;E;338469
Key Down;Q;338697
Key Up;Q;339076
Key Up;Z;339170
Key Down;S;339573
Key Up;S;339728
Key Down;Z;339923
Key Down;Q;339955
Key Up;Z;340158
Key Up;Q;340163
Key Down;S;340355
Key Down;D;340430
Key Up;S;341091
Key Up;D;341251
Key Down;Q;341314
Key Down;E;341411
Key Up;E;341555
Key Down;Z;341805
Key Up;Q;342156
Key Down;D;342476
Key Up;Z;342668
Key Up;D;342912
Key Down;Q;342936
Key Down;S;343240
Key Up;Q;343303
Key Down;D;343411
Key Up;S;343688
Key Up;D;344227
Key Down;Q;344572
Key Up;Q;344753
Key Down;Z;344850
Key Down;Q;345121
Key Up;Z;345180
Key Down;S;345514
Key Up;Q;345670
Key Down;D;346117
Key Up;S;346192
Key Down;Z;346612
Key Up;Z;346783
Key Down;Z;347023
Key Up;Z;347247
Key Up;D;347316
Key Down;Q;347688
Key Down;E;347709
Key Up;E;347832
Key Up;Q;348689
Key Down;Z;349650
Key Down;D;349688
Key Up;D;350227
Key Up;Z;350259
Key Down;Z;350550
Key Down;D;350640
Key Up;D;350827
Key Down;Haut;350859
Key Up;Z;351050
Key Down;D;353331
Key Up;D;353481
Key Down;D;354019
Key Down;Z;354077
Key Up;D;354163
Key Up;Z;354227
Key Down;Q;355041
Key Down;Z;355126
Key Up;Q;355328
Key Up;Z;355430
Key Down;Q;355675
Key Up;Q;355851
Key Down;Z;356117
Key Down;D;356347
Key Up;Z;356480
Key Down;S;357258
Key Up;D;357407
Key Up;Haut;357438
Key Down;Gauche;357486
Key Down;Q;357518
Key Up;S;357737
Key Down;Haut;357977
Key Up;Gauche;358291
Key Up;Q;358649
Key Down;Z;359378
Key Up;Z;359608
Key Down;Z;359848
Key Down;D;359939
Key Up;Z;360003
Key Down;S;360205
Key Up;Haut;360243
Key Up;S;360757
Key Down;Z;361008
Key Up;Z;361216
Key Up;D;361520
Key Down;Q;361666
Key Down;E;361687
Key Up;E;361841
Key Down;S;362450
Key Up;S;362614
Key Down;Z;362913
Key Up;Z;363052
Key Up;Q;363089
Key Down;E;363690
Key Up;E;363828
Key Down;D;363970
Key Down;S;364648
Key Up;S;364957
Key Down;Z;365292
Key Up;Z;365741
Key Down;Droite;366322
Key Up;D;366380
Key Down;D;366608
Key Up;D;366762
Key Down;Q;367407
Key Up;Droite;368617
Key Up;Q;368841
Key Down;Z;369646
Key Up;Z;369832
Key Down;Z;370047
Key Down;D;370318
Key Up;D;370431
Key Up;Z;370670
Key Down;Entrée;371093
Key Up;Entrée;371227
Key Down;Haut;371369
Key Down;Z;371546
Key Up;Z;371657
Key Down;S;372159
Key Up;S;372361
Key Down;Q;372808
Key Down;Droite;372989
Key Down;Z;373075
Key Up;Q;373394
Key Up;Z;373671
Key Down;D;373779
Key Down;S;373831
Key Up;Droite;373900
Key Up;D;373949
Key Up;S;374003
Key Down;S;374727
Key Down;D;374748
Key Up;S;375174
Key Up;D;375180
Key Up;Haut;375562
Key Down;D;375639
Key Down;S;375713
Key Up;D;375889
Key Up;S;375932
Key Down;Q;377976
Key Up;Q;378270
Key Down;Z;378572
Key Down;D;378620
Key Up;D;378769
Key Down;D;378790
Key Up;D;379020
Key Down;Q;379382
Key Up;Z;379563
Key Down;Haut;379638
Key Down;Z;379686
Key Up;Q;379734
Key Up;Z;380129
Key Down;Q;380641
Key Up;Q;380757
Key Down;D;380907
Key Down;Z;380923
Key Up;D;381216
Key Down;Q;381381
Key Up;Z;381547
Key Up;Q;381582
Key Down;S;381838
Key Down;D;381849
Key Up;D;382084
Key Up;S;382105
Key Down;Z;382297
Key Down;Q;382425
Key Up;Q;382601
Key Up;Z;382739
Key Down;Q;382755
Key Down;Droite;382867
Key Up;Haut;382963
Key Up;Q;383101
Key Down;Z;383139
Key Up;Z;383299
Key Down;Q;383491
Key Up;Q;383651
Key Down;Z;383688
Key Up;Z;383800
Key Down;D;384413
Key Up;D;384997
Key Down;Q;385600
Key Down;S;385962
Key Up;Q;386245
Key Down;D;386490
Key Up;S;386805
Key Down;S;387055
Key Down;Bas;387130
Key Up;D;387136
Key Up;Droite;387247
Key Down;Q;387476
Key Up;Q;387640
Key Up;S;387929
Key Up;Bas;388088
Key Down;Tab;388238
Key Up;Tab;389566
Key Down;S;391545
Key Up;S;391944
Key Down;Z;392076
Key Up;Z;392449
Key Down;Entrée;395403
Key Up;Entrée;395483
Key Down;Gauche;397013
Key Down;Q;398447
Key Up;Q;399332
Key Down;Q;400045
Key Up;Q;400184
Key Down;D;400456
Key Up;D;400621
Key Down;Z;401335
Key Down;Q;401346
Key Up;Gauche;401442
Key Up;Z;401768
Key Down;Droite;402055
Key Up;Q;402322
Key Down;S;402567
Key Down;D;402615
Key Up;S;402695
Key Up;D;402700
Key Down;Q;403030
Key Up;Q;403227
Key Down;D;403531
Key Up;D;403775
Key Down;Q;403946
Key Up;Q;404186
Key Down;Q;404346
Key Up;Q;404576
Key Down;Q;404810
Key Up;Q;405092
Key Down;Z;405098
Key Up;Z;405295
Key Down;Q;405385
Key Up;Droite;405413
Key Up;Q;405578
Key Down;D;405924
Key Up;D;406164
Key Down;S;406368
Key Down;D;406373
Key Down;Gauche;406565
Key Up;S;406661
Key Up;D;406816
Key Down;Q;407050
Key Up;Q;407189
Key Down;D;407513
Key Up;D;407679
Key Down;Q;408058
Key Up;Q;408196
Key Down;D;408372
Key Up;D;408719
Key Down;D;408919
Key Up;D;409208
Key Down;D;409384
Key Up;D;409506
Key Down;Q;409521
Key Up;Gauche;409548
Key Down;S;409591
Key Up;S;409746
Key Down;Droite;409868
Key Up;Q;409953
Key Down;D;410428
Key Up;D;410705
Key Down;Q;410876
Key Up;Q;411121
Key Down;Q;412202
Key Up;Q;412458
Key Down;Q;412799
Key Up;Q;412985
Key Down;Q;413742
Key Up;Q;413913
Key Down;Z;414089
Key Up;Droite;414115
Key Down;D;414216
Key Up;Z;414510
Key Down;S;414718
Key Down;Gauche;414924
Key Up;S;414983
Key Up;D;415100
Key Down;Q;415516
Key Up;Q;415676
Key Down;D;416033
Key Up;D;416199
Key Down;D;416688
Key Up;D;417029
Key Down;Q;417350
Key Up;Gauche;417446
Key Up;Q;417531
Key Down;Q;417810
Key Down;S;417920
Key Up;S;417995
Key Up;Q;418011
Key Down;S;418625
Key Down;Q;418844
Key Up;S;418988
Key Up;Q;419057
Key Down;D;419106
Key Down;Z;419649
Key Up;D;419825
Key Down;Q;419889
Key Up;Q;420204
Key Down;Q;420417
Key Up;Z;420625
Key Down;S;420780
Key Up;Q;420822
Key Down;Q;420938
Key Down;Gauche;420969
Key Up;S;421018
Key Down;S;421673
Key Up;S;421902
Key Up;Q;422239
Key Down;Q;422750
Key Up;Gauche;423043
Key Up;Q;423086
Key Down;Q;423228
Key Up;Q;423467
Key Down;E;424130
Key Down;Z;424172
Key Up;E;424263
Key Down;Q;424487
Key Up;Z;424562
Key Down;S;425068
Key Up;Q;425121
Key Up;S;425383
Key Down;D;426083
Key Down;S;426521
Key Up;S;426771
Key Down;Q;427015
Key Up;D;427020
Key Down;Z;427303
Key Up;Q;427398
Key Down;Haut;427500
Key Down;D;427675
Key Up;D;427878
Key Up;Z;428251
Key Down;Z;428854
Key Up;Z;428913
Key Down;Q;428939
Key Down;Gauche;428960
Key Up;Haut;429040
Key Down;Z;429083
Key Up;Q;429158
Key Up;Z;429227
Key Down;Z;429590
Key Down;Q;429829
Key Up;Z;429931
Key Down;Bas;430078
Key Down;Z;430152
Key Up;Q;430222
Key Down;D;430291
Key Up;Z;430328
Key Up;Bas;430467
Key Down;S;430526
Key Up;D;430803
Key Down;Q;430889
Key Down;Haut;431059
Key Up;Q;431096
Key Down;Q;431330
Key Up;S;431405
Key Up;Gauche;431479
Key Up;Q;431559
Key Down;Q;432077
Key Up;Q;432205
Key Down;D;432349
Key Down;Gauche;432594
Key Up;D;432759
Key Down;Z;432791
Key Up;Z;432962
Key Up;Gauche;433132
Key Down;Q;433319
Key Down;Droite;433483
Key Up;Haut;433564
Key Down;Z;433665
Key Up;Q;433793
Key Up;Z;433974
Key Down;Z;434305
Key Up;Z;434544
Key Down;Z;434683
Key Up;Z;435009
Key Down;Q;435072
Key Down;Z;435115
Key Up;Q;435174
Key Up;Z;435232
Key Down;Bas;435408
Key Down;Z;435429
Key Up;Droite;435530
Key Down;D;435600
Key Up;Z;435675
Key Up;D;435872
Key Down;Q;436595
Key Up;Q;436787
Key Down;S;436867
Key Up;S;437384
Key Down;D;437838
Key Up;D;438083
Key Down;Z;438163
Key Down;Q;438398
Key Up;Q;438573
Key Down;D;438707
Key Up;Z;438930
Key Down;Droite;439027
Key Up;D;439033
Key Down;Q;439048
Key Up;Bas;439079
Key Down;S;439179
Key Down;Haut;439243
Key Up;Q;439307
Key Up;Droite;439350
Key Down;D;439420
Key Up;D;439553
Key Up;S;439750
Key Down;Q;439862
Key Down;Droite;439921
Key Up;Haut;440021
Key Down;Z;440070
Key Up;Q;440102
Key Up;Z;440198
Key Down;Q;440401
Key Up;Q;440625
Key Down;Z;440768
Key Up;Z;441030
Key Down;Bas;441158
Key Down;D;441179
Key Up;Droite;441291
Key Down;Z;441654
Key Up;D;441696
Key Down;Gauche;441754
Key Up;Z;441797
Key Down;D;441972
Key Up;D;442291
Key Down;Q;442323
Key Down;S;442339
Key Up;Bas;442355
Key Down;Droite;442451
Key Up;Q;442515
Key Up;Gauche;442525
Key Up;S;442541
Key Down;D;442787
Key Down;S;442888
Key Up;S;443064
Key Down;Haut;443176
Key Up;Droite;443235
Key Up;D;443261
Key Down;S;443437
Key Down;D;443688
Key Up;S;443763
Key Down;Gauche;443789
Key Up;Haut;443870
Key Down;S;443917
Key Up;D;444131
Key Down;Q;444248
Key Up;S;444925
Key Up;Q;445052
Key Down;D;445233
Key Down;Z;445595
Key Up;D;445728
Key Down;Q;445846
Key Up;Gauche;445877
Key Up;Z;445920
Key Down;Gauche;446362
Key Up;Q;447071
Key Down;Q;447589
Key Up;Q;447828
Key Down;D;448194
Key Up;D;448339
Key Down;D;448589
Key Down;Z;448882
Key Up;D;449026
Key Up;Z;449175
Key Down;S;449357
Key Down;D;449576
Key Up;D;449730
Key Up;S;449858
Key Down;D;450306
Key Down;Z;450354
Key Up;D;450493
Key Down;Bas;450647
Key Down;Q;450663
Key Up;Q;450823
Key Down;Q;450994
Key Up;Gauche;451026
Key Up;Z;451132
Key Down;Droite;451159
Key Down;S;451386
Key Up;Bas;451407
Key Up;S;451796
Key Up;Q;452004
Key Down;Z;452303
Key Down;D;452346
Key Up;Z;452447
Key Up;D;452613
Key Down;Q;452666
Key Up;Q;453023
Key Down;Q;453209
Key Up;Q;453513
Key Down;S;453588
Key Down;Q;453726
Key Up;S;453854
Key Up;Q;453886
Key Down;Z;453982
Key Up;Z;454201
Key Down;D;454206
Key Up;D;454402
Key Down;Q;454412
Key Up;Q;454753
Key Down;S;454774
Key Down;D;454902
Key Up;D;455227
Key Up;S;455281
Key Down;Q;455308
Key Up;Q;455590
Key Down;D;455804
Key Up;D;456145
Key Down;Q;456246
Key Up;Q;456549
Key Down;Q;456827
Key Down;Z;457030
Key Up;Q;457061
Key Down;D;457279
Key Up;Z;457284
Key Up;D;457945
Key Down;Q;457961
Key Up;Q;458217
Key Down;D;458430
Key Down;Z;458451
Key Up;D;458637
Key Up;Z;458654
Key Down;Q;458809
Key Up;Q;459097
Key Down;D;459283
Key Down;Q;459394
Key Up;D;459421
Key Down;S;459784
Key Up;Q;459944
Key Up;S;460056
Key Down;D;460093
Key Down;Z;460294
Key Up;Z;460576
Key Up;D;460683
Key Down;D;460880
Key Down;Z;460939
Key Up;Z;461115
Key Up;D;461242
Key Down;Q;461408
Key Up;Q;461728
Key Down;D;462037
Key Up;D;462214
Key Down;Q;462235
Key Down;S;462379
Key Up;Q;462538
Key Down;D;462677
Key Up;S;462927
Key Up;D;463162
Key Down;Q;463529
Key Up;Q;463785
Key Down;Q;463923
Key Down;Z;464013
Key Up;Z;464152
Key Up;Q;464403
Key Down;Z;464984
Key Down;Q;465064
Key Up;Q;465187
Key Down;D;465229
Key Up;Z;465304
Key Up;Droite;465479
Key Down;Q;465709
Key Up;D;465714
Key Down;S;465719
Key Down;D;465852
Key Up;Q;465863
Key Up;S;465906
Key Down;Z;466432
Key Up;Z;466645
Key Up;D;466773
Key Down;Q;466778
Key Down;Gauche;466858
Key Down;S;467466
Key Up;S;467765
Key Up;Q;468234
Key Down;Q;469060
Key Down;S;469231
Key Up;Q;469236
Key Down;Bas;469268
Key Up;Gauche;469327
Key Up;S;469374
Key Down;D;469634
Key Up;D;469710
Key Down;Z;470989
Key Up;Z;471101
Key Down;Z;471469
Key Down;Droite;471794
Key Up;Z;471901
Key Down;Gauche;472092
Key Up;Droite;472151
Key Up;Bas;472262
Key Down;S;472268
Key Up;S;472651
Key Down;Q;472773
Key Down;Droite;473023
Key Down;Z;473061
Key Up;Droite;473189
Key Down;Bas;473322
Key Up;Z;473418
Key Up;Q;473540
Key Up;Gauche;473658
Key Down;Q;473892
Key Down;Z;473956
Key Up;Q;474047
Key Up;Z;474250
Key Down;Q;474282
Key Up;Q;474436
Key Down;Q;474708
Key Up;Q;474841
Key Down;Z;475198
Key Up;Z;475342
Key Down;D;475564
Key Up;D;475687
Key Down;Q;475975
Key Down;Z;476007
Key Up;Q;476098
Key Up;Z;476396
Key Down;D;476807
Key Up;D;476972
Key Down;D;477409
Key Up;D;477510
Key Down;D;477883
Key Up;D;478054
Key Down;Gauche;478526
Key Down;D;478602
Key Up;Bas;478623
Key Down;S;478666
Key Up;D;478762
Key Up;S;478852
Key Down;S;479273
Key Down;D;479332
Key Up;S;479422
Key Up;D;479481
Key Down;S;479875
Key Up;S;480041
Key Down;Z;480707
Key Up;Z;480910
Key Down;D;481198
Key Up;D;481373
Key Down;S;481623
Key Down;D;481697
Key Up;S;481750
Key Up;D;481761
Key Down;S;482118
Key Down;D;482182
Key Up;S;482300
Key Up;D;482305
Key Down;Z;482918
Key Up;Z;483067
Key Down;D;483504
Key Up;D;483595
Key Down;S;484090
Key Down;Q;484106
Key Down;Haut;484160
Key Up;Q;484330
Key Up;Gauche;484399
Key Up;S;484437
Key Down;Q;484681
Key Down;S;484857
Key Up;Q;484894
Key Up;S;484937
Key Down;Q;485102
Key Up;Q;485267
Key Down;Q;485704
Key Down;Z;485763
Key Up;Z;485902
Key Up;Q;485933
Key Down;S;486232
Key Down;Gauche;486291
Key Up;Haut;486349
Key Down;D;486397
Key Up;S;486403
Key Down;Z;486519
Key Up;D;486583
Key Up;Z;486691
Key Down;Z;486882
Key Down;D;486887
Key Up;Z;487005
Key Up;D;487026
Key Down;Z;487340
Key Up;Z;487495
Key Down;S;488080
Key Up;S;488230
Key Down;Z;488618
Key Up;Z;488752
Key Down;Q;488875
Key Up;Gauche;489077
Key Down;S;489417
Key Up;Q;489551
Key Up;S;489556
Key Down;D;489940
Key Up;D;490206
Key Down;A;490376
Key Up;A;490525
Key Down;Q;490754
Key Down;Z;491047
Key Up;Q;491101
Key Down;D;491127
Key Up;Z;491218
Key Down;Z;491564
Key Up;Z;491777
Key Up;D;491857
Key Down;Q;491959
Key Down;Droite;492006
Key Up;Q;492268
Key Down;D;492432
Key Up;D;492716
Key Down;D;493254
Key Up;D;493435
Key Down;Q;493494
Key Up;Q;494250
Key Down;D;494255
Key Up;Droite;495838
Key Down;Haut;495870
Key Down;Droite;496196
Key Up;Haut;496206
Key Down;Z;496478
Key Up;Z;496705
Key Up;Droite;496742
Key Down;Droite;496902
Key Down;S;497520
Key Up;S;497740
Key Down;Haut;498432
Key Up;Droite;498502
Key Down;Z;498694
Key Up;D;498801
Key Down;D;499269
Key Up;D;499812
Key Up;Z;500292
Key Down;Z;501635
Key Up;Z;501725
Key Down;Droite;502445
Key Down;Q;502461
Key Down;Z;502631
Key Up;Haut;502758
Key Up;Q;502875
Key Up;Z;502902
Key Down;D;504032
Key Up;D;504213
Key Down;D;505226
Key Up;D;505456
Key Down;Bas;505530
Key Down;S;505552
Key Up;Droite;505742
Key Down;Gauche;506317
Key Down;Q;506420
Key Up;Bas;506499
Key Up;Q;507091
Key Down;Q;507533
Key Up;S;507699
Key Down;Z;507880
Key Up;Z;508088
Key Down;Z;509211
Key Up;Z;509515
Key Down;S;510223
Key Up;S;510469
Key Down;Haut;511236
Key Up;Haut;511752
Key Down;Z;512061
Key Up;Z;512408
Key Down;S;513394
Key Up;S;513639
Key Down;Haut;514391
Key Down;Z;514535
Key Up;Gauche;514658
Key Up;Q;515040
Key Up;Z;515397
Key Down;Q;516175
Key Up;Q;516298
Key Down;Droite;516505
Key Down;Q;516575
Key Up;Haut;516638
Key Up;Q;517044
Key Down;Z;517225
Key Up;Z;517353
Key Down;Z;517663
Key Down;Q;517731
Key Up;Z;517858
Key Up;Q;517895
Key Down;Z;518594
Key Up;Z;518748
Key Down;Z;519025
Key Down;Bas;519159
Key Up;Droite;519339
Key Down;D;519483
Key Up;Z;519527
Key Down;Z;519575
Key Up;D;519628
Key Up;Z;519724
Key Down;D;519863
Key Up;D;519988
Key Down;D;521089
Key Up;D;521191
Key Down;Gauche;521313
Key Up;Bas;521462
Key Down;D;521495
Key Up;D;521884
Key Down;D;522081
Key Down;S;522097
Key Up;D;522246
Key Up;S;522273
Key Down;D;522593
Key Up;D;522801
Key Down;D;523093
Key Up;D;523253
Key Down;D;523477
Key Up;D;523659
Key Down;D;523903
Key Up;D;524090
Key Down;D;524617
Key Down;S;524762
Key Down;Haut;524841
Key Up;D;524894
Key Up;Gauche;525177
Key Up;S;525268
Key Down;Q;525347
Key Up;Q;525465
Key Down;D;525918
Key Up;D;525977
Key Down;S;526297
Key Up;S;526707
Key Down;Q;527100
Key Down;Droite;527228
Key Up;Q;527404
Key Up;Haut;527548
Key Down;Q;527564
Key Down;Z;527782
Key Up;Q;528028
Key Up;Droite;528070
Key Up;Z;528214
Key Down;Z;528377
Key Up;Z;528804
Key Down;Droite;529194
Key Down;Z;529209
Key Up;Z;529322
Key Down;Haut;529460
Key Down;Z;529599
Key Up;Droite;529609
Key Up;Z;530094
Key Down;Q;530567
Key Down;Droite;530653
Key Down;Z;530808
Key Down;Gauche;530935
Key Up;Droite;530946
Key Up;Haut;531089
Key Up;Z;531213
Key Down;Z;531618
Key Up;Z;531714
Key Up;Q;531932
Key Down;Q;532246
Key Up;Q;532391
Key Down;Z;532700
Key Down;Bas;532748
Key Down;Q;532828
Key Up;Z;532949
Key Up;Q;532986
Key Up;Gauche;533018
Key Down;Q;533189
Key Up;Q;533348
Key Down;Droite;533380
Key Down;Q;533599
Key Up;Bas;533636
Key Up;Q;533716
Key Down;S;533903
Key Down;Q;533930
Key Up;S;534159
Key Up;Q;534164
Key Down;S;534484
Key Up;S;534724
Key Down;Z;535278
Key Up;Z;535481
Key Down;D;535743
Key Down;Z;536103
Key Down;Gauche;536178
Key Up;Droite;536290
Key Up;Z;536364
Key Up;D;536386
Key Down;Q;536530
Key Up;Q;536674
Key Down;D;536839
Key Up;D;537063
Key Down;Q;537260
Key Up;Q;537532
Key Down;Q;539017
Key Up;Q;539119
Key Down;D;539252
Key Up;D;539642
Key Down;Q;539700
Key Up;Q;540372
Key Down;D;540590
Key Up;D;540958
Key Up;Gauche;541107
Key Down;Q;541174
Key Up;Q;541334
Key Down;S;541611
Key Down;Q;541733
Key Up;S;541776
Key Down;Gauche;541972
Key Down;Z;542232
Key Up;Z;542313
Key Up;Q;542798
Key Down;Entrée;543214
Key Up;Entrée;543390
Key Down;Q;543672
Key Up;Q;543922
Key Down;D;544301
Key Up;D;544423
Key Down;D;544578
Key Down;Haut;544636
Key Down;S;544653
Key Up;Gauche;544888
Key Up;D;545005
Key Down;Q;545067
Key Down;Droite;545254
Key Up;S;545275
Key Up;Q;545595
Key Down;Q;545701
Key Down;Z;545861
Key Up;Haut;545871
Key Up;Z;546032
Key Up;Q;546053
Key Down;Z;546277
Key Up;Z;546427
Key Down;Q;546730
Key Up;Q;546879
Key Down;S;547050
Key Down;D;547135
Key Up;S;547274
Key Up;D;547349
Key Down;Q;547711
Key Down;Z;547823
Key Up;Q;547913
Key Up;Z;547972
Key Down;Q;548020
Key Up;Q;548429
Key Down;Bas;548477
Key Up;Droite;548626
Key Down;D;548653
Key Up;D;548968
Key Down;Z;549032
Key Up;Z;549133
Key Down;Z;549245
Key Down;D;549394
Key Up;Z;549453
Key Down;Gauche;549495
Key Up;Gauche;549597
Key Up;D;549985
Key Down;S;550198
Key Up;S;550518
Key Down;Droite;550679
Key Down;D;550694
Key Up;D;550871
Key Up;Bas;550950
Key Down;S;551063
Key Down;Q;551146
Key Up;S;551210
Key Down;Bas;551402
Key Up;Q;551600
Key Up;Bas;551759
Key Down;S;551829
Key Down;D;552111
Key Up;S;552218
Key Up;D;552442
Key Up;Droite;552644
Key Down;Haut;553139
Key Up;Haut;553251
Key Down;Gauche;553289
Key Up;Gauche;553385
Key Down;Haut;553441
Key Down;Gauche;553563
Key Up;Haut;553606
Key Up;Gauche;553702
Key Down;Droite;553784
Key Down;Gauche;553874
Key Up;Droite;553911
Key Up;Gauche;553996
Key Down;Droite;554067
Key Down;Haut;554094
Key Down;Gauche;554172
Key Up;Haut;554215
Key Up;Droite;554236
Key Up;Gauche;554306
Key Down;Q;554372
Key Up;Q;554617
Key Down;D;554777
Key Down;Z;554830
Key Up;D;555037
Key Up;Z;555133
Key Down;Z;555499
Key Down;Haut;555537
Key Down;Q;555734
Key Up;Z;555835
Key Up;Q;555840
Key Down;Z;556347
Key Up;Z;556544
Key Up;Haut;556864
Key Down;Haut;558981
Key Down;D;559675
Key Down;Z;559680
Key Up;D;559819
Key Up;Z;559845
Key Down;Z;560244
Key Down;Q;560249
Key Up;Q;560382
Key Up;Z;560580
Key Up;Haut;560814
Key Down;Entrée;563590
Key Up;Entrée;563798
Key Down;Gauche;564263
Key Down;Q;565787
Key Up;Q;567715
Key Down;Q;568030
Key Up;Q;568286
Key Down;S;568537
Key Up;S;568766
Key Down;D;569091
Key Up;D;569334
Key Down;D;570001
Key Up;D;570139
Key Down;Q;570176
Key Down;Haut;570283
Key Up;Gauche;570368
Key Up;Q;570817
Key Down;D;571115
Key Up;D;571232
Key Down;D;572085
Key Down;Gauche;572218
Key Up;D;572360
Key Up;Haut;572371
Key Down;D;572520
Key Up;D;572781
Key Down;Haut;573240
Key Down;Q;573474
Key Up;Gauche;573534
Key Up;Q;573592
Key Down;Q;573821
Key Up;Q;574072
Key Down;Q;574248
Key Up;Q;574397
Key Down;Q;574557
Key Down;Gauche;574801
Key Up;Q;574925
Key Up;Gauche;575350
Key Down;Q;575771
Key Down;Droite;575947
Key Up;Q;576043
Key Down;Z;576069
Key Up;Haut;576149
Key Up;Z;576266
Key Down;Q;577445
Key Down;Z;577520
Key Up;Q;577562
Key Up;Z;577680
Key Up;Droite;577780
Key Down;D;577827
Key Down;S;578008
Key Up;S;578318
Key Down;Z;578571
Key Up;D;578662
Key Down;Q;578710
Key Up;Z;578758
Key Down;Gauche;579371
Key Up;Q;579820
Key Down;Q;580240
Key Up;Q;580506
Key Down;D;580971
Key Down;S;581259
Key Up;D;581286
Key Down;Q;581376
Key Up;S;581427
Key Down;Z;581545
Key Down;Droite;581678
Key Up;Gauche;581928
Key Up;Z;581945
Key Up;Q;582216
Key Down;S;582397
Key Down;Q;582498
Key Up;S;582558
Key Up;Q;582760
Key Down;Q;583181
Key Down;S;583218
Key Up;S;583378
Key Up;Q;583421
Key Down;Z;583645
Key Down;D;583719
Key Up;Z;583735
Key Down;Z;583965
Key Up;Z;584061
Key Up;D;584168
Key Down;Q;584332
Key Up;Q;584673
Key Down;Q;584907
Key Up;Q;585110
Key Up;Droite;585334
Key Down;Gauche;585404
Key Down;Q;585441
Key Up;Q;586113
Key Down;Q;586309
Key Up;Q;591468
Key Down;Q;591861
Key Down;Haut;592129
Key Down;S;592203
Key Up;Gauche;592368
Key Up;Q;592496
Key Up;S;592522
Key Down;Q;592816
Key Up;Q;592939
Key Down;Q;594264
Key Up;Q;594498
Key Down;Z;595251
Key Up;Z;595379
Key Down;D;595491
Key Up;D;595858
Key Down;D;596838
Key Up;D;596906
Key Down;Q;597126
Key Down;Z;597162
Key Up;Z;597376
Key Down;Z;597499
Key Up;Q;597573
Key Down;D;597611
Key Down;Droite;597695
Key Up;Z;597707
Key Up;Haut;597797
Key Down;S;598257
Key Up;S;598443
Key Down;Espace;599833
Key Up;Espace;600009
Key Down;Espace;601095
Key Up;Espace;601298
Key Down;Espace;602476
Key Up;Espace;602698
Key Up;D;603040
Key Down;Q;603125
Key Up;Q;603391
Key Down;Z;603812
Key Down;Haut;603872
Key Down;D;603887
Key Up;Z;603914
Key Up;Droite;603935
Key Down;S;604047
Key Up;D;604181
Key Down;D;604382
Key Up;D;604602
Key Up;S;604756
Key Down;Q;605012
Key Up;Q;605198
Key Down;Q;605395
Key Down;Z;605400
Key Up;Q;605539
Key Up;Z;605550
Key Down;Q;605762
Key Up;Q;605895
Key Down;Droite;606124
Key Down;D;606370
Key Up;D;606507
Key Up;Haut;606646
Key Down;S;606902
Key Down;D;606972
Key Up;S;607014
Key Up;D;607083
Key Down;Q;607606
Key Up;Q;607723
Key Down;D;607894
Key Down;Q;608096
Key Up;D;608112
Key Up;Q;608565
Key Down;Z;608873
Key Up;Z;608974
Key Down;D;609331
Key Down;S;609363
Key Up;S;609523
Key Down;S;609688
Key Up;D;610196
Key Up;S;610269
Key Down;D;610446
Key Down;S;610478
Key Up;D;610734
Key Down;Q;610744
Key Up;S;610808
Key Up;Q;611022
Key Down;Q;611452
Key Up;Q;611744
Key Down;D;612406
Key Up;D;613173
Key Down;Z;613189
Key Down;Q;613397
Key Down;Haut;613461
Key Up;Droite;613589
Key Up;Q;613621
Key Down;Q;614058
Key Up;Q;614335
Key Up;Z;614633
Key Down;Q;615954
Key Up;Q;616077
Key Down;Q;616630
Key Up;Q;616817
Key Down;D;616993
Key Up;D;617131
Key Down;Espace;617404
Key Up;Espace;617696
Key Down;D;618313
Key Up;D;618516
Key Down;Q;619001
Key Up;Q;619145
Key Down;Q;619519
Key Down;Droite;619822
Key Up;Q;619940
Key Down;D;620148
Key Up;Haut;620413
Key Down;Z;620440
Key Up;D;620552
Key Up;Z;620649
Key Down;Haut;620786
Key Up;Droite;620893
Key Down;D;620984
Key Down;Gauche;621085
Key Down;Z;621218
Key Up;Haut;621229
Key Up;D;621277
Key Down;Haut;621298
Key Up;Z;621330
Key Up;Haut;621437
Key Down;S;621809
Key Up;S;621927
Key Down;Q;621964
Key Down;Z;622172
Key Up;Q;622221
Key Up;Z;622268
Key Down;D;622652
Key Up;D;622769
Key Down;S;623014
Key Down;D;623137
Key Up;Gauche;623212
Key Up;S;623520
Key Up;D;623591
Key Down;Q;623637
Key Down;Z;623821
Key Up;Z;624221
Key Down;Z;624370
Key Up;Q;624455
Key Down;Q;624647
Key Up;Z;624695
Key Down;S;624908
Key Up;Q;625025
Key Down;Q;625111
Key Up;S;625420
Key Up;Q;625532
Key Down;D;625568
Key Down;Z;625940
Key Up;D;626063
Key Down;Q;626122
Key Up;Z;626404
Key Down;S;626612
Key Up;Q;626756
Key Down;D;627218
Key Up;S;627335
Key Down;Droite;627436
Key Down;S;627628
Key Down;Bas;627650
Key Up;D;627703
Key Up;Droite;627719
Key Down;Droite;628161
Key Down;D;628177
Key Up;Bas;628295
Key Up;S;628652
Key Down;S;629127
Key Up;S;629271
Key Up;D;629745
Key Down;D;629977
Key Up;D;630319
Key Down;Q;630724
Key Down;Z;630915
Key Up;Q;630985
Key Down;Haut;631054
Key Up;Droite;631097
Key Up;Z;631113
Key Down;D;631118
Key Up;D;631337
Key Down;Gauche;631993
Key Down;D;632009
Key Up;Haut;632074
Key Down;Bas;632366
Key Up;D;632387
Key Up;Gauche;632510
Key Down;Q;632824
Key Up;Q;632918
Key Down;S;633212
Key Up;S;633564
Key Down;D;633718
Key Up;Bas;633948
Key Down;Z;633953
Key Up;Z;634107
Key Down;Droite;634235
Key Up;D;635040
Key Down;D;635226
Key Up;D;635418
Key Down;S;635695
Key Down;Q;635727
Key Down;Haut;635748
Key Up;Droite;635886
Key Up;Q;635940
Key Up;S;636020
Key Down;Q;636350
Key Up;Q;636510
Key Down;S;636526
Key Down;D;636696
Key Up;D;636984
Key Up;S;637033
Key Down;S;637710
Key Down;D;637758
Key Up;S;637912
Key Up;D;638029
Key Down;D;638285
Key Up;D;638450
Key Down;Q;638743
Key Up;Q;639003
Key Down;Q;639222
Key Up;Q;639355
Key Down;D;639541
Key Down;S;639563
Key Up;S;639632
Key Up;D;639995
Key Down;Q;640394
Key Down;Droite;640661
Key Up;Q;640671
Key Up;Haut;640863
Key Down;Q;640879
Key Down;Z;640948
Key Up;Z;641129
Key Up;Q;641145
Key Down;Q;641636
Key Up;Q;641823
Key Down;D;642034
Key Up;D;642397
Key Down;Q;642402
Key Up;Q;642637
Key Down;Q;642892
Key Down;Z;643112
Key Up;Q;643319
Key Down;Bas;643510
Key Down;D;643596
Key Up;Droite;643655
Key Up;Z;643708
Key Up;D;643847
Key Down;D;644172
Key Up;D;644273
Key Down;Z;644503
Key Up;Z;644652
Key Down;D;645094
Key Up;D;645242
Key Down;Q;645370
Key Down;Gauche;645413
Key Up;Q;645685
Key Down;Q;645722
Key Down;Droite;645743
Key Up;Gauche;645754
Key Up;Bas;645940
Key Up;Q;645956
Key Down;S;646057
Key Down;D;646191
Key Up;S;646202
Key Up;D;646473
Key Down;Z;646532
Key Up;Z;646649
Key Down;Q;646771
Key Up;Q;646985
Key Down;D;647156
Key Up;D;647507
Key Down;Q;647534
Key Down;S;647801
Key Up;Q;647961
Key Up;S;648028
Key Down;D;648167
Key Down;Z;648306
Key Up;D;648354
Key Down;Q;648438
Key Up;Z;648487
Key Up;Q;648662
Key Down;Q;648684
Key Up;Q;648801
Key Down;S;648913
Key Up;S;649335
Key Up;Droite;649457
Key Down;Gauche;649516
Key Up;Gauche;649863
Key Down;Left Alt;652304
Key Down;Tab;652470
Key Up;Left Alt;652592
Key Up;Tab;652598
