Event;Key;Time
Key Down;S;7038
Key Down;Q;7591
Key Up;Q;8326
Key Down;Q;9558
Key Up;Q;9775
Key Down;D;11231
Key Down;A;12278
Key Up;A;12375
Key Up;S;12383
Key Up;D;12431
Key Down;D;12838
Key Down;S;13262
Key Up;D;13318
Key Down;Q;14446
Key Up;Q;14815
Key Down;D;14910
Key Up;S;14967
Key Down;Z;15119
Key Up;D;15382
Key Down;Q;15447
Key Up;Z;15903
Key Up;Q;16654
Key Down;S;16662
Key Down;A;16823
Key Up;A;16919
Key Down;D;17046
Key Up;S;17671
Key Up;D;17774
Key Down;S;19127
Key Down;D;19846
Key Up;S;19967
Key Up;D;20654
Key Down;D;20991
Key Up;D;21622
Key Down;Q;21631
Key Up;Q;22127
Key Down;S;22150
Key Down;D;22582
Key Up;S;22630
Key Down;A;22774
Key Up;A;22894
Key Up;D;23159
Key Down;Z;23207
Key Down;D;23254
Key Up;Z;23543
Key Up;D;23711
Key Down;D;25023
Key Down;A;25135
Key Up;D;25167
Key Up;A;25270
Key Down;D;25279
Key Up;D;25383
Key Down;S;25518
Key Down;D;25639
Key Up;D;25750
Key Down;Q;26095
Key Up;Q;26231
Key Down;Q;30535
Key Up;S;30582
Key Up;Q;31286
Key Down;D;31318
Key Down;Z;31430
Key Up;Z;31750
Key Down;S;32079
Key Up;S;32342
Key Down;S;33431
Key Up;D;34358
Key Down;Q;34670
Key Up;Q;35310
Key Up;S;35718
Key Down;Q;35847
Key Down;S;36119
Key Up;S;36342
Key Down;Z;36574
Key Up;Z;37062
Key Down;S;37334
Key Up;S;37502
Key Down;Z;39190
Key Up;Q;39334
Key Down;Q;39887
Key Up;Q;40486
Key Up;Z;41062
Key Down;S;41854
Key Down;A;42718
Key Up;A;42838
Key Down;D;42918
Key Up;D;43670
Key Up;S;43718
Key Down;Q;44654
Key Up;Q;44790
Key Down;Z;45231
Key Down;D;45518
Key Up;Z;45550
Key Down;A;45679
Key Up;D;45726
Key Down;D;45766
Key Up;A;45782
Key Up;D;45815
Key Down;D;47686
Key Down;S;49342
Key Up;S;49615
Key Up;D;51398
Key Down;Z;51726
Key Down;D;51831
Key Down;A;52503
Key Up;D;52543
Key Up;A;52630
Key Up;Z;52719
Key Down;Q;53070
Key Down;S;53383
Key Up;S;54486
Key Up;Q;59143
Key Down;A;59303
Key Up;A;59415
Key Down;Q;59614
Key Up;Q;59942
Key Down;S;60351
Key Down;D;60366
Key Up;D;60534
Key Down;Q;61206
Key Up;Q;61750
Key Down;Q;61870
Key Up;S;61958
Key Up;Q;62111
Key Down;A;62223
Key Up;A;62302
Key Down;S;62470
Key Down;Q;62486
Key Up;Q;62494
Key Down;Q;62607
Key Up;S;62726
Key Down;Z;63006
Key Up;Z;63214
Key Down;S;63454
Key Up;S;63622
Key Down;Z;65270
Key Up;Q;65495
Key Down;A;65806
Key Up;A;65895
Key Down;D;66007
Key Up;Z;66143
Key Up;D;66230
Key Down;Q;66863
Key Up;Q;66974
Key Down;S;67039
Key Down;D;67695
Key Up;S;67998
Key Up;D;68374
Key Down;A;69871
Key Up;A;69950
Key Down;Q;70262
Key Down;Z;70366
Key Up;Q;70615
Key Up;Z;70751
Key Down;D;70991
Key Down;S;71047
Key Up;S;71262
Key Up;D;71406
Key Down;E;71566
Key Up;E;71630
Key Down;Q;71854
Key Down;S;72366
Key Up;Q;72414
Key Down;A;72623
Key Up;A;72743
Key Down;Q;72966
Key Up;Q;73118
Key Up;S;74799
Key Down;Q;74854
Key Up;Q;74910
Key Down;Z;75095
Key Down;D;75246
Key Up;D;75366
Key Down;A;75654
Key Up;A;75750
Key Down;D;77550
Key Up;Z;77582
Key Up;D;77654
Key Down;Q;77734
Key Down;S;77926
Key Up;Q;77934
Key Up;S;79215
Key Down;Z;79463
Key Down;D;79502
Key Up;D;79750
Key Down;D;80231
Key Up;D;80550
Key Down;D;80959
Key Up;D;81054
Key Up;Z;82022
Key Down;Z;82454
Key Up;Z;82718
Key Down;S;83847
Key Down;Q;83870
Key Up;Q;84414
Key Down;A;84550
Key Up;A;84662
Key Down;Q;84902
Key Up;S;85079
Key Down;Z;85278
Key Up;Q;85342
Key Down;D;86342
Key Up;Z;87134
Key Up;D;87206
Key Down;Q;87934
Key Down;S;88262
Key Up;Q;88406
Key Up;S;88462
Key Down;A;88742
Key Up;A;88814
Key Down;S;89662
Key Up;S;89887
Key Down;S;91023
Key Up;S;91054
Key Down;Q;91070
Key Down;S;91078
Key Up;S;91102
Key Down;S;91134
Key Up;Q;91319
Key Up;S;91526
Key Down;A;91798
Key Up;A;91895
Key Down;Z;92830
Key Down;D;92838
Key Up;Z;93254
Key Up;D;93422
Key Down;A;96063
Key Up;A;96175
Key Down;D;98390
Key Down;Z;98447
Key Up;D;98606
Key Down;Q;99134
Key Up;Z;99302
Key Down;Z;99742
Key Up;Q;99774
Key Up;Z;101175
Key Down;D;101262
Key Down;Z;101439
Key Up;Z;101806
Key Up;D;101862
Key Down;S;102662
Key Down;Q;102742
Key Up;Q;103079
Key Down;D;103214
Key Up;S;103279
Key Down;Z;105086
Key Up;D;105406
Key Up;Z;106182
Key Down;Z;106518
Key Up;Z;106774
Key Down;Z;108959
Key Down;Q;109598
Key Up;Q;109614
Key Down;D;110222
Key Up;D;110534
Key Down;Q;110790
Key Up;Z;111215
Key Down;S;111678
Key Up;S;112271
Key Down;Z;112718
Key Up;Q;112966
Key Up;Z;113175
Key Down;Q;114038
Key Up;Q;114415
Key Down;A;114558
Key Up;A;114678
Key Down;Q;116142
Key Up;Q;116310
Key Down;Q;117023
Key Up;Q;117222
Key Down;Q;117438
Key Down;Z;117679
Key Up;Q;117782
Key Down;A;118318
Key Up;A;118430
Key Down;D;118606
Key Up;D;119046
Key Up;Z;119110
Key Down;D;121574
Key Down;Z;122182
Key Up;D;122230
Key Down;Q;122470
Key Up;Z;122542
Key Up;Q;123486
Key Down;S;123494
Key Up;S;125142
Key Down;S;125462
Key Down;Q;125790
Key Up;Q;125870
Key Up;S;125879
Key Down;S;126854
Key Down;D;127534
Key Down;A;127766
Key Up;A;127854
Key Up;S;128006
Key Up;D;131014
Key Down;Q;131143
Key Up;Q;131318
Key Down;Q;132118
Key Up;Q;132438
Key Down;D;133958
Key Down;Z;134046
Key Up;D;134110
Key Up;Z;134302
Key Down;A;134406
Key Up;A;134510
Key Down;Q;134790
Key Up;Q;135374
Key Down;Z;136070
Key Down;Q;136430
Key Up;Q;136854
Key Down;D;137862
Key Up;D;137950
Key Down;A;138118
Key Up;A;138222
Key Up;Z;139134
Key Down;A;140966
Key Up;A;141062
Key Down;Z;141702
Key Down;D;141766
Key Up;D;141870
Key Up;Z;142134
Key Down;S;142494
Key Up;S;142574
Key Down;E;142662
Key Up;E;142750
Key Down;Z;142942
Key Down;D;143302
Key Up;Z;143422
Key Up;D;144278
Key Down;Q;144526
Key Down;S;145342
Key Up;Q;145438
Key Down;A;145758
Key Up;A;145910
Key Down;Q;146134
Key Up;Q;146358
Key Down;Q;147278
Key Up;Q;147678
Key Down;Q;147774
Key Up;S;148062
Key Down;Z;148310
Key Up;Z;148662
Key Down;Z;149262
Key Up;Q;149350
Key Down;A;149566
Key Up;A;149710
Key Up;Z;150950
Key Down;Z;151215
Key Up;Z;151838
Key Down;D;152238
Key Down;Z;152350
Key Up;D;152550
Key Up;Z;152966
Key Down;S;153214
Key Down;Q;153310
Key Up;S;153790
Key Down;Z;154382
Key Up;Z;154614
Key Down;Z;155214
Key Up;Q;155350
Key Up;Z;155438
Key Down;S;156270
Key Up;S;156438
Key Down;A;156558
Key Up;A;156678
Key Down;Z;156846
Key Down;Q;157126
Key Up;Z;157518
Key Down;S;158006
Key Up;Q;158150
Key Down;Q;158806
Key Up;Q;159078
Key Up;S;159238
Key Down;Q;159254
Key Down;Z;159422
Key Up;Q;159534
Key Down;Q;159766
Key Up;Q;159902
Key Up;Z;160374
Key Down;S;160782
Key Down;D;161462
Key Up;D;161654
Key Up;S;161742
Key Down;Z;161894
Key Down;D;163006
Key Up;D;163318
Key Down;A;163366
Key Up;Z;163446
Key Up;A;163462
Key Down;S;164478
Key Down;Q;165486
Key Up;S;165750
Key Down;Z;165942
Key Up;Q;166014
Key Down;D;166654
Key Up;D;167294
Key Down;Q;167382
Key Up;Z;167429
Key Down;S;167630
Key Up;Q;168278
Key Down;D;168414
Key Up;S;168422
Key Up;D;168702
Key Down;Z;168926
Key Down;Q;169070
Key Up;Q;169350
Key Down;D;169438
Key Up;D;169854
Key Down;D;170174
Key Up;Z;170422
Key Up;D;170566
Key Down;S;170662
Key Down;E;170798
Key Up;E;170902
Key Down;Q;171022
Key Up;Q;171326
Key Down;D;171494
Key Up;S;171798
Key Up;D;171814
Key Down;Q;172670
Key Down;Z;172798
Key Up;Q;172894
Key Up;Z;172934
Key Down;D;172950
Key Up;D;173078
Key Down;Q;173342
Key Up;Q;173454
Key Down;D;173582
Key Up;D;173734
Key Down;E;174054
Key Up;E;174126
Key Down;Q;174198
Key Down;S;174334
Key Up;Q;174406
Key Down;D;174414
Key Up;S;174502
Key Down;Z;175285
Key Up;D;175326
Key Down;Q;175430
Key Up;Z;175454
Key Up;Q;175550
Key Down;Z;175838
Key Down;Q;175934
Key Up;Z;175958
Key Up;Q;176014
Key Down;Z;176206
Key Down;E;176446
Key Up;Z;176478
Key Up;E;176558
Key Down;S;176742
Key Down;A;177518
Key Up;A;177654
Key Down;D;177678
Key Up;D;178574
Key Down;D;179206
Key Up;D;179326
Key Down;D;180198
Key Up;D;180982
Key Down;A;181613
Key Up;A;181766
Key Down;D;182070
Key Up;D;182166
Key Down;Q;182342
Key Up;Q;182446
Key Down;Q;182725
Key Up;S;182766
Key Up;Q;184134
Key Down;Z;187838
Key Down;Q;188110
Key Up;Q;188254
Key Up;Z;188302
Key Down;Z;188846
Key Down;D;188862
Key Up;D;188910
Key Down;Q;189254
Key Up;Z;189702
Key Down;S;192542
Key Up;Q;192966
Key Down;A;193166
Key Up;A;193294
Key Up;S;193614
Key Down;Z;197758
Key Down;D;198006
Key Up;Z;198230
Key Down;A;198806
Key Up;D;198846
Key Up;A;198926
Key Down;D;199782
Key Down;Z;199830
Key Up;D;200269
Key Up;Z;201366
Key Down;Tab;203078
Key Up;Tab;206694
Key Down;S;208670
Key Up;S;208710
Key Down;S;209054
Key Down;D;209798
Key Up;D;209918
Key Up;S;211126
Key Down;Tab;211134
Key Up;Tab;212222
Key Down;Z;213030
Key Down;Q;213662
Key Up;Q;214814
Key Up;Z;214958
Key Down;E;215446
Key Up;E;215565
Key Down;S;215902
Key Down;Tab;216373
Key Up;S;216414
Key Up;Tab;218149
Key Down;Z;218694
Key Up;Z;220133
Key Down;E;220262
Key Up;E;220366
Key Down;E;229918
Key Up;E;230078
Key Down;S;230510
Key Down;D;231214
Key Up;D;231350
Key Down;Q;232390
Key Up;Q;232494
Key Down;D;232710
Key Up;D;232790
Key Up;S;232902
Key Down;A;233053
Key Up;A;233182
Key Down;S;233398
Key Up;S;233973
Key Down;Tab;234158
Key Up;Tab;235966
Key Down;S;237046
Key Down;D;237798
Key Up;D;238302
Key Down;D;239286
Key Up;S;239342
Key Down;Z;239646
Key Up;Z;239742
Key Up;D;240822
Key Down;D;241285
Key Down;S;241574
Key Up;S;241838
Key Down;S;242150
Key Up;D;242190
Key Down;Q;242222
Key Up;S;242285
Key Up;Q;243038
Key Down;Z;243046
Key Down;D;243950
Key Up;Z;244942
Key Down;S;245485
Key Up;D;246382
Key Up;S;246526
Key Down;Z;246758
Key Down;Q;247142
Key Up;Z;247469
Key Up;Q;247734
Key Down;S;248085
Key Up;S;248278
Key Down;S;248949
Key Down;Q;249326
Key Up;S;249638
Key Up;Q;251070
Key Down;D;251462
Key Down;A;252150
Key Up;A;252294
Key Up;D;252918
Key Down;A;253278
Key Up;A;253453
Key Down;D;254909
Key Down;S;255630
Key Up;S;255677
Key Up;D;256630
Key Down;Tab;258061
Key Up;Tab;260646
Key Down;Z;261510
Key Down;Q;262230
Key Up;Z;262366
Key Down;Z;262982
Key Up;Q;263661
Key Up;Z;265982
Key Down;Z;266494
Key Down;Q;266502
Key Up;Q;266518
Key Up;Z;266758
Key Down;E;266766
Key Up;E;266846
Key Down;S;267046
Key Down;D;267206
Key Up;S;267309
Key Up;D;267365
Key Down;Z;267461
Key Up;Z;267614
Key Down;E;267749
Key Up;E;267790
Key Down;S;267918
Key Down;Q;268230
Key Up;Q;268309
Key Down;Tab;268622
Key Up;S;268757
Key Up;Tab;270045
Key Down;D;271214
Key Up;D;271686
Key Down;D;273333
Key Down;S;273430
Key Up;S;273581
Key Down;Z;273974
Key Up;Z;274133
Key Up;D;275238
Key Down;D;287821
Key Down;Z;288126
Key Up;Z;288293
Key Up;D;288542
Key Down;Q;288558
Key Down;S;288765
Key Up;Q;288982
Key Down;Q;289341
Key Up;Q;289446
Key Up;S;289749
Key Down;D;289830
Key Down;S;289877
Key Up;S;290934
Key Down;Z;291110
Key Up;Z;291485
Key Down;S;291614
Key Up;S;292269
Key Down;Z;293894
Key Up;Z;294437
Key Down;Z;294614
Key Up;D;295557
Key Down;Q;295670
Key Up;Z;295782
Key Up;Q;295949
Key Down;S;296677
Key Down;Q;296853
Key Up;Q;297430
Key Down;Q;297486
Key Up;Q;297709
Key Down;Q;297798
Key Up;S;297982
Key Down;Z;298117
Key Up;Q;298126
Key Down;D;298198
Key Up;D;299181
Key Down;Q;300790
Key Up;Z;301565
Key Down;S;302958
Key Up;Q;303774
Key Up;S;303990
Key Down;Q;304566
Key Down;S;304614
Key Up;Q;305245
Key Down;D;306054
Key Up;S;306749
Key Up;D;306973
Key Down;Q;307213
Key Down;Z;307245
Key Up;Q;307485
Key Down;Q;307717
Key Up;Q;307949
Key Up;Z;308285
Key Down;S;308566
Key Down;Q;308574
Key Up;Q;308774
Key Up;S;309014
Key Down;S;309085
Key Up;S;309158
Key Down;Q;309165
Key Up;Q;309214
Key Down;S;309757
Key Down;Q;309901
Key Up;S;309965
Key Up;Q;310174
Key Down;D;310238
Key Down;S;310309
Key Up;S;311053
Key Down;Z;311277
Key Up;D;311334
Key Down;Q;311494
Key Up;Q;311974
Key Up;Z;312061
Key Down;Q;313126
Key Up;Q;313286
Key Down;Q;313717
Key Up;Q;314078
Key Down;Q;315710
Key Down;Z;315773
Key Up;Z;315894
Key Up;Q;316173
Key Down;Q;316405
Key Down;Z;316438
Key Up;Q;316501
Key Up;Z;316597
Key Down;Z;321846
Key Down;D;322278
Key Up;Z;322669
Key Down;Z;323702
Key Up;D;323830
Key Down;Q;324118
Key Up;Z;324349
Key Down;S;324517
Key Up;Q;324734
Key Up;S;324869
Key Down;E;324933
Key Up;E;325006
Key Down;S;325438
Key Down;D;325501
Key Up;S;325590
Key Down;Z;325734
Key Up;D;325773
Key Up;Z;325918
Key Down;E;334981
Key Up;E;335157
Key Down;Q;335358
Key Up;Q;335902
Key Down;Tab;336126
Key Up;Tab;340390
Key Down;Q;341125
Key Down;Z;341221
Key Up;Z;342717
Key Up;Q;343222
Key Down;D;343326
Key Down;Z;343430
Key Up;D;343462
Key Down;Q;343805
Key Up;Q;343957
Key Down;A;344317
Key Up;A;344485
Key Up;Z;346325
Key Down;Z;354717
Key Up;Z;355078
Key Down;Q;355294
Key Down;Z;355446
Key Up;Q;356101
Key Up;Z;357413
Key Down;Z;358877
Key Up;Z;359717
Key Down;D;360918
Key Down;S;361598
Key Up;S;361733
Key Down;Z;362598
Key Up;Z;363365
Key Up;D;363373
Key Down;Q;363446
Key Up;Q;363582
Key Down;D;363614
Key Up;D;363669
Key Down;S;363742
Key Down;Q;363909
Key Up;S;365150
Key Down;D;365453
Key Up;Q;365485
Key Down;Z;365837
Key Up;D;366501
Key Up;Z;366646
Key Down;Q;366678
Key Down;S;366926
Key Up;S;367590
Key Down;Z;368165
Key Up;Q;368870
Key Down;D;369133
Key Down;A;369317
Key Up;D;369349
Key Down;D;369382
Key Up;A;369414
Key Up;Z;369846
Key Down;Z;370021
Key Up;D;370141
Key Down;Q;370709
Key Up;Q;370830
Key Down;D;370909
Key Up;D;371054
Key Down;Q;371493
Key Up;Z;371558
Key Down;Z;371917
Key Up;Q;371998
Key Up;Z;372078
Key Down;Q;372606
Key Up;Q;373221
Key Down;A;373365
Key Up;A;373478
Key Down;Q;374646
Key Down;Z;374686
Key Up;Z;374837
Key Up;Q;374845
Key Down;Q;375926
Key Down;Z;375965
Key Up;Q;376117
Key Down;D;376445
Key Up;Z;377117
Key Up;D;377293
Key Down;D;377645
Key Up;D;377765
Key Down;Q;378381
Key Down;S;378726
Key Up;Q;379389
Key Up;S;379589
Key Down;Z;379909
Key Down;D;380206
Key Up;D;380453
Key Up;Z;380485
Key Down;Q;380549
Key Up;Q;380589
Key Down;D;380982
Key Down;Z;381069
Key Up;Z;381278
Key Up;D;381533
Key Down;D;382110
Key Up;D;382461
Key Down;Q;382917
Key Down;S;383221
Key Up;Q;383998
Key Up;S;384317
Key Down;D;384549
Key Down;Z;384613
Key Up;D;385102
Key Up;Z;385205
Key Down;Z;385637
Key Down;D;385782
Key Up;Z;385894
Key Up;D;385934
Key Down;D;387149
Key Down;A;388069
Key Up;A;388182
Key Down;S;388389
Key Up;D;388470
Key Up;S;389253
Key Down;Q;389301
Key Up;Q;389758
Key Down;Z;390893
Key Down;D;391198
Key Down;A;391494
Key Up;Z;391605
Key Up;A;391613
Key Down;Z;391853
Key Up;Z;392005
Key Up;D;392942
Key Down;Z;395253
Key Down;A;395501
Key Up;A;395621
Key Up;Z;395838
Key Down;S;396046
Key Up;S;396853
Key Down;Z;397246
Key Up;Z;397654
Key Down;D;398054
Key Down;S;398933
Key Up;D;399101
Key Down;A;399181
Key Up;A;399317
Key Down;D;399365
Key Up;S;399413
Key Down;Z;399597
Key Up;Z;399853
Key Up;D;400677
Key Down;Z;401053
Key Down;D;401061
Key Up;D;401197
Key Down;D;401781
Key Up;Z;402309
Key Up;D;402470
Key Down;Q;403509
Key Down;S;403581
Key Up;S;403709
Key Up;Q;403949
Key Down;D;408982
Key Down;Z;410373
Key Up;Z;410949
Key Up;D;410997
Key Down;Q;411653
Key Down;S;411734
Key Up;S;412126
Key Up;Q;412181
Key Down;Q;412733
Key Up;Q;412837
Key Down;A;414389
Key Down;D;414454
Key Up;A;414534
Key Up;D;414909
Key Down;Q;414949
Key Up;Q;415085
Key Down;D;415221
Key Down;S;416141
Key Up;D;416389
Key Down;Q;416798
Key Up;S;417045
Key Up;Q;418141
Key Down;D;418221
Key Down;Z;419013
Key Up;D;419597
Key Down;D;419949
Key Up;D;420117
Key Down;Q;420317
Key Up;Q;420485
Key Down;A;420645
Key Up;A;420710
Key Up;Z;420782
Key Down;Q;420885
Key Down;S;421653
Key Up;S;421981
Key Down;S;423061
Key Up;Q;423237
Key Down;A;423557
Key Up;A;423701
Key Down;D;423877
Key Up;D;423965
Key Down;Q;425613
Key Up;Q;428030
Key Down;D;428414
Key Up;S;429317
Key Down;Z;432134
Key Up;D;433045
Key Down;Q;433773
Key Up;Q;434069
Key Down;D;434085
Key Up;D;434477
Key Down;Q;435389
Key Up;Z;435941
Key Down;S;439501
Key Up;Q;442861
Key Down;D;442949
Key Up;S;443533
Key Down;S;446205
Key Up;S;446365
Key Down;Z;447309
Key Up;D;447453
Key Down;NumPad Add;447557
Key Up;NumPad Add;447597
Key Down;D;447869
Key Up;D;448149
Key Down;D;448469
Key Up;D;448645
Key Up;Z;448933
Key Down;Z;449461
Key Up;Z;449565
Key Down;Q;449573
Key Up;Q;449669
Key Down;Z;450493
Key Down;D;450693
Key Up;D;450933
Key Down;Q;451477
Key Up;Z;451909
Key Down;Z;452541
Key Up;Z;452805
Key Down;Z;454269
Key Up;Q;454373
Key Up;Z;454485
Key Down;Q;454981
Key Down;S;455237
Key Up;S;455341
Key Down;S;456061
Key Up;Q;456677
Key Down;Q;457061
Key Up;Q;457189
Key Up;S;457805
Key Down;D;458261
Key Up;D;458349
Key Down;Z;459157
Key Down;D;459301
Key Up;D;459509
Key Down;Q;459741
Key Up;Q;459949
Key Down;Q;460237
Key Up;Q;460325
Key Down;D;460421
Key Up;Z;460813
Key Down;S;461005
Key Up;D;461037
Key Down;D;461245
Key Down;A;461389
Key Up;A;461533
Key Up;S;461541
Key Down;S;461869
Key Up;D;461981
Key Down;D;462309
Key Up;S;462741
Key Up;D;463285
Key Down;Q;463461
Key Up;Q;463509
Key Down;Z;463645
Key Down;D;463709
Key Up;D;464133
Key Down;D;464573
Key Up;Z;464669
Key Down;A;465021
Key Up;A;465149
Key Down;Z;466717
Key Up;D;467405
Key Down;Q;467773
Key Up;Z;467805
Key Down;Z;467973
Key Up;Q;468005
Key Up;Z;468141
Key Down;D;472757
Key Up;D;473157
Key Down;S;473565
Key Down;D;474429
Key Up;S;474588
Key Down;A;475021
Key Up;A;475141
Key Down;Z;475309
Key Up;Z;475501
Key Down;S;476317
Key Up;S;476413
Key Down;Z;476773
Key Up;D;477109
Key Up;Z;477741
Key Down;Z;478101
Key Down;D;478397
Key Up;D;478853
Key Up;Z;478861
Key Down;Q;478869
Key Down;Z;479269
Key Up;Z;479364
Key Up;Q;479517
Key Down;S;479541
Key Down;D;479669
Key Up;S;480461
Key Down;Z;481101
Key Up;D;481149
Key Up;Z;481301
Key Down;D;481309
Key Down;S;481461
Key Up;S;481629
Key Down;Z;481957
Key Up;Z;482381
Key Down;Z;483701
Key Up;Z;483997
Key Down;Z;484261
Key Up;D;484573
Key Down;Q;484613
Key Up;Q;484789
Key Down;D;484956
Key Up;D;485749
Key Down;A;485981
Key Up;A;486093
Key Down;Q;486325
Key Up;Z;487621
Key Down;Z;487837
Key Up;Z;488004
Key Down;Z;488397
Key Up;Z;488597
Key Down;S;489165
Key Up;S;489261
Key Down;S;490373
Key Up;Q;491133
Key Up;S;491237
Key Down;Z;491445
Key Up;Z;491597
Key Down;Q;491605
Key Down;S;491765
Key Up;Q;491821
Key Down;D;493045
Key Up;S;493941
Key Down;S;494269
Key Up;S;494517
Key Down;Z;496829
Key Up;D;497661
Key Down;Q;498477
Key Up;Z;499581
Key Down;Z;499773
Key Up;Q;500045
Key Down;Q;500245
Key Up;Z;500316
Key Down;S;502477
Key Up;Q;503309
Key Up;S;503461
Key Down;S;505661
Key Up;S;506413
Key Down;S;506893
Key Up;S;507413
Key Down;D;508637
Key Down;S;508685
Key Up;S;508829
Key Up;D;509157
Key Down;S;509405
Key Down;D;509469
Key Up;S;510453
Key Up;D;510813
Key Down;D;511436
Key Up;D;512117
Key Down;D;512893
Key Up;D;514013
Key Down;A;514525
Key Up;A;514629
Key Down;Z;515029
Key Down;Q;515189
Key Up;Q;515341
Key Up;Z;515397
Key Down;Z;515477
Key Down;Q;515637
Key Up;Q;515765
Key Down;Q;515901
Key Up;Z;516349
Key Up;Q;516484
Key Down;Q;517045
Key Down;Z;517141
Key Up;Z;517685
Key Down;Z;518005
Key Up;Q;518293
Key Down;A;518461
Key Up;A;518541
Key Up;Z;518605
Key Down;Q;518701
Key Down;S;518957
Key Up;S;519149
Key Down;Z;519828
Key Up;Q;519885
Key Up;Z;520885
Key Down;Q;521436
Key Up;Q;521629
Key Down;D;522237
Key Up;D;522572
Key Down;Q;523237
Key Up;Q;523821
Key Down;A;524189
Key Up;A;524277
Key Down;D;524285
Key Up;D;524805
Key Down;Q;525757
Key Up;Q;526253
Key Down;D;527028
Key Up;D;527469
Key Down;A;527869
Key Up;A;527981
Key Down;Q;528581
Key Up;Q;528677
Key Down;Z;529413
Key Up;Z;530293
Key Down;Q;530493
Key Down;S;530757
Key Up;Q;530916
Key Up;S;530956
Key Down;Q;531180
Key Up;Q;531276
Key Down;D;531757
Key Down;Z;531949
Key Down;A;532005
Key Up;D;532013
Key Up;A;532125
Key Up;Z;532261
Key Down;D;532829
Key Up;D;532893
Key Down;Z;534237
Key Down;D;534269
Key Up;D;534373
Key Down;D;534772
Key Up;D;535221
Key Up;Z;535293
Key Down;Z;535589
Key Down;Q;536148
Key Up;Z;536373
Key Down;Z;536877
Key Up;Q;536925
Key Down;A;537109
Key Up;A;537237
Key Down;D;537349
Key Up;Z;538397
Key Down;Q;539061
Key Down;Z;539165
Key Up;Z;539677
Key Up;Q;540005
Key Down;A;540164
Key Up;A;540276
Key Down;Q;540476
Key Down;S;541749
Key Up;Q;541773
Key Up;S;542549
Key Down;S;542932
Key Down;Q;543173
Key Up;S;543556
Key Down;Z;547237
Key Up;Z;547341
Key Up;Q;547716
Key Down;Q;548157
Key Down;S;548661
Key Up;Q;548965
Key Up;S;549477
Key Up;D;549597
Key Down;S;549716
Key Down;D;549877
Key Up;S;549941
Key Up;D;550036
Key Down;A;550117
Key Up;A;550221
Key Down;D;550285
Key Down;S;550421
Key Up;D;550429
Key Down;Q;550821
Key Up;Q;551517
Key Down;D;551893
Key Up;D;552117
Key Down;D;552597
Key Up;D;553085
Key Down;D;553317
Key Up;D;553700
Key Down;D;554069
Key Up;S;554172
Key Down;S;554797
Key Up;S;554997
Key Down;A;555045
Key Up;A;555125
Key Down;Z;555308
Key Up;D;555629
Key Down;D;555772
Key Up;Z;556173
Key Down;Z;556253
Key Up;D;556277
Key Down;D;556509
Key Up;Z;556613
Key Down;Z;557421
Key Up;Z;557629
Key Up;D;557732
Key Down;D;558485
Key Up;D;558605
Key Down;D;558981
Key Down;Z;560716
Key Up;D;561165
Key Down;Q;561381
Key Up;Q;561461
Key Down;D;561565
Key Up;D;561781
Key Down;Q;561893
Key Up;Z;562509
Key Up;Q;562852
Key Down;Z;563108
Key Up;Z;563349
Key Down;D;563356
Key Down;S;563781
Key Up;D;563900
Key Down;D;564229
Key Up;D;565037
Key Down;Q;566093
Key Up;Q;566845
Key Up;S;566941
Key Down;Q;567396
Key Down;S;567469
Key Up;Q;567549
Key Up;S;567613
Key Down;S;568765
Key Down;Q;568789
Key Up;Q;568988
Key Up;S;569220
Key Down;Q;569548
Key Up;Q;569709
Key Down;A;571445
Key Up;A;571557
Key Down;Z;571925
Key Down;Q;572004
Key Up;Z;572220
Key Down;Z;575829
Key Up;Q;575901
Key Down;A;576164
Key Up;A;576261
Key Up;Z;576300
Key Down;Z;576949
Key Down;D;577653
Key Up;D;577932
Key Up;Z;577965
Key Down;Q;578293
Key Down;S;578413
Key Up;Q;579005
Key Down;D;579492
Key Up;S;579580
Key Up;D;579644
Key Down;A;579652
Key Up;A;579765
Key Down;Z;579988
Key Up;Z;580068
Key Down;D;580077
Key Down;S;580261
Key Up;S;580853
Key Up;D;581180
Key Down;S;581485
Key Down;Q;581525
Key Up;S;581629
Key Down;Z;582052
Key Up;Q;582133
Key Down;A;582277
Key Up;A;582388
Key Down;Q;582652
Key Up;Q;582820
Key Down;Q;584605
Key Up;Q;585301
Key Up;Z;585692
Key Down;Z;588173
Key Down;D;588733
Key Up;Z;589036
Key Up;D;589093
Key Down;Z;589828
Key Down;D;590012
Key Down;A;590205
Key Up;A;590325
Key Up;Z;590437
Key Up;D;590860
Key Down;Z;593653
Key Down;D;593740
Key Up;Z;594093
Key Up;D;594348
Key Down;Q;595957
Key Down;Z;596061
Key Up;Z;596181
Key Down;S;596516
Key Up;Q;596532
Key Up;S;596685
Key Down;A;596764
Key Up;A;596853
Key Down;D;598093
Key Down;Z;598293
Key Up;Z;598436
Key Up;D;598445
Key Down;Q;600308
Key Down;S;600700
Key Up;Q;600708
Key Up;S;600941
Key Down;A;601061
Key Up;A;601149
Key Down;Z;601293
Key Down;D;601436
Key Up;Z;601677
Key Up;D;601797
Key Down;A;603725
Key Up;A;603836
Key Down;Q;603988
Key Down;S;604181
Key Up;Q;604341
Key Down;D;604460
Key Up;S;604533
Key Up;D;604621
Key Down;Z;607525
Key Down;D;607620
Key Up;Z;607804
Key Down;S;609204
Key Up;D;609493
Key Down;Q;610629
Key Up;S;610732
Key Down;S;611253
Key Up;S;611597
Key Up;Q;611829
Key Down;Z;612773
Key Down;Q;613101
Key Up;Q;613477
Key Down;Q;614061
Key Up;Z;614605
Key Down;Z;615276
Key Up;Q;615509
Key Up;Z;615605
Key Down;A;615653
Key Up;A;615773
Key Down;Q;615909
Key Up;Q;616533
Key Down;Q;616804
Key Up;Q;617308
Key Down;Z;618156
Key Up;Z;618940
Key Down;Q;620245
Key Down;Z;620252
Key Up;Z;620516
Key Up;Q;620524
Key Down;Q;620717
Key Up;Q;620917
Key Down;Q;621468
Key Up;Q;621541
Key Down;D;625029
Key Down;S;625604
Key Up;S;626045
Key Down;S;627901
Key Up;D;628117
Key Down;A;628597
Key Up;A;628765
Key Down;Q;629044
Key Up;S;629196
Key Down;S;629877
Key Up;Q;629940
Key Down;Q;630525
Key Up;Q;630669
Key Down;Q;632156
Key Up;S;632252
Key Up;Q;633373
Key Down;Z;633852
Key Up;Z;634044
Key Down;S;634597
Key Down;Q;634965
Key Up;Q;635316
Key Up;S;635444
Key Down;Z;635660
Key Down;Q;635773
Key Up;Z;635845
Key Down;S;636077
Key Up;Q;636572
Key Up;S;636597
Key Down;Q;637148
Key Up;Q;637269
Key Down;Q;637581
Key Up;Q;637732
Key Down;Q;638021
Key Down;Z;638236
Key Up;Q;638524
Key Up;Z;638645
Key Down;S;638988
Key Down;Q;639045
Key Up;S;639085
Key Down;S;639429
Key Up;S;639517
Key Down;Z;639645
Key Up;Q;639733
Key Down;Q;639909
Key Up;Q;640061
Key Up;Z;640292
Key Down;A;640581
Key Up;A;640668
Key Down;Q;641013
Key Down;S;641172
Key Up;S;641197
Key Up;Q;641405
Key Down;Z;641477
Key Down;D;641484
Key Up;D;641892
Key Down;D;642028
Key Up;Z;642085
Key Down;A;642148
Key Up;A;642277
Key Up;D;642325
Key Down;S;643300
Key Down;D;643884
Key Up;S;644188
Key Up;D;644229
Key Down;Q;645668
Key Down;Z;645797
Key Up;Q;645988
Key Down;A;646397
Key Up;A;646541
Key Down;D;646628
Key Up;Z;646645
Key Down;S;646845
Key Up;D;646868
Key Down;D;646925
Key Up;D;646989
Key Up;S;647301
Key Down;Z;648197
Key Down;A;648293
Key Up;Z;648308
Key Up;A;648404
Key Down;Q;649180
Key Down;Z;649404
Key Up;Z;649669
Key Down;Z;650100
Key Up;Z;650261
Key Up;Q;650788
Key Down;A;651716
Key Up;A;651829
Key Down;Q;652100
Key Up;Q;652541
Key Down;Q;653229
Key Up;Q;653629
Key Down;A;653772
Key Up;A;653861
Key Down;Q;654084
Key Up;Q;655756
Key Down;Z;656556
Key Down;Q;656765
Key Up;Z;657276
Key Down;S;657844
Key Up;S;658013
Key Down;S;658988
Key Up;S;659356
Key Up;Q;659525
Key Down;D;659732
Key Down;S;659829
Key Up;S;659916
Key Down;Z;660741
Key Up;Z;660964
Key Down;Z;661388
Key Up;Z;661597
Key Up;D;661909
Key Down;D;663332
Key Down;A;663708
Key Up;D;663732
Key Up;A;663813
Key Down;Q;664229
Key Up;Q;664468
Key Down;S;664988
Key Down;Q;664996
Key Up;Q;665141
Key Up;S;665485
Key Down;Z;666180
Key Down;D;666397
Key Up;D;666549
Key Up;Z;666572
Key Down;S;667045
Key Up;S;667412
Key Down;Z;667893
Key Up;Z;668100
Key Down;Q;670365
Key Down;E;670572
Key Up;Q;670613
Key Up;E;670693
Key Down;D;671068
Key Down;A;671420
Key Up;D;671508
Key Up;A;671564
Key Down;Z;671732
Key Down;Q;671877
Key Up;Q;672013
Key Up;Z;672124
Key Down;Z;672420
Key Down;Q;672677
Key Up;Z;673173
Key Down;Z;673756
Key Up;Q;673901
Key Down;Q;674429
Key Up;Q;674516
Key Down;Q;674644
Key Up;Z;674749
Key Down;Z;674973
Key Up;Z;675293
Key Down;Z;675797
Key Up;Q;676188
Key Up;Z;676429
Key Down;Q;676637
Key Down;S;677268
Key Up;Q;677604
Key Up;S;677708
Key Down;S;678061
Key Up;S;678300
Key Down;Z;678484
Key Down;D;678492
Key Up;Z;679740
Key Down;S;680181
Key Up;S;680381
Key Down;S;680685
Key Up;D;680917
Key Down;Q;681916
Key Up;S;683004
Key Down;S;683413
Key Up;Q;683813
Key Down;A;683956
Key Up;S;683964
Key Up;A;684045
Key Down;D;684356
Key Down;Z;684572
Key Up;D;684644
Key Down;E;684780
Key Up;Z;684829
Key Up;E;684868
Key Down;D;685452
Key Up;D;685628
Key Down;A;685765
Key Up;A;685805
Key Down;D;686172
Key Down;Z;686276
Key Up;D;686685
Key Down;D;687268
Key Up;D;687909
Key Up;Z;687925
Key Down;Q;688548
Key Down;Z;688565
Key Up;Z;688804
Key Down;S;689068
Key Up;Q;689077
Key Down;A;689244
Key Up;A;689348
Key Down;D;689404
Key Up;S;689428
Key Down;Z;689580
Key Up;D;689652
Key Down;D;689860
Key Up;D;689948
Key Down;Q;689980
Key Up;Z;689997
Key Up;Q;690148
Key Down;Q;690300
Key Down;Z;690412
Key Up;Z;690597
Key Down;Z;691308
Key Up;Z;692132
Key Down;S;692372
Key Up;Q;692812
Key Up;S;693293
Key Down;D;693332
Key Down;A;693396
Key Up;D;693413
Key Up;A;693508
Key Down;D;693532
Key Down;Z;694740
Key Up;Z;694948
Key Down;Z;696221
Key Up;Z;696509
Key Down;S;696868
Key Up;D;697157
Key Down;A;697388
Key Up;A;697492
Key Up;S;698132
Key Down;Z;698565
Key Down;D;699157
Key Up;D;699500
Key Down;Q;699660
Key Up;Z;700132
Key Down;S;700700
Key Up;S;701437
Key Down;S;702004
Key Up;Q;702389
Key Down;D;702677
Key Up;D;702972
Key Down;Q;703052
Key Up;Q;703268
Key Up;S;703493
Key Down;S;704037
Key Down;Q;704156
Key Up;Q;704404
Key Down;D;704604
Key Up;S;704717
Key Up;D;704781
Key Down;S;705492
Key Down;D;705828
Key Up;S;705949
Key Up;D;707100
Key Down;S;707356
Key Down;Q;707412
Key Up;Q;707461
Key Up;S;707541
Key Down;D;707549
Key Up;D;707604
Key Down;Z;707820
Key Down;Q;707940
Key Up;Z;708013
Key Up;Q;708724
Key Down;D;708780
Key Down;S;709293
Key Up;S;709437
Key Down;Z;709845
Key Up;D;709901
Key Down;A;710076
Key Up;A;710197
Key Up;Z;710300
Key Down;Q;710748
Key Down;Z;710909
Key Up;Z;712093
Key Up;Q;712108
Key Down;D;712220
Key Down;S;712356
Key Up;D;712756
Key Down;Q;714252
Key Up;S;714292
Key Down;S;715253
Key Up;Q;715332
Key Down;A;715500
Key Up;A;715596
Key Up;S;715748
Key Down;Q;715757
Key Down;Z;715924
Key Up;Z;716228
Key Up;Q;717133
Key Down;Z;717404
Key Down;Q;718092
Key Up;Q;718541
Key Up;Z;718572
Key Down;Z;718996
Key Down;Q;719245
Key Up;Z;719988
Key Down;S;720221
Key Up;Q;720252
Key Down;A;720412
Key Up;A;720524
Key Down;Q;720709
Key Up;Q;721452
Key Down;Q;721756
Key Up;S;721893
Key Down;Z;722108
Key Up;Q;722116
Key Down;D;722524
Key Up;Z;723348
Key Down;A;723445
Key Up;A;723532
Key Up;D;723868
Key Down;S;724141
Key Up;S;724229
Key Down;S;726012
Key Down;D;726092
Key Up;D;726380
Key Down;D;726716
Key Up;S;727181
Key Up;D;727204
Key Down;A;729789
Key Up;A;729900
Key Down;Z;732220
Key Up;Z;732485
Key Down;Z;732892
Key Down;Q;733189
Key Up;Q;733396
Key Down;Q;733828
Key Up;Z;734020
Key Down;S;734420
Key Up;Q;734572
Key Down;A;734796
Key Up;A;734893
Key Down;Q;735084
Key Up;S;735108
Key Down;S;735756
Key Up;Q;736324
Key Up;S;737372
Key Down;S;739116
Key Up;S;739276
Key Down;Z;739612
Key Up;Z;739708
Key Down;S;740524
Key Up;S;741004
Key Down;A;741588
Key Up;A;741716
Key Down;D;742388
Key Down;S;742444
Key Up;S;742756
Key Up;D;742828
Key Down;D;743356
Key Down;S;743997
Key Down;A;744308
Key Up;A;744444
Key Up;S;744652
Key Up;D;745996
Key Down;D;746476
Key Up;D;746620
Key Down;Q;746716
Key Down;S;746988
Key Up;Q;747292
Key Down;Q;747628
Key Up;Q;747796
Key Up;S;747884
Key Down;Z;748012
Key Down;D;748100
Key Up;D;748285
Key Down;D;748772
Key Up;Z;748884
Key Down;S;749916
Key Up;S;750036
Key Down;Z;750412
Key Up;Z;750540
Key Down;S;750812
Key Up;D;751220
Key Up;S;751404
Key Down;Z;751516
Key Down;Q;751756
Key Up;Q;751908
Key Down;Q;752076
Key Up;Z;752420
Key Up;Q;752564
Key Down;D;752596
Key Up;D;752652
Key Down;D;752796
Key Down;S;752924
Key Up;D;752988
Key Up;S;753204
Key Down;A;754932
Key Up;A;755020
Key Down;Z;755164
Key Down;Q;755292
Key Up;Z;755324
Key Down;S;755620
Key Up;Q;755636
Key Down;Q;755868
Key Up;Q;756276
Key Down;Q;756444
Key Up;Q;756532
Key Up;S;757100
Key Down;Z;757860
Key Down;Q;758324
Key Up;Z;758484
Key Down;S;758996
Key Up;Q;759028
Key Up;S;759036
Key Down;A;759164
Key Up;A;759252
Key Down;D;761020
Key Down;S;761124
Key Up;D;761588
Key Up;S;762268
Key Down;Z;764988
Key Down;Q;765028
Key Up;Z;765116
Key Down;S;765356
Key Up;Q;765428
Key Down;A;766028
Key Up;A;766140
Key Down;Q;766308
Key Up;S;766356
Key Down;S;766628
Key Up;Q;766668
Key Down;Q;767852
Key Up;S;768172
Key Up;Q;769916
Key Down;Q;770524
Key Up;Q;770580
Key Down;S;770788
Key Down;Q;770940
Key Up;Q;771236
Key Up;S;771476
Key Down;S;771788
Key Down;A;771908
Key Up;S;771940
Key Up;A;771987
Key Down;Z;772156
Key Down;Q;772228
Key Up;Z;772428
Key Down;S;773036
Key Up;Q;773100
Key Down;D;773900
Key Up;S;774435
Key Down;S;775276
Key Up;D;775427
Key Down;Q;775492
Key Up;Q;775660
Key Down;D;775748
Key Up;S;775756
Key Up;D;775916
Key Down;Q;775996
Key Down;Z;776044
Key Up;Q;776076
Key Down;D;776131
Key Up;Z;776188
Key Up;D;776252
Key Down;Q;776300
Key Up;Q;776468
Key Down;D;776524
Key Down;Z;776844
Key Up;Z;777052
Key Down;S;778052
Key Up;S;778412
Key Up;D;779148
Key Down;D;779292
Key Down;Z;779412
Key Up;D;779564
Key Down;D;780204
Key Up;Z;780268
Key Down;A;780460
Key Up;D;780500
Key Up;A;780548
Key Down;D;780556
Key Up;D;780604
Key Down;Z;780692
Key Down;D;780988
Key Up;D;781164
Key Up;Z;781300
Key Down;Z;782172
Key Up;Z;782380
Key Down;D;782500
Key Down;Z;782604
Key Up;D;782884
Key Down;D;783140
Key Down;A;783172
Key Up;A;783276
Key Up;D;783524
Key Down;Q;783532
Key Up;Z;783587
Key Down;Z;784020
Key Up;Q;784148
Key Up;Z;784420
Key Down;Q;785124
Key Down;Z;785228
Key Up;Z;785860
Key Down;S;787300
Key Up;S;788131
Key Down;S;788588
Key Up;Q;789260
Key Up;S;789348
Key Down;Z;789604
Key Down;D;789652
Key Up;Z;789980
Key Down;S;790300
Key Up;D;790388
Key Up;S;790596
Key Down;A;790948
Key Up;A;791020
Key Down;Q;791148
Key Up;Q;791380
Key Down;D;791388
Key Down;Q;791484
Key Up;D;791508
Key Up;Q;791548
Key Down;D;791580
Key Up;D;792212
Key Down;Q;792284
Key Down;S;792412
Key Up;Q;793196
Key Down;Q;793548
Key Up;S;793948
Key Up;Q;794260
Key Down;D;794388
Key Up;D;794516
Key Down;S;794659
Key Up;S;794940
Key Down;Q;794964
Key Up;Q;795132
Key Down;Z;795188
Key Down;D;795340
Key Up;Z;795484
Key Down;S;795628
Key Up;D;795948
Key Down;Q;796052
Key Up;Q;796163
Key Down;D;796684
Key Up;S;796931
Key Down;Z;797123
Key Up;D;797188
Key Down;Q;797252
Key Up;Z;797396
Key Up;Q;797556
Key Down;S;797772
Key Down;Q;797780
Key Up;Q;798203
Key Up;S;798260
Key Down;A;798396
Key Up;A;798484
Key Down;Q;798636
Key Up;Q;798684
Key Down;Q;798820
Key Down;Z;798884
Key Up;Q;799012
Key Down;Q;799300
Key Up;Q;799500
Key Up;Z;799595
Key Down;A;801220
Key Up;A;801324
Key Down;D;801468
Key Down;S;802092
Key Up;S;802220
Key Up;D;802284
Key Down;S;802860
Key Down;D;803236
Key Up;D;803524
Key Up;S;803716
Key Down;Q;804452
Key Down;Z;804612
Key Up;Z;804804
Key Down;S;804996
Key Up;S;805124
Key Up;Q;805235
Key Down;Q;806140
Key Down;Z;806324
Key Up;Q;806476
Key Down;D;806620
Key Down;A;806764
Key Up;A;806876
Key Up;Z;806956
Key Down;S;807116
Key Up;D;807332
Key Down;D;807692
Key Up;S;807836
Key Up;D;807972
Key Down;S;808012
Key Down;Q;808292
Key Up;Q;808428
Key Up;S;808523
Key Down;Q;808755
Key Down;S;808796
Key Up;S;808932
Key Down;Z;809292
Key Up;Q;809644
Key Down;D;809820
Key Up;D;809908
Key Up;Z;810036
Key Down;Z;811339
Key Down;D;811852
Key Up;Z;811948
Key Up;D;812004
Key Down;Q;812107
Key Down;S;812124
Key Up;S;812492
Key Down;S;812740
Key Up;Q;812764
Key Down;D;812860
Key Up;S;812883
Key Down;Z;813043
Key Up;D;813068
Key Up;Z;813420
Key Down;Q;813868
Key Down;Z;813915
Key Up;Z;814028
Key Up;Q;814092
Key Down;Z;814204
Key Down;D;814516
Key Up;Z;814828
Key Down;A;814852
Key Up;D;814892
Key Up;A;814924
Key Down;S;815124
Key Up;S;815852
Key Down;Z;816804
Key Down;D;817012
Key Down;A;817235
Key Up;D;817276
Key Down;D;817308
Key Up;A;817316
Key Up;Z;817372
Key Up;D;817444
Key Down;Q;817580
Key Down;S;817756
Key Up;Q;817940
Key Up;S;818732
Key Down;A;820212
Key Up;A;820324
Key Down;Z;822684
Key Down;D;822892
Key Up;Z;822956
Key Up;D;823131
Key Down;D;824756
Key Up;D;824884
Key Down;Z;824964
Key Down;D;825619
Key Up;Z;825812
Key Down;S;826220
Key Up;S;826572
Key Down;S;827524
Key Up;S;828884
Key Down;Tab;829132
Key Up;D;829164
Key Up;Tab;832684
Key Down;Z;833076
Key Down;Q;833612
Key Up;Q;834932
Key Down;Q;835251
Key Up;Z;835852
Key Up;Q;838196
Key Down;Z;838532
Key Down;Q;838644
Key Up;Z;838660
Key Up;Q;838755
Key Down;Q;839163
Key Up;Q;839228
Key Down;Espace;855379
Key Up;Espace;855588
Key Down;S;866443
Key Down;D;866548
Key Up;S;867164
Key Down;Z;867980
Key Up;Z;868116
Key Down;A;868540
Key Up;A;868668
Key Down;Z;869028
Key Up;D;869316
Key Up;Z;869380
Key Down;Q;869459
Key Up;Q;869651
Key Down;Q;870196
Key Up;Q;870235
Key Down;Z;870315
Key Down;D;871788
Key Up;Z;872164
Key Up;D;872219
Key Down;Q;872363
Key Down;S;872491
Key Up;Q;873108
Key Up;S;873396
Key Down;S;873884
Key Down;D;875148
Key Up;S;875787
Key Up;D;875996
Key Down;D;877636
Key Up;D;878012
Key Down;Q;878467
Key Up;Q;878956
Key Down;A;879147
Key Up;A;879252
Key Down;Z;879740
Key Up;Z;880267
Key Down;Q;881459
Key Down;Z;881532
Key Up;Q;881540
Key Down;D;881836
Key Up;Z;882116
Key Down;Z;882980
Key Up;D;883204
Key Down;A;883652
Key Up;A;883764
Key Down;D;885316
Key Up;Z;885636
Key Down;S;886252
Key Up;S;886731
Key Down;Z;887508
Key Down;A;887547
Key Up;A;887667
Key Up;Z;888852
Key Up;D;888908
Key Down;Q;888964
Key Up;Q;889172
Key Down;Z;889355
Key Down;D;889388
Key Up;Z;889555
Key Up;D;889667
Key Down;Z;890124
Key Down;D;890500
Key Up;D;890651
Key Up;Z;891508
Key Down;Z;893555
Key Down;D;894108
Key Up;D;894139
Key Down;Q;894716
Key Up;Q;895092
Key Up;Z;895236
Key Down;A;895307
Key Up;A;895404
Key Down;S;895715
Key Down;D;895748
Key Up;D;896540
Key Up;S;896652
Key Down;Z;898796
Key Down;Q;898876
Key Up;Z;899547
Key Up;Q;899819
Key Down;A;900187
Key Up;A;900308
Key Down;Q;900812
Key Up;Q;901660
Key Down;Z;902828
Key Down;Q;902980
Key Up;Q;903844
Key Up;Z;903932
Key Down;A;904020
Key Up;A;904132
Key Down;Q;904475
Key Down;S;904948
Key Up;S;905683
Key Up;Q;905772
Key Down;Z;905908
Key Down;D;906060
Key Up;Z;906116
Key Up;D;906275
Key Down;D;906452
Key Down;A;907020
Key Up;A;907132
Key Down;Z;908811
Key Up;Z;908907
Key Down;S;909444
Key Up;D;910540
Key Down;Q;911715
Key Up;Q;911924
Key Down;Q;912948
Key Up;Q;913460
Key Up;S;913627
Key Down;Q;917212
Key Down;S;917260
Key Up;S;918059
Key Up;Q;918116
Key Down;A;918284
Key Up;A;918403
Key Down;Q;918603
Key Up;Q;918739
Key Down;Z;918892
Key Down;Q;919076
Key Up;Q;921731
Key Down;A;921916
Key Up;A;922019
Key Up;Z;922100
Key Down;Z;924123
Key Down;Q;924419
Key Up;Q;924620
Key Down;D;924732
Key Down;A;925043
Key Up;A;925148
Key Up;Z;925292
Key Down;Z;926372
Key Up;D;926980
Key Up;Z;927867
Key Down;Q;927916
Key Up;Q;928219
Key Down;D;929675
Key Down;Z;929819
Key Down;A;929908
Key Up;A;930051
Key Up;D;930867
Key Down;D;930980
Key Up;D;930996
Key Down;D;931212
Key Up;Z;931228
Key Down;Z;931732
Key Up;Z;932100
Key Up;D;932388
Key Down;D;932476
Key Down;A;932723
Key Up;A;932844
Key Down;Z;932996
Key Up;D;933012
Key Up;Z;933723
Key Down;S;935196
Key Down;A;935532
Key Up;A;935659
Key Down;Q;936716
Key Up;S;937579
Key Down;Z;938467
Key Up;Q;938635
Key Down;A;938803
Key Up;A;938908
Key Up;Z;939116
Key Down;Q;939124
Key Up;Q;939260
Key Down;Z;939564
Key Down;D;939812
Key Up;Z;939851
Key Up;D;940428
Key Down;D;940668
Key Down;S;940732
Key Up;S;941299
Key Up;D;941387
Key Down;D;942132
Key Down;S;942171
Key Up;S;942315
Key Up;D;942427
Key Down;D;942667
Key Down;Z;943251
Key Down;A;943340
Key Up;D;943427
Key Up;A;943451
Key Up;Z;943540
Key Down;Z;943940
Key Down;D;944028
Key Up;D;944580
Key Up;Z;944851
Key Down;Z;946123
Key Up;Z;946356
Key Down;Z;946492
Key Down;A;947139
Key Up;A;947251
Key Up;Z;947316
Key Down;Q;947436
Key Down;Z;948948
Key Up;Q;948996
Key Down;D;949059
Key Up;Z;949163
Key Up;D;949772
Key Down;Q;949795
Key Up;Q;950236
Key Down;D;950323
Key Up;D;951339
Key Down;D;952012
Key Down;A;952092
Key Up;D;952171
Key Up;A;952203
Key Down;S;952508
Key Down;Q;952596
Key Up;S;952748
Key Down;S;953091
Key Up;Q;953243
Key Up;S;953356
Key Down;A;955564
Key Up;A;955667
Key Down;D;955723
Key Down;S;955972
Key Up;D;956044
Key Up;S;956244
Key Down;Q;956987
Key Up;Q;957299
Key Down;Q;957892
Key Down;S;959475
Key Up;Q;959507
Key Down;A;959796
Key Up;A;959931
Key Down;D;960748
Key Up;S;960771
Key Down;S;961923
Key Up;D;961987
Key Down;Q;962803
Key Up;S;963219
Key Down;S;965323
Key Up;Q;965419
Key Down;A;965636
Key Up;A;965756
Key Up;S;965828
Key Down;Q;965988
Key Down;Z;967059
Key Up;Q;967516
Key Down;D;968380
Key Up;D;969387
Key Down;Q;969796
Key Up;Z;970059
Key Down;S;970732
Key Up;Q;971203
Key Down;D;971267
Key Up;D;971547
Key Down;D;971788
Key Up;D;972275
Key Down;Q;972516
Key Up;Q;972859
Key Down;A;973371
Key Down;D;973451
Key Up;A;973491
Key Up;D;973588
Key Down;Q;973779
Key Up;S;973835
Key Up;Q;974115
Key Down;D;974123
Key Down;Z;974524
Key Up;D;975612
Key Down;D;975780
Key Up;D;976139
Key Down;Q;976604
Key Up;Z;977083
Key Up;Q;977371
Key Down;Z;977603
Key Down;D;977900
Key Up;Z;977964
Key Down;S;978204
Key Up;D;978635
Key Down;Q;979787
Key Up;S;979875
Key Down;S;980267
Key Up;S;980795
Key Up;Q;980955
Key Down;A;981076
Key Up;A;981164
Key Down;Q;983779
Key Down;Z;983932
Key Up;Q;984051
Key Down;Q;984396
Key Up;Z;984555
Key Down;Z;984772
Key Up;Q;985052
Key Down;A;985275
Key Up;A;985387
Key Up;Z;985484
Key Down;Q;985540
Key Down;Z;985635
Key Up;Q;985692
Key Down;D;987844
Key Up;D;988428
Key Down;A;988843
Key Up;A;988948
Key Down;Q;989139
Key Up;Z;989387
Key Up;Q;991803
Key Down;Q;992308
Key Up;Q;992611
Key Down;D;992699
Key Up;D;992955
Key Down;Q;993403
Key Down;S;993731
Key Up;Q;993835
Key Up;S;993964
Key Down;S;994283
Key Down;Q;994348
Key Up;Q;994524
Key Down;A;996356
Key Up;A;996467
Key Down;D;996564
Key Up;S;996635
Key Down;Z;997572
Key Up;Z;997892
Key Up;D;998619
Key Down;D;998899
Key Down;S;999004
Key Up;S;999267
Key Up;D;999299
Key Down;Q;1000235
Key Down;S;1000587
Key Up;S;1000795
Key Up;Q;1001395
Key Down;Q;1002188
Key Up;Q;1002787
Key Down;D;1005347
Key Up;D;1005403
Key Down;Z;1007652
Key Down;Q;1007723
Key Up;Q;1008228
Key Down;Q;1008739
Key Up;Z;1008980
Key Down;Z;1009436
Key Up;Z;1009580
Key Up;Q;1010755
Key Down;Z;1011124
Key Up;Z;1012107
Key Down;Z;1012764
Key Down;D;1012924
Key Up;D;1013315
Key Down;A;1013603
Key Up;A;1013723
Key Down;Q;1014067
Key Up;Z;1015132
Key Down;S;1017764
Key Up;Q;1018379
Key Up;S;1020019
Key Down;S;1021995
Key Up;S;1022171
Key Down;S;1022643
Key Down;D;1023131
Key Up;S;1023459
Key Down;Z;1025811
Key Up;D;1026083
Key Down;A;1026107
Key Up;A;1026219
Key Up;Z;1026723
Key Down;Q;1027627
Key Down;Z;1027659
Key Up;Z;1027803
Key Down;Z;1027964
Key Up;Z;1028203
Key Up;Q;1028251
Key Down;Z;1028739
Key Down;Q;1029003
Key Up;Q;1029475
Key Down;D;1029507
Key Up;Z;1029555
Key Down;Z;1029795
Key Up;D;1029883
Key Down;A;1030179
Key Up;A;1030315
Key Down;D;1031171
Key Up;Z;1031259
Key Up;D;1031819
Key Down;A;1032059
Key Up;A;1032147
Key Down;Q;1032403
Key Down;Z;1032979
Key Up;Q;1033036
Key Down;Q;1033260
Key Up;Z;1033299
Key Down;Z;1033371
Key Up;Z;1033403
Key Up;Q;1035611
Key Down;A;1035787
Key Up;A;1035892
Key Down;D;1036251
Key Up;D;1036851
Key Down;Q;1037627
Key Down;S;1037891
Key Up;Q;1038076
Key Up;S;1038251
Key Down;A;1038412
Key Up;A;1038531
Key Down;Q;1039395
Key Down;S;1039515
Key Up;Q;1039635
Key Up;S;1040732
Key Down;Q;1041220
Key Down;S;1041427
Key Up;Q;1041451
Key Up;S;1041523
Key Down;D;1041547
Key Down;Z;1041667
Key Up;D;1041924
Key Up;Z;1041995
Key Down;A;1043412
Key Up;A;1043524
Key Down;Q;1043835
Key Down;S;1044083
Key Up;S;1044467
Key Down;Z;1045995
Key Up;Z;1046307
Key Down;Z;1046931
Key Up;Q;1047099
Key Up;Z;1047227
Key Down;S;1047571
Key Down;D;1047667
Key Up;D;1047811
Key Down;A;1048403
Key Up;A;1048523
Key Down;Q;1048715
Key Up;S;1048771
Key Down;S;1048996
Key Up;Q;1049027
Key Down;D;1049499
Key Up;D;1049627
Key Down;D;1050419
Key Up;D;1050571
Key Down;D;1051867
Key Up;S;1051924
Key Up;D;1052012
Key Down;Z;1052444
Key Down;Q;1052507
Key Up;Z;1052643
Key Down;S;1053467
Key Up;Q;1053651
Key Down;Q;1053771
Key Up;Q;1054691
Key Down;A;1054955
Key Up;S;1054963
Key Down;D;1055075
Key Up;A;1055099
Key Down;A;1057683
Key Up;A;1057803
Key Down;Z;1059731
Key Up;D;1060659
Key Down;Q;1060683
Key Up;Q;1060931
Key Up;Z;1061035
Key Down;D;1065707
Key Up;D;1065963
Key Down;Q;1065971
Key Up;Q;1066827
Key Down;D;1066891
Key Down;Z;1067739
Key Up;D;1068515
Key Up;Z;1069283
Key Down;Z;1070211
Key Down;A;1071787
Key Up;A;1071971
Key Down;D;1072547
Key Up;Z;1072827
Key Down;Z;1074331
Key Up;Z;1074875
Key Down;Z;1076027
Key Up;D;1076347
Key Down;D;1076771
Key Up;D;1076907
Key Down;Q;1077099
Key Up;Q;1077243
Key Down;A;1077523
Key Up;A;1077667
Key Down;D;1078531
Key Up;D;1078859
Key Up;Z;1078947
Key Down;D;1078963
Key Down;S;1079203
Key Up;S;1079427
Key Down;Z;1080843
Key Up;D;1081363
Key Down;Q;1081867
Key Up;Z;1082771
Key Up;Q;1084363
Key Down;A;1084563
Key Up;A;1084691
Key Down;S;1086843
Key Down;Q;1086955
Key Up;Q;1087363
Key Down;D;1087803
Key Up;D;1088011
Key Down;Q;1089899
Key Up;Q;1090123
Key Down;D;1090155
Key Up;D;1090283
Key Down;D;1090451
Key Up;S;1090579
Key Down;Z;1090739
Key Up;D;1090787
Key Down;E;1090955
Key Up;E;1091083
Key Down;Q;1091179
Key Up;Q;1091371
Key Down;D;1092043
Key Up;Z;1092163
Key Up;D;1092187
Key Down;S;1092419
Key Up;S;1093099
Key Down;Q;1093187
Key Down;S;1093371
Key Up;Q;1093419
Key Down;D;1093579
Key Up;S;1093635
Key Down;Z;1093763
Key Up;D;1093787
Key Down;Q;1093859
Key Up;Z;1093947
Key Up;Q;1094082
Key Down;D;1094090
Key Up;D;1094259
Key Down;Q;1094571
Key Up;Q;1094819
Key Down;D;1095027
Key Up;D;1095211
Key Down;E;1095395
Key Up;E;1095459
Key Down;Q;1095579
Key Up;Q;1095907
Key Down;D;1096003
Key Up;D;1096155
Key Down;S;1096227
Key Up;S;1096291
Key Down;D;1096443
Key Down;S;1096451
Key Up;S;1096627
Key Up;D;1096723
Key Down;Z;1096779
Key Down;E;1097027
Key Up;Z;1097043
Key Up;E;1097131
Key Down;Z;1097323
Key Down;D;1097491
Key Up;D;1097635
Key Down;Q;1098034
Key Up;Q;1098163
Key Up;Z;1098299
Key Down;D;1098795
Key Down;Z;1098827
Key Up;D;1098987
Key Up;Z;1099051
Key Down;Q;1099467
Key Up;Q;1099571
Key Down;Z;1099835
Key Up;Z;1100019
Key Down;S;1101467
Key Down;Q;1102235
Key Up;S;1102891
Key Down;Z;1103763
Key Up;Z;1104099
Key Down;Z;1104283
Key Up;Z;1104435
Key Down;S;1104603
Key Up;Q;1104851
Key Down;Q;1105147
Key Up;S;1105339
Key Down;Z;1106355
Key Up;Z;1106875
Key Down;S;1107787
Key Up;Q;1107851
Key Down;Q;1108226
Key Up;Q;1108779
Key Down;D;1109179
Key Up;S;1109283
Key Down;Apostrophe;1109723
Key Up;D;1109763
Key Up;Apostrophe;1109891
Key Down;Echap;1110563
Key Up;Echap;1110675
