Event;Key;Time
Key Down;5;6342
Key Up;5;6446
Key Down;1;10014
Key Up;1;10150
Key Down;Gauche;19589
Key Up;Gauche;19758
Key Down;Droite;20005
Key Up;Droite;20206
Key Down;Droite;20326
Key Up;Droite;20390
Key Down;Left Control;23485
Key Up;Left Control;23526
Key Down;Left Control;23638
Key Up;Left Control;23686
Key Down;Left Control;23798
Key Up;Left Control;23853
Key Down;Left Control;23957
Key Up;Left Control;24021
Key Down;Left Control;24118
Key Up;Left Control;24173
Key Down;Left Control;24262
Key Up;Left Control;24317
Key Down;Left Control;24398
Key Up;Left Control;24462
Key Down;Left Control;24533
Key Up;Left Control;24605
Key Down;Left Control;24686
Key Up;Left Control;24766
Key Down;Left Control;24861
Key Up;Left Control;24926
Key Down;Left Control;25054
Key Up;Left Control;25101
Key Down;Left Alt;25557
Key Up;Left Alt;25606
Key Down;Left Control;25630
Key Up;Left Control;25662
Key Down;Left Alt;25701
Key Up;Left Alt;25757
Key Down;Left Control;25797
Key Up;Left Control;25830
Key Down;Left Alt;25837
Key Up;Left Alt;25893
Key Down;Left Control;25926
Key Up;Left Control;25973
Key Down;Left Alt;25982
Key Up;Left Alt;26021
Key Down;Left Alt;26094
Key Up;Left Alt;26150
Key Down;Left Control;26158
Key Up;Left Control;26198
Key Down;Left Alt;26221
Key Up;Left Alt;26278
Key Down;Left Control;26317
Key Up;Left Control;26350
Key Down;Left Alt;26357
Key Up;Left Alt;26405
Key Down;Left Control;26469
Key Down;Left Alt;26477
Key Up;Left Control;26526
Key Up;Left Alt;26533
Key Down;Left Alt;26606
Key Up;Left Alt;26662
Key Down;Left Alt;26734
Key Down;Left Control;26749
Key Up;Left Control;26781
Key Up;Left Alt;26806
Key Down;Left Alt;26877
Key Down;Left Control;26902
Key Up;Left Alt;26942
Key Up;Left Control;26974
Key Down;Left Alt;27013
Key Up;Left Alt;27069
Key Down;Left Control;27086
Key Up;Left Control;27126
Key Down;Left Alt;27158
Key Up;Left Alt;27357
Key Down;Left Control;27398
Key Down;Left Alt;27406
Key Up;Left Control;27446
Key Up;Left Alt;27461
Key Down;Left Alt;27542
Key Down;Left Control;27573
Key Up;Left Alt;27582
Key Up;Left Control;27630
Key Down;Left Alt;27669
Key Up;Left Alt;27717
Key Down;Left Control;27766
Key Up;Left Control;27782
Key Down;Left Alt;27814
Key Up;Left Alt;27837
Key Down;Left Control;27917
Key Down;Left Alt;27942
Key Up;Left Control;27957
Key Up;Left Alt;27982
Key Down;Left Alt;28070
Key Down;Left Control;28086
Key Up;Left Alt;28118
Key Up;Left Control;28126
Key Down;Left Alt;28206
Key Down;Left Control;28238
Key Up;Left Alt;28253
Key Up;Left Control;28278
Key Down;Left Alt;28349
Key Up;Left Alt;28390
Key Down;Left Control;28398
Key Up;Left Control;28437
Key Down;Left Alt;28478
Key Up;Left Alt;28526
Key Down;Left Control;28558
Key Up;Left Control;28598
Key Down;Left Alt;28622
Key Up;Left Alt;28662
Key Down;Left Control;28718
Key Up;Left Control;28750
Key Down;Left Alt;28758
Key Up;Left Alt;28805
Key Down;Left Control;28878
Key Down;Left Alt;28910
Key Up;Left Control;28918
Key Up;Left Alt;28950
Key Down;Left Control;29030
Key Down;Left Alt;29045
Key Up;Left Control;29078
Key Up;Left Alt;29086
Key Down;Left Alt;29182
Key Down;Left Control;29189
Key Up;Left Alt;29229
Key Up;Left Control;29246
Key Down;Left Alt;29333
Key Down;Left Control;29358
Key Up;Left Alt;29382
Key Up;Left Control;29422
Key Down;Left Alt;29469
Key Up;Left Alt;29518
Key Down;Left Control;29534
Key Up;Left Control;29589
Key Down;Left Alt;29613
Key Up;Left Alt;29662
Key Down;Left Control;29709
Key Down;Left Alt;29757
Key Up;Left Control;29766
Key Up;Left Alt;29806
Key Down;Left Control;29885
Key Down;Left Alt;29902
Key Up;Left Control;29949
Key Up;Left Alt;29957
Key Down;Left Alt;30046
Key Down;Left Control;30062
Key Up;Left Alt;30094
Key Up;Left Control;30117
Key Down;Left Alt;30190
Key Down;Left Control;30237
Key Up;Left Alt;30246
Key Up;Left Control;30286
Key Down;Left Alt;30334
Key Up;Left Alt;30389
Key Down;Left Control;30414
Key Up;Left Control;30454
Key Down;Left Alt;30477
Key Up;Left Alt;30534
Key Down;Left Control;40422
Key Down;Left Alt;40430
Key Up;Left Alt;40485
Key Up;Left Control;40493
Key Down;Left Alt;40542
Key Down;Left Control;40597
Key Up;Left Alt;40605
Key Down;Left Alt;40646
Key Up;Left Control;40686
Key Up;Left Alt;40718
Key Down;Left Alt;40774
Key Down;Left Control;40789
Key Up;Left Alt;40830
Key Up;Left Control;40854
Key Down;Left Alt;40894
Key Down;Left Control;40933
Key Up;Left Alt;40958
Key Up;Left Control;40989
Key Down;Left Alt;41014
Key Down;Left Control;41045
Key Up;Left Alt;41078
Key Up;Left Control;41110
Key Down;Left Alt;41157
Key Down;Left Control;41189
Key Up;Left Alt;41206
Key Up;Left Control;41254
Key Down;Left Alt;41278
Key Down;Left Control;41318
Key Up;Left Alt;41334
Key Up;Left Control;41373
Key Down;Left Alt;41398
Key Down;Left Control;41430
Key Up;Left Alt;41454
Key Up;Left Control;41486
Key Down;Left Alt;41517
Key Down;Left Control;41549
Key Up;Left Alt;41574
Key Up;Left Control;41598
Key Down;Left Alt;41637
Key Down;Left Control;41678
Key Up;Left Alt;41702
Key Up;Left Control;41733
Key Down;Left Alt;41766
Key Up;Left Alt;41830
Key Down;Left Control;41838
Key Up;Left Control;41877
Key Down;Left Alt;41902
Key Up;Left Alt;41950
Key Down;Left Alt;42022
Key Down;Left Control;42030
Key Up;Left Alt;42078
Key Up;Left Control;42110
Key Down;Left Alt;42142
Key Down;Left Control;42198
Key Up;Left Alt;42205
Key Up;Left Control;42253
Key Down;Left Alt;42261
Key Up;Left Alt;42302
Key Down;Left Control;42326
Key Up;Left Control;42366
Key Down;Left Alt;42373
Key Up;Left Alt;42405
Key Down;Left Control;42446
Key Down;Left Alt;42478
Key Up;Left Alt;42534
Key Up;Left Control;42558
Key Down;Left Alt;42597
Key Down;Left Control;42630
Key Up;Left Alt;42646
Key Up;Left Control;42670
Key Down;Left Alt;42718
Key Up;Left Alt;42766
Key Down;Left Control;42773
Key Down;Left Alt;42837
Key Up;Left Control;42869
Key Up;Left Alt;42886
Key Down;Left Control;42949
Key Down;Left Alt;42957
Key Up;Left Alt;42990
Key Up;Left Control;42998
Key Down;Left Alt;43069
Key Down;Left Control;43078
Key Up;Left Control;43110
Key Up;Left Alt;43118
Key Down;Left Control;43189
Key Down;Left Alt;43197
Key Up;Left Control;43229
Key Up;Left Alt;43237
Key Down;Left Control;43294
Key Down;Left Alt;43310
Key Up;Left Control;43334
Key Up;Left Alt;43357
Key Down;Left Control;43406
Key Down;Left Alt;43430
Key Up;Left Control;43446
Key Up;Left Alt;43485
Key Down;Left Control;43517
Key Down;Left Alt;43541
Key Up;Left Control;43549
Key Up;Left Alt;43589
Key Down;Left Control;43622
Key Up;Left Control;43661
Key Down;Left Alt;43669
Key Up;Left Alt;43718
Key Down;Left Control;43733
Key Up;Left Control;43766
Key Down;Left Alt;43773
Key Up;Left Alt;43830
Key Down;Left Control;43837
Key Up;Left Control;43878
Key Down;Left Alt;43886
Key Up;Left Alt;43933
Key Down;Left Control;43958
Key Up;Left Control;43998
Key Down;Left Alt;44005
Key Up;Left Alt;44053
Key Down;Left Control;44069
Key Up;Left Control;44110
Key Down;Left Alt;44118
Key Up;Left Alt;44173
Key Down;Left Control;44182
Key Up;Left Control;44213
Key Down;Left Alt;44238
Key Down;Left Control;44293
Key Up;Left Alt;44302
Key Up;Left Control;44326
Key Down;Left Alt;44357
Key Down;Left Control;44405
Key Up;Left Alt;44413
Key Up;Left Control;44445
Key Down;Left Alt;44486
Key Down;Left Control;44518
Key Up;Left Alt;44533
Key Up;Left Control;44557
Key Down;Left Alt;44597
Key Down;Left Control;44629
Key Up;Left Alt;44653
Key Up;Left Control;44669
Key Down;Left Alt;44726
Key Down;Left Control;44733
Key Up;Left Alt;44766
Key Up;Left Control;44774
Key Down;Left Alt;44838
Key Down;Left Control;44845
Key Up;Left Alt;44886
Key Up;Left Control;44894
Key Down;Left Alt;44957
Key Down;Left Control;44973
Key Up;Left Alt;45005
Key Up;Left Control;45022
Key Down;Left Control;45077
Key Down;Left Alt;45086
Key Up;Left Control;45133
Key Up;Left Alt;45141
Key Down;Left Control;45173
Key Down;Left Alt;45197
Key Up;Left Control;45221
Key Up;Left Alt;45246
Key Down;Left Control;45293
Key Down;Left Alt;45326
Key Up;Left Control;45333
Key Up;Left Alt;45365
Key Down;Left Control;45405
Key Down;Left Alt;45437
Key Up;Left Control;45446
Key Up;Left Alt;45485
Key Down;Left Control;45525
Key Down;Left Alt;45566
Key Up;Left Control;45574
Key Up;Left Alt;45614
Key Down;Left Control;45638
Key Up;Left Control;45686
Key Down;Left Alt;45694
Key Up;Left Alt;45734
Key Down;Left Control;45758
Key Up;Left Control;45797
Key Down;Left Alt;45805
Key Up;Left Alt;45854
Key Down;Left Control;45870
Key Up;Left Control;45909
Key Down;Left Alt;45933
Key Up;Left Alt;45982
Key Down;Left Control;45990
Key Up;Left Control;46030
Key Down;Left Alt;46053
Key Up;Left Alt;46102
Key Down;Left Control;46110
Key Up;Left Control;46150
Key Down;Left Alt;46174
Key Up;Left Alt;46221
Key Down;Left Control;46230
Key Up;Left Control;46261
Key Down;Left Alt;46293
Key Down;Left Control;46333
Key Up;Left Alt;46349
Key Up;Left Control;46366
Key Down;Left Alt;46413
Key Down;Left Control;46445
Key Up;Left Alt;46462
Key Up;Left Control;46478
Key Down;Left Alt;46525
Key Down;Left Control;46550
Key Up;Left Alt;46582
Key Up;Left Control;46590
Key Down;Left Alt;46646
Key Down;Left Control;46662
Key Up;Left Alt;46693
Key Up;Left Control;46702
Key Down;Left Alt;46766
Key Down;Left Control;46782
Key Up;Left Alt;46814
Key Up;Left Control;46821
Key Down;Left Control;46886
Key Down;Left Alt;46894
Key Up;Left Control;46926
Key Up;Left Alt;46942
Key Down;Left Control;46997
Key Down;Left Alt;47022
Key Up;Left Control;47038
Key Up;Left Alt;47070
Key Down;Left Control;47133
Key Down;Left Alt;47150
Key Up;Left Control;47173
Key Up;Left Alt;47198
Key Down;Left Control;47245
Key Down;Left Alt;47277
Key Up;Left Control;47285
Key Up;Left Alt;47326
Key Down;Left Alt;47397
Key Up;Left Alt;47446
Key Down;Left Control;47461
Key Up;Left Control;47510
Key Down;Left Alt;47526
Key Up;Left Alt;47573
Key Down;Left Control;47605
Key Up;Left Control;47645
Key Down;Left Alt;47653
Key Up;Left Alt;47710
Key Down;Left Control;47742
Key Up;Left Control;47782
Key Down;Left Alt;47789
Key Up;Left Alt;47845
Key Down;Left Control;47870
Key Up;Left Control;47917
Key Down;Left Alt;47925
Key Up;Left Alt;47973
Key Down;Left Control;47997
Key Up;Left Control;48046
Key Down;Left Alt;48053
Key Up;Left Alt;48102
Key Down;Left Control;48142
Key Down;Left Alt;48181
Key Up;Left Control;48214
Key Up;Left Alt;48230
Key Down;Left Control;48278
Key Down;Left Alt;48310
Key Up;Left Control;48341
Key Up;Left Alt;48357
Key Down;Left Control;48430
Key Down;Left Alt;48437
Key Up;Left Control;48477
Key Up;Left Alt;48485
Key Down;Left Control;48557
Key Down;Left Alt;48573
Key Up;Left Control;48605
Key Up;Left Alt;48622
Key Down;Left Alt;48702
Key Down;Left Control;48710
Key Up;Left Alt;48758
Key Up;Left Control;48766
Key Down;Left Alt;48838
Key Down;Left Control;48846
Key Up;Left Alt;48878
Key Up;Left Control;48886
Key Down;Left Alt;48966
Key Down;Left Control;48974
Key Up;Left Control;49013
Key Up;Left Alt;49022
Key Down;Left Alt;49093
Key Down;Left Control;49118
Key Up;Left Alt;49149
Key Up;Left Control;49158
Key Down;Left Alt;49238
Key Down;Left Control;49254
Key Up;Left Alt;49285
Key Up;Left Control;49302
Key Down;Left Alt;49365
Key Down;Left Control;49397
Key Up;Left Alt;49414
Key Up;Left Control;49446
Key Down;Left Alt;49493
Key Down;Left Control;49542
Key Up;Left Alt;49549
Key Up;Left Control;49598
Key Down;Left Alt;49637
Key Up;Left Alt;49685
Key Down;Left Control;49694
Key Up;Left Control;49742
Key Down;Left Alt;49766
Key Up;Left Alt;49813
Key Down;Left Control;49837
Key Up;Left Control;49894
Key Down;Left Alt;49902
Key Up;Left Alt;49957
Key Down;Left Control;49981
Key Down;Left Alt;50030
Key Up;Left Control;50038
Key Up;Left Alt;50086
Key Down;Left Control;50134
Key Down;Left Alt;50166
Key Up;Left Control;50190
Key Up;Left Alt;50214
Key Down;Left Control;50278
Key Down;Left Alt;50293
Key Up;Left Control;50326
Key Up;Left Alt;50350
Key Down;Left Alt;50422
Key Down;Left Control;50430
Key Up;Left Control;50470
Key Up;Left Alt;50478
Key Down;Left Alt;50558
Key Down;Left Control;50565
Key Up;Left Alt;50614
Key Up;Left Control;50622
Key Down;Left Alt;50686
Key Down;Left Control;50702
Key Up;Left Alt;50742
Key Up;Left Control;50750
Key Down;Left Alt;50805
Key Down;Left Control;50830
Key Up;Left Alt;50862
Key Up;Left Control;50894
Key Down;Left Alt;50949
Key Up;Left Alt;50997
Key Down;Left Control;51030
Key Up;Left Control;51069
Key Down;Left Alt;51085
Key Up;Left Alt;51142
Key Down;Left Control;51149
Key Up;Left Control;51205
Key Down;Left Alt;51237
Key Up;Left Alt;51285
Key Down;Left Control;51294
Key Up;Left Control;51341
Key Down;Left Alt;51374
Key Up;Left Alt;51421
Key Down;Left Control;51437
Key Up;Left Control;51478
Key Down;Left Alt;51502
Key Up;Left Alt;51557
Key Down;Left Control;51606
Key Down;Left Alt;51638
Key Up;Left Control;51662
Key Up;Left Alt;51678
Key Down;Left Control;51742
Key Down;Left Alt;51757
Key Up;Left Control;51774
Key Up;Left Alt;51806
Key Down;Left Alt;66221
Key Down;Left Control;66246
Key Up;Left Alt;66270
Key Up;Left Control;66310
Key Down;Left Alt;66357
Key Up;Left Alt;66413
Key Down;Left Control;66421
Key Up;Left Control;66469
Key Down;Left Alt;66510
Key Up;Left Alt;66557
Key Down;Left Control;66566
Key Up;Left Control;66613
Key Down;Left Alt;66646
Key Up;Left Alt;66693
Key Down;Left Control;66710
Key Up;Left Control;66750
Key Down;Left Alt;66782
Key Up;Left Alt;66837
Key Down;Left Control;66845
Key Up;Left Control;66878
Key Down;Left Alt;66910
Key Down;Left Control;66958
Key Up;Left Alt;66965
Key Up;Left Control;66998
Key Down;Left Alt;67045
Key Down;Left Control;67070
Key Up;Left Alt;67094
Key Up;Left Control;67118
Key Down;Left Alt;67173
Key Down;Left Control;67189
Key Up;Left Control;67221
Key Up;Left Alt;67229
Key Down;Left Control;67301
Key Down;Left Alt;67309
Key Up;Left Control;67342
Key Up;Left Alt;67349
Key Down;Left Control;67406
Key Down;Left Alt;67421
Key Up;Left Control;67446
Key Up;Left Alt;67477
Key Down;Left Control;67502
Key Down;Left Alt;67541
Key Up;Left Control;67550
Key Up;Left Alt;67597
Key Down;Left Control;67630
Key Down;Left Alt;67654
Key Up;Left Control;67670
Key Up;Left Alt;67718
Key Down;Left Control;67726
Key Up;Left Control;67773
Key Down;Left Alt;67782
Key Up;Left Alt;67837
Key Down;Left Control;67845
Key Up;Left Control;67886
Key Down;Left Alt;67902
Key Up;Left Alt;67958
Key Down;Left Control;67966
Key Up;Left Control;68005
Key Down;Left Alt;68021
Key Down;Left Control;68070
Key Up;Left Alt;68078
Key Up;Left Control;68109
Key Down;Left Alt;68142
Key Down;Left Control;68182
Key Up;Left Alt;68198
Key Up;Left Control;68221
Key Down;Left Alt;68262
Key Down;Left Control;68302
Key Down;Left Meta;68310
Key Up;Left Alt;68317
Key Up;Left Meta;68325
Key Up;Left Control;68342
Key Down;Left Alt;68373
Key Down;Left Control;68414
Key Up;Left Alt;68430
Key Up;Left Control;68438
Key Down;Left Alt;68493
Key Down;Left Meta;68501
Key Down;Left Control;68510
Key Up;Left Meta;68533
Key Up;Left Control;68541
Key Up;Left Alt;68549
Key Down;Left Control;68605
Key Down;Left Alt;68621
Key Up;Left Control;68646
Key Up;Left Alt;68669
Key Down;Left Control;68709
Key Up;Left Control;68741
Key Down;Left Alt;68749
Key Up;Left Alt;68805
Key Down;Left Control;68821
Key Up;Left Control;68861
Key Down;Left Alt;68877
Key Up;Left Alt;68925
Key Down;Left Control;68957
Key Up;Left Control;68990
Key Down;Left Alt;69006
Key Up;Left Alt;69054
Key Down;Left Control;69070
Key Up;Left Control;69109
Key Down;Left Alt;69125
Key Up;Left Alt;69173
Key Down;Left Alt;69237
Key Up;Left Alt;69293
Key Down;Left Control;69302
Key Up;Left Control;69325
Key Down;Left Alt;69365
Key Down;Left Control;69389
Key Up;Left Alt;69422
Key Up;Left Control;69429
Key Down;Left Alt;69494
Key Down;Left Control;69510
Key Up;Left Control;69542
Key Up;Left Alt;69550
Key Down;Left Alt;69614
Key Down;Left Control;69621
Key Up;Left Control;69653
Key Up;Left Alt;69670
Key Down;Left Control;69733
Key Down;Left Alt;69742
Key Up;Left Control;69773
Key Up;Left Alt;69797
Key Down;Left Control;69846
Key Down;Left Alt;69862
Key Up;Left Control;69885
Key Up;Left Alt;69926
Key Down;Left Control;69950
Key Up;Left Control;69998
Key Down;Left Alt;70006
Key Up;Left Alt;70053
Key Down;Left Control;70086
Key Up;Left Control;70117
Key Down;Left Alt;70126
Key Up;Left Alt;70181
Key Down;Left Control;70197
Key Up;Left Control;70246
Key Down;Left Alt;70254
Key Up;Left Alt;70310
Key Down;Left Control;70318
Key Up;Left Control;70366
Key Down;Left Alt;70381
Key Up;Left Alt;70430
Key Down;Left Control;70462
Key Down;Left Alt;70502
Key Up;Left Control;70509
Key Up;Left Alt;70550
Key Down;Left Control;70590
Key Down;Left Alt;70630
Key Up;Left Control;70637
Key Up;Left Alt;70669
Key Down;Left Control;70718
Key Down;Left Alt;70766
Key Up;Left Control;70773
Key Up;Left Alt;70789
Key Down;Left Alt;71173
Key Up;Left Alt;71205
Key Down;Left Alt;79086
Key Up;Left Alt;79118
Key Down;Left Control;79126
Key Up;Left Control;79182
Key Down;Left Alt;79213
Key Up;Left Alt;79269
Key Down;Left Control;79286
Key Up;Left Control;79334
Key Down;Left Alt;79357
Key Up;Left Alt;79390
Key Down;Left Control;79438
Key Down;Left Alt;79485
Key Up;Left Control;79502
Key Up;Left Alt;79534
Key Down;Left Control;79606
Key Down;Left Alt;79622
Key Up;Left Alt;79661
Key Up;Left Control;79678
Key Down;Left Alt;79750
Key Down;Left Control;79758
Key Up;Left Alt;79790
Key Up;Left Control;79797
Key Down;Left Alt;79870
Key Down;Left Control;79886
Key Up;Left Alt;79926
Key Up;Left Control;79942
Key Down;Left Alt;79989
Key Up;Left Alt;80054
Key Down;Left Control;80086
Key Down;Left Alt;80117
Key Up;Left Control;80141
Key Up;Left Alt;80173
Key Down;Left Control;80205
Key Down;Left Alt;80229
Key Up;Left Control;80253
Key Up;Left Alt;80286
Key Down;Left Control;80318
Key Down;Left Alt;80350
Key Up;Left Control;80358
Key Up;Left Alt;80406
Key Down;Left Control;80422
Key Up;Left Control;80453
Key Down;Left Alt;80469
Key Down;Left Control;80518
Key Up;Left Alt;80525
Key Up;Left Control;80557
Key Down;Left Alt;80590
Key Down;Left Control;80637
Key Up;Left Alt;80653
Key Up;Left Control;80670
Key Down;Left Alt;80718
Key Down;Left Control;80741
Key Up;Left Alt;80766
Key Up;Left Control;80782
Key Down;Left Alt;80837
Key Down;Left Control;80846
Key Up;Left Alt;80885
Key Up;Left Control;80894
Key Down;Left Alt;80957
Key Down;Left Control;80965
Key Up;Left Control;80998
Key Up;Left Alt;81006
Key Down;Left Control;81078
Key Down;Left Alt;81086
Key Up;Left Control;81118
Key Up;Left Alt;81142
Key Down;Left Control;81197
Key Down;Left Alt;81213
Key Up;Left Control;81230
Key Up;Left Alt;81253
Key Down;Left Control;81326
Key Down;Left Alt;81333
Key Up;Left Control;81373
Key Up;Left Alt;81381
Key Down;Left Control;81414
Key Up;Left Control;81453
Key Down;Left Alt;81470
Key Up;Left Alt;81510
Key Down;Left Control;81533
Key Up;Left Control;81574
Key Down;Left Alt;81598
Key Up;Left Alt;81630
Key Down;Left Control;81653
Key Up;Left Control;81694
Key Down;Left Alt;81726
Key Up;Left Alt;81766
Key Down;Left Control;81773
Key Up;Left Control;81813
Key Down;Left Alt;81854
Key Up;Left Alt;81894
Key Down;Left Control;81902
Key Up;Left Control;81933
Key Down;Left Alt;81982
Key Up;Left Alt;82021
Key Down;Left Control;82030
Key Up;Left Control;82046
Key Down;Left Alt;82101
Key Down;Left Control;82126
Key Up;Left Alt;82149
Key Up;Left Control;82157
Key Down;Left Alt;82237
Key Down;Left Control;82245
Key Up;Left Control;82277
Key Up;Left Alt;82286
Key Down;Left Alt;82349
Key Down;Left Control;82366
Key Up;Left Control;82398
Key Up;Left Alt;82405
Key Down;Left Alt;82470
Key Down;Left Control;82486
Key Up;Left Control;82502
Key Up;Left Alt;82526
Key Down;Left Control;82565
Key Down;Left Alt;82590
Key Up;Left Control;82613
Key Up;Left Alt;82646
Key Down;Left Control;82718
Key Down;Left Alt;82726
Key Up;Left Control;82757
Key Up;Left Alt;82782
Key Down;Left Control;82837
Key Down;Left Alt;82853
Key Up;Left Control;82886
Key Up;Left Alt;82909
Key Down;Left Alt;82982
Key Down;Left Control;82990
Key Up;Left Control;83021
Key Up;Left Alt;83038
Key Down;Left Control;83086
Key Up;Left Control;83118
Key Down;Left Control;90350
Key Up;Left Control;90406
Key Down;Left Alt;90454
Key Up;Left Alt;90502
Key Down;Left Control;90510
Key Up;Left Control;90574
Key Down;Left Alt;90598
Key Up;Left Alt;90645
Key Down;Left Control;90653
Key Up;Left Control;90709
Key Down;Left Alt;90733
Key Up;Left Alt;90773
Key Down;Left Control;90805
Key Up;Left Control;90854
Key Down;Left Alt;90869
Key Up;Left Alt;90918
Key Down;Left Control;90942
Key Up;Left Control;90989
Key Down;Left Alt;90998
Key Up;Left Alt;91054
Key Down;Left Control;91070
Key Up;Left Control;91125
Key Down;Left Alt;91133
Key Up;Left Alt;91189
Key Down;Left Control;91205
Key Up;Left Control;91253
Key Down;Left Alt;91269
Key Up;Left Alt;91325
Key Down;Left Control;91333
Key Up;Left Control;91373
Key Down;Left Alt;91413
Key Down;Left Control;91453
Key Up;Left Alt;91461
Key Up;Left Control;91510
Key Down;Left Alt;91550
Key Down;Left Control;91581
Key Up;Left Alt;91597
Key Up;Left Control;91621
Key Down;Left Alt;91694
Key Down;Left Control;91718
Key Up;Left Alt;91741
Key Up;Left Control;91758
Key Down;Left Alt;91821
Key Down;Left Control;91837
Key Up;Left Alt;91870
Key Up;Left Control;91885
Key Down;Left Alt;91957
Key Down;Left Control;91973
Key Up;Left Alt;92014
Key Up;Left Control;92021
Key Down;Left Alt;92093
Key Down;Left Control;92102
Key Up;Left Control;92133
Key Up;Left Alt;92150
Key Down;Left Alt;92230
Key Down;Left Control;92245
Key Up;Left Alt;92278
Key Up;Left Control;92310
Key Down;Left Alt;92366
Key Up;Left Alt;92413
Key Down;Left Control;92430
Key Up;Left Control;92446
Key Down;Left Alt;92501
Key Up;Left Alt;92542
Key Down;Left Control;92549
Key Up;Left Control;92598
Key Down;Left Alt;92630
Key Up;Left Alt;92670
Key Down;Left Control;92693
Key Up;Left Control;92742
Key Down;Left Alt;92749
Key Up;Left Alt;92806
Key Down;Left Control;92821
Key Up;Left Control;92846
Key Down;Left Alt;92877
Key Up;Left Alt;92933
Key Down;Left Alt;92998
Key Down;Left Control;93029
Key Up;Left Alt;93053
Key Up;Left Control;93061
Key Down;Left Alt;93126
Key Down;Left Control;93150
Key Up;Left Alt;93165
Key Up;Left Control;93190
Key Down;Left Alt;93246
Key Down;Left Control;93253
Key Up;Left Control;93286
Key Up;Left Alt;93294
Key Down;Left Control;93358
Key Down;Left Alt;93366
Key Up;Left Control;93406
Key Up;Left Alt;93422
Key Down;Left Control;93477
Key Down;Left Alt;93493
Key Up;Left Control;93526
Key Up;Left Alt;93549
Key Down;Left Control;93589
Key Down;Left Alt;93614
Key Up;Left Control;93630
Key Up;Left Alt;93670
Key Down;Left Control;93702
Key Down;Left Alt;93741
Key Up;Left Control;93749
Key Up;Left Alt;93797
Key Down;Left Control;93814
Key Up;Left Control;93862
Key Down;Left Alt;93869
Key Up;Left Alt;93918
Key Down;Left Control;93926
Key Up;Left Control;93966
Key Down;Left Alt;93989
Key Up;Left Alt;94046
Key Down;Left Control;94053
Key Up;Left Control;94093
Key Down;Left Alt;94109
Key Down;Left Control;94158
Key Up;Left Alt;94166
Key Up;Left Control;94206
Key Down;Left Alt;94230
Key Down;Left Control;94269
Key Up;Left Alt;94286
Key Up;Left Control;94318
Key Down;Left Alt;94350
Key Down;Left Control;94381
Key Up;Left Alt;94398
Key Up;Left Control;94422
Key Down;Left Alt;94478
Key Down;Left Control;94493
Key Up;Left Alt;94526
Key Up;Left Control;94541
Key Down;Left Control;94598
Key Down;Left Alt;94605
Key Up;Left Control;94638
Key Up;Left Alt;94645
Key Down;Left Control;94702
Key Down;Left Alt;94718
Key Up;Left Control;94750
Key Up;Left Alt;94766
Key Down;Left Control;94813
Key Down;Left Alt;94846
Key Up;Left Control;94862
Key Up;Left Alt;94893
Key Down;Left Control;94933
Key Down;Left Alt;94966
Key Up;Left Control;94981
Key Up;Left Alt;95021
Key Down;Left Control;95045
Key Down;Left Alt;95094
Key Up;Left Control;95102
Key Up;Left Alt;95142
Key Down;Left Control;95166
Key Down;Left Alt;95214
Key Up;Left Control;95221
Key Up;Left Alt;95270
Key Down;5;118238
Key Up;5;118301
Key Down;1;120342
Key Up;1;120414
Key Down;Left Control;124285
Key Up;Left Control;124437
Key Down;Left Alt;124909
Key Up;Left Alt;125021
Key Down;Left Alt;125198
Key Up;Left Alt;125293
Key Down;Left Alt;125486
Key Up;Left Alt;125598
Key Down;Left Alt;125757
Key Up;Left Alt;125853
Key Down;Left Control;126077
Key Up;Left Control;126182
Key Down;Left Alt;136021
Key Up;Left Alt;136053
Key Down;Left Control;136101
Key Up;Left Control;136150
Key Down;Left Alt;136158
Key Up;Left Alt;136205
Key Down;Left Control;136277
Key Down;Left Alt;136286
Key Up;Left Control;136326
Key Up;Left Alt;136341
Key Down;Left Alt;136421
Key Down;Left Control;136430
Key Up;Left Alt;136477
Key Up;Left Control;136485
Key Down;Left Alt;136557
Key Down;Left Control;136582
Key Up;Left Alt;136589
Key Up;Left Control;136630
Key Down;Left Alt;136693
Key Up;Left Alt;136734
Key Down;Left Control;136742
Key Up;Left Control;136781
Key Down;Left Alt;136830
Key Up;Left Alt;136862
Key Down;Left Control;136869
Key Up;Left Control;136918
Key Down;Left Alt;136965
Key Up;Left Alt;136989
Key Down;Left Alt;147542
Key Down;Left Control;147549
Key Up;Left Alt;147582
Key Up;Left Control;147605
Key Down;Left Alt;147678
Key Down;Left Control;147709
Key Up;Left Alt;147718
Key Up;Left Control;147758
Key Down;Left Alt;147805
Key Down;Left Control;147846
Key Up;Left Alt;147853
Key Up;Left Control;147885
Key Down;Left Alt;147925
Key Up;Left Alt;147973
Key Down;Left Control;148013
Key Down;Left Alt;148045
Key Up;Left Control;148053
Key Up;Left Alt;148093
Key Down;Left Control;148141
Key Down;Left Alt;148165
Key Up;Left Control;148173
Key Up;Left Alt;148206
Key Down;Left Control;148270
Key Down;Left Alt;148278
Key Up;Left Control;148301
Key Up;Left Alt;148333
Key Down;Left Control;148381
Key Down;Left Alt;148389
Key Up;Left Control;148413
Key Up;Left Alt;148445
Key Down;Left Control;148477
Key Down;Left Alt;148509
Key Up;Left Control;148518
Key Up;Left Alt;148566
Key Down;Left Control;148582
Key Up;Left Control;148621
Key Down;Left Alt;148629
Key Up;Left Alt;148686
Key Down;Left Control;148702
Key Up;Left Control;148733
Key Down;Left Alt;148741
Key Up;Left Alt;148797
Key Down;Left Control;148806
Key Up;Left Control;148837
Key Down;Left Alt;148861
Key Down;Left Control;148910
Key Up;Left Alt;148917
Key Up;Left Control;148950
Key Down;Left Alt;148982
Key Down;Left Control;149021
Key Up;Left Alt;149037
Key Up;Left Control;149053
Key Down;Left Alt;149093
Key Down;Left Control;149117
Key Up;Left Alt;149150
Key Up;Left Control;149158
Key Down;Left Alt;149205
Key Down;Left Control;149213
Key Up;Left Control;149262
Key Up;Left Alt;149270
Key Down;Left Alt;149317
Key Down;Left Control;149341
Key Up;Left Control;149373
Key Up;Left Alt;149382
Key Down;Left Alt;149437
Key Down;Left Control;149445
Key Up;Left Control;149477
Key Up;Left Alt;149493
Key Down;Left Control;149542
Key Down;Left Alt;149558
Key Up;Left Control;149581
Key Up;Left Alt;149613
Key Down;Left Control;149669
Key Down;Left Alt;149677
Key Up;Left Control;149701
Key Up;Left Alt;149742
Key Down;Left Control;149782
Key Down;Left Alt;149797
Key Up;Left Control;149813
Key Up;Left Alt;149853
Key Down;Left Control;149886
Key Down;Left Alt;149917
Key Up;Left Control;149925
Key Up;Left Alt;149973
Key Down;Left Control;150005
Key Up;Left Control;150029
Key Down;Left Alt;150037
Key Up;Left Alt;150093
Key Down;Left Control;150101
Key Up;Left Control;150142
Key Down;Left Alt;150158
Key Down;Left Control;150214
Key Up;Left Alt;150221
Key Up;Left Control;150245
Key Down;Left Alt;150270
Key Down;Left Control;150325
Key Up;Left Alt;150333
Key Up;Left Control;150357
Key Down;Left Alt;150389
Key Down;Left Control;150437
Key Up;Left Alt;150445
Key Up;Left Control;150461
Key Down;Left Alt;150510
Key Down;Left Control;150541
Key Up;Left Alt;150565
Key Up;Left Control;150573
Key Down;Left Alt;150630
Key Down;Left Control;150646
Key Up;Left Control;150677
Key Up;Left Alt;150685
Key Down;Left Alt;150742
Key Down;Left Control;150750
Key Up;Left Control;150781
Key Up;Left Alt;150798
Key Down;Left Alt;150853
Key Down;Left Control;150862
Key Up;Left Control;150885
Key Up;Left Alt;150909
Key Down;Left Control;150973
Key Down;Left Alt;150981
Key Up;Left Control;150998
Key Up;Left Alt;151029
Key Down;Left Control;151085
Key Down;Left Alt;151093
Key Up;Left Control;151117
Key Up;Left Alt;151149
Key Down;Left Alt;151213
Key Up;Left Alt;151269
Key Down;Left Control;151310
Key Down;Left Alt;151333
Key Up;Left Control;151342
Key Up;Left Alt;151389
Key Down;Left Control;151430
Key Up;Left Control;151462
Key Down;Left Alt;151469
Key Up;Left Alt;151517
Key Down;Left Control;151542
Key Up;Left Control;151573
Key Down;Left Alt;151582
Key Up;Left Alt;151637
Key Down;Left Control;151653
Key Up;Left Control;151685
Key Down;Left Alt;151710
Key Up;Left Alt;151757
Key Down;Left Control;151782
Key Up;Left Control;151805
Key Down;Left Alt;151821
Key Up;Left Alt;151877
Key Down;Left Control;151893
Key Up;Left Control;151917
Key Down;Left Alt;151950
Key Up;Left Alt;151998
Key Down;Left Control;152005
Key Up;Left Control;152037
Key Down;Left Alt;152069
Key Up;Left Alt;152118
Key Down;Left Control;152125
Key Up;Left Control;152165
Key Down;Left Alt;152189
Key Up;Left Alt;152245
Key Down;Left Control;152253
Key Up;Left Control;152277
Key Down;Left Alt;152310
Key Down;Left Control;152357
Key Up;Left Alt;152365
Key Up;Left Control;152389
Key Down;Left Alt;152445
Key Down;Left Control;152469
Key Up;Left Alt;152493
Key Up;Left Control;152510
Key Down;Left Alt;152573
Key Down;Left Control;152605
Key Up;Left Alt;152621
Key Up;Left Control;152637
Key Down;Left Alt;152702
Key Down;Left Control;152741
Key Up;Left Alt;152750
Key Up;Left Control;152773
Key Down;Left Alt;152821
Key Up;Left Alt;152869
Key Down;Left Control;152918
Key Down;Left Alt;152941
Key Up;Left Control;152966
Key Up;Left Alt;152997
Key Down;Left Control;153062
Key Down;Left Alt;153070
Key Up;Left Control;153101
Key Up;Left Alt;153126
Key Down;Left Alt;153198
Key Down;Left Control;153205
Key Up;Left Control;153253
Key Up;Left Alt;153261
Key Down;Left Alt;153325
Key Down;Left Control;153342
Key Up;Left Control;153373
Key Up;Left Alt;153381
Key Down;Left Alt;153453
Key Down;Left Control;153461
Key Up;Left Control;153493
Key Up;Left Alt;153510
Key Down;Left Alt;153581
Key Down;Left Control;153589
Key Up;Left Control;153621
Key Up;Left Alt;153637
Key Down;Left Alt;153702
Key Down;Left Control;153725
Key Up;Left Alt;153765
Key Up;Left Control;153773
Key Down;Left Alt;153837
Key Down;Left Control;153877
Key Up;Left Alt;153893
Key Up;Left Control;153902
Key Down;Left Alt;153957
Key Down;Left Control;153997
Key Up;Left Alt;154014
Key Up;Left Control;154030
Key Down;Left Alt;154093
Key Down;Left Control;154109
Key Up;Left Alt;154141
Key Up;Left Control;154150
Key Down;Left Alt;154213
Key Down;Left Control;154229
Key Up;Left Control;154269
Key Up;Left Alt;154277
Key Down;Left Alt;154333
Key Down;Left Control;154349
Key Up;Left Control;154381
Key Up;Left Alt;154389
Key Down;Left Alt;154461
Key Down;Left Control;154469
Key Up;Left Control;154493
Key Up;Left Alt;154525
Key Down;Left Control;154573
Key Down;Left Alt;154597
Key Up;Left Control;154605
Key Up;Left Alt;154654
Key Down;Left Alt;154725
Key Down;Left Control;154733
Key Up;Left Alt;154821
Key Up;Left Control;154829
Key Down;Left Control;154894
Key Down;Left Alt;154917
Key Up;Left Control;154997
Key Down;Left Control;155101
Key Up;Left Alt;155118
Key Up;Left Control;155173
Key Down;Left Alt;155182
Key Up;Left Alt;155245
Key Down;Left Control;155277
Key Down;Left Alt;155309
Key Up;Left Control;155333
Key Up;Left Alt;155366
Key Down;Left Control;155421
Key Down;Left Alt;155429
Key Up;Left Control;155469
Key Up;Left Alt;155486
Key Down;Left Alt;155549
Key Down;Left Control;155565
Key Up;Left Control;155581
Key Up;Left Alt;155613
Key Down;Left Alt;155685
Key Up;Left Alt;155733
Key Down;Left Control;155789
Key Down;Left Alt;155813
Key Up;Left Control;155846
Key Up;Left Alt;155862
Key Down;Left Control;155909
Key Down;Left Alt;155933
Key Up;Left Alt;155981
Key Up;Left Control;156021
Key Down;Left Alt;156053
Key Down;Left Control;156102
Key Up;Left Alt;156109
Key Up;Left Control;156181
Key Down;Left Alt;156189
Key Up;Left Alt;156237
Key Down;Left Control;156261
Key Down;Left Alt;156309
Key Up;Left Control;156333
Key Up;Left Alt;156373
Key Down;Left Control;156429
Key Down;Left Alt;156437
Key Up;Left Control;156485
Key Up;Left Alt;156493
Key Down;Left Alt;156565
Key Down;Left Control;156589
Key Up;Left Alt;156613
Key Up;Left Control;156637
Key Down;Left Alt;156693
Key Up;Left Alt;156741
Key Down;Left Control;156749
Key Up;Left Control;156805
Key Down;Left Alt;156821
Key Up;Left Alt;156853
Key Down;Left Control;156901
Key Down;Left Alt;156941
Key Up;Left Control;156965
Key Up;Left Alt;156981
Key Down;Left Alt;157069
Key Down;Left Control;157077
Key Up;Left Alt;157109
Key Up;Left Control;157133
Key Down;Left Alt;157197
Key Down;Left Control;157237
Key Up;Left Alt;157253
Key Up;Left Control;157309
Key Down;Left Alt;157325
Key Up;Left Alt;157381
Key Down;Left Control;157398
Key Down;Left Alt;157454
Key Up;Left Control;157469
Key Up;Left Alt;157509
Key Down;Left Control;157549
Key Down;Left Alt;157589
Key Up;Left Control;157629
Key Up;Left Alt;157637
Key Down;Left Alt;157709
Key Down;Left Control;157725
Key Up;Left Alt;157765
Key Up;Left Control;157773
Key Down;Left Alt;157829
Key Up;Left Alt;157885
Key Down;Left Control;157933
Key Down;Left Alt;157957
Key Up;Left Control;158013
Key Up;Left Alt;158021
Key Down;Left Control;158061
Key Down;Left Alt;158085
Key Up;Left Control;158093
Key Up;Left Alt;158157
Key Down;Left Control;158173
Key Down;Left Alt;158221
Key Up;Left Control;158229
Key Up;Left Alt;158277
Key Down;Left Control;158309
Key Down;Left Alt;158357
Key Up;Left Control;158381
Key Up;Left Alt;158413
Key Down;Left Control;158461
Key Down;Left Alt;158485
Key Up;Left Control;158509
Key Up;Left Alt;158541
Key Down;Left Control;158565
Key Down;Left Alt;158621
Key Up;Left Control;158630
Key Up;Left Alt;158757
Key Down;Left Alt;171853
Key Down;Left Control;171893
Key Up;Left Alt;171909
Key Up;Left Control;171949
Key Down;Left Alt;171998
Key Down;Left Control;172037
Key Up;Left Alt;172045
Key Up;Left Control;172093
Key Down;Left Alt;172125
Key Up;Left Alt;172173
Key Down;Left Control;172181
Key Up;Left Control;172237
Key Down;Left Alt;172245
Key Up;Left Alt;172301
Key Down;Left Alt;172365
Key Down;Left Control;172413
Key Up;Left Alt;172429
Key Up;Left Control;172477
Key Down;Left Alt;172493
Key Down;Left Control;172549
Key Up;Left Alt;172557
Key Up;Left Control;172597
Key Down;Left Alt;172621
Key Up;Left Alt;172677
Key Down;Left Control;172701
Key Down;Left Alt;172749
Key Up;Left Control;172773
Key Up;Left Alt;172805
Key Down;Left Control;172861
Key Down;Left Alt;172869
Key Up;Left Control;172917
Key Up;Left Alt;172925
Key Down;Left Alt;172997
Key Down;Left Control;173005
Key Up;Left Control;173037
Key Up;Left Alt;173053
Key Down;Left Control;173117
Key Down;Left Alt;173126
Key Up;Left Control;173165
Key Up;Left Alt;173181
Key Down;Left Control;173237
Key Down;Left Alt;173253
Key Up;Left Control;173285
Key Up;Left Alt;173301
Key Down;Left Control;173357
Key Down;Left Alt;173373
Key Up;Left Control;173413
Key Up;Left Alt;173429
Key Down;Left Control;173477
Key Down;Left Alt;173493
Key Up;Left Control;173525
Key Up;Left Alt;173557
Key Down;Left Control;173589
Key Down;Left Alt;173613
Key Up;Left Control;173637
Key Up;Left Alt;173669
Key Down;Left Control;173709
Key Down;Left Alt;173733
Key Up;Left Control;173741
Key Up;Left Alt;173789
Key Down;Left Control;173821
Key Down;Left Alt;173861
Key Up;Left Control;173869
Key Up;Left Alt;173917
Key Down;Left Control;173957
Key Down;Left Alt;173989
Key Up;Left Control;173997
Key Up;Left Alt;174037
Key Down;Left Control;174117
Key Down;Left Alt;174125
Key Up;Left Control;174157
Key Up;Left Alt;174165
Key Down;Left Control;174213
Key Down;Left Alt;174245
Key Up;Left Control;174277
Key Up;Left Alt;174285
Key Down;Left Control;174349
Key Down;Left Alt;174365
Key Up;Left Alt;174413
Key Up;Left Control;174421
Key Down;Left Alt;175773
Key Down;Left Control;175781
Key Up;Left Alt;175813
Key Up;Left Control;175837
Key Down;Left Alt;175901
Key Down;Left Control;175933
Key Up;Left Alt;175949
Key Up;Left Control;175989
Key Down;Left Alt;176037
Key Up;Left Alt;176077
Key Down;Left Alt;176165
Key Up;Left Alt;176893
Key Down;Left Control;183805
Key Up;Left Control;183917
Key Down;Left Alt;183949
Key Up;Left Alt;184021
Key Down;Left Control;184069
Key Up;Left Control;184173
Key Down;Left Alt;184181
Key Up;Left Alt;184253
Key Down;Left Control;184309
Key Down;Left Alt;184405
Key Up;Left Control;184413
Key Up;Left Alt;184485
Key Down;Left Control;184541
Key Up;Left Control;184629
Key Down;Left Alt;184637
Key Up;Left Alt;184717
Key Down;Left Control;184757
Key Up;Left Control;184861
Key Down;Left Alt;184869
Key Up;Left Alt;184949
Key Down;Left Control;184997
Key Down;Left Alt;185093
Key Up;Left Control;185101
Key Up;Left Alt;185165
Key Down;Left Control;185221
Key Down;Left Alt;185365
Key Up;Left Control;185373
Key Up;Left Alt;185461
Key Down;Left Control;185502
Key Down;Left Alt;185605
Key Up;Left Control;185621
Key Up;Left Alt;185694
Key Down;Left Control;185749
Key Down;Left Alt;185837
Key Up;Left Control;185853
Key Up;Left Alt;185933
Key Down;Left Control;185973
Key Down;Left Alt;186077
Key Up;Left Control;186085
Key Up;Left Alt;186173
Key Down;Left Control;186221
Key Up;Left Control;186301
Key Down;Left Alt;186309
Key Up;Left Alt;186381
Key Down;Left Control;186453
Key Down;Left Alt;186509
Key Up;Left Control;186517
Key Up;Left Alt;186597
Key Down;Left Control;186645
Key Down;Left Alt;186717
Key Up;Left Control;186725
Key Up;Left Alt;186813
Key Down;Left Control;186861
Key Up;Left Control;186949
Key Down;Left Alt;186957
Key Up;Left Alt;187021
Key Down;Left Control;187085
Key Down;Left Alt;187157
Key Up;Left Control;187165
Key Up;Left Alt;187229
Key Down;Left Control;187301
Key Down;Left Alt;187381
Key Up;Left Control;187389
Key Up;Left Alt;187477
Key Down;Left Control;187525
Key Down;Left Alt;187621
Key Up;Left Control;187629
Key Down;Haut;187653
Key Up;Left Alt;187717
Key Down;Left Control;187757
Key Down;Left Alt;187845
Key Up;Left Control;187853
Key Up;Left Alt;187941
Key Down;Left Control;187965
Key Down;Left Alt;188061
Key Up;Left Control;188069
Key Up;Left Alt;188157
Key Down;Left Control;188205
Key Up;Left Control;188293
Key Down;Left Alt;188301
Key Up;Left Alt;188381
Key Down;Left Control;188429
Key Up;Left Control;188517
Key Down;Left Alt;188525
Key Up;Left Alt;188613
Key Down;Left Control;188653
Key Up;Left Control;188741
Key Down;Left Alt;188749
Key Up;Left Alt;188821
Key Down;Left Control;188869
Key Up;Left Control;188973
Key Down;Left Alt;188981
Key Up;Left Alt;189061
Key Down;Left Control;189101
Key Up;Left Control;189189
Key Down;Left Alt;189197
Key Up;Left Alt;189285
Key Down;Left Control;189333
Key Down;Left Alt;189413
Key Up;Left Control;189429
Key Up;Left Alt;189501
Key Down;Left Control;189565
Key Down;Left Alt;189645
Key Up;Left Control;189653
Key Up;Left Alt;189733
Key Down;Left Control;189789
Key Down;Left Alt;189877
Key Up;Left Control;189885
Key Up;Left Alt;189965
Key Down;Left Control;190013
Key Down;Left Alt;190101
Key Up;Left Control;190109
Key Up;Left Alt;190189
Key Down;Left Control;190245
Key Up;Left Control;190357
Key Down;Left Alt;190365
Key Up;Left Alt;190429
Key Up;Haut;190621
Key Down;Haut;190781
Key Up;Haut;190861
Key Down;Haut;190933
Key Up;Haut;190997
Key Down;Bas;191165
Key Up;Bas;191221
Key Down;Bas;191301
Key Up;Bas;191373
Key Down;Bas;191438
Key Up;Bas;191485
Key Down;Gauche;191526
Key Down;Haut;191629
Key Up;Gauche;191637
Key Up;Haut;191717
Key Down;Gauche;191805
Key Down;Haut;191845
Key Up;Gauche;191877
Key Up;Haut;191909
Key Down;Gauche;192005
Key Down;Droite;192061
Key Up;Gauche;192085
Key Down;Gauche;192197
Key Up;Droite;192213
Key Up;Gauche;192285
Key Down;Droite;192341
Key Down;Haut;192365
Key Up;Haut;192405
Key Up;Droite;192413
Key Down;Gauche;192645
Key Up;Gauche;192749
Key Down;Droite;192861
Key Up;Droite;193021
Key Down;Left Alt;198637
Key Up;Left Alt;198717
Key Down;Left Control;198829
Key Up;Left Control;198893
Key Down;Left Alt;198965
Key Up;Left Alt;199021
Key Down;Left Control;199109
Key Up;Left Control;199165
Key Down;Left Alt;199221
Key Up;Left Alt;199285
Key Down;Left Control;199365
Key Up;Left Control;199421
Key Down;Left Alt;199469
Key Up;Left Alt;199533
Key Down;Left Control;199621
Key Up;Left Control;199677
Key Down;Left Alt;199741
Key Up;Left Alt;199789
Key Down;Left Control;199853
Key Up;Left Control;199901
Key Down;Left Alt;199988
Key Up;Left Alt;200037
Key Down;Left Control;200077
Key Up;Left Control;200125
Key Down;Left Alt;200205
Key Up;Left Alt;200245
Key Down;Left Control;200301
Key Up;Left Control;200341
Key Down;Left Alt;200412
Key Up;Left Alt;200461
Key Down;Left Control;200501
Key Up;Left Control;200549
Key Down;Left Alt;200613
Key Up;Left Alt;200661
Key Down;Left Control;200717
Key Up;Left Control;200757
Key Down;Left Alt;200813
Key Up;Left Alt;200861
Key Down;Left Control;200925
Key Up;Left Control;200973
Key Down;Left Alt;201029
Key Up;Left Alt;201061
Key Down;Left Control;201141
Key Up;Left Control;201181
Key Down;Left Alt;201229
Key Up;Left Alt;201269
Key Down;Left Control;201349
Key Up;Left Control;201389
Key Down;Left Alt;201437
Key Up;Left Alt;201477
Key Down;Left Control;201549
Key Up;Left Control;201589
Key Down;Left Alt;201629
Key Up;Left Alt;201677
Key Down;Left Control;201749
Key Up;Left Control;201789
Key Down;Left Alt;201813
Key Up;Left Alt;201861
Key Down;Left Control;201933
Key Up;Left Control;201973
Key Down;Left Alt;201989
Key Up;Left Alt;202045
Key Down;Left Control;202125
Key Up;Left Control;202165
Key Down;Left Alt;202181
Key Up;Left Alt;202221
Key Down;Left Control;202309
Key Down;Left Alt;202349
Key Up;Left Control;202357
Key Up;Left Alt;202397
Key Down;Left Control;202509
Key Down;Left Alt;202525
Key Up;Left Control;202549
Key Up;Left Alt;202557
Key Down;Left Alt;202685
Key Down;Left Control;202709
Key Up;Left Alt;202717
Key Up;Left Control;202749
Key Down;Left Alt;202845
Key Up;Left Alt;202885
Key Down;Left Control;202925
Key Up;Left Control;202973
Key Down;Left Alt;203004
Key Up;Left Alt;203053
Key Down;Left Control;203109
Key Up;Left Control;203149
Key Down;Left Alt;203173
Key Up;Left Alt;203213
Key Down;Left Control;203285
Key Up;Left Control;203325
Key Down;Left Alt;203333
Key Up;Left Alt;203365
Key Down;Left Control;203453
Key Down;Left Alt;203469
Key Up;Left Control;203492
Key Up;Left Alt;203517
Key Down;Left Alt;203605
Key Down;Left Control;203629
Key Up;Left Alt;203653
Key Up;Left Control;203677
Key Down;Left Alt;203749
Key Up;Left Alt;203797
Key Down;Left Control;203813
Key Up;Left Control;203853
Key Down;Left Alt;203893
Key Up;Left Alt;203949
Key Down;Left Control;203989
Key Up;Left Control;204021
Key Down;Left Alt;204037
Key Up;Left Alt;204093
Key Down;Left Control;204133
Key Up;Left Control;204173
Key Down;Left Alt;204181
Key Up;Left Alt;204229
Key Down;Left Control;204285
Key Down;Left Alt;204301
Key Up;Left Control;204317
Key Up;Left Alt;204356
Key Down;Left Control;204421
Key Down;Left Alt;204429
Key Up;Left Control;204461
Key Up;Left Alt;204477
Key Down;Left Alt;204549
Key Down;Left Control;204573
Key Up;Left Alt;204605
Key Up;Left Control;204620
Key Down;Left Alt;213829
Key Down;Tab;213909
Key Up;Left Alt;214024
Key Up;Tab;214025
