Event;Key;Time
Key Down;Echap;2693
Key Up;Echap;2765
Key Down;Z;3781
Key Down;Q;4238
Key Up;Q;5078
Key Down;Q;6253
Key Up;Q;7301
Key Up;Z;7517
Key Down;Z;10014
Key Down;Q;11549
Key Up;Q;12341
Key Down;Q;14629
Key Up;Q;15117
Key Up;Z;15301
Key Down;E;15389
Key Up;E;15541
Key Down;Z;18430
Key Up;Z;19461
Key Down;Z;68183
Key Up;Z;68847
Key Down;E;68855
Key Up;E;68975
Key Down;Tab;69439
Key Up;Tab;69663
Key Down;F;106688
Key Up;F;106744
Key Down;Echap;115392
Key Up;Echap;115608
Key Down;Z;118848
Key Down;D;119056
Key Up;D;119496
Key Down;D;120296
Key Up;D;121568
Key Up;Z;121720
Key Down;Z;122384
Key Down;Q;125296
Key Up;Q;125696
Key Down;D;132584
Key Up;D;134256
Key Up;Z;143016
Key Down;Z;149969
Key Up;Z;150193
Key Down;Espace;228667
Key Up;Espace;228795
Key Down;Left Control;395613
Key Up;Left Control;396686
Key Down;D;483520
Key Up;D;483935
Key Down;E;516816
Key Up;E;516904
Key Down;E;517000
Key Up;E;517088
Key Down;E;517184
Key Up;E;517240
Key Down;E;517336
Key Up;E;517352
Key Down;E;517481
Key Up;E;517497
Key Down;E;517585
Key Up;E;517633
Key Down;E;517705
Key Up;E;517769
Key Down;E;517833
Key Up;E;517913
Key Down;E;517977
Key Up;E;518049
Key Down;E;518137
Key Up;E;518201
Key Down;E;518281
Key Up;E;518361
Key Down;E;518441
Key Up;E;518521
Key Down;E;518609
Key Up;E;518681
Key Down;E;518769
Key Up;E;518857
Key Down;E;518977
Key Up;E;519049
Key Down;E;519225
Key Up;E;519329
Key Down;E;519433
Key Up;E;519521
Key Down;E;519617
Key Up;E;519697
Key Down;E;520457
Key Up;E;520529
Key Down;E;520625
Key Up;E;520696
Key Down;E;520792
Key Up;E;520864
Key Down;E;520961
Key Up;E;521033
Key Down;E;521137
Key Up;E;521209
Key Down;E;521305
Key Up;E;521377
Key Down;E;521489
Key Up;E;521561
Key Down;E;521649
Key Up;E;521721
Key Down;E;521825
Key Up;E;521889
Key Down;E;521985
Key Up;E;522049
Key Down;E;522153
Key Up;E;522217
Key Down;E;522313
Key Up;E;522377
Key Down;E;522465
Key Up;E;522545
Key Down;E;522649
Key Up;E;522729
Key Down;E;522857
Key Up;E;522929
Key Down;E;523041
Key Up;E;523144
Key Down;E;523256
Key Up;E;523336
Key Down;E;523448
Key Up;E;523528
Key Down;E;523632
Key Up;E;523720
Key Down;E;523848
Key Up;E;523912
Key Down;E;524048
Key Up;E;524137
Key Down;E;524257
Key Up;E;524345
Key Down;E;524465
Key Up;E;524561
Key Down;E;524657
Key Up;E;524753
Key Down;E;524849
Key Up;E;524961
Key Down;E;525065
Key Up;E;525169
Key Down;E;525273
Key Up;E;525377
Key Down;E;525473
Key Up;E;525889
Key Down;E;525993
Key Up;E;526081
Key Down;E;526185
Key Up;E;526273
Key Down;E;526377
Key Up;E;526457
Key Down;E;526568
Key Up;E;526640
Key Down;R;538041
Key Up;R;538145
Key Down;R;538689
Key Up;R;538721
Key Down;R;540121
Key Up;R;540217
Key Down;Q;559353
Key Up;Q;559529
Key Down;Q;561882
Key Up;Q;562098
Key Down;Q;566257
Key Up;Q;566625
Key Down;Z;576193
Key Up;Z;576746
Key Down;Entrée;587146
Key Up;Entrée;587218
Key Down;Espace;589931
Key Up;Espace;589987
Key Down;R;593474
Key Up;R;593578
Key Down;Z;603618
Key Up;Z;604131
Key Down;S;620651
Key Up;S;620851
Key Down;R;625411
Key Up;R;625507
Key Down;R;625595
Key Up;R;625715
Key Down;R;625739
Key Up;R;625859
Key Down;R;625891
Key Up;R;625979
Key Down;R;626051
Key Up;R;626116
Key Down;R;626220
Key Up;R;626268
Key Down;R;626420
Key Up;R;626475
Key Down;R;626603
Key Up;R;626651
Key Down;E;626739
Key Up;E;626811
Key Down;E;626883
Key Up;E;626955
Key Down;E;627019
Key Up;E;627091
Key Down;E;627163
Key Up;E;627227
Key Down;E;627307
Key Up;E;627379
Key Down;E;627459
Key Up;E;627531
Key Down;E;627611
Key Up;E;627683
Key Down;E;627771
Key Up;E;627851
Key Down;E;627899
Key Up;E;627979
Key Down;E;628043
Key Up;E;628115
Key Down;E;628187
Key Up;E;628251
Key Down;E;628331
Key Up;E;628411
Key Down;E;628491
Key Up;E;628563
Key Down;E;628627
Key Up;E;628699
Key Down;E;628771
Key Up;E;628851
Key Down;E;628923
Key Up;E;629003
Key Down;E;629083
Key Up;E;629148
Key Down;E;629244
Key Up;E;629315
Key Down;E;629403
Key Up;E;629483
Key Down;E;629587
Key Up;E;629659
Key Down;E;629771
Key Up;E;629843
Key Down;E;629955
Key Up;E;630020
Key Down;E;630123
Key Up;E;630203
Key Down;E;630315
Key Up;E;630387
Key Down;E;630491
Key Up;E;630571
Key Down;E;630675
Key Up;E;630755
Key Down;E;630867
Key Up;E;630947
Key Down;E;631059
Key Up;E;631147
Key Down;E;631267
Key Up;E;631363
Key Down;E;631563
Key Up;E;631627
Key Down;E;631771
Key Up;E;631843
Key Down;E;631947
Key Up;E;632027
Key Down;E;632147
Key Up;E;632235
Key Down;E;632363
Key Up;E;632459
Key Down;E;632595
Key Up;E;632699
Key Down;E;632843
Key Up;E;633219
Key Down;E;633315
Key Up;E;633395
Key Down;E;633515
Key Up;E;633619
Key Down;E;633731
Key Up;E;633843
Key Down;E;633964
Key Up;E;634084
Key Down;E;634196
Key Up;E;634299
Key Down;E;634435
Key Up;E;634579
Key Down;E;634707
Key Up;E;634795
Key Down;E;634891
Key Up;E;634979
Key Down;E;635067
Key Up;E;635171
Key Down;E;635315
Key Up;E;635411
Key Down;E;635499
Key Up;E;635595
Key Down;R;638923
Key Up;R;638995
Key Down;R;639139
Key Up;R;639227
Key Down;R;646764
Key Up;R;646852
Key Down;R;690005
Key Up;R;690109
Key Down;R;704989
Key Up;R;705053
Key Down;R;705173
Key Up;R;705245
Key Down;R;705349
Key Up;R;705413
Key Down;R;705756
Key Up;R;705828
Key Down;E;705949
Key Up;E;706037
Key Down;E;706117
Key Up;E;706189
Key Down;E;706277
Key Up;E;706341
Key Down;E;706437
Key Up;E;706509
Key Down;E;706613
Key Up;E;706685
Key Down;E;706797
Key Up;E;706877
Key Down;E;707037
Key Up;E;707093
Key Down;E;707245
Key Up;E;707325
Key Down;E;707517
Key Up;E;707589
Key Down;Z;728093
Key Down;Left Shift;728253
Key Up;Left Shift;730654
Key Down;Left Shift;730846
Key Up;Left Shift;741965
Key Up;Z;744614
Key Down;E;749998
Key Up;E;750134
Key Down;E;752118
Key Up;E;752246
Key Down;E;753382
Key Up;E;753534
Key Down;E;754158
Key Up;E;754294
Key Down;R;755941
Key Up;R;756037
Key Down;Espace;792711
Key Up;Espace;792767
Key Down;E;872776
Key Up;E;872888
Key Down;Q;886065
Key Down;Z;886585
Key Up;Z;887113
Key Up;Q;887201
Key Down;Z;897105
Key Down;D;897849
Key Up;D;898793
Key Down;D;900297
Key Up;D;901393
Key Up;Z;901689
Key Down;Z;904257
Key Down;D;904793
Key Up;D;905985
Key Down;D;907649
Key Up;D;909153
Key Down;Q;911305
Key Up;Q;911689
Key Down;E;913290
Key Up;E;913410
Key Up;Z;913610
Key Down;Q;913810
Key Up;Q;914090
Key Down;E;914345
Key Up;E;914465
Key Down;Q;914561
Key Down;Z;914649
Key Up;Q;914993
Key Down;Q;915377
Key Up;Q;915937
Key Up;Z;921338
Key Down;D;923665
Key Up;D;923954
Key Down;Z;928313
Key Up;Z;928521
Key Down;Q;928993
Key Up;Q;929346
Key Down;Z;932154
Key Down;D;932522
Key Up;Z;933098
Key Up;D;933121
Key Down;Q;933505
Key Down;Z;933786
Key Up;Z;934146
Key Up;Q;934186
Key Down;E;934338
Key Up;E;934466
Key Down;Echap;935842
Key Up;Echap;935970
Key Down;Z;936602
Key Up;Z;936730
Key Down;E;936970
Key Up;E;937066
Key Down;Echap;946818
Key Up;Echap;946938
Key Down;Echap;949042
Key Up;Echap;949194
Key Down;Echap;950970
Key Up;Echap;951114
Key Down;Echap;951707
Key Up;Echap;951851
Key Down;Echap;955394
Key Up;Echap;955514
Key Down;Echap;964738
Key Up;Echap;964882
Key Down;Echap;966459
Key Up;Echap;966587
Key Down;Echap;970867
Key Up;Echap;971011
Key Down;Echap;972171
Key Up;Echap;972259
Key Down;Echap;978746
Key Up;Echap;978858
Key Down;Echap;990587
Key Up;Echap;990731
Key Down;Echap;991411
Key Up;Echap;991555
Key Down;Echap;992531
Key Up;Echap;992651
Key Down;Z;993203
Key Down;E;994507
Key Up;Z;994531
Key Up;E;994643
Key Down;E;1008612
Key Up;E;1008716
Key Down;E;1010995
Key Up;E;1011083
Key Down;E;1015971
Key Up;E;1016051
Key Down;E;1018116
Key Up;E;1018196
Key Down;Echap;1019244
Key Up;Echap;1019372
Key Down;Echap;1019828
Key Up;Echap;1019924
Key Down;Z;1020683
Key Down;Left Shift;1021428
Key Up;Left Shift;1022044
Key Down;Q;1022596
Key Up;Q;1023212
Key Down;D;1023340
Key Up;Z;1024028
Key Up;D;1024620
Key Down;Z;1024668
Key Down;Q;1024732
Key Up;Q;1024884
Key Down;Left Shift;1025219
Key Up;Left Shift;1025812
Key Down;D;1027756
Key Up;Z;1028172
Key Up;D;1028340
Key Down;Z;1028420
Key Down;Q;1028612
Key Up;Z;1029852
Key Up;Q;1030052
Key Down;E;1030300
Key Up;E;1030412
Key Down;E;1030988
Key Up;E;1031092
Key Down;Q;1031300
Key Down;Z;1031428
Key Up;Q;1031676
Key Up;Z;1031684
Key Down;E;1032196
Key Up;E;1032308
Key Down;Q;1032876
Key Down;E;1033068
Key Up;E;1033180
Key Down;E;1033580
Key Up;Q;1033676
Key Up;E;1033732
Key Down;E;1034676
Key Up;E;1034781
Key Down;D;1035076
Key Down;Z;1035204
Key Up;D;1035388
Key Down;Q;1035596
Key Up;Q;1035708
Key Up;Z;1035860
Key Down;D;1036244
Key Down;Z;1036252
Key Up;D;1036876
Key Up;Z;1037428
Key Down;Z;1037932
Key Up;Z;1039604
Key Down;Z;1040252
Key Up;Z;1040444
Key Down;R;1075381
Key Up;R;1075493
Key Down;R;1087413
Key Up;R;1087549
Key Down;R;1097510
Key Up;R;1097630
Key Down;Z;1101709
Key Up;Z;1103110
Key Down;D;1103350
Key Down;S;1103414
Key Up;D;1104086
Key Up;S;1104150
Key Down;Q;1104182
Key Down;Z;1104390
Key Up;Q;1104518
Key Down;Q;1105342
Key Up;Q;1106662
Key Down;D;1106822
Key Up;D;1108294
Key Down;Q;1108622
Key Up;Q;1110382
Key Down;D;1111381
Key Up;D;1111718
Key Down;Q;1115734
Key Up;Z;1116637
Key Up;Q;1116718
Key Down;Q;1116998
Key Down;Z;1117102
Key Up;Q;1117414
Key Down;Q;1118462
Key Up;Q;1119054
Key Up;Z;1119470
Key Down;E;1119526
Key Up;E;1119614
Key Down;Tab;1121062
Key Up;Tab;1121142
Key Down;F;1169223
Key Up;F;1169295
Key Down;Echap;1183104
Key Up;Echap;1183328
Key Down;D;1184447
Key Down;Z;1184776
Key Up;D;1186887
Key Up;Z;1188831
Key Down;Z;1190248
Key Up;Z;1193183
Key Down;Z;1194144
Key Up;Z;1194336
Key Down;Z;1194760
Key Up;Z;1195320
Key Down;Z;1196607
Key Up;Z;1196783
Key Down;E;1196871
Key Up;E;1196967
Key Down;Z;1197623
Key Up;Z;1198360
Key Down;Z;1198584
Key Up;Z;1202592
Key Down;Z;1216376
Key Down;D;1216824
Key Up;D;1216920
Key Up;Z;1217272
Key Down;Z;1217808
Key Down;D;1220608
Key Up;D;1221464
Key Up;Z;1221937
Key Down;Z;1223192
Key Down;Left Shift;1224792
Key Up;Left Shift;1227289
Key Down;Left Shift;1227656
Key Up;Left Shift;1230040
Key Up;Z;1230072
Key Down;Z;1231625
Key Down;Left Shift;1232848
Key Up;Z;1235569
Key Down;Z;1235873
Key Down;D;1235889
Key Up;Z;1236297
Key Up;D;1236377
Key Up;Left Shift;1236425
Key Down;Z;1237744
Key Down;D;1237888
Key Up;Z;1237944
Key Up;D;1238248
Key Down;Z;1238256
Key Down;D;1238784
Key Up;D;1238944
Key Down;Q;1239312
Key Up;Q;1239913
Key Up;Z;1239969
Key Down;E;1239985
Key Up;E;1240113
Key Down;Q;1240193
Key Down;Z;1240209
Key Up;Q;1240385
Key Down;Q;1241041
Key Up;Q;1241289
Key Down;Q;1241825
Key Up;Q;1242792
Key Up;Z;1243080
Key Down;Espace;1243440
Key Down;Z;1243560
Key Up;Espace;1243640
Key Up;Z;1243776
Key Down;Q;1244145
Key Up;Q;1244297
Key Down;Z;1244433
Key Down;D;1244777
Key Up;Z;1244849
Key Down;Z;1245657
Key Up;D;1245801
Key Down;Left Shift;1245953
Key Up;Left Shift;1247968
Key Down;D;1248000
Key Up;D;1249153
Key Up;Z;1251569
Key Down;Z;1251873
Key Up;Z;1252289
Key Down;Z;1252481
Key Down;Q;1253033
Key Up;Q;1253785
Key Up;Z;1254577
Key Down;Z;1254921
Key Up;Z;1255105
Key Down;Z;1256041
Key Up;Z;1257105
Key Down;Z;1258545
Key Down;D;1258946
Key Up;Z;1258986
Key Up;D;1259097
Key Down;Z;1259345
Key Up;Z;1259577
Key Down;Z;1261729
Key Up;Z;1262081
Key Down;E;1262321
Key Up;E;1262465
Key Down;Q;1299226
Key Up;Q;1299650
Key Down;E;1305058
Key Up;E;1305146
Key Down;Z;1305946
Key Down;D;1306146
Key Up;D;1306706
Key Down;Left Shift;1306850
Key Up;Left Shift;1309794
Key Down;Left Shift;1309890
Key Up;Left Shift;1312306
Key Up;Z;1312482
Key Down;E;1312610
Key Up;E;1312722
Key Down;Z;1312882
Key Down;Q;1312890
Key Up;Q;1313146
Key Down;Left Shift;1313346
Key Up;Left Shift;1315082
Key Up;Z;1315098
Key Down;E;1315162
Key Up;E;1315291
Key Down;Z;1317234
Key Up;Z;1317458
Key Down;E;1317618
Key Up;E;1317730
Key Down;E;1318034
Key Up;E;1318162
Key Down;E;1318602
Key Up;E;1318730
Key Down;Q;1318802
Key Down;Z;1318826
Key Up;Q;1319178
Key Down;D;1320203
Key Up;D;1320803
Key Down;Q;1321355
Key Up;Q;1323226
Key Up;Z;1324315
Key Down;E;1324355
Key Up;E;1324443
Key Down;Z;1325090
Key Down;D;1325466
Key Up;D;1325554
Key Down;D;1326418
Key Up;D;1326682
Key Up;Z;1327530
Key Down;E;1327890
Key Up;E;1327994
Key Down;E;1328459
Key Up;E;1328555
Key Down;E;1329107
Key Up;E;1329227
Key Down;E;1329459
Key Up;E;1329555
Key Down;E;1329715
Key Up;E;1329827
Key Down;Z;1330035
Key Up;Z;1330875
Key Down;Z;1332187
Key Down;D;1332923
Key Up;Z;1333035
Key Up;D;1333147
Key Down;D;1333546
Key Down;Z;1333754
Key Up;D;1333794
Key Up;Z;1334114
Key Down;E;1334250
Key Up;E;1334346
Key Down;Z;1334770
Key Up;Z;1335091
Key Down;E;1335171
Key Up;E;1335243
Key Down;S;1335571
Key Up;S;1335667
Key Down;E;1335779
Key Up;E;1335875
Key Down;E;1336195
Key Up;E;1336275
Key Down;Z;1336459
Key Down;Q;1338730
Key Up;Q;1338826
Key Down;Q;1340011
Key Up;Z;1341283
Key Up;Q;1341563
Key Down;D;1341851
Key Down;Z;1341883
Key Up;D;1342139
Key Down;Left Shift;1342195
Key Up;Left Shift;1343083
Key Up;Z;1343362
Key Down;E;1343746
Key Up;E;1343786
Key Down;Z;1343899
Key Down;D;1344579
Key Up;D;1344867
Key Up;Z;1344979
Key Down;Q;1345355
Key Down;Z;1345379
Key Up;Q;1345499
Key Down;Q;1346395
Key Up;Q;1347427
Key Down;Q;1347651
Key Up;Q;1348067
Key Down;Q;1348843
Key Up;Q;1349091
Key Down;D;1349403
Key Up;D;1350475
Key Down;Q;1351163
Key Up;Q;1351963
Key Down;Left Shift;1353204
Key Up;Left Shift;1354467
Key Down;Q;1354851
Key Up;Q;1356019
Key Up;Z;1356315
Key Down;Z;1357211
Key Up;Z;1358787
Key Down;Q;1359355
Key Down;Z;1359387
Key Up;Q;1359835
Key Down;Left Shift;1360139
Key Down;D;1364387
Key Up;Left Shift;1364715
Key Up;D;1365443
Key Down;Q;1365564
Key Up;Q;1365668
Key Up;Z;1365780
Key Down;Z;1366892
Key Down;D;1367339
Key Up;D;1367539
Key Down;Left Shift;1367627
Key Up;Left Shift;1375924
Key Up;Z;1376036
Key Down;Z;1376324
Key Down;D;1376932
Key Up;D;1377196
Key Down;Left Shift;1377340
Key Down;D;1378635
Key Up;Left Shift;1378979
Key Up;Z;1379116
Key Down;Z;1379316
Key Up;D;1380164
Key Down;D;1380900
Key Up;Z;1381964
Key Up;D;1381980
Key Down;Q;1382100
Key Down;Z;1382196
Key Up;Q;1382571
Key Down;Left Shift;1382579
Key Up;Left Shift;1384164
Key Down;Q;1384932
Key Up;Q;1385412
Key Down;D;1385588
Key Up;D;1386228
Key Down;Q;1388868
Key Up;Z;1388940
Key Up;Q;1389068
Key Down;Q;1389300
Key Down;Z;1389356
Key Up;Q;1389748
Key Down;Q;1390108
Key Up;Q;1391036
Key Up;Z;1391364
Key Down;Q;1391372
Key Down;Z;1391388
Key Up;Q;1391684
Key Down;D;1392708
Key Up;D;1393332
Key Down;Left Shift;1393364
Key Down;D;1393620
Key Up;D;1394204
Key Down;Q;1394980
Key Up;Left Shift;1395812
Key Up;Z;1395884
Key Down;Z;1396572
Key Up;Z;1398596
Key Up;Q;1398644
Key Down;Q;1399669
Key Down;Z;1400069
Key Up;Q;1400828
Key Down;Left Shift;1401004
Key Down;Q;1401540
Key Up;Q;1402293
Key Down;D;1402884
Key Up;D;1403429
Key Up;Z;1403892
Key Up;Left Shift;1403908
Key Down;E;1404068
Key Up;E;1404220
Key Down;Z;1405172
Key Up;Z;1405444
Key Down;Q;1406244
Key Down;Z;1406252
Key Up;Q;1406460
Key Up;Z;1406508
Key Down;Z;1407060
Key Down;D;1407413
Key Up;D;1407877
Key Up;Z;1408373
Key Down;D;1408429
Key Down;Z;1408764
Key Up;D;1409076
Key Down;Q;1409788
Key Up;Q;1410588
Key Down;Left Shift;1411156
Key Up;Left Shift;1415300
Key Down;Q;1415316
Key Up;Z;1415700
Key Down;Z;1415996
Key Up;Q;1416084
Key Down;D;1417029
Key Up;D;1417941
Key Down;Q;1418301
Key Up;Z;1418453
Key Up;Q;1418485
Key Down;E;1418876
Key Up;E;1418972
Key Down;Q;1419404
Key Down;Z;1419428
Key Down;E;1419692
Key Up;E;1419828
Key Down;E;1419972
Key Up;E;1420052
Key Down;E;1420196
Key Up;E;1420340
Key Up;Z;1420356
Key Up;Q;1420396
Key Down;E;1420492
Key Up;E;1420628
Key Down;Z;1420765
Key Down;Q;1420797
Key Up;Q;1421085
Key Down;D;1425773
Key Up;Z;1426349
Key Up;D;1426357
Key Down;Q;1431653
Key Up;Q;1432413
Key Down;Z;1436037
Key Down;D;1436725
Key Up;D;1437357
Key Down;Q;1437725
Key Up;Q;1439621
Key Up;Z;1441413
Key Down;Q;1441509
Key Down;Z;1441597
Key Up;Q;1441781
Key Down;Left Shift;1442061
Key Up;Left Shift;1445541
Key Down;Q;1446950
Key Up;Q;1447277
Key Down;Left Shift;1448797
Key Up;Left Shift;1450109
Key Up;Z;1451134
Key Down;Z;1465230
Key Down;D;1465926
Key Up;D;1466630
Key Up;Z;1468269
Key Down;Z;1469606
Key Up;Z;1470366
Key Down;Z;1470902
Key Up;Z;1471310
Key Down;Z;1471958
Key Up;Z;1472661
Key Down;Q;1473861
Key Up;Q;1474469
Key Down;Z;1475398
Key Up;Z;1476086
Key Down;Z;1479870
Key Down;Q;1480126
Key Up;Q;1480526
Key Up;Z;1480822
Key Down;Z;1481534
Key Up;Z;1485502
Key Down;Z;1485798
Key Up;Z;1489286
Key Down;Z;1489606
Key Up;Z;1491174
Key Down;Z;1493390
Key Down;F;1494006
Key Up;Z;1494991
Key Down;Z;1495823
Key Up;F;1495847
Key Up;Z;1496262
Key Down;F;1496590
Key Up;F;1496734
Key Down;Z;1497774
Key Up;Z;1497990
Key Down;Z;1498974
Key Down;F;1499158
Key Up;F;1499318
Key Down;F;1499911
Key Up;Z;1499959
Key Up;F;1500951
Key Down;Z;1501047
Key Up;Z;1501910
Key Down;Z;1502430
Key Up;Z;1503286
Key Down;Q;1504319
Key Down;Z;1504343
Key Up;Q;1504471
Key Down;D;1504687
Key Up;Z;1504751
Key Up;D;1504999
Key Down;Z;1506023
Key Up;Z;1507487
Key Down;Z;1507847
Key Down;Q;1507935
Key Up;Q;1508911
Key Up;Z;1509135
Key Down;Z;1510990
Key Down;Q;1511102
Key Up;Q;1511991
Key Up;Z;1512047
Key Down;Z;1513511
Key Down;Q;1513535
Key Up;Q;1514071
Key Up;Z;1514103
Key Down;Z;1514655
Key Up;Z;1514975
Key Down;Q;1515518
Key Down;Z;1515926
Key Up;Q;1516318
Key Up;Z;1516358
Key Down;Z;1516631
Key Up;Z;1517119
Key Down;D;1517231
Key Up;D;1517327
Key Down;S;1517335
Key Up;S;1517775
Key Down;Z;1517943
Key Down;Left Shift;1518590
Key Up;Left Shift;1518726
Key Up;Z;1518790
Key Down;D;1519287
Key Up;D;1519559
Key Down;Z;1520711
Key Up;Z;1521423
Key Down;S;1521775
Key Down;D;1521879
Key Up;S;1522175
Key Up;D;1522247
Key Down;D;1527023
Key Up;D;1527223
Key Down;Z;1529423
Key Down;D;1529615
Key Up;D;1529871
Key Up;Z;1529887
Key Down;Z;1530375
Key Up;Z;1530943
Key Down;Espace;1550952
Key Up;Espace;1551104
Key Down;Z;1555919
Key Down;D;1556639
Key Up;Z;1556743
Key Up;D;1556871
Key Down;Q;1556928
Key Down;Z;1557040
Key Up;Q;1557192
Key Up;Z;1557504
Key Down;D;1557768
Key Down;Z;1557888
Key Up;D;1557912
Key Down;Espace;1558120
Key Down;Q;1558440
Key Up;Espace;1558528
Key Up;Q;1558632
Key Down;D;1558736
Key Up;D;1559296
Key Up;Z;1560183
Key Down;D;1560327
Key Down;Z;1560503
Key Up;D;1560895
Key Down;D;1561215
Key Up;Z;1562528
Key Up;D;1562560
Key Down;D;1562824
Key Up;D;1562944
Key Down;Q;1562976
Key Down;Z;1563312
Key Up;Q;1563528
Key Down;Left Shift;1563936
Key Down;R;1566536
Key Up;R;1566680
Key Down;Q;1568208
Key Up;Q;1568560
Key Down;Q;1569152
Key Up;Q;1569304
Key Down;D;1570023
Key Up;Left Shift;1570111
Key Up;D;1570263
Key Up;Z;1571160
Key Down;Z;1572824
Key Up;Z;1573344
Key Down;Z;1577872
Key Down;D;1577896
Key Up;Z;1578440
Key Up;D;1578472
Key Down;Z;1578904
Key Down;Q;1579856
Key Up;Q;1580304
Key Down;Left Shift;1580504
Key Down;Q;1581969
Key Up;Q;1582185
Key Up;Left Shift;1582489
Key Up;Z;1583264
Key Down;E;1583376
Key Up;E;1583488
Key Down;D;1583688
Key Up;D;1584472
Key Down;D;1585288
Key Down;Z;1585688
Key Up;D;1585928
Key Up;Z;1586888
Key Down;Q;1586960
Key Up;Q;1587080
Key Down;S;1587104
Key Down;D;1587256
Key Up;D;1587536
Key Up;S;1587576
Key Down;Z;1587841
Key Down;Q;1589792
Key Up;Q;1590576
Key Down;Q;1590824
Key Up;Q;1591064
Key Up;Z;1591192
Key Down;E;1591368
Key Up;E;1591512
Key Down;E;1591840
Key Up;E;1591960
Key Down;E;1592593
Key Up;E;1592697
Key Down;E;1593009
Key Up;E;1593129
Key Down;E;1593689
Key Up;E;1593785
Key Down;E;1594200
Key Up;E;1594304
Key Down;E;1594672
Key Up;E;1594808
Key Down;E;1595000
Key Up;E;1595128
Key Down;E;1595320
Key Down;Q;1595408
Key Up;E;1595432
Key Down;Z;1595672
Key Down;E;1595680
Key Up;E;1595792
Key Down;E;1595976
Key Up;Z;1596040
Key Up;Q;1596064
Key Up;E;1596088
Key Down;E;1596592
Key Up;E;1596713
Key Down;Q;1596753
Key Down;Z;1596793
Key Up;Q;1597097
Key Up;Z;1597337
Key Down;Z;1597817
Key Down;Q;1601617
Key Up;Q;1602369
Key Down;Left Shift;1602569
Key Up;Left Shift;1603952
Key Down;D;1605184
Key Up;D;1605320
Key Down;D;1605993
Key Up;D;1607265
Key Up;Z;1607921
Key Down;E;1608057
Key Up;E;1608185
Key Down;Q;1608609
Key Down;Z;1608952
Key Up;Z;1609184
Key Up;Q;1609224
Key Down;Z;1610753
Key Up;Z;1611473
Key Down;Z;1612361
Key Up;Z;1613201
Key Down;Z;1613880
Key Up;Z;1614625
Key Down;Z;1615329
Key Up;Z;1616456
Key Down;Z;1617297
Key Down;D;1617585
Key Up;Z;1617880
Key Up;D;1618080
Key Down;Z;1618529
Key Up;Z;1619969
Key Down;E;1620153
Key Up;E;1620289
Key Down;Z;1620433
Key Up;Z;1620769
Key Down;E;1620817
Key Up;E;1620929
Key Down;Z;1621065
Key Down;D;1621289
Key Up;D;1621721
Key Down;Left Shift;1622105
Key Up;Left Shift;1622617
Key Down;D;1623137
Key Up;Z;1624281
Key Up;D;1624961
Key Down;Z;1626249
Key Down;Left Shift;1626425
Key Up;Left Shift;1627329
Key Up;Z;1628057
Key Down;E;1628337
Key Up;E;1628473
Key Down;Z;1628545
Key Down;Q;1629433
Key Up;Q;1629609
Key Up;Z;1629657
Key Down;E;1629681
Key Up;E;1629849
Key Down;Q;1629978
Key Down;Z;1630074
Key Up;Q;1631057
Key Down;D;1631337
Key Up;D;1632025
Key Up;Z;1632361
Key Down;Z;1632817
Key Down;Q;1632905
Key Up;Q;1633089
Key Up;Z;1633105
Key Down;Z;1633849
Key Down;Left Shift;1634049
Key Up;Left Shift;1635042
Key Up;Z;1635434
Key Down;S;1636849
Key Down;Q;1637025
Key Up;Q;1637705
Key Up;S;1637817
Key Down;D;1639706
Key Down;Z;1640082
Key Up;Z;1640426
Key Down;Z;1640562
Key Up;D;1640921
Key Down;Left Shift;1641161
Key Down;D;1643410
Key Up;Left Shift;1643466
Key Up;Z;1643834
Key Up;D;1644290
Key Down;Z;1645562
Key Down;Left Shift;1645634
Key Up;Left Shift;1653066
Key Down;Q;1655025
Key Up;Q;1655474
Key Down;D;1657786
Key Up;D;1658282
Key Down;Q;1658570
Key Up;Z;1658634
Key Up;Q;1658986
Key Down;Z;1659178
Key Up;Z;1660242
Key Down;Z;1660578
Key Up;Z;1661202
Key Down;Z;1661954
Key Down;D;1662018
Key Up;D;1662490
Key Up;Z;1662546
Key Down;Z;1662994
Key Up;Z;1664218
Key Down;Z;1664586
Key Down;D;1664714
Key Up;D;1665162
Key Up;Z;1665546
Key Down;Q;1665601
Key Up;Q;1665858
Key Down;Tab;1666194
Key Up;Tab;1667346
Key Down;Echap;1667954
Key Up;Echap;1668106
Key Down;Echap;1671170
Key Up;Echap;1671338
Key Down;Echap;1673530
Key Up;Echap;1673666
Key Down;Echap;1673978
Key Up;Echap;1674098
Key Down;Z;1674498
Key Up;Z;1674915
Key Down;D;1674947
Key Up;D;1675211
Key Down;Z;1676194
Key Down;Q;1676914
Key Up;Q;1677322
Key Up;Z;1681650
Key Down;E;1681986
Key Up;E;1682106
Key Down;E;1683130
Key Up;E;1683258
Key Down;Z;1683595
Key Up;Z;1684251
Key Down;E;1684491
Key Up;E;1684595
Key Down;E;1684915
Key Up;E;1685027
Key Down;Z;1685339
Key Up;Z;1685514
Key Down;E;1685650
Key Up;E;1685778
Key Down;E;1686162
Key Up;E;1686258
Key Down;E;1686738
Key Up;E;1686866
Key Down;Z;1687810
Key Down;D;1688363
Key Up;Z;1688659
Key Up;D;1688803
Key Down;E;1689314
Key Up;E;1689394
Key Down;E;1689666
Key Up;E;1689762
Key Down;E;1690226
Key Up;E;1690323
Key Down;E;1690482
Key Up;E;1690618
Key Down;Z;1690858
Key Down;D;1691074
Key Up;Z;1691155
Key Up;D;1691411
Key Down;Z;1692643
Key Up;Z;1693210
Key Down;D;1694307
Key Down;Z;1694643
Key Up;D;1694947
Key Up;Z;1695003
Key Down;D;1695571
Key Down;Z;1695747
Key Up;D;1695827
Key Up;Z;1696203
Key Down;Left Control;1699643
Key Down;Z;1699971
Key Down;Q;1700043
Key Up;Q;1700451
Key Up;Z;1700859
Key Down;Z;1701099
Key Down;Q;1701523
Key Up;Q;1701795
Key Down;Q;1702123
Key Up;Z;1702299
Key Down;Z;1702795
Key Up;Z;1702931
Key Down;Z;1703474
Key Up;Z;1703698
Key Down;Z;1704059
Key Up;Z;1706187
Key Up;Q;1707211
Key Down;Q;1707970
Key Down;Z;1707994
Key Up;Z;1711299
Key Up;Q;1711387
Key Down;Z;1713907
Key Up;Z;1714667
Key Down;Z;1716027
Key Up;Z;1716251
Key Down;Z;1716827
Key Down;D;1716899
Key Up;Z;1717051
Key Up;D;1717059
Key Down;Z;1717612
Key Up;Z;1717724
Key Down;E;1717892
Key Up;E;1718003
Key Down;Z;1718451
Key Up;Z;1718659
Key Down;E;1718859
Key Up;E;1719011
Key Up;Left Control;1719251
Key Down;Tab;1719491
Key Up;Tab;1720955
Key Down;Left Control;1721595
Key Down;Q;1722084
Key Down;Z;1722156
Key Up;Q;1722308
Key Up;Z;1723299
Key Down;E;1723355
Key Up;E;1723459
Key Down;E;1723675
Key Up;E;1723787
Key Down;E;1724187
Key Up;E;1724331
Key Down;E;1724747
Key Up;E;1724883
Key Down;Z;1725291
Key Down;E;1725387
Key Up;E;1725539
Key Up;Z;1725883
Key Down;E;1725963
Key Up;E;1726067
Key Down;E;1726396
Key Up;E;1726484
Key Down;D;1727412
Key Up;D;1727619
Key Down;Z;1729372
Key Up;Z;1731171
Key Down;Z;1731627
Key Up;Z;1731835
Key Down;Q;1732035
Key Down;Z;1732043
Key Up;Q;1732163
Key Up;Z;1732171
Key Down;Z;1732531
Key Up;Z;1732643
Key Down;Q;1732940
Key Up;Q;1733028
Key Down;Z;1734507
Key Up;Z;1734595
Key Down;S;1735003
Key Up;Left Control;1735035
Key Up;S;1735652
Key Down;Z;1736012
Key Down;Espace;1736292
Key Down;Q;1736548
Key Up;Espace;1736812
Key Up;Z;1736820
Key Up;Q;1737388
Key Down;Z;1737883
Key Up;Z;1738131
Key Down;E;1738483
Key Up;E;1738595
Key Down;Left Control;1739419
Key Down;E;1739900
Key Up;E;1740012
Key Down;Q;1740396
Key Down;Z;1740420
Key Down;E;1740508
Key Up;E;1740644
Key Up;Q;1740812
Key Up;Z;1741172
Key Down;Z;1741668
Key Down;E;1741828
Key Up;E;1742004
Key Down;E;1742180
Key Up;Z;1742204
Key Up;E;1742260
Key Down;E;1742420
Key Up;E;1742564
Key Down;Z;1742596
Key Down;D;1743875
Key Up;Z;1744164
Key Up;D;1744300
Key Down;E;1744484
Key Up;E;1744588
Key Down;Z;1744764
Key Up;Z;1745316
Key Down;E;1745380
Key Up;E;1745500
Key Down;E;1745652
Key Up;E;1745756
Key Down;Z;1745956
Key Up;Z;1746228
Key Down;E;1746236
Key Up;E;1746332
Key Down;Z;1746556
Key Down;Q;1746884
Key Up;Q;1747220
Key Up;Z;1747795
Key Down;E;1748051
Key Up;E;1748187
Key Down;Z;1748259
Key Down;E;1748828
Key Down;Q;1748908
Key Up;E;1748948
Key Up;Z;1749188
Key Up;Q;1749364
Key Down;E;1749428
Key Up;E;1749572
Key Down;Z;1749876
Key Up;Z;1750036
Key Down;Z;1750500
Key Down;D;1750732
Key Up;Z;1750804
Key Up;D;1750924
Key Down;D;1751180
Key Down;Z;1751268
Key Up;Z;1751692
Key Up;D;1751924
Key Down;Z;1755684
Key Down;D;1755852
Key Up;Z;1756412
Key Up;D;1756740
Key Down;D;1764533
Key Down;Z;1764565
Key Up;D;1765037
Key Up;Z;1765149
Key Down;Z;1765548
Key Up;Z;1765676
Key Down;Z;1766084
Key Down;D;1766092
Key Up;Z;1766436
Key Up;D;1766460
Key Down;D;1768909
Key Down;Z;1769029
Key Up;D;1770660
Key Down;D;1770964
Key Up;D;1771276
Key Down;Q;1771901
Key Up;Q;1772245
Key Down;D;1772317
Key Up;D;1773076
Key Down;D;1773572
Key Up;D;1774020
Key Down;D;1774396
Key Up;D;1774892
Key Up;Z;1774932
Key Down;D;1775644
Key Down;Z;1775796
Key Up;Z;1775981
Key Up;D;1776013
Key Down;Z;1780372
Key Down;Q;1780621
Key Up;Q;1781349
Key Down;D;1781821
Key Up;D;1782045
Key Down;E;1783156
Key Up;E;1783276
Key Up;Z;1783404
Key Down;E;1783532
Key Up;E;1783660
Key Down;Z;1783828
Key Down;D;1784172
Key Up;D;1784716
Key Up;Z;1786053
Key Down;Z;1787629
Key Down;D;1787757
Key Up;Z;1789909
Key Up;D;1790749
Key Down;D;1791117
Key Down;Z;1791229
Key Up;D;1791733
Key Down;D;1791949
Key Up;D;1792061
Key Down;D;1792277
Key Up;D;1793053
Key Down;Q;1793100
Key Up;Q;1793188
Key Up;Z;1793740
Key Down;Z;1795237
Key Down;Q;1795693
Key Up;Q;1795989
Key Down;D;1796485
Key Up;Z;1797485
Key Down;Z;1797701
Key Up;D;1798477
Key Down;D;1798717
Key Up;Z;1799765
Key Down;Z;1799869
Key Up;D;1799893
Key Down;D;1800165
Key Up;Z;1800269
Key Down;Z;1800493
Key Up;Z;1800581
Key Up;D;1800749
Key Down;D;1804021
Key Down;Z;1804245
Key Up;D;1804789
Key Up;Z;1805229
Key Down;D;1805517
Key Down;Z;1806205
Key Up;D;1806517
Key Up;Z;1807285
Key Down;Espace;1807493
Key Down;Z;1807581
Key Down;D;1807589
Key Up;Espace;1807717
Key Up;D;1808197
Key Down;Espace;1808373
Key Up;Z;1808469
Key Up;Espace;1808477
Key Down;Q;1808790
Key Up;Q;1808974
Key Down;Z;1809422
Key Up;Left Control;1809765
Key Up;Z;1810125
Key Down;E;1810301
Key Up;E;1810413
Key Down;Q;1811373
Key Up;Q;1811493
Key Down;S;1811813
Key Up;S;1811893
Key Down;E;1812397
Key Up;E;1812477
Key Down;E;1812725
Key Up;E;1812813
Key Down;Z;1814030
Key Down;Q;1814517
Key Up;Q;1814941
Key Down;Left Shift;1815253
Key Up;Left Shift;1816421
Key Down;E;1816493
Key Up;Z;1816501
Key Up;E;1816637
Key Down;Z;1816717
Key Down;E;1816901
Key Up;Z;1816989
Key Up;E;1817029
Key Down;E;1817229
Key Up;E;1817365
Key Down;Z;1817637
Key Down;E;1817645
Key Up;E;1817750
Key Down;E;1817910
Key Up;E;1818022
Key Up;Z;1818310
Key Down;Z;1818942
Key Down;E;1818998
Key Up;Z;1819022
Key Up;E;1819094
Key Down;E;1819437
Key Up;E;1819533
Key Down;Z;1819917
Key Down;E;1820029
Key Up;Z;1820189
Key Up;E;1820205
Key Down;Z;1820581
Key Down;Q;1820813
Key Up;Q;1821165
Key Up;Z;1821493
Key Down;Z;1821861
Key Down;Q;1822254
Key Up;Q;1822422
Key Up;Z;1823014
Key Down;D;1823182
Key Down;Z;1823406
Key Up;D;1824174
Key Down;E;1825957
Key Up;Z;1826021
Key Up;E;1826101
Key Down;E;1826269
Key Up;E;1826381
Key Down;E;1827078
Key Up;E;1827190
Key Down;E;1827590
Key Up;E;1827702
Key Down;Z;1828014
Key Down;Espace;1829325
Key Up;Espace;1829493
Key Down;Q;1829629
Key Down;E;1829989
Key Up;Q;1830005
Key Up;E;1830085
Key Down;Q;1830173
Key Up;Q;1830341
Key Down;Q;1831021
Key Up;Q;1831206
Key Down;Q;1831414
Key Up;Q;1832094
Key Down;E;1832622
Key Up;E;1832702
Key Down;E;1832862
Key Up;E;1832950
Key Down;D;1833734
Key Up;D;1833918
Key Down;Q;1834277
Key Up;Q;1834925
Key Down;Left Shift;1835141
Key Up;Left Shift;1838758
Key Up;Z;1839574
Key Down;Z;1840334
Key Down;E;1840797
Key Up;Z;1840950
Key Up;E;1840958
Key Down;E;1841150
Key Up;E;1841286
Key Down;Z;1841318
Key Down;E;1841550
Key Up;E;1841638
Key Down;E;1841822
Key Up;E;1841982
Key Down;E;1842190
Key Up;Z;1842254
Key Up;E;1842318
Key Down;E;1842486
Key Up;E;1842566
Key Down;Z;1842806
Key Up;Z;1843198
Key Down;E;1843502
Key Down;Z;1843558
Key Up;E;1843630
Key Down;E;1843829
Key Up;E;1843933
Key Down;E;1844125
Key Up;E;1844254
Key Down;E;1844430
Key Up;E;1844526
Key Up;Z;1844542
Key Down;E;1844742
Key Up;E;1844846
Key Down;E;1845046
Key Up;E;1845134
Key Down;E;1845542
Key Up;E;1845646
Key Down;Z;1845798
Key Down;Left Control;1848038
Key Down;Q;1848406
Key Up;Q;1848982
Key Up;Z;1849134
Key Down;D;1849198
Key Down;Z;1849630
Key Up;D;1849662
Key Down;Q;1849710
Key Up;Q;1849774
Key Down;D;1850046
Key Up;Z;1850574
Key Up;D;1850934
Key Down;D;1851870
Key Up;D;1852054
Key Down;D;1853511
Key Down;Z;1853974
Key Up;D;1854006
Key Down;R;1854222
Key Up;R;1854326
Key Down;Q;1854590
Key Up;Z;1854638
Key Up;Q;1854678
Key Down;R;1855206
Key Up;R;1855294
Key Up;Left Control;1855502
Key Down;Z;1857510
Key Down;Left Control;1857791
Key Up;Z;1857855
Key Down;Z;1857975
Key Down;Q;1859054
Key Up;Q;1859422
Key Down;Q;1861118
Key Up;Q;1861478
Key Up;Z;1862046
Key Down;E;1862231
Key Up;E;1862375
Key Down;Z;1862527
Key Down;E;1863175
Key Up;Z;1863191
Key Up;E;1863303
Key Down;E;1863758
Key Up;E;1863862
Key Down;D;1864494
Key Up;D;1864950
Key Down;Q;1866655
Key Up;Q;1866775
Key Down;S;1867735
Key Down;D;1867743
Key Up;D;1867911
Key Up;S;1867927
Key Down;Z;1868599
Key Up;Z;1868687
Key Down;Z;1868814
Key Down;D;1869118
Key Up;D;1869430
Key Down;Q;1869590
Key Up;Q;1869982
Key Down;Q;1870527
Key Up;Q;1871350
Key Up;Z;1871422
Key Down;Z;1878151
Key Down;R;1878495
Key Down;Q;1878631
Key Up;R;1878639
Key Down;D;1880518
Key Up;Q;1880550
Key Up;Z;1880718
Key Down;Z;1881679
Key Up;D;1881975
Key Up;Z;1882343
Key Down;Z;1890751
Key Down;R;1891079
Key Up;Z;1891143
Key Up;R;1891151
Key Down;Z;1891983
Key Up;Left Control;1892935
Key Down;D;1892943
Key Up;D;1893263
Key Down;E;1894559
Key Up;Z;1894591
Key Up;E;1894687
Key Down;E;1894975
Key Up;E;1895071
Key Down;E;1895263
Key Up;E;1895375
Key Down;Z;1899623
Key Up;Z;1900135
Key Down;E;1900519
Key Up;E;1900623
Key Down;Z;1900767
Key Down;D;1900879
Key Up;D;1901375
Key Up;Z;1901567
Key Down;E;1901599
Key Up;E;1901695
Key Down;E;1901927
Key Up;E;1902039
Key Down;Z;1902423
Key Down;E;1902631
Key Up;Z;1902671
Key Up;E;1902743
Key Down;Z;1903704
Key Up;Z;1904775
Key Down;Q;1905503
Key Up;Q;1905655
Key Down;Z;1906183
Key Up;Z;1906383
Key Down;E;1906495
Key Up;E;1906583
Key Down;Z;1907135
Key Up;Z;1907223
Key Down;D;1907615
Key Down;Z;1907999
Key Up;D;1908344
Key Down;Q;1909839
Key Up;Q;1911039
Key Up;Z;1913663
Key Down;E;1913735
Key Up;E;1913863
Key Down;Z;1913943
Key Down;D;1914832
Key Up;D;1915216
Key Up;Z;1915336
Key Down;Z;1916111
Key Up;Z;1916543
Key Down;Echap;1916607
Key Up;Echap;1916695
Key Down;Left Alt;1917479
Key Down;Tab;1917615
Key Up;Left Alt;1917695
Key Up;Tab;1917729
