Event;Key;Time
Key Down;Echap;2286
Key Up;Echap;2415
Key Down;Z;3174
Key Up;Z;4158
Key Down;Q;13703
Key Down;Z;13942
Key Up;Z;14558
Key Down;Z;16423
Key Up;Z;17158
Key Down;Z;17446
Key Up;Z;17494
Key Down;D;17663
Key Down;Z;17742
Key Up;D;17799
Key Up;Q;17910
Key Down;D;18287
Key Up;D;18358
Key Down;Q;18422
Key Up;Z;18542
Key Down;S;19110
Key Up;Q;19799
Key Down;Q;20182
Key Up;Q;20383
Key Up;S;20494
Key Down;Q;20686
Key Down;Z;20735
Key Up;Q;20775
Key Up;Z;20799
Key Down;Q;21174
Key Up;Q;21790
Key Down;D;22271
Key Down;Z;22799
Key Up;Z;23007
Key Down;Z;23078
Key Up;D;23830
Key Up;Z;23862
Key Down;S;24399
Key Down;D;24543
Key Up;S;24806
Key Down;Z;25111
Key Down;Q;25750
Key Up;D;25887
Key Up;Z;25927
Key Up;Q;26446
Key Down;D;27462
Key Up;D;27622
Key Down;Q;27934
Key Up;Q;28262
Key Down;A;28470
Key Up;A;28590
Key Down;Q;28942
Key Up;Q;29111
Key Down;S;29255
Key Down;D;29279
Key Up;S;29631
Key Down;S;29966
Key Up;D;30726
Key Up;S;31110
Key Down;Z;31255
Key Down;Q;31727
Key Up;Z;32215
Key Up;Q;32431
Key Down;Q;33247
Key Down;S;33278
Key Up;Q;33303
Key Up;S;33406
Key Down;D;33590
Key Down;S;33774
Key Up;D;34342
Key Down;Q;35551
Key Up;Q;36239
Key Up;S;36414
Key Down;Q;36558
Key Up;Q;36790
Key Down;Q;36910
Key Down;Z;37414
Key Up;Q;37494
Key Down;D;37878
Key Up;Z;37942
Key Down;S;38295
Key Up;D;38639
Key Up;S;38726
Key Down;Q;39655
Key Down;Z;39894
Key Up;Q;39910
Key Down;D;40063
Key Up;Z;40214
Key Up;D;40255
Key Down;Q;40454
Key Up;Q;40519
Key Down;Q;40910
Key Up;Q;41134
Key Down;Q;41486
Key Down;Z;41598
Key Up;Q;41894
Key Down;Q;42190
Key Up;Q;42423
Key Down;D;43015
Key Up;D;43158
Key Down;A;43190
Key Up;A;43262
Key Up;Z;43303
Key Down;Z;43782
Key Down;D;43839
Key Up;D;44206
Key Up;Z;44230
Key Down;D;44566
Key Down;S;45022
Key Up;D;45046
Key Up;S;45111
Key Down;A;46815
Key Up;A;46887
Key Down;D;47463
Key Up;D;47854
Key Down;Q;47943
Key Down;S;48734
Key Up;Q;48847
Key Up;S;49142
Key Down;A;49174
Key Up;A;49270
Key Down;Q;49750
Key Down;S;49910
Key Up;Q;49974
Key Up;S;50078
Key Down;Q;50150
Key Down;S;50390
Key Up;Q;50526
Key Up;S;50670
Key Down;Z;51631
Key Down;Q;51742
Key Up;Z;51823
Key Up;Q;52046
Key Down;A;53198
Key Up;A;53319
Key Down;D;53950
Key Down;S;54286
Key Up;D;54526
Key Up;S;54830
Key Down;D;55422
Key Up;D;55838
Key Down;D;56815
Key Down;Z;56894
Key Up;D;57414
Key Down;Q;57790
Key Up;Z;58342
Key Up;Q;58718
Key Down;D;59518
Key Down;Z;59775
Key Up;D;59878
Key Up;Z;60623
Key Down;Z;61054
Key Up;Z;61070
Key Down;Echap;61239
Key Up;Echap;61366
Key Down;Q;70038
Key Down;Z;70623
Key Up;Q;70830
Key Down;Q;71502
Key Up;Q;71590
Key Down;D;72902
Key Up;D;73575
Key Down;Q;73591
Key Up;Z;74126
Key Down;Z;74382
Key Up;Q;74646
Key Down;Q;75062
Key Up;Q;75110
Key Down;D;75374
Key Up;Z;75862
Key Down;Q;77150
Key Up;D;77166
Key Down;S;77550
Key Up;Q;78078
Key Down;D;78182
Key Up;S;78406
Key Up;D;78838
Key Down;S;79598
Key Down;A;80103
Key Down;D;80206
Key Up;A;80214
Key Up;S;80246
Key Down;S;80910
Key Up;D;81158
Key Up;S;81278
Key Down;D;81950
Key Down;Z;83166
Key Up;D;83702
Key Down;Q;84790
Key Up;Z;85278
Key Down;S;87310
Key Up;Q;87406
Key Down;A;87542
Key Up;A;87646
Key Up;S;88334
Key Down;Z;88518
Key Down;Q;88598
Key Up;Q;88702
Key Down;D;88886
Key Up;D;89110
Key Up;Z;89166
Key Down;D;90030
Key Up;D;90566
Key Down;Q;90574
Key Up;Q;90646
Key Down;Q;90814
Key Down;S;91166
Key Up;Q;91862
Key Down;D;92078
Key Up;S;93302
Key Down;A;94238
Key Up;A;94310
Key Up;D;94438
Key Down;Z;95230
Key Down;Q;95246
Key Up;Q;95302
Key Down;D;95590
Key Up;D;95718
Key Up;Z;96406
Key Down;Z;98334
Key Down;Q;98470
Key Up;Q;98654
Key Up;Z;98750
Key Down;A;98806
Key Up;A;98878
Key Down;Q;99318
Key Down;S;100174
Key Up;Q;100230
Key Up;S;100318
Key Down;S;100590
Key Down;Q;100966
Key Up;S;101470
Key Up;Q;102774
Key Down;Q;103174
Key Down;S;104166
Key Up;S;104606
Key Down;S;104958
Key Up;Q;105526
Key Up;S;105622
Key Down;Q;105629
Key Up;Q;105902
Key Down;Q;106262
Key Down;Z;106310
Key Up;Q;106558
Key Down;Q;106830
Key Up;Q;106990
Key Down;D;107054
Key Up;Z;107126
Key Down;Z;107366
Key Up;D;107446
Key Down;Q;107502
Key Up;Q;107886
Key Down;D;108390
Key Up;Z;108718
Key Down;S;108894
Key Up;D;109238
Key Down;Q;109294
Key Up;Q;109982
Key Down;D;110326
Key Up;D;110630
Key Down;D;110926
Key Up;D;111045
Key Down;D;111198
Key Up;D;111254
Key Down;D;111310
Key Up;S;111950
Key Up;D;112782
Key Down;A;115990
Key Up;A;116102
Key Down;Z;116598
Key Up;Z;117118
Key Down;D;117614
Key Down;Z;118038
Key Up;Z;118270
Key Down;Z;119390
Key Up;D;120614
Key Down;D;120806
Key Up;Z;121318
Key Down;Z;121662
Key Up;D;121806
Key Down;Q;123390
Key Up;Z;123454
Key Up;Q;123534
Key Down;S;124006
Key Down;D;124030
Key Up;D;124158
Key Down;Q;124398
Key Up;S;124446
Key Up;Q;124542
Key Down;A;125430
Key Up;A;125526
Key Down;D;125910
Key Down;Z;126150
Key Up;D;126334
Key Down;Q;126590
Key Up;Z;126862
Key Up;Q;126966
Key Down;D;126998
Key Down;Z;127182
Key Up;Z;127622
Key Down;Q;127718
Key Up;D;127734
Key Down;Z;128037
Key Up;Q;128118
Key Up;Z;128782
Key Down;Z;128989
Key Down;D;129221
Key Up;Z;129254
Key Down;Z;129422
Key Up;D;130022
Key Up;Z;130206
Key Down;S;130357
Key Down;D;130726
Key Up;S;130742
Key Down;Z;130942
Key Up;D;131118
Key Up;Z;131366
Key Down;S;131902
Key Up;S;131966
Key Down;S;133678
Key Down;Q;133838
Key Up;S;134150
Key Up;Q;134358
Key Down;Z;134678
Key Down;D;134998
Key Up;Z;135046
Key Up;D;135245
Key Down;A;137030
Key Up;A;137142
Key Down;Z;140302
Key Down;Q;140462
Key Up;Q;140646
Key Up;Z;140678
Key Down;S;142326
Key Down;Q;142686
Key Up;Q;142790
Key Up;S;143141
Key Down;A;143182
Key Up;A;143302
Key Down;Z;143678
Key Down;Q;144246
Key Up;Q;144878
Key Up;Z;144894
Key Down;D;145574
Key Down;Z;145630
Key Up;D;145878
Key Down;Q;146142
Key Up;Z;146278
Key Up;Q;146366
Key Down;D;149189
Key Up;D;149422
Key Down;Q;149446
Key Up;Q;149766
Key Down;D;150030
Key Down;A;150454
Key Up;D;150462
Key Up;A;150558
Key Down;S;151022
Key Down;Q;151142
Key Up;S;151926
Key Down;S;152870
Key Up;S;152974
Key Down;Z;154758
Key Up;Z;154846
Key Down;Z;155134
Key Up;Q;155206
Key Down;D;155286
Key Up;D;155886
Key Up;Z;155901
Key Down;Q;156557
Key Down;Z;156614
Key Up;Z;156966
Key Up;Q;157213
Key Down;A;157350
Key Up;A;157446
Key Down;Q;158205
Key Down;S;158774
Key Up;Q;159286
Key Down;D;160150
Key Up;D;160382
Key Up;S;160622
Key Down;Q;161237
Key Down;Z;161270
Key Up;Q;161590
Key Down;D;162382
Key Up;D;162918
Key Down;D;163046
Key Up;Z;163310
Key Down;S;164302
Key Up;D;164414
Key Up;S;164462
Key Down;A;164534
Key Up;A;164670
Key Down;Q;165550
Key Down;Z;165662
Key Up;Q;166101
Key Up;Z;167093
Key Down;Z;167438
Key Down;D;167582
Key Up;D;167654
Key Down;Q;167910
Key Up;Q;168429
Key Down;D;169302
Key Up;Z;170142
Key Down;A;170958
Key Up;A;171061
Key Down;S;171558
Key Up;D;171742
Key Down;Q;171798
Key Up;Q;171822
Key Up;S;171974
Key Down;Z;172101
Key Down;D;172109
Key Up;Z;172205
Key Up;D;172341
Key Down;S;172349
Key Up;S;172502
Key Down;Q;172550
Key Down;Z;172621
Key Up;Q;172686
Key Down;Q;172942
Key Up;Z;173045
Key Up;Q;173070
Key Down;S;174126
Key Up;S;174646
Key Down;A;175397
Key Up;A;175477
Key Down;S;175662
Key Down;Q;175870
Key Up;S;175941
Key Down;S;176502
Key Up;Q;176510
Key Up;S;176782
Key Down;S;177222
Key Up;S;177390
Key Down;A;178557
Key Up;A;178645
Key Down;Z;179318
Key Down;D;179486
Key Up;D;179974
Key Up;Z;180454
Key Down;D;181486
Key Down;Z;181582
Key Up;D;181590
Key Down;Q;183518
Key Up;Q;183870
Key Down;D;183925
Key Up;D;184494
Key Down;A;185054
Key Up;A;185197
Key Down;Q;185358
Key Up;Z;185686
Key Up;Q;186070
Key Down;D;187029
Key Down;S;187037
Key Up;D;187102
Key Down;D;187238
Key Up;D;187494
Key Down;Q;188221
Key Up;S;188733
Key Down;S;191270
Key Up;S;191926
Key Up;Q;192126
Key Down;Q;192741
Key Down;Z;193125
Key Up;Q;193261
Key Down;D;193518
Key Up;Z;193534
Key Up;D;193693
Key Down;Q;193854
Key Down;Z;193950
Key Up;Q;194061
Key Up;Z;194230
Key Down;Q;194574
Key Down;Z;194582
Key Up;Q;194726
Key Down;A;194925
Key Up;A;195037
Key Up;Z;195261
Key Down;D;195997
Key Down;S;196061
Key Up;D;196110
Key Down;D;196382
Key Up;S;196534
Key Up;D;197502
Key Down;Q;198061
Key Up;Q;198510
Key Down;Z;201646
Key Down;Q;201886
Key Up;Z;202373
Key Up;Q;202717
Key Down;A;202869
Key Down;Z;202878
Key Up;A;202973
Key Down;Q;204430
Key Up;Z;204542
Key Up;Q;204669
Key Down;S;204854
Key Down;D;205254
Key Up;D;205430
Key Down;D;205806
Key Up;D;205934
Key Down;D;206733
Key Up;S;208149
Key Down;S;209405
Key Up;D;210246
Key Down;Q;210462
Key Up;Q;210629
Key Down;D;211317
Key Up;S;211645
Key Down;Z;213454
Key Up;Z;213758
Key Up;D;214238
Key Down;Q;214957
Key Up;Q;215374
Key Down;Q;215893
Key Down;Z;216293
Key Up;Q;216533
Key Down;A;216733
Key Up;A;216853
Key Up;Z;216910
Key Down;Q;217646
Key Down;Z;217678
Key Up;Q;217774
Key Down;D;217989
Key Up;Z;218101
Key Down;Q;218533
Key Up;D;218550
Key Down;S;218766
Key Up;Q;219310
Key Down;D;219533
Key Up;S;219670
Key Down;S;219998
Key Up;S;220341
Key Up;D;220741
Key Down;Q;220974
Key Down;S;221710
Key Up;Q;222101
Key Down;D;222438
Key Up;S;222869
Key Down;A;222910
Key Up;A;223029
Key Down;Z;223846
Key Up;Z;224101
Key Up;D;224374
Key Down;Q;226238
Key Down;S;226309
Key Up;S;226662
Key Down;Z;227061
Key Up;Q;227341
Key Down;A;227510
Key Up;A;227622
Key Up;Z;227694
Key Down;Q;227829
Key Up;Q;228053
Key Down;D;228437
Key Down;S;228902
Key Up;S;229038
Key Up;D;229046
Key Down;Q;229661
Key Up;Q;230133
Key Down;A;230373
Key Up;A;230477
Key Down;D;230702
Key Down;S;230837
Key Up;S;231134
Key Up;D;231173
Key Down;Q;231670
Key Down;Z;232341
Key Up;Q;232381
Key Down;A;232565
Key Up;A;232686
Key Up;Z;232717
Key Down;D;233701
Key Down;S;233910
Key Up;S;234309
Key Down;S;237117
Key Up;S;237229
Key Down;A;237678
Key Up;A;237806
Key Down;Z;238037
Key Up;D;238486
Key Down;Q;238709
Key Up;Z;238726
Key Up;Q;238830
Key Down;S;239965
Key Up;S;240085
Key Down;Z;240822
Key Down;Q;241014
Key Up;Z;241677
Key Up;Q;241902
Key Down;A;244389
Key Down;D;244454
Key Up;A;244493
Key Down;S;244846
Key Down;Q;245373
Key Up;Q;245413
Key Up;D;245429
Key Up;S;245669
Key Down;Z;245877
Key Down;Q;246069
Key Up;Z;246413
Key Up;Q;246765
Key Down;D;247126
Key Up;D;247373
Key Down;D;247518
Key Down;S;247581
Key Up;D;248141
Key Down;Q;248158
Key Up;Q;248501
Key Up;S;248589
Key Down;A;249022
Key Up;A;249085
Key Down;Q;249245
Key Down;S;251141
Key Up;S;251238
Key Up;Q;252573
Key Down;A;252718
Key Up;A;252797
Key Down;Z;253070
Key Up;Z;253389
Key Down;Z;253661
Key Down;D;253693
Key Up;D;254430
Key Up;Z;254517
Key Down;Q;254718
Key Down;Z;255206
Key Up;Q;255422
Key Up;Z;256333
Key Down;A;257501
Key Up;A;257574
Key Down;D;258261
Key Up;D;259157
Key Down;D;259310
Key Up;D;259869
Key Down;Q;259893
Key Down;Z;260053
Key Up;Q;260709
Key Down;E;263941
Key Up;E;264029
Key Down;E;264253
Key Up;E;264333
Key Up;Z;264421
Key Down;S;264678
Key Down;Q;264838
Key Up;S;264878
Key Up;Q;265157
Key Down;S;265485
Key Up;S;265741
Key Down;D;265805
Key Down;S;266446
Key Up;S;266502
Key Up;D;266597
Key Down;Q;267269
Key Down;Z;267693
Key Up;Q;267813
Key Down;D;267989
Key Up;Z;268037
Key Up;D;268141
Key Down;A;268621
Key Up;A;268733
Key Down;D;269142
Key Down;S;269269
Key Up;D;269413
Key Down;D;269589
Key Up;S;269925
Key Down;S;270454
Key Up;S;270869
Key Up;D;270949
Key Down;D;271221
Key Up;D;271269
Key Down;A;271341
Key Up;A;271445
Key Down;D;271541
Key Down;Z;272046
Key Up;D;272141
Key Up;Z;272325
Key Down;D;272621
Key Up;D;272717
Key Down;Q;273078
Key Down;Z;273613
Key Up;Q;273845
Key Down;D;273989
Key Up;D;274094
Key Down;D;274429
Key Up;D;274525
Key Up;Z;274829
Key Down;Z;275117
Key Down;Q;276878
Key Up;Q;277325
Key Down;D;277373
Key Up;Z;277437
Key Up;D;277509
Key Down;Z;277717
Key Down;D;277765
Key Up;D;277837
Key Down;Q;277869
Key Up;Z;277997
Key Up;Q;278038
Key Down;A;278805
Key Up;A;278901
Key Down;Q;279061
Key Down;S;279909
Key Up;Q;280469
Key Up;S;280742
Key Down;Q;281517
Key Down;S;281909
Key Up;Q;282029
Key Up;S;282126
Key Down;A;282286
Key Up;A;282382
Key Down;D;282485
Key Down;Z;283397
Key Up;Z;283686
Key Down;Z;283989
Key Up;Z;284173
Key Up;D;284405
Key Down;Q;285245
Key Down;S;285381
Key Up;Q;285453
Key Up;S;285573
Key Down;A;285781
Key Up;A;285861
Key Down;Z;286725
Key Up;Z;286917
Key Down;S;288150
Key Up;S;288741
Key Down;A;289022
Key Up;A;289126
Key Down;Z;289333
Key Up;Z;289837
Key Down;Q;290125
Key Down;S;290814
Key Up;Q;291365
Key Down;D;291741
Key Up;S;291870
Key Up;D;292254
Key Down;A;293173
Key Up;A;293253
Key Down;S;293494
Key Up;S;293782
Key Down;Z;293925
Key Down;D;294309
Key Up;Z;294541
Key Up;D;294597
Key Down;S;294774
Key Down;D;295006
Key Up;D;295477
Key Down;D;296261
Key Up;S;296581
Key Down;Z;296901
Key Up;Z;297070
Key Down;S;297717
Key Up;S;297949
Key Up;D;299469
Key Down;Q;300029
Key Down;Z;300382
Key Up;Q;300469
Key Up;Z;300605
Key Down;E;300638
Key Up;E;300733
Key Down;A;301270
Key Up;A;301350
Key Down;S;302013
Key Down;D;302189
Key Up;S;302349
Key Up;D;302390
Key Down;Q;302998
Key Down;Z;303117
Key Up;Q;303269
Key Down;D;303413
Key Up;Z;303533
Key Up;D;303646
Key Down;S;304557
Key Down;D;304662
Key Up;S;304741
Key Up;D;304797
Key Down;S;305253
Key Up;S;305333
Key Down;Q;305638
Key Up;Q;305989
Key Down;Z;306030
Key Down;D;306101
Key Up;Z;306182
Key Up;D;306365
Key Down;A;306445
Key Up;A;306550
Key Down;S;306790
Key Up;S;307117
Key Down;Q;307533
Key Down;Z;307678
Key Up;Q;307757
Key Up;Z;307957
Key Down;D;308101
Key Up;D;308109
Key Down;D;308213
Key Down;A;308957
Key Up;A;309053
Key Down;S;309646
Key Up;D;309973
Key Down;Q;311285
Key Up;S;311477
Key Down;Z;312861
Key Up;Q;312885
Key Down;D;312941
Key Down;A;313086
Key Up;A;313157
Key Up;Z;313214
Key Down;S;313525
Key Up;D;313798
Key Down;Q;313941
Key Up;S;313950
Key Up;Q;314102
Key Down;D;314782
Key Down;S;314966
Key Up;D;315069
Key Up;S;315597
Key Down;A;315949
Key Up;A;316045
Key Down;S;317541
Key Up;S;318061
Key Down;Q;318341
Key Up;Q;318829
Key Down;Q;319309
Key Up;Q;319485
Key Down;D;320165
Key Up;D;320485
Key Down;Q;321741
Key Up;Q;322341
Key Down;A;322622
Key Up;A;322725
Key Down;Q;323525
Key Up;Q;323646
Key Down;S;324150
Key Down;Q;324533
Key Up;Q;324622
Key Down;Q;324901
Key Up;Q;324997
Key Up;S;326021
Key Down;Q;326222
Key Up;Q;326325
Key Down;Q;326957
Key Down;S;327213
Key Up;S;327573
Key Up;Q;327997
Key Down;Q;328766
Key Down;S;329845
Key Up;S;330437
Key Down;Z;332029
Key Up;Z;332645
Key Down;S;334853
Key Up;Q;336901
Key Down;D;337893
Key Up;S;338925
Key Down;Z;339461
Key Up;Z;339565
Key Down;Z;340765
Key Up;Z;341533
Key Down;S;341965
Key Up;S;342597
Key Down;S;343269
Key Up;S;343325
Key Down;A;344765
Key Up;A;344853
Key Down;Z;345269
Key Up;Z;345589
Key Down;S;345957
Key Up;D;345989
Key Up;S;346141
Key Down;E;346165
Key Up;E;346285
Key Down;S;346437
Key Up;S;348821
Key Down;D;348949
Key Down;Z;348989
Key Up;D;349261
Key Up;Z;349965
Key Down;S;350101
Key Down;D;351301
Key Up;D;351685
Key Down;Q;353174
Key Up;Q;354341
Key Up;S;354349
Key Down;Z;354621
Key Down;D;354685
Key Up;D;355189
Key Up;Z;355661
Key Down;D;356525
Key Up;D;356565
Key Down;Z;356957
Key Up;Z;356997
Key Down;S;427053
Key Up;S;427381
Key Down;S;428021
Key Up;S;428613
Key Down;Z;429205
Key Down;D;429340
Key Up;Z;429661
Key Up;D;429773
Key Down;Z;430045
Key Down;Q;430229
Key Up;Z;430749
Key Up;Q;430757
Key Down;D;431589
Key Down;S;431677
Key Up;S;432156
Key Up;D;432188
Key Down;S;433261
Key Down;Q;433588
Key Up;S;433708
Key Down;S;433973
Key Up;S;434549
Key Down;Z;434821
Key Up;Q;435093
Key Up;Z;435133
Key Down;D;435333
Key Down;S;435444
Key Up;S;435741
Key Down;Z;436085
Key Up;Z;436596
Key Up;D;437005
Key Down;Z;437221
Key Down;D;437485
Key Up;Z;437580
Key Down;S;437772
Key Up;D;438101
Key Down;Q;438661
Key Up;S;438829
Key Down;S;439092
Key Up;Q;439180
Key Up;S;439189
Key Down;D;439204
Key Up;D;439317
Key Down;A;439709
Key Up;A;439757
Key Down;Z;440133
Key Down;D;440261
Key Up;Z;440340
Key Up;D;440380
Key Down;Q;441101
Key Up;Q;441157
Key Down;Q;441589
Key Up;Q;442077
Key Down;D;442181
Key Up;D;442317
Key Down;Q;442349
Key Down;Z;442429
Key Up;Q;442684
Key Up;Z;442813
Key Down;D;442844
Key Up;D;443029
Key Down;Q;443069
Key Up;Q;443236
Key Down;Z;443285
Key Down;D;443484
Key Up;Z;443709
Key Up;D;443948
Key Down;S;443956
Key Down;Q;444069
Key Up;S;444276
Key Down;S;444605
Key Up;Q;444645
Key Down;D;445053
Key Up;S;445092
Key Up;D;445253
Key Down;Q;445340
Key Down;Z;445684
Key Up;Q;445700
Key Down;D;445772
Key Up;D;445885
Key Up;Z;446020
Key Down;S;446197
Key Down;D;446309
Key Up;D;446428
Key Up;S;446500
Key Down;Z;446653
Key Up;Z;446868
Key Down;D;446941
Key Up;D;447069
Key Down;Q;447269
Key Down;Z;447333
Key Up;Z;447469
Key Up;Q;447477
Key Down;Q;447749
Key Down;S;447773
Key Up;Q;447829
Key Up;S;447949
Key Down;S;448165
Key Down;D;448229
Key Up;S;448309
Key Up;D;448436
Key Down;Q;448724
Key Up;Q;448796
Key Down;D;449013
Key Up;D;449124
Key Down;Z;449164
Key Down;Q;449260
Key Up;Z;449285
Key Up;Q;449373
Key Down;Q;449397
Key Up;Q;449437
Key Down;D;449677
Key Up;D;449733
Key Down;Q;449812
Key Up;Q;449980
Key Down;Q;450012
Key Up;Q;450053
Key Down;Q;450245
Key Down;Z;450333
Key Up;Q;450468
Key Up;Z;450509
Key Down;D;450557
Key Up;D;450621
Key Down;S;450933
Key Up;S;451077
Key Down;Q;451181
Key Down;Z;451380
Key Up;Q;451404
Key Up;Z;451549
Key Down;D;451869
Key Up;D;452052
Key Down;Tab;456573
Key Up;Tab;457740
Key Down;S;457981
Key Down;Q;459213
Key Up;Q;459709
Key Down;D;459892
Key Up;D;460069
Key Down;Q;461165
Key Up;S;461269
Key Up;Q;461677
Key Down;Z;462212
Key Up;Z;462333
Key Down;E;464013
Key Up;E;464109
Key Down;D;464917
Key Up;D;465244
Key Down;S;468764
Key Down;Q;469309
Key Up;Q;470013
Key Up;S;470117
Key Down;D;470349
Key Down;S;471397
Key Up;S;471556
Key Down;S;472508
Key Up;S;472612
Key Down;S;473132
Key Up;S;473245
Key Up;D;473525
Key Down;D;474108
Key Down;Z;474901
Key Up;D;475349
Key Down;Q;475669
Key Up;Q;475845
Key Down;D;476189
Key Up;D;476381
Key Up;Z;476853
Key Down;Q;477292
Key Down;Z;477301
Key Up;Q;477613
Key Down;D;478029
Key Up;Z;478253
Key Up;D;478429
Key Down;Q;478445
Key Up;Q;478645
Key Down;Q;478805
Key Down;S;478980
Key Up;Q;479196
Key Down;D;479477
Key Up;S;479821
Key Down;S;480229
Key Up;S;480341
Key Up;D;480405
Key Down;Q;480476
Key Down;Z;481020
Key Up;Q;481524
Key Down;D;482125
Key Up;Z;483229
Key Down;S;484069
Key Up;D;484677
Key Up;S;485524
Key Down;A;485885
Key Up;A;486004
Key Down;Q;486404
Key Down;Z;486693
Key Up;Q;487860
Key Up;Z;489053
Key Down;Q;489965
Key Down;Z;490077
Key Up;Z;490396
Key Up;Q;491141
Key Down;Tab;491397
Key Up;Tab;494013
Key Down;D;494860
Key Down;Z;496005
Key Up;D;496020
Key Up;Z;496140
Key Down;Espace;496796
Key Up;Espace;496948
Key Down;S;497244
Key Up;S;497341
Key Down;Z;498044
Key Up;Z;498197
Key Down;E;498332
Key Up;E;498412
Key Down;S;498701
Key Up;S;498884
Key Down;D;500773
Key Up;D;500853
Key Down;E;514316
Key Up;E;514436
Key Down;Q;514884
Key Down;S;515173
Key Up;S;515444
Key Down;S;515932
Key Up;S;516068
Key Down;Z;516837
Key Up;Z;517180
Key Down;S;517628
Key Up;Q;517900
Key Up;S;518133
Key Down;Tab;518261
Key Up;Tab;521812
Key Down;Z;522692
Key Up;Z;523724
Key Down;E;524724
Key Up;E;524812
Key Down;Q;525980
Key Up;Q;526212
Key Down;D;527532
Key Down;S;527605
Key Up;S;527677
Key Up;D;527685
Key Down;E;531324
Key Up;E;531436
Key Down;Q;531765
Key Up;Q;532012
Key Down;Tab;532501
Key Up;Tab;534340
Key Down;Q;535164
Key Up;Q;537724
Key Down;Q;549180
Key Down;S;550092
Key Up;S;550804
Key Down;S;551124
Key Up;S;551860
Key Down;S;552588
Key Up;S;552717
Key Down;Z;553724
Key Up;Z;554052
Key Down;Z;554324
Key Up;Q;555196
Key Down;D;555812
Key Up;Z;557204
Key Down;S;558484
Key Up;S;558901
Key Down;S;559068
Key Up;D;559172
Key Down;Q;559212
Key Up;Q;559316
Key Down;D;559524
Key Up;S;559885
Key Down;S;560037
Key Up;D;560428
Key Down;Q;560821
Key Down;D;560917
Key Up;D;560972
Key Up;S;560980
Key Down;Z;561117
Key Up;Q;561156
Key Down;Q;561428
Key Up;Q;561549
Key Down;D;561732
Key Up;D;561885
Key Down;Q;562244
Key Up;Z;562332
Key Down;S;562444
Key Up;Q;562972
Key Down;Q;563076
Key Up;S;563652
Key Down;Z;563900
Key Up;Q;563956
Key Up;Z;564068
Key Down;D;564140
Key Down;S;564604
Key Up;S;565116
Key Down;Z;565692
Key Up;D;566005
Key Down;Q;566180
Key Up;Z;566756
Key Down;S;567228
Key Up;S;567476
Key Down;S;568636
Key Up;S;569204
Key Down;S;569596
Key Down;D;570292
Key Up;D;570549
Key Down;D;571005
Key Up;Q;571556
Key Up;S;572172
Key Down;Z;572428
Key Up;Z;572588
Key Down;S;572788
Key Down;Q;573092
Key Up;D;573237
Key Up;S;573317
Key Down;Z;573732
Key Up;Q;575172
Key Down;D;575524
Key Up;D;575772
Key Down;D;576196
Key Up;D;576444
Key Down;D;576885
Key Up;Z;577412
Key Down;S;577572
Key Down;Q;580548
Key Up;S;580589
Key Up;D;580613
Key Down;Z;580724
Key Up;Q;582221
Key Up;Z;582436
Key Down;Espace;592172
Key Up;Espace;592325
Key Down;Z;601268
Key Down;Q;601276
Key Up;Q;601980
Key Down;D;603516
Key Up;Z;603812
Key Up;D;603820
Key Down;Z;604196
Key Down;D;604372
Key Up;D;604628
Key Down;A;605196
Key Up;A;605300
Key Down;D;605492
Key Up;D;605732
Key Down;Q;605772
Key Up;Z;605780
Key Down;Z;606092
Key Up;Q;606524
Key Down;D;606748
Key Up;D;606836
Key Down;Q;607804
Key Up;Q;608172
Key Up;Z;608284
Key Down;S;608780
Key Down;Q;608900
Key Up;S;609372
Key Down;Z;610292
Key Up;Q;610380
Key Down;Q;610659
Key Up;Z;611349
Key Down;Z;611564
Key Up;Q;612012
Key Down;D;612252
Key Up;Z;612364
Key Down;Z;612612
Key Up;Z;612844
Key Down;S;613244
Key Up;S;613716
Key Down;Z;613844
Key Up;D;614220
Key Down;Q;614420
Key Up;Z;614740
Key Down;S;615267
Key Up;Q;615684
Key Down;A;615805
Key Up;A;615876
Key Down;Q;616028
Key Up;Q;616316
Key Down;D;616812
Key Up;S;618340
Key Down;A;618484
Key Up;A;618588
Key Down;Z;618723
Key Up;D;618924
Key Down;Q;619108
Key Up;Z;619532
Key Down;S;620044
Key Up;S;620532
Key Down;S;620748
Key Up;S;620852
Key Down;S;622596
Key Up;S;623700
Key Down;D;623796
Key Up;Q;624052
Key Down;Z;624236
Key Down;A;624260
Key Up;A;624372
Key Up;Z;624588
Key Down;Z;625156
Key Up;D;625908
Key Down;Q;626172
Key Up;Z;626860
Key Down;S;627836
Key Up;Q;627924
Key Down;A;628020
Key Up;A;628132
Key Down;Q;628267
Key Up;S;628372
Key Down;S;628724
Key Up;Q;629564
Key Up;S;630412
Key Down;D;630436
Key Down;Z;630612
Key Up;Z;631060
Key Down;Z;631732
Key Down;A;631796
Key Up;A;631924
Key Up;D;632012
Key Down;Q;632140
Key Up;Z;632316
Key Down;S;633027
Key Up;Q;633380
Key Up;S;633516
Key Down;Z;634076
Key Down;D;634091
Key Up;D;634348
Key Up;Z;634372
Key Down;S;634580
Key Down;D;634732
Key Up;S;635404
Key Down;A;635620
Key Down;Z;635748
Key Up;A;635764
Key Up;D;635860
Key Down;Q;636092
Key Up;Z;636564
Key Down;S;637372
Key Up;S;637484
Key Up;Q;639028
Key Down;D;639324
Key Down;Z;644308
Key Down;A;644668
Key Up;A;644804
Key Up;D;645628
Key Down;D;645836
Key Up;Z;646428
Key Down;Z;646556
Key Up;D;646699
Key Up;Z;647876
Key Down;D;648796
Key Down;A;649220
Key Up;A;649340
Key Up;D;649396
Key Down;Q;649796
Key Up;Q;650308
Key Down;Q;650676
Key Down;Z;651068
Key Up;Q;651076
Key Up;Z;651108
Key Down;D;651892
Key Down;A;652036
Key Up;A;652148
Key Down;S;652356
Key Up;D;652468
Key Up;S;652556
Key Down;D;652564
Key Up;D;652796
Key Down;Q;652996
Key Down;Z;653180
Key Up;Q;653484
Key Down;E;653556
Key Up;E;653676
Key Down;D;654756
Key Up;D;654844
Key Down;Q;655108
Key Up;Q;655140
Key Down;D;656500
Key Up;Z;657195
Key Down;Z;657628
Key Up;Z;658428
Key Up;D;658540
Key Down;S;658692
Key Down;Q;659036
Key Up;Q;660027
Key Down;A;660212
Key Up;A;660292
Key Up;S;660372
Key Down;Q;660483
Key Down;Z;660723
Key Up;Q;661484
Key Up;Z;661764
Key Down;D;662348
Key Down;S;662780
Key Up;D;663076
Key Down;D;663276
Key Up;S;663348
Key Down;Z;664508
Key Up;Z;664844
Key Down;S;665652
Key Up;S;665748
Key Down;A;665884
Key Up;A;666012
Key Down;Z;666116
Key Up;D;666331
Key Down;Q;666652
Key Up;Q;666851
Key Up;Z;666956
Key Down;S;667332
Key Down;Q;667492
Key Up;S;668108
Key Down;S;668564
Key Down;D;668620
Key Up;Q;668628
Key Up;S;668692
Key Down;Z;669332
Key Down;A;669444
Key Up;D;669532
Key Up;A;669619
Key Down;Q;671523
Key Up;Z;672204
Key Down;S;674636
Key Up;S;674908
Key Up;Q;675027
Key Down;Q;675604
Key Down;S;675700
Key Up;Q;676140
Key Down;A;676275
Key Up;A;676364
Key Up;S;676411
Key Down;E;676804
Key Up;E;676884
Key Down;D;677180
Key Down;S;677340
Key Up;D;677412
Key Down;D;677532
Key Up;S;677732
Key Up;D;677860
Key Down;Q;678348
Key Down;S;678836
Key Up;Q;679340
Key Up;S;679780
Key Down;D;679804
Key Up;D;679915
Key Down;A;680012
Key Up;A;680116
Key Down;D;680740
Key Down;Z;681044
Key Up;D;681116
Key Down;Q;681380
Key Up;Q;681484
Key Up;Z;681747
Key Down;Q;682171
Key Down;Z;682244
Key Up;Q;682524
Key Up;Z;682596
Key Down;Q;683347
Key Down;Z;683436
Key Up;Q;683604
Key Down;A;684427
Key Up;A;684539
Key Down;D;685147
Key Up;D;685444
Key Down;A;685732
Key Up;A;685843
Key Down;D;686036
Key Up;Z;686740
Key Down;Z;686940
Key Up;D;687068
Key Down;Q;687108
Key Up;Q;687308
Key Up;Z;687356
Key Down;Z;687532
Key Up;Z;687692
Key Down;Z;687828
Key Down;D;688036
Key Up;Z;688252
Key Down;S;689628
Key Up;S;690268
Key Up;D;690372
Key Down;D;690795
Key Down;A;691523
Key Up;A;691596
Key Down;S;692003
Key Up;D;692412
Key Down;Q;692491
Key Up;S;692684
Key Down;Z;692820
Key Up;Q;693044
Key Down;Q;693084
Key Up;Z;693636
Key Down;S;693779
Key Up;Q;693812
Key Down;Q;693924
Key Up;Q;694668
Key Up;S;694771
Key Down;Z;695236
Key Down;D;695356
Key Up;D;695843
Key Down;Q;696307
Key Up;Z;696548
Key Down;S;697212
Key Up;Q;697523
Key Down;A;697668
Key Up;A;697748
Key Down;Q;698003
Key Up;Q;698444
Key Up;S;698691
Key Down;Q;698868
Key Down;Z;698907
Key Up;Q;699092
Key Down;D;699292
Key Up;Z;700284
Key Up;D;701452
Key Down;Q;702427
Key Up;Q;703379
Key Down;A;703516
Key Up;A;703588
Key Down;D;706596
Key Down;A;707236
Key Up;A;707332
Key Down;S;707516
Key Up;D;708483
Key Down;Q;708659
Key Up;Q;708844
Key Up;S;708884
Key Down;Z;709468
Key Up;Z;710148
Key Down;Q;710196
Key Down;S;711107
Key Up;Q;711220
Key Down;A;711420
Key Up;A;711523
Key Down;Q;711716
Key Up;S;711956
Key Down;S;712707
Key Up;Q;714604
Key Down;A;715812
Key Up;A;715883
Key Up;S;716091
Key Down;D;716123
Key Up;D;716260
Key Down;Q;716620
Key Up;Q;717291
Key Down;S;717332
Key Down;Q;717420
Key Up;S;717627
Key Up;Q;718747
Key Down;Q;719212
Key Down;Z;719348
Key Up;Z;719732
Key Down;Z;720068
Key Up;Q;720564
Key Up;Z;720604
Key Down;D;721796
Key Down;Z;721804
Key Up;Z;722068
Key Down;Z;722259
Key Up;D;722316
Key Down;Q;722595
Key Up;Z;722715
Key Up;Q;722723
Key Down;Z;723507
Key Up;Z;723620
Key Down;S;727443
Key Down;Q;727748
Key Up;S;727868
Key Down;S;728339
Key Up;S;728548
Key Down;Z;728771
Key Up;Q;728812
Key Up;Z;728900
Key Down;S;729491
Key Up;S;729556
Key Down;D;736707
Key Down;S;737740
Key Up;S;739043
Key Down;Z;740260
Key Up;Z;741708
Key Down;S;744652
Key Up;D;744756
Key Down;D;746132
Key Up;S;746163
Key Up;D;746675
Key Down;Q;746739
Key Down;S;747491
Key Up;Q;747531
Key Up;S;747635
Key Down;A;747748
Key Up;A;747843
Key Down;D;748195
Key Up;D;748395
Key Down;S;749683
Key Down;Q;749851
Key Up;Q;750052
Key Up;S;750531
Key Down;S;750844
Key Up;S;751451
Key Down;A;751651
Key Up;A;751756
Key Down;D;752092
Key Down;S;752148
Key Up;S;752491
Key Down;Z;754724
Key Up;D;755812
Key Down;Q;756299
Key Up;Z;757188
Key Up;Q;759300
Key Down;Q;759436
Key Down;S;759907
Key Up;Q;760060
Key Down;A;760195
Key Up;A;760291
Key Down;D;760675
Key Up;D;760891
Key Down;Q;760995
Key Up;Q;761204
Key Down;D;761539
Key Up;S;761571
Key Down;Z;761684
Key Up;D;761707
Key Down;D;761979
Key Up;Z;762348
Key Up;D;762380
Key Down;Q;763251
Key Down;S;763435
Key Up;Q;763691
Key Down;A;763860
Key Up;A;763947
Key Up;S;763996
Key Down;D;764371
Key Down;Z;765139
Key Up;D;765355
Key Up;Z;765452
Key Down;S;767571
Key Down;D;767947
Key Up;S;768819
Key Down;S;769100
Key Up;D;769244
Key Down;Q;770020
Key Up;S;770060
Key Down;Z;771452
Key Up;Z;771708
Key Down;S;773955
Key Up;Q;774187
Key Down;A;774323
Key Up;A;774395
Key Down;Q;774731
Key Up;Q;774979
Key Down;D;775300
Key Up;D;775428
Key Up;S;775739
Key Down;S;776347
Key Down;Q;776372
Key Up;Q;776556
Key Down;D;777108
Key Down;A;777187
Key Up;S;777212
Key Up;A;777291
Key Down;S;777611
Key Up;S;777715
Key Down;S;778059
Key Up;S;778260
Key Up;D;780796
Key Down;A;780804
Key Up;A;780900
Key Down;Q;781364
Key Down;Z;781843
Key Up;Q;782004
Key Up;Z;782227
Key Down;S;782508
Key Down;Q;782676
Key Up;S;783172
Key Up;Q;784692
Key Down;Q;785860
Key Up;Q;786268
Key Down;A;788243
Key Up;A;788331
Key Down;Q;788531
Key Down;Z;788739
Key Up;Q;788971
Key Up;Z;789355
Key Down;Q;789628
Key Down;Z;789779
Key Up;Q;789859
Key Down;D;790204
Key Up;Z;790483
Key Up;D;790507
Key Down;Q;790915
Key Down;S;791164
Key Up;Q;791363
Key Down;A;791587
Key Up;S;791628
Key Up;A;791676
Key Down;D;791691
Key Down;S;792059
Key Up;S;792443
Key Up;D;793875
Key Down;D;794116
Key Up;D;794787
Key Down;D;795123
Key Down;S;795683
Key Up;D;795979
Key Up;S;796980
Key Down;Z;797291
Key Up;Z;797316
Key Down;Q;797420
Key Up;Q;797500
Key Down;D;797532
Key Down;S;797707
Key Up;S;797772
Key Down;Z;798675
Key Up;Z;799684
Key Down;S;800267
Key Up;D;800435
Key Up;S;800572
Key Down;Q;800668
Key Down;Z;801011
Key Up;Z;801419
Key Up;Q;801507
Key Down;D;801579
Key Up;D;801652
Key Down;S;801795
Key Down;Q;801835
Key Up;S;801899
Key Down;D;802467
Key Down;S;802556
Key Up;Q;802563
Key Up;D;802723
Key Down;Q;802747
Key Up;S;802956
Key Down;Z;803147
Key Up;Z;803300
Key Down;S;803475
Key Up;Q;804091
Key Down;D;804804
Key Up;S;805052
Key Up;D;805076
Key Down;S;805323
Key Up;S;805571
Key Down;S;806148
Key Up;S;806675
Key Down;S;807011
Key Down;D;807035
Key Up;D;807371
Key Up;S;807668
Key Down;Z;808251
Key Down;Q;808355
Key Up;Q;808444
Key Up;Z;808451
Key Down;S;808748
Key Down;Q;808756
Key Up;Q;808956
Key Down;Q;809267
Key Up;Q;809403
Key Up;S;809635
Key Down;S;810524
Key Down;D;810923
Key Up;S;811355
Key Down;Z;811628
Key Up;Z;811843
Key Down;Z;812915
Key Up;D;813052
Key Up;Z;813204
Key Down;D;813363
Key Up;D;813820
Key Down;D;814307
Key Down;A;814700
Key Up;A;814811
Key Down;Z;814915
Key Up;D;815084
Key Down;Q;815531
Key Up;Z;815763
Key Up;Q;816291
Key Down;D;816451
Key Up;D;816716
Key Down;D;819019
Key Down;S;819387
Key Up;S;819571
Key Up;D;819580
Key Down;S;819691
Key Down;Q;819875
Key Up;S;819908
Key Up;Q;820308
Key Down;D;820875
Key Down;Z;821124
Key Up;D;821307
Key Down;Q;821540
Key Up;Z;821579
Key Up;Q;821732
Key Down;S;822348
Key Up;S;822571
Key Down;Z;822700
Key Down;Q;822731
Key Up;Q;823043
Key Down;A;823156
Key Up;A;823220
Key Up;Z;823275
Key Down;Q;823379
Key Down;Z;823675
Key Up;Q;823852
Key Up;Z;824236
Key Down;Q;824788
Key Down;Z;824891
Key Up;Q;824964
Key Down;D;825075
Key Up;D;825348
Key Down;D;825803
Key Up;D;825819
Key Up;Z;826195
Key Down;Q;826315
Key Down;Z;826739
Key Up;Q;826996
Key Up;Z;827147
Key Down;A;829004
Key Up;A;829083
Key Down;Q;829499
Key Up;Q;829747
Key Down;D;830963
Key Down;S;833667
Key Up;D;833819
Key Up;S;834467
Key Down;D;835155
Key Down;S;835187
Key Up;D;835356
Key Up;S;835755
Key Down;A;836084
Key Up;A;836179
Key Down;Q;836547
Key Down;Z;836891
Key Up;Z;837027
Key Up;Q;837179
Key Down;D;837372
Key Down;S;837595
Key Up;S;837795
Key Up;D;837811
Key Down;S;838611
Key Up;S;838643
Key Down;A;838923
Key Up;A;839011
Key Down;Z;839227
Key Down;Q;839852
Key Up;Z;839979
Key Up;Q;840659
Key Down;Q;841187
Key Up;Q;841267
Key Down;Q;842091
Key Down;S;842195
Key Up;Q;842795
Key Down;D;843051
Key Up;D;843532
Key Down;Q;844307
Key Up;S;844779
Key Down;S;845163
Key Up;S;845507
Key Down;S;845891
Key Up;Q;845932
Key Down;D;846123
Key Up;D;846299
Key Down;D;849220
Key Up;D;849531
Key Up;S;849931
Key Down;S;850339
Key Down;Q;850483
Key Up;Q;850651
Key Down;A;850843
Key Up;S;850875
Key Up;A;850915
Key Down;D;850963
Key Up;D;850979
Key Down;D;851084
Key Down;Z;851179
Key Up;D;851515
Key Up;Z;852083
Key Down;S;852675
Key Down;Q;852771
Key Up;Q;853075
Key Up;S;853332
Key Down;A;854107
Key Up;A;854203
Key Down;D;854987
Key Down;Z;855283
Key Up;Z;855419
Key Up;D;855427
Key Down;Z;855619
Key Down;D;855820
Key Up;D;856915
Key Up;Z;857699
Key Down;Z;858019
Key Up;Z;858323
Key Down;Tab;860019
Key Up;Tab;861667
Key Down;Q;862467
Key Up;Q;862603
Key Down;Q;863123
Key Down;S;863307
Key Up;Q;863339
Key Down;Q;863915
Key Up;S;864091
Key Down;Z;864467
Key Up;Z;864731
Key Down;S;865011
Key Up;S;865243
Key Down;S;865435
Key Up;S;865875
Key Down;S;867659
Key Up;S;867803
Key Up;Q;869019
Key Down;A;869227
Key Up;A;869347
Key Down;Q;869539
Key Up;Q;869683
Key Down;D;870195
Key Down;S;870475
Key Up;S;870827
Key Down;Z;872131
Key Up;D;872763
Key Up;Z;873219
Key Down;Z;873403
Key Down;Q;873715
Key Up;Z;874131
Key Down;Z;874675
Key Up;Z;875618
Key Down;S;876011
Key Up;Q;876595
Key Up;S;876675
Key Down;A;876779
Key Up;A;876851
Key Down;D;877355
Key Down;S;877659
Key Up;D;878059
Key Down;Q;878267
Key Up;S;878859
Key Down;Z;880067
Key Up;Z;880379
Key Up;Q;880555
Key Down;Tab;880986
Key Up;Tab;885011
Key Down;Q;885243
Key Down;S;885619
Key Up;Q;886171
Key Down;Q;886731
Key Up;Q;887547
Key Down;Q;887731
Key Up;S;887851
Key Up;Q;888627
Key Down;Q;889211
Key Down;S;889387
Key Up;Q;889467
Key Down;Q;889979
Key Up;S;890043
Key Up;Q;890595
Key Down;Z;890979
Key Up;Z;891099
Key Down;S;893787
Key Up;S;893867
Key Down;Tab;894707
Key Up;Tab;896819
Key Down;D;897323
Key Down;Z;897763
Key Up;D;898235
Key Down;D;898451
Key Up;Z;898651
Key Down;Z;899322
Key Up;D;899706
Key Down;D;900051
Key Up;Z;900691
Key Down;Z;900890
Key Up;Z;901707
Key Up;D;901755
Key Down;Q;902115
Key Up;Q;902618
Key Down;D;902642
Key Down;S;903355
Key Up;S;903715
Key Down;Tab;904075
Key Up;D;904123
Key Up;Tab;905123
Key Down;D;905203
Key Down;Z;905979
Key Up;D;906755
Key Down;D;907291
Key Up;Z;907475
Key Up;D;907595
Key Down;Q;907619
Key Down;S;907778
Key Up;Q;907859
Key Down;D;908203
Key Up;S;909371
Key Down;Z;909666
Key Up;D;910482
Key Down;D;911707
Key Up;D;912075
Key Down;Q;912555
Key Up;Q;912699
Key Down;Q;913315
Key Up;Z;913627
Key Down;Z;914019
Key Up;Q;914211
Key Up;Z;914890
Key Down;S;915059
Key Down;D;915243
Key Up;S;915306
Key Up;D;916282
Key Down;D;917010
Key Down;Z;917379
Key Up;Z;918043
Key Down;S;918307
Key Up;S;918443
Key Down;Z;918875
Key Up;D;918987
Key Up;Z;919243
Key Down;Q;919267
Key Down;S;919459
Key Up;S;920083
Key Down;S;920370
Key Up;S;920538
Key Down;S;921139
Key Up;S;921258
Key Down;Z;922115
Key Up;Q;922435
Key Down;A;922979
Key Up;A;923067
Key Up;Z;923323
Key Down;Q;923331
Key Up;Q;923523
Key Down;D;923530
Key Down;S;923723
Key Up;S;924131
Key Down;Z;924659
Key Up;D;924731
Key Down;Q;924851
Key Up;Q;924971
Key Down;Q;925475
Key Up;Z;925659
Key Down;Z;926027
Key Up;Q;926715
Key Down;D;927586
Key Up;Z;928131
Key Down;Z;928587
Key Up;D;928667
Key Down;D;928906
Key Up;D;929123
Key Down;D;929563
Key Up;D;929667
Key Up;Z;930762
Key Down;S;931619
Key Down;Tab;932210
Key Up;S;932251
Key Up;Tab;933786
Key Down;Q;934883
Key Down;Z;934914
Key Up;Q;935531
Key Up;Z;935979
Key Down;Z;936475
Key Down;D;936554
Key Up;Z;936595
Key Down;Z;937051
Key Up;D;937099
Key Up;Z;937347
Key Down;Z;937858
Key Up;Z;938003
Key Down;Q;938011
Key Down;Z;938115
Key Up;Q;938146
Key Up;Z;938210
Key Down;Z;938403
Key Up;Z;938522
Key Down;S;939515
Key Up;S;939610
Key Down;Q;939922
Key Up;Q;940019
Key Down;S;940027
Key Down;Q;940331
Key Up;S;940571
Key Down;Z;941250
Key Up;Q;941491
Key Up;Z;941562
Key Down;Q;941979
Key Up;Q;942027
Key Down;E;943010
Key Up;E;943099
Key Down;D;943595
Key Down;Z;944659
Key Up;D;945243
Key Up;Z;945443
Key Down;Tab;946131
Key Up;Tab;950579
Key Down;Z;951467
Key Up;Z;952370
Key Down;E;953035
Key Up;E;953147
Key Down;E;961027
Key Up;E;961162
Key Down;S;961835
Key Up;S;962459
Key Down;Tab;964154
Key Up;Tab;967323
Key Down;Z;968571
Key Up;Z;969146
Key Down;Espace;971795
Key Up;Espace;971939
Key Down;S;972315
Key Up;S;972467
Key Down;Z;973034
Key Up;Z;973082
Key Down;S;973739
Key Up;S;973851
Key Down;Z;977411
Key Up;Z;977610
Key Down;E;977779
Key Up;E;977858
Key Down;S;978258
Key Up;S;978306
Key Down;E;978467
Key Up;E;978546
Key Down;E;979090
Key Up;E;979162
Key Down;Tab;982075
Key Up;Tab;985290
Key Down;Q;985578
Key Up;Q;985691
Key Down;D;986219
Key Up;D;986363
Key Down;D;986715
Key Up;D;986931
Key Down;S;987387
Key Up;S;987442
Key Down;E;1003939
Key Up;E;1004035
Key Down;Q;1004379
Key Down;S;1004483
Key Up;Q;1004706
Key Up;S;1004875
Key Down;Tab;1005578
Key Up;Tab;1007578
Key Down;Q;1008411
Key Down;S;1009059
Key Up;S;1009194
Key Down;S;1009906
Key Up;Q;1010139
Key Down;Q;1010411
Key Up;S;1010635
Key Down;S;1011579
Key Up;Q;1011643
Key Down;Q;1012115
Key Up;S;1012226
Key Down;Z;1012691
Key Up;Q;1012763
Key Up;Z;1012914
Key Down;Espace;1013594
Key Up;Espace;1013755
Key Down;E;1014219
Key Up;E;1014306
Key Down;S;1014691
Key Up;S;1014770
Key Down;Z;1015618
Key Up;Z;1016146
Key Down;E;1017099
Key Up;E;1017203
Key Down;D;1017555
Key Up;D;1017883
Key Down;Q;1018594
Key Up;Q;1018731
Key Down;D;1019083
Key Up;D;1019122
Key Down;S;1019458
Key Up;S;1019506
Key Down;D;1019699
Key Up;D;1019810
Key Down;E;1025355
Key Up;E;1025435
Key Down;D;1025755
Key Down;Z;1025962
Key Up;D;1026075
Key Up;Z;1026083
Key Down;Q;1026322
Key Up;Q;1026402
Key Down;Z;1026827
Key Up;Z;1026914
Key Down;E;1027090
Key Up;E;1027146
Key Down;S;1027890
Key Down;Q;1027995
Key Up;Q;1028370
Key Down;D;1028626
Key Up;D;1028739
Key Up;S;1028914
Key Down;D;1029195
Key Down;Z;1029274
Key Up;Z;1029562
Key Down;Z;1029851
Key Up;D;1029986
Key Down;D;1030459
Key Up;Z;1030579
Key Down;S;1031403
Key Up;S;1031467
Key Down;Z;1032218
Key Down;Q;1032235
Key Up;D;1032243
Key Up;Q;1032467
Key Down;D;1033251
Key Up;D;1033859
Key Down;Q;1034306
Key Up;Q;1035010
Key Down;Tab;1035218
Key Up;Z;1035250
Key Up;Tab;1037755
Key Down;D;1038986
Key Down;S;1039467
Key Up;S;1039626
Key Down;Z;1040035
Key Up;Z;1040122
Key Down;Z;1040595
Key Up;Z;1040738
Key Up;D;1041074
Key Down;Z;1041146
Key Up;Z;1041291
Key Down;D;1041442
Key Down;S;1041946
Key Up;S;1042058
Key Up;D;1042474
Key Down;D;1064058
Key Down;Z;1064442
Key Up;D;1065066
Key Up;Z;1065659
Key Down;Q;1065803
Key Down;S;1065970
Key Up;Q;1066435
Key Down;Q;1066794
Key Up;Q;1066939
Key Down;D;1067115
Key Up;D;1067274
Key Down;D;1067467
Key Up;S;1069323
Key Down;Z;1070122
Key Down;Q;1070810
Key Up;D;1071034
Key Up;Z;1071418
Key Down;Z;1071899
Key Up;Q;1072914
Key Down;Q;1073586
Key Up;Z;1074018
Key Down;Z;1074258
Key Up;Z;1074410
Key Down;D;1075058
Key Up;Q;1075155
Key Down;Q;1075355
Key Up;D;1075451
Key Down;S;1075698
Key Up;Q;1075810
Key Down;D;1076162
Key Up;S;1078906
Key Down;Z;1079210
Key Up;Z;1080842
Key Down;Z;1081586
Key Down;Q;1082498
Key Up;D;1082507
Key Up;Q;1082842
Key Down;D;1083034
Key Up;D;1083282
Key Down;Q;1083778
Key Up;Z;1084170
Key Down;S;1085402
Key Up;Q;1088115
Key Down;Q;1088850
Key Down;D;1088962
Key Up;Q;1088994
Key Up;S;1089338
Key Down;A;1090746
Key Down;Z;1090835
Key Up;A;1090899
Key Up;Z;1092667
Key Down;Q;1092690
Key Down;Z;1092994
Key Up;D;1093050
Key Up;Z;1094314
Key Down;S;1095266
Key Down;D;1096658
Key Up;D;1096970
Key Up;Q;1097282
Key Down;D;1097306
Key Up;D;1098658
Key Down;Q;1098666
Key Up;S;1098690
Key Down;Left Shift;1098698
Key Up;Left Shift;1098714
Key Down;Z;1098810
Key Up;Q;1098898
Key Down;D;1100514
Key Up;D;1100770
Key Down;D;1100978
Key Up;Z;1101482
Key Down;S;1101682
Key Up;D;1102050
Key Down;D;1102371
Key Up;D;1102714
Key Down;D;1103834
Key Up;S;1103842
Key Up;D;1103978
Key Down;Z;1103986
Key Down;Q;1104090
Key Up;Q;1104435
Key Down;D;1105122
Key Up;Z;1106322
Key Down;S;1106722
Key Up;D;1107226
Key Down;D;1108306
Key Up;D;1108418
Key Down;Q;1108490
Key Up;S;1108994
Key Down;Z;1109186
Key Up;Q;1109715
Key Down;D;1110938
Key Up;Z;1111282
Key Down;S;1111722
Key Up;D;1112194
Key Down;D;1112474
Key Up;D;1112586
Key Down;Q;1112834
Key Up;S;1113770
Key Down;Z;1115435
Key Up;Q;1115674
Key Down;D;1116266
Key Up;Z;1116514
Key Down;Z;1116946
Key Up;D;1117042
Key Down;Q;1117290
Key Up;Q;1117499
Key Down;D;1117802
Key Up;D;1118226
Key Down;Q;1118426
Key Up;Z;1118458
Key Down;S;1118818
Key Up;Q;1118986
Key Down;Q;1119362
Key Up;Q;1119746
Key Down;Q;1119906
Key Up;Q;1120586
Key Down;D;1120658
Key Up;S;1121867
Key Down;Z;1123698
Key Up;D;1124770
Key Down;Q;1124778
Key Up;Q;1125018
Key Down;D;1125682
Key Up;Z;1126250
Key Down;S;1126362
Key Up;D;1126386
Key Down;D;1126594
Key Up;D;1126802
Key Down;D;1126946
Key Up;D;1127098
Key Down;Q;1127642
Key Up;S;1128074
Key Down;Z;1129282
Key Up;Q;1129402
Key Down;Q;1129562
Key Up;Z;1131770
Key Up;Q;1131794
Key Down;Q;1132426
Key Up;Q;1132505
Key Down;D;1132530
Key Down;S;1132578
Key Up;D;1132610
Key Down;D;1132698
Key Up;S;1133770
Key Down;Z;1134954
Key Up;D;1135002
Key Down;Q;1135106
Key Up;Q;1135130
Key Down;Q;1135394
Key Up;Z;1135546
Key Down;Z;1136146
Key Up;Q;1136898
Key Up;Z;1137186
Key Down;Q;1137194
Key Down;S;1137410
Key Up;Q;1137730
Key Up;S;1137818
Key Down;S;1138210
Key Down;D;1138234
Key Up;S;1138754
Key Down;Z;1140154
Key Up;Z;1141209
Key Up;D;1141306
Key Down;Z;1145042
Key Down;Q;1145434
Key Up;Q;1145954
Key Down;D;1146138
Key Up;Z;1146186
Key Down;S;1146354
Key Up;D;1146370
Key Down;Q;1146570
Key Up;S;1146690
Key Down;Z;1147058
Key Up;Q;1147266
Key Up;Z;1147385
Key Down;S;1147538
Key Down;D;1147626
Key Up;S;1147841
Key Up;D;1147962
Key Down;Z;1148010
Key Up;Z;1148146
Key Down;E;1166682
Key Up;E;1166786
Key Down;S;1167338
Key Down;D;1167410
Key Up;D;1168106
Key Up;S;1168498
Key Down;D;1168594
Key Down;Z;1169170
Key Up;Z;1169521
Key Down;Z;1170106
Key Up;Z;1170298
Key Down;S;1170818
Key Up;D;1171066
Key Down;D;1171466
Key Up;S;1171858
Key Down;Z;1172370
Key Up;D;1172546
Key Up;Z;1172722
Key Down;E;1173018
Key Up;E;1173098
Key Down;Q;1174810
Key Up;Q;1174921
Key Down;Q;1175258
Key Up;Q;1175538
Key Down;Z;1175546
Key Up;Z;1175922
Key Down;S;1185650
Key Down;Q;1186057
Key Up;S;1186114
Key Down;Z;1186434
Key Up;Q;1186594
Key Down;Q;1186849
Key Up;Q;1187026
Key Up;Z;1187602
Key Down;Z;1189474
Key Down;D;1189521
Key Up;D;1189794
Key Down;Q;1190698
Key Up;Q;1190938
Key Down;D;1191434
Key Up;D;1191618
Key Down;D;1191850
Key Up;D;1191938
Key Up;Z;1192362
Key Down;D;1192817
Key Up;D;1192825
Key Down;Z;1192938
Key Down;Q;1193162
Key Up;Q;1193306
Key Up;Z;1193346
Key Down;S;1194162
Key Up;S;1194370
Key Down;S;1194722
Key Down;D;1194730
Key Up;S;1194802
Key Up;D;1194818
Key Down;Z;1195034
Key Down;Q;1195322
Key Up;Z;1195402
Key Down;S;1196330
Key Up;Q;1196721
Key Down;D;1197002
Key Up;S;1197202
Key Down;Z;1197490
Key Up;D;1197681
Key Up;Z;1197722
Key Down;Q;1198538
Key Down;S;1198905
Key Up;Q;1200057
Key Up;S;1200066
Key Down;Q;1201778
Key Up;Q;1201858
Key Down;S;1201866
Key Down;D;1202065
Key Up;D;1202178
Key Down;Q;1202658
Key Up;Q;1202777
Key Down;Q;1203161
Key Up;Q;1203233
Key Up;S;1203282
Key Down;S;1203529
Key Down;D;1204010
Key Up;D;1204162
Key Down;D;1204913
Key Up;S;1204922
Key Down;Q;1205050
Key Up;D;1205058
Key Down;Z;1205098
Key Up;Q;1205185
Key Down;D;1205314
Key Up;Z;1205658
Key Down;Z;1206018
Key Up;D;1206522
Key Down;Q;1207106
Key Up;Z;1207785
Key Down;S;1208642
Key Up;Q;1209442
Key Down;Q;1209641
Key Up;Q;1209785
Key Up;S;1210026
Key Down;A;1210081
Key Up;A;1210162
Key Down;Q;1210410
Key Up;Q;1210778
Key Down;Z;1212225
Key Down;Q;1212354
Key Up;Q;1212498
Key Up;Z;1213009
Key Down;S;1213730
Key Up;S;1214250
Key Down;Q;1214522
Key Down;Z;1214570
Key Up;Q;1214618
Key Down;D;1214858
Key Up;Z;1215538
Key Down;S;1216906
Key Up;D;1217434
Key Down;D;1217570
Key Up;D;1217689
Key Down;Q;1218073
Key Up;S;1218138
Key Down;S;1218250
Key Up;Q;1218385
Key Up;S;1218474
Key Down;Z;1218610
Key Up;Z;1219594
Key Down;A;1219738
Key Up;A;1219818
Key Down;S;1220321
Key Up;S;1220473
Key Down;Q;1220658
Key Up;Q;1220986
Key Down;D;1221066
Key Up;D;1221122
Key Down;Q;1221290
Key Down;S;1221946
Key Up;Q;1222258
Key Up;S;1222873
Key Down;Q;1223225
Key Down;S;1223282
Key Up;Q;1223329
Key Down;D;1224345
Key Up;D;1224441
Key Down;Q;1224498
Key Up;Q;1224890
Key Up;S;1225209
Key Down;Q;1225274
Key Down;Z;1225418
Key Up;Q;1225425
Key Down;Q;1225810
Key Up;Q;1225914
Key Up;Z;1226377
Key Down;Z;1226946
Key Down;D;1227169
Key Up;Z;1227177
Key Up;D;1227234
Key Down;Q;1227290
Key Down;S;1227458
Key Up;Q;1227634
Key Up;S;1227921
Key Down;D;1228609
Key Down;Z;1228690
Key Up;Z;1228986
Key Down;Z;1229378
Key Up;Z;1229625
Key Down;Z;1229906
Key Up;Z;1232985
Key Down;S;1233209
Key Up;D;1233394
Key Up;S;1234297
Key Down;A;1234402
Key Up;A;1234498
Key Down;Q;1236297
Key Up;Q;1236418
Key Down;S;1236745
Key Down;Q;1236882
Key Up;S;1237105
Key Down;S;1237250
Key Up;Q;1237338
Key Up;S;1237409
Key Down;S;1237665
Key Down;D;1237737
Key Up;D;1237866
Key Up;S;1238041
Key Down;S;1238330
Key Up;S;1238418
Key Down;S;1238586
Key Down;Q;1238649
Key Up;Q;1238722
Key Up;S;1238954
Key Down;Q;1239250
Key Down;S;1239410
Key Up;S;1239602
Key Up;Q;1239786
Key Down;Q;1240818
Key Up;Q;1240906
Key Down;Q;1241090
Key Up;Q;1241185
Key Down;S;1241209
Key Up;S;1241434
Key Down;Q;1241626
Key Up;Q;1241682
Key Down;Q;1242105
Key Up;Q;1242226
Key Down;S;1242554
Key Down;Q;1242562
Key Up;Q;1242922
Key Up;S;1243241
Key Down;Q;1243505
Key Up;Q;1243586
Key Down;Q;1243762
Key Down;S;1243842
Key Up;Q;1244081
Key Up;S;1244122
Key Down;Z;1244266
Key Down;D;1244521
Key Down;A;1244898
Key Up;A;1244977
Key Up;Z;1245450
Key Down;S;1246377
Key Up;S;1246657
Key Up;D;1246689
Key Down;D;1247897
Key Down;S;1248097
Key Up;S;1248250
Key Up;D;1248274
Key Down;A;1249018
Key Up;A;1249121
Key Down;Q;1249841
Key Down;Z;1249930
Key Up;Z;1250385
Key Up;Q;1250809
Key Down;Q;1251226
Key Up;Q;1251354
Key Down;D;1253082
Key Up;D;1253370
Key Down;S;1254314
Key Down;Q;1254338
Key Up;S;1254497
Key Down;S;1255241
Key Up;Q;1255378
Key Down;D;1255834
Key Up;D;1256081
Key Up;S;1256234
Key Down;Q;1256962
Key Down;S;1256970
Key Up;S;1257274
Key Up;Q;1260666
Key Down;S;1261057
Key Down;Q;1261234
Key Up;S;1261418
Key Up;Q;1261457
Key Down;Z;1261561
Key Down;E;1261714
Key Up;Z;1261793
Key Up;E;1261850
Key Down;Q;1263025
Key Up;Q;1264130
Key Down;Q;1264433
Key Up;Q;1265002
Key Down;Q;1265305
Key Down;S;1265417
Key Up;S;1265649
Key Down;Z;1267050
Key Up;Q;1267634
Key Down;Q;1268273
Key Up;Q;1268482
Key Down;Q;1268881
Key Up;Z;1268954
Key Up;Q;1269033
Key Down;S;1269090
Key Up;S;1269346
Key Down;Q;1269402
Key Down;Z;1269457
Key Up;Q;1269473
Key Down;D;1269745
Key Up;D;1270017
Key Up;Z;1270290
Key Down;Q;1271122
Key Up;Q;1271217
Key Down;Z;1271298
Key Up;Z;1271601
Key Down;Z;1272161
Key Up;Z;1272473
Key Down;Z;1272921
Key Down;D;1273345
Key Up;Z;1273401
Key Up;D;1273442
Key Down;Z;1274258
Key Up;Z;1274474
Key Down;Z;1274737
Key Down;D;1274970
Key Up;D;1275154
Key Down;D;1275609
Key Up;Z;1276041
Key Up;D;1276217
Key Down;D;1276409
Key Up;D;1276529
Key Down;Q;1278234
Key Down;S;1278402
Key Up;Q;1278914
Key Up;S;1279121
Key Down;A;1279482
Key Up;A;1279585
Key Down;S;1279833
Key Down;D;1280018
Key Up;D;1280138
Key Up;S;1280170
Key Down;S;1280530
Key Up;S;1281649
Key Down;Q;1282321
Key Down;S;1282409
Key Up;Q;1282658
Key Up;S;1283370
Key Down;D;1283409
Key Down;S;1283489
Key Up;S;1283545
Key Down;S;1284913
Key Up;S;1285426
Key Down;Z;1286561
Key Down;A;1286682
Key Up;D;1286770
Key Up;A;1286777
Key Up;Z;1286866
Key Down;Q;1287273
Key Down;Z;1287394
Key Up;Q;1287849
Key Down;D;1288242
Key Up;Z;1288289
Key Up;D;1288626
Key Down;Q;1289418
Key Up;Q;1290065
Key Down;Z;1290265
Key Down;Q;1291410
Key Up;Z;1291585
Key Down;S;1291881
Key Up;S;1292097
Key Up;Q;1292945
Key Down;Q;1293169
Key Down;Z;1294305
Key Up;Q;1294409
Key Down;D;1295257
Key Up;D;1295338
Key Up;Z;1295889
Key Down;Z;1296434
Key Up;Z;1297122
Key Down;S;1297770
Key Down;D;1297930
Key Up;D;1297978
Key Up;S;1298073
Key Down;Z;1299626
Key Up;Z;1299713
Key Down;D;1300881
Key Down;Z;1302833
Key Up;Z;1302953
Key Up;D;1303129
Key Down;A;1303353
Key Up;A;1303449
Key Down;D;1303809
Key Down;Z;1304977
Key Up;D;1305106
Key Up;Z;1305385
Key Down;S;1305561
Key Down;Q;1305665
Key Up;Q;1306065
Key Up;S;1306385
Key Down;Q;1307177
Key Down;S;1307185
Key Up;Q;1307225
Key Up;S;1307490
Key Down;S;1307666
Key Down;Q;1307762
Key Up;Q;1307802
Key Up;S;1307849
Key Down;Z;1307961
Key Up;Z;1308466
Key Down;Z;1308769
Key Down;Q;1308929
Key Up;Q;1309105
Key Down;Q;1309322
Key Up;Q;1309554
Key Down;D;1310034
Key Up;Z;1310177
Key Down;Z;1310233
Key Up;Z;1310465
Key Down;Z;1310586
Key Down;A;1310602
Key Up;A;1310690
Key Up;Z;1311090
Key Down;S;1312025
Key Up;D;1312169
Key Up;S;1312353
Key Down;D;1313129
Key Down;S;1314497
Key Up;D;1315026
Key Down;Q;1315554
Key Up;Q;1315865
Key Up;S;1315977
Key Down;A;1316114
Key Up;A;1316217
Key Down;Z;1317090
Key Down;Q;1317105
Key Up;Q;1317497
Key Up;Z;1317625
Key Down;S;1318241
Key Up;S;1318601
Key Down;Z;1319369
Key Down;Q;1319673
Key Up;Z;1319689
Key Up;Q;1319745
Key Down;S;1322225
Key Down;D;1322233
Key Up;D;1322409
Key Up;S;1322833
Key Down;Z;1323002
Key Down;Q;1323297
Key Up;Q;1323369
Key Up;Z;1323409
Key Down;S;1323657
Key Up;S;1323882
Key Down;A;1324274
Key Up;A;1324353
Key Down;D;1324866
Key Down;Z;1324874
Key Up;D;1325041
Key Up;Z;1325082
Key Down;S;1326513
Key Up;S;1326722
Key Down;Q;1326834
Key Up;Q;1326889
Key Down;S;1327161
Key Up;S;1327313
Key Down;Z;1328305
Key Up;Z;1328561
Key Down;E;1331217
Key Up;E;1331305
Key Down;S;1331762
Key Down;Q;1332234
Key Up;Q;1332401
Key Down;A;1332873
Key Up;A;1332978
Key Up;S;1333057
Key Down;D;1333169
Key Down;Z;1333313
Key Up;D;1333521
Key Down;Q;1334122
Key Up;Q;1334882
Key Down;Q;1335154
Key Up;Z;1335289
Key Down;Z;1335601
Key Up;Q;1335705
Key Down;Q;1335961
Key Up;Q;1336450
Key Down;Q;1337402
Key Up;Z;1337537
Key Down;S;1339345
Key Up;S;1339449
Key Down;D;1340769
Key Up;Q;1340801
Key Down;Z;1340849
Key Up;Z;1341098
Key Down;Z;1341169
Key Up;D;1341353
Key Down;D;1341425
Key Up;Z;1341441
Key Down;Z;1341625
Key Up;D;1341769
Key Up;Z;1342105
Key Down;Q;1343353
Key Down;Z;1343370
Key Up;Z;1343625
Key Up;Q;1344281
Key Down;D;1344538
Key Down;S;1344593
Key Up;D;1344634
Key Down;D;1344794
Key Up;S;1344921
Key Up;D;1345105
Key Down;Q;1345153
Key Down;Z;1345233
Key Up;Z;1345281
Key Up;Q;1345369
Key Down;D;1345489
Key Up;D;1345857
Key Down;S;1346297
Key Down;Q;1346761
Key Up;Q;1346945
Key Down;Q;1347449
Key Up;Q;1347545
Key Up;S;1348297
Key Down;Q;1348305
Key Up;Q;1348434
Key Down;Z;1348505
Key Down;Q;1348634
Key Up;Z;1348801
Key Down;Z;1350009
Key Up;Q;1350122
Key Up;Z;1350201
Key Down;Q;1350377
Key Down;Z;1350745
Key Up;Q;1350913
Key Up;Z;1350937
Key Down;Q;1351561
Key Up;Q;1351721
Key Down;Z;1352105
Key Up;Z;1352946
Key Down;Z;1353809
Key Down;D;1353954
Key Up;D;1354370
Key Up;Z;1354401
Key Down;Q;1354577
Key Down;S;1354785
Key Up;Q;1354985
Key Up;S;1355217
Key Down;S;1355386
Key Up;S;1356218
Key Down;D;1359169
Key Up;D;1359265
Key Down;A;1362129
Key Up;A;1362233
Key Down;Q;1365689
Key Down;S;1365953
Key Up;S;1366065
Key Up;Q;1366673
Key Down;Q;1369105
Key Down;Z;1369673
Key Up;Z;1369705
Key Up;Q;1369809
Key Down;D;1371041
Key Down;A;1372017
Key Down;Z;1372121
Key Up;A;1372129
Key Up;Z;1372537
Key Down;Z;1372785
Key Up;D;1372833
Key Down;D;1372993
Key Up;Z;1373113
Key Up;D;1373193
Key Down;Q;1373241
Key Down;Z;1373417
Key Up;Q;1373481
Key Down;Q;1373681
Key Up;Q;1373729
Key Down;D;1373817
Key Up;Z;1374033
Key Down;Z;1374321
Key Up;D;1374369
Key Up;Z;1375145
Key Down;Z;1375457
Key Up;Z;1376201
Key Down;Tab;1376329
Key Up;Tab;1378705
Key Down;S;1379393
Key Down;Q;1379521
Key Up;Q;1380777
Key Up;S;1381817
Key Down;D;1382185
Key Up;D;1382337
Key Down;Q;1382553
Key Down;Z;1382657
Key Up;Q;1382817
Key Up;Z;1382993
Key Down;Z;1383513
Key Up;Z;1383609
Key Down;D;1384833
Key Down;S;1385073
Key Up;S;1385257
Key Up;D;1385569
Key Down;Q;1386393
Key Up;Q;1386809
Key Down;D;1390609
Key Up;D;1391049
Key Down;Q;1391777
Key Up;Q;1392217
Key Down;D;1393961
Key Up;D;1394392
Key Down;A;1394737
Key Up;A;1394817
Key Down;S;1398249
Key Up;S;1398609
Key Down;S;1399185
Key Up;S;1399681
Key Down;Q;1399761
Key Up;Q;1399864
Key Down;Q;1400449
Key Up;Q;1400505
Key Down;S;1400769
Key Up;S;1400889
Key Down;S;1402217
Key Up;S;1402545
Key Down;S;1404201
Key Down;Q;1405129
Key Up;S;1405465
Key Down;Z;1406041
Key Up;Q;1406505
Key Up;Z;1407240
Key Down;Tab;1407273
Key Up;Tab;1414633
Key Down;S;1415793
Key Up;S;1416488
Key Down;Z;1416649
Key Down;Q;1416809
Key Up;Q;1417481
Key Down;D;1417592
Key Up;D;1418041
Key Up;Z;1418089
Key Down;E;1418705
Key Up;E;1418809
Key Down;E;1428481
Key Up;E;1428617
Key Down;S;1429392
Key Up;S;1429713
Key Down;Tab;1430593
Key Up;Tab;1432409
Key Down;S;1433625
Key Down;Q;1434049
Key Up;S;1434424
Key Up;Q;1434777
Key Down;Z;1435409
Key Down;Q;1435561
Key Up;Z;1435912
Key Down;S;1436833
Key Up;Q;1437097
Key Down;Q;1437928
Key Up;S;1438049
Key Up;Q;1438161
Key Down;Tab;1438840
Key Up;Tab;1441769
Key Down;Z;1442697
Key Up;Z;1443153
Key Down;Tab;1443409
Key Up;Tab;1445873
Key Down;S;1446961
Key Down;Q;1447065
Key Up;S;1447761
Key Down;S;1447833
Key Up;Q;1448049
Key Down;D;1448241
Key Up;D;1448496
Key Down;D;1449185
Key Up;S;1449225
Key Down;S;1449792
Key Up;D;1450145
Key Down;D;1450352
Key Up;S;1450649
Key Down;Z;1451224
Key Up;D;1451329
Key Up;Z;1451641
Key Down;E;1451713
Key Up;E;1451785
Key Down;S;1452129
Key Down;D;1452177
Key Up;D;1452313
Key Up;S;1452377
Key Down;S;1453072
Key Up;S;1453128
Key Down;E;1454384
Key Up;E;1454489
Key Down;S;1455929
Key Up;S;1456281
Key Down;Tab;1458905
Key Up;Tab;1461193
Key Down;Z;1462217
Key Down;D;1462473
Key Up;Z;1463209
Key Down;S;1463689
Key Up;S;1463865
Key Down;Z;1464480
Key Up;D;1464584
Key Up;Z;1464616
Key Down;Z;1467216
Key Up;Z;1467440
Key Down;E;1468169
Key Up;E;1468225
Key Down;E;1468809
Key Up;E;1468881
Key Down;S;1469424
Key Up;S;1469713
Key Down;Q;1469897
Key Down;S;1471257
Key Up;Q;1471385
Key Up;S;1471457
Key Down;Tab;1471601
Key Up;Tab;1473896
Key Down;S;1474801
Key Down;Q;1475193
Key Up;S;1475777
Key Up;Q;1476032
Key Down;Q;1476457
Key Down;Z;1476465
Key Up;Q;1476769
Key Up;Z;1476801
Key Down;Q;1477200
Key Down;S;1478057
Key Up;Q;1478465
Key Down;Q;1479080
Key Up;S;1479273
Key Up;Q;1480352
Key Down;Q;1481593
Key Down;S;1485721
Key Up;S;1485984
Key Down;S;1486352
Key Up;S;1486489
Key Down;S;1486992
Key Up;S;1487401
Key Up;Q;1487857
Key Down;Espace;1497801
Key Up;Espace;1497952
Key Down;Q;1512080
Key Down;Z;1512088
Key Up;Z;1512784
Key Up;Q;1515937
Key Down;D;1517641
Key Up;D;1518152
Key Down;Q;1524049
Key Up;Q;1524384
Key Down;Echap;1534752
Key Up;Echap;1534873
Key Down;Left Alt;1535376
Key Down;Tab;1535489
Key Up;Left Alt;1535553
Key Up;Tab;1535617
