Event;Key;Time
Key Down;Left Control;64571
Key Down;F5;64922
Key Up;F5;65058
Key Down;F5;65434
Key Up;F5;65570
Key Down;F5;65739
Key Up;F5;65867
Key Down;F5;66011
Key Up;F5;66123
Key Down;F5;66274
Key Up;F5;66410
Key Down;F5;66562
Key Up;F5;66658
Key Down;F5;66770
Key Up;F5;66874
Key Down;F5;66970
Key Up;F5;67139
Key Down;F5;67275
Key Up;F5;67379
Key Down;F5;67459
Key Up;F5;69642
Key Up;Left Control;69842
Key Down;Left Shift;71930
Key Down;F5;72138
Key Up;Left Shift;72891
Key Up;F5;72907
Key Down;Volume Down;90787
Key Up;Volume Down;90954
Key Down;Volume Down;91122
Key Up;Volume Down;91307
Key Down;Volume Down;91483
Key Up;Volume Down;91619
Key Down;Volume Down;91771
Key Up;Volume Down;91930
Key Down;Volume Down;92394
Key Up;Volume Down;92627
Key Down;Volume Down;92915
Key Up;Volume Down;93962
Key Down;Volume Up;96218
Key Up;Volume Up;96370
Key Down;Volume Up;96610
Key Up;Volume Up;96730
Key Down;Volume Up;96907
Key Up;Volume Up;97019
Key Down;Volume Up;97171
Key Up;Volume Up;97267
Key Down;O;98361
Key Up;O;98525
Key Down;Z;136650
Key Down;D;139018
Key Up;Z;139066
Key Down;Z;139330
Key Up;D;139338
Key Up;Z;140354
Key Down;Z;142562
Key Up;Z;143226
Key Down;Tab;146954
Key Up;Tab;147066
Key Down;Echap;163090
Key Up;Echap;163178
Key Down;Echap;164650
Key Up;Echap;164754
Key Down;D;169346
Key Up;D;169786
Key Down;D;170250
Key Up;D;170706
Key Down;Z;171530
Key Up;Z;173426
Key Down;Z;182610
Key Up;Z;183802
Key Down;X;199146
Key Up;X;199217
Key Down;Q;218706
Key Up;Q;218986
Key Down;Q;219378
Key Up;Q;219761
Key Down;Z;220026
Key Up;Z;220506
Key Down;Z;222290
Key Up;Z;222418
Key Down;Z;226753
Key Down;Espace;228010
Key Up;Z;228546
Key Up;Espace;228562
Key Down;Espace;228738
Key Up;Espace;228994
Key Down;Z;229154
Key Up;Z;229681
Key Down;D;248530
Key Up;D;248978
Key Down;Z;249162
Key Up;Z;249433
Key Down;Q;249962
Key Up;Q;250202
Key Down;X;251594
Key Up;X;251650
Key Down;Z;252714
Key Up;Z;252946
Key Down;D;266002
Key Down;Z;266337
Key Up;D;266457
Key Down;Espace;266970
Key Up;Z;269826
Key Up;Espace;269874
Key Down;Z;277866
Key Up;Z;279658
Key Down;X;280265
Key Up;X;280313
Key Down;Z;281114
Key Down;Espace;281354
Key Up;Espace;281865
Key Up;Z;281961
Key Down;Z;284394
Key Down;Espace;284641
Key Up;Espace;286706
Key Up;Z;286722
Key Down;D;308649
Key Down;Z;310145
Key Up;D;310193
Key Up;Z;310570
Key Down;Z;311985
Key Down;Espace;312434
Key Up;Espace;315785
Key Up;Z;315865
Key Down;Z;316346
Key Down;Espace;316754
Key Up;Espace;318202
Key Up;Z;318242
Key Down;Espace;319226
Key Up;Espace;319274
Key Down;Espace;319834
Key Up;Espace;320017
Key Down;Z;320738
Key Down;Espace;321066
Key Up;Espace;323618
Key Up;Z;323658
Key Down;Z;326202
Key Down;Espace;326586
Key Up;Espace;328513
Key Up;Z;328601
Key Down;Z;329066
Key Up;Z;329698
Key Down;Z;330265
Key Down;Espace;330466
Key Up;Espace;331114
Key Up;Z;331138
Key Down;Z;331545
Key Down;Espace;331914
Key Up;Espace;332306
Key Up;Z;332434
Key Down;Z;332641
Key Down;Espace;332913
Key Up;Espace;333033
Key Down;Espace;333362
Key Up;Espace;334209
Key Up;Z;334289
Key Down;Z;334449
Key Down;Espace;335074
Key Up;Espace;335426
Key Up;Z;335921
Key Down;Z;336146
Key Up;Z;336634
Key Down;Z;342162
Key Up;Z;343242
Key Down;Z;344321
Key Up;Z;345202
Key Down;Z;345601
Key Down;Espace;346186
Key Up;Espace;346530
Key Up;Z;346610
Key Down;Z;347097
Key Up;Z;347602
Key Down;Z;348257
Key Up;Z;348601
Key Down;Z;351561
Key Down;Espace;351618
Key Up;Espace;352210
Key Down;Espace;352409
Key Up;Espace;357137
Key Up;Z;357266
Key Down;Z;358922
Key Up;Z;359034
Key Down;Entrée;386401
Key Up;Entrée;386465
Key Down;Z;401737
Key Down;D;402530
Key Up;Z;402690
Key Down;Z;402873
Key Up;D;402961
Key Down;Q;403377
Key Up;Q;403954
Key Up;Z;404098
Key Down;Q;405633
Key Up;Q;406441
Key Down;Z;406938
Key Up;Z;408625
Key Down;D;410065
Key Up;D;410153
Key Down;X;410946
Key Up;X;411002
Key Down;Z;417289
Key Up;Z;417801
Key Down;Z;418090
Key Down;Q;418657
Key Up;Z;418713
Key Down;Z;418841
Key Up;Q;419129
Key Down;Espace;420033
Key Up;Espace;423313
Key Up;Z;423433
Key Down;Z;424513
Key Up;Z;426466
Key Down;Z;434769
Key Down;Espace;435377
Key Up;Espace;437138
Key Up;Z;437242
Key Down;Z;437258
Key Up;Z;437321
Key Down;Z;438193
Key Down;Espace;438945
Key Up;Espace;442313
Key Up;Z;442385
Key Down;Z;443609
Key Down;Espace;444266
Key Up;Espace;445921
Key Up;Z;445969
Key Down;Z;447905
Key Up;Z;448721
Key Down;Z;463505
Key Up;Z;466777
Key Down;X;468097
Key Up;X;468161
Key Down;Z;480329
Key Up;Z;481937
Key Down;Z;482513
Key Down;Espace;483073
Key Up;Espace;485193
Key Up;Z;485281
Key Down;Z;494033
Key Up;Z;495673
Key Down;Z;498393
Key Up;Z;501665
Key Down;O;502795
Key Up;O;502860
Key Down;Z;503265
Key Up;Z;503681
Key Down;Z;515441
Key Up;Z;515881
Key Down;Z;518569
Key Up;Z;519937
Key Down;Z;522793
Key Up;Z;523593
Key Down;Z;527665
Key Down;Espace;528169
Key Up;Z;530417
Key Up;Espace;530449
Key Down;Q;559217
Key Up;Q;559273
Key Down;Q;559641
Key Up;Q;559745
Key Down;Q;560081
Key Up;Q;560161
Key Down;Q;560360
Key Up;Q;560432
Key Down;D;561736
Key Up;D;561848
Key Down;D;562121
Key Up;D;562241
Key Down;D;562585
Key Up;D;562697
Key Down;D;562937
Key Up;D;563041
Key Down;D;563272
Key Up;D;563401
Key Down;D;563705
Key Up;D;563833
Key Down;D;564089
Key Up;D;564209
Key Down;D;564393
Key Up;D;564505
Key Down;D;564680
Key Up;D;564809
Key Down;Z;569657
Key Down;Espace;570025
Key Up;Espace;570689
Key Up;Z;570721
Key Down;X;571177
Key Up;X;571241
Key Down;Z;571688
Key Down;Espace;571985
Key Up;Espace;572937
Key Up;Z;572961
Key Down;Z;573801
Key Down;Espace;574105
Key Up;Espace;575425
Key Up;Z;575441
Key Down;D;589673
Key Up;D;589793
Key Down;D;590193
Key Up;D;590313
Key Down;D;590401
Key Up;D;590513
Key Down;D;590921
Key Up;D;591057
Key Down;D;591161
Key Up;D;591264
Key Down;D;591368
Key Up;D;591464
Key Down;D;591568
Key Up;D;591673
Key Down;D;591793
Key Up;D;591897
Key Down;D;592185
Key Up;D;592321
Key Down;D;592481
Key Up;D;592577
Key Down;Z;597112
Key Down;Espace;597345
Key Up;Z;599233
Key Up;Espace;599249
Key Down;X;599832
Key Up;X;599904
Key Down;Z;600201
Key Down;Espace;600473
Key Up;Espace;600569
Key Down;Espace;600624
Key Up;Z;601449
Key Up;Espace;601473
Key Down;Z;601697
Key Down;Espace;602280
Key Up;Espace;602409
Key Up;Z;602425
Key Down;Z;610161
Key Down;Espace;610512
Key Up;Espace;612345
Key Up;Z;612353
Key Down;Z;618409
Key Up;Z;618673
Key Down;Z;625673
Key Down;Espace;626105
Key Up;Z;627896
Key Up;Espace;627928
Key Down;X;628593
Key Up;X;628657
Key Down;Entrée;672017
Key Up;Entrée;672088
Key Down;Z;674128
Key Down;Espace;674432
Key Up;Z;677416
Key Up;Espace;677456
Key Down;Z;679521
Key Down;Espace;679816
Key Up;Z;680593
Key Up;Espace;680625
Key Down;X;690849
Key Up;X;690920
Key Down;Z;691721
Key Down;Espace;692312
Key Up;Z;692760
Key Up;Espace;692776
Key Down;X;703720
Key Up;X;703832
Key Down;Z;704609
Key Down;Espace;704785
Key Up;Z;707920
Key Up;Espace;707952
Key Down;Z;730400
Key Down;Espace;730648
Key Up;Z;731297
Key Up;Espace;731369
Key Down;Espace;731416
Key Down;Z;731440
Key Up;Espace;731496
Key Up;Z;731584
Key Down;Echap;732569
Key Up;Echap;732641
Key Down;Echap;732729
Key Up;Echap;732792
Key Down;Z;733665
Key Down;Espace;733905
Key Up;Z;734272
Key Up;Espace;734336
Key Down;Z;734632
Key Up;Z;734856
Key Down;Z;734928
Key Up;Z;735000
Key Down;Entrée;743624
Key Up;Entrée;743688
Key Down;Z;745577
Key Down;Espace;745744
Key Up;Z;748577
Key Up;Espace;748601
Key Down;Z;749568
Key Up;Z;750680
Key Down;X;754217
Key Up;X;754321
Key Down;X;755000
Key Up;X;755328
Key Down;X;757201
Key Up;X;757289
Key Down;X;759248
Key Up;X;759360
Key Down;Z;760472
Key Down;Espace;760720
Key Up;Espace;761577
Key Up;Z;761585
Key Down;Q;788920
Key Up;Q;789056
Key Down;Q;789152
Key Up;Q;789312
Key Down;Q;789489
Key Up;Q;789601
Key Down;Q;789712
Key Up;Q;789816
Key Down;Q;789936
Key Up;Q;790048
Key Down;Q;790208
Key Up;Q;790288
Key Down;X;794432
Key Up;X;794544
Key Down;X;794656
Key Up;X;794768
Key Down;Z;795408
Key Down;Espace;795568
Key Up;Z;798176
Key Up;Espace;798184
Key Down;D;803104
Key Up;D;804008
Key Down;Q;804560
Key Up;Q;804800
Key Down;Q;805081
Key Up;Q;805217
Key Down;Q;805360
Key Up;Q;805488
Key Down;Q;805552
Key Up;Q;805648
Key Down;Q;805752
Key Up;Q;805880
Key Down;Q;806136
Key Up;Q;806248
Key Down;Q;806320
Key Up;Q;806680
Key Down;Q;806784
Key Up;Q;806952
Key Down;Z;811376
Key Down;Espace;811536
Key Up;Z;813720
Key Up;Espace;813744
Key Down;X;814224
Key Up;X;814288
Key Down;Z;820152
Key Down;Espace;820376
Key Up;Z;822176
Key Up;Espace;822208
Key Down;X;825968
Key Up;X;826024
Key Down;Z;826664
Key Down;Espace;826905
Key Up;Espace;828456
Key Up;Z;828488
Key Down;Z;835272
Key Down;Espace;835632
Key Up;Espace;836801
Key Up;Z;836856
Key Down;X;837216
Key Up;X;837344
Key Down;Z;837776
Key Down;Espace;837936
Key Up;Espace;838304
Key Up;Z;838312
Key Down;D;843520
Key Up;D;844168
Key Down;D;844696
Key Up;D;844864
Key Down;D;845112
Key Up;D;845249
Key Down;D;845352
Key Up;D;845496
Key Down;D;845600
Key Up;D;845704
Key Down;D;845800
Key Up;D;845896
Key Down;D;845976
Key Up;D;846080
Key Down;D;846136
Key Up;D;846272
Key Down;D;846312
Key Up;D;846928
Key Down;Q;847000
Key Up;Q;847440
Key Down;Q;847616
Key Up;Q;847760
Key Down;Q;847840
Key Up;Q;847984
Key Down;Q;848008
Key Up;Q;848224
Key Down;Q;848368
Key Up;Q;848504
Key Down;Q;848752
Key Up;Q;848848
Key Down;Q;848960
Key Up;Q;849088
Key Down;Q;849160
Key Up;Q;849272
Key Down;Q;849368
Key Up;Q;849464
Key Down;Q;849552
Key Up;Q;849656
Key Down;Q;849736
Key Up;Q;849832
Key Down;Q;849920
Key Up;Q;850032
Key Down;Q;850104
Key Up;Q;850192
Key Down;Q;850392
Key Up;Q;850504
Key Down;Q;855576
Key Up;Q;856160
Key Down;Q;856296
Key Down;Z;856416
Key Up;Q;856464
Key Down;Espace;856896
Key Up;Z;859288
Key Up;Espace;859304
Key Down;Z;891544
Key Down;Espace;891863
Key Up;Z;895432
Key Up;Espace;895464
Key Down;Z;896392
Key Down;Espace;896984
Key Up;Espace;897208
Key Up;Z;897344
Key Down;Z;898992
Key Down;Espace;899320
Key Up;Espace;899632
Key Up;Z;899664
Key Down;Z;902440
Key Up;Z;903031
Key Down;X;905096
Key Up;X;905200
Key Down;Z;906320
Key Up;Z;907096
Key Down;Espace;908256
Key Up;Espace;908424
Key Down;Z;909552
Key Up;Z;909944
Key Down;Z;911080
Key Up;Z;911232
Key Down;Espace;911535
Key Up;Espace;911672
Key Down;Z;913096
Key Up;Z;913696
Key Down;Z;916432
Key Up;Z;916776
Key Down;Z;917127
Key Down;Espace;917640
Key Up;Espace;917856
Key Up;Z;917904
Key Down;Z;918848
Key Up;Z;919951
Key Down;Espace;921112
Key Up;Espace;921240
Key Down;Echap;989256
Key Up;Echap;989384
Key Down;O;997900
Key Up;O;998050
Key Down;Entrée;999408
Key Up;Entrée;999487
Key Down;Echap;1002016
Key Up;Echap;1002087
Key Down;Echap;1003224
Key Up;Echap;1003304
Key Down;Z;1005592
Key Down;Espace;1006239
Key Up;Espace;1007088
Key Up;Z;1007128
Key Down;Z;1007863
Key Up;Z;1008280
Key Down;D;1014360
Key Up;D;1014464
Key Down;D;1014775
Key Up;D;1014895
Key Down;D;1014999
Key Up;D;1015111
Key Down;D;1015207
Key Up;D;1015312
Key Down;D;1015400
Key Up;D;1015504
Key Down;D;1015600
Key Up;D;1015704
Key Down;D;1015800
Key Up;D;1015896
Key Down;D;1016024
Key Up;D;1016095
Key Down;D;1016207
Key Up;D;1016295
Key Down;D;1016399
Key Up;D;1016511
Key Down;D;1016663
Key Up;D;1016760
Key Down;D;1016856
Key Up;D;1016960
Key Down;D;1017048
Key Up;D;1017136
Key Down;D;1017232
Key Up;D;1017320
Key Down;D;1017416
Key Up;D;1017447
Key Down;X;1022664
Key Up;X;1022752
Key Down;D;1023551
Key Down;Espace;1024679
Key Up;D;1024767
Key Up;Espace;1024847
Key Down;Z;1026303
Key Up;Z;1026968
Key Down;Z;1027607
Key Down;Espace;1027967
Key Up;Espace;1029680
Key Up;Z;1029696
Key Down;Z;1032776
Key Down;Espace;1033127
Key Up;Espace;1034248
Key Up;Z;1034280
Key Down;Z;1035407
Key Down;Espace;1035752
Key Up;Espace;1036431
Key Up;Z;1036447
Key Down;Z;1041272
Key Down;Espace;1041656
Key Up;Z;1042423
Key Up;Espace;1042431
Key Down;Z;1043807
Key Down;Espace;1044136
Key Up;Z;1044967
Key Up;Espace;1044975
Key Down;Z;1047080
Key Down;Espace;1047799
Key Up;Z;1048672
Key Down;Z;1049007
Key Up;Espace;1049559
Key Up;Z;1049679
Key Down;Z;1051079
Key Up;Z;1051807
Key Down;Z;1054783
Key Up;Z;1056015
Key Down;Espace;1057224
Key Up;Espace;1057280
Key Down;Espace;1057391
Key Up;Espace;1057447
Key Down;Espace;1057535
Key Up;Espace;1057599
Key Down;Espace;1057687
Key Up;Espace;1057743
Key Down;Espace;1057839
Key Up;Espace;1057887
Key Down;Espace;1059375
Key Up;Espace;1059431
Key Down;Espace;1059535
Key Up;Espace;1059607
Key Down;Espace;1059712
Key Up;Espace;1059760
Key Down;Espace;1059864
Key Up;Espace;1059920
Key Down;Espace;1060024
Key Up;Espace;1060096
Key Down;Espace;1060183
Key Up;Espace;1060247
Key Down;Espace;1060351
Key Up;Espace;1060399
Key Down;Espace;1060487
Key Up;Espace;1060551
Key Down;Espace;1060647
Key Up;Espace;1060703
Key Down;Espace;1060799
Key Up;Espace;1060855
Key Down;Espace;1060951
Key Up;Espace;1061015
Key Down;Espace;1061120
Key Up;Espace;1061184
Key Down;Espace;1061288
Key Up;Espace;1061368
Key Down;Espace;1061472
Key Up;Espace;1061552
Key Down;Espace;1061695
Key Up;Espace;1061783
Key Down;Espace;1061887
Key Up;Espace;1061991
Key Down;Espace;1062095
Key Up;Espace;1062199
Key Down;Espace;1062303
Key Up;Espace;1062383
Key Down;Z;1064136
Key Up;Z;1064903
Key Down;Espace;1082903
Key Up;Espace;1082975
Key Down;Espace;1083103
Key Up;Espace;1083183
Key Down;Espace;1084255
Key Up;Espace;1084343
Key Down;Espace;1084431
Key Up;Espace;1084511
Key Down;Espace;1084599
Key Up;Espace;1084671
Key Down;Espace;1084751
Key Up;Espace;1084815
Key Down;Espace;1084903
Key Up;Espace;1084976
Key Down;Espace;1085056
Key Up;Espace;1085128
Key Down;Espace;1085216
Key Up;Espace;1085280
Key Down;Espace;1085376
Key Up;Espace;1085455
Key Down;Espace;1085535
Key Up;Espace;1085623
Key Down;Espace;1085719
Key Up;Espace;1085807
Key Down;Espace;1085887
Key Up;Espace;1085983
Key Down;Espace;1086071
Key Up;Espace;1086159
Key Down;Espace;1086255
Key Up;Espace;1086343
Key Down;Espace;1086440
Key Up;Espace;1086536
Key Down;Espace;1086632
Key Up;Espace;1086712
Key Down;Espace;1086800
Key Up;Espace;1086887
Key Down;Espace;1086991
Key Up;Espace;1087063
Key Down;Espace;1087167
Key Up;Espace;1087247
Key Down;Espace;1087367
Key Up;Espace;1087455
Key Down;Espace;1087591
Key Up;Espace;1087663
Key Down;Z;1089480
Key Down;Espace;1089655
Key Up;Z;1090423
Key Up;Espace;1090471
Key Down;Z;1091711
Key Up;Z;1091967
Key Down;X;1121135
Key Up;X;1121183
Key Down;Z;1135215
Key Down;Espace;1135455
Key Up;Z;1136512
Key Up;Espace;1136615
Key Down;Z;1138143
Key Up;Z;1138335
Key Down;Z;1139735
Key Up;Z;1140056
Key Down;Z;1155831
Key Up;Z;1156095
Key Down;Z;1162791
Key Up;Z;1162919
Key Down;Z;1163711
Key Up;Z;1163823
Key Down;Z;1166047
Key Up;Z;1166336
Key Down;Z;1166703
Key Up;Z;1166815
Key Down;Z;1167127
Key Up;Z;1167215
Key Down;Z;1167575
Key Up;Z;1167704
Key Down;Z;1168055
Key Up;Z;1168135
Key Down;Z;1168839
Key Up;Z;1169655
Key Down;Z;1171375
Key Up;Z;1171583
Key Down;Z;1172111
Key Up;Z;1172231
Key Down;Z;1175823
Key Up;Z;1176255
Key Down;Z;1183615
Key Up;Z;1183935
Key Down;Z;1199863
Key Up;Z;1200223
Key Down;Z;1200567
Key Up;Z;1200671
Key Down;Z;1201183
Key Up;Z;1201351
Key Down;Z;1202815
Key Up;Z;1203143
Key Down;Z;1203399
Key Up;Z;1203559
Key Down;Z;1204039
Key Up;Z;1204175
Key Down;Z;1205199
Key Up;Z;1205679
Key Down;Z;1206151
Key Up;Z;1207535
Key Down;Z;1207591
Key Up;Z;1207727
Key Down;Z;1210823
Key Up;Z;1211095
Key Down;Z;1211407
Key Up;Z;1211743
Key Down;Z;1212295
Key Up;Z;1212431
Key Down;Z;1219935
Key Up;Z;1220087
Key Down;Z;1220487
Key Up;Z;1220639
Key Down;Z;1223007
Key Down;Espace;1223767
Key Up;Z;1223855
Key Up;Espace;1224183
Key Down;Z;1225295
Key Up;Z;1226607
Key Down;Z;1230415
Key Up;Z;1230599
Key Down;Z;1231279
Key Down;Espace;1232878
Key Up;Z;1232991
Key Up;Espace;1233031
Key Down;Z;1233887
Key Up;Z;1235767
Key Down;Z;1243095
Key Up;Z;1243919
Key Down;Z;1245943
Key Down;Espace;1246223
Key Up;Z;1246679
Key Down;Z;1247271
Key Up;Z;1251007
Key Down;Z;1251238
Key Up;Z;1252287
Key Up;Espace;1252407
Key Down;Z;1253087
Key Down;Espace;1253311
Key Up;Z;1254751
Key Up;Espace;1254935
Key Down;Espace;1256367
Key Up;Espace;1256439
Key Down;Espace;1256543
Key Up;Espace;1256599
Key Down;Espace;1256703
Key Up;Espace;1256759
Key Down;Espace;1256855
Key Up;Espace;1256911
Key Down;Espace;1256999
Key Up;Espace;1257079
Key Down;Espace;1257167
Key Up;Espace;1257230
Key Down;Espace;1257310
Key Up;Espace;1257382
Key Down;Espace;1257479
Key Up;Espace;1257535
Key Down;Espace;1257639
Key Up;Espace;1257703
Key Down;Espace;1257791
Key Up;Espace;1257871
Key Down;Espace;1257959
Key Up;Espace;1258039
Key Down;Espace;1258127
Key Up;Espace;1258207
Key Down;Espace;1258287
Key Up;Espace;1258391
Key Down;Espace;1258487
Key Up;Espace;1258583
Key Down;Espace;1258694
Key Up;Espace;1258806
Key Down;Espace;1258879
Key Up;Espace;1258991
Key Down;Espace;1259079
Key Up;Espace;1259183
Key Down;Espace;1259287
Key Up;Espace;1259367
Key Down;Espace;1259463
Key Up;Espace;1259543
Key Down;Espace;1259655
Key Up;Espace;1259735
Key Down;Z;1266679
Key Down;Espace;1267118
Key Up;Z;1269311
Key Up;Espace;1269327
Key Down;Z;1270094
Key Down;Espace;1270431
Key Up;Z;1271038
Key Up;Espace;1271046
Key Down;Z;1272743
Key Down;Espace;1273071
Key Up;Espace;1273694
Key Up;Z;1273742
Key Down;Echap;1310719
Key Up;Echap;1310783
Key Down;Echap;1317071
Key Up;Echap;1317231
Key Down;Q;1317959
Key Down;Z;1318063
Key Up;Q;1318079
Key Up;Z;1318207
Key Down;Z;1318463
Key Up;Z;1318639
Key Down;Z;1319118
Key Down;D;1319182
Key Up;Z;1320111
Key Up;D;1320143
Key Down;Z;1320374
Key Down;Left Control;1320831
Key Up;Z;1320911
Key Down;Z;1322046
Key Up;Z;1322334
Key Up;Left Control;1326174
Key Down;D;1326503
Key Up;D;1326727
Key Down;Echap;1328135
Key Up;Echap;1328263
Key Down;Z;1348694
Key Down;Espace;1348943
Key Up;Z;1350791
Key Up;Espace;1350855
Key Down;Z;1351598
Key Up;Z;1352414
Key Down;Z;1352670
Key Down;Espace;1352894
Key Up;Z;1355286
Key Up;Espace;1355334
Key Down;Tab;1357287
Key Up;Tab;1357359
Key Down;Echap;1361623
Key Up;Echap;1361751
Key Down;Echap;1362726
Key Up;Echap;1362814
Key Down;Z;1364046
Key Down;Espace;1364318
Key Up;Espace;1367998
Key Up;Z;1368022
Key Down;Z;1371046
Key Down;Espace;1371743
Key Up;Espace;1372222
Key Up;Z;1372430
Key Down;Z;1372766
Key Down;Espace;1373031
Key Up;Z;1377255
Key Up;Espace;1377279
Key Down;Z;1378231
Key Down;Espace;1378591
Key Up;Espace;1380239
Key Up;Z;1380262
Key Down;Z;1380758
Key Down;Espace;1381071
Key Up;Espace;1381830
Key Up;Z;1381894
Key Down;X;1388151
Key Up;X;1388199
Key Down;Z;1391590
Key Up;Z;1392126
Key Down;Z;1393470
Key Up;Z;1393847
Key Down;Z;1396855
Key Up;Z;1397222
Key Down;Z;1398159
Key Up;Z;1398990
Key Down;Z;1402702
Key Up;Z;1403358
Key Down;Z;1404190
Key Up;Z;1404814
Key Down;Z;1405950
Key Up;Z;1406310
Key Down;Z;1408255
Key Down;Espace;1408614
Key Up;Espace;1411782
Key Up;Z;1411798
Key Down;Z;1418558
Key Down;Espace;1418798
Key Up;Z;1419446
Key Up;Espace;1419454
Key Down;Z;1419790
Key Down;Espace;1420110
Key Up;Espace;1421743
Key Up;Z;1421807
Key Down;Z;1423271
Key Down;Espace;1423439
Key Up;Espace;1423998
Key Up;Z;1424031
Key Down;Espace;1430543
Key Up;Espace;1430631
Key Down;Espace;1430726
Key Up;Espace;1430806
Key Down;Espace;1430886
Key Up;Espace;1430950
Key Down;Espace;1431038
Key Up;Espace;1431102
Key Down;Espace;1431198
Key Up;Espace;1431262
Key Down;Espace;1431358
Key Up;Espace;1431422
Key Down;Espace;1431518
Key Up;Espace;1431582
Key Down;Espace;1431687
Key Up;Espace;1431743
Key Down;Espace;1431839
Key Up;Espace;1431911
Key Down;Espace;1432007
Key Up;Espace;1432062
Key Down;Espace;1432182
Key Up;Espace;1432246
Key Down;Espace;1432366
Key Up;Espace;1432406
Key Down;Espace;1435806
Key Up;Espace;1435919
Key Down;Espace;1435991
Key Up;Espace;1436063
Key Down;Espace;1436143
Key Up;Espace;1436207
Key Down;Espace;1436294
Key Up;Espace;1436366
Key Down;Espace;1436446
Key Up;Espace;1436510
Key Down;Espace;1436606
Key Up;Espace;1436678
Key Down;Espace;1436766
Key Up;Espace;1436838
Key Down;Espace;1436942
Key Up;Espace;1436990
Key Down;Espace;1437102
Key Up;Espace;1437174
Key Down;Espace;1437279
Key Up;Espace;1437343
Key Down;Espace;1437447
Key Up;Espace;1437511
Key Down;Espace;1437615
Key Up;Espace;1437678
Key Down;Espace;1437782
Key Up;Espace;1437846
Key Down;Espace;1437950
Key Up;Espace;1438022
Key Down;Espace;1438118
Key Up;Espace;1438190
Key Down;Espace;1438278
Key Up;Espace;1438350
Key Down;Espace;1438446
Key Up;Espace;1438510
Key Down;Espace;1438614
Key Up;Espace;1438687
Key Down;Espace;1438927
Key Up;Espace;1439071
Key Down;Z;1440095
Key Up;Z;1440487
Key Down;Z;1441062
Key Down;Left Control;1441799
Key Up;Z;1442102
Key Up;Left Control;1444327
Key Down;Z;1446750
Key Up;Z;1447495
Key Down;Z;1448158
Key Up;Z;1448719
Key Down;F;1449910
Key Down;Espace;1450734
Key Up;F;1451150
Key Up;Espace;1451926
Key Down;Z;1456334
Key Up;Z;1456950
Key Down;Espace;1457766
Key Up;Espace;1457879
Key Down;Echap;1537206
Key Up;Echap;1537270
Key Down;Echap;1537902
Key Up;Echap;1538022
Key Down;Z;1539758
Key Up;Z;1541998
Key Down;Z;1543638
Key Up;Z;1544334
Key Down;X;1546590
Key Up;X;1546654
Key Down;X;1549510
Key Up;X;1549614
Key Down;Z;1550438
Key Up;Z;1552006
Key Down;Left Control;1553166
Key Down;Z;1553942
Key Up;Z;1558518
Key Up;Left Control;1558574
Key Down;Left Control;1560398
Key Up;Left Control;1562670
Key Down;Z;1567894
Key Up;Z;1569590
Key Down;X;1571614
Key Up;X;1571662
Key Down;X;1573334
Key Up;X;1575246
Key Down;Z;1575806
Key Up;Z;1576166
Key Down;X;1577902
Key Up;X;1579142
Key Down;Z;1580934
Key Down;Espace;1581758
Key Up;Espace;1582590
Key Up;Z;1582598
Key Down;X;1583238
Key Up;X;1583302
Key Down;Z;1583670
Key Down;Espace;1583926
Key Up;Espace;1585126
Key Up;Z;1585150
Key Down;Z;1587750
Key Up;Z;1587854
Key Down;Z;1599430
Key Up;Z;1599806
Key Down;Z;1601854
Key Up;Z;1603158
Key Down;Z;1613078
Key Up;Z;1613470
Key Down;Z;1616934
Key Up;Z;1617302
Key Down;Z;1619533
Key Up;Z;1619702
Key Down;Z;1620246
Key Up;Z;1620366
Key Down;Espace;1621046
Key Up;Espace;1621190
Key Down;F;1623165
Key Up;F;1623213
Key Down;Espace;1623838
Key Up;Espace;1625494
Key Down;Z;1626269
Key Up;Z;1627086
Key Down;Z;1627302
Key Up;Z;1627557
Key Down;Z;1628030
Key Up;Z;1628646
Key Down;Z;1635301
Key Up;Z;1635678
Key Down;Z;1638006
Key Up;Z;1638766
Key Down;Z;1639461
Key Up;Z;1640030
Key Down;Z;1640997
Key Up;Z;1644462
Key Down;Z;1646565
Key Up;Z;1647709
Key Down;F;1650494
Key Up;F;1650581
Key Down;Espace;1651126
Key Up;Espace;1652029
Key Down;Z;1653317
Key Down;Espace;1653645
Key Up;Espace;1663557
Key Up;Z;1663565
Key Down;Z;1667605
Key Up;Z;1668094
Key Down;Tab;1672814
Key Up;Tab;1672878
Key Down;Echap;1682613
Key Up;Echap;1682686
Key Down;Echap;1683542
Key Up;Echap;1683638
Key Down;Z;1684846
Key Down;Espace;1685053
Key Up;Z;1691670
Key Up;Espace;1691741
Key Down;Z;1692413
Key Up;Z;1692645
Key Down;Z;1695173
Key Down;Espace;1697566
Key Up;Espace;1699669
Key Up;Z;1699693
Key Down;Z;1700749
Key Up;Z;1701166
Key Down;Z;1701854
Key Up;Z;1702021
Key Down;Z;1704925
Key Up;Z;1706469
Key Down;Z;1707278
Key Down;Espace;1707637
Key Up;Espace;1708326
Key Up;Z;1708390
Key Down;X;1711494
Key Up;X;1711558
Key Down;Z;1712806
Key Up;Z;1714366
Key Down;Z;1729317
Key Up;Z;1729501
Key Down;Z;1729830
Key Up;Z;1730501
Key Down;Z;1730741
Key Up;Z;1730805
Key Down;Z;1731125
Key Up;Z;1731574
Key Down;Left Control;1740846
Key Up;Left Control;1742933
Key Down;Z;1743726
Key Down;Espace;1743981
Key Up;Z;1744925
Key Up;Espace;1744973
Key Down;Espace;1745245
Key Up;Espace;1745405
Key Down;Espace;1746453
Key Up;Espace;1747414
Key Down;Z;1747949
Key Down;Espace;1748109
Key Up;Z;1749133
Key Up;Espace;1749165
Key Down;Espace;1749293
Key Up;Espace;1749445
Key Down;Z;1750174
Key Down;Espace;1750877
Key Up;Espace;1751166
Key Up;Z;1751382
Key Down;Espace;1753309
Key Down;Z;1753405
Key Up;Z;1753429
Key Up;Espace;1753589
Key Down;Left Control;1756189
Key Up;Left Control;1757230
Key Down;Left Control;1757597
Key Up;Left Control;1758278
Key Down;Left Control;1762502
Key Up;Left Control;1765590
Key Down;Left Control;1769261
Key Up;Left Control;1769381
Key Down;Left Control;1774757
Key Up;Left Control;1775061
Key Down;Left Control;1775246
Key Up;Left Control;1775422
Key Down;Z;1775893
Key Down;Espace;1776077
Key Up;Espace;1777341
Key Down;Espace;1777421
Key Up;Z;1777501
Key Up;Espace;1777549
Key Down;Espace;1777637
Key Up;Espace;1777773
Key Down;Espace;1777829
Key Down;Z;1777837
Key Up;Z;1777909
Key Up;Espace;1777958
Key Down;Z;1778014
Key Up;Z;1778182
Key Down;Z;1778254
Key Down;Espace;1778350
Key Up;Z;1778445
Key Up;Espace;1778493
Key Down;Z;1779141
Key Up;Z;1779710
Key Down;Z;1781845
Key Up;Z;1781925
Key Down;Left Meta;1786430
Key Up;Left Meta;1788197
Key Down;Z;1792270
Key Down;Espace;1792429
Key Up;Espace;1792757
Key Up;Z;1792789
Key Down;Z;1792909
Key Down;Espace;1792981
Key Up;Espace;1793550
Key Down;Espace;1793662
Key Up;Espace;1794061
Key Down;Espace;1794197
Key Up;Espace;1794333
Key Down;Espace;1794445
Key Up;Espace;1794517
Key Down;Espace;1794669
Key Up;Espace;1794821
Key Up;Z;1795206
Key Down;Z;1795301
Key Down;Espace;1795909
Key Up;Espace;1795997
Key Up;Z;1796310
Key Down;Z;1796486
Key Up;Z;1796869
Key Down;Z;1796973
Key Up;Z;1797117
Key Down;Left Meta;1801149
Key Down;Left Control;1801173
Key Up;Left Control;1801293
Key Up;Left Meta;1802741
Key Down;Left Control;1802869
Key Up;Left Control;1804173
Key Down;Z;1804501
Key Down;Espace;1804653
Key Up;Z;1805062
Key Up;Espace;1805094
Key Down;Z;1805197
Key Down;Espace;1805229
Key Up;Espace;1805333
Key Down;Espace;1805533
Key Up;Z;1806238
Key Up;Espace;1806278
Key Down;Z;1806390
Key Down;Espace;1806406
Key Up;Espace;1806549
Key Up;Z;1806589
Key Down;Z;1806669
Key Up;Z;1807109
Key Down;Z;1807245
Key Down;Espace;1807309
Key Up;Z;1807389
Key Up;Espace;1807830
Key Down;Espace;1807878
Key Up;Espace;1807949
Key Down;Z;1808293
Key Down;Espace;1808405
Key Up;Espace;1808757
Key Up;Z;1808821
Key Down;Z;1808917
Key Up;Z;1809150
Key Down;Z;1809389
Key Down;Espace;1809941
Key Up;Espace;1810405
Key Up;Z;1810989
Key Down;Entrée;1827653
Key Up;Entrée;1827717
Key Down;Z;1829958
Key Down;Espace;1830109
Key Up;Z;1832765
Key Up;Espace;1832773
Key Down;Z;1841701
Key Up;Z;1842438
Key Down;Z;1842749
Key Up;Z;1843261
Key Down;Z;1845557
Key Down;Espace;1845766
Key Up;Z;1847261
Key Down;Z;1847365
Key Up;Z;1847485
Key Up;Espace;1847589
Key Down;Left Control;1854413
Key Up;Left Control;1857261
Key Down;Left Control;1862069
Key Up;Left Control;1862469
Key Down;Z;1862981
Key Down;Espace;1863189
Key Up;Espace;1863541
Key Up;Z;1863549
Key Down;Left Control;1866950
Key Up;Left Control;1869229
Key Down;Z;1869573
Key Down;Espace;1869869
Key Up;Z;1872133
Key Up;Espace;1872237
Key Down;Z;1872397
Key Up;Z;1872685
Key Down;Z;1873213
Key Down;Espace;1873365
Key Up;Espace;1873541
Key Down;Espace;1873653
Key Up;Espace;1873789
Key Down;Espace;1873893
Key Up;Espace;1873997
Key Down;Espace;1874189
Key Up;Z;1874357
Key Up;Espace;1874365
Key Down;Z;1874605
Key Up;Z;1874941
Key Down;Z;1878925
Key Down;Espace;1879005
Key Up;Z;1879117
Key Up;Espace;1879477
Key Down;Z;1884797
Key Up;Z;1885405
Key Down;Z;1885493
Key Up;Z;1885821
Key Down;Z;1885861
Key Up;Z;1886037
Key Down;Z;1886357
Key Down;Espace;1887349
Key Up;Espace;1887541
Key Down;Espace;1887669
Key Up;Espace;1887781
Key Down;Espace;1887933
Key Up;Espace;1888061
Key Down;Espace;1888221
Key Up;Espace;1888373
Key Down;Espace;1888533
Key Up;Espace;1888661
Key Down;Espace;1888941
Key Up;Espace;1889109
Key Up;Z;1889221
Key Down;Espace;1889933
Key Up;Espace;1890261
Key Down;S;1890957
Key Up;S;1892389
Key Down;Z;1892677
Key Up;Z;1893613
Key Down;Z;1896909
Key Down;Espace;1897493
Key Up;Espace;1898261
Key Up;Z;1898333
Key Down;Left Control;1906405
Key Up;Left Control;1907933
Key Down;Z;1909213
Key Down;Espace;1909485
Key Up;Espace;1909972
Key Up;Z;1910117
Key Down;Z;1912509
Key Up;Z;1913109
Key Down;Left Control;1923765
Key Up;Left Control;1926029
Key Down;Z;1926429
Key Down;Espace;1926701
Key Up;Espace;1927397
Key Down;Espace;1927493
Key Up;Espace;1927621
Key Down;Espace;1927749
Key Up;Espace;1927837
Key Up;Z;1927901
Key Down;Z;1927981
Key Up;Z;1928348
Key Down;Z;1928429
Key Up;Z;1928581
Key Down;Z;1928637
Key Up;Z;1928789
Key Down;Z;1928805
Key Down;Espace;1928813
Key Up;Espace;1928973
Key Up;Z;1928981
Key Down;Z;1929069
Key Down;Espace;1929077
Key Up;Z;1929181
Key Up;Espace;1929229
Key Down;Z;1929301
Key Down;Espace;1929317
Key Up;Espace;1929405
Key Up;Z;1929413
Key Down;Z;1929493
Key Down;Espace;1929509
Key Up;Espace;1929621
Key Up;Z;1929653
Key Down;Z;1929788
Key Down;Espace;1929893
Key Up;Espace;1929957
Key Up;Z;1929997
Key Down;Espace;1930141
Key Down;Z;1930197
Key Up;Z;1930333
Key Up;Espace;1930349
Key Down;Z;1930477
Key Up;Z;1931156
Key Down;Z;1933597
Key Up;Z;1933709
Key Down;Z;1935277
Key Down;Espace;1935381
Key Up;Z;1935469
Key Up;Espace;1935477
Key Down;Z;1935541
Key Up;Z;1935733
Key Down;Z;1935749
Key Up;Z;1935900
Key Down;Z;1935996
Key Up;Z;1936173
Key Down;Z;1936269
Key Up;Z;1936453
Key Down;Z;1936533
Key Down;Espace;1936821
Key Up;Espace;1936981
Key Down;Espace;1937109
Key Up;Espace;1937221
Key Up;Z;1937269
Key Down;Z;1937380
Key Down;Espace;1937420
Key Up;Z;1937549
Key Up;Espace;1937581
Key Down;Espace;1937717
Key Down;Z;1937725
Key Up;Z;1937869
Key Up;Espace;1937877
Key Down;Z;1937957
Key Up;Z;1938269
Key Down;Z;1938413
Key Up;Z;1939069
Key Down;Z;1939205
Key Up;Z;1939389
Key Down;Entrée;1949917
Key Up;Entrée;1949973
Key Down;Z;1952708
Key Down;Espace;1952973
Key Up;Espace;1955364
Key Up;Z;1955412
Key Down;Z;1964581
Key Down;Espace;1964965
Key Up;Espace;1967325
Key Up;Z;1967413
Key Down;Z;1967765
Key Down;Espace;1968445
Key Up;Espace;1968533
Key Down;Espace;1968629
Key Up;Espace;1968733
Key Down;Espace;1968829
Key Up;Espace;1968933
Key Up;Z;1969388
Key Down;Z;1969765
Key Down;Espace;1970037
Key Up;Espace;1971493
Key Up;Z;1971517
Key Down;Z;1974069
Key Up;Z;1974237
Key Down;Z;1974349
Key Up;Z;1974493
Key Down;Z;1974573
Key Down;Espace;1975076
Key Up;Espace;1975236
Key Down;Espace;1975325
Key Up;Espace;1975437
Key Down;Espace;1975557
Key Up;Espace;1975621
Key Down;Espace;1975789
Key Up;Espace;1975853
Key Down;Espace;1976013
Key Up;Espace;1976173
Key Down;Espace;1976396
Key Up;Espace;1976436
Key Down;Espace;1977437
Key Up;Espace;1977916
Key Up;Z;1977964
Key Down;Z;1978637
Key Up;Z;1978901
Key Down;Z;1979172
Key Up;Z;1979829
Key Down;Left Control;1990997
Key Up;Left Control;1992845
Key Down;Z;1993196
Key Down;Espace;1993428
Key Up;Espace;1994133
Key Down;Espace;1994277
Key Up;Espace;1994437
Key Down;Espace;1994509
Key Up;Espace;1994660
Key Down;Espace;1994916
Key Up;Espace;1995325
Key Up;Z;1996044
Key Down;Left Control;2000253
Key Up;Left Control;2002245
Key Down;Z;2007612
Key Up;Z;2007684
Key Down;Z;2007901
Key Down;Espace;2008141
Key Up;Espace;2008269
Key Down;Espace;2008557
Key Up;Espace;2008804
Key Up;Z;2009333
Key Down;Z;2009429
Key Down;Espace;2010069
Key Up;Espace;2010436
Key Down;Espace;2010572
Key Up;Espace;2012213
Key Up;Z;2012277
Key Down;Z;2012413
Key Down;Espace;2012845
Key Up;Espace;2012972
Key Up;Z;2013092
Key Down;Z;2013925
Key Up;Z;2014093
Key Down;Z;2014340
Key Up;Z;2014564
Key Down;Z;2014692
Key Down;Espace;2015085
Key Up;Espace;2015109
Key Up;Z;2015165
Key Down;Z;2015229
Key Up;Z;2015613
Key Down;Z;2015772
Key Up;Z;2015876
Key Down;Z;2015948
Key Down;Espace;2015964
Key Up;Espace;2016100
Key Down;Espace;2016196
Key Up;Espace;2016309
Key Down;Espace;2016445
Key Up;Espace;2016581
Key Up;Z;2016589
Key Down;Z;2017093
Key Up;Z;2017380
Key Down;Z;2018245
Key Up;Z;2018421
Key Down;Z;2019349
Key Up;Z;2021676
Key Down;Z;2021772
Key Down;Espace;2022101
Key Up;Espace;2023060
Key Up;Z;2023148
Key Down;Z;2023164
Key Up;Z;2023196
Key Down;Z;2023212
Key Down;Espace;2023244
Key Up;Espace;2023357
Key Up;Z;2023397
Key Down;Z;2023501
Key Down;Espace;2024644
Key Up;Espace;2025197
Key Up;Z;2025277
Key Down;Z;2025940
Key Up;Z;2026893
Key Down;Left Control;2036197
Key Up;Left Control;2037597
Key Down;Z;2038133
Key Up;Z;2038205
Key Down;Z;2038277
Key Down;Espace;2038533
Key Up;Espace;2038549
Key Down;Espace;2038932
Key Up;Espace;2039004
Key Up;Espace;2039228
Key Down;Espace;2039365
Key Up;Espace;2039413
Key Down;Espace;2039573
Key Up;Espace;2039701
Key Down;Espace;2039901
Key Up;Espace;2040013
Key Up;Z;2040452
Key Down;Z;2040741
Key Down;Espace;2041005
Key Up;Espace;2042157
Key Up;Z;2042205
Key Down;Left Control;2046797
Key Up;Left Control;2049116
Key Down;Left Control;2049573
Key Up;Left Control;2049972
Key Down;Z;2055429
Key Up;Z;2055461
Key Down;Z;2055540
Key Down;Espace;2055820
Key Up;Espace;2055956
Key Down;Espace;2056060
Key Up;Espace;2056140
Key Down;Espace;2056253
Key Up;Espace;2056333
Key Down;Espace;2056469
Key Up;Espace;2056557
Key Down;Espace;2056693
Key Up;Espace;2056773
Key Up;Z;2057789
Key Down;Z;2057893
Key Down;Espace;2057941
Key Up;Espace;2058524
Key Up;Z;2058540
Key Down;Z;2059533
Key Up;Z;2059836
Key Down;Z;2060116
Key Up;Z;2060156
Key Down;Z;2062189
Key Down;Espace;2062644
Key Up;Espace;2062812
Key Down;Espace;2062948
Key Up;Espace;2063020
Key Up;Espace;2063220
Key Down;Espace;2063365
Key Up;Z;2063941
Key Up;Espace;2063949
Key Down;Z;2064356
Key Up;Z;2069037
Key Down;Entrée;2081372
Key Up;Entrée;2081484
Key Down;Z;2084597
Key Down;Espace;2084781
Key Up;Espace;2087188
Key Up;Z;2087212
Key Down;Z;2096093
Key Down;Espace;2096652
Key Up;Espace;2097245
Key Up;Z;2097309
Key Down;Z;2097629
Key Down;Espace;2097948
Key Up;Espace;2098492
Key Up;Z;2098548
Key Down;Z;2098773
Key Down;Espace;2098997
Key Up;Espace;2100381
Key Down;Espace;2100541
Key Up;Espace;2101028
Key Up;Z;2101332
Key Down;Z;2104156
Key Down;Espace;2104573
Key Up;Espace;2105036
Key Up;Z;2105132
Key Down;Z;2114860
Key Up;Z;2115076
Key Down;Z;2119748
Key Up;Z;2120237
Key Down;Z;2121637
Key Up;Z;2122388
Key Down;Z;2122508
Key Up;Z;2123228
Key Down;Z;2124660
Key Down;Espace;2125885
Key Up;Espace;2126444
Key Down;Espace;2126540
Key Up;Espace;2126692
Key Down;Espace;2126844
Key Up;Espace;2126981
Key Down;Espace;2127948
Key Up;Espace;2128228
Key Up;Z;2128293
Key Down;Z;2140796
Key Up;Z;2141213
Key Down;Z;2141341
Key Up;Z;2141492
Key Down;Z;2141612
Key Up;Z;2141796
Key Down;Z;2141884
Key Up;Z;2142645
Key Down;Z;2142796
Key Down;Espace;2143148
Key Up;Espace;2143324
Key Down;Espace;2143460
Key Up;Espace;2143548
Key Down;Espace;2143692
Key Up;Espace;2143820
Key Down;Espace;2144005
Key Up;Espace;2144125
Key Down;Espace;2144292
Key Up;Espace;2144404
Key Up;Z;2144716
Key Down;Z;2144900
Key Up;Z;2145180
Key Down;Z;2145204
Key Up;Z;2145389
Key Down;Z;2145988
Key Down;Espace;2146140
Key Up;Espace;2146308
Key Down;Espace;2146444
Key Up;Espace;2146556
Key Down;Espace;2146821
Key Up;Espace;2146893
Key Up;Z;2147084
Key Down;Z;2147516
Key Up;Z;2147540
Key Down;Z;2148076
Key Up;Z;2148548
Key Down;Z;2148588
Key Down;Espace;2148660
Key Up;Espace;2148804
Key Down;Espace;2148924
Key Up;Espace;2149004
Key Down;Espace;2149140
Key Up;Espace;2149220
Key Up;Z;2149661
Key Down;Z;2149781
Key Up;Z;2149924
Key Down;Z;2150028
Key Up;Z;2150180
Key Down;Z;2150268
Key Up;Z;2150548
Key Down;Z;2150604
Key Up;Z;2150965
Key Down;Z;2151061
Key Down;Espace;2151396
Key Up;Espace;2151500
Key Down;Espace;2151652
Key Up;Espace;2151724
Key Down;Espace;2151836
Key Up;Espace;2151972
Key Down;Espace;2152156
Key Up;Espace;2152308
Key Up;Z;2152365
Key Down;Z;2152812
Key Up;Z;2153012
Key Down;Z;2153076
Key Up;Z;2153244
Key Down;Z;2153332
Key Up;Z;2153540
Key Down;Z;2153604
Key Up;Z;2153877
Key Down;Z;2153965
Key Up;Z;2154156
Key Down;Z;2154220
Key Down;Espace;2154244
Key Up;Z;2154364
Key Up;Espace;2154420
Key Down;Espace;2154524
Key Down;Z;2154532
Key Up;Z;2154556
Key Up;Espace;2154660
Key Down;Espace;2154748
Key Up;Espace;2154916
Key Down;Z;2155405
Key Up;Z;2155724
Key Down;Z;2163308
Key Up;Z;2163436
Key Down;Z;2163500
Key Up;Z;2163693
Key Down;Espace;2163741
Key Down;Z;2163749
Key Up;Espace;2163893
Key Down;Espace;2163996
Key Up;Z;2164020
Key Up;Espace;2164108
Key Down;Espace;2164372
Key Up;Espace;2164460
Key Down;Espace;2164596
Key Up;Espace;2164708
Key Down;Espace;2164812
Key Up;Espace;2164980
Key Down;Z;2165516
Key Down;Espace;2165780
Key Up;Espace;2168053
Key Up;Z;2168084
Key Down;Z;2168452
Key Up;Z;2168652
Key Down;Entrée;2187013
Key Up;Entrée;2187212
Key Down;Z;2189716
Key Down;Espace;2189844
Key Up;Z;2192436
Key Up;Espace;2192452
Key Down;Z;2202372
Key Down;Espace;2202596
Key Up;Espace;2205932
Key Up;Z;2205948
Key Down;Z;2220020
Key Up;Z;2220812
Key Down;Left Control;2221973
Key Up;Left Control;2222388
Key Down;Z;2225596
Key Down;Espace;2225764
Key Up;Z;2227244
Key Up;Espace;2227316
Key Down;Z;2229076
Key Down;Espace;2229564
Key Up;Espace;2231428
Key Up;Z;2231740
Key Down;Z;2243044
Key Up;Z;2244708
Key Down;Z;2249628
Key Down;Espace;2250284
Key Up;Espace;2250572
Key Up;Z;2250604
Key Down;Z;2251212
Key Up;Z;2251364
Key Down;Z;2253156
Key Up;Z;2253659
Key Down;Left Control;2254396
Key Up;Left Control;2254500
Key Down;NumPad 3;2261564
Key Up;NumPad 3;2261700
Key Down;NumPad 3;2261812
Key Up;NumPad 3;2261908
Key Down;NumPad 3;2262003
Key Up;NumPad 3;2262083
Key Down;NumPad 3;2262188
Key Up;NumPad 3;2262260
Key Down;NumPad 3;2262388
Key Up;NumPad 3;2262468
Key Down;Z;2264252
Key Down;Espace;2264436
Key Up;Espace;2264732
Key Up;Z;2264828
Key Down;Z;2266748
Key Down;Espace;2267012
Key Up;Z;2268468
Key Up;Espace;2268532
Key Down;Espace;2268788
Key Up;Espace;2268876
Key Down;Espace;2269020
Key Up;Espace;2269083
Key Down;Z;2269724
Key Down;Espace;2269980
Key Up;Espace;2270052
Key Up;Z;2270204
Key Down;Z;2272860
Key Down;Espace;2273196
Key Up;Espace;2274548
Key Up;Z;2274604
Key Down;Z;2282988
Key Up;Z;2283243
Key Down;Z;2283500
Key Down;Espace;2283708
Key Up;Espace;2284651
Key Down;Espace;2284836
Key Up;Espace;2284956
Key Up;Z;2285004
Key Down;Z;2285356
Key Up;Z;2285780
Key Down;Z;2286492
Key Up;Z;2288356
Key Down;Z;2309332
Key Down;Espace;2310011
Key Up;Espace;2312564
Key Up;Z;2312620
Key Down;Z;2313508
Key Up;Z;2314316
Key Down;Z;2315676
Key Down;Espace;2315924
Key Up;Espace;2316979
Key Up;Z;2317052
Key Down;Entrée;2336900
Key Up;Entrée;2337020
Key Down;Z;2339628
Key Down;Espace;2339828
Key Up;Espace;2342324
Key Up;Z;2342348
Key Down;Z;2348164
Key Up;Z;2348475
Key Down;Z;2349012
Key Down;Espace;2349260
Key Up;Espace;2352100
Key Up;Z;2352108
Key Down;Z;2357764
Key Up;Z;2358443
Key Down;Z;2360772
Key Up;Z;2361299
Key Down;Z;2368395
Key Down;Espace;2368636
Key Up;Espace;2369148
Key Up;Z;2369164
Key Down;Z;2376196
Key Down;Espace;2376980
Key Up;Espace;2378828
Key Up;Z;2378860
Key Down;Z;2378995
Key Down;Espace;2379171
Key Up;Espace;2379555
Key Up;Z;2379644
Key Down;Z;2390635
Key Up;Z;2390835
Key Down;Z;2393123
Key Up;Z;2393780
Key Down;Z;2415252
Key Down;Espace;2415555
Key Up;Espace;2416067
Key Down;Espace;2416195
Key Up;Espace;2416316
Key Down;Espace;2416444
Key Up;Espace;2416564
Key Down;Espace;2416724
Key Up;Espace;2416844
Key Down;Espace;2417299
Key Up;Espace;2417435
Key Down;Espace;2417571
Key Up;Espace;2417659
Key Down;Espace;2417788
Key Up;Espace;2417924
Key Down;Espace;2417972
Key Up;Espace;2418387
Key Up;Z;2418395
Key Down;O;2419817
Key Up;O;2420040
Key Down;Z;2436883
Key Up;Z;2437476
Key Down;Z;2437668
Key Down;Espace;2438395
Key Up;Espace;2442731
Key Up;Z;2442739
Key Down;Z;2451916
Key Down;Espace;2452227
Key Up;Espace;2452963
Key Up;Z;2453020
Key Down;Z;2453092
Key Down;Espace;2453380
Key Up;Espace;2453659
Key Up;Z;2453987
Key Down;Entrée;2464243
Key Up;Entrée;2464379
Key Down;Z;2467347
Key Down;Espace;2467587
Key Up;Z;2470092
Key Up;Espace;2470148
Key Down;Z;2472955
Key Down;Espace;2473131
Key Up;Espace;2476532
Key Up;Z;2476659
Key Down;Z;2482867
Key Up;Z;2483035
Key Down;Z;2492171
Key Up;Z;2492372
Key Down;Z;2505948
Key Down;Espace;2506387
Key Up;Espace;2506499
Key Down;Espace;2506627
Key Up;Espace;2506715
Key Down;Espace;2506803
Key Up;Espace;2506875
Key Down;Espace;2506979
Key Up;Espace;2507059
Key Down;Espace;2507204
Key Up;Espace;2507284
Key Up;Z;2507451
Key Down;Z;2507483
Key Down;Espace;2507819
Key Up;Espace;2507907
Key Down;Espace;2508035
Key Up;Espace;2508099
Key Down;Espace;2508219
Key Up;Espace;2508291
Key Up;Z;2508387
Key Down;Espace;2508507
Key Up;Espace;2508612
Key Down;Espace;2508748
Key Up;Espace;2508827
Key Down;Espace;2508995
Key Up;Espace;2509027
Key Down;Espace;2509163
Key Up;Espace;2509235
Key Down;Espace;2509331
Key Up;Espace;2509411
Key Down;Espace;2509523
Key Up;Espace;2509651
Key Down;Espace;2509843
Key Up;Espace;2509955
Key Down;Z;2510843
Key Down;Espace;2511468
Key Up;Espace;2511540
Key Up;Z;2514220
Key Down;Left Control;2518027
Key Up;Left Control;2520155
Key Down;Z;2537763
Key Down;Espace;2537955
Key Up;Z;2538252
Key Down;Z;2538332
Key Up;Espace;2538475
Key Down;Espace;2538683
Key Up;Espace;2538803
Key Down;Espace;2539331
Key Up;Espace;2539467
Key Down;Espace;2539603
Key Up;Espace;2539708
Key Down;Espace;2539827
Key Up;Espace;2539907
Key Down;Espace;2540035
Key Up;Espace;2540131
Key Down;Espace;2540307
Key Up;Espace;2540315
Key Up;Z;2540523
Key Down;Espace;2540723
Key Up;Espace;2540859
Key Down;Espace;2540931
Key Up;Espace;2541092
Key Down;Espace;2541307
Key Up;Espace;2541419
Key Down;Z;2550275
Key Up;Z;2550899
Key Down;Z;2550915
Key Up;Z;2550964
Key Down;Z;2551051
Key Up;Z;2552107
Key Down;Z;2552339
Key Down;Espace;2552603
Key Up;Z;2554163
Key Up;Espace;2554171
Key Down;Espace;2554379
Key Up;Espace;2554443
Key Down;Z;2555331
Key Down;Espace;2556459
Key Up;Espace;2558267
Key Up;Z;2558291
Key Down;Z;2565523
Key Down;Espace;2565531
Key Up;Z;2565643
Key Up;Espace;2566395
Key Down;Q;2566659
Key Down;W;2566667
Key Up;W;2566955
Key Up;Q;2567699
Key Down;Z;2579219
Key Down;Espace;2579571
Key Up;Z;2582179
Key Up;Espace;2582227
Key Down;Espace;2582363
Key Up;Espace;2582595
Key Down;Z;2582915
Key Down;Espace;2584059
Key Up;Espace;2585027
Key Up;Z;2585107
Key Down;Z;2587203
Key Up;Z;2587939
Key Down;Left Control;2593003
Key Up;Left Control;2595411
Key Down;Z;2596635
Key Down;Espace;2597219
Key Up;Espace;2597715
Key Up;Z;2597939
Key Down;Z;2598675
Key Up;Z;2599275
Key Down;Entrée;2613923
Key Up;Entrée;2614067
Key Down;Z;2616915
Key Down;Espace;2617194
Key Up;Espace;2619331
Key Up;Z;2619499
Key Down;Z;2628306
Key Down;Espace;2628507
Key Up;Z;2630475
Key Up;Espace;2630515
Key Down;Espace;2630635
Key Up;Espace;2630787
Key Down;Z;2631154
Key Up;Z;2633043
Key Down;Left Control;2639811
Key Up;Left Control;2641859
Key Down;Left Control;2645707
Key Up;Left Control;2648403
Key Down;Z;2656995
Key Down;Espace;2658323
Key Up;Z;2658859
Key Up;Espace;2658899
Key Down;Espace;2659099
Key Up;Espace;2659170
Key Down;Z;2659643
Key Down;Espace;2660531
Key Up;Espace;2660987
Key Up;Z;2661011
Key Down;Left Control;2671810
Key Up;Left Control;2673562
Key Down;Z;2690146
Key Down;Espace;2690482
Key Up;Z;2691355
Key Up;Espace;2691387
Key Down;Espace;2691538
Key Up;Espace;2691650
Key Down;Z;2692107
Key Up;Z;2693491
Key Down;Left Control;2699227
Key Up;Left Control;2700362
Key Down;Z;2707442
Key Down;Espace;2708666
Key Up;Espace;2708818
Key Up;Z;2708850
Key Down;Espace;2708947
Key Up;Espace;2709115
Key Down;Z;2709211
Key Down;Espace;2710090
Key Up;Z;2711883
Key Up;Espace;2711955
Key Down;Z;2713291
Key Up;Z;2713803
Key Down;Z;2714042
Key Up;Z;2714755
Key Down;Left Control;2720587
Key Up;Left Control;2722914
Key Down;Left Control;2724659
Key Up;Left Control;2726978
Key Down;S;2812803
Key Up;S;2813578
Key Down;Z;2822666
Key Up;Z;2823554
Key Down;Z;2824826
Key Down;Espace;2825106
Key Up;Espace;2825738
Key Up;Z;2825763
Key Down;Z;2826410
Key Up;Z;2831194
Key Down;Z;2831707
Key Up;Z;2832058
Key Down;Z;2832971
Key Up;Z;2835130
Key Down;Z;2835530
Key Up;Z;2838906
Key Down;Z;2840210
Key Up;Z;2840954
Key Down;Z;2842707
Key Up;Z;2843762
Key Down;Tab;2849370
Key Up;Tab;2849458
Key Down;Z;2851498
Key Up;Z;2853466
Key Down;Z;2853530
Key Down;Espace;2855698
Key Up;Espace;2856666
Key Up;Z;2856674
Key Down;Z;2857402
Key Up;Z;2858042
Key Down;Espace;2859010
Key Up;Espace;2859034
Key Down;Tab;2862474
Key Up;Tab;2862586
Key Down;Tab;2864090
Key Up;Tab;2864194
Key Down;Tab;2864786
Key Up;Tab;2864882
Key Down;Entrée;2868762
Key Up;Entrée;2868858
Key Down;Entrée;2872274
Key Up;Entrée;2872362
Key Down;Echap;2892306
Key Up;Echap;2892370
Key Down;Echap;2896458
Key Up;Echap;2896522
Key Down;Tab;2897850
Key Up;Tab;2897986
Key Down;Tab;2918010
Key Up;Tab;2918090
Key Down;Z;2921274
Key Down;Espace;2922114
Key Up;Espace;2928914
Key Up;Z;2928962
Key Down;Z;2930170
Key Up;Z;2930346
Key Down;Z;2936330
Key Down;Espace;2936866
Key Up;Espace;2937530
Key Up;Z;2937578
Key Down;Z;2939106
Key Down;Espace;2939481
Key Up;Z;2947314
Key Up;Espace;2947354
Key Down;Z;2949346
Key Down;Espace;2949650
Key Up;Z;2951962
Key Up;Espace;2952121
Key Down;Z;2953282
Key Down;Espace;2953617
Key Up;Z;2955049
Key Up;Espace;2955090
Key Down;Z;2956538
Key Down;Espace;2956746
Key Up;Z;2959090
Key Up;Espace;2959137
Key Down;Espace;2959482
Key Up;Espace;2959642
Key Down;Echap;2963482
Key Up;Echap;2963546
Key Down;Echap;2964290
Key Up;Echap;2964362
Key Down;Z;2965522
Key Down;Espace;2965826
Key Up;Z;2968674
Key Up;Espace;2968690
Key Down;Z;2971226
Key Down;Espace;2971394
Key Up;Z;2973378
Key Up;Espace;2973386
Key Down;Z;2975554
Key Down;Espace;2975778
Key Up;Z;2978802
Key Up;Espace;2978858
Key Down;Z;2980114
Key Down;Espace;2980234
Key Up;Espace;2985674
Key Up;Z;2985682
Key Down;Z;2990281
Key Down;Espace;2990361
Key Up;Z;2990930
Key Up;Espace;2990946
Key Down;Z;2993418
Key Down;Espace;2993610
Key Up;Espace;2997026
Key Up;Z;2997098
Key Down;Z;2997466
Key Down;Espace;2997530
Key Up;Espace;2999714
Key Up;Z;2999730
Key Down;Z;3000226
Key Down;Espace;3000401
Key Up;Espace;3001650
Key Up;Z;3001698
Key Down;Z;3005354
Key Down;Espace;3005402
Key Up;Espace;3010786
Key Up;Z;3010850
Key Down;Z;3012089
Key Down;Espace;3012338
Key Up;Espace;3013090
Key Up;Z;3013161
Key Down;Z;3016770
Key Up;Z;3017617
Key Down;Espace;3018258
Key Up;Espace;3018618
Key Down;Z;3020770
Key Down;Espace;3021058
Key Up;Espace;3030465
Key Up;Z;3030578
Key Down;Z;3036737
Key Down;Espace;3036921
Key Up;Z;3038009
Key Up;Espace;3038257
Key Down;Tab;3042393
Key Up;Tab;3042521
Key Down;Echap;3053561
Key Up;Echap;3053625
Key Down;Echap;3064314
Key Up;Echap;3064410
Key Down;Z;3068698
Key Down;Espace;3069050
Key Up;Espace;3070642
Key Up;Z;3070650
Key Down;Z;3074722
Key Down;Espace;3074874
Key Up;Espace;3080497
Key Up;Z;3080529
Key Down;Z;3082121
Key Down;Espace;3082185
Key Up;Z;3084849
Key Up;Espace;3084865
Key Down;Z;3085866
Key Down;Espace;3086058
Key Up;Z;3086593
Key Up;Espace;3086649
Key Down;F;3088458
Key Down;Espace;3089521
Key Up;F;3089585
Key Up;Espace;3090322
Key Down;Z;3091466
Key Down;Espace;3091698
Key Up;Espace;3096770
Key Up;Z;3096834
Key Down;Z;3098033
Key Down;Espace;3099690
Key Up;Espace;3103249
Key Up;Z;3103289
Key Down;Z;3103602
Key Down;Espace;3103810
Key Up;Espace;3107009
Key Up;Z;3107169
Key Down;Espace;3111761
Key Down;Z;3112090
Key Up;Z;3116498
Key Up;Espace;3116506
Key Down;Z;3117377
Key Down;Espace;3117505
Key Up;Espace;3119434
Key Up;Z;3119498
Key Down;Espace;3121865
Key Down;Z;3121889
Key Up;Z;3122969
Key Up;Espace;3122993
Key Down;Z;3125689
Key Down;Espace;3125729
Key Up;Espace;3128841
Key Up;Z;3129066
Key Down;Z;3130241
Key Down;Espace;3130369
Key Up;Espace;3131793
Key Up;Z;3131873
Key Down;Z;3133746
Key Down;Espace;3133929
Key Up;Espace;3134698
Key Down;Espace;3134938
Key Up;Z;3135018
Key Up;Espace;3135042
Key Down;Z;3135593
Key Down;Espace;3137945
Key Up;Espace;3138137
Key Up;Z;3138321
Key Down;Z;3143841
Key Up;Z;3144633
Key Down;Z;3146418
Key Up;Z;3147145
Key Down;Z;3147906
Key Up;Z;3148377
Key Down;A;3149354
Key Up;A;3149673
Key Down;A;3150177
Key Up;A;3150353
Key Down;Z;3151113
Key Up;Z;3151377
Key Down;X;3152122
Key Up;X;3152210
Key Down;X;3153866
Key Up;X;3154002
Key Down;Z;3155418
Key Up;Z;3157281
Key Down;Z;3160649
Key Up;Z;3162689
Key Down;Z;3163146
Key Up;Z;3163417
Key Down;Z;3164065
Key Up;Z;3165946
Key Down;Z;3172377
Key Up;Z;3173465
Key Down;Z;3173641
Key Down;Espace;3174857
Key Up;Espace;3176345
Key Up;Z;3176377
Key Down;Z;3177761
Key Down;Espace;3178025
Key Up;Z;3179041
Key Up;Espace;3179065
Key Down;Z;3180537
Key Down;Espace;3180593
Key Up;Espace;3182897
Key Up;Z;3183809
Key Down;Z;3185169
Key Up;Z;3185585
Key Down;Z;3186865
Key Down;Espace;3187089
Key Up;Espace;3193601
Key Up;Z;3193721
Key Down;Z;3195345
Key Up;Z;3196033
Key Down;Z;3196929
Key Up;Z;3197314
Key Down;Z;3199537
Key Up;Z;3202401
Key Down;Z;3203721
Key Up;Z;3204625
Key Down;Z;3213729
Key Down;Espace;3213921
Key Up;Z;3215217
Key Up;Espace;3215257
Key Down;Z;3215857
Key Down;Espace;3216121
Key Up;Espace;3218513
Key Up;Z;3218609
Key Down;Z;3219041
Key Down;Espace;3219313
Key Up;Espace;3220025
Key Up;Z;3220233
Key Down;Z;3220905
Key Down;Espace;3221521
Key Up;Espace;3222833
Key Up;Z;3223089
Key Down;Z;3226033
Key Up;Z;3226745
Key Down;Z;3227657
Key Up;Z;3228226
Key Down;Z;3228585
Key Up;Z;3228905
Key Down;Z;3229897
Key Up;Z;3230457
Key Down;Z;3231082
Key Down;Espace;3232721
Key Up;Espace;3233513
Key Up;Z;3233681
Key Down;Z;3234265
Key Up;Z;3235242
Key Down;Q;3251225
Key Up;Q;3251681
Key Down;X;3259185
Key Up;X;3259257
Key Down;Z;3260113
Key Up;Z;3260481
Key Down;Z;3263409
Key Up;Z;3263897
Key Down;Z;3264441
Key Up;Z;3264705
Key Down;Z;3270401
Key Down;Espace;3270777
Key Up;Espace;3272017
Key Up;Z;3272057
Key Down;Z;3272097
Key Down;Espace;3272457
Key Up;Espace;3274953
Key Down;Espace;3275505
Key Up;Espace;3276745
Key Up;Z;3276785
Key Down;Espace;3277601
Key Up;Espace;3278393
Key Down;Z;3278505
Key Down;Espace;3279609
Key Up;Espace;3280129
Key Up;Z;3280737
Key Down;Z;3280953
Key Down;Espace;3281137
Key Up;Espace;3283105
Key Up;Z;3284889
Key Down;Z;3286377
Key Up;Z;3287537
Key Down;Z;3305433
Key Down;Espace;3305737
Key Up;Espace;3307561
Key Up;Z;3307737
Key Down;Z;3308233
Key Down;Espace;3309264
Key Up;Espace;3309873
Key Up;Z;3309985
Key Down;Z;3313521
Key Up;Z;3313848
Key Down;Z;3314217
Key Down;Espace;3314441
Key Up;Espace;3317177
Key Up;Z;3318937
Key Down;Z;3319737
Key Up;Z;3320473
Key Down;Z;3324881
Key Up;Z;3326009
Key Down;Z;3332505
Key Down;Espace;3336841
Key Up;Espace;3337840
Key Up;Z;3338305
Key Down;Z;3340057
Key Down;Espace;3340433
Key Up;Espace;3342112
Key Down;Espace;3342337
Key Up;Espace;3343593
Key Down;Espace;3343969
Key Up;Z;3344880
Key Down;Z;3345681
Key Up;Espace;3346272
Key Up;Z;3346304
Key Down;Z;3347105
Key Up;Z;3351617
Key Down;Z;3351824
Key Down;Espace;3352105
Key Up;Espace;3353921
Key Down;Espace;3354329
Key Up;Espace;3360352
Key Up;Z;3360809
Key Down;Z;3364456
Key Down;Espace;3364656
Key Up;Espace;3364985
Key Up;Z;3365033
Key Down;Z;3365752
Key Down;Espace;3365968
Key Up;Espace;3373280
Key Up;Z;3373505
Key Down;Z;3373905
Key Up;Z;3374352
Key Down;Z;3377248
Key Down;Espace;3377464
Key Up;Espace;3378792
Key Up;Z;3378856
Key Down;Z;3673743
Key Down;Espace;3674560
Key Up;Espace;3677759
Key Up;Z;3677831
Key Down;Z;3678600
Key Up;Z;3679031
Key Down;Z;3681040
Key Down;Espace;3681392
Key Up;Z;3690192
Key Up;Espace;3690304
Key Down;Z;3696432
Key Down;Espace;3697096
Key Up;Espace;3698016
Key Up;Z;3698064
Key Down;Z;3704952
Key Up;Z;3707832
Key Down;Z;3709719
Key Up;Z;3711840
Key Down;Z;3712687
Key Up;Z;3713496
Key Down;Left Control;3715672
Key Up;Left Control;3717616
Key Down;Z;3718047
Key Down;Espace;3718400
Key Up;Espace;3720960
Key Up;Z;3721016
Key Down;Z;3722184
Key Up;Z;3722648
Key Down;Z;3727279
Key Down;Espace;3727832
Key Up;Espace;3728815
Key Up;Z;3728919
Key Down;Z;3732816
Key Up;Z;3735136
Key Down;Z;3737920
Key Down;Espace;3738256
Key Up;Espace;3741880
Key Up;Z;3742000
Key Down;Z;3742559
Key Down;Espace;3742879
Key Up;Espace;3743728
Key Up;Z;3743840
Key Down;Z;3744864
Key Up;Z;3746360
Key Down;Z;3747239
Key Up;Z;3748872
Key Down;Z;3749831
Key Up;Z;3750576
Key Down;Z;3751359
Key Up;Z;3751728
Key Down;Z;3753088
Key Up;Z;3753272
Key Down;Z;3753352
Key Up;Z;3753384
Key Down;Left Control;3754632
Key Down;Z;3757384
Key Up;Z;3757552
Key Up;Left Control;3758231
Key Down;Left Control;3759487
Key Up;Left Control;3761680
Key Down;Z;3766719
Key Down;Espace;3766943
Key Up;Espace;3768824
Key Up;Z;3768864
Key Down;Z;3769264
Key Down;Espace;3769543
Key Up;Espace;3770408
Key Up;Z;3770416
Key Down;Z;3771079
Key Down;Espace;3771544
Key Up;Espace;3772655
Key Up;Z;3772711
Key Down;Z;3774952
Key Down;Espace;3775143
Key Up;Espace;3776911
Key Up;Z;3776959
Key Down;Z;3779239
Key Down;Espace;3779375
Key Up;Espace;3780751
Key Up;Z;3780791
Key Down;Z;3782816
Key Down;Espace;3782872
Key Up;Z;3784079
Key Up;Espace;3784087
Key Down;Z;3785071
Key Down;Espace;3785175
Key Up;Z;3786455
Key Up;Espace;3786503
Key Down;Z;3786967
Key Down;Espace;3787048
Key Up;Espace;3787863
Key Up;Z;3787879
Key Down;Z;3788456
Key Up;Z;3788784
Key Down;Left Control;3790655
Key Up;Left Control;3792736
Key Down;Z;3793343
Key Down;Espace;3793671
Key Up;Espace;3794152
Key Up;Z;3794216
Key Down;Z;3795135
Key Down;Espace;3795303
Key Up;Espace;3796455
Key Up;Z;3796463
Key Down;Z;3796968
Key Down;Espace;3797112
Key Up;Z;3797775
Key Up;Espace;3797783
Key Down;Z;3798376
Key Down;Espace;3798632
Key Up;Espace;3799607
Key Up;Z;3799623
Key Down;Z;3800511
Key Down;Espace;3800727
Key Up;Z;3802760
Key Up;Espace;3802776
Key Down;Left Control;3804951
Key Up;Left Control;3807087
Key Down;Z;3807656
Key Down;Espace;3807839
Key Up;Espace;3809679
Key Up;Z;3809687
Key Down;Z;3810320
Key Up;Z;3810568
Key Down;Espace;3812527
Key Up;Espace;3812591
Key Down;Espace;3813144
Key Up;Espace;3813272
Key Down;Espace;3813935
Key Up;Espace;3814039
Key Down;Z;3815071
Key Up;Z;3815343
Key Down;Espace;3815631
Key Up;Espace;3815856
Key Down;D;3816759
Key Up;D;3817071
Key Down;Z;3817607
Key Up;Z;3817719
Key Down;Espace;3818263
Key Up;Espace;3818439
Key Down;Tab;3826496
Key Up;Tab;3826567
Key Down;Tab;3827464
Key Up;Tab;3827568
Key Down;Z;3829344
Key Up;Z;3829839
Key Down;Z;3836855
Key Down;Espace;3837279
Key Up;Espace;3837712
Key Up;Z;3837871
Key Down;Espace;3838631
Key Up;Espace;3838760
Key Down;Z;3847344
Key Down;Espace;3847903
Key Up;Espace;3848704
Key Down;Espace;3849647
Key Down;D;3849903
Key Up;Z;3849919
Key Up;D;3850032
Key Up;Espace;3851303
Key Down;Z;3851600
Key Up;Z;3852215
Key Down;Z;3854464
Key Up;Z;3854663
Key Down;Left Control;3855071
Key Up;Left Control;3857424
Key Down;Z;3863983
Key Up;Z;3865415
Key Down;Tab;3869727
Key Up;Tab;3869799
Key Down;Echap;3874936
Key Up;Echap;3875000
Key Down;D;3876263
Key Down;Z;3876727
Key Up;Z;3879983
Key Up;D;3880015
Key Down;Z;3886359
Key Down;Espace;3886959
Key Up;Z;3893719
Key Up;Espace;3893735
Key Down;Left Control;3899455
Key Down;Z;3900423
Key Up;Z;3905880
Key Up;Left Control;3906079
Key Down;Left Control;3906231
Key Up;Left Control;3908223
Key Down;Tab;3920127
Key Up;Tab;3920215
Key Down;Echap;3930183
Key Up;Echap;3930255
Key Down;Z;3939663
Key Up;Z;3940919
Key Down;Tab;3954239
Key Up;Tab;3954335
Key Down;Echap;3971879
Key Up;Echap;3971951
Key Down;Z;3974975
Key Up;Z;3975119
Key Down;Z;3977327
Key Down;Espace;3978375
Key Up;Z;3985567
Key Up;Espace;3985583
Key Down;Z;3991254
Key Up;Z;3991591
Key Down;Z;3992447
Key Up;Z;3992559
Key Down;Tab;3993983
Key Up;Tab;3994079
Key Down;Echap;4001919
Key Up;Echap;4001967
Key Down;Z;4003935
Key Down;Espace;4004415
Key Up;Espace;4011511
Key Up;Z;4011551
Key Down;Z;4012863
Key Down;Espace;4013039
Key Up;Espace;4019911
Key Up;Z;4019959
Key Down;X;4022943
Key Up;X;4023007
Key Down;X;4023966
Key Up;X;4024046
Key Down;Z;4025567
Key Up;Z;4025759
Key Down;Z;4027615
Key Down;Espace;4027887
Key Up;Espace;4029183
Key Up;Z;4029231
Key Down;Espace;4029726
Key Up;Espace;4029823
Key Down;Z;4033431
Key Up;Z;4034183
Key Down;Z;4038623
Key Up;Z;4039199
Key Down;Left Control;4043622
Key Up;Left Control;4045703
Key Down;Left Control;4048583
Key Up;Left Control;4050606
Key Down;Left Control;4054950
Key Up;Left Control;4056991
Key Down;Left Control;4060847
Key Up;Left Control;4060879
Key Down;Left Control;4061047
Key Down;Tab;4065511
Key Up;Tab;4065678
Key Up;Left Control;4071775
Key Down;Echap;4072087
Key Up;Echap;4072199
Key Down;Left Control;4073150
Key Down;Z;4074207
Key Up;Z;4074295
Key Up;Left Control;4074870
Key Down;Left Control;4075143
Key Up;Left Control;4075439
Key Down;Tab;4075894
Key Up;Tab;4075966
Key Down;Echap;4079070
Key Up;Echap;4079126
Key Down;Left Control;4080558
Key Down;Z;4082246
Key Up;Z;4083111
Key Down;Z;4086999
Key Up;Z;4087183
Key Down;Z;4094127
Key Up;Z;4096687
Key Down;Z;4097886
Key Up;Z;4101694
Key Up;Left Control;4101950
Key Down;F;4102983
Key Down;Espace;4103534
Key Up;F;4104822
Key Up;Espace;4104830
Key Down;Z;4106134
Key Up;Z;4107798
Key Down;Z;4114630
Key Up;Z;4114798
Key Down;Z;4116078
Key Up;Z;4116206
Key Down;Z;4119959
Key Up;Z;4120047
Key Down;Tab;4131559
Key Up;Tab;4131622
Key Down;Echap;4136414
Key Up;Echap;4136494
Key Down;Z;4141335
Key Up;Z;4141878
Key Down;F;4144503
Key Down;Espace;4144766
Key Up;F;4147790
Key Up;Espace;4147926
Key Down;Espace;4148639
Key Up;Espace;4148774
Key Down;Espace;4149406
Key Up;Espace;4149639
Key Down;Espace;4150790
Key Up;Espace;4150942
Key Down;Espace;4151014
Key Up;Espace;4151126
Key Down;D;4151711
Key Up;D;4151791
Key Down;Espace;4153087
Key Up;Espace;4153255
Key Down;Espace;4153455
Key Up;Espace;4153582
Key Down;Z;4154358
Key Up;Z;4154503
Key Down;Z;4154879
Key Up;Z;4155134
Key Down;Espace;4155590
Key Up;Espace;4155806
Key Down;Z;4155951
Key Up;Z;4156295
Key Down;Espace;4156446
Key Up;Espace;4156678
Key Down;Espace;4156798
Key Up;Espace;4156974
Key Down;Z;4157622
Key Up;Z;4157799
Key Down;D;4158518
Key Up;D;4162311
Key Down;D;4162454
Key Up;D;4163222
Key Down;Q;4163399
Key Up;Q;4169111
Key Down;D;4171326
Key Up;D;4171390
Key Down;Espace;4174046
Key Up;Espace;4174494
Key Down;Espace;4174687
Key Up;Espace;4174839
Key Down;Espace;4174959
Key Up;Espace;4175094
Key Down;Espace;4175206
Key Up;Espace;4175310
Key Down;Espace;4175678
Key Up;Espace;4175806
Key Down;Espace;4176534
Key Up;Espace;4176710
Key Down;D;4178014
Key Up;D;4179486
Key Down;Q;4179534
Key Up;Q;4180926
Key Down;Q;4181679
Key Up;Q;4181831
Key Down;Espace;4182886
Key Up;Espace;4183143
Key Down;Espace;4183351
Key Up;Espace;4183534
Key Down;Espace;4183654
Key Up;Espace;4183910
Key Down;Espace;4184054
Key Up;Espace;4184214
Key Down;Espace;4184278
Key Up;Espace;4184414
Key Down;Z;4186310
Key Up;Z;4186702
Key Down;D;4188150
Key Up;D;4188374
Key Down;D;4189262
Key Up;D;4191078
Key Down;Q;4191198
Key Up;Q;4193031
Key Down;D;4195959
Key Up;D;4196030
Key Down;Espace;4207798
Key Up;Espace;4207975
Key Down;Espace;4208127
Key Up;Espace;4208247
Key Down;Espace;4208326
Key Up;Espace;4208438
Key Down;Espace;4208526
Key Up;Espace;4208622
Key Down;Espace;4208758
Key Up;Espace;4208886
Key Down;Espace;4209431
Key Up;Espace;4210318
Key Down;Espace;4210694
Key Up;Espace;4210831
Key Down;Espace;4211007
Key Up;Espace;4211118
Key Down;Espace;4211278
Key Up;Espace;4211430
Key Down;Espace;4211590
Key Up;Espace;4211734
Key Down;Espace;4211902
Key Up;Espace;4212022
Key Down;Espace;4212166
Key Up;Espace;4212319
Key Down;Espace;4212447
Key Up;Espace;4212606
Key Down;Espace;4212694
Key Up;Espace;4213446
Key Down;Espace;4213639
Key Up;Espace;4213767
Key Down;Espace;4213855
Key Up;Espace;4214046
Key Down;Espace;4214150
Key Up;Espace;4214294
Key Down;Espace;4214438
Key Up;Espace;4214566
Key Down;Espace;4214702
Key Up;Espace;4214846
Key Down;Espace;4214958
Key Up;Espace;4215127
Key Down;Espace;4215271
Key Up;Espace;4215886
Key Down;Q;4216742
Key Up;Q;4216958
Key Down;Espace;4218790
Key Up;Espace;4219407
Key Down;S;4220134
Key Up;S;4220910
Key Down;Q;4221270
Key Up;Q;4226415
Key Down;Espace;4227254
Key Up;Espace;4227366
Key Down;Z;4228422
Key Up;Z;4229022
Key Down;Z;4229638
Key Down;Espace;4229766
Key Up;Espace;4231822
Key Up;Z;4232039
Key Down;Z;4232942
Key Down;Espace;4233254
Key Up;Espace;4235878
Key Up;Z;4236367
Key Down;Z;4236982
Key Down;Espace;4237470
Key Up;Espace;4238166
Key Up;Z;4238390
Key Down;Tab;4242886
Key Up;Tab;4242974
Key Down;Echap;4246566
Key Up;Echap;4246623
Key Down;Z;4248655
Key Up;Z;4248798
Key Down;Z;4250039
Key Up;Z;4250142
Key Down;Tab;4253982
Key Up;Tab;4254054
Key Down;Echap;4256974
Key Up;Echap;4257038
Key Down;Tab;4258422
Key Up;Tab;4258526
Key Down;Tab;4259966
Key Up;Tab;4260046
Key Down;Z;4261310
Key Up;Z;4261470
Key Down;Z;4261926
Key Down;Espace;4262222
Key Up;Espace;4263302
Key Up;Z;4263518
Key Down;Z;4263942
Key Down;Espace;4264654
Key Up;Espace;4265238
Key Up;Z;4265310
Key Down;Z;4266110
Key Up;Z;4267078
Key Down;Z;4268278
Key Up;Z;4268446
Key Down;Tab;4269270
Key Up;Tab;4269374
Key Down;Tab;4275886
Key Up;Tab;4275998
Key Down;S;4276766
Key Up;S;4276910
Key Down;D;4278006
Key Up;D;4278374
Key Down;Z;4278470
Key Up;Z;4280334
Key Down;Z;4280918
Key Up;Z;4282734
Key Down;Left Control;4285190
Key Up;Left Control;4287262
Key Down;Espace;4288782
Key Up;Espace;4288854
Key Down;Espace;4288958
Key Up;Espace;4289038
Key Down;Espace;4289126
Key Up;Espace;4289182
Key Down;Espace;4289278
Key Up;Espace;4289342
Key Down;Espace;4289438
Key Up;Espace;4289502
Key Down;Espace;4289590
Key Up;Espace;4289662
Key Down;Espace;4289758
Key Up;Espace;4289814
Key Down;Espace;4289902
Key Up;Espace;4289974
Key Down;Espace;4290062
Key Up;Espace;4290126
Key Down;Espace;4290222
Key Up;Espace;4290294
Key Down;Espace;4290390
Key Up;Espace;4290462
Key Down;Espace;4290550
Key Up;Espace;4290630
Key Down;Espace;4290718
Key Up;Espace;4290798
Key Down;Espace;4290886
Key Up;Espace;4290958
Key Down;Espace;4291046
Key Up;Espace;4291126
Key Down;Espace;4291230
Key Up;Espace;4291302
Key Down;Espace;4291390
Key Up;Espace;4291462
Key Down;Espace;4291558
Key Up;Espace;4291638
Key Down;Espace;4291734
Key Up;Espace;4291830
Key Down;Espace;4291918
Key Up;Espace;4292014
Key Down;Espace;4292094
Key Up;Espace;4292190
Key Down;Espace;4292286
Key Up;Espace;4292398
Key Down;Left Control;4293870
Key Up;Left Control;4296030
Key Down;Espace;4298014
Key Up;Espace;4298086
Key Down;Espace;4298198
Key Up;Espace;4298238
Key Down;Espace;4298350
Key Up;Espace;4298389
Key Down;Espace;4298502
Key Up;Espace;4298550
Key Down;Espace;4298662
Key Up;Espace;4298710
Key Down;Espace;4298814
Key Up;Espace;4298862
Key Down;Espace;4298974
Key Up;Espace;4299030
Key Down;Espace;4299134
Key Up;Espace;4299198
Key Down;Espace;4299302
Key Up;Espace;4299366
Key Down;Espace;4299470
Key Up;Espace;4299534
Key Down;Espace;4299646
Key Up;Espace;4299718
Key Down;Espace;4299822
Key Up;Espace;4299878
Key Down;Espace;4299998
Key Up;Espace;4300062
Key Down;Espace;4300174
Key Up;Espace;4300238
Key Down;Espace;4300350
Key Up;Espace;4300446
Key Down;Espace;4300598
Key Up;Espace;4300742
Key Down;Espace;4300886
Key Up;Espace;4300974
Key Down;Espace;4301062
Key Up;Espace;4301150
Key Down;Left Control;4302798
Key Up;Left Control;4304950
Key Down;Left Control;4310646
Key Up;Left Control;4312846
Key Down;F;4314486
Key Down;R;4314494
Key Up;R;4314637
Key Down;R;4314701
Key Up;R;4314718
Key Down;Espace;4314942
Key Up;F;4316438
Key Up;Espace;4316502
Key Down;Z;4319030
Key Up;Z;4321214
Key Down;Z;4334262
Key Up;Z;4335238
Key Down;Espace;4335862
Key Up;Espace;4335878
Key Down;Z;4339278
Key Up;Z;4340102
Key Down;Q;4359454
Key Up;Q;4359518
Key Down;Q;4359630
Key Up;Q;4359702
Key Down;Q;4359798
Key Up;Q;4360630
Key Down;D;4361406
Key Up;D;4361517
Key Down;D;4361629
Key Up;D;4361709
Key Down;Q;4362142
Key Up;Q;4362358
Key Down;Q;4362718
Key Up;Q;4362822
Key Down;Q;4363798
Key Up;Q;4363894
Key Down;Q;4364110
Key Up;Q;4364222
Key Down;Q;4364357
Key Up;Q;4364461
Key Down;Q;4364573
Key Up;Q;4364662
Key Down;Q;4365030
Key Up;Q;4365142
Key Down;Q;4365286
Key Up;Q;4365382
Key Down;Q;4365510
Key Up;Q;4365614
Key Down;Q;4365773
Key Up;Q;4365885
Key Down;Q;4366054
Key Up;Q;4366174
Key Down;Q;4366374
Key Up;Q;4366862
Key Down;Q;4367046
Key Up;Q;4367606
Key Down;D;4368494
Key Up;D;4368757
Key Down;Q;4369358
Key Up;Q;4369526
Key Down;D;4370590
Key Up;D;4370662
Key Down;Q;4371485
Key Up;Q;4371565
Key Down;D;4372222
Key Up;D;4372334
Key Down;Q;4373085
Key Up;Q;4373182
Key Down;D;4374277
Key Up;D;4374373
Key Down;D;4375054
Key Up;D;4375278
Key Down;Q;4375406
Key Down;D;4375749
Key Up;Q;4376414
Key Up;D;4376942
Key Down;Q;4376958
Key Up;Q;4377221
Key Down;Q;4379166
Key Up;Q;4379302
Key Down;Q;4379630
Key Up;Q;4379758
Key Down;Q;4379933
Key Up;Q;4380021
Key Down;D;4385374
Key Up;D;4385725
Key Down;Z;4385733
Key Down;Q;4386798
Key Up;Z;4386869
Key Up;Q;4387173
Key Down;Z;4387205
Key Up;Z;4387942
Key Down;Z;4389198
Key Up;Z;4389965
Key Down;Z;4390806
Key Up;Z;4392342
Key Down;Z;4394950
Key Up;Z;4395038
Key Down;Tab;4397262
Key Up;Tab;4397302
Key Down;Echap;4409262
Key Up;Echap;4409326
Key Down;S;4410893
Key Up;S;4411141
Key Down;A;4412333
Key Up;A;4412413
Key Down;A;4413382
Key Up;A;4413486
Key Down;Tab;4415958
Key Up;Tab;4416046
Key Down;Tab;4417406
Key Up;Tab;4417470
Key Down;Z;4418678
Key Down;Espace;4418990
Key Up;Espace;4420749
Key Up;Z;4421854
Key Down;Z;4422533
Key Down;Espace;4422998
Key Up;Espace;4423158
Key Up;Z;4424206
Key Down;F;4424686
Key Up;F;4424782
Key Down;Espace;4427230
Key Up;Espace;4427326
Key Down;Z;4431086
Key Up;Z;4431549
Key Down;Z;4431941
Key Up;Z;4432406
Key Down;Z;4432606
Key Up;Z;4434054
Key Down;Tab;4440189
Key Up;Tab;4440293
Key Down;Tab;4442837
Key Up;Tab;4442925
Key Down;Z;4444582
Key Down;Espace;4444806
Key Up;Espace;4451942
Key Down;Espace;4452174
Key Up;Espace;4453925
Key Up;Z;4453981
Key Down;Z;4455045
Key Up;Z;4456149
Key Down;Left Control;4457405
Key Up;Left Control;4460142
Key Down;Z;4460733
Key Down;Espace;4461134
Key Up;Espace;4462069
Key Up;Z;4462157
Key Down;Z;4462589
Key Up;Z;4463158
Key Down;Z;4463589
Key Up;Z;4463781
Key Down;Z;4466109
Key Down;Espace;4466349
Key Up;Z;4467709
Key Up;Espace;4467741
Key Down;X;4470157
Key Up;X;4470205
Key Down;Z;4472278
Key Up;Z;4472981
Key Down;D;4480029
Key Up;D;4480766
Key Down;Z;4480774
Key Down;A;4480782
Key Up;A;4480806
Key Up;Z;4481182
Key Down;D;4481190
Key Up;D;4481501
Key Down;A;4483085
Key Up;A;4483157
Key Down;Tab;4493550
Key Up;Tab;4493646
Key Down;Tab;4497661
Key Up;Tab;4497725
Key Down;Z;4500021
Key Down;Q;4500173
Key Up;Z;4500477
Key Down;Z;4500533
Key Up;Z;4500557
Key Down;Z;4500782
Key Up;Q;4501046
Key Up;Z;4502278
Key Down;Z;4502637
Key Down;Espace;4503013
Key Up;Espace;4503678
Key Up;Z;4503694
Key Down;F;4506638
Key Down;Espace;4506814
Key Up;Espace;4509310
Key Up;F;4509326
Key Down;Espace;4509470
Key Up;Espace;4509653
Key Down;F;4512885
Key Up;F;4512973
Key Down;Z;4515189
Key Up;Z;4515285
Key Down;Tab;4519445
Key Up;Tab;4519533
Key Down;Echap;4521941
Key Up;Echap;4522005
Key Down;Z;4526605
Key Down;Espace;4527262
Key Up;Espace;4528005
Key Up;Z;4528045
Key Down;Z;4528197
Key Up;Z;4528422
Key Down;Espace;4529045
Key Up;Espace;4530477
Key Down;Left Control;4535398
Key Up;Left Control;4537813
Key Down;Z;4538189
Key Down;Espace;4538301
Key Up;Z;4539021
Key Up;Espace;4539069
Key Down;Z;4540301
Key Down;Espace;4540565
Key Up;Z;4548293
Key Up;Espace;4548357
Key Down;Espace;4548749
Key Up;Espace;4548894
Key Down;Z;4554877
Key Down;Espace;4555277
Key Up;Espace;4556430
Key Up;Z;4556470
Key Down;Z;4557661
Key Up;Z;4558413
Key Down;Z;4559133
Key Up;Z;4559789
Key Down;X;4563957
Key Up;X;4564021
Key Down;X;4566053
Key Up;X;4566141
Key Down;Z;4567605
Key Down;Espace;4569485
Key Up;Espace;4571189
Key Down;Espace;4572333
Key Up;Espace;4572845
Key Up;Z;4572877
Key Down;Z;4573350
Key Down;Espace;4573493
Key Up;Espace;4574157
Key Up;Z;4574253
Key Down;Z;4574749
Key Up;Z;4575117
Key Down;Z;4576413
Key Up;Z;4576925
Key Down;Z;4577429
Key Up;Z;4577765
Key Down;Z;4584245
Key Up;Z;4584573
Key Down;Z;4585373
Key Up;Z;4585597
Key Down;Left Control;4588981
Key Down;Espace;4590757
Key Up;Left Control;4600589
Key Up;Espace;4600597
Key Down;D;4601101
Key Up;D;4601133
Key Down;D;4601205
Key Up;D;4601909
Key Down;S;4602190
Key Up;S;4602589
Key Down;D;4602701
Key Up;D;4603429
Key Down;Espace;4606165
Key Up;Espace;4606181
Key Down;Z;4607629
Key Down;Espace;4607861
Key Up;Espace;4608205
Key Up;Z;4608445
Key Down;Left Control;4613501
Key Up;Left Control;4615621
Key Down;Z;4624165
Key Down;Espace;4624373
Key Up;Z;4625717
Key Up;Espace;4625781
Key Down;D;4635645
Key Up;D;4636101
Key Down;D;4636333
Key Up;D;4636461
Key Down;D;4636549
Key Up;D;4637381
Key Down;Q;4637901
Key Up;Q;4638285
Key Down;Q;4638541
Key Up;Q;4638693
Key Down;Q;4638837
Key Up;Q;4639021
Key Down;Q;4639221
Key Up;Q;4639333
Key Down;Q;4639501
Key Up;Q;4639653
Key Down;Q;4639773
Key Up;Q;4639933
Key Down;Q;4640101
Key Up;Q;4640221
Key Down;Q;4640397
Key Up;Q;4640509
Key Down;Q;4640709
Key Up;Q;4640837
Key Down;Q;4640997
Key Up;Q;4641173
Key Down;Q;4641349
Key Up;Q;4641493
Key Down;D;4641765
Key Up;D;4641965
Key Down;D;4642061
Key Up;D;4642229
Key Down;D;4642381
Key Up;D;4642661
Key Down;Z;4649645
Key Up;Z;4651757
Key Down;Espace;4651805
Key Up;Espace;4651989
Key Down;X;4655893
Key Up;X;4655997
Key Down;Z;4662973
Key Up;Z;4663301
Key Down;Z;4668404
Key Up;Z;4668757
Key Down;F;4672588
Key Down;Espace;4672829
Key Up;F;4675492
Key Up;Espace;4675532
Key Down;Left Control;4687069
Key Up;Left Control;4687677
Key Down;G;4694509
Key Up;G;4694725
Key Down;Left Control;4695445
Key Up;Left Control;4696333
Key Down;F;4699245
Key Up;F;4700357
Key Down;F;4701221
Key Up;F;4702085
Key Down;F;4706525
Key Up;F;4708468
Key Down;F;4724341
Key Up;F;4724461
Key Down;F;4741036
Key Up;F;4741189
Key Down;F;4741293
Key Up;F;4741517
Key Down;Espace;4741525
Key Up;Espace;4743229
Key Down;F;4747261
Key Up;F;4750668
Key Down;Left Meta;4751717
Key Up;Left Meta;4751933
Key Down;Z;4755389
Key Down;Espace;4755613
Key Up;Espace;4757141
Key Up;Z;4757157
Key Down;Z;4759204
Key Down;Espace;4759869
Key Up;Z;4761469
Key Up;Espace;4761549
Key Down;Espace;4761621
Key Down;Z;4761685
Key Up;Z;4761924
Key Up;Espace;4762549
Key Down;Z;4762685
Key Down;Espace;4763013
Key Up;Z;4766941
Key Up;Espace;4767021
Key Down;Z;4767061
Key Down;Espace;4767516
Key Up;Espace;4768133
Key Up;Z;4768149
Key Down;Z;4768317
Key Down;Espace;4768509
Key Up;Z;4772212
Key Up;Espace;4772220
Key Down;Z;4772365
Key Down;Espace;4772557
Key Up;Espace;4772781
Key Up;Z;4772829
Key Down;Left Control;4772957
Key Up;Left Control;4775149
Key Down;Left Control;4775637
Key Up;Left Control;4779621
Key Down;Entrée;4791636
Key Up;Entrée;4791740
Key Down;Entrée;4792141
Key Up;Entrée;4792205
Key Down;Entrée;4792493
Key Up;Entrée;4792612
Key Down;Entrée;4792732
Key Up;Entrée;4792812
Key Down;Entrée;4792948
Key Up;Entrée;4793012
Key Down;Entrée;4793389
Key Up;Entrée;4793445
Key Down;Entrée;4793549
Key Up;Entrée;4793861
Key Down;Entrée;4794268
Key Up;Entrée;4794380
Key Down;Entrée;4796685
Key Up;Entrée;4796820
Key Down;X;4801300
Key Up;X;4801356
Key Down;Z;4802085
Key Up;Z;4802268
Key Down;Z;4803613
Key Up;Z;4804100
Key Down;F;4805941
Key Down;Espace;4806812
Key Up;F;4808685
Key Up;Espace;4808693
Key Down;F;4822965
Key Down;Espace;4823213
Key Up;F;4825140
Key Up;Espace;4825172
Key Down;F;4834244
Key Up;F;4835380
Key Down;F;4855092
Key Up;F;4856660
Key Down;F;4870420
Key Up;F;4872645
Key Down;F;4888836
Key Up;F;4890428
Key Down;F;4892916
Key Up;F;4893996
Key Down;F;4899876
Key Up;F;4900020
Key Down;Z;4915877
Key Down;Espace;4916364
Key Up;Z;4916652
Key Up;Espace;4916684
Key Down;Left Control;4917084
Key Up;Left Control;4919260
Key Down;Z;4920308
Key Up;Z;4921284
Key Down;F;4921852
Key Down;Espace;4923164
Key Up;F;4925173
Key Up;Espace;4925228
Key Down;Z;4927132
Key Up;Z;4927412
Key Down;F;4928508
Key Down;Espace;4929052
Key Up;Espace;4930588
Key Up;F;4930596
Key Down;F;4931276
Key Down;Espace;4931284
Key Up;Espace;4932132
Key Up;F;4933116
Key Down;F;4933660
Key Up;F;4934836
Key Down;F;4937716
Key Up;F;4938836
Key Down;F;4944868
Key Up;F;4947028
Key Down;F;4953956
Key Up;F;4956116
Key Down;F;4957124
Key Up;F;4959420
Key Down;F;4961124
Key Up;F;4962748
Key Down;F;4963860
Key Up;F;4965532
Key Down;F;4970852
Key Up;F;4971732
Key Down;E;5007620
Key Up;E;5008580
Key Down;E;5008868
Key Up;E;5009476
Key Down;Left Control;5016804
Key Up;Left Control;5018363
Key Down;Z;5019220
Key Down;Espace;5019452
Key Up;Espace;5019988
Key Up;Z;5020004
Key Down;2;5020100
Key Down;Z;5020108
Key Down;Espace;5020196
Key Up;2;5020380
Key Up;Z;5020660
Key Up;Espace;5020676
Key Down;Z;5030324
Key Down;Espace;5031484
Key Up;Z;5033004
Key Up;Espace;5033028
Key Down;Z;5034892
Key Up;Z;5035379
Key Down;Z;5037068
Key Up;Z;5037556
Key Down;Z;5043372
Key Down;Espace;5044596
Key Up;Espace;5045372
Key Up;Z;5045516
Key Down;Espace;5045900
Key Up;Espace;5046052
Key Down;Z;5050027
Key Down;Espace;5050316
Key Up;Espace;5053692
Key Up;Z;5053708
Key Down;X;5055331
Key Up;X;5055451
Key Down;X;5056868
Key Up;X;5056980
Key Down;Z;5059388
Key Down;Espace;5060036
Key Up;Espace;5062412
Key Up;Z;5062428
Key Down;Z;5062732
Key Down;Espace;5064324
Key Up;Espace;5067331
Key Up;Z;5067491
Key Down;Espace;5067499
Key Down;Z;5067507
Key Up;Espace;5067587
Key Up;Z;5067764
Key Down;F;5076940
Key Up;F;5079420
Key Down;Espace;5079532
Key Up;Espace;5079748
Key Down;Z;5083828
Key Up;Z;5086644
Key Down;Z;5087627
Key Up;Z;5088084
Key Down;Z;5096300
Key Up;Z;5096700
Key Down;Espace;5097468
Key Up;Espace;5099396
Key Down;X;5111628
Key Up;X;5111700
Key Down;X;5118299
Key Up;X;5118379
Key Down;X;5120772
Key Up;X;5120844
Key Down;X;5126220
Key Up;X;5126340
Key Down;X;5163547
Key Up;X;5163603
Key Down;Q;5169276
Key Down;A;5169284
Key Up;A;5169324
Key Up;Q;5169803
Key Down;Z;5170179
Key Down;Espace;5170556
Key Up;Espace;5171155
Key Up;Z;5174555
Key Down;Z;5175348
Key Up;Z;5177051
Key Down;Left Control;5185643
Key Up;Left Control;5187708
Key Down;Z;5188363
Key Down;Espace;5188956
Key Up;Espace;5190979
Key Up;Z;5190987
Key Down;Z;5191155
Key Down;Espace;5191715
Key Up;Espace;5191956
Key Up;Z;5192100
Key Down;Z;5195155
Key Down;Espace;5195339
Key Up;Espace;5196603
Key Down;Espace;5196707
Key Up;Z;5197139
Key Up;Espace;5197163
Key Down;Left Control;5204532
Key Up;Left Control;5205932
Key Down;Z;5206340
Key Up;Z;5208844
Key Down;Z;5214500
Key Up;Z;5215219
Key Down;Espace;5215715
Key Up;Espace;5215812
Key Down;X;5247564
Key Up;X;5247636
Key Down;Z;5250115
Key Up;Z;5251339
Key Down;Espace;5251836
Key Up;Espace;5251939
Key Down;Echap;5258948
Key Up;Echap;5259012
Key Down;Echap;5259643
Key Up;Echap;5259715
Key Down;Z;5263411
Key Up;Z;5264283
Key Down;Z;5265867
Key Up;Z;5266715
Key Down;Z;5273291
Key Up;Z;5274395
Key Down;Z;5275435
Key Up;Z;5275915
Key Down;Z;5279155
Key Up;Z;5280387
Key Down;Z;5288659
Key Up;Z;5288771
Key Down;Z;5289451
Key Up;Z;5289987
Key Down;Z;5290683
Key Up;Z;5291467
Key Down;Z;5293283
Key Down;Espace;5293867
Key Up;Espace;5294995
Key Up;Z;5295003
Key Down;Z;5303019
Key Up;Z;5303211
Key Down;D;5328507
Key Up;D;5328667
Key Down;D;5328843
Key Up;D;5328971
Key Down;D;5329147
Key Up;D;5329299
Key Down;D;5329395
Key Up;D;5330091
Key Down;Q;5330707
Key Up;Q;5330883
Key Down;Q;5331251
Key Up;Q;5331411
Key Down;Q;5331683
Key Up;Q;5331835
Key Down;Q;5332115
Key Up;Q;5332259
Key Down;Q;5332379
Key Up;Q;5332587
Key Down;Q;5337531
Key Up;Q;5338075
Key Down;D;5338331
Key Up;D;5338915
Key Down;D;5339083
Key Up;D;5339491
Key Down;Q;5339978
Key Up;Q;5340155
Key Down;Q;5340619
Key Up;Q;5340859
Key Down;Q;5341067
Key Up;Q;5341235
Key Down;D;5343587
Key Up;D;5344259
Key Down;D;5344323
Key Up;D;5344731
Key Down;Q;5347011
Key Up;Q;5347779
Key Down;D;5347867
Key Up;D;5348563
Key Down;Q;5348627
Key Up;Q;5349690
Key Down;D;5350147
Key Up;D;5350339
Key Down;D;5350731
Key Up;D;5350891
Key Down;D;5350931
Key Up;D;5351083
Key Down;D;5351443
Key Up;D;5351587
Key Down;D;5351851
Key Up;D;5351939
Key Down;D;5352235
Key Up;D;5352371
Key Down;D;5360723
Key Up;D;5361275
Key Down;Z;5361483
Key Up;Z;5361627
Key Down;Z;5364531
Key Up;Z;5364939
Key Down;Z;5365411
Key Up;Z;5365947
Key Down;X;5366706
Key Up;X;5366795
Key Down;Z;5370603
Key Up;Z;5370978
Key Down;Z;5372250
Key Up;Z;5372923
Key Down;Z;5378755
Key Up;Z;5379547
Key Down;Z;5380058
Key Down;Espace;5380547
Key Up;Z;5382738
Key Up;Espace;5382754
Key Down;Espace;5383003
Key Up;Espace;5383179
Key Down;X;5388203
Key Up;X;5388306
Key Down;X;5389730
Key Up;X;5389850
Key Down;Z;5391338
Key Down;Espace;5391563
Key Up;Z;5394699
Key Up;Espace;5394723
Key Down;Z;5396355
Key Down;Espace;5396682
Key Up;Z;5397691
Key Up;Espace;5397707
Key Down;Espace;5398410
Key Up;Espace;5398563
Key Down;Echap;5400939
Key Up;Echap;5401019
Key Down;Echap;5401939
Key Up;Echap;5401995
Key Down;Z;5403843
Key Down;Espace;5404315
Key Up;Espace;5411515
Key Up;Z;5411523
Key Down;Espace;5411827
Key Up;Espace;5411962
Key Down;Z;5417283
Key Down;Espace;5418994
Key Up;Espace;5420619
Key Up;Z;5420707
Key Down;Z;5424554
Key Up;Z;5425818
Key Down;Z;5426443
Key Down;Espace;5426771
Key Up;Espace;5432059
Key Up;Z;5432075
Key Down;Z;5434827
Key Up;Z;5435618
Key Down;Z;5437923
Key Down;Espace;5438163
Key Up;Espace;5440442
Key Up;Z;5440531
Key Down;Espace;5440947
Key Down;Z;5441370
Key Up;Espace;5441714
Key Down;Espace;5442355
Key Up;Z;5443419
Key Up;Espace;5443459
Key Down;Espace;5443811
Key Up;Espace;5443955
Key Down;Z;5444378
Key Down;Espace;5444626
Key Up;Z;5446427
Key Up;Espace;5446451
Key Down;Z;5456035
Key Down;Espace;5456267
Key Up;Z;5457122
Key Up;Espace;5457178
Key Down;Z;5457947
Key Down;Espace;5458242
Key Up;Z;5458818
Key Up;Espace;5458826
Key Down;Z;5459371
Key Up;Z;5461683
Key Down;Espace;5462170
Key Up;Espace;5462362
Key Down;Z;5464106
Key Down;Espace;5464371
Key Up;Z;5465546
Key Up;Espace;5466418
Key Down;Espace;5466666
Key Up;Espace;5467011
Key Down;Z;5467107
Key Up;Z;5467443
Key Down;Left Control;5468122
Key Down;Z;5468579
Key Up;Left Control;5469250
Key Down;Espace;5469442
Key Up;Espace;5470570
Key Up;Z;5472595
Key Down;Z;5474139
Key Down;Espace;5474323
Key Up;Espace;5478291
Key Up;Z;5478299
Key Down;Espace;5478555
Key Up;Espace;5478659
Key Down;Z;5479042
Key Up;Z;5479130
Key Down;Espace;5479146
Key Up;Espace;5479442
Key Down;Z;5481531
Key Down;Espace;5481698
Key Up;Z;5486346
Key Up;Espace;5486354
Key Down;Z;5488738
Key Down;Espace;5488978
Key Up;Espace;5489595
Key Up;Z;5489603
Key Down;Z;5490370
Key Down;Espace;5490618
Key Up;Espace;5491530
Key Up;Z;5491586
Key Down;Z;5492523
Key Down;Espace;5492851
Key Up;Espace;5492978
Key Down;Espace;5494978
Key Up;Espace;5495818
Key Up;Z;5495914
Key Down;Z;5497267
Key Down;Espace;5497451
Key Up;Espace;5498715
Key Up;Z;5498803
Key Down;Z;5500162
Key Up;Z;5500323
Key Down;Z;5501963
Key Up;Z;5506675
Key Down;F;5508410
Key Down;Espace;5508706
Key Up;Espace;5510930
Key Up;F;5511090
Key Down;Z;5511731
Key Down;Espace;5512043
Key Up;Z;5513547
Key Up;Espace;5513571
Key Down;Espace;5513722
Key Up;Espace;5513850
Key Down;X;5535306
Key Up;X;5535370
Key Down;Z;5536674
Key Up;Z;5537347
Key Down;Z;5539498
Key Down;Espace;5539802
Key Up;Z;5541082
Key Up;Espace;5541090
Key Down;Z;5542875
Key Down;Espace;5542907
Key Up;Espace;5546426
Key Up;Z;5546466
Key Down;Z;5549138
Key Up;Z;5549682
Key Down;Espace;5549811
Key Up;Espace;5549987
Key Down;Espace;5551443
Key Up;Espace;5551682
Key Down;Espace;5551778
Key Up;Espace;5551810
Key Down;Espace;5552010
Key Up;Espace;5552034
Key Down;Espace;5552162
Key Up;Espace;5552218
Key Down;Espace;5552338
Key Up;Espace;5552394
Key Down;Espace;5552506
Key Up;Espace;5552562
Key Down;Espace;5552675
Key Up;Espace;5552755
Key Down;Espace;5552851
Key Up;Espace;5552931
Key Down;Espace;5553027
Key Up;Espace;5553106
Key Down;Espace;5553210
Key Up;Espace;5553314
Key Down;Espace;5553402
Key Up;Espace;5553498
Key Down;Espace;5553594
Key Up;Espace;5553690
Key Down;Espace;5553762
Key Up;Espace;5553858
Key Down;Espace;5553962
Key Up;Espace;5554051
Key Down;Espace;5554195
Key Up;Espace;5554251
Key Down;Espace;5554363
Key Up;Espace;5554443
Key Down;Espace;5554570
Key Up;Espace;5554634
Key Down;Espace;5554778
Key Up;Espace;5554818
Key Down;Espace;5554978
Key Up;Espace;5555026
Key Down;Espace;5555170
Key Up;Espace;5555226
Key Down;Espace;5555346
Key Up;Espace;5555418
Key Down;Espace;5555531
Key Up;Espace;5555627
Key Down;Espace;5555747
Key Up;Espace;5555850
Key Down;Left Control;5556810
Key Down;Z;5557274
Key Up;Left Control;5557546
Key Up;Z;5558299
Key Down;Left Control;5558555
Key Down;Z;5558962
Key Down;Espace;5559642
Key Up;Left Control;5559803
Key Up;Z;5560330
Key Down;Z;5560474
Key Up;Espace;5560586
Key Down;Espace;5561522
Key Up;Espace;5562234
Key Up;Z;5568323
Key Down;Z;5569338
Key Up;Z;5570122
Key Down;Z;5570898
Key Up;Z;5572274
Key Down;Z;5573034
Key Up;Z;5573394
Key Down;Espace;5573506
Key Up;Espace;5573618
Key Down;Z;5574506
Key Down;Espace;5574834
Key Up;Espace;5574922
Key Down;Espace;5575010
Key Up;Espace;5575331
Key Up;Z;5579346
Key Down;Espace;5579627
Key Up;Espace;5579827
Key Down;Z;5580602
Key Down;Espace;5580650
Key Up;Z;5580698
Key Up;Espace;5580730
Key Down;Espace;5580834
Key Up;Espace;5580970
Key Down;Espace;5581050
Key Up;Espace;5581178
Key Down;Espace;5581323
Key Up;Espace;5581451
Key Down;Espace;5581522
Key Up;Espace;5581642
Key Down;Espace;5581722
Key Up;Espace;5581834
Key Down;Espace;5581890
Key Up;Espace;5582018
Key Down;Espace;5582106
Key Up;Espace;5582211
Key Down;Espace;5582275
Key Up;Espace;5582363
Key Down;Espace;5582482
Key Up;Espace;5582642
Key Down;Espace;5582738
Key Up;Espace;5582810
Key Down;Espace;5582946
Key Up;Espace;5583010
Key Down;Espace;5583146
Key Up;Espace;5583242
Key Down;Z;5586082
Key Up;Z;5586523
Key Down;Z;5586874
Key Up;Z;5586946
Key Down;Z;5588202
Key Down;Espace;5588730
Key Up;Espace;5589578
Key Down;Espace;5589986
Key Up;Espace;5590859
Key Up;Z;5591002
Key Down;Z;5600066
Key Down;Espace;5600354
Key Up;Espace;5600922
Key Up;Z;5601034
Key Down;Z;5605594
Key Down;Espace;5605898
Key Up;Z;5606866
Key Up;Espace;5606874
Key Down;Espace;5607226
Key Up;Espace;5607354
Key Down;Z;5610563
Key Down;Espace;5610802
Key Up;Espace;5612682
Key Up;Z;5612706
Key Down;Z;5615290
Key Down;Espace;5615546
Key Up;Z;5616450
Key Up;Espace;5616458
Key Down;Z;5618362
Key Up;Z;5618426
Key Down;Z;5618458
Key Up;Z;5618923
Key Down;Z;5619570
Key Down;Espace;5619778
Key Up;Espace;5621074
Key Up;Z;5621082
Key Down;Z;5621962
Key Down;Espace;5622074
Key Up;Espace;5623219
Key Up;Z;5623251
Key Down;Z;5626274
Key Down;Espace;5627050
Key Up;Espace;5628194
Key Up;Z;5628266
Key Down;Z;5630154
Key Down;Espace;5631314
Key Up;Espace;5633258
Key Up;Z;5633314
Key Down;X;5639834
Key Up;X;5639914
Key Down;X;5640882
Key Up;X;5640986
Key Down;Z;5642802
Key Down;Espace;5643546
Key Up;Espace;5644810
Key Up;Z;5644834
Key Down;Z;5645114
Key Down;Espace;5645779
Key Up;Espace;5646354
Key Up;Z;5646394
Key Down;Espace;5646562
Key Up;Espace;5646674
Key Down;Z;5650594
Key Down;Espace;5651354
Key Up;Espace;5651578
Key Up;Z;5651650
Key Down;Espace;5651930
Key Up;Espace;5652130
Key Down;Z;5652442
Key Up;Z;5653226
Key Down;Z;5654626
Key Up;Z;5655634
Key Down;Espace;5655986
Key Up;Espace;5656138
Key Down;Z;5656674
Key Down;Espace;5657274
Key Up;Espace;5657482
Key Up;Z;5657674
Key Down;D;5658978
Key Up;D;5659034
Key Down;F;5659514
Key Down;Espace;5660050
Key Up;Espace;5661698
Key Up;F;5661746
Key Down;Z;5661938
Key Up;Z;5662186
Key Down;Z;5663482
Key Up;Z;5664826
Key Down;Z;5665050
Key Up;Z;5665529
Key Down;Z;5667082
Key Up;Z;5669890
Key Down;Z;5671354
Key Down;Left Control;5672018
Key Up;Z;5672106
Key Up;Left Control;5672250
Key Down;NumPad 3;5678548
Key Up;NumPad 3;5678686
Key Down;X;5682666
Key Up;X;5682706
Key Down;Z;5683418
Key Up;Z;5684170
Key Down;Z;5684626
Key Up;Z;5685930
Key Down;Z;5686282
Key Up;Z;5687017
Key Down;Espace;5689937
Key Up;Espace;5690010
Key Down;W;5712722
Key Up;W;5712770
Key Down;X;5713170
Key Up;X;5713234
Key Down;D;5715794
Key Down;Z;5716226
Key Up;D;5716242
Key Up;Z;5717098
Key Down;Z;5717642
Key Down;Espace;5720658
Key Up;Espace;5721466
Key Up;Z;5721522
Key Down;Z;5722258
Key Down;Espace;5722450
Key Up;Espace;5724393
Key Up;Z;5724417
Key Down;Espace;5724794
Key Up;Espace;5724874
Key Down;Echap;5728674
Key Up;Echap;5728778
Key Down;Echap;5729801
Key Up;Echap;5729873
Key Down;Z;5731401
Key Up;Z;5731898
Key Down;Z;5732474
Key Up;Z;5734986
Key Down;Espace;5735274
Key Up;Espace;5735441
Key Down;Z;5741001
Key Up;Z;5741674
Key Down;Z;5742370
Key Up;Z;5742802
Key Down;X;5775018
Key Up;X;5775082
Key Down;Z;5778538
Key Up;Z;5778794
Key Down;Z;5780018
Key Up;Z;5780306
Key Down;Left Control;5785130
Key Up;Left Control;5785186
Key Down;D;5787753
Key Up;D;5788074
Key Down;Z;5789265
Key Up;Z;5789682
Key Down;Z;5791713
Key Up;Z;5792105
Key Down;Z;5796426
Key Up;Z;5796626
Key Down;Z;5797489
Key Up;Z;5799538
Key Down;Z;5800890
Key Up;Z;5801298
Key Down;Z;5805458
Key Up;Z;5805769
Key Down;Z;5807321
Key Up;Z;5809322
Key Down;Espace;5810217
Key Up;Espace;5811202
Key Down;Espace;5811489
Key Up;Espace;5811553
Key Down;Espace;5811657
Key Up;Espace;5811745
Key Down;Espace;5811865
Key Up;Espace;5811930
Key Down;Espace;5812042
Key Up;Espace;5812114
Key Down;Espace;5812186
Key Up;Espace;5812290
Key Down;Espace;5812338
Key Up;Espace;5812458
Key Down;Espace;5812586
Key Up;Espace;5812650
Key Down;Espace;5812745
Key Up;Espace;5812817
Key Down;Espace;5812913
Key Up;Espace;5812985
Key Down;Espace;5813089
Key Up;Espace;5813161
Key Down;Espace;5813257
Key Up;Espace;5813346
Key Down;Espace;5813442
Key Up;Espace;5813530
Key Down;Espace;5813634
Key Up;Espace;5813738
Key Down;Espace;5813834
Key Up;Espace;5813922
Key Down;Espace;5814026
Key Up;Espace;5814114
Key Down;Espace;5814233
Key Up;Espace;5814321
Key Down;Espace;5814465
Key Up;Espace;5814529
Key Down;Espace;5814649
Key Up;Espace;5814729
Key Down;Espace;5814882
Key Up;Espace;5814970
Key Down;Espace;5815130
Key Up;Espace;5815250
Key Down;Left Control;5818825
Key Down;Z;5819314
Key Up;Left Control;5821098
Key Up;Z;5821417
Key Down;Z;5822202
Key Up;Z;5822569
Key Down;F;5825122
Key Down;Espace;5825370
Key Up;F;5826937
Key Up;Espace;5826945
Key Down;Espace;5828897
Key Up;Espace;5830866
Key Down;E;5832945
Key Up;E;5833618
Key Down;Z;5834545
Key Up;Z;5835442
Key Down;Z;5835753
Key Up;Z;5836105
Key Down;Z;5836818
Key Up;Z;5837169
Key Down;Z;5838177
Key Up;Z;5839713
Key Down;Espace;5839857
Key Up;Espace;5841065
Key Down;Espace;5841185
Key Up;Espace;5841257
Key Down;Espace;5841386
Key Up;Espace;5841482
Key Down;Espace;5841586
Key Up;Espace;5841674
Key Down;Espace;5841770
Key Up;Espace;5841874
Key Down;Espace;5841945
Key Up;Espace;5842049
Key Down;Espace;5842145
Key Up;Espace;5842233
Key Down;Espace;5842353
Key Up;Espace;5842449
Key Down;Espace;5842553
Key Up;Espace;5842673
Key Down;Espace;5842762
Key Up;Espace;5842874
Key Down;Espace;5842970
Key Up;Espace;5843058
Key Down;Espace;5843170
Key Up;Espace;5843274
Key Down;Espace;5843377
Key Up;Espace;5843505
Key Down;Espace;5843633
Key Up;Espace;5843737
Key Down;Espace;5843865
Key Up;Espace;5843961
Key Down;Espace;5844065
Key Up;Espace;5844162
Key Down;Espace;5844338
Key Up;Espace;5844362
Key Down;Espace;5844546
Key Up;Espace;5844610
Key Down;Espace;5844770
Key Up;Espace;5844833
Key Down;Espace;5845009
Key Up;Espace;5845081
Key Down;Z;5849609
Key Up;Z;5849858
Key Down;Z;5850306
Key Up;Z;5850418
Key Down;Z;5852186
Key Up;Z;5852553
Key Down;Z;5852897
Key Up;Z;5853025
Key Down;Z;5857913
Key Up;Z;5858041
Key Down;Z;5867705
Key Up;Z;5868753
Key Down;Z;5869674
Key Up;Z;5870025
Key Down;Z;5878601
Key Up;Z;5878865
Key Down;Z;5881697
Key Up;Z;5881809
Key Down;Z;5886177
Key Up;Z;5887137
Key Down;D;5901746
Key Up;D;5901946
Key Down;D;5902593
Key Down;Z;5904337
Key Up;D;5904393
Key Up;Z;5904529
Key Down;Z;5912137
Key Up;Z;5912417
Key Down;Z;5912921
Key Up;Z;5913234
Key Down;Z;5913673
Key Up;Z;5914097
Key Down;Z;5914857
Key Up;Z;5915257
Key Down;Z;5916066
Key Up;Z;5916361
Key Down;Z;5918865
Key Up;Z;5919785
Key Down;Espace;5924601
Key Up;Espace;5926505
Key Down;Left Control;5927130
Key Down;Z;5927841
Key Up;Left Control;5930097
Key Down;Espace;5930577
Key Up;Espace;5931458
Key Up;Z;5931466
Key Down;Echap;5954737
Key Up;Echap;5954817
Key Down;Echap;5957841
Key Up;Echap;5957977
Key Down;Echap;5961529
Key Up;Echap;5961641
Key Down;Haut;5966697
Key Up;Haut;5966809
Key Down;Entrée;5967681
Key Up;Entrée;5967761
