Event;Key;Time
Key Down;Left Alt;1733
Key Down;Tab;1902
Key Up;Tab;1990
Key Down;Tab;2373
Key Up;Tab;2437
Key Up;Left Alt;2597
Key Down;S;7174
Key Up;S;7597
Key Down;Right Shift;8453
Key Down;Barre oblique;8558
Key Up;Right Shift;8605
Key Up;Barre oblique;8646
Key Down;S;9197
Key Up;S;9262
Key Down;I;9342
Key Up;I;9405
Key Down;M;9597
Key Up;M;9661
Key Down;P;9749
Key Up;P;9806
Key Down;L;9917
Key Up;L;9965
Key Down;E;10005
Key Up;E;10053
Key Down;S;10814
Key Up;S;10878
Key Down;A;11005
Key Up;A;11061
Key Down;Retour arrière;11733
Key Up;Retour arrière;11789
Key Down;T;12365
Key Up;T;12422
Key Down;A;12470
Key Up;A;12534
Key Down;T;12605
Key Up;T;12661
Key Down;S;12685
Key Up;S;12741
Key Down;Entrée;13430
Key Up;Entrée;13501
Key Down;Echap;14293
Key Up;Echap;14406
Key Down;D;15510
Key Down;Z;15990
Key Up;D;16109
Key Up;Z;16229
Key Down;Z;16590
Key Down;D;16733
Key Up;D;16981
Key Up;Z;17245
Key Down;S;17566
Key Down;Q;17725
Key Up;S;18405
Key Down;S;18717
Key Up;Q;19310
Key Up;S;19445
Key Down;S;22149
Key Down;Q;22701
Key Up;Q;23061
Key Up;S;23253
Key Down;Z;23477
Key Down;D;23549
Key Up;D;24053
Key Down;Q;24437
Key Up;Q;24517
Key Down;E;24693
Key Up;Z;24725
Key Up;E;24814
Key Down;Q;25365
Key Down;S;25813
Key Up;Q;25886
Key Up;S;25942
Key Down;S;26493
Key Up;S;26558
Key Down;Q;26901
Key Up;Q;26990
Key Down;Tab;27334
Key Up;Tab;30701
Key Down;S;32533
Key Up;S;32685
Key Down;S;33158
Key Down;Q;34430
Key Up;Q;34701
Key Down;D;34709
Key Up;S;34781
Key Down;S;34941
Key Up;D;35469
Key Down;Q;35797
Key Up;Q;35901
Key Up;S;36021
Key Down;S;36054
Key Up;S;36085
Key Down;S;36485
Key Down;D;36526
Key Up;D;36549
Key Up;S;36822
Key Down;Q;36829
Key Up;Q;36901
Key Down;D;37149
Key Down;Z;37157
Key Up;D;37413
Key Down;Q;37997
Key Up;Z;38470
Key Down;Z;38973
Key Up;Q;39293
Key Down;A;39461
Key Up;A;39549
Key Up;Z;39589
Key Down;S;39773
Key Down;Q;40054
Key Up;Q;40229
Key Down;D;40493
Key Up;D;40613
Key Up;S;40773
Key Down;D;40821
Key Down;Z;41022
Key Up;D;41149
Key Down;A;41645
Key Up;Z;41661
Key Up;A;41765
Key Down;Q;41950
Key Up;Q;42349
Key Down;D;42357
Key Down;Q;42605
Key Up;D;42613
Key Down;S;42709
Key Up;Q;42949
Key Down;D;43038
Key Up;S;43237
Key Up;D;43438
Key Down;Q;43477
Key Up;Q;43565
Key Down;Q;44229
Key Up;Q;44701
Key Down;A;46597
Key Up;A;46686
Key Down;S;52229
Key Down;Q;52445
Key Up;S;52557
Key Down;S;52862
Key Up;S;53069
Key Up;Q;53109
Key Down;Z;53981
Key Down;D;54221
Key Up;Z;54253
Key Up;D;54949
Key Down;S;58157
Key Down;Q;58237
Key Up;S;58429
Key Down;S;58749
Key Up;S;58965
Key Down;Z;59445
Key Up;Q;59493
Key Down;Q;59949
Key Up;Z;60333
Key Down;S;60510
Key Up;Q;60877
Key Up;S;61101
Key Down;Z;62645
Key Down;D;62773
Key Up;Z;62997
Key Up;D;63029
Key Down;D;63565
Key Down;S;63797
Key Up;D;63980
Key Up;S;64101
Key Down;Z;64765
Key Down;Q;64861
Key Up;Z;64925
Key Down;Z;65157
Key Up;Z;65277
Key Down;S;65445
Key Up;Q;65581
Key Up;S;65909
Key Down;A;66197
Key Up;A;66333
Key Down;Z;67221
Key Down;D;67605
Key Up;Z;67917
Key Up;D;67965
Key Down;Q;68485
Key Down;S;68557
Key Up;Q;69053
Key Up;S;69605
Key Down;D;69637
Key Up;D;69693
Key Down;A;70212
Key Up;A;70325
Key Down;Z;70637
Key Down;D;71101
Key Up;D;71237
Key Down;D;71429
Key Up;D;71669
Key Up;Z;71677
Key Down;Q;72365
Key Down;S;72532
Key Up;Q;72909
Key Up;S;73333
Key Down;A;73525
Key Up;A;73645
Key Down;Z;73861
Key Down;D;73973
Key Up;D;74045
Key Down;Q;74165
Key Up;Q;74341
Key Up;Z;74349
Key Down;S;74797
Key Down;D;75349
Key Up;S;75557
Key Up;D;75629
Key Down;A;75845
Key Up;A;75941
Key Down;Z;76173
Key Up;Z;76845
Key Down;S;77309
Key Up;S;77941
Key Down;A;78325
Key Up;A;78437
Key Down;Z;79405
Key Down;D;79917
Key Up;Z;80365
Key Up;D;80461
Key Down;Q;80637
Key Down;S;80821
Key Up;Q;81165
Key Up;S;81757
Key Down;Z;82228
Key Down;A;82413
Key Up;A;82501
Key Down;D;82701
Key Up;Z;83269
Key Up;D;83437
Key Down;Q;83493
Key Down;S;83757
Key Up;Q;84229
Key Up;S;84629
Key Down;D;85037
Key Down;Z;85157
Key Up;D;85277
Key Down;A;85693
Key Up;A;85805
Key Down;D;85821
Key Up;Z;86061
Key Up;D;86453
Key Down;Q;86693
Key Down;S;87005
Key Up;Q;87485
Key Up;S;87997
Key Down;A;88853
Key Up;A;88965
Key Down;Z;89093
Key Down;D;89413
Key Up;Z;89757
Key Up;D;90380
Key Down;Q;90469
Key Down;Z;90797
Key Up;Z;90916
Key Down;S;91181
Key Up;Q;91501
Key Up;S;91965
Key Down;A;92293
Key Up;A;92357
Key Down;Z;93173
Key Down;D;93493
Key Up;Z;94005
Key Down;Z;94253
Key Up;Z;94437
Key Up;D;94605
Key Down;Q;94628
Key Down;S;94989
Key Up;Q;95581
Key Up;S;95909
Key Down;A;96141
Key Up;A;96268
Key Down;Z;96901
Key Down;D;97325
Key Up;Z;97549
Key Up;D;98276
Key Down;Q;98917
Key Down;S;99829
Key Up;Q;100213
Key Down;Q;100476
Key Up;Q;100741
Key Up;S;101333
Key Down;A;103453
Key Up;A;103557
Key Down;Q;103748
Key Down;Z;105093
Key Up;Q;105141
Key Down;D;105197
Key Up;Z;105228
Key Down;S;105357
Key Up;D;105381
Key Down;Q;105501
Key Up;S;105525
Key Up;Q;105716
Key Down;E;105733
Key Up;E;105821
Key Down;Q;106077
Key Up;Q;106245
Key Down;S;107165
Key Up;S;107213
Key Down;Z;108765
Key Down;Q;108973
Key Up;Z;109085
Key Down;S;109220
Key Up;Q;109285
Key Down;Q;109549
Key Up;S;109580
Key Down;S;109628
Key Up;Q;109661
Key Up;S;109669
Key Down;Z;111716
Key Down;D;111757
Key Up;Z;112157
Key Down;Q;112252
Key Up;D;112261
Key Up;Q;112509
Key Down;D;112957
Key Down;Z;112989
Key Up;D;113021
Key Down;D;113380
Key Up;D;113453
Key Up;Z;113501
Key Down;D;114085
Key Down;S;114284
Key Up;D;114613
Key Up;S;114748
Key Down;S;115141
Key Up;S;115293
Key Down;Z;115581
Key Up;Z;115733
Key Down;Q;115989
Key Up;Q;116093
Key Down;S;116101
Key Up;S;116277
Key Down;Q;116452
Key Up;Q;116613
Key Down;Z;118189
Key Up;Z;118469
Key Down;D;118717
Key Up;D;119053
Key Down;Z;119132
Key Down;Q;119285
Key Up;Z;119532
Key Up;Q;119605
Key Down;Q;119837
Key Up;Q;119989
Key Down;S;120260
Key Down;Q;120485
Key Up;Q;120524
Key Up;S;120589
Key Down;S;120821
Key Up;S;120837
Key Down;S;122389
Key Up;S;122485
Key Down;S;123636
Key Up;S;123917
Key Down;Q;126668
Key Up;Q;127228
Key Down;Z;127693
Key Down;Q;127837
Key Up;Z;127925
Key Up;Q;128332
Key Down;S;128524
Key Up;S;129077
Key Down;Q;129149
Key Down;Z;129493
Key Up;Z;129645
Key Down;Z;130100
Key Up;Z;130221
Key Up;Q;130501
Key Down;Q;131733
Key Up;Q;131765
Key Down;S;132069
Key Up;S;132084
Key Down;Q;132396
Key Up;Q;132973
Key Down;Q;134653
Key Up;Q;135164
Key Down;S;135365
Key Down;D;135485
Key Up;D;135565
Key Down;Q;135749
Key Up;S;135965
Key Up;Q;137085
Key Down;S;137276
Key Down;Q;137500
Key Up;S;137741
Key Down;S;138245
Key Up;S;138373
Key Up;Q;141493
Key Down;Q;142044
Key Up;Q;142213
Key Down;Q;142805
Key Down;Z;143085
Key Up;Z;143269
Key Down;Z;143700
Key Up;Q;143877
Key Down;A;144093
Key Up;A;144196
Key Up;Z;144260
Key Down;Z;144509
Key Up;Z;144549
Key Down;Z;145477
Key Down;D;146181
Key Up;Z;146276
Key Down;Z;146428
Key Up;D;146517
Key Down;Q;146589
Key Up;Q;146877
Key Down;D;147341
Key Up;D;147540
Key Down;Q;147573
Key Up;Q;147732
Key Down;D;147860
Key Up;Z;147996
Key Down;Z;148197
Key Up;D;148301
Key Down;Q;148476
Key Up;Q;148805
Key Down;D;148829
Key Up;D;148949
Key Down;Q;148989
Key Up;Q;149053
Key Down;D;149060
Key Up;Z;149109
Key Down;Z;149900
Key Up;Z;150076
Key Up;D;151037
Key Down;Q;151053
Key Up;Q;151293
Key Down;S;151301
Key Down;D;151389
Key Up;S;151405
Key Down;S;152205
Key Up;D;152365
Key Down;A;152684
Key Up;A;152796
Key Down;D;152940
Key Up;S;152973
Key Down;S;153205
Key Up;D;153277
Key Down;Q;153453
Key Up;Q;153901
Key Down;Q;154036
Key Up;S;154236
Key Down;S;154437
Key Up;Q;154476
Key Up;S;154581
Key Down;D;154965
Key Down;S;155076
Key Up;S;155261
Key Down;Z;155460
Key Up;D;155517
Key Up;Z;155652
Key Down;Q;155701
Key Down;S;156004
Key Up;Q;156077
Key Down;A;156237
Key Up;A;156341
Key Up;S;156436
Key Down;Q;156757
Key Up;Q;156861
Key Down;D;158237
Key Up;D;158428
Key Down;Q;158613
Key Down;S;159013
Key Up;S;159773
Key Up;Q;160276
Key Down;D;160365
Key Up;D;160412
Key Down;S;160437
Key Down;Q;161061
Key Up;S;161293
Key Down;S;161805
Key Up;Q;162021
Key Up;S;162132
Key Down;D;166485
Key Down;Z;166509
Key Up;Z;166541
Key Up;D;166669
Key Down;A;168037
Key Up;A;168181
Key Down;Q;179276
Key Down;S;179541
Key Up;S;180012
Key Up;Q;180125
Key Down;A;180676
Key Up;A;180788
Key Down;Z;181221
Key Up;Z;181277
Key Down;D;182637
Key Down;S;182836
Key Up;D;183085
Key Up;S;183300
Key Down;Q;183373
Key Up;Q;183437
Key Down;S;183548
Key Up;S;183685
Key Down;D;183708
Key Up;D;183780
Key Down;S;184028
Key Up;S;185156
Key Down;Q;185188
Key Up;Q;185380
Key Down;D;185796
Key Up;D;185957
Key Down;S;186196
Key Down;D;186204
Key Up;S;186380
Key Down;S;186397
Key Up;D;186669
Key Up;S;186860
Key Down;S;187492
Key Down;Q;187660
Key Up;Q;187788
Key Up;S;187828
Key Down;A;188108
Key Up;A;188197
Key Down;Z;188956
Key Down;Q;189036
Key Up;Z;189237
Key Up;Q;189404
Key Down;D;189573
Key Down;S;189628
Key Up;D;189821
Key Up;S;190068
Key Down;Q;190844
Key Down;S;190925
Key Up;Q;190933
Key Up;S;190972
Key Down;Z;191125
Key Down;Q;191348
Key Up;Q;191532
Key Up;Z;191580
Key Down;D;193300
Key Down;Z;193388
Key Up;D;193405
Key Down;Q;193461
Key Down;E;193661
Key Up;Z;193669
Key Up;Q;193724
Key Up;E;193757
Key Down;D;194269
Key Up;D;194380
Key Down;Z;194388
Key Up;Z;194477
Key Down;A;194573
Key Up;A;194677
Key Down;Z;194933
Key Down;Q;195221
Key Up;Z;195389
Key Up;Q;195580
Key Down;S;195989
Key Down;D;196005
Key Up;D;196077
Key Up;S;196101
Key Down;A;196812
Key Up;A;196925
Key Down;Q;197813
Key Down;Z;197908
Key Up;Z;197996
Key Up;Q;198100
Key Down;D;198509
Key Down;Z;198684
Key Up;Z;198805
Key Up;D;198845
Key Down;D;198932
Key Up;D;198989
Key Down;S;199164
Key Down;D;199245
Key Up;D;199501
Key Up;S;199533
Key Down;D;199708
Key Up;D;199749
Key Down;D;199797
Key Down;S;199821
Key Up;D;199893
Key Up;S;200069
Key Down;D;200389
Key Down;S;200412
Key Up;S;200564
Key Up;D;200637
Key Down;Q;200756
Key Up;Q;200900
Key Down;S;201285
Key Down;D;201348
Key Up;D;201565
Key Down;Q;201708
Key Up;Q;202021
Key Up;S;202245
Key Down;D;202909
Key Up;D;203124
Key Down;Z;203565
Key Down;A;203997
Key Up;Z;204021
Key Up;A;204117
Key Down;Q;204436
Key Down;S;204893
Key Up;S;205029
Key Down;Z;205212
Key Up;Q;205277
Key Down;Q;205613
Key Up;Z;205716
Key Down;S;206053
Key Up;Q;206109
Key Down;Q;206341
Key Up;Q;206405
Key Down;Q;206613
Key Up;Q;206676
Key Up;S;207325
Key Down;Z;207653
Key Down;D;208836
Key Up;Z;208981
Key Down;Z;209893
Key Up;D;210020
Key Up;Z;210565
Key Down;Tab;210573
Key Up;Tab;211709
Key Down;Z;211716
Key Down;D;211869
Key Up;D;212269
Key Down;D;212709
Key Up;Z;212940
Key Down;Z;213157
Key Up;D;213508
Key Down;D;213836
Key Up;D;214244
Key Down;D;214516
Key Up;D;215053
Key Down;D;215405
Key Up;D;215564
Key Down;Q;215724
Key Up;Z;216557
Key Up;Q;216668
Key Down;D;216964
Key Up;D;217076
Key Down;D;217573
Key Down;Z;219261
Key Up;D;219333
Key Up;Z;221844
Key Down;D;221885
Key Up;D;221989
Key Down;S;221996
Key Down;Q;222373
Key Up;S;222445
Key Down;Z;222572
Key Up;Q;222724
Key Up;Z;223165
Key Down;A;223205
Key Up;A;223348
Key Down;S;223677
Key Down;D;223964
Key Up;D;224125
Key Down;Q;224188
Key Up;Q;224301
Key Down;D;224413
Key Up;D;224557
Key Up;S;224628
Key Down;Q;225172
Key Down;Z;225252
Key Up;Q;225596
Key Down;A;225884
Key Up;A;225989
Key Up;Z;226061
Key Down;D;226764
Key Down;S;226853
Key Up;D;227389
Key Up;S;227541
Key Down;Q;228164
Key Down;Z;228260
Key Up;Q;228733
Key Down;A;229140
Key Up;Z;229229
Key Up;A;229244
Key Down;S;229797
Key Down;D;230284
Key Up;D;230957
Key Up;S;230973
Key Down;Q;231964
Key Down;Z;232100
Key Up;Q;232437
Key Down;A;232885
Key Up;Z;232908
Key Down;D;232916
Key Up;A;233021
Key Up;D;233228
Key Down;S;233300
Key Down;D;233492
Key Up;S;233692
Key Up;D;234173
Key Down;Q;235476
Key Down;Z;235836
Key Up;Z;236084
Key Up;Q;236253
Key Down;A;236460
Key Up;A;236557
Key Down;Z;237148
Key Up;Z;237261
Key Down;S;238164
Key Up;S;238332
Key Down;D;238381
Key Down;S;238485
Key Up;S;238733
Key Down;Z;239197
Key Up;D;239261
Key Down;D;239844
Key Up;D;239989
Key Up;Z;240164
Key Down;D;240405
Key Up;D;241285
Key Down;Z;241549
Key Down;D;241868
Key Up;Z;242060
Key Down;Z;243116
Key Up;Z;243628
Key Down;Z;243988
Key Up;Z;244229
Key Up;D;244269
Key Down;Q;244341
Key Down;Z;245068
Key Up;Q;245684
Key Down;A;246132
Key Up;A;246269
Key Down;D;246293
Key Up;Z;246900
Key Up;D;247116
Key Down;Q;247421
Key Down;Z;247701
Key Up;Q;247788
Key Down;A;248661
Key Up;A;248756
Key Up;Z;248844
Key Down;D;248884
Key Down;S;248997
Key Up;D;249044
Key Up;S;249260
Key Down;E;249268
Key Up;E;249380
Key Down;Z;249508
Key Down;D;249789
Key Up;Z;250117
Key Down;S;250548
Key Up;D;250716
Key Up;S;250852
Key Down;Q;251628
Key Down;S;252140
Key Up;S;252268
Key Up;Q;252300
Key Down;A;253941
Key Up;A;254052
Key Down;Q;254357
Key Down;S;254660
Key Up;Q;254764
Key Down;D;255156
Key Up;D;255293
Key Up;S;255757
Key Down;D;256036
Key Down;Z;256125
Key Up;D;256228
Key Down;D;256564
Key Up;D;256676
Key Up;Z;256957
Key Down;E;257309
Key Up;E;257381
Key Down;E;266357
Key Up;E;266460
Key Down;D;267276
Key Down;S;267348
Key Up;S;267468
Key Up;D;267532
Key Down;E;267805
Key Up;E;267868
Key Down;Q;268244
Key Up;Q;268428
Key Down;Z;269036
Key Down;D;269125
Key Up;Z;269860
Key Down;S;270892
Key Up;D;271212
Key Up;S;271293
Key Down;A;271413
Key Up;A;271525
Key Down;Z;271716
Key Down;Q;271876
Key Up;Z;272237
Key Down;S;273444
Key Up;S;273548
Key Down;Z;273812
Key Up;Q;273989
Key Up;Z;275044
Key Down;D;275053
Key Down;Z;275677
Key Up;Z;275757
Key Up;D;275812
Key Down;Q;275925
Key Down;Z;276564
Key Up;Q;276773
Key Down;Q;276957
Key Up;Q;277196
Key Down;Q;277668
Key Up;Q;277741
Key Down;A;278284
Key Up;A;278396
Key Down;D;278732
Key Up;D;279028
Key Down;Q;279181
Key Up;Z;279236
Key Up;Q;279293
Key Down;Q;280444
Key Down;S;280492
Key Up;Q;280821
Key Down;Q;281596
Key Up;Q;281653
Key Down;D;282541
Key Up;D;282868
Key Down;D;283228
Key Up;S;283396
Key Down;A;283772
Key Up;A;283876
Key Up;D;285900
Key Down;A;285908
Key Up;A;286005
Key Down;Z;286732
Key Down;Q;286740
Key Up;Z;287005
Key Down;Z;287269
Key Up;Q;287300
Key Up;Z;287621
Key Down;Q;287908
Key Up;Q;288148
Key Down;S;289116
Key Up;S;289205
Key Down;S;289404
Key Down;D;289612
Key Up;S;289812
Key Up;D;290388
Key Down;A;290444
Key Up;A;290548
Key Down;D;290629
Key Up;D;290684
Key Down;Q;290940
Key Up;Q;291269
Key Down;D;291293
Key Down;Z;291836
Key Up;Z;292028
Key Up;D;292148
Key Down;Q;292900
Key Down;S;293052
Key Up;S;293308
Key Up;Q;293573
Key Down;A;293757
Key Up;A;293868
Key Down;Q;294260
Key Down;Z;294332
Key Up;Q;294573
Key Up;Z;294764
Key Down;Q;294860
Key Down;Z;295108
Key Up;Q;295325
Key Down;Q;295564
Key Up;Q;295772
Key Down;D;296020
Key Up;Z;296036
Key Up;D;296548
Key Down;Q;297389
Key Down;Z;297660
Key Up;Q;297756
Key Up;Z;297844
Key Down;A;297957
Key Up;A;298061
Key Down;Q;299748
Key Up;Q;300028
Key Down;Z;300468
Key Down;Q;300900
Key Up;Q;302148
Key Down;D;303253
Key Up;D;303316
Key Up;Z;303452
Key Down;D;303564
Key Down;A;304844
Key Up;A;304964
Key Up;D;305020
Key Down;Q;305125
Key Up;Q;305892
Key Down;Z;306188
Key Down;D;306684
Key Up;Z;306708
Key Down;Z;306828
Key Up;Z;307100
Key Up;D;307157
Key Down;Q;307308
Key Up;Q;307445
Key Down;A;308324
Key Up;A;308436
Key Down;Z;308764
Key Down;Q;308884
Key Up;Z;309372
Key Up;Q;309420
Key Down;Z;312604
Key Down;Q;312812
Key Up;Z;312884
Key Down;Z;313148
Key Up;Q;313356
Key Down;Q;313628
Key Up;Q;313700
Key Down;Q;314260
Key Up;Z;314364
Key Up;Q;315140
Key Down;Q;315484
Key Down;S;316028
Key Up;S;316196
Key Up;Q;316292
Key Down;D;316772
Key Down;Z;316972
Key Up;Z;317196
Key Down;S;317364
Key Up;D;317484
Key Down;A;317572
Key Up;S;317596
Key Up;A;317692
Key Down;S;318124
Key Up;S;318212
Key Down;Z;319100
Key Down;D;319116
Key Up;D;319132
Key Down;D;319164
Key Up;D;319220
Key Down;Q;319444
Key Up;Z;319620
Key Up;Q;319636
Key Down;S;319796
Key Down;D;319860
Key Up;D;319972
Key Up;S;320252
Key Down;A;320892
Key Up;A;320996
Key Down;S;321340
Key Down;Q;322260
Key Up;S;322572
Key Up;Q;322740
Key Down;D;322836
Key Down;S;322948
Key Up;S;323348
Key Down;Z;323484
Key Up;D;323580
Key Up;Z;323628
Key Down;A;323908
Key Up;A;324012
Key Down;Q;324381
Key Down;Z;324532
Key Up;Z;324716
Key Up;Q;324893
Key Down;Z;325204
Key Up;Z;325308
Key Down;Q;326068
Key Down;Z;326076
Key Up;Q;326180
Key Up;Z;326212
Key Down;D;326348
Key Down;Z;326580
Key Down;A;326660
Key Up;D;326692
Key Up;A;326788
Key Down;D;326972
Key Up;D;327140
Key Up;Z;327268
Key Down;Z;327524
Key Down;Q;327532
Key Up;Z;327908
Key Up;Q;327916
Key Down;D;328132
Key Up;D;328348
Key Down;S;328596
Key Down;Q;328668
Key Up;S;328708
Key Up;Q;328780
Key Down;A;329316
Key Up;A;329404
Key Down;Z;329652
Key Down;D;329780
Key Up;Z;329820
Key Up;D;329899
Key Down;S;330108
Key Up;S;330620
Key Down;A;331100
Key Up;A;331188
Key Down;Z;331292
Key Up;Z;331531
Key Down;Q;331652
Key Down;Z;331708
Key Up;Z;331852
Key Up;Q;331868
Key Down;S;332356
Key Down;D;332404
Key Up;D;332523
Key Down;Q;332596
Key Up;Q;332908
Key Down;D;333108
Key Up;D;333316
Key Down;Q;333700
Key Up;Q;333924
Key Down;Q;334164
Key Up;Q;334452
Key Up;S;334764
Key Down;A;334868
Key Up;A;334963
Key Down;Q;335460
Key Down;Z;336435
Key Up;Q;336772
Key Down;Q;337045
Key Up;Z;337212
Key Down;S;337540
Key Up;Q;337644
Key Down;Q;337940
Key Up;S;338395
Key Down;Z;338764
Key Up;Z;338908
Key Up;Q;339028
Key Down;A;339252
Key Up;A;339348
Key Down;Q;339684
Key Down;S;340476
Key Up;Q;340484
Key Down;D;341092
Key Up;D;341172
Key Down;Q;341660
Key Up;Q;341700
Key Down;D;342516
Key Up;S;342884
Key Up;D;343052
Key Down;A;343436
Key Up;A;343532
Key Down;D;343860
Key Down;Z;344068
Key Up;Z;344236
Key Up;D;344484
Key Down;S;344740
Key Down;Q;344843
Key Up;S;344860
Key Down;Z;345116
Key Up;Q;345124
Key Down;E;345308
Key Up;Z;345372
Key Up;E;345468
Key Down;Z;345612
Key Up;Z;345676
Key Down;A;345867
Key Up;A;345956
Key Down;Z;346260
Key Down;Q;346268
Key Up;Z;346404
Key Up;Q;346412
Key Down;D;346515
Key Down;S;346612
Key Up;D;346644
Key Up;S;346724
Key Down;Z;346948
Key Down;Q;347052
Key Up;Q;347316
Key Down;D;347460
Key Up;Z;347572
Key Down;Q;347940
Key Up;D;347948
Key Down;Z;348148
Key Up;Q;348403
Key Down;D;348548
Key Down;A;348716
Key Up;D;348732
Key Up;Z;348772
Key Up;A;348828
Key Down;Z;349084
Key Down;D;349228
Key Up;Z;349532
Key Up;D;349676
Key Down;Q;349972
Key Down;S;350147
Key Up;Q;350468
Key Up;S;350716
Key Down;A;350852
Key Up;A;350964
Key Down;D;353172
Key Down;S;353395
Key Up;S;353588
Key Up;D;354035
Key Down;Q;354948
Key Down;Z;355572
Key Up;Q;355620
Key Down;A;355820
Key Up;Z;355844
Key Up;A;355948
Key Down;Z;356996
Key Down;D;357156
Key Up;Z;357356
Key Down;S;358036
Key Up;D;358108
Key Down;Q;358163
Key Up;S;358716
Key Down;Z;359012
Key Up;Q;359132
Key Up;Z;359219
Key Down;A;359268
Key Up;A;359356
Key Down;D;359996
Key Down;S;360027
Key Up;S;360284
Key Down;Z;360756
Key Up;Z;361076
Key Up;D;361900
Key Down;Q;361908
Key Down;S;362380
Key Up;S;362692
Key Down;S;363124
Key Up;S;363268
Key Up;Q;363292
Key Down;D;363732
Key Down;S;363740
Key Up;S;363884
Key Down;A;364100
Key Up;A;364220
Key Down;Z;364324
Key Up;Z;364740
Key Down;Q;365316
Key Up;D;365331
Key Up;Q;366140
Key Down;Z;366403
Key Down;A;366892
Key Up;A;366972
Key Up;Z;367020
Key Down;S;367372
Key Up;S;367476
Key Down;Z;367636
Key Up;Z;367796
Key Down;D;368172
Key Down;S;368459
Key Up;S;368540
Key Up;D;368564
Key Down;D;368932
Key Up;D;369244
Key Down;D;369628
Key Down;S;369668
Key Up;D;370004
Key Up;S;370324
Key Down;S;370475
Key Up;S;370684
Key Down;Q;370884
Key Up;Q;371156
Key Down;Q;372708
Key Down;Z;372795
Key Up;Z;373116
Key Up;Q;373156
Key Down;D;373572
Key Down;Z;373844
Key Up;D;373924
Key Up;Z;374116
Key Down;Z;374308
Key Down;Q;374716
Key Up;Z;374796
Key Down;S;375020
Key Up;S;375316
Key Up;Q;375324
Key Down;Q;375588
Key Up;Q;375740
Key Down;D;376131
Key Down;S;376156
Key Up;S;376460
Key Down;Z;377228
Key Up;Z;377396
Key Up;D;377580
Key Down;Q;378260
Key Up;Q;378451
Key Down;D;378820
Key Down;Z;378915
Key Up;D;378995
Key Up;Z;379148
Key Down;E;379244
Key Up;E;379316
Key Down;D;379611
Key Down;A;379876
Key Up;A;379996
Key Down;S;380508
Key Up;D;380652
Key Up;S;381284
Key Down;Z;383627
Key Down;D;383804
Key Up;Z;383924
Key Up;D;384011
Key Down;Tab;384364
Key Up;Tab;384844
Key Down;Q;385067
Key Down;S;385236
Key Up;S;385420
Key Down;S;385996
Key Up;S;386116
Key Down;S;387620
Key Up;Q;387804
Key Down;E;387964
Key Up;E;388052
Key Down;Q;388148
Key Up;Q;388508
Key Down;D;388708
Key Up;D;389020
Key Down;D;389684
Key Up;S;389788
Key Up;D;390588
Key Down;D;390996
Key Up;D;391220
Key Down;D;391971
Key Up;D;392243
Key Down;Z;392404
Key Up;Z;392587
Key Down;E;392724
Key Up;E;392827
Key Down;S;394476
Key Up;S;394524
Key Down;E;407500
Key Up;E;407612
Key Down;D;409708
Key Up;D;410140
Key Down;S;412372
Key Up;S;412484
Key Down;A;412723
Key Up;A;412836
Key Down;D;413564
Key Down;Z;414004
Key Up;Z;414124
Key Up;D;414475
Key Down;Q;415660
Key Down;S;416204
Key Up;S;416716
Key Down;S;417012
Key Up;Q;417204
Key Down;D;417531
Key Up;D;417627
Key Down;Q;418100
Key Up;S;418252
Key Down;Z;418683
Key Up;Z;418779
Key Up;Q;419276
Key Down;Q;419763
Key Down;Z;419948
Key Up;Z;419996
Key Up;Q;420147
Key Down;S;420756
Key Down;Q;420811
Key Up;S;420987
Key Up;Q;421084
Key Down;S;427811
Key Down;Q;427875
Key Up;S;428004
Key Up;Q;428068
Key Down;E;431403
Key Up;E;431508
Key Down;Q;432140
Key Down;Z;432268
Key Up;Q;432355
Key Up;Z;432388
Key Down;Z;432804
Key Up;Z;432867
Key Down;D;445724
Key Up;D;446108
Key Down;D;456468
Key Down;Z;456660
Key Up;Z;456972
Key Down;S;457395
Key Up;S;457579
Key Down;A;457811
Key Up;A;457932
Key Down;Z;458148
Key Up;D;458635
Key Down;D;459899
Key Up;Z;459915
Key Down;Z;462348
Key Up;D;463227
Key Up;Z;463307
Key Down;S;463748
Key Down;Q;463860
Key Up;Q;463972
Key Down;D;464235
Key Up;S;464587
Key Down;Z;464980
Key Up;D;465084
Key Down;A;465492
Key Up;A;465611
Key Down;D;465659
Key Up;Z;466091
Key Down;Z;467260
Key Up;Z;467356
Key Up;D;468356
Key Down;D;469483
Key Down;Z;469619
Key Up;D;469740
Key Up;Z;469828
Key Down;D;470196
Key Down;Z;470635
Key Up;D;470947
Key Up;Z;471236
Key Down;Z;471652
Key Up;Z;471747
Key Down;S;474828
Key Down;Q;475067
Key Up;Q;475251
Key Up;S;475619
Key Down;S;476084
Key Up;S;476444
Key Down;D;477043
Key Down;Z;477155
Key Up;D;477171
Key Up;Z;477420
Key Down;D;477796
Key Down;Z;477828
Key Up;D;477916
Key Up;Z;477979
Key Down;Q;478731
Key Up;Q;478812
Key Down;D;479260
Key Up;D;479339
Key Down;Z;493387
Key Up;Z;493492
Key Down;Q;497452
Key Up;Q;497820
Key Down;Z;498875
Key Up;Z;499147
Key Down;D;499635
Key Up;D;499804
Key Down;Q;500324
Key Up;Q;500436
Key Down;S;500636
Key Up;S;501163
Key Down;S;501499
Key Up;S;502011
Key Down;Z;502291
Key Down;D;503235
Key Up;D;503347
Key Up;Z;503755
Key Down;E;504099
Key Up;E;504211
Key Down;S;564020
Key Up;S;564795
Key Down;S;565227
Key Down;Q;565435
Key Up;Q;565667
Key Down;D;565843
Key Up;D;566051
Key Down;A;566307
Key Up;A;566395
Key Up;S;566475
Key Down;S;566683
Key Down;D;567875
Key Up;D;568083
Key Down;Q;568635
Key Up;Q;569051
Key Up;S;570387
Key Down;A;570484
Key Up;A;570579
Key Down;Z;571067
Key Down;D;571123
Key Up;D;571219
Key Down;A;572611
Key Up;A;572723
Key Up;Z;573124
Key Down;D;573371
Key Up;D;573379
Key Down;S;573387
Key Down;D;573395
Key Up;D;573419
Key Down;D;573435
Key Up;D;573524
Key Up;S;573819
Key Down;S;574507
Key Down;D;575035
Key Up;D;575147
Key Up;S;575403
Key Down;Q;575603
Key Down;Z;575635
Key Up;Q;575747
Key Up;Z;576443
Key Down;Z;576651
Key Down;A;576827
Key Up;A;576923
Key Up;Z;577003
Key Down;Z;577107
Key Up;Z;577531
Key Down;S;577763
Key Down;D;577883
Key Up;D;578179
Key Down;Q;578571
Key Up;S;578587
Key Down;S;578699
Key Up;Q;578723
Key Up;S;578907
Key Down;A;580507
Key Up;A;580603
Key Down;Z;581819
Key Down;D;581939
Key Up;D;582099
Key Up;Z;582115
Key Down;S;584059
Key Up;S;584147
Key Down;S;584690
Key Down;Q;584891
Key Up;Q;585043
Key Up;S;585531
Key Down;Z;585755
Key Up;Z;586011
Key Down;D;586235
Key Up;D;586931
Key Down;S;587003
Key Down;D;587387
Key Up;S;587515
Key Down;Z;587811
Key Up;D;587995
Key Down;D;588428
Key Up;Z;588635
Key Up;D;588843
Key Down;S;589507
Key Down;D;589723
Key Up;D;589859
Key Down;D;590179
Key Up;S;590675
Key Up;D;590692
Key Down;A;590747
Key Up;A;590891
Key Down;S;591020
Key Down;Q;591267
Key Up;Q;591435
Key Down;D;591587
Key Up;S;591771
Key Up;D;592667
Key Down;D;593171
Key Down;Z;593411
Key Up;D;593666
Key Up;Z;593923
Key Down;S;595779
Key Up;S;596124
Key Down;Z;604115
Key Up;Z;608107
Key Down;Z;624739
Key Up;Z;625107
Key Down;Q;626059
Key Down;S;626114
Key Up;S;626210
Key Up;Q;626835
Key Down;Q;626963
Key Up;Q;627107
Key Down;Q;627379
Key Down;S;627499
Key Up;Q;627523
Key Down;D;627666
Key Up;S;627859
Key Down;Q;628099
Key Up;D;628155
Key Down;Z;628482
Key Up;Z;628578
Key Down;Z;628971
Key Up;Z;629091
Key Up;Q;629227
Key Down;Q;629387
Key Up;Q;629491
Key Down;Q;629651
Key Down;Z;629811
Key Up;Q;630499
Key Up;Z;630611
Key Down;Z;630803
Key Down;D;630891
Key Up;Z;630923
Key Down;S;631099
Key Up;S;632067
Key Up;D;632459
Key Down;D;632739
Key Down;S;633331
Key Up;S;633419
Key Down;S;633827
Key Up;S;633938
Key Down;S;634675
Key Up;D;635051
Key Up;S;635115
Key Down;Z;635347
Key Down;D;635355
Key Up;Z;636243
Key Down;Q;636427
Key Up;D;636499
Key Down;S;636667
Key Up;S;637115
Key Down;Z;639867
Key Up;Z;640339
Key Down;Z;640571
Key Up;Z;640810
Key Down;Z;640986
Key Up;Z;641331
Key Up;Q;641395
Key Down;Q;641483
Key Down;Z;641539
Key Up;Q;641675
Key Up;Z;641730
Key Down;S;641843
Key Down;D;641851
Key Up;D;641867
Key Down;D;641939
Key Up;S;642179
Key Down;Z;642298
Key Up;Z;642642
Key Down;S;644163
Key Up;S;644458
Key Down;S;645610
Key Up;S;645779
Key Down;Q;645787
Key Down;Z;645963
Key Up;Q;645987
Key Up;D;646635
Key Up;Z;646826
Key Down;D;646898
Key Up;D;646955
Key Down;S;646987
Key Down;Q;647035
Key Up;S;647731
Key Down;Z;649411
Key Up;Z;649634
Key Down;D;650355
Key Down;S;650386
Key Up;D;650419
Key Up;S;650555
Key Down;D;650739
Key Up;Q;650778
Key Down;Q;651131
Key Up;D;651163
Key Down;S;651243
Key Up;S;651282
Key Down;D;651411
Key Up;Q;651443
Key Down;S;651667
Key Up;D;651747
Key Up;S;651811
Key Down;Z;651923
Key Up;Z;652210
Key Down;S;652371
Key Down;D;652475
Key Up;D;652794
Key Down;Q;653034
Key Up;S;653251
Key Down;D;653410
Key Up;Q;653483
Key Down;Q;654803
Key Up;D;654826
Key Down;Z;655035
Key Up;Z;655346
Key Down;Z;655395
Key Up;Q;655491
Key Down;D;655539
Key Up;D;655578
Key Down;Espace;655747
Key Up;Espace;655899
Key Down;D;656051
Key Up;Z;656107
Key Down;S;656266
Key Up;D;656307
Key Down;Q;656475
Key Up;Q;656602
Key Up;S;656747
Key Down;Z;657282
Key Up;Z;657451
Key Down;D;661299
Key Down;Z;661803
Key Up;Z;661939
Key Up;D;661963
Key Down;D;662138
Key Up;D;662203
Key Down;Q;662259
Key Up;Q;662451
Key Down;Q;662699
Key Down;Z;663451
Key Up;Q;663547
Key Down;D;663587
Key Up;Z;663723
Key Down;S;665322
Key Down;Q;665410
Key Up;D;665434
Key Up;S;665459
Key Up;Q;666082
Key Down;D;666115
Key Down;Z;666163
Key Up;Z;666355
Key Down;S;666626
Key Down;Q;666739
Key Up;D;666763
Key Up;S;666787
Key Up;Q;668026
Key Down;D;668555
Key Down;Z;668683
Key Up;Z;668899
Key Down;S;669691
Key Up;D;669755
Key Up;S;669811
Key Down;Q;669899
Key Down;Z;670115
Key Up;Z;670210
Key Down;Z;670570
Key Up;Q;670643
Key Up;Z;670738
Key Down;Z;670843
Key Up;Z;670867
Key Down;D;670987
Key Down;Q;671834
Key Up;D;671875
Key Up;Q;672419
Key Down;Q;673242
Key Up;Q;673499
Key Down;D;673538
Key Up;D;673707
Key Down;Z;673787
Key Down;D;673835
Key Up;Z;674131
Key Down;S;674507
Key Up;S;674675
Key Down;Z;674827
Key Up;Z;674971
Key Up;D;675019
Key Down;Q;675099
Key Down;S;675251
Key Up;S;675562
Key Down;Z;675827
Key Up;Q;676075
Key Down;S;676123
Key Down;Q;676418
Key Up;S;676586
Key Up;Q;677211
Key Down;D;677267
Key Up;Z;677635
Key Up;D;678355
Key Down;Espace;702130
Key Up;Espace;702242
Key Down;D;713971
Key Down;Z;714115
Key Up;D;714435
Key Up;Z;714707
Key Down;S;715059
Key Down;Q;715451
Key Up;Q;716123
Key Down;Q;716387
Key Up;S;716571
Key Down;S;716883
Key Up;Q;716995
Key Down;D;717251
Key Up;D;717443
Key Up;S;717594
Key Down;A;717619
Key Up;A;717755
Key Down;S;717923
Key Down;Q;718818
Key Up;Q;718962
Key Down;D;719067
Key Up;D;719323
Key Down;D;720010
Key Up;D;720131
Key Up;S;720147
Key Down;Z;720283
Key Down;D;720291
Key Up;D;720435
Key Down;A;721386
Key Up;A;721499
Key Up;Z;721579
Key Down;Q;721690
Key Down;S;721858
Key Up;Q;721955
Key Down;D;722987
Key Up;D;723243
Key Down;A;723571
Key Up;A;723667
Key Down;D;723771
Key Up;S;723811
Key Up;D;723867
Key Down;Q;724011
Key Down;E;724186
Key Up;Q;724219
Key Up;E;724282
Key Down;S;724475
Key Down;Q;724682
Key Up;S;725051
Key Down;Z;725282
Key Up;Q;726035
Key Down;A;727003
Key Up;A;727107
Key Down;Q;727402
Key Up;Z;727482
Key Down;S;728578
Key Up;Q;728962
Key Down;A;729202
Key Up;A;729298
Key Down;D;729402
Key Up;D;729682
Key Down;Q;729987
Key Up;S;730242
Key Down;S;730371
Key Up;Q;730426
Key Down;D;730603
Key Up;D;731010
Key Down;D;732035
Key Up;D;732243
Key Down;Q;732578
Key Up;Q;732747
Key Down;Q;733291
Key Up;S;733339
Key Down;Z;733467
Key Up;Q;733491
Key Down;D;734330
Key Down;A;734458
Key Up;A;734563
Key Up;Z;734923
Key Down;S;735826
Key Up;D;736099
Key Down;D;736250
Key Up;D;736291
Key Down;D;736435
Key Up;D;737186
Key Down;A;738106
Key Up;A;738218
Key Down;Q;738394
Key Up;S;738418
Key Up;Q;739171
Key Down;D;739227
Key Up;D;739643
Key Down;A;742059
Key Up;A;742178
Key Down;S;742658
Key Up;S;742866
Key Down;Z;743570
Key Down;Q;744275
Key Up;Q;744722
Key Up;Z;744923
Key Down;A;745186
Key Up;A;745282
Key Down;D;746155
Key Down;A;746850
Key Up;A;746930
Key Up;D;747091
Key Down;S;747107
Key Down;Q;747419
Key Up;Q;748594
Key Up;S;748651
Key Down;A;748810
Key Up;A;748922
Key Down;S;749227
Key Down;Q;749714
Key Up;S;749923
Key Down;S;750515
Key Up;Q;750571
Key Up;S;750675
Key Down;Q;751259
Key Up;Q;751371
Key Down;S;751394
Key Down;D;751595
Key Up;D;751746
Key Down;Q;752755
Key Up;S;753410
Key Up;Q;755658
Key Down;A;755843
Key Up;A;755962
Key Down;Q;756258
Key Up;Q;756467
Key Down;S;756763
Key Down;Q;757475
Key Up;S;757819
Key Up;Q;758059
Key Down;Z;758706
Key Up;Z;758762
Key Down;Z;758842
Key Up;Z;759027
Key Down;Z;759443
Key Down;D;759506
Key Down;A;760323
Key Up;A;760427
Key Up;Z;760474
Key Up;D;760643
Key Down;D;760938
Key Down;S;761122
Key Up;D;762091
Key Down;D;762539
Key Up;D;762691
Key Down;D;762875
Key Up;D;763018
Key Up;S;763379
Key Down;D;763794
Key Down;S;764154
Key Up;D;764202
Key Down;D;764651
Key Up;D;765283
Key Down;A;765730
Key Up;A;765843
Key Up;S;766114
Key Down;Z;766578
Key Up;Z;767658
Key Down;S;767898
Key Down;Q;768619
Key Up;Q;768730
Key Up;S;768803
Key Down;A;769002
Key Up;A;769091
Key Down;Z;769195
Key Up;Z;769699
Key Down;A;770843
Key Up;A;770915
Key Down;D;770978
Key Down;S;771051
Key Up;D;771243
Key Down;Q;772059
Key Up;S;772722
Key Up;Q;773642
Key Down;Q;774546
Key Up;Q;775194
Key Down;A;775394
Key Up;A;775450
Key Down;Q;775626
Key Down;Z;776498
Key Up;Q;776898
Key Down;D;777043
Key Up;D;777218
Key Down;Q;777491
Key Up;Q;777546
Key Up;Z;779875
Key Down;Z;780866
Key Down;D;781386
Key Up;D;781643
Key Up;Z;781810
Key Down;A;782082
Key Up;A;782155
Key Down;D;782618
Key Up;D;782715
Key Down;D;783138
Key Up;D;783186
Key Down;D;783322
Key Up;D;783643
Key Down;D;783923
Key Down;A;784978
Key Up;A;785074
Key Up;D;785242
Key Down;S;785506
Key Up;S;786075
Key Down;Z;786490
Key Down;D;786754
Key Up;Z;787075
Key Up;D;787602
Key Down;A;787635
Key Up;A;787730
Key Down;S;787946
Key Up;S;788234
Key Down;Q;788330
Key Up;Q;788458
Key Down;Q;788787
Key Down;Z;789674
Key Up;Z;789795
Key Up;Q;790243
Key Down;A;790378
Key Up;A;790466
Key Down;Q;791155
Key Down;S;791243
Key Up;Q;791978
Key Up;S;793563
Key Down;A;793579
Key Up;A;793698
Key Down;Tab;795003
Key Up;Tab;795907
Key Down;Z;796106
Key Down;A;796866
Key Up;A;796986
Key Down;Q;797210
Key Up;Q;797362
Key Down;Q;798218
Key Up;Z;798234
Key Down;S;798754
Key Up;S;798834
Key Down;Z;799666
Key Up;Q;799866
Key Down;D;801322
Key Up;Z;801443
Key Down;Z;802442
Key Up;Z;802530
Key Up;D;802619
Key Down;Q;802723
Key Up;Q;803138
Key Down;S;803402
Key Up;S;803603
Key Down;A;803930
Key Up;A;804050
Key Down;A;806586
Key Up;A;806698
Key Down;Z;809266
Key Down;D;809290
Key Up;Z;809882
Key Up;D;809898
Key Down;D;810026
Key Up;D;810098
Key Down;Z;810178
Key Down;D;810330
Key Up;D;811339
Key Down;Q;811771
Key Up;Q;812562
Key Down;Q;812602
Key Up;Z;812762
Key Down;S;812946
Key Up;S;813019
Key Down;Z;813139
Key Up;Z;813506
Key Down;S;813626
Key Up;Q;813715
Key Down;Q;813962
Key Up;Q;814114
Key Down;D;814282
Key Up;D;814619
Key Down;Q;814682
Key Up;Q;814834
Key Down;D;814875
Key Up;S;815226
Key Down;Z;815434
Key Up;Z;815786
Key Down;S;816626
Key Up;D;816739
Key Up;S;816914
Key Down;D;816923
Key Down;Z;817066
Key Up;D;817306
Key Down;A;817386
Key Up;A;817458
Key Down;D;817634
Key Up;D;817931
Key Down;Q;818314
Key Up;Z;818866
Key Down;S;819554
Key Up;Q;819994
Key Down;Q;820074
Key Up;Q;821507
Key Down;D;822098
Key Up;S;822739
Key Down;Z;824394
Key Up;D;824754
Key Down;Q;824818
Key Up;Q;824930
Key Down;Q;825562
Key Up;Z;826378
Key Up;Q;827442
Key Down;S;827514
Key Up;S;827882
Key Down;Z;828050
Key Up;Z;828482
Key Down;A;828650
Key Up;A;828754
Key Down;D;830170
Key Down;Z;830290
Key Up;D;830746
Key Up;Z;832546
Key Down;D;833634
Key Down;Z;834746
Key Up;Z;835130
Key Down;S;835635
Key Up;S;835730
Key Down;Z;836906
Key Up;Z;837130
Key Down;Z;837370
Key Up;D;837482
Key Down;A;837778
Key Up;A;837874
Key Down;D;837938
Key Up;Z;838130
Key Down;S;838554
Key Up;S;838986
Key Down;Z;839266
Key Up;D;839562
Key Down;D;839898
Key Up;Z;840186
Key Down;Z;842298
Key Up;D;842306
Key Down;Q;842346
Key Up;Q;842458
Key Up;Z;842538
Key Down;Z;842666
Key Down;D;842674
Key Up;Z;843513
Key Down;S;844530
Key Up;D;845082
Key Down;A;845218
Key Up;A;845306
Key Down;Q;845650
Key Up;S;846890
Key Down;Z;847722
Key Up;Q;848538
Key Up;Z;849466
Key Down;Z;850338
Key Down;D;850394
Key Up;Z;850778
Key Down;S;851154
Key Up;S;851282
Key Up;D;852098
Key Down;A;852818
Key Up;A;852914
Key Down;Q;853482
Key Down;S;853858
Key Up;Q;853874
Key Down;Q;854530
Key Up;S;854538
Key Down;Z;854778
Key Up;Z;854994
Key Up;Q;855122
Key Down;Q;855298
Key Down;Z;855465
Key Up;Z;855546
Key Up;Q;857146
Key Down;Tab;857386
Key Up;Tab;858850
Key Down;S;859506
Key Down;Q;861130
Key Up;Q;862530
Key Down;Q;863017
Key Up;Q;863154
Key Down;D;863834
Key Up;D;863930
Key Down;D;865706
Key Up;S;865922
Key Down;Z;866690
Key Down;Q;866706
Key Up;D;866850
Key Up;Q;866977
Key Down;D;867050
Key Up;D;867498
Key Down;Q;867514
Key Up;Z;867522
Key Up;Q;867674
Key Down;S;867762
Key Down;Q;867962
Key Up;Q;868218
Key Down;D;869081
Key Up;S;869106
Key Down;Z;869282
Key Up;D;869322
Key Down;D;869626
Key Up;Z;869642
Key Up;D;869986
Key Down;A;870025
Key Up;A;870121
Key Down;Q;870313
Key Down;S;870466
Key Up;S;870722
Key Down;Z;870954
Key Up;Z;871138
Key Down;Z;871498
Key Up;Z;871761
Key Down;S;872258
Key Up;S;872322
Key Down;S;873914
Key Up;S;874226
Key Down;D;874514
Key Up;Q;874553
Key Down;Z;875442
Key Up;D;875521
Key Down;A;875529
Key Up;A;875642
Key Up;Z;875906
Key Down;Q;875914
Key Down;S;876114
Key Up;S;876874
Key Down;D;877226
Key Down;Z;877306
Key Up;Q;877337
Key Up;Z;877361
Key Down;A;877770
Key Down;Z;877906
Key Up;A;877938
Key Up;D;877954
Key Down;D;878378
Key Up;D;878514
Key Down;Q;879962
Key Up;Q;880114
Key Down;D;880370
Key Up;D;880834
Key Down;A;881122
Key Up;A;881226
Key Down;Q;882801
Key Up;Z;883122
Key Down;S;883634
Key Up;S;884202
Key Down;Z;884449
Key Up;Z;884562
Key Down;Z;885882
Key Up;Q;885970
Key Down;Q;886106
Key Up;Z;886618
Key Up;Q;886874
Key Down;A;887010
Key Up;A;887106
Key Down;Q;887258
Key Up;Q;887458
Key Down;S;887498
Key Up;S;887674
Key Down;A;887906
Key Up;A;888009
Key Down;D;889698
Key Down;Z;891081
Key Up;Z;891258
Key Up;D;892098
Key Down;D;892994
Key Down;Z;893065
Key Up;Z;893209
Key Up;D;893289
Key Down;Q;893873
Key Up;Q;893954
Key Down;Q;894338
Key Down;Z;894426
Key Up;Z;894657
Key Down;S;895497
Key Up;Q;895538
Key Down;Q;895713
Key Up;S;895785
Key Up;Q;897258
Key Down;Q;898345
Key Up;Q;898474
Key Down;Q;899090
Key Up;Q;899201
Key Down;D;899369
Key Down;Z;899514
Key Up;Z;899674
Key Up;D;899738
Key Down;Q;899930
Key Up;Q;900114
Key Down;A;901858
Key Up;A;901954
Key Down;Z;902674
Key Up;Z;902857
Key Down;D;902866
Key Down;S;903098
Key Up;S;903426
Key Down;A;904514
Key Up;A;904586
Key Down;S;904898
Key Up;D;904906
Key Down;Q;905250
Key Up;Q;905402
Key Down;D;905634
Key Up;D;905817
Key Down;D;906442
Key Up;D;906585
Key Down;D;906986
Key Up;D;907586
Key Down;D;907866
Key Up;S;907954
Key Down;Z;908074
Key Up;Z;908642
Key Down;S;908810
Key Down;A;909074
Key Up;D;909129
Key Up;A;909178
Key Down;Q;909698
Key Up;S;909738
Key Up;Q;909874
Key Down;Z;910673
Key Down;Q;911090
Key Up;Z;911442
Key Up;Q;911482
Key Down;D;911514
Key Down;Z;911882
Key Up;D;912066
Key Down;A;912218
Key Up;A;912338
Key Up;Z;912505
Key Down;Q;912513
Key Down;S;912706
Key Up;Q;912754
Key Down;D;913306
Key Up;D;913458
Key Up;S;913554
Key Down;Q;913562
Key Up;Q;913618
Key Down;Z;913817
Key Down;Q;913841
Key Up;Z;914105
Key Down;S;914354
Key Up;S;914601
Key Down;S;915129
Key Up;S;915530
Key Down;S;915954
Key Up;S;916025
Key Up;Q;916033
Key Down;Q;917442
Key Up;Q;917746
Key Down;A;917882
Key Up;A;918002
Key Down;Z;920890
Key Down;Q;921137
Key Up;Z;921394
Key Down;S;921818
Key Up;Q;922234
Key Down;A;922521
Key Up;A;922634
Key Down;Q;922818
Key Up;S;922858
Key Down;S;923265
Key Up;S;923393
Key Down;S;924898
Key Up;Q;925009
Key Up;S;925074
Key Down;Z;925242
Key Up;Z;925337
Key Down;D;925730
Key Down;Z;925794
Key Up;D;926194
Key Down;Q;926362
Key Up;Z;926402
Key Up;Q;926450
Key Down;D;926457
Key Down;Z;926634
Key Up;Z;926770
Key Down;S;926882
Key Up;D;926890
Key Down;Q;927106
Key Up;Q;927234
Key Down;Q;927970
Key Up;Q;928170
Key Down;Q;928490
Key Up;Q;928609
Key Up;S;928850
Key Down;Z;929050
Key Down;Q;929194
Key Up;Z;929537
Key Up;Q;929713
Key Down;S;930818
Key Down;D;930857
Key Up;D;931313
Key Down;D;932090
Key Up;D;932209
Key Down;Q;932498
Key Up;S;933218
Key Down;Z;933865
Key Up;Q;934178
Key Down;Q;934345
Key Up;Z;934706
Key Down;S;935153
Key Up;S;935433
Key Up;Q;935473
Key Down;Q;936313
Key Down;S;936561
Key Up;S;936737
Key Up;Q;937082
Key Down;A;937673
Key Up;A;937778
Key Down;D;938458
Key Up;D;938729
Key Down;Q;939482
Key Down;S;939601
Key Up;Q;939610
Key Down;D;939977
Key Up;D;940106
Key Down;D;941082
Key Up;S;941138
Key Down;A;941586
Key Up;A;941681
Key Down;Z;941873
Key Up;Z;942002
Key Up;D;942290
Key Down;D;942585
Key Down;S;942882
Key Up;S;943226
Key Down;Z;943490
Key Up;Z;943665
Key Down;A;944130
Key Up;A;944210
Key Up;D;944818
Key Down;A;945842
Key Up;A;945938
Key Down;S;946129
Key Down;Q;946353
Key Up;Q;946545
Key Down;Q;947025
Key Up;S;947825
Key Up;Q;948282
Key Down;A;948409
Key Up;A;948522
Key Down;Z;950433
Key Down;D;950441
Key Up;D;950881
Key Down;D;951105
Key Up;Z;951562
Key Down;Z;951881
Key Up;Z;952009
Key Down;A;952658
Key Up;A;952762
Key Up;D;953730
Key Down;Tab;954681
Key Up;Tab;955242
Key Down;Z;955434
Key Down;Q;955529
Key Up;Q;955730
Key Down;D;955849
Key Up;D;956082
Key Up;Z;957121
Key Down;Tab;957130
Key Up;Tab;957857
Key Down;Z;957874
Key Down;D;958217
Key Up;Z;958818
Key Down;Z;959618
Key Up;Z;959849
Key Down;Z;961305
Key Up;Z;961762
Key Down;Z;962113
Key Up;Z;962241
Key Down;Z;963834
Key Up;D;964146
Key Up;Z;965034
Key Down;Tab;965506
Key Up;Tab;967970
Key Down;Z;968777
Key Down;Q;968873
Key Up;Z;970177
Key Down;Z;970474
Key Up;Q;971201
Key Down;Q;971586
Key Up;Z;971865
Key Down;Z;972217
Key Up;Z;972345
Key Down;Z;972577
Key Up;Q;972770
Key Down;A;973002
Key Up;A;973113
Key Down;D;973314
Key Up;D;973426
Key Up;Z;973738
Key Down;Z;974225
Key Up;Z;974569
Key Down;Q;974889
Key Down;Z;975009
Key Up;Q;975329
Key Up;Z;975762
Key Down;Z;976034
Key Up;D;976482
Key Down;D;976697
Key Up;D;976890
Key Up;Z;977025
Key Down;D;977505
Key Down;Z;977593
Key Up;D;977697
Key Down;Q;978146
Key Up;Q;978626
Key Down;A;978778
Key Up;Z;978809
Key Up;A;978866
Key Down;Q;979017
Key Down;Z;979250
Key Up;Z;979418
Key Down;S;979794
Key Up;Q;981313
Key Down;A;981506
Key Up;A;981626
Key Up;S;981666
Key Down;D;981674
Key Down;Z;981929
Key Up;Z;982313
Key Down;S;982897
Key Up;S;983193
Key Up;D;983745
Key Down;Q;983874
Key Down;Z;984065
Key Up;Q;984098
Key Up;Z;984234
Key Down;Q;984409
Key Down;Z;985313
Key Up;Q;985401
Key Up;Z;985490
Key Down;A;985609
Key Up;A;985713
Key Down;Q;986906
Key Down;Z;987025
Key Up;Q;987050
Key Down;D;987185
Key Up;Z;987377
Key Up;D;987409
Key Down;D;987985
Key Down;S;988113
Key Up;S;988521
Key Down;S;988722
Key Up;D;989042
Key Down;Q;989137
Key Up;S;989497
Key Down;S;989809
Key Up;Q;990753
Key Down;A;990922
Key Up;A;991042
Key Down;Q;991986
Key Up;S;992609
Key Down;Z;992938
Key Up;Q;993058
Key Up;Z;993145
Key Down;E;998705
Key Up;E;998793
Key Down;S;999505
Key Down;D;999954
Key Up;S;1000249
Key Up;D;1000529
Key Down;Z;1000602
Key Up;Z;1000658
Key Down;S;1000929
Key Up;S;1001177
Key Down;Z;1001313
Key Down;D;1002105
Key Up;D;1002481
Key Down;Tab;1002513
Key Up;Z;1002545
Key Up;Tab;1006577
Key Down;Z;1007586
Key Up;Z;1008569
Key Down;E;1008650
Key Up;E;1008777
Key Down;S;1010250
Key Up;S;1010313
Key Down;E;1012441
Key Up;E;1012577
Key Down;Q;1012881
Key Down;Z;1013050
Key Up;Q;1013121
Key Down;A;1013490
Key Up;A;1013602
Key Down;D;1013642
Key Up;D;1013938
Key Up;Z;1014329
Key Down;Z;1014642
Key Up;Z;1015041
Key Down;A;1015233
Key Up;A;1015434
Key Down;Z;1015841
Key Down;D;1015881
Key Up;Z;1016209
Key Down;Z;1016881
Key Up;Z;1017394
Key Down;S;1017729
Key Up;S;1017874
Key Up;D;1018561
Key Down;Q;1018602
Key Up;Q;1018698
Key Down;D;1018738
Key Down;Z;1018961
Key Up;D;1019226
Key Up;Z;1019634
Key Down;D;1019658
Key Up;D;1019842
Key Down;Z;1019882
Key Up;Z;1019994
Key Down;S;1020169
Key Down;D;1020225
Key Up;D;1020266
Key Down;D;1020426
Key Up;S;1020554
Key Down;Z;1022745
Key Up;D;1022937
Key Down;D;1023313
Key Up;D;1023474
Key Down;D;1024410
Key Up;Z;1024553
Key Up;D;1024761
Key Down;D;1025826
Key Down;Z;1026025
Key Up;Z;1026145
Key Up;D;1027274
Key Down;D;1036577
Key Down;Z;1037713
Key Up;Z;1038169
Key Down;Z;1038553
Key Up;Z;1038713
Key Down;S;1039049
Key Up;D;1039193
Key Down;D;1039297
Key Up;D;1039682
Key Down;D;1039802
Key Up;S;1039994
Key Up;D;1040113
Key Down;Q;1040425
Key Down;Z;1040649
Key Up;Z;1040753
Key Down;Z;1041218
Key Up;Z;1041409
Key Up;Q;1041785
Key Down;Z;1042121
Key Down;Q;1042345
Key Up;Q;1042490
Key Up;Z;1042498
Key Down;S;1042666
Key Down;Q;1042801
Key Up;S;1042809
Key Up;Q;1042905
Key Down;Z;1043201
Key Down;Q;1043321
Key Up;Z;1043401
Key Up;Q;1043409
Key Down;S;1043665
Key Up;S;1043777
Key Down;Q;1043986
Key Down;Z;1044201
Key Up;Q;1044321
Key Up;Z;1044361
Key Down;S;1044545
Key Down;D;1044553
Key Up;S;1044665
Key Down;S;1044993
Key Up;D;1045569
Key Down;D;1045817
Key Up;S;1047153
Key Down;Z;1048273
Key Up;Z;1048553
Key Down;Z;1048633
Key Up;D;1049921
Key Down;Q;1050721
Key Up;Q;1051249
Key Down;D;1051353
Key Up;Z;1051433
Key Up;D;1051449
Key Down;S;1051577
Key Down;Q;1051593
Key Up;Q;1051722
Key Down;D;1051897
Key Up;S;1052265
Key Down;S;1052769
Key Up;D;1053393
Key Down;D;1054481
Key Up;D;1054569
Key Up;S;1054666
Key Down;Z;1054866
Key Down;D;1054945
Key Up;D;1055465
Key Down;Q;1056225
Key Up;Z;1057457
Key Down;S;1058105
Key Up;Q;1059369
Key Up;S;1059513
Key Down;Q;1059913
Key Down;S;1060002
Key Up;Q;1060153
Key Up;S;1060290
Key Down;Q;1060314
Key Down;S;1060481
Key Up;S;1060609
Key Down;S;1061233
Key Up;Q;1061281
Key Down;Q;1061689
Key Up;S;1061770
Key Up;Q;1062073
Key Down;D;1062081
Key Down;Q;1062225
Key Up;D;1062257
Key Up;Q;1062353
Key Down;Q;1063289
Key Down;Z;1063346
Key Up;Q;1063394
Key Up;Z;1063553
Key Down;Q;1063658
Key Down;Z;1063945
Key Up;Q;1064177
Key Up;Z;1064457
Key Down;Z;1065018
Key Up;Z;1065394
Key Down;S;1065529
Key Up;S;1065729
Key Down;Z;1065849
Key Up;Z;1066250
Key Down;S;1066345
Key Up;S;1066609
Key Down;Z;1066737
Key Up;Z;1066857
Key Down;Q;1066866
Key Down;Z;1067113
Key Up;Z;1067425
Key Down;D;1067489
Key Up;Q;1067497
Key Down;S;1067633
Key Up;S;1067769
Key Down;S;1068025
Key Up;D;1068073
Key Down;Q;1068169
Key Up;Q;1069434
Key Down;D;1069705
Key Up;D;1069945
Key Down;Q;1069985
Key Up;S;1070042
Key Down;Z;1070233
Key Up;Q;1070529
Key Up;Z;1070658
Key Down;Q;1071257
Key Up;Q;1071393
Key Down;Z;1071561
Key Down;Q;1071665
Key Up;Q;1071833
Key Down;D;1072169
Key Up;D;1072393
Key Down;D;1072642
Key Up;D;1073002
Key Down;D;1073225
Key Up;Z;1073481
Key Down;NumPad 3;1073566
Key Up;NumPad 3;1073688
Key Down;Z;1074113
Key Up;Z;1074449
Key Down;S;1075145
Key Up;S;1075985
Key Down;S;1076257
Key Up;S;1077106
Key Down;S;1077425
Key Down;Q;1078273
Key Up;Q;1078337
Key Up;S;1078345
Key Up;D;1078385
Key Down;Z;1078497
Key Down;Q;1078674
Key Up;Z;1079106
Key Down;D;1079258
Key Up;Q;1079313
Key Down;Q;1079513
Key Up;D;1079553
Key Down;Z;1079721
Key Up;Q;1079769
Key Down;D;1079858
Key Up;Z;1079929
Key Down;Z;1080801
Key Up;D;1081497
Key Up;Z;1081569
Key Down;S;1081793
Key Down;Q;1082513
Key Up;Q;1083065
Key Down;D;1083113
Key Up;S;1083185
Key Down;NumPad 3;1083264
Key Up;D;1083354
Key Up;NumPad 3;1083396
Key Down;Z;1083553
Key Down;D;1083609
Key Up;Z;1083714
Key Up;D;1083785
Key Down;Q;1083817
Key Down;Z;1083841
Key Up;Z;1084121
Key Up;Q;1084129
Key Down;Q;1084369
Key Down;S;1084433
Key Up;Q;1084993
Key Up;S;1085033
Key Down;D;1085249
Key Up;D;1085425
Key Down;Q;1085793
Key Up;Q;1086009
Key Down;D;1086129
Key Down;Z;1086241
Key Up;D;1086273
Key Up;Z;1086369
Key Down;Q;1086633
Key Down;Z;1086809
Key Up;Z;1087249
Key Down;Z;1088065
Key Up;Z;1088273
Key Down;Z;1088713
Key Up;Z;1088793
Key Down;Z;1089057
Key Up;Z;1089113
Key Down;Z;1089593
Key Up;Z;1089729
Key Down;Z;1089785
Key Up;Q;1090001
Key Up;Z;1090169
Key Down;Q;1090586
Key Up;Q;1091009
Key Down;Q;1091425
Key Down;Z;1091489
Key Up;Z;1091649
Key Up;Q;1091665
Key Down;NumPad 3;1091911
Key Down;S;1092001
Key Up;NumPad 3;1092032
Key Down;Q;1092081
Key Up;Q;1092281
Key Down;D;1092385
Key Up;S;1092393
Key Down;S;1092657
Key Up;S;1093817
Key Up;D;1095825
Key Down;Z;1100145
Key Up;Z;1100401
Key Down;Q;1100665
Key Down;S;1101225
Key Up;S;1101249
Key Up;Q;1101409
Key Down;D;1101425
Key Down;Z;1101569
Key Up;D;1102105
Key Up;Z;1102417
Key Down;Q;1102457
Key Up;Q;1102497
Key Down;D;1102601
Key Down;S;1102657
Key Up;S;1102897
Key Down;Z;1103129
Key Up;D;1103281
Key Up;Z;1103441
Key Down;Q;1104025
Key Up;Q;1104073
Key Down;Q;1104921
Key Up;Q;1105049
Key Down;E;1105425
Key Up;E;1105457
Key Down;S;1105761
Key Down;Q;1105905
Key Up;S;1105945
Key Down;Z;1106097
Key Up;Q;1106185
Key Up;Z;1106249
Key Down;E;1106401
Key Up;E;1106505
Key Down;Q;1107104
Key Down;Z;1107273
Key Up;Q;1107393
Key Up;Z;1107465
Key Down;E;1107529
Key Up;E;1107641
Key Down;Z;1108009
Key Up;Z;1108105
Key Down;E;1108161
Key Up;E;1108249
Key Down;Tab;1110145
Key Up;Tab;1110625
Key Down;Tab;1110849
Key Up;Tab;1110953
Key Down;R;1111825
Key Up;R;1111897
Key Down;Echap;1135905
Key Up;Echap;1136017
Key Down;Echap;1136520
Key Up;Echap;1136617
Key Down;Echap;1137193
Key Up;Echap;1137288
Key Down;Z;1137753
Key Down;D;1137944
Key Up;D;1138104
Key Down;D;1138321
Key Up;D;1138505
Key Up;Z;1138657
Key Down;Z;1141313
Key Up;Z;1142609
Key Down;Z;1146993
Key Up;Z;1147617
Key Down;S;1160185
Key Up;S;1160657
Key Down;Z;1163049
Key Up;Z;1163425
Key Down;S;1163905
Key Up;S;1164648
Key Down;Q;1164721
Key Up;Q;1165048
Key Down;D;1165241
Key Down;Z;1165473
Key Up;D;1165697
Key Up;Z;1166456
Key Down;S;1169585
Key Down;Q;1170009
Key Up;S;1170305
Key Down;S;1170353
Key Up;S;1170409
Key Up;Q;1170433
Key Down;E;1170913
Key Up;E;1171017
Key Down;D;1179761
Key Down;Z;1179961
Key Up;D;1180057
Key Up;Z;1180673
Key Down;E;1180809
Key Up;E;1180937
Key Down;Q;1181673
Key Down;Z;1181825
Key Up;Q;1182593
Key Down;D;1183344
Key Up;Z;1183512
Key Up;D;1183545
Key Down;A;1183656
Key Up;A;1183777
Key Down;Z;1184096
Key Down;Q;1185113
Key Up;Z;1185673
Key Down;S;1186097
Key Up;S;1186233
Key Up;Q;1188560
Key Down;D;1188720
Key Down;Z;1188856
Key Up;D;1188905
Key Up;Z;1189009
Key Down;Z;1189352
Key Down;Q;1189360
Key Up;Q;1189761
Key Up;Z;1189953
Key Down;Z;1190536
Key Up;Z;1190848
Key Down;Z;1191265
Key Up;Z;1191425
Key Down;Z;1191728
Key Up;Z;1192201
Key Down;A;1192321
Key Up;A;1192417
Key Down;Z;1192953
Key Down;D;1193185
Key Up;D;1193289
Key Up;Z;1193353
Key Down;Q;1193841
Key Down;Z;1193912
Key Up;Q;1194025
Key Up;Z;1194192
Key Down;S;1194960
Key Down;D;1195473
Key Up;S;1195585
Key Up;D;1195648
Key Down;A;1195689
Key Up;A;1195808
Key Down;Z;1195849
Key Down;D;1196449
Key Up;D;1196528
Key Down;Q;1196625
Key Up;Q;1196816
Key Down;D;1196912
Key Up;Z;1197969
Key Down;S;1200401
Key Up;D;1200616
Key Down;Q;1201337
Key Up;Q;1201432
Key Down;Q;1201944
Key Up;Q;1202016
Key Down;A;1202433
Key Up;A;1202521
Key Down;D;1202753
Key Up;D;1202912
Key Down;Q;1203800
Key Up;S;1204088
Key Down;D;1204480
Key Up;Q;1204488
Key Down;A;1205184
Key Up;D;1205240
Key Up;A;1205273
Key Down;S;1205385
Key Down;Q;1205553
Key Up;S;1205592
Key Up;Q;1206096
Key Down;A;1206256
Key Up;A;1206329
Key Down;Q;1206592
Key Down;Z;1208073
Key Up;Q;1208305
Key Down;Q;1212033
Key Up;Z;1212185
Key Down;Z;1212321
Key Up;Z;1212433
Key Down;S;1212673
Key Up;Q;1212705
Key Up;S;1212761
Key Down;D;1213601
Key Down;S;1213952
Key Up;S;1214096
Key Up;D;1214184
Key Down;Q;1214673
Key Up;Q;1214793
Key Down;Z;1215081
Key Up;Z;1215416
Key Down;D;1215432
Key Down;Z;1215528
Key Up;Z;1215880
Key Up;D;1215969
Key Down;Q;1216048
Key Up;Q;1216241
Key Down;Q;1216456
Key Down;S;1216632
Key Up;Q;1216857
Key Up;S;1216944
Key Down;D;1217385
Key Down;Z;1217456
Key Up;Z;1217817
Key Up;D;1217881
Key Down;Q;1219264
Key Up;Q;1219417
Key Down;S;1219632
Key Down;Q;1219737
Key Up;S;1220008
Key Up;Q;1220184
Key Down;A;1220328
Key Up;A;1220425
Key Down;D;1220928
Key Down;Z;1221041
Key Up;Z;1221497
Key Up;D;1221577
Key Down;Q;1221905
Key Up;Q;1222025
Key Down;Q;1222472
Key Up;Q;1222689
Key Down;Q;1222761
Key Down;Z;1222817
Key Up;Q;1222905
Key Up;Z;1223296
Key Down;D;1223552
Key Up;D;1223696
Key Down;S;1224064
Key Up;S;1224144
Key Down;A;1224224
Key Up;A;1224321
Key Down;D;1224345
Key Down;S;1224529
Key Up;S;1226896
Key Down;Z;1227177
Key Up;D;1227289
Key Up;Z;1227328
Key Down;Q;1227360
Key Down;Z;1227625
Key Up;Q;1227800
Key Down;D;1227856
Key Down;A;1228176
Key Up;A;1228305
Key Up;Z;1228808
Key Down;S;1229073
Key Up;D;1229265
Key Down;D;1229537
Key Up;S;1229592
Key Down;S;1230120
Key Up;S;1230544
Key Up;D;1231921
Key Down;D;1231976
Key Down;Z;1232272
Key Up;Z;1232352
Key Up;D;1233689
Key Down;D;1234057
Key Down;S;1234176
Key Up;S;1234409
Key Down;Z;1234649
Key Up;D;1234736
Key Up;Z;1234905
Key Down;A;1234928
Key Up;A;1235024
Key Down;D;1236248
Key Down;Z;1236336
Key Up;D;1236497
Key Down;D;1236937
Key Up;D;1236977
Key Down;D;1237609
Key Up;D;1238032
Key Down;A;1238273
Key Up;A;1238369
Key Down;Q;1238816
Key Up;Z;1239481
Key Up;Q;1239785
Key Down;Q;1240113
Key Down;Z;1240377
Key Up;Z;1240521
Key Down;Z;1240673
Key Up;Q;1240864
Key Down;D;1240905
Key Up;Z;1240969
Key Up;D;1240976
Key Down;Q;1241105
Key Down;S;1241305
Key Up;S;1241401
Key Up;Q;1241408
Key Down;Q;1241569
Key Down;S;1241624
Key Up;Q;1241689
Key Up;S;1241712
Key Down;Q;1241921
Key Up;Q;1242064
Key Down;S;1242385
Key Up;S;1242569
Key Down;Q;1242721
Key Up;Q;1243513
Key Down;A;1244201
Key Up;A;1244296
Key Down;D;1244544
Key Down;S;1244568
Key Up;S;1244953
Key Up;D;1245121
Key Down;S;1245264
Key Up;S;1245361
Key Down;S;1245648
Key Up;S;1245689
Key Down;E;1245729
Key Up;E;1245841
Key Down;Q;1246112
Key Down;Z;1246168
Key Up;Q;1246217
Key Up;Z;1246273
Key Down;Q;1246776
Key Up;Q;1246848
Key Down;Z;1246872
Key Up;Z;1247017
Key Down;Q;1247536
Key Down;Z;1247737
Key Up;Z;1247864
Key Up;Q;1247993
Key Down;A;1248153
Key Up;A;1248257
Key Down;S;1248937
Key Down;D;1248944
Key Up;D;1249281
Key Up;S;1249328
Key Down;Z;1250329
Key Up;Z;1250433
Key Down;Q;1250777
Key Up;Q;1251201
Key Down;D;1251352
Key Up;D;1251360
Key Down;A;1251689
Key Up;A;1251768
Key Down;D;1251832
Key Up;D;1251944
Key Down;D;1252321
Key Up;D;1252456
Key Down;Q;1253048
Key Up;Q;1253192
Key Down;S;1253537
Key Up;S;1253624
Key Down;D;1254241
Key Up;D;1254360
Key Down;Q;1256296
Key Up;Q;1256457
Key Down;S;1256792
Key Up;S;1256857
Key Down;D;1258457
Key Down;Z;1259144
Key Up;D;1259201
Key Up;Z;1259257
Key Down;Echap;1259592
Key Up;Echap;1259705
