Event;Key;Time
Key Down;Q;15290
Key Down;Z;15451
Key Up;Z;16034
Key Down;Z;16466
Key Up;Z;16706
Key Up;Q;17050
Key Down;D;17066
Key Down;Z;17691
Key Up;D;17898
Key Up;Z;18066
Key Down;Z;19274
Key Up;Z;19370
Key Down;Z;19978
Key Down;D;20043
Key Up;Z;20067
Key Up;D;20322
Key Down;D;20338
Key Up;D;20458
Key Down;Q;20538
Key Down;S;20554
Key Up;Q;20723
Key Down;D;20930
Key Up;D;21234
Key Down;Q;21491
Key Up;S;21802
Key Down;S;22706
Key Up;Q;22915
Key Up;S;23258
Key Down;Q;23658
Key Down;Z;24138
Key Up;Q;24331
Key Up;Z;24634
Key Down;Q;24674
Key Down;Z;24763
Key Up;Q;24803
Key Up;Z;24931
Key Down;S;25227
Key Down;D;25634
Key Up;S;25866
Key Down;Z;26138
Key Up;D;26818
Key Down;Q;27626
Key Up;Z;27875
Key Down;Z;28394
Key Up;Q;28618
Key Down;D;28739
Key Up;Z;28842
Key Up;D;28962
Key Down;S;29050
Key Up;S;29450
Key Down;D;29490
Key Down;Z;29578
Key Up;Z;29826
Key Up;D;30506
Key Down;Q;30610
Key Down;S;30819
Key Up;Q;31058
Key Down;D;31202
Key Up;D;31451
Key Down;Q;32194
Key Up;S;32298
Key Up;Q;32578
Key Down;D;32594
Key Down;Z;32994
Key Up;D;33034
Key Up;Z;33138
Key Down;Q;33626
Key Down;Z;34050
Key Up;Q;34083
Key Up;Z;34163
Key Down;D;34178
Key Up;D;35346
Key Down;Q;35874
Key Down;Z;35930
Key Up;Q;36339
Key Down;Q;37082
Key Up;Z;37267
Key Down;S;37642
Key Up;S;38146
Key Down;Z;38290
Key Down;D;38307
Key Up;Q;38331
Key Up;Z;38410
Key Up;D;38418
Key Down;D;38666
Key Down;S;38722
Key Up;S;38803
Key Down;S;39154
Key Up;D;39186
Key Down;Q;39658
Key Up;S;39674
Key Down;Z;39922
Key Up;Q;41226
Key Down;D;41258
Key Up;Z;41322
Key Down;Z;41586
Key Up;D;41618
Key Up;Z;41706
Key Down;Q;41866
Key Up;Q;42010
Key Down;Z;42610
Key Down;Q;42866
Key Up;Z;43082
Key Up;Q;43210
Key Down;D;43563
Key Up;D;43970
Key Down;Q;44306
Key Up;Q;44498
Key Down;Q;44810
Key Down;S;44915
Key Up;Q;45050
Key Down;D;45466
Key Up;D;45930
Key Down;D;46138
Key Up;S;46146
Key Down;Z;46314
Key Up;D;46506
Key Down;Q;46707
Key Up;Z;47002
Key Up;Q;47842
Key Down;D;47922
Key Up;D;48018
Key Down;D;48426
Key Up;D;48890
Key Down;Q;49146
Key Down;S;50226
Key Up;Q;50354
Key Up;S;50362
Key Down;D;50818
Key Down;S;51538
Key Up;D;51866
Key Down;D;52226
Key Up;D;52386
Key Up;S;52858
Key Down;D;52890
Key Down;S;53778
Key Up;D;53826
Key Down;Q;54530
Key Up;S;54586
Key Down;Z;54850
Key Up;Q;54922
Key Down;Q;56042
Key Up;Z;56474
Key Down;Z;57298
Key Up;Z;57530
Key Up;Q;57562
Key Down;E;58874
Key Up;E;58962
Key Down;D;59282
Key Up;D;59530
Key Down;Q;59706
Key Up;Q;59858
Key Down;E;60162
Key Up;E;60226
Key Down;R;60834
Key Up;R;60914
Key Down;D;61242
Key Down;S;61498
Key Up;D;62130
Key Up;S;62626
Key Down;Q;63211
Key Down;Z;63322
Key Up;Q;63434
Key Down;D;63618
Key Up;Z;65818
Key Down;Z;66122
Key Up;D;66250
Key Down;Q;66578
Key Up;Z;66794
Key Down;Z;66954
Key Up;Z;67554
Key Down;S;67826
Key Up;S;68042
Key Down;Z;68274
Key Up;Q;68450
Key Down;Q;68674
Key Up;Z;68786
Key Down;S;69018
Key Up;Q;69138
Key Down;D;69594
Key Up;S;70905
Key Up;D;71018
Key Down;Q;71826
Key Up;Q;72427
Key Down;S;72434
Key Up;S;73074
Key Down;S;77962
Key Up;S;78402
Key Down;S;78970
Key Up;S;79378
Key Down;S;79777
Key Down;D;80138
Key Up;D;80298
Key Up;S;80458
Key Down;D;80722
Key Down;Z;80850
Key Up;D;81010
Key Down;Q;81314
Key Up;Z;81346
Key Up;Q;81418
Key Down;D;82026
Key Up;D;82106
Key Down;Q;83402
Key Down;S;83498
Key Up;Q;83714
Key Up;S;83786
Key Down;Q;85122
Key Down;S;85426
Key Up;Q;85466
Key Down;Q;85482
Key Up;Q;85618
Key Down;Q;85914
Key Up;S;85962
Key Down;S;86034
Key Up;Q;86241
Key Down;D;86626
Key Up;S;86698
Key Down;Z;87066
Key Up;D;87482
Key Down;Q;87554
Key Up;Z;87906
Key Up;Q;87929
Key Down;D;88338
Key Down;Z;88530
Key Up;D;88794
Key Up;Z;88898
Key Down;Q;89546
Key Down;S;89722
Key Up;Q;90794
Key Down;D;90802
Key Up;S;90930
Key Up;D;91018
Key Down;E;91178
Key Up;E;91250
Key Down;Q;91642
Key Up;Q;91714
Key Down;R;92066
Key Up;R;92130
Key Down;D;92434
Key Down;Z;92586
Key Up;D;92706
Key Up;Z;92714
Key Down;Q;93050
Key Down;Z;93138
Key Up;Z;93370
Key Up;Q;93426
Key Down;D;93610
Key Down;S;93714
Key Up;D;93818
Key Up;S;93930
Key Down;S;94538
Key Up;S;94634
Key Down;D;95346
Key Down;Z;95370
Key Up;D;95482
Key Up;Z;95546
Key Down;Q;96426
Key Up;Q;96778
Key Down;D;96842
Key Down;Q;97170
Key Up;D;97210
Key Down;Z;97218
Key Up;Z;97410
Key Up;Q;97578
Key Down;D;97994
Key Up;D;98154
Key Down;Q;98218
Key Down;Z;98402
Key Up;Z;98722
Key Down;S;100930
Key Up;S;101138
Key Up;Q;101242
Key Down;D;101330
Key Down;Z;101458
Key Up;Z;101826
Key Down;S;102050
Key Up;D;102377
Key Up;S;102449
Key Down;Z;102841
Key Down;Q;102986
Key Up;Z;103026
Key Down;S;103361
Key Up;Q;103554
Key Up;S;103690
Key Down;D;103874
Key Down;Z;104082
Key Up;D;104282
Key Up;Z;104410
Key Down;D;104570
Key Up;D;104834
Key Down;Q;105201
Key Down;S;105514
Key Up;Q;106242
Key Down;D;106906
Key Up;D;107073
Key Down;D;107538
Key Up;S;107650
Key Up;D;107810
Key Down;D;110514
Key Up;D;110946
Key Down;Q;111810
Key Up;Q;112018
Key Down;D;112418
Key Down;Z;113746
Key Up;Z;113906
Key Up;D;114042
Key Down;Q;114089
Key Down;Z;114818
Key Up;Q;114898
Key Up;Z;114986
Key Down;Z;115290
Key Up;Z;115426
Key Down;D;116346
Key Down;S;116882
Key Up;S;117097
Key Up;D;117394
Key Down;S;117578
Key Up;S;117874
Key Down;Q;118186
Key Down;Z;118266
Key Up;Q;118338
Key Down;Q;118370
Key Up;Z;118426
Key Down;Z;118705
Key Up;Q;118745
Key Down;D;118777
Key Up;Z;118922
Key Down;Z;119970
Key Up;Z;120162
Key Down;Z;120410
Key Up;Z;120586
Key Up;D;120634
Key Down;Q;121106
Key Down;S;121698
Key Up;Q;121730
Key Up;S;121898
Key Down;Q;122266
Key Up;Q;122322
Key Down;Z;122330
Key Down;D;122409
Key Up;Z;122794
Key Up;D;122810
Key Down;Q;122842
Key Down;Z;123762
Key Up;Q;124050
Key Down;Q;124474
Key Up;Q;124874
Key Up;Z;125642
Key Down;D;125658
Key Down;S;125938
Key Up;S;126162
Key Down;S;126450
Key Up;S;127314
Key Down;Z;127514
Key Up;D;128234
Key Up;Z;129802
Key Down;S;129986
Key Down;Q;130370
Key Up;Q;133457
Key Down;D;133737
Key Up;S;134522
Key Down;Z;135233
Key Up;Z;135865
Key Up;D;135873
Key Down;D;154577
Key Up;D;155002
Key Down;Q;155953
Key Up;Q;156098
Key Down;Q;156506
Key Up;Q;156897
Key Down;S;157282
Key Up;S;157417
Key Down;D;157441
Key Up;D;157489
Key Down;D;157674
Key Down;Z;157762
Key Up;D;157825
Key Up;Z;157873
Key Down;Q;158506
Key Up;Q;158642
Key Down;D;159386
Key Down;Z;159554
Key Up;Z;159634
Key Up;D;159754
Key Down;Q;160258
Key Up;Q;160530
Key Down;D;161946
Key Up;D;162082
Key Down;Q;164370
Key Up;Q;164521
Key Down;D;164722
Key Down;S;165090
Key Up;D;165194
Key Up;S;165250
Key Down;D;166026
Key Up;D;166610
Key Down;D;168074
Key Down;S;168297
Key Up;D;168353
Key Down;Q;168442
Key Up;Q;169265
Key Down;D;169394
Key Up;S;169466
Key Up;D;170946
Key Down;D;171257
Key Down;Z;171874
Key Up;D;172130
Key Up;Z;172337
Key Down;D;172458
Key Down;Z;172801
Key Up;D;172930
Key Down;Q;173393
Key Up;Z;173689
Key Up;Q;173753
Key Down;S;174105
Key Down;D;174170
Key Up;D;174258
Key Up;S;174274
Key Down;S;174649
Key Down;D;174681
Key Up;S;174737
Key Up;D;174802
Key Down;Z;174930
Key Up;Z;175145
Key Down;S;175849
Key Down;Q;176409
Key Up;S;176433
Key Down;S;176521
Key Up;S;176881
Key Down;S;177793
Key Down;D;177825
Key Up;Q;177849
Key Up;S;177930
Key Down;Z;178706
Key Up;Z;179082
Key Down;Z;179098
Key Up;D;179234
Key Up;Z;179601
Key Down;S;180169
Key Up;S;180209
Key Down;S;180553
Key Down;Q;180842
Key Up;S;181537
Key Up;Q;181802
Key Down;D;181826
Key Down;Z;182057
Key Up;D;182594
Key Down;Q;182881
Key Up;Q;183002
Key Down;D;183082
Key Up;D;183289
Key Down;Q;183697
Key Up;Q;183817
Key Down;D;183993
Key Up;D;184074
Key Down;Q;184546
Key Up;Z;185073
Key Up;Q;185097
Key Down;Q;185393
Key Up;Q;185466
Key Down;D;186121
Key Up;D;186241
Key Down;Q;186722
Key Up;Q;186818
Key Down;D;187634
Key Up;D;187754
Key Down;Q;187938
Key Up;Q;188089
Key Down;D;188370
Key Up;D;188625
Key Down;S;188858
Key Up;S;188946
Key Down;S;189354
Key Down;D;189449
Key Up;S;190042
Key Down;S;190657
Key Up;D;190946
Key Up;S;191097
Key Down;Z;191201
Key Down;Q;191690
Key Up;Z;191802
Key Down;S;192978
Key Up;S;193210
Key Down;S;193690
Key Up;Q;193850
Key Down;Q;193913
Key Up;Q;194473
Key Down;Q;194634
Key Up;Q;195049
Key Up;S;195362
Key Down;Q;195378
Key Up;Q;195594
Key Down;S;196305
Key Up;S;196681
Key Down;Q;196705
Key Up;Q;196753
Key Down;Z;197474
Key Up;Z;198161
Key Down;Z;198714
Key Up;Z;198929
Key Down;D;199746
Key Down;Z;199762
Key Up;D;199929
Key Up;Z;200042
Key Down;D;200346
Key Down;S;200809
Key Up;D;200833
Key Down;Q;201849
Key Up;Q;202090
Key Down;Q;202258
Key Up;S;202346
Key Up;Q;202465
Key Down;Q;202857
Key Down;Z;203042
Key Up;Q;203050
Key Up;Z;203185
Key Down;S;203801
Key Down;Q;203898
Key Up;Q;204065
Key Down;D;204274
Key Up;D;204401
Key Up;S;204578
Key Down;D;205498
Key Down;Z;205730
Key Up;D;205738
Key Up;Z;205953
Key Down;S;206170
Key Up;S;206313
Key Down;S;206658
Key Up;S;206761
Key Down;Q;207010
Key Down;Z;207090
Key Up;Q;207217
Key Down;D;207369
Key Up;Z;207385
Key Up;D;207497
Key Down;Q;207505
Key Up;Q;207642
Key Down;D;208705
Key Down;Z;208962
Key Up;Z;209090
Key Down;Z;210393
Key Up;D;210961
Key Down;D;211186
Key Up;D;211449
Key Down;Q;212106
Key Up;Q;212586
Key Down;Q;212713
Key Up;Z;212753
Key Down;Z;213178
Key Up;Q;213218
Key Up;Z;213385
Key Down;Z;213698
Key Down;D;213930
Key Up;Z;214137
Key Up;D;214281
Key Down;S;214474
Key Down;D;214729
Key Up;D;214913
Key Down;Q;214977
Key Up;S;215369
Key Down;Z;216242
Key Up;Z;216882
Key Down;S;217177
Key Up;S;217337
Key Up;Q;218298
Key Down;Z;218306
Key Down;D;218457
Key Up;Z;218746
Key Up;D;219081
Key Down;Q;219137
Key Up;Q;219290
Key Down;D;219386
Key Down;S;219593
Key Up;S;219978
Key Down;S;220241
Key Up;D;221122
Key Down;D;221529
Key Up;S;222122
Key Down;S;222209
Key Up;D;222442
Key Down;Q;222898
Key Up;S;223185
Key Down;Z;223450
Key Down;D;224394
Key Up;Q;224402
Key Up;D;224954
Key Up;Z;225322
Key Down;S;225497
Key Down;D;225585
Key Up;D;225778
Key Up;S;226146
Key Down;S;227265
Key Up;S;227449
Key Down;D;229097
Key Down;S;229161
Key Up;D;229690
Key Up;S;229697
Key Down;Z;229938
Key Down;Q;230097
Key Up;Z;230242
Key Up;Q;230409
Key Down;D;230417
Key Down;S;230553
Key Up;D;230577
Key Up;S;230706
Key Down;Q;232329
Key Down;Z;232361
Key Up;Z;232545
Key Up;Q;232769
Key Down;Q;234585
Key Up;Q;235009
Key Down;Q;236642
Key Down;Z;238057
Key Up;Q;238209
Key Down;D;238273
Key Up;Z;238281
Key Down;S;239977
Key Up;S;240993
Key Up;D;241210
Key Down;Q;243057
Key Up;Q;243218
Key Down;D;244186
Key Down;Z;244785
Key Up;D;245001
Key Down;D;245713
Key Up;D;246138
Key Down;Q;246265
Key Up;Z;246865
Key Up;Q;247369
Key Down;S;247393
Key Up;S;247553
Key Down;Q;248113
Key Up;Q;248354
Key Down;Q;248897
Key Down;Z;249218
Key Up;Q;250674
Key Down;Q;251106
Key Up;Z;251393
Key Down;Z;251497
Key Up;Q;251505
Key Down;D;251562
Key Up;Z;251650
Key Down;S;251889
Key Up;D;252129
Key Down;D;252817
Key Up;S;253929
Key Up;D;256322
Key Down;Q;256777
Key Up;Q;257009
Key Down;Q;257273
Key Up;Q;257441
Key Down;D;259809
Key Up;D;259985
Key Down;D;261282
Key Down;S;261770
Key Up;S;261905
Key Up;D;261969
Key Down;Q;262025
Key Up;Q;262186
Key Down;S;262394
Key Down;D;262585
Key Up;D;262761
Key Down;D;262937
Key Up;S;263001
Key Down;Z;263169
Key Up;D;263378
Key Down;Q;263521
Key Up;Z;264065
Key Down;S;264337
Key Up;S;266265
Key Down;S;266313
Key Up;S;266810
Key Down;Z;267201
Key Up;Q;268273
Key Down;D;268345
Key Up;D;269401
Key Down;Q;269425
Key Up;Z;269649
Key Up;Q;269690
Key Down;D;269770
Key Up;D;271201
Key Down;Q;272305
Key Up;Q;272666
Key Down;Q;272969
Key Down;S;273105
Key Up;S;273617
Key Up;Q;273898
Key Down;S;274562
Key Down;Q;274785
Key Up;S;275193
Key Up;Q;275481
Key Down;D;275825
Key Down;Z;275865
Key Up;Z;276082
Key Up;D;276098
Key Down;R;278497
Key Up;R;278577
Key Down;D;281362
Key Down;S;281945
Key Up;S;282426
Key Up;D;282465
Key Down;S;305474
Key Down;Q;305825
Key Up;S;306297
Key Up;Q;306321
Key Down;Z;306554
Key Down;Q;306745
Key Up;Z;306833
Key Up;Q;307361
Key Down;S;308881
Key Up;S;309057
Key Down;S;309105
Key Down;D;309905
Key Up;D;309993
Key Up;S;310705
Key Down;Z;311305
Key Down;Q;312113
Key Up;Z;312225
Key Up;Q;312673
Key Down;Q;313362
Key Down;Z;313473
Key Up;Z;314018
Key Up;Q;314058
Key Down;D;314937
Key Up;D;315041
Key Down;Q;315241
Key Up;Q;316497
Key Down;S;316801
Key Up;S;317545
Key Down;Z;318001
Key Down;Q;318233
Key Up;Q;318337
Key Up;Z;318641
Key Down;S;319753
Key Up;S;321169
Key Down;Z;321425
Key Up;Z;321754
Key Down;Q;322041
Key Up;Q;322145
Key Down;Z;322521
Key Down;Q;322553
Key Up;Z;322705
Key Up;Q;322841
Key Down;D;323473
Key Down;S;323969
Key Up;D;323993
Key Up;S;324105
Key Down;D;324425
Key Down;Z;324545
Key Up;D;324593
Key Up;Z;325217
Key Down;Q;325433
Key Down;Z;325617
Key Up;Q;325913
Key Up;Z;326025
Key Down;Z;326601
Key Up;Z;326769
Key Down;D;326833
Key Down;S;327145
Key Up;D;327153
Key Up;S;327281
Key Down;D;327705
Key Down;S;327713
Key Up;D;328105
Key Down;Q;328265
Key Up;S;328337
Key Up;Q;328473
Key Down;Z;328713
Key Down;D;328801
Key Up;Z;328937
Key Up;D;329153
Key Down;S;329169
Key Down;D;329337
Key Up;D;329633
Key Up;S;329849
Key Down;Q;329961
Key Up;Q;330121
Key Down;Q;331145
Key Up;Q;331433
Key Down;Q;331697
Key Down;Z;331793
Key Up;Q;331833
Key Up;Z;332129
Key Down;D;332137
Key Down;S;332297
Key Up;D;332329
Key Down;D;332553
Key Up;S;332657
Key Down;S;333121
Key Up;D;333281
Key Up;S;333385
Key Down;D;333617
Key Up;D;333681
Key Down;D;334009
Key Up;D;334137
Key Down;Z;334153
Key Up;Z;334257
Key Down;Z;335745
Key Up;Z;335889
Key Down;Q;336089
Key Up;Q;336129
Key Down;Z;336409
Key Up;Z;336577
Key Down;D;336593
Key Down;S;336905
Key Up;S;336913
Key Up;D;336960
Key Down;Z;337049
Key Up;Z;337345
Key Down;Q;337681
Key Up;Q;337873
Key Down;S;337961
Key Down;D;338456
Key Up;S;338545
Key Down;S;338809
Key Up;D;338929
Key Down;D;339033
Key Up;S;339089
Key Down;S;339561
Key Up;D;339601
Key Up;S;339681
Key Down;S;340033
Key Up;S;340137
Key Down;D;340569
Key Down;Z;340657
Key Up;D;340688
Key Up;Z;341225
Key Down;Z;341809
Key Up;Z;341889
Key Down;S;342105
Key Up;S;342434
Key Down;Z;342601
Key Down;Q;342825
Key Up;Z;342889
Key Down;S;343056
Key Up;Q;343073
Key Down;D;343233
Key Up;D;343497
Key Down;Q;343681
Key Up;S;343817
Key Down;S;344481
Key Up;Q;344585
Key Up;S;346233
Key Down;Z;346417
Key Up;Z;346505
Key Down;Z;346705
Key Up;Z;347168
Key Down;S;347481
Key Up;S;347705
Key Down;Z;347969
Key Up;Z;348825
Key Down;S;349009
Key Down;Q;350088
Key Up;Q;350297
Key Down;D;350481
Key Up;S;350529
Key Up;D;350625
Key Down;Q;351113
Key Up;Q;351345
Key Down;S;352897
Key Down;D;352921
Key Up;S;353513
Key Up;D;353545
Key Down;Q;353928
Key Up;Q;353985
Key Down;S;355137
Key Up;S;355265
Key Down;Z;355681
Key Down;Q;355825
Key Up;Q;356417
Key Down;D;357289
Key Up;D;357425
Key Down;Q;357545
Key Up;Q;357953
Key Down;Q;358600
Key Up;Z;359145
Key Up;Q;359185
Key Down;Q;359777
Key Down;Z;359912
Key Up;Z;360553
Key Up;Q;360625
Key Down;S;361665
Key Down;D;361817
Key Up;S;362225
Key Down;Z;362385
Key Up;D;362409
Key Down;Q;362473
Key Up;Q;362873
Key Down;Q;363872
Key Up;Q;364025
Key Up;Z;364265
Key Down;D;364273
Key Up;D;364369
Key Down;S;364465
Key Down;Q;364649
Key Up;S;365440
Key Down;S;365809
Key Up;Q;365857
Key Down;Q;366209
Key Up;S;366289
Key Up;Q;366337
Key Down;D;368672
Key Down;S;368809
Key Up;D;368881
Key Down;Q;369360
Key Up;S;369368
Key Up;Q;369625
Key Down;S;369929
Key Down;D;369937
Key Up;S;369945
Key Down;Z;370289
Key Up;D;370425
Key Up;Z;370553
Key Down;Q;370825
Key Down;S;370833
Key Up;S;371105
Key Down;Z;371417
Key Up;Q;371505
Key Up;Z;371593
Key Down;S;372193
Key Up;S;372385
Key Down;Z;372793
Key Up;Z;373473
Key Down;S;373664
Key Down;D;374809
Key Up;S;375393
Key Down;S;375617
Key Up;D;375665
Key Up;S;375913
Key Down;R;380985
Key Up;R;381033
Key Down;Z;381192
Key Up;Z;381665
Key Down;S;382913
Key Up;S;383297
Key Down;E;383561
Key Up;E;383641
Key Down;R;384201
Key Up;R;384273
Key Down;Z;384433
Key Down;D;384857
Key Up;D;386312
Key Down;D;386609
Key Up;Z;387161
Key Down;S;387785
Key Up;S;388145
Key Down;S;388841
Key Up;S;388992
Key Down;S;389313
Key Up;D;389449
Key Up;S;389993
Key Down;D;390088
Key Down;Z;390273
Key Up;D;390377
Key Up;Z;390537
Key Down;Q;390569
Key Down;S;390689
Key Up;Q;390713
Key Up;S;390872
Key Down;Z;391009
Key Down;D;391681
Key Up;D;391849
Key Down;D;392569
Key Up;Z;392649
Key Down;S;394049
Key Up;D;394081
Key Down;Q;394120
Key Up;S;394136
Key Down;S;394689
Key Up;Q;394761
Key Down;D;394968
Key Up;S;395337
Key Up;D;395513
Key Down;Q;395521
Key Down;Z;395849
Key Up;Q;396193
Key Down;D;396473
Key Up;Z;396785
Key Up;D;397273
Key Down;Q;397281
Key Down;S;398177
Key Up;S;398313
Key Down;S;399169
Key Up;Q;399217
Key Down;Q;401321
Key Up;S;401400
Key Down;S;402169
Key Up;Q;402601
Key Down;Q;403256
Key Up;Q;403344
Key Down;D;403545
Key Up;D;403920
Key Down;D;405025
Key Up;D;405313
Key Up;S;405345
Key Down;Q;405505
Key Down;Z;405520
Key Up;Q;405753
Key Down;Q;406049
Key Up;Q;406265
Key Down;Q;406944
Key Up;Q;407232
Key Down;Q;407289
Key Up;Q;407585
Key Down;Q;408193
Key Up;Z;408584
Key Down;Z;409137
Key Up;Q;409401
Key Down;Q;409721
Key Up;Z;410016
Key Down;Z;410896
Key Up;Q;411041
Key Up;Z;411392
Key Down;S;416217
Key Down;Q;416417
Key Up;S;416545
Key Up;Q;417232
Key Down;Z;417248
Key Up;Z;417313
Key Down;D;418672
Key Down;S;418753
Key Up;S;418897
Key Up;D;419392
Key Down;Q;420889
Key Up;Q;421385
Key Down;Q;421585
Key Down;Z;421672
Key Up;Z;421889
Key Up;Q;422072
Key Down;D;422088
Key Up;D;422281
Key Down;Q;422393
Key Up;Q;422473
Key Down;Q;423265
Key Up;Q;423785
Key Down;D;423928
Key Up;D;424817
Key Down;Q;425528
Key Up;Q;425576
Key Down;Q;426672
Key Up;Q;426905
Key Down;Q;428568
Key Up;Q;428696
Key Down;Q;428896
Key Up;Q;429144
Key Down;S;429737
Key Up;S;429825
Key Down;Q;430480
Key Down;S;430697
Key Up;Q;430985
Key Down;Q;431081
Key Up;Q;431384
Key Down;D;431424
Key Up;S;431448
Key Down;Z;431648
Key Up;D;432265
Key Up;Z;432697
Key Down;D;432880
Key Up;D;433080
Key Down;Q;433136
Key Down;S;433320
Key Up;S;433521
Key Up;Q;433569
Key Down;Z;434280
Key Down;D;434296
Key Up;Z;434480
Key Up;D;434728
Key Down;S;434985
Key Down;Q;435073
Key Up;S;435401
Key Down;S;435545
Key Up;S;435592
Key Down;S;435656
Key Up;S;435856
Key Down;S;436016
Key Up;S;436120
Key Down;Z;436393
Key Up;Q;436433
Key Up;Z;436553
Key Down;D;437048
Key Up;D;437344
Key Down;Z;437368
Key Up;Z;437456
Key Down;D;437512
Key Down;Z;437713
Key Up;Z;437913
Key Up;D;437993
Key Down;Q;438185
Key Down;S;438297
Key Up;Q;438480
Key Up;S;438497
Key Down;D;438512
Key Down;Z;438680
Key Up;D;438704
Key Up;Z;438712
Key Down;Z;438904
Key Down;D;439097
Key Up;Z;439513
Key Up;D;439521
Key Down;Q;439633
Key Down;S;439856
Key Up;Q;440016
Key Down;Q;440208
Key Up;S;440561
Key Up;Q;440713
Key Down;D;441161
Key Up;D;441304
Key Down;S;441472
Key Up;S;441560
Key Down;Q;441921
Key Down;S;442009
Key Up;S;442440
Key Down;Z;442752
Key Up;Z;443033
Key Down;Z;443369
Key Up;Z;443697
Key Down;Z;443872
Key Up;Q;444104
Key Down;D;444160
Key Up;Z;444224
Key Down;Z;444713
Key Up;D;444833
Key Up;Z;444945
Key Down;D;445352
Key Down;S;445384
Key Up;D;445408
Key Down;D;445512
Key Up;D;445576
Key Up;S;445768
Key Down;S;445913
Key Up;S;446025
Key Down;S;446129
Key Down;Q;446161
Key Up;Q;446505
Key Down;D;446816
Key Up;S;446992
Key Up;D;447000
Key Down;Z;447433
Key Up;Z;447689
Key Down;Z;447960
Key Down;D;448112
Key Up;D;448384
Key Up;Z;448641
Key Down;Q;448833
Key Down;S;448977
Key Up;Q;449216
Key Down;Q;449696
Key Up;S;450465
Key Up;Q;450936
Key Down;S;451481
Key Down;D;451705
Key Up;D;451913
Key Up;S;452008
Key Down;D;452489
Key Up;D;452881
Key Down;S;452889
Key Up;S;453096
Key Down;S;453352
Key Up;S;453520
Key Down;Q;454256
Key Down;Z;454392
Key Up;Q;454456
Key Down;Q;455233
Key Up;Q;455920
Key Down;D;456160
Key Up;Z;456545
Key Down;Z;457017
Key Up;D;458281
Key Down;Q;458289
Key Up;Q;458609
Key Down;D;458665
Key Up;Z;458760
Key Up;D;458784
Key Down;Q;460344
Key Down;S;460816
Key Up;S;461081
Key Up;Q;461145
Key Down;Q;461880
Key Down;Z;462144
Key Up;Q;462569
Key Up;Z;462593
Key Down;S;463624
Key Up;S;463808
Key Down;Z;464977
Key Down;Q;465112
Key Up;Q;465473
Key Up;Z;465817
Key Down;Q;465857
Key Up;Q;465993
Key Down;D;466200
Key Down;S;466321
Key Up;S;467120
Key Up;D;467128
Key Down;Q;467168
Key Up;Q;467505
Key Down;D;470200
Key Up;D;470337
Key Down;D;470752
Key Down;S;470993
Key Up;D;471497
Key Down;D;472192
Key Up;D;472529
Key Down;Q;473104
Key Up;Q;473297
Key Down;Q;473760
Key Up;Q;474168
Key Up;S;474624
Key Down;S;476520
Key Up;S;477000
Key Down;S;478064
Key Down;D;478137
Key Up;S;478544
Key Down;S;479040
Key Up;S;480080
Key Up;D;480449
Key Down;Q;481113
Key Up;Q;481305
Key Down;Q;481657
Key Up;Q;481904
Key Down;S;482032
Key Down;D;482120
Key Up;S;482681
Key Down;Z;482985
Key Up;D;483976
Key Down;Q;484568
Key Up;Q;484841
Key Down;Q;486593
Key Up;Q;487345
Key Down;D;487857
Key Up;D;488713
Key Down;Q;489321
Key Up;Q;490336
Key Up;Z;490840
Key Down;S;491304
Key Down;D;491400
Key Up;S;492433
Key Down;S;492849
Key Up;S;493728
Key Down;Z;494601
Key Up;Z;495088
Key Up;D;495976
Key Down;Q;495984
Key Down;S;496264
Key Up;S;496769
Key Down;S;496992
Key Up;S;497152
Key Down;S;498056
Key Up;Q;498225
Key Down;Q;498544
Key Up;S;499129
Key Down;S;499632
Key Up;Q;499721
Key Up;S;499880
Key Down;Q;500080
Key Down;S;500232
Key Up;Q;500257
Key Up;S;500432
Key Down;S;502720
Key Up;S;504616
Key Down;D;518416
Key Up;D;518648
Key Down;S;518897
Key Down;D;519688
Key Up;S;519720
Key Down;Z;519912
Key Up;D;520025
Key Up;Z;520137
Key Down;Z;520560
Key Up;Z;520672
Key Down;Q;520960
Key Up;Q;521360
Key Down;D;522096
Key Up;D;522137
Key Down;D;522320
Key Up;D;523241
Key Down;Z;523248
Key Up;Z;523400
Key Down;D;523448
Key Down;S;524193
Key Up;S;524368
Key Up;D;524448
Key Down;Q;524872
Key Down;S;525289
Key Up;S;525552
Key Down;Z;525937
Key Up;Q;526032
Key Up;Z;526112
Key Down;Q;526760
Key Up;Q;527368
Key Down;Q;527585
Key Up;Q;527824
Key Down;Q;529184
Key Down;Z;529313
Key Up;Q;529361
Key Up;Z;529488
Key Down;S;529896
Key Down;D;530064
Key Up;S;530225
Key Down;Z;530784
Key Up;Z;531145
Key Down;S;531312
Key Up;S;531912
Key Down;Z;534144
Key Up;Z;534456
Key Down;Z;534736
Key Up;Z;534953
Key Down;Z;535296
Key Up;Z;535497
Key Up;D;535537
Key Down;D;536417
Key Up;D;536457
Key Down;Q;536632
Key Down;S;536776
Key Up;Q;536808
Key Up;S;536952
Key Down;Q;537065
Key Down;Z;537128
Key Up;Z;537481
Key Up;Q;537864
Key Down;D;537976
Key Down;Z;538192
Key Up;Z;538977
Key Up;D;539016
Key Down;Q;539280
Key Up;Q;539497
Key Down;Q;539913
Key Up;Q;540248
Key Down;D;540329
Key Up;D;540737
Key Down;D;540952
Key Down;S;541032
Key Up;D;541152
Key Up;S;541568
Key Down;D;541760
Key Up;D;541816
Key Down;S;541904
Key Up;S;542184
Key Down;Z;542360
Key Down;Q;542488
Key Up;Z;542504
Key Up;Q;542680
Key Down;D;542768
Key Up;D;543009
Key Down;S;543168
Key Up;S;543240
Key Down;S;543897
Key Up;S;543952
Key Down;S;544280
Key Up;S;544401
Key Down;Q;544416
Key Down;S;544512
Key Up;Q;544568
Key Up;S;545329
Key Down;D;545368
Key Up;D;545520
Key Down;Q;545536
Key Up;Q;545584
Key Down;Q;545656
Key Down;S;545704
Key Up;Q;545753
Key Up;S;546000
Key Down;Z;548784
Key Up;Z;548897
Key Down;Q;549144
Key Up;Q;549216
Key Down;S;549560
Key Up;S;549688
Key Down;D;549704
Key Up;D;549776
Key Down;Q;550968
Key Up;Q;551056
Key Down;Z;553145
Key Down;D;553824
Key Up;D;553976
Key Up;Z;554153
Key Down;D;554936
Key Up;D;555128
Key Down;S;555544
Key Up;S;555632
Key Down;S;556704
Key Up;S;556792
Key Down;Q;562912
Key Down;S;563545
Key Up;S;563688
Key Down;Z;563896
Key Up;Z;564152
Key Down;Z;564472
Key Up;Q;564792
Key Up;Z;564968
Key Down;S;565144
Key Down;Q;565256
Key Up;S;565480
Key Down;S;565912
Key Up;Q;566048
Key Up;S;566112
Key Down;Z;568552
Key Up;Z;568656
Key Down;D;568664
Key Up;D;568777
Key Down;Q;568976
Key Down;Z;569008
Key Up;Q;569040
Key Up;Z;569400
Key Down;D;570832
Key Up;D;571424
Key Down;S;581696
Key Down;D;581784
Key Up;D;581960
Key Down;Q;582712
Key Up;Q;582768
Key Up;S;582864
Key Down;Z;583104
Key Up;Z;583336
Key Down;S;584040
Key Down;Q;584936
Key Up;Q;585120
Key Up;S;585720
Key Down;Z;585888
Key Up;Z;586392
Key Down;Q;587336
Key Up;Q;587416
Key Down;Q;587695
Key Down;S;587832
Key Up;Q;587912
Key Up;S;588504
Key Down;Z;588664
Key Up;Z;589088
Key Down;S;589640
Key Up;S;589736
Key Down;S;592152
Key Down;D;592720
Key Up;S;592752
Key Down;S;593360
Key Up;S;593496
Key Down;Z;594000
Key Up;Z;594224
Key Up;D;594712
Key Down;Q;595232
Key Up;Q;595472
Key Down;Z;595664
Key Up;Z;595808
Key Down;Q;596416
Key Up;Q;596528
Key Down;S;597656
Key Down;D;597792
Key Up;S;597888
Key Down;Z;598216
Key Up;D;598704
Key Down;Q;599496
Key Up;Z;599640
Key Up;Q;599743
Key Down;Q;600504
Key Down;S;600736
Key Up;Q;601064
Key Down;D;601656
Key Up;D;601960
Key Down;D;602280
Key Up;S;602432
Key Down;S;602744
Key Up;D;602824
Key Up;S;603056
Key Down;Q;603064
Key Down;Z;603184
Key Up;Q;603288
Key Up;Z;603496
Key Down;S;604113
Key Down;D;604200
Key Up;D;604336
Key Down;D;604440
Key Up;S;604480
Key Down;Z;604592
Key Up;D;604608
Key Up;Z;605328
Key Down;D;605440
Key Down;S;605672
Key Up;S;606000
Key Up;D;606264
Key Down;S;606416
Key Up;S;606616
Key Down;Q;606632
Key Down;Z;607216
Key Up;Z;607672
Key Down;S;608048
Key Up;Q;608616
Key Down;D;608728
Key Up;D;608992
Key Down;Q;609399
Key Up;Q;609431
Key Down;Q;609520
Key Up;S;609576
Key Up;Q;609712
Key Down;Z;609784
Key Down;E;610447
Key Up;Z;610512
Key Down;Z;610528
Key Up;E;610560
Key Up;Z;610936
Key Down;D;611504
Key Up;D;611680
Key Down;S;611688
Key Down;Q;612120
Key Up;S;612192
Key Up;Q;612304
Key Down;R;612392
Key Up;R;612456
Key Down;Z;612784
Key Down;D;612896
Key Up;Z;613384
Key Up;D;613856
Key Down;Q;614192
Key Down;Z;614488
Key Up;Q;614568
Key Up;Z;614680
Key Down;Q;615872
Key Up;Q;616208
Key Down;S;616224
Key Down;D;616592
Key Up;D;616904
Key Down;D;617216
Key Up;D;617328
Key Up;S;618088
Key Down;Q;618216
Key Up;Q;618392
Key Down;Z;618784
Key Down;D;618975
Key Up;Z;619040
Key Down;Q;619688
Key Up;D;619736
Key Up;Q;619792
Key Down;Q;620800
Key Down;Z;620832
Key Up;Q;620943
Key Down;Q;621064
Key Up;Z;621327
Key Down;Z;621472
Key Up;Q;621520
Key Down;Q;621775
Key Up;Z;622048
Key Down;S;622536
Key Up;S;622712
Key Up;Q;623367
Key Down;Q;624272
Key Down;Z;625128
Key Up;Q;625160
Key Up;Z;625391
Key Down;S;626136
Key Up;S;626183
Key Down;D;626560
Key Up;D;626928
Key Down;S;626952
Key Down;D;627128
Key Up;S;627152
Key Up;D;627288
Key Down;D;627608
Key Down;Z;627760
Key Up;Z;629256
Key Down;Z;629640
Key Up;Z;629952
Key Down;Z;630456
Key Up;Z;630792
Key Down;Z;631008
Key Up;D;631128
Key Up;Z;631408
Key Down;Q;631568
Key Down;Z;631655
Key Up;Q;631743
Key Up;Z;631783
Key Down;Q;632008
Key Up;Q;632032
Key Down;Q;632128
Key Down;S;632175
Key Up;Q;632184
Key Down;D;632264
Key Up;D;632392
Key Up;S;632440
Key Down;D;632784
Key Down;S;632832
Key Up;D;633152
Key Up;S;633320
Key Down;S;634136
Key Down;Q;634152
Key Up;S;634399
Key Up;Q;634752
Key Down;D;635504
Key Down;Z;635760
Key Up;D;636104
Key Down;Q;636320
Key Up;Q;636624
Key Down;Q;637000
Key Up;Q;637263
Key Up;Z;637448
Key Down;S;637904
Key Down;D;638032
Key Up;S;638304
Key Down;Q;638336
Key Up;D;638360
Key Down;Z;638504
Key Up;Q;638688
Key Down;D;638768
Key Up;Z;638816
Key Up;D;638975
Key Down;Q;639024
Key Down;S;639088
Key Up;S;639208
Key Up;Q;639375
Key Down;S;640119
Key Down;D;640736
Key Up;D;641064
Key Down;D;641160
Key Up;S;641312
Key Down;S;641472
Key Up;D;641504
Key Up;S;641616
Key Down;Q;643040
Key Up;Q;643368
Key Down;D;643744
Key Up;D;643840
Key Down;Q;644168
Key Up;Q;644200
Key Down;Q;644448
Key Up;Q;644488
Key Down;Z;646176
Key Up;Z;646735
Key Down;S;647223
Key Up;S;647703
Key Down;Q;659215
Key Down;S;660327
Key Up;S;660447
Key Up;Q;661176
Key Down;D;661920
Key Down;Z;662063
Key Up;D;662384
Key Down;Q;662591
Key Up;Z;662655
Key Down;Z;662776
Key Up;Z;663264
Key Down;Z;663312
Key Up;Q;663399
Key Down;D;663624
Key Up;Z;663912
Key Up;D;664160
Key Down;Q;664240
Key Up;Q;664647
Key Down;D;664736
Key Up;D;666200
Key Down;Q;666224
Key Up;Q;666816
Key Down;D;667040
Key Down;S;667063
Key Up;S;667208
Key Up;D;667304
Key Down;D;667527
Key Up;D;667696
Key Down;Q;667768
Key Down;Z;667967
Key Up;Q;668008
Key Up;Z;668064
Key Down;D;668632
Key Up;D;668944
Key Down;Q;669567
Key Down;Z;670111
Key Up;Z;670544
Key Up;Q;671016
Key Down;D;671799
Key Up;D;671960
Key Down;D;672488
Key Up;D;672664
Key Down;D;672976
Key Up;D;673096
Key Down;S;673175
Key Up;S;673880
Key Down;Q;674512
Key Up;Q;675199
Key Down;D;675207
Key Down;S;675711
Key Up;D;675735
Key Down;D;675864
Key Up;D;676183
Key Up;S;676384
Key Down;S;676528
Key Down;Q;676679
Key Up;S;676808
Key Up;Q;677080
Key Down;D;677136
Key Down;S;677279
Key Up;D;677303
Key Down;Q;677416
Key Up;Q;677560
Key Down;D;677751
Key Up;S;678175
Key Up;D;678231
Key Down;D;679976
Key Down;S;680416
Key Down;Q;680432
Key Up;D;680440
Key Up;S;680504
Key Down;S;680735
Key Up;Q;680992
Key Up;S;681119
Key Down;Z;681256
Key Down;Q;681631
Key Up;Q;681888
Key Up;Z;682192
Key Down;Q;682200
Key Up;Q;682303
Key Down;D;683312
Key Down;Z;683456
Key Up;D;683520
Key Down;Q;683695
Key Up;Z;684672
Key Down;S;685223
Key Up;Q;685263
Key Down;D;685271
Key Up;D;685520
Key Up;S;685679
Key Down;D;685728
Key Down;Z;685824
Key Up;D;686199
Key Up;Z;686247
Key Down;Q;686808
Key Up;Q;686888
Key Down;D;687408
Key Up;D;688199
Key Down;Q;689224
Key Down;Z;689320
Key Up;Z;689583
Key Up;Q;690168
Key Down;D;690472
Key Up;D;691063
Key Down;S;691167
Key Down;D;691296
Key Up;D;691512
Key Up;S;691584
Key Down;S;692176
Key Up;S;692295
Key Down;Q;693039
Key Down;Z;693072
Key Up;Q;693240
Key Down;Q;693464
Key Up;Z;693768
Key Up;Q;693912
Key Down;D;694432
Key Down;S;694840
Key Up;D;695024
Key Down;D;695271
Key Up;D;695471
Key Up;S;695567
Key Down;Z;695968
Key Down;Q;696079
Key Up;Z;696583
Key Down;D;698055
Key Up;Q;698112
Key Down;Z;698352
Key Up;D;698792
Key Up;Z;700040
Key Down;R;704135
Key Up;R;704199
Key Down;S;704456
Key Down;Q;705944
Key Up;S;706192
Key Down;Z;706784
Key Up;Q;706872
Key Up;Z;706975
Key Down;Z;708031
Key Down;Q;708664
Key Up;Z;708768
Key Up;Q;708840
Key Down;Z;708983
Key Down;Q;710160
Key Up;Z;711648
Key Up;Q;711656
Key Down;Q;716919
Key Down;Z;717679
Key Up;Q;717920
Key Up;Z;718016
Key Down;Z;719776
Key Up;Z;719896
Key Down;S;720944
Key Down;D;721031
Key Up;S;721592
Key Up;D;721704
Key Down;Q;722480
Key Down;S;723080
Key Up;Q;723319
Key Down;Q;723640
Key Up;Q;724056
Key Down;Q;724439
Key Up;Q;724719
Key Up;S;724960
Key Down;Z;725167
Key Down;Q;725976
Key Up;Q;726135
Key Up;Z;726207
Key Down;Q;726623
Key Up;Q;726927
Key Down;D;727111
Key Down;Z;727368
Key Down;Q;727480
Key Up;D;727528
Key Up;Z;727663
Key Down;S;728272
Key Up;S;728847
Key Up;Q;729191
Key Down;Z;729311
Key Down;D;729336
Key Up;Z;729519
Key Up;D;729583
Key Down;Z;730808
Key Down;D;730832
Key Up;Z;731167
Key Up;D;731223
Key Down;D;731535
Key Down;Z;731647
Key Up;Z;731832
Key Down;S;732095
Key Up;S;732344
Key Down;Z;733279
Key Up;D;733335
Key Up;Z;733415
Key Down;Z;734831
Key Up;Z;734863
Key Down;D;737144
Key Up;D;737184
Key Down;D;738312
Key Up;D;738408
Key Down;S;739960
Key Up;S;740087
Key Down;Q;740736
Key Down;Z;740791
Key Up;Z;741040
Key Up;Q;741112
Key Down;D;741584
Key Down;S;741855
Key Up;D;741968
Key Up;S;742016
Key Down;Q;742024
Key Down;S;742511
Key Up;S;743015
Key Down;S;743335
Key Up;S;743504
Key Up;Q;743640
Key Down;S;744184
Key Down;Q;744200
Key Up;Q;744455
Key Up;S;744480
Key Down;Q;744632
Key Up;Q;744775
Key Down;Q;745880
Key Down;Z;745960
Key Up;Q;746007
Key Up;Z;746143
Key Down;D;746344
Key Down;Z;746583
Key Up;Z;747504
Key Down;Z;747744
Key Up;D;748383
Key Up;Z;748575
Key Down;D;750183
Key Down;Z;750271
Key Up;D;750344
Key Down;Q;750552
Key Up;Z;750663
Key Up;Q;750671
Key Down;S;750839
Key Up;S;751040
Key Down;Z;751511
Key Down;D;751559
Key Up;D;751672
Key Down;Q;751928
Key Up;Z;752687
Key Up;Q;752920
Key Down;D;753239
Key Up;D;753887
Key Down;S;754183
Key Down;Q;754191
Key Up;S;754263
Key Up;Q;754503
Key Down;D;754928
Key Down;Z;755168
Key Up;D;755792
Key Up;Z;756223
Key Down;Q;756343
Key Down;Z;756351
Key Up;Q;756375
Key Down;Q;756471
Key Up;Z;756727
Key Up;Q;756735
Key Down;D;757863
Key Down;Q;758039
Key Down;S;758063
Key Up;D;758176
Key Up;Q;758888
Key Up;S;759008
Key Down;Q;759159
Key Up;Q;759320
Key Down;D;760072
Key Up;D;760104
Key Down;S;760415
Key Up;S;760487
Key Down;S;760799
Key Up;S;761119
Key Down;S;761759
Key Down;Q;761863
Key Up;S;761951
Key Down;Z;762239
Key Up;Q;762287
Key Down;D;762504
Key Up;Z;762551
Key Down;Z;762783
Key Up;D;763152
Key Up;Z;763768
Key Down;S;764256
Key Down;Q;764415
Key Up;Q;764592
Key Up;S;764663
Key Down;Q;765463
Key Up;Q;765687
Key Down;Z;765824
Key Up;Z;766344
Key Down;D;767680
Key Down;Z;767760
Key Up;D;767855
Key Up;Z;767887
Key Down;S;768128
Key Down;Q;768223
Key Up;S;768271
Key Up;Q;768431
Key Down;Z;768520
Key Up;Z;768679
Key Down;D;771375
Key Down;Z;771471
Key Up;D;771568
Key Down;Q;772223
Key Up;Q;772383
Key Up;Z;772575
Key Down;S;772751
Key Up;S;773055
Key Down;Z;774023
Key Up;Z;774103
Key Down;Z;776056
Key Down;D;776336
Key Up;Z;777127
Key Up;D;777151
Key Down;D;786047
Key Down;Z;786208
Key Up;D;786344
Key Down;D;786527
Key Up;Z;786559
Key Down;Z;786903
Key Up;D;787024
Key Up;Z;787143
Key Down;Z;787335
Key Up;Z;787615
Key Down;S;787904
Key Up;S;788344
Key Down;Z;789103
Key Up;Z;789407
Key Down;S;789552
Key Up;S;789687
Key Down;S;790319
Key Up;S;790488
Key Down;Z;790879
Key Down;D;791319
Key Up;Z;791431
Key Up;D;791504
Key Down;Q;791576
Key Up;Q;791743
Key Down;S;792679
Key Up;S;792863
Key Down;D;793143
Key Down;Z;793319
Key Up;D;793328
Key Down;Q;793583
Key Up;Q;793832
Key Down;D;794855
Key Up;D;794968
Key Down;Q;795399
Key Up;Q;795551
Key Down;Q;796152
Key Up;Z;796383
Key Down;Z;796552
Key Up;Q;796767
Key Up;Z;796807
Key Down;D;797103
Key Up;D;797543
Key Down;D;797879
Key Up;D;797911
Key Down;D;797951
Key Down;Z;798208
Key Up;D;798224
Key Down;Q;798359
Key Up;Q;798503
Key Up;Z;798599
Key Down;D;799303
Key Down;Z;799439
Key Up;D;799591
Key Up;Z;799759
Key Down;S;803151
Key Down;Q;803552
Key Up;Q;803879
Key Up;S;803927
Key Down;S;804111
Key Up;S;804191
Key Down;Q;804319
Key Up;Q;804463
Key Down;S;804471
Key Up;S;804592
Key Down;S;805007
Key Down;Q;805111
Key Up;Q;805263
Key Up;S;805383
Key Down;Z;805528
Key Down;D;805783
Key Up;D;805919
Key Down;Q;806015
Key Up;Q;806087
Key Up;Z;806295
Key Down;D;806351
Key Down;Z;806423
Key Up;D;806575
Key Up;Z;806711
Key Down;D;807351
Key Down;S;807663
Key Up;S;807775
Key Down;S;808015
Key Up;S;808183
Key Up;D;808415
Key Down;Z;808431
Key Up;Z;808503
Key Down;Z;808527
Key Up;Z;808575
Key Down;S;809527
Key Up;S;809615
Key Down;Z;810079
Key Up;Z;810263
Key Down;Q;810287
Key Up;Q;810408
Key Down;Q;810687
Key Down;S;810855
Key Up;Q;810895
Key Down;D;811047
Key Up;D;811119
Key Up;S;811167
Key Down;S;811839
Key Up;S;812367
Key Down;Z;812535
Key Down;Q;813367
Key Up;Z;813487
Key Down;Z;814071
Key Up;Q;814199
Key Down;D;815871
Key Up;Z;816375
Key Down;Z;816847
Key Up;Z;817007
Key Up;D;817288
Key Down;Q;817479
Key Up;Q;817607
Key Down;D;818463
Key Down;Z;818831
Key Up;D;818991
Key Down;Q;819391
Key Up;Q;819535
Key Down;Q;819727
Key Up;Z;819775
Key Up;Q;819839
Key Down;Q;820623
Key Up;Q;821063
Key Down;D;821151
Key Up;D;821167
Key Down;Q;821599
Key Up;Q;822087
Key Down;D;822135
Key Down;Z;822167
Key Up;D;822239
Key Down;Q;822416
Key Up;Z;822535
Key Up;Q;822615
Key Down;S;823191
Key Up;S;823479
Key Down;Q;823504
Key Down;S;823719
Key Up;Q;823799
Key Up;S;823920
Key Down;Q;824071
Key Up;Q;824431
Key Down;S;824439
Key Up;S;824535
Key Down;Q;825135
Key Up;Q;825399
Key Down;D;825943
Key Down;S;826055
Key Up;S;826111
Key Up;D;826215
Key Down;Q;827655
Key Up;Q;828255
Key Down;D;828591
Key Up;D;828711
Key Down;S;828927
Key Down;D;829000
Key Up;S;829031
Key Up;D;829103
Key Down;Q;829951
Key Up;Q;830071
Key Down;D;830751
Key Down;S;830767
Key Up;D;830815
Key Up;S;830823
Key Down;D;831231
Key Up;D;831279
Key Down;Q;831471
Key Up;Q;831615
Key Down;Q;832455
Key Up;Q;832591
Key Down;Q;834519
Key Down;Z;834543
Key Up;Z;835063
Key Down;Z;835279
Key Up;Z;835455
Key Up;Q;835767
Key Down;D;835791
Key Down;S;835839
Key Up;S;835951
Key Up;D;836111
Key Down;Q;836183
Key Up;Q;836263
Key Down;Z;836359
Key Up;Z;836623
Key Down;D;837191
Key Down;S;837359
Key Up;D;837455
Key Up;S;837983
Key Down;Z;838175
Key Down;D;838423
Key Up;D;838575
Key Up;Z;838815
Key Down;S;842239
Key Down;Q;842751
Key Up;Q;842919
Key Down;Q;843567
Key Up;Q;843743
Key Down;D;843783
Key Up;S;843807
Key Up;D;844199
Key Down;D;844911
Key Down;Z;845255
Key Up;D;845303
Key Up;Z;845743
Key Down;S;845919
Key Up;S;846111
Key Down;D;846143
Key Up;D;846279
Key Down;Z;846399
Key Up;Z;846527
Key Down;Q;846783
Key Down;S;846823
Key Up;S;847455
Key Down;Z;847887
Key Up;Q;847974
Key Down;D;848575
Key Up;Z;849175
Key Down;Z;850183
Key Up;Z;850775
Key Down;S;851223
Key Up;S;851479
Key Down;S;851895
Key Up;D;851942
Key Down;Q;851959
Key Up;S;852007
Key Down;S;852535
Key Up;Q;852567
Key Down;Q;853223
Key Up;Q;853479
Key Down;Q;854863
Key Up;Q;855167
Key Up;S;855631
Key Down;Q;855807
Key Down;S;856047
Key Up;Q;856095
Key Down;Q;857807
Key Up;Q;858031
Key Down;D;858407
Key Up;S;858775
Key Down;Z;859079
Key Up;D;859727
Key Up;Z;860751
Key Down;Q;861175
Key Down;S;861199
Key Up;Q;861287
Key Up;S;861335
Key Down;D;861943
Key Up;D;862126
Key Down;S;862215
Key Down;Q;862223
Key Up;S;862462
Key Up;Q;862471
Key Down;Z;864719
Key Down;D;865031
Key Up;D;865303
Key Up;Z;865343
Key Down;D;870383
Key Down;S;870399
Key Up;S;870743
Key Up;D;870767
Key Down;Q;871447
Key Up;Q;871615
Key Down;D;872247
Key Down;S;872471
Key Up;S;873006
Key Up;D;873095
Key Down;Q;873119
Key Up;Q;873303
Key Down;Q;873590
Key Up;Q;873695
Key Down;Z;873815
Key Up;Z;874031
Key Down;Z;874246
Key Up;Z;874407
Key Down;Q;874415
Key Up;Q;874991
Key Down;Z;875207
Key Up;Z;875511
Key Down;D;875679
Key Up;D;875798
Key Down;S;875991
Key Up;S;876167
Key Down;S;877391
Key Up;S;877527
Key Down;S;877823
Key Down;D;877895
Key Up;D;878023
Key Up;S;878030
Key Down;Z;878335
Key Up;Z;878423
Key Down;S;878591
Key Down;D;878655
Key Up;S;878791
Key Up;D;878951
Key Down;Q;879302
Key Up;Q;879535
Key Down;Q;879879
Key Down;Z;879951
Key Up;Q;880015
Key Up;Z;880151
Key Down;Q;880319
Key Down;Z;880343
Key Up;Q;880654
Key Up;Z;880663
Key Down;D;880823
Key Down;S;880983
Key Up;D;881062
Key Up;S;881070
Key Down;S;881423
Key Down;D;881439
Key Up;D;881671
Key Up;S;881679
Key Down;D;882031
Key Down;S;882455
Key Up;D;882575
Key Down;D;882679
Key Up;S;882951
Key Up;D;882990
Key Down;D;883111
Key Up;D;883159
Key Down;Q;883343
Key Up;Q;883911
Key Down;Q;884030
Key Up;Q;884143
Key Down;Z;884495
Key Down;D;884607
Key Up;Z;884727
Key Up;D;884966
Key Down;S;885014
Key Down;Q;885087
Key Up;S;885095
Key Down;Z;885223
Key Up;Z;885431
Key Down;Z;885527
Key Up;Q;885543
Key Up;Z;885727
Key Down;D;885879
Key Down;S;886078
Key Up;D;886231
Key Up;S;886279
Key Down;Q;886287
Key Up;Q;886423
Key Down;Z;886487
Key Down;D;886599
Key Up;Z;886743
Key Up;D;886807
Key Down;D;887655
Key Down;S;887871
Key Up;S;887951
Key Down;Z;888175
Key Up;D;888647
Key Up;Z;888670
Key Down;Q;888686
Key Down;S;888999
Key Up;Q;889175
Key Up;S;889551
Key Down;Q;889727
Key Up;Q;890191
Key Down;D;890231
Key Down;S;890270
Key Up;D;890639
Key Up;S;890687
Key Down;S;891391
Key Up;S;891791
Key Down;D;892047
Key Up;D;892519
Key Down;S;892527
Key Down;Q;892663
Key Up;S;892743
Key Up;Q;893014
Key Down;Z;893999
Key Down;Q;894215
Key Up;Q;894414
Key Up;Z;894535
Key Down;S;894679
Key Down;D;895511
Key Up;D;895631
Key Down;Q;895935
Key Up;Q;896175
Key Up;S;896423
Key Down;Z;896599
Key Up;Z;896823
Key Down;S;897663
Key Up;S;897783
Key Down;S;898191
Key Up;S;898374
Key Down;Q;901134
Key Down;S;901319
Key Up;S;901719
Key Down;S;901998
Key Up;S;902687
Key Down;Z;902903
Key Up;Q;902943
Key Up;Z;903095
Key Down;Z;903294
Key Up;Z;903407
Key Down;Q;903750
Key Down;S;903911
Key Up;Q;903943
Key Up;S;903999
Key Down;D;904031
Key Up;D;904095
Key Down;D;904359
Key Down;S;904479
Key Up;S;904495
Key Down;Z;904847
Key Up;Z;905054
Key Up;D;905534
Key Down;Z;905582
Key Down;Q;905622
Key Up;Z;905719
Key Down;Z;905727
Key Up;Q;905855
Key Down;D;905959
Key Up;D;906455
Key Up;Z;906463
Key Down;S;906910
Key Down;D;907087
Key Up;D;907215
Key Up;S;907855
Key Down;S;908015
Key Down;D;908143
Key Up;S;908494
Key Down;Q;908735
Key Down;Z;908751
Key Up;D;908759
Key Up;Z;909191
Key Down;Z;909438
Key Up;Z;909639
Key Down;S;910111
Key Up;Q;910631
Key Up;S;910822
Key Down;Q;910886
Key Down;Z;910951
Key Up;Q;910983
Key Up;Z;911127
Key Down;Q;911615
Key Up;Q;911727
Key Down;S;912191
Key Up;S;912575
Key Down;Z;913278
Key Down;D;913367
Key Up;Z;913559
Key Up;D;913631
Key Down;Q;913911
Key Down;S;914086
Key Up;Q;914415
Key Up;S;914567
Key Down;Q;914879
Key Down;S;914959
Key Up;Q;915039
Key Up;S;915391
Key Down;D;915399
Key Up;D;915503
Key Down;R;917295
Key Up;R;917359
Key Down;Z;917582
Key Down;D;918199
Key Up;D;920151
Key Down;D;920567
Key Up;D;920887
Key Down;Q;922223
Key Up;Z;922462
Key Up;Q;922686
Key Down;Z;922959
Key Down;Q;923063
Key Up;Q;923151
Key Up;Z;923231
Key Down;Q;923647
Key Up;Q;923815
Key Down;S;923894
Key Up;S;924055
Key Down;D;924167
Key Up;D;924398
Key Down;Q;924503
Key Up;Q;924686
Key Down;Z;925135
Key Down;D;925734
Key Up;Z;925847
Key Up;D;925879
Key Down;Q;926823
Key Up;Q;926839
Key Down;D;928015
Key Down;S;928022
Key Down;Q;928431
Key Up;D;928447
Key Up;S;928455
Key Down;Z;928590
Key Up;Q;928743
Key Up;Z;929022
Key Down;Q;929046
Key Up;Q;929175
Key Down;Q;930534
Key Up;Q;930743
Key Down;Q;930902
Key Up;Q;931111
Key Down;S;931246
Key Up;S;931423
Key Down;D;931951
Key Up;D;932175
Key Down;D;932631
Key Down;Z;932727
Key Up;Z;932815
Key Up;D;933222
Key Down;S;933335
Key Down;Q;933702
Key Up;S;933734
Key Down;S;934142
Key Up;Q;934287
Key Up;S;934447
Key Down;D;934471
Key Down;S;934935
Key Up;D;935134
Key Up;S;935255
Key Down;Z;935863
Key Down;Q;936119
Key Up;Z;936366
Key Down;S;936758
Key Up;S;936887
Key Down;S;937919
Key Up;Q;937983
Key Up;S;938086
Key Down;D;938094
Key Up;D;938159
Key Down;Q;939686
Key Down;S;939774
Key Up;Q;939799
Key Down;D;939903
Key Up;D;940151
Key Up;S;940207
Key Down;Z;940414
Key Down;Q;940607
Key Up;Q;940847
Key Down;D;941159
Key Up;Z;941182
Key Up;D;941383
Key Down;Q;942159
Key Down;S;942406
Key Up;Q;942486
Key Down;D;942583
Key Up;S;942655
Key Up;D;943134
Key Down;Z;944039
Key Up;Z;944271
Key Down;D;944279
Key Up;D;944751
Key Down;D;959951
Key Down;Z;960143
Key Up;D;960646
Key Up;Z;960678
Key Down;Z;961590
Key Up;Z;962095
Key Down;Q;963647
Key Up;Q;963750
Key Down;Z;963846
Key Down;Q;964206
Key Up;Q;964479
Key Up;Z;964631
Key Down;D;965095
Key Down;Z;965318
Key Up;D;965358
Key Up;Z;965591
Key Down;S;966918
Key Up;S;967375
Key Down;Z;967598
Key Up;Z;968271
Key Down;S;969830
Key Up;S;970254
Key Down;Z;970622
Key Down;Q;971007
Key Up;Z;971271
Key Down;Z;971662
Key Up;Q;972094
Key Up;Z;972102
Key Down;Z;973534
Key Down;D;973582
Key Up;D;974006
Key Up;Z;974070
Key Down;Q;974182
Key Down;S;974190
Key Up;Q;974206
Key Up;S;974567
Key Down;S;974798
Key Up;S;974942
Key Down;D;975151
Key Down;Z;975303
Key Up;D;975751
Key Down;D;976590
Key Up;Z;976630
Key Down;S;976855
Key Up;D;977207
Key Down;D;977479
Key Up;S;977671
Key Up;D;978350
Key Down;Q;978575
Key Up;Q;979143
Key Down;D;979286
Key Down;S;979862
Key Up;S;979983
Key Up;D;980463
Key Down;Q;980471
Key Down;S;981079
Key Up;Q;981126
Key Up;S;981214
Key Down;D;981702
Key Down;Z;981791
Key Up;Z;982087
Key Up;D;982478
Key Down;Q;982671
Key Up;Q;983135
Key Down;Q;983270
Key Down;S;983486
Key Up;Q;983542
Key Up;S;983743
Key Down;Z;984351
Key Down;D;984407
Key Up;Z;984646
Key Up;D;985095
Key Down;Q;985222
Key Up;Q;985766
Key Down;S;985878
Key Up;S;985983
Key Down;D;986991
Key Down;Z;987262
Key Up;D;987439
Key Down;D;987574
Key Up;Z;987582
Key Up;D;987887
Key Down;D;988327
Key Down;S;988335
Key Up;D;988534
Key Up;S;988583
Key Down;Q;988974
Key Down;S;989087
Key Up;Q;989111
Key Up;S;989183
Key Down;Q;989302
Key Down;Z;989326
Key Up;Q;989422
Key Down;Q;989679
Key Up;Z;989743
Key Up;Q;989767
Key Down;Q;989999
Key Down;S;990519
Key Up;Q;990598
Key Up;S;990798
Key Down;Z;991062
Key Down;D;991110
Key Up;Z;991543
Key Down;S;991782
Key Up;D;992031
Key Up;S;992415
Key Down;D;992511
Key Up;D;992694
Key Down;S;992710
Key Up;S;992998
Key Down;S;993374
Key Down;D;993550
Key Up;S;993927
Key Down;Z;994463
Key Up;Z;994678
Key Down;Z;995071
Key Up;D;995518
Key Up;Z;995783
Key Down;Q;995839
Key Up;Q;995966
Key Down;Q;996279
Key Up;Q;996399
Key Down;D;996590
Key Down;S;996606
Key Up;S;996798
Key Down;S;996959
Key Up;D;997015
Key Up;S;997198
Key Down;Q;997206
Key Up;Q;997494
Key Down;D;997646
Key Down;Z;997895
Key Up;D;998094
Key Down;Q;998511
Key Up;Z;998694
Key Down;Z;998950
Key Up;Q;999134
Key Down;Q;999367
Key Up;Q;999470
Key Up;Z;999558
Key Down;Z;999966
Key Down;Q;1000031
Key Up;Z;1000159
Key Up;Q;1000287
Key Down;S;1000782
Key Down;D;1000862
Key Up;S;1001262
Key Down;S;1001519
Key Up;S;1001590
Key Up;D;1001758
Key Down;S;1001782
Key Up;S;1001894
Key Down;Q;1002118
Key Up;Q;1002303
Key Down;Z;1002486
Key Up;Z;1002743
Key Down;Q;1002791
Key Up;Q;1002998
Key Down;D;1003670
Key Up;D;1003782
Key Down;S;1003910
Key Down;D;1003982
Key Up;D;1004406
Key Down;Q;1004663
Key Up;Q;1004846
Key Down;Q;1005038
Key Up;S;1005086
Key Down;Z;1005502
Key Up;Q;1005751
Key Down;Q;1006399
Key Up;Z;1006815
Key Up;Q;1007239
Key Down;Z;1024286
Key Down;D;1025974
Key Up;D;1026127
Key Down;Q;1026151
Key Up;Z;1026670
Key Up;Q;1026966
Key Down;S;1027246
Key Down;Q;1027847
Key Up;S;1027911
Key Down;Z;1028086
Key Up;Q;1028270
Key Down;D;1028790
Key Up;D;1028918
Key Up;Z;1029279
Key Down;S;1029854
Key Up;S;1030166
Key Down;Z;1030463
Key Down;Q;1030886
Key Up;Q;1031959
Key Down;Q;1032422
Key Up;Z;1032742
Key Down;S;1033086
Key Up;S;1033255
Key Down;Z;1033455
Key Up;Q;1033511
Key Down;D;1033894
Key Up;D;1034062
Key Up;Z;1034222
Key Down;Z;1036750
Key Down;Q;1037006
Key Up;Z;1037086
Key Down;Z;1037398
Key Up;Q;1037687
Key Up;Z;1037942
Key Down;S;1038118
Key Down;Q;1038214
Key Up;S;1038310
Key Up;Q;1038462
Key Down;D;1038646
Key Down;Z;1038734
Key Up;D;1038790
Key Up;Z;1038967
Key Down;S;1039199
Key Down;Q;1039342
Key Up;S;1039654
Key Up;Q;1040190
Key Down;D;1040798
Key Down;S;1041678
Key Up;D;1042246
Key Down;D;1042878
Key Up;D;1043006
Key Down;Q;1043151
Key Up;Q;1043319
Key Down;D;1043662
Key Up;S;1043782
Key Down;Z;1044790
Key Up;D;1045190
Key Down;D;1045526
Key Up;D;1045734
Key Up;Z;1045742
Key Down;Z;1047918
Key Up;Z;1048375
Key Down;D;1048838
Key Up;D;1048910
Key Down;D;1053838
Key Down;S;1053894
Key Up;S;1054158
Key Down;Z;1054398
Key Up;D;1054806
Key Up;Z;1054886
Key Down;Q;1056510
Key Down;S;1056662
Key Up;Q;1056830
Key Up;S;1057054
Key Down;D;1057102
Key Down;Z;1057191
Key Up;Z;1057782
Key Up;D;1058382
Key Down;D;1059550
Key Down;S;1059558
Key Up;S;1059918
Key Up;D;1060287
Key Down;Z;1060910
Key Down;D;1061062
Key Up;Z;1061886
Key Up;D;1062534
Key Down;Q;1062542
Key Up;Q;1063398
Key Down;Q;1064134
Key Down;S;1064198
Key Up;Q;1064246
Key Up;S;1064638
Key Down;Q;1064774
Key Up;Q;1064854
Key Down;Q;1065422
Key Down;Z;1065622
Key Up;Q;1065646
Key Down;D;1065718
Key Up;Z;1065758
Key Down;Z;1066118
Key Up;Z;1066494
Key Up;D;1067406
Key Down;Q;1067638
Key Down;S;1067966
Key Up;Q;1067990
Key Down;D;1068198
Key Up;S;1068302
Key Up;D;1068575
Key Down;S;1068583
Key Down;D;1069110
Key Up;S;1069135
Key Up;D;1069166
Key Down;Z;1069326
Key Up;Z;1069638
Key Down;S;1069766
Key Down;Q;1069774
Key Up;Q;1069798
Key Down;Q;1069918
Key Up;S;1069990
Key Up;Q;1070054
Key Down;D;1070726
Key Down;Z;1070878
Key Up;D;1070886
Key Up;Z;1071014
Key Down;Z;1071230
Key Down;D;1071374
Key Up;Z;1071430
Key Down;Z;1071718
Key Up;Z;1071902
Key Up;D;1072086
Key Down;Z;1072166
Key Down;Q;1072318
Key Up;Q;1072486
Key Up;Z;1072510
Key Down;Q;1072518
Key Up;Q;1072622
Key Down;S;1072638
Key Down;D;1072726
Key Up;S;1073102
Key Down;S;1073590
Key Up;D;1073663
Key Up;S;1073838
Key Down;R;1074526
Key Up;R;1074590
Key Down;Z;1075238
Key Down;Q;1075383
Key Up;Z;1075431
Key Up;Q;1075471
Key Down;S;1075991
Key Up;S;1076078
Key Down;Q;1078382
Key Down;Z;1078646
Key Up;Z;1078990
Key Down;Z;1079254
Key Up;Q;1079302
Key Up;Z;1079582
Key Down;Q;1080726
Key Up;Q;1080838
Key Down;Q;1081471
Key Up;Q;1081607
Key Down;Q;1081814
Key Up;Q;1082150
Key Down;Z;1082310
Key Up;Z;1082478
Key Down;Q;1082790
Key Down;S;1082934
Key Up;Q;1082958
Key Up;S;1082990
Key Down;Q;1083174
Key Up;Q;1083366
Key Down;D;1084070
Key Down;Z;1084118
Key Up;Z;1084222
Key Down;Z;1085366
Key Up;D;1085582
Key Down;D;1085607
Key Up;D;1085926
Key Up;Z;1086390
Key Down;Q;1086671
Key Up;Q;1087102
Key Down;Z;1087270
Key Up;Z;1087590
Key Down;D;1087918
Key Up;D;1088566
Key Down;D;1088622
Key Up;D;1088694
Key Down;Z;1088734
Key Up;Z;1089022
Key Down;Z;1090102
Key Down;Q;1090215
Key Up;Q;1090334
Key Down;D;1090486
Key Up;Z;1090694
Key Up;D;1090918
Key Down;S;1090926
Key Up;S;1091310
Key Down;Z;1091574
Key Up;Z;1091870
Key Down;Q;1091990
Key Up;Q;1092238
Key Down;D;1093358
Key Up;D;1093486
Key Down;Q;1094063
Key Down;S;1094262
Key Up;Q;1094342
Key Up;S;1094406
Key Down;Q;1094918
Key Down;Z;1094934
Key Up;Z;1095150
Key Up;Q;1095734
Key Down;D;1107430
Key Down;Z;1107598
Key Up;Z;1107670
Key Up;D;1107742
Key Down;Z;1113078
Key Down;D;1113222
Key Up;Z;1113270
Key Up;D;1113494
Key Down;S;1113974
Key Up;S;1114110
Key Down;Q;1114278
Key Up;Q;1114366
Key Down;Z;1114622
Key Down;Q;1114669
Key Up;Q;1114934
Key Up;Z;1115030
Key Down;D;1115294
Key Down;S;1115630
Key Up;S;1115830
Key Down;S;1117582
Key Up;S;1117702
Key Down;Z;1117926
Key Up;Z;1118022
Key Down;Z;1118325
Key Up;Z;1118558
Key Down;Z;1118838
Key Up;D;1118934
Key Up;Z;1119166
Key Down;D;1119318
Key Down;S;1119366
Key Up;D;1119414
Key Up;S;1119550
Key Down;Q;1119854
Key Up;Q;1119966
Key Down;Q;1120118
Key Down;Z;1120174
Key Up;Q;1120198
Key Down;Q;1120461
Key Up;Q;1120646
Key Up;Z;1120702
Key Down;Z;1120934
Key Up;Z;1121078
Key Down;Q;1121086
Key Up;Q;1121398
Key Down;Z;1121493
Key Up;Z;1121622
Key Down;Q;1121774
Key Up;Q;1121878
Key Down;Q;1122518
Key Down;S;1122662
Key Up;Q;1122878
Key Down;D;1122958
Key Up;S;1123061
Key Down;S;1123318
Key Up;D;1123446
Key Down;Q;1123782
Key Up;S;1123822
Key Down;D;1123894
Key Up;Q;1123902
Key Up;D;1124022
Key Down;Q;1124030
Key Up;Q;1124222
Key Down;D;1124350
Key Up;D;1124518
Key Down;Z;1124582
Key Up;Z;1124702
Key Down;D;1124814
Key Up;D;1124966
Key Down;S;1125294
Key Down;D;1125358
Key Up;D;1125518
Key Up;S;1125566
Key Down;Q;1125654
Key Up;Q;1125758
Key Down;Q;1126590
Key Up;Q;1126702
Key Down;S;1127774
Key Down;Q;1127886
Key Up;S;1128269
Key Up;Q;1128414
Key Down;D;1128438
Key Down;Z;1128454
Key Up;Z;1128718
Key Up;D;1129102
Key Down;D;1130974
Key Up;D;1131702
Key Down;Q;1131798
Key Up;Q;1131821
Key Down;S;1133565
Key Down;Q;1133710
Key Up;Q;1133798
Key Up;S;1133894
Key Down;Z;1134526
Key Up;Z;1134694
Key Down;D;1135269
Key Up;D;1135446
Key Down;Q;1136149
Key Up;Q;1136318
Key Down;Q;1136830
Key Up;Q;1137022
Key Down;S;1137030
Key Up;S;1137198
Key Down;D;1137262
Key Down;Z;1137542
Key Up;Z;1137670
Key Up;D;1137686
Key Down;D;1138774
Key Down;Z;1138814
Key Up;Z;1139037
Key Up;D;1139150
Key Down;D;1140317
Key Down;Z;1140454
Key Up;Z;1140694
Key Down;S;1141006
Key Up;S;1141262
Key Up;D;1142030
Key Down;Q;1142078
Key Up;Q;1142190
Key Down;Z;1142846
Key Down;D;1142894
Key Up;Z;1142902
Key Down;Z;1143190
Key Up;Z;1143438
Key Down;Q;1143566
Key Up;D;1143574
Key Down;Z;1143774
Key Up;Z;1143925
Key Up;Q;1143965
Key Down;S;1144270
Key Down;Q;1144493
Key Up;S;1144710
Key Down;S;1145750
Key Up;S;1145989
Key Down;S;1146573
Key Up;Q;1146662
Key Up;S;1146670
Key Down;R;1147150
Key Up;R;1147222
Key Down;Z;1147518
Key Up;Z;1147590
Key Down;Q;1147686
Key Up;Q;1147790
Key Down;Q;1148638
Key Down;S;1148894
Key Up;S;1149229
Key Up;Q;1149862
Key Down;D;1149894
Key Down;Z;1150029
Key Up;Z;1150342
Key Up;D;1150414
Key Down;Q;1151414
Key Down;S;1151606
Key Up;S;1151966
Key Down;Z;1152182
Key Up;Z;1152446
Key Up;Q;1152542
Key Down;D;1156486
Key Up;D;1156622
Key Down;Q;1159958
Key Down;S;1160718
Key Up;S;1160990
Key Down;Z;1161278
Key Down;D;1161302
Key Up;Q;1161310
Key Up;Z;1161510
Key Down;S;1162062
Key Up;D;1162261
Key Up;S;1162446
Key Down;S;1162749
Key Down;D;1163101
Key Up;D;1163149
Key Up;S;1163246
Key Down;Q;1163382
Key Up;Q;1163478
Key Down;S;1163878
Key Up;S;1164014
Key Down;Z;1164325
Key Up;Z;1164558
Key Down;Z;1164757
Key Up;Z;1164918
Key Down;S;1166406
Key Down;Q;1166878
Key Up;Q;1167214
Key Down;D;1167469
Key Up;D;1167582
Key Down;D;1167854
Key Up;S;1167941
Key Up;D;1167997
Key Down;D;1168110
Key Up;D;1168269
Key Down;Q;1168518
Key Up;Q;1168646
Key Down;Q;1169262
Key Up;Q;1169430
Key Down;Q;1169798
Key Down;S;1169806
Key Down;D;1170245
Key Up;Q;1170269
Key Up;S;1170277
Key Up;D;1170614
Key Down;D;1171030
Key Up;D;1171486
Key Down;S;1171542
Key Up;S;1171614
Key Down;Q;1172014
Key Up;Q;1172102
Key Down;S;1173453
Key Up;S;1173566
Key Down;S;1173974
Key Up;S;1174133
Key Down;D;1174285
Key Up;D;1174333
Key Down;D;1175902
Key Down;Z;1175917
Key Up;D;1176214
Key Up;Z;1176294
Key Down;Q;1176318
Key Down;S;1176502
Key Up;S;1176933
Key Up;Q;1177134
Key Down;D;1177598
Key Down;Z;1177726
Key Down;Q;1178310
Key Up;D;1178350
Key Up;Z;1178805
Key Up;Q;1179558
Key Down;D;1181342
Key Down;S;1181478
Key Up;S;1181605
Key Down;Z;1181885
Key Up;D;1181990
Key Up;Z;1182285
Key Down;Q;1184470
Key Down;S;1184534
Key Up;S;1184910
Key Up;Q;1185197
Key Down;S;1185581
Key Down;Q;1185917
Key Up;S;1185998
Key Up;Q;1186278
Key Down;Z;1186381
Key Up;Z;1186638
Key Down;D;1186646
Key Up;D;1186670
Key Down;D;1186781
Key Down;S;1186878
Key Up;S;1187230
Key Up;D;1187422
Key Down;D;1187606
Key Down;Z;1187694
Key Up;D;1187862
Key Down;Q;1187982
Key Up;Z;1188070
Key Down;S;1188230
Key Up;S;1188542
Key Up;Q;1188693
Key Down;Z;1188806
Key Down;Q;1188942
Key Up;Z;1189414
Key Down;D;1189494
Key Up;Q;1189502
Key Down;S;1189701
Key Up;D;1190246
Key Down;D;1190453
Key Up;D;1190566
Key Down;Q;1190574
Key Up;S;1190686
Key Up;Q;1190877
Key Down;Q;1191286
Key Up;Q;1191469
Key Down;Z;1191670
Key Down;D;1191814
Key Up;D;1191966
Key Down;Q;1192021
Key Up;Z;1192246
Key Up;Q;1192317
Key Down;S;1192774
Key Up;S;1192806
Key Down;S;1192830
Key Down;D;1192909
Key Up;S;1192933
Key Up;D;1193045
Key Down;Z;1193166
Key Down;Q;1193222
Key Up;Z;1193349
Key Up;Q;1193454
Key Down;Q;1194142
Key Down;Z;1194230
Key Up;Q;1194373
Key Up;Z;1194461
Key Down;D;1194590
Key Down;S;1194630
Key Up;S;1195694
Key Up;D;1195750
Key Down;Q;1196285
Key Down;Z;1196454
Key Up;Q;1197389
Key Up;Z;1197421
Key Down;R;1227062
Key Up;R;1227157
Key Down;Q;1229493
Key Down;Z;1229613
Key Up;Z;1229870
Key Up;Q;1229894
Key Down;D;1230054
Key Down;S;1230086
Key Up;S;1230309
Key Up;D;1230550
Key Down;Q;1232341
Key Down;Z;1232494
Key Up;Z;1232662
Key Up;Q;1232725
Key Down;Q;1233013
Key Down;S;1233381
Key Up;Q;1233550
Key Up;S;1233630
Key Down;S;1233797
Key Up;S;1233910
Key Down;Q;1233973
Key Up;Q;1234125
Key Down;Z;1234157
Key Up;Z;1234526
Key Down;D;1234925
Key Up;D;1235126
Key Down;Q;1235605
Key Up;Q;1236325
Key Down;D;1237334
Key Down;S;1237438
Key Up;S;1237533
Key Up;D;1237926
Key Down;Z;1237934
Key Up;Z;1238045
Key Down;D;1238374
Key Up;D;1238413
Key Down;Z;1238533
Key Up;Z;1238853
Key Down;D;1238966
Key Down;Z;1238982
Key Up;D;1239014
Key Up;Z;1239229
Key Down;D;1240413
Key Up;D;1240670
Key Down;Q;1242238
Key Down;Z;1242421
Key Up;Q;1242566
Key Down;D;1242662
Key Up;D;1243006
Key Down;Q;1243325
Key Up;Z;1243517
Key Up;Q;1243637
Key Down;D;1243982
Key Down;Z;1244181
Key Up;D;1244470
Key Up;Z;1244518
Key Down;S;1244701
Key Down;Q;1244725
Key Up;S;1245022
Key Up;Q;1245414
Key Down;S;1245846
Key Down;Q;1245934
Key Up;S;1245982
Key Down;Z;1246141
Key Up;Z;1246269
Key Up;Q;1246429
Key Down;S;1246886
Key Down;Q;1247109
Key Up;S;1247205
Key Up;Q;1247254
Key Down;Q;1247766
Key Down;Z;1248182
Key Up;Z;1248333
Key Down;S;1249253
Key Up;Q;1249454
Key Up;S;1249462
Key Down;Q;1252197
Key Down;S;1252286
Key Up;Q;1252382
Key Down;D;1252621
Key Up;S;1253590
Key Down;S;1254558
Key Up;D;1254678
Key Up;S;1255150
Key Down;Q;1255206
Key Up;Q;1255302
Key Down;D;1256381
Key Down;Z;1256550
Key Up;D;1256574
Key Up;Z;1256638
Key Down;Z;1257294
Key Down;D;1257509
Key Up;D;1257589
Key Down;Q;1257653
Key Up;Z;1257814
Key Up;Q;1258294
Key Down;Q;1258758
Key Up;Q;1259149
Key Down;D;1259181
Key Up;D;1259365
Key Down;Q;1259870
Key Up;Q;1260246
Key Down;D;1260445
Key Up;D;1261574
Key Down;D;1262181
Key Down;S;1262534
Key Up;D;1262638
Key Down;Q;1262957
Key Up;Q;1263461
Key Down;D;1263501
Key Up;S;1263509
Key Down;Z;1263813
Key Up;Z;1263989
Key Up;D;1264005
Key Down;D;1264885
Key Down;Z;1264893
Key Up;D;1264901
Key Up;Z;1265085
Key Down;D;1265349
Key Down;S;1265582
Key Up;D;1265646
Key Down;D;1266357
Key Up;S;1266581
Key Down;S;1266822
Key Up;D;1266878
Key Down;Q;1266942
Key Up;S;1267541
Key Down;S;1267853
Key Up;S;1268094
Key Down;S;1268606
Key Up;Q;1268838
Key Down;D;1269717
Key Up;S;1269757
Key Up;D;1269950
Key Down;Z;1269966
Key Down;Q;1270613
Key Up;Q;1270797
Key Up;Z;1270918
Key Down;D;1271141
Key Down;Z;1271149
Key Up;Z;1271366
Key Up;D;1271613
Key Down;Q;1271950
Key Up;Q;1272045
Key Down;Q;1272085
Key Up;Q;1272190
Key Down;D;1272541
Key Up;D;1272645
Key Down;Q;1272741
Key Up;Q;1272974
Key Down;S;1273030
Key Down;D;1273062
Key Up;D;1273894
Key Up;S;1273926
Key Down;Q;1273942
Key Down;Z;1274133
Key Up;Z;1275125
Key Down;Z;1275557
Key Up;Z;1275718
Key Down;Z;1275989
Key Up;Z;1276166
Key Down;Z;1276325
Key Up;Q;1276389
Key Down;D;1277246
Key Up;D;1278038
Key Up;Z;1278077
Key Down;Q;1278446
Key Down;S;1278581
Key Up;Q;1279206
Key Down;D;1279997
Key Up;S;1280774
Key Down;S;1281182
Key Up;D;1281765
Key Up;S;1282373
Key Down;D;1287477
Key Down;Z;1287558
Key Up;D;1287829
Key Down;D;1288205
Key Up;D;1288397
Key Up;Z;1288454
Key Down;S;1289125
Key Down;Q;1289301
Key Up;Q;1289613
Key Up;S;1289669
Key Down;D;1289989
Key Down;Z;1290021
Key Up;D;1290485
Key Up;Z;1290757
Key Down;S;1291269
Key Up;S;1291422
Key Down;Z;1291869
Key Down;Q;1291982
Key Up;Z;1292053
Key Up;Q;1292453
Key Down;S;1292765
Key Up;S;1292862
Key Down;D;1293397
Key Down;Z;1293413
Key Up;D;1293701
Key Down;Q;1294245
Key Up;Q;1294317
Key Up;Z;1294413
Key Down;Z;1294686
Key Up;Z;1294965
Key Down;Q;1295757
Key Up;Q;1295854
Key Down;Z;1296061
Key Up;Z;1296157
Key Down;Q;1296293
Key Up;Q;1296381
Key Down;D;1297725
Key Up;D;1298149
Key Down;S;1303333
Key Down;Q;1304365
Key Up;S;1304638
Key Up;Q;1305006
Key Down;Q;1307917
Key Down;S;1308437
Key Up;Q;1308541
Key Up;S;1308605
Key Down;D;1308621
Key Up;D;1309214
Key Down;D;1309573
Key Down;S;1310277
Key Up;D;1311182
Key Down;Q;1311309
Key Up;S;1311317
Key Up;Q;1311549
Key Down;D;1312221
Key Down;S;1312774
Key Up;S;1313069
Key Down;S;1313494
Key Up;D;1313805
Key Down;D;1314117
Key Up;D;1314325
Key Down;Q;1314773
Key Up;S;1314805
Key Down;S;1315421
Key Up;S;1315549
Key Up;Q;1315966
Key Down;Q;1316685
Key Up;Q;1316829
Key Down;Z;1317453
Key Down;Q;1317741
Key Up;Q;1317909
Key Up;Z;1318181
Key Down;D;1318205
Key Down;S;1318405
Key Up;D;1318725
Key Down;Q;1320326
Key Up;S;1320925
Key Up;Q;1320949
Key Down;D;1320998
Key Down;Z;1321597
Key Up;Z;1321686
Key Up;D;1321949
Key Down;Q;1322237
Key Up;Q;1322485
Key Down;R;1323222
Key Up;R;1323302
Key Down;Z;1323733
Key Up;Z;1323989
Key Down;Z;1324749
Key Down;D;1325101
Key Up;D;1325893
Key Down;Q;1325965
Key Up;Q;1326061
Key Down;D;1326309
Key Up;Z;1327733
Key Down;Q;1328213
Key Up;D;1328237
Key Down;Z;1328725
Key Up;Z;1329213
Key Down;Z;1329797
Key Up;Z;1331021
Key Up;Q;1331053
Key Down;Q;1331277
Key Down;S;1331405
Key Up;Q;1331566
Key Down;D;1331653
Key Up;D;1332829
Key Up;S;1333085
Key Down;D;1337789
Key Down;S;1337933
Key Up;D;1338117
Key Down;Q;1339109
Key Up;S;1339238
Key Down;Z;1339445
Key Up;Z;1339637
Key Up;Q;1339717
Key Down;Q;1340525
Key Up;Q;1340957
Key Down;D;1342453
Key Up;D;1342469
Key Down;D;1342733
Key Up;D;1342973
Key Down;Q;1343261
Key Up;Q;1343693
Key Down;S;1344069
Key Down;D;1344133
Key Up;S;1344213
Key Up;D;1344221
Key Down;Z;1344557
Key Down;D;1344605
Key Up;Z;1344709
Key Up;D;1344765
Key Down;D;1345253
Key Up;D;1345397
Key Down;D;1346133
Key Down;S;1346341
Key Up;S;1346629
Key Down;S;1346965
Key Up;D;1346989
Key Up;S;1347117
Key Down;Q;1348029
Key Down;Z;1348565
Key Up;Q;1348613
Key Up;Z;1348686
Key Down;Q;1348893
Key Down;Z;1348949
Key Up;Z;1349110
Key Up;Q;1349205
Key Down;S;1349365
Key Up;S;1349509
Key Down;D;1352757
Key Down;S;1353205
Key Up;D;1353437
Key Down;D;1353765
Key Up;D;1354069
Key Up;S;1354317
Key Down;Q;1354413
Key Down;Z;1354453
Key Up;Q;1354493
Key Up;Z;1354781
Key Down;Z;1355197
Key Up;Z;1355973
Key Down;Z;1356325
Key Down;Q;1356413
Key Up;Z;1357045
Key Down;S;1357229
Key Up;Q;1357445
Key Up;S;1357661
Key Down;D;1358773
Key Up;D;1358869
Key Down;D;1359565
Key Down;Z;1359645
Key Up;Z;1359725
Key Down;S;1359973
Key Up;D;1360045
Key Up;S;1360149
Key Down;Q;1360189
Key Up;Q;1360317
Key Down;S;1360405
Key Down;D;1360493
Key Up;D;1361165
Key Down;Q;1361949
Key Up;Q;1362021
Key Up;S;1362397
Key Down;D;1362525
Key Down;Z;1362589
Key Up;D;1362741
Key Down;D;1362957
Key Up;D;1363141
Key Up;Z;1363221
Key Down;Q;1363261
Key Up;Q;1363357
Key Down;D;1363965
Key Down;S;1364445
Key Up;D;1364661
Key Up;S;1364709
Key Down;Z;1364853
Key Down;Q;1365157
Key Up;Z;1366076
Key Down;Z;1366357
Key Up;Q;1366637
Key Down;Q;1366989
Key Up;Q;1367301
Key Up;Z;1367677
Key Down;Q;1367733
Key Up;Q;1368277
Key Down;S;1368325
Key Down;D;1368453
Key Up;S;1368493
Key Down;Z;1368893
Key Up;Z;1369029
Key Down;Z;1369285
Key Up;Z;1369389
Key Up;D;1369437
Key Down;Z;1370021
Key Up;Z;1370477
Key Down;S;1370861
Key Down;D;1371325
Key Up;S;1371533
Key Down;S;1371733
Key Up;S;1372205
Key Up;D;1372245
Key Down;D;1372845
Key Down;S;1373461
Key Up;D;1373493
Key Up;S;1373941
Key Down;Z;1374421
Key Down;Q;1374629
Key Up;Z;1374765
Key Up;Q;1376037
Key Down;Z;1376661
Key Down;Q;1376789
Key Up;Z;1376813
Key Up;Q;1376909
Key Down;Z;1377268
Key Up;Z;1377485
Key Down;Q;1377725
Key Down;S;1377805
Key Up;Q;1377821
Key Down;Q;1378181
Key Up;Q;1378333
Key Up;S;1378685
Key Down;Z;1379525
Key Up;Z;1379652
Key Down;Z;1380669
Key Down;D;1380741
Key Up;Z;1380789
Key Down;S;1381005
Key Up;D;1381573
Key Down;D;1381893
Key Up;S;1382173
Key Down;Z;1382661
Key Up;Z;1382877
Key Down;Z;1383068
Key Down;Q;1383076
Key Up;D;1383117
Key Up;Z;1383341
Key Down;Z;1383533
Key Up;Q;1383597
Key Up;Z;1383653
Key Down;Q;1384357
Key Down;S;1384725
Key Up;Q;1385173
Key Up;S;1385525
Key Down;Q;1386093
Key Up;Q;1386157
Key Down;Q;1386733
Key Up;Q;1386949
Key Down;Z;1387133
Key Up;Z;1387637
Key Down;D;1388045
Key Down;S;1388349
Key Up;S;1388757
Key Up;D;1388989
Key Down;S;1390221
Key Up;S;1390453
Key Down;Q;1390797
Key Up;Q;1391309
Key Down;D;1392269
Key Down;S;1392821
Key Up;D;1393405
Key Up;S;1393837
Key Down;Q;1393844
Key Down;Z;1394037
Key Up;Q;1394053
Key Down;Q;1394404
Key Up;Q;1394733
Key Up;Z;1394829
Key Down;D;1394909
Key Up;D;1395797
Key Down;Q;1396029
Key Down;Z;1396149
Key Up;Q;1396397
Key Up;Z;1396557
Key Down;S;1397468
Key Down;D;1397517
Key Up;D;1397829
Key Up;S;1397845
Key Down;Q;1397909
Key Down;S;1398093
Key Up;Q;1398229
Key Up;S;1398525
Key Down;Z;1399164
Key Down;D;1399189
Key Up;Z;1399437
Key Up;D;1399733
Key Down;Q;1399861
Key Down;S;1400277
Key Up;Q;1400349
Key Up;S;1400541
Key Down;S;1401045
Key Up;S;1401133
Key Down;S;1401261
Key Up;S;1401341
Key Down;Z;1401781
Key Down;D;1402205
Key Up;Z;1402813
Key Up;D;1402861
Key Down;Q;1403741
Key Up;Q;1404149
Key Down;Q;1404637
Key Up;Q;1404829
Key Down;Q;1405124
Key Up;Q;1405205
Key Down;S;1405437
Key Up;S;1405661
Key Down;Q;1405780
Key Up;Q;1405877
Key Down;D;1406909
Key Down;Z;1407501
Key Up;Z;1407709
Key Down;Z;1408421
Key Up;D;1408893
Key Up;Z;1408901
Key Down;Q;1409021
Key Up;Q;1409148
Key Down;S;1409677
Key Down;D;1409685
Key Up;S;1409796
Key Down;Q;1410093
Key Up;D;1410173
Key Down;Z;1410460
Key Up;Z;1411109
Key Down;Z;1412396
Key Up;Z;1412797
Key Down;S;1413565
Key Up;S;1414013
Key Up;Q;1414117
Key Down;S;1415652
Key Down;Q;1416053
Key Up;S;1416172
Key Up;Q;1416389
Key Down;D;1416717
Key Up;D;1417029
Key Down;Q;1417076
Key Up;Q;1417148
Key Down;Q;1417325
Key Up;Q;1417509
Key Down;S;1417693
Key Up;S;1417805
Key Down;Q;1417852
Key Up;Q;1417949
Key Down;D;1418093
Key Up;D;1418109
Key Down;Q;1418629
Key Up;Q;1418844
Key Down;Q;1419037
Key Up;Q;1419188
Key Down;Q;1419461
Key Up;Q;1419589
Key Down;Z;1419605
Key Up;Z;1419693
Key Down;Q;1440357
Key Down;S;1440573
Key Up;Q;1440700
Key Down;Q;1441437
Key Up;S;1441613
Key Down;Z;1442181
Key Up;Q;1442276
Key Up;Z;1442300
Key Down;Z;1443509
Key Down;Q;1443837
Key Up;Z;1443925
Key Up;Q;1443989
Key Down;D;1444061
Key Down;Z;1444244
Key Up;D;1444413
Key Up;Z;1444453
Key Down;Q;1444773
Key Up;Q;1444845
Key Down;Z;1444996
Key Up;Z;1445125
Key Down;Z;1448797
Key Down;Q;1449157
Key Up;Q;1449260
Key Up;Z;1449284
Key Down;D;1449613
Key Up;D;1449821
Key Down;Q;1453021
Key Up;Q;1453124
Key Down;Q;1453645
Key Down;Z;1453749
Key Up;Z;1454125
Key Up;Q;1454229
Key Down;D;1454532
Key Up;D;1454749
Key Down;Q;1455172
Key Up;Q;1455381
Key Down;Q;1458285
Key Up;Q;1458492
Key Down;Q;1459572
Key Up;Q;1459716
Key Down;Q;1460620
Key Down;S;1461084
Key Up;S;1461476
Key Down;Z;1461701
Key Up;Z;1462060
Key Down;S;1462732
Key Up;Q;1462989
Key Up;S;1463188
Key Down;D;1463525
Key Up;D;1463645
Key Down;Z;1463877
Key Down;Q;1464005
Key Up;Z;1464053
Key Up;Q;1464085
Key Down;Q;1464476
Key Down;Z;1464661
Key Up;Q;1464700
Key Up;Z;1464788
Key Down;D;1465069
Key Down;S;1465189
Key Up;D;1465229
Key Up;S;1465405
Key Down;D;1465581
Key Down;S;1465613
Key Up;D;1465957
Key Up;S;1466645
Key Down;Z;1466804
Key Up;Z;1466972
Key Down;S;1467965
Key Up;S;1468132
Key Down;Z;1468309
Key Up;Z;1468749
Key Down;S;1471621
Key Up;S;1471757
Key Down;S;1471964
Key Up;S;1472132
Key Down;Z;1472301
Key Up;Z;1472476
Key Down;Z;1472941
Key Up;Z;1473076
Key Down;S;1473677
Key Up;S;1473812
Key Down;S;1474148
Key Up;S;1474300
Key Down;S;1474604
Key Down;Q;1475677
Key Up;S;1475725
Key Up;Q;1476068
Key Down;Q;1476621
Key Down;S;1476909
Key Up;Q;1477117
Key Up;S;1477149
Key Down;Q;1477509
Key Down;Z;1477709
Key Up;Q;1477845
Key Down;D;1477908
Key Up;Z;1477988
Key Up;D;1478332
Key Down;Q;1478372
Key Down;S;1478492
Key Up;Q;1478549
Key Down;D;1478629
Key Up;S;1478700
Key Down;Z;1479676
Key Up;D;1479748
Key Down;Q;1480685
Key Up;Q;1480788
Key Down;D;1480989
Key Up;D;1481156
Key Down;Q;1481821
Key Up;Z;1482148
Key Down;Z;1482372
Key Up;Z;1482604
Key Down;Z;1482804
Key Up;Q;1482853
Key Up;Z;1483005
Key Down;Z;1484429
Key Down;D;1484573
Key Up;Z;1484581
Key Up;D;1484709
Key Down;Q;1484773
Key Down;S;1484861
Key Up;Q;1484908
Key Down;Q;1485068
Key Up;Q;1485148
Key Down;D;1485348
Key Up;S;1485396
Key Up;D;1485604
Key Down;Z;1486988
Key Down;Q;1487069
Key Up;Z;1487093
Key Down;Z;1487397
Key Up;Z;1487485
Key Down;S;1487677
Key Up;S;1487860
Key Down;Z;1488084
Key Up;Q;1488212
Key Up;Z;1488853
Key Down;S;1489180
Key Up;S;1489348
Key Down;Z;1489804
Key Up;Z;1489925
Key Down;D;1490005
Key Up;D;1490285
Key Down;S;1490293
Key Down;D;1490301
Key Up;D;1490309
Key Down;D;1490357
Key Up;D;1490373
Key Up;S;1490381
Key Down;Z;1490628
Key Down;Q;1490796
Key Up;Q;1491068
Key Down;Q;1491317
Key Up;Q;1491781
Key Down;Q;1491956
Key Up;Z;1492268
Key Up;Q;1492396
Key Down;S;1492580
Key Up;S;1492612
Key Down;D;1493644
Key Up;D;1494261
Key Down;S;1494485
Key Down;Q;1494549
Key Up;S;1494581
Key Up;Q;1494844
Key Down;D;1495140
Key Down;Z;1495452
Key Up;D;1495508
Key Up;Z;1495629
Key Down;D;1496036
Key Down;S;1496085
Key Up;D;1496332
Key Up;S;1496565
Key Down;Q;1496732
Key Up;Q;1496876
Key Down;Z;1498237
Key Up;Z;1498341
Key Down;Q;1498493
Key Down;S;1498525
Key Up;Q;1498676
Key Down;Q;1499861
Key Up;Q;1499957
Key Down;D;1500164
Key Up;S;1500277
Key Down;Z;1502060
Key Up;Z;1502316
Key Down;Q;1502957
Key Up;Q;1502989
Key Up;D;1502997
Key Down;Q;1503085
Key Down;S;1503285
Key Up;Q;1503653
Key Up;S;1503804
Key Down;D;1504588
Key Down;Z;1504636
Key Up;Z;1505196
Key Up;D;1505221
Key Down;Q;1506564
Key Up;Q;1506764
Key Down;D;1508084
Key Up;D;1508165
Key Down;Q;1508869
Key Up;Q;1508933
Key Down;Q;1510148
Key Up;Q;1510285
Key Down;D;1511092
Key Down;S;1511412
Key Up;D;1511477
Key Down;Q;1511501
Key Up;S;1511525
Key Up;Q;1511981
Key Down;Q;1512092
Key Down;Z;1512765
Key Up;Z;1513181
Key Down;S;1513444
Key Up;S;1513725
Key Up;Q;1513749
Key Down;D;1514476
Key Down;Z;1514532
Key Up;Z;1514869
Key Up;D;1515252
Key Down;D;1521292
Key Down;Z;1521868
Key Up;D;1522004
Key Down;D;1522341
Key Up;Z;1522468
Key Up;D;1522828
Key Down;Q;1522965
Key Up;Q;1523276
Key Down;Q;1524116
Key Up;Q;1524261
Key Down;D;1524548
Key Up;D;1524661
Key Down;D;1525628
Key Up;D;1525972
Key Down;Q;1527397
Key Down;Z;1527804
Key Up;Q;1528013
Key Up;Z;1528021
Key Down;S;1528196
Key Up;S;1528348
Key Down;Z;1528605
Key Down;Q;1528828
Key Up;Q;1528957
Key Down;D;1529093
Key Up;Z;1529188
Key Up;D;1529220
Key Down;Q;1529284
Key Up;Q;1529388
Key Down;D;1529644
Key Down;Z;1529708
Key Up;Z;1529877
Key Up;D;1529893
Key Down;Q;1530060
Key Down;S;1530164
Key Up;Q;1530301
Key Down;D;1530604
Key Up;S;1530837
Key Down;S;1531084
Key Up;S;1531204
Key Down;Z;1531492
Key Up;Z;1531628
Key Down;S;1531780
Key Up;S;1532012
Key Down;Z;1532172
Key Up;Z;1532381
Key Up;D;1532524
Key Down;Z;1533013
Key Up;Z;1533108
Key Down;Z;1533332
Key Down;D;1533437
Key Up;Z;1533548
Key Up;D;1533620
Key Down;Z;1533805
Key Down;D;1533885
Key Up;Z;1533941
Key Up;D;1533965
Key Down;Q;1534012
Key Up;Q;1534228
Key Down;D;1534732
Key Up;D;1535396
Key Down;D;1535668
Key Down;S;1535877
Key Up;S;1536076
Key Up;D;1536540
Key Down;Q;1536708
Key Up;Q;1537909
Key Down;Q;1538772
Key Up;Q;1538900
Key Down;D;1539397
Key Up;D;1539540
Key Down;Q;1539620
Key Up;Q;1540196
Key Down;S;1540500
Key Down;D;1540652
Key Up;S;1540660
Key Up;D;1540868
Key Down;Q;1541116
Key Up;Q;1541261
Key Down;D;1541484
Key Down;S;1541924
Key Up;D;1541972
Key Up;S;1542092
Key Down;S;1542373
Key Down;D;1542845
Key Up;D;1543813
Key Up;S;1543852
Key Down;Q;1543956
Key Up;Q;1544084
Key Down;D;1544724
Key Down;S;1545084
Key Up;S;1545260
Key Up;D;1545356
Key Down;Q;1545445
Key Up;Q;1546237
Key Down;S;1546452
Key Down;D;1546564
Key Up;D;1546997
Key Down;Q;1547276
Key Up;S;1547348
Key Up;Q;1547580
Key Down;Q;1548196
Key Up;Q;1548756
Key Down;D;1548772
Key Down;Z;1549532
Key Up;D;1549604
Key Up;Z;1549932
Key Down;S;1550836
Key Down;Q;1550956
Key Up;Q;1551228
Key Up;S;1551236
Key Down;Q;1556428
Key Down;S;1556613
Key Up;S;1557004
Key Down;Z;1557229
Key Up;Z;1557612
Key Up;Q;1557636
Key Down;D;1557780
Key Down;S;1557844
Key Up;D;1557901
Key Up;S;1558252
Key Down;S;1559460
Key Down;D;1559556
Key Up;D;1559828
Key Up;S;1560004
Key Down;Z;1560205
Key Down;Q;1560372
Key Up;Q;1560652
Key Down;Q;1561149
Key Up;Q;1561661
Key Down;D;1561756
Key Up;D;1561948
Key Down;Q;1562276
Key Up;Z;1562556
Key Down;Z;1563100
Key Up;Q;1563957
Key Down;D;1564653
Key Up;D;1564764
Key Up;Z;1564852
Key Down;Q;1565620
Key Down;Z;1565652
Key Up;Z;1565892
Key Down;Z;1566397
Key Up;Q;1566556
Key Up;Z;1566772
Key Down;S;1567068
Key Down;D;1567197
Key Up;D;1567428
Key Down;Q;1568476
Key Up;S;1568532
Key Up;Q;1568677
Key Down;S;1569468
Key Down;D;1569596
Key Up;D;1569924
Key Down;Q;1570132
Key Up;Q;1570268
Key Down;D;1570341
Key Up;S;1570357
Key Down;Z;1570524
Key Up;Z;1570788
Key Up;D;1570965
Key Down;Q;1571309
Key Down;Z;1571316
Key Up;Q;1571476
Key Up;Z;1571716
Key Down;S;1572164
Key Down;D;1572212
Key Up;S;1572796
Key Up;D;1572893
Key Down;D;1573316
Key Down;Z;1573932
Key Up;D;1574052
Key Up;Z;1574100
Key Down;Q;1574181
Key Down;S;1574380
Key Up;S;1574716
Key Down;S;1575092
Key Up;Q;1575773
Key Down;D;1575940
Key Up;D;1576732
Key Up;S;1576828
Key Down;S;1576940
Key Down;Q;1577028
Key Up;S;1577668
Key Up;Q;1577844
Key Down;D;1577885
Key Up;D;1578060
Key Down;S;1578100
Key Up;S;1578284
Key Down;D;1578348
Key Down;Z;1578492
Key Up;D;1578716
Key Down;D;1578820
Key Up;D;1579356
Key Up;Z;1579372
Key Down;Q;1579540
Key Up;Q;1579941
Key Down;S;1583932
Key Down;D;1584013
Key Up;D;1584284
Key Up;S;1585044
Key Down;D;1585564
Key Down;Z;1585612
Key Up;Z;1585964
Key Up;D;1585996
Key Down;Q;1586732
Key Up;Q;1586900
Key Down;Z;1587908
Key Down;D;1587980
Key Up;Z;1588500
Key Up;D;1588980
Key Down;S;1589020
Key Down;D;1589068
Key Up;D;1589308
Key Up;S;1589388
Key Down;Q;1589972
Key Up;Q;1590132
Key Down;Q;1590372
Key Down;Z;1590748
Key Up;Z;1591068
Key Down;S;1591260
Key Up;Q;1591596
Key Down;Q;1591948
Key Up;S;1592284
Key Up;Q;1592292
Key Down;D;1592884
Key Up;D;1593148
Key Down;Q;1593220
Key Up;Q;1593292
Key Down;Z;1593516
Key Up;Z;1593732
Key Down;S;1594428
Key Down;D;1594660
Key Up;S;1595189
Key Up;D;1595276
Key Down;Q;1595660
Key Down;S;1595740
Key Up;Q;1595812
Key Up;S;1595844
Key Down;D;1596340
Key Down;Z;1596380
Key Up;Z;1596773
Key Down;S;1597028
Key Up;D;1597108
Key Down;Q;1597172
Key Up;S;1597244
Key Down;S;1597652
Key Up;Q;1597892
Key Down;Q;1598308
Key Up;Q;1598420
Key Up;S;1598980
Key Down;Q;1599012
Key Down;S;1599212
Key Up;Q;1599228
Key Down;D;1599413
Key Up;D;1599660
Key Up;S;1599804
Key Down;Q;1600212
Key Down;Z;1600364
Key Up;Z;1600668
Key Up;Q;1600733
Key Down;S;1600876
Key Down;D;1600908
Key Up;S;1601196
Key Up;D;1601468
Key Down;Q;1602164
Key Down;Z;1602212
Key Up;Q;1602548
Key Up;Z;1602748
Key Down;D;1602788
Key Down;S;1602916
Key Up;D;1603020
Key Up;S;1603820
Key Down;S;1604180
Key Up;S;1604404
Key Down;D;1604708
Key Down;S;1604868
Key Up;D;1604940
Key Up;S;1604972
Key Down;Q;1605092
Key Down;Z;1605132
Key Up;Q;1605156
Key Up;Z;1605172
Key Down;S;1605852
Key Down;Q;1605996
Key Up;S;1606620
Key Down;S;1606756
Key Up;Q;1606981
Key Up;S;1607172
Key Down;D;1607588
Key Down;S;1607788
Key Up;D;1607812
Key Up;S;1607893
Key Down;Q;1608428
Key Down;Z;1608700
Key Up;Q;1608724
Key Up;Z;1609020
Key Down;D;1609796
Key Down;Z;1610501
Key Up;D;1610525
Key Down;Q;1611516
Key Up;Q;1612004
Key Down;Q;1612756
Key Up;Z;1613436
Key Down;Z;1613740
Key Up;Z;1614388
Key Up;Q;1614572
Key Down;S;1615500
Key Up;S;1615532
Key Down;Q;1617308
Key Up;Q;1617420
Key Down;Q;1617460
Key Down;S;1617627
Key Up;S;1617788
Key Up;Q;1617844
Key Down;Z;1618052
Key Down;D;1618164
Key Up;D;1618588
Key Up;Z;1618620
Key Down;S;1619780
Key Down;Q;1619788
Key Up;Q;1620196
Key Up;S;1620372
Key Down;R;1621436
Key Up;R;1621492
Key Down;Z;1621732
Key Down;D;1621860
Key Up;D;1622228
Key Up;Z;1622556
Key Down;S;1623268
Key Up;S;1623516
Key Down;Z;1623772
Key Down;D;1623868
Key Up;D;1624236
Key Up;Z;1624436
Key Down;D;1624444
Key Down;Z;1624828
Key Up;Z;1625164
Key Down;Z;1625612
Key Up;Z;1625780
Key Up;D;1625940
Key Down;Q;1627044
Key Down;Z;1627172
Key Up;Q;1627236
Key Down;D;1627508
Key Up;Z;1627636
Key Down;S;1627812
Key Up;D;1628636
Key Up;S;1628716
Key Down;S;1628844
Key Down;Q;1629036
Key Up;S;1629108
Key Up;Q;1629372
Key Down;D;1637412
Key Down;S;1638236
Key Up;S;1638460
Key Up;D;1638468
Key Down;D;1639164
Key Down;S;1639236
Key Up;D;1639580
Key Up;S;1639596
Key Down;Q;1639844
Key Up;Q;1640420
Key Down;Z;1641644
Key Up;Z;1641788
Key Down;D;1642132
Key Up;D;1642604
Key Down;D;1643092
Key Down;S;1643116
Key Up;D;1643236
Key Up;S;1643307
Key Down;S;1644012
Key Up;S;1644076
Key Down;D;1644628
Key Up;D;1644907
Key Down;Q;1647500
Key Down;S;1647772
Key Up;S;1647900
Key Up;Q;1647916
Key Down;E;1648076
Key Up;E;1648156
Key Down;R;1649116
Key Up;R;1649180
Key Down;Q;1649516
Key Down;S;1649604
Key Up;Q;1649628
Key Up;S;1649867
