Event;Key;Time
Key Down;1;2925
Key Up;1;3054
Key Down;Z;4237
Key Up;Z;4405
Key Down;Z;4733
Key Up;Z;4837
Key Down;Z;7949
Key Up;Z;8149
Key Down;D;8349
Key Up;D;8525
Key Down;S;8773
Key Up;S;8941
Key Down;S;9373
Key Up;S;9565
Key Down;S;9749
Key Up;S;9862
Key Down;Bas;9989
Key Up;Bas;10133
Key Down;Droite;10974
Key Up;Droite;11093
Key Down;Haut;14358
Key Up;Haut;14461
Key Down;Gauche;15229
Key Up;Gauche;15325
Key Down;Bas;15798
Key Up;Bas;15957
Key Down;Gauche;16678
Key Up;Gauche;16789
Key Down;Haut;17013
Key Up;Haut;17125
Key Down;Gauche;17429
Key Up;Gauche;17549
Key Down;Haut;17837
Key Up;Haut;17949
Key Down;Droite;18293
Key Up;Droite;18413
Key Down;Gauche;18965
Key Up;Gauche;19093
Key Down;Haut;19222
Key Up;Haut;19325
Key Down;Droite;19702
Key Up;Droite;19829
Key Down;Bas;20525
Key Up;Bas;20621
Key Down;Haut;20765
Key Up;Haut;20925
Key Down;Droite;23365
Key Up;Droite;23477
Key Down;Haut;23653
Key Up;Haut;23765
Key Down;Gauche;24141
Key Up;Gauche;24325
Key Down;Bas;24877
Key Up;Bas;25013
Key Down;Droite;25357
Key Up;Droite;25485
Key Down;Haut;25909
Key Up;Haut;26013
Key Down;Droite;26397
Key Up;Droite;26493
Key Down;Gauche;26757
Key Up;Gauche;26949
Key Down;Haut;27397
Key Up;Haut;27509
Key Down;Gauche;27797
Key Up;Gauche;27901
Key Down;Bas;29925
Key Up;Bas;30045
Key Down;Droite;30341
Key Up;Droite;30461
Key Down;Gauche;31485
Key Up;Gauche;31597
Key Down;Bas;31693
Key Up;Bas;31782
Key Down;Droite;32085
Key Up;Droite;32221
Key Down;Droite;32558
Key Up;Droite;32669
Key Down;Haut;33494
Key Up;Haut;33565
Key Down;Gauche;33981
Key Up;Gauche;34085
Key Down;Haut;35909
Key Up;Haut;36021
Key Down;Gauche;36421
Key Up;Gauche;36541
Key Down;Bas;37157
Key Up;Bas;37261
Key Down;Gauche;42413
Key Up;Gauche;42501
Key Down;Bas;42685
Key Up;Bas;42757
Key Down;Gauche;43205
Key Down;Bas;43253
Key Up;Gauche;43261
Key Up;Bas;43397
Key Down;Droite;43598
Key Up;Droite;43765
Key Down;Bas;44077
Key Up;Bas;44173
Key Down;Gauche;44525
Key Up;Gauche;44621
Key Down;Bas;44934
Key Up;Bas;45045
Key Down;Gauche;45389
Key Up;Gauche;45493
Key Down;Haut;45733
Key Up;Haut;45837
Key Down;Droite;46590
Key Up;Droite;46733
Key Down;Haut;46949
Key Up;Haut;47061
Key Down;Gauche;47453
Key Up;Gauche;47580
Key Down;Bas;48261
Key Up;Bas;48421
Key Down;Haut;48709
Key Up;Haut;48837
Key Down;Bas;50293
Key Up;Bas;50469
Key Down;Droite;50853
Key Up;Droite;50965
Key Down;Haut;51213
Key Up;Haut;51341
Key Down;Droite;51621
Key Up;Droite;51741
Key Down;Haut;51965
Key Up;Haut;52101
Key Down;Gauche;52597
Key Up;Gauche;52717
Key Down;Gauche;53254
Key Up;Gauche;53333
Key Down;Haut;53742
Key Up;Haut;53837
Key Down;Gauche;54245
Key Up;Gauche;54405
Key Down;Haut;54926
Key Up;Haut;55061
Key Down;Droite;55421
Key Up;Droite;55637
Key Down;Bas;55949
Key Up;Bas;56109
Key Down;Gauche;56349
Key Up;Gauche;56501
Key Down;Bas;56709
Key Up;Bas;56861
Key Down;Droite;57573
Key Up;Droite;57740
Key Down;Gauche;58797
Key Up;Gauche;59013
Key Down;Haut;59293
Key Up;Haut;59397
Key Down;Droite;59781
Key Up;Droite;59941
Key Down;Haut;60253
Key Up;Haut;60381
Key Down;Bas;68085
Key Up;Bas;68173
Key Down;Droite;68957
Key Up;Droite;69125
Key Down;Haut;69581
Key Up;Haut;69677
Key Down;Droite;70276
Key Up;Droite;70389
Key Down;Bas;70949
Key Up;Bas;71069
Key Down;Gauche;71341
Key Up;Gauche;71461
Key Down;Bas;71693
Key Up;Bas;71813
Key Down;Gauche;72061
Key Up;Gauche;72205
Key Down;Droite;72309
Key Up;Droite;72493
Key Down;Haut;74685
Key Up;Haut;74789
Key Down;Gauche;75501
Key Up;Gauche;75621
Key Down;Bas;76053
Key Up;Bas;76189
Key Down;Gauche;76837
Key Up;Gauche;76973
Key Down;Haut;77173
Key Up;Haut;77261
Key Down;Gauche;77565
Key Up;Gauche;77661
Key Down;Haut;77965
Key Up;Haut;78117
Key Down;Droite;78358
Key Up;Droite;78493
Key Down;Gauche;79069
Key Up;Gauche;79173
Key Down;Haut;79325
Key Up;Haut;79437
Key Down;Droite;79829
Key Up;Droite;79980
Key Down;Bas;80565
Key Up;Bas;80668
Key Down;Droite;81117
Key Up;Droite;81237
Key Down;Bas;81549
Key Up;Bas;81669
Key Down;Gauche;82237
Key Up;Gauche;82364
Key Down;Haut;82749
Key Up;Haut;82885
Key Down;Droite;83357
Key Up;Droite;83557
Key Down;Haut;83725
Key Up;Haut;83821
Key Down;Gauche;86197
Key Up;Gauche;86333
Key Down;Haut;86597
Key Up;Haut;86716
Key Down;Droite;87013
Key Up;Droite;87205
Key Down;Bas;87613
Key Up;Bas;87749
Key Down;Gauche;88021
Key Up;Gauche;88149
Key Down;Bas;90165
Key Up;Bas;90349
Key Down;Droite;90637
Key Up;Droite;90845
Key Down;Haut;91437
Key Up;Haut;91597
Key Down;Gauche;91957
Key Up;Gauche;92093
Key Down;Haut;92245
Key Up;Haut;92421
Key Down;Gauche;92725
Key Up;Gauche;92949
Key Down;Bas;93917
Key Up;Bas;94053
Key Down;Gauche;99317
Key Up;Gauche;99413
Key Down;Haut;100333
Key Up;Haut;100461
Key Down;Gauche;100725
Key Up;Gauche;100869
Key Down;Haut;101517
Key Up;Haut;101605
Key Down;Bas;102037
Key Up;Bas;102341
Key Down;Haut;102725
Key Up;Haut;102869
Key Down;Droite;105085
Key Up;Droite;105212
Key Down;Bas;105413
Key Up;Bas;105525
Key Down;Gauche;105813
Key Up;Gauche;105933
Key Down;Droite;106181
Key Up;Droite;106332
Key Down;Haut;106981
Key Up;Haut;107101
Key Down;Droite;107517
Key Up;Droite;107629
Key Down;Gauche;107709
Key Up;Gauche;107861
Key Down;Haut;108637
Key Up;Haut;108757
Key Down;Gauche;109061
Key Up;Gauche;109189
Key Down;Bas;109733
Key Up;Bas;109845
Key Down;Droite;110213
Key Up;Droite;110405
Key Down;Bas;112804
Key Up;Bas;112981
Key Down;Gauche;128861
Key Up;Gauche;128973
Key Down;Bas;129253
Key Up;Bas;129364
Key Down;Gauche;129613
Key Up;Gauche;129757
Key Down;Bas;129973
Key Up;Bas;130092
Key Down;Droite;130309
Key Up;Droite;130453
Key Down;Haut;131125
Key Up;Haut;131252
Key Down;Gauche;131397
Key Up;Gauche;131564
Key Down;Droite;131765
Key Up;Droite;131981
Key Down;Bas;132076
Key Up;Bas;132245
Key Down;Droite;132421
Key Up;Droite;132565
Key Down;Haut;134101
Key Up;Haut;134220
Key Down;Haut;134629
Key Up;Haut;134797
Key Down;Gauche;135045
Key Up;Gauche;135229
Key Down;Droite;135501
Key Up;Droite;135517
Key Down;Haut;135565
Key Up;Haut;135693
Key Down;Gauche;136021
Key Up;Gauche;136173
Key Down;Haut;136277
Key Up;Haut;136453
Key Down;Gauche;136645
Key Up;Gauche;136821
Key Down;Bas;136941
Key Up;Bas;137133
Key Down;Gauche;137549
Key Up;Gauche;137573
Key Down;Haut;137621
Key Up;Haut;137741
Key Down;Gauche;137901
Key Up;Gauche;138109
Key Down;Bas;139645
Key Up;Bas;139749
Key Down;Haut;139901
Key Up;Haut;140037
Key Down;Droite;140221
Key Up;Droite;140365
Key Down;Haut;140533
Key Up;Haut;140701
Key Down;Gauche;140980
Key Up;Gauche;141109
Key Down;Haut;141261
Key Up;Haut;141420
Key Down;Droite;141677
Key Up;Droite;141812
Key Down;Bas;142733
Key Up;Bas;142869
Key Down;Haut;143020
Key Up;Haut;143181
Key Down;Droite;143853
Key Up;Droite;143940
Key Down;Haut;144173
Key Up;Haut;144308
Key Down;Gauche;144525
Key Up;Gauche;144717
Key Down;Haut;145149
Key Up;Haut;145293
Key Down;Droite;145573
Key Up;Droite;145749
Key Down;Haut;146117
Key Up;Haut;146276
Key Down;Bas;146957
Key Up;Bas;147109
Key Down;Bas;148141
Key Up;Bas;148277
Key Down;Gauche;148708
Key Up;Gauche;148861
Key Down;Haut;149021
Key Up;Haut;149149
Key Down;Gauche;149325
Key Up;Gauche;149612
Key Down;Haut;149901
Key Up;Haut;150061
Key Down;Droite;150333
Key Up;Droite;150517
Key Down;Bas;151301
Key Up;Bas;151469
Key Down;Gauche;151981
Key Up;Gauche;152364
Key Down;Bas;152461
Key Up;Bas;152909
Key Down;Droite;153701
Key Up;Droite;153885
Key Down;Bas;154261
Key Up;Bas;154452
Key Down;Droite;154589
Key Up;Droite;154853
Key Down;Bas;155868
Key Up;Bas;155980
Key Down;Gauche;156213
Key Up;Gauche;156381
Key Down;Gauche;156412
Key Up;Gauche;156469
Key Down;Bas;156605
Key Up;Bas;156989
Key Down;Droite;157140
Key Up;Droite;157333
Key Down;Haut;157685
Key Up;Haut;157813
Key Down;Gauche;158397
Key Up;Gauche;158541
Key Down;Haut;158557
Key Up;Haut;158765
Key Down;Gauche;159501
Key Up;Gauche;159637
Key Down;Haut;159645
Key Up;Haut;159812
Key Down;Droite;160165
Key Up;Droite;160492
Key Down;Bas;160701
Key Up;Bas;160949
Key Down;Gauche;161716
Key Up;Gauche;161901
Key Down;Droite;161996
Key Up;Droite;162277
Key Down;Bas;162893
Key Up;Bas;163037
Key Down;Droite;163205
Key Up;Droite;163477
Key Down;Haut;163709
Key Up;Haut;163900
Key Down;Gauche;164333
Key Up;Gauche;164541
Key Down;Haut;165229
Key Up;Haut;165397
Key Down;Gauche;166789
Key Up;Gauche;166900
Key Down;Bas;167941
Key Up;Bas;168125
Key Down;Droite;168781
Key Up;Droite;169189
Key Down;Bas;169493
Key Up;Bas;169605
Key Down;Haut;169764
Key Up;Haut;169885
Key Down;Gauche;170093
Key Up;Gauche;170301
Key Down;Haut;170381
Key Up;Haut;170605
Key Down;Droite;170757
Key Up;Droite;170933
Key Down;Haut;171061
Key Up;Haut;171173
Key Down;Droite;171485
Key Up;Droite;171772
Key Down;Haut;172005
Key Up;Haut;172141
Key Down;Droite;172821
Key Up;Droite;172988
Key Down;Gauche;173917
Key Up;Gauche;174077
Key Down;Droite;174989
Key Up;Droite;175253
Key Down;Droite;175605
Key Up;Droite;175709
Key Down;Bas;176084
Key Up;Bas;176197
Key Down;Gauche;176357
Key Up;Gauche;176509
Key Down;Bas;176765
Key Up;Bas;176948
Key Down;Gauche;177117
Key Up;Gauche;177333
Key Down;Haut;177629
Key Up;Haut;177749
Key Down;Gauche;178109
Key Up;Gauche;178213
Key Down;Bas;184701
Key Up;Bas;184804
Key Down;Gauche;185060
Key Up;Gauche;185140
Key Down;Bas;185429
Key Up;Bas;185525
Key Down;Gauche;185797
Key Up;Gauche;185925
Key Down;Droite;186309
Key Up;Droite;186460
Key Down;Haut;189365
Key Up;Haut;189468
Key Down;Gauche;189677
Key Up;Gauche;189813
Key Down;Haut;190149
Key Up;Haut;190285
Key Down;Gauche;190581
Key Up;Gauche;190717
Key Down;Bas;190956
Key Up;Bas;191125
Key Down;Haut;191541
Key Up;Haut;191645
Key Down;Gauche;191757
Key Up;Gauche;191901
Key Down;Bas;192437
Key Up;Bas;192557
Key Down;Gauche;192732
Key Up;Gauche;192877
Key Down;Haut;193053
Key Up;Haut;193205
Key Down;Gauche;193413
Key Up;Gauche;193613
Key Down;Haut;194069
Key Up;Haut;194221
Key Down;Gauche;194532
Key Up;Gauche;194677
Key Down;Haut;194908
Key Up;Haut;195053
Key Down;Bas;195893
Key Up;Bas;196021
Key Down;Haut;196349
Key Up;Haut;196469
Key Down;Gauche;196940
Key Up;Gauche;197069
Key Down;Haut;197213
Key Up;Haut;197332
Key Down;Droite;197629
Key Up;Droite;197797
Key Down;Haut;198236
Key Up;Haut;198389
Key Down;Gauche;198717
Key Up;Gauche;198893
Key Down;1;206381
Key Up;1;206508
Key Down;Gauche;210149
Key Up;Gauche;210301
Key Down;Haut;211245
Key Up;Haut;211356
Key Down;Gauche;211549
Key Up;Gauche;211661
Key Down;Gauche;212101
Key Up;Gauche;212213
Key Down;Bas;212996
Key Up;Bas;213117
Key Down;Droite;213356
Key Up;Droite;213533
Key Down;Bas;213932
Key Up;Bas;214036
Key Down;Gauche;214301
Key Up;Gauche;214428
Key Down;Droite;215429
Key Up;Droite;215524
Key Down;Bas;215980
Key Up;Bas;216100
Key Down;Droite;216836
Key Up;Droite;216988
Key Down;Haut;217341
Key Up;Haut;217452
Key Down;Droite;217805
Key Up;Droite;217932
Key Down;Haut;218252
Key Up;Haut;218364
Key Down;Droite;218685
Key Up;Droite;218804
Key Down;Haut;220396
Key Up;Haut;220501
Key Down;Droite;223212
Key Up;Droite;223324
Key Down;Haut;223372
Key Up;Haut;223493
Key Down;Gauche;223916
Key Up;Gauche;224124
Key Down;Bas;224597
Key Up;Bas;224700
Key Down;Droite;224997
Key Up;Droite;225133
Key Down;Gauche;225340
Key Up;Gauche;225460
Key Down;Bas;225716
Key Up;Bas;225852
Key Down;Droite;226117
Key Up;Droite;226149
Key Down;Bas;226661
Key Up;Bas;226764
Key Down;Gauche;226965
Key Up;Gauche;227077
Key Down;Bas;227357
Key Up;Bas;227477
Key Down;Gauche;227876
Key Up;Gauche;227965
Key Down;Haut;228645
Key Up;Haut;228788
Key Down;Droite;229181
Key Up;Droite;229253
Key Down;Haut;229581
Key Up;Haut;229676
Key Down;Gauche;230469
Key Up;Gauche;230644
Key Down;Droite;231949
Key Up;Droite;232093
Key Down;Gauche;232364
Key Up;Gauche;232628
Key Down;Bas;232757
Key Up;Bas;232908
Key Down;Droite;233140
Key Up;Droite;233364
Key Down;Gauche;233805
Key Up;Gauche;234117
Key Down;Haut;234725
Key Up;Haut;234892
Key Down;Gauche;235077
Key Up;Gauche;235300
Key Down;Bas;235685
Key Up;Bas;235837
Key Down;Droite;241285
Key Up;Droite;241300
Key Down;Droite;241724
Key Up;Droite;241813
Key Down;Bas;242188
Key Up;Bas;242325
Key Down;Droite;242637
Key Up;Droite;242749
Key Down;Bas;243060
Key Up;Bas;243156
Key Down;Droite;243500
Key Up;Droite;243620
Key Down;Gauche;244613
Key Up;Gauche;244732
Key Down;Droite;246781
Key Up;Droite;246989
Key Down;Haut;248140
Key Up;Haut;248237
Key Down;Gauche;249076
Key Up;Gauche;249205
Key Down;Haut;249365
Key Up;Haut;249532
Key Down;Droite;249901
Key Up;Droite;250085
Key Down;Bas;250661
Key Up;Bas;250828
Key Down;Droite;251101
Key Up;Droite;251276
Key Down;Bas;251381
Key Up;Bas;251532
Key Down;Haut;251988
Key Up;Haut;252189
Key Down;Bas;252596
Key Up;Bas;253453
Key Down;Gauche;253700
Key Up;Gauche;256676
Key Down;Haut;256684
Key Up;Haut;257381
Key Down;Droite;257492
Key Up;Droite;257629
Key Down;Haut;257692
Key Up;Haut;258069
Key Down;Gauche;260188
Key Up;Gauche;260340
Key Down;Haut;260476
Key Up;Haut;260661
Key Down;Droite;261061
Key Up;Droite;261397
Key Down;Bas;261645
Key Up;Bas;261820
Key Down;Gauche;261981
Key Up;Gauche;262125
Key Down;Bas;262229
Key Up;Bas;262292
Key Down;Droite;262300
Key Up;Droite;262484
Key Down;Bas;262645
Key Up;Bas;262796
Key Down;Droite;263101
Key Up;Droite;263404
Key Down;Haut;264933
Key Up;Haut;265052
Key Down;Droite;265492
Key Up;Droite;265749
Key Down;Gauche;271180
Key Up;Gauche;271277
Key Down;Haut;272812
Key Up;Haut;272908
Key Down;Bas;274660
Key Up;Bas;274805
Key Down;Droite;275877
Key Up;Droite;275996
Key Down;Bas;276596
Key Up;Bas;276756
Key Down;Droite;277020
Key Up;Droite;277148
Key Down;Haut;278237
Key Up;Haut;278356
Key Down;Haut;278996
Key Up;Haut;279093
Key Down;Gauche;281492
Key Up;Gauche;281604
Key Down;Haut;284492
Key Up;Haut;284620
Key Down;Droite;284933
Key Up;Droite;285052
Key Down;Bas;285444
Key Up;Bas;285660
Key Down;Droite;286404
Key Up;Droite;286604
Key Down;Droite;287085
Key Up;Droite;287317
Key Down;Droite;287485
Key Up;Droite;287628
Key Down;Haut;288205
Key Up;Haut;288332
Key Down;Gauche;289668
Key Up;Gauche;289852
Key Down;Bas;291588
Key Up;Bas;291692
Key Down;Droite;293861
Key Up;Droite;293972
Key Down;Bas;294117
Key Up;Bas;294260
Key Down;Droite;294996
Key Up;Droite;295124
Key Down;Haut;297044
Key Up;Haut;297140
Key Down;Droite;297668
Key Up;Droite;297884
Key Down;Bas;298324
Key Up;Bas;298460
Key Down;Gauche;299284
Key Up;Gauche;299548
Key Down;Gauche;299660
Key Up;Gauche;299732
Key Down;Haut;300029
Key Up;Haut;300252
Key Down;Gauche;301556
Key Up;Gauche;301660
Key Down;Gauche;302837
Key Up;Gauche;302964
Key Down;Haut;303277
Key Up;Haut;303404
Key Down;Gauche;303652
Key Up;Gauche;303788
Key Down;Bas;304004
Key Up;Bas;304172
Key Down;Gauche;304429
Key Up;Gauche;304612
Key Down;Bas;305036
Key Up;Bas;305140
Key Down;Haut;305413
Key Up;Haut;305644
Key Down;Droite;305877
Key Up;Droite;306076
Key Down;Gauche;306668
Key Up;Gauche;306844
Key Down;Bas;306989
Key Up;Bas;307116
Key Down;Gauche;307316
Key Up;Gauche;307612
Key Down;Haut;308365
Key Up;Haut;308508
Key Down;Droite;309333
Key Up;Droite;309500
Key Down;Haut;311276
Key Up;Haut;311396
Key Down;Droite;311700
Key Up;Droite;311916
Key Down;Haut;312453
Key Up;Haut;312644
Key Down;Droite;314236
Key Up;Droite;314364
Key Down;Haut;314557
Key Up;Haut;314684
Key Down;Gauche;315068
Key Up;Gauche;315548
Key Down;Bas;315644
Key Up;Bas;315820
Key Down;Gauche;316460
Key Up;Gauche;316628
Key Down;Haut;317244
Key Up;Haut;317372
Key Down;Droite;317772
Key Up;Droite;317892
Key Down;Haut;318085
Key Up;Haut;318180
Key Down;Gauche;318381
Key Up;Gauche;318596
Key Down;Bas;319636
Key Up;Bas;319724
Key Down;Bas;336412
Key Up;Bas;336500
Key Down;Droite;336781
Key Up;Droite;336860
Key Down;Bas;337092
Key Up;Bas;337212
Key Down;Droite;337468
Key Up;Droite;337524
Key Down;Haut;338684
Key Up;Haut;338756
Key Down;Droite;339460
Key Up;Droite;339571
Key Down;Haut;339748
Key Up;Haut;339844
Key Down;Bas;340012
Key Up;Bas;340164
Key Down;Droite;340692
Key Up;Droite;340804
Key Down;Bas;341028
Key Up;Bas;341188
Key Down;Gauche;341436
Key Up;Gauche;341564
Key Down;Haut;341996
Key Up;Haut;342116
Key Down;Gauche;342300
Key Up;Gauche;342388
Key Down;Bas;342940
Key Up;Bas;343044
Key Down;Gauche;343196
Key Up;Gauche;343340
Key Down;Haut;344324
Key Up;Haut;344452
Key Down;Droite;344717
Key Up;Droite;344804
Key Down;Gauche;345004
Key Up;Gauche;345156
Key Down;Haut;345292
Key Up;Haut;345412
Key Down;Bas;345924
Key Up;Bas;346060
Key Down;Gauche;346628
Key Up;Gauche;346804
Key Down;Droite;347348
Key Up;Droite;347540
Key Down;Gauche;347732
Key Up;Gauche;347788
Key Down;Gauche;352236
Key Up;Gauche;352340
Key Down;Gauche;353332
Key Up;Gauche;353380
Key Down;Haut;353612
Key Up;Haut;353700
Key Down;Gauche;353908
Key Up;Gauche;354028
Key Down;Haut;355028
Key Up;Haut;355124
Key Down;Gauche;355540
Key Up;Gauche;355612
Key Down;Haut;355828
Key Up;Haut;355972
Key Down;Droite;356228
Key Up;Droite;356420
Key Down;Haut;356868
Key Up;Haut;356979
Key Down;Gauche;357148
Key Up;Gauche;357300
Key Down;Haut;357811
Key Up;Haut;357924
Key Down;Droite;358708
Key Up;Droite;358892
Key Down;Haut;359764
Key Up;Haut;359860
Key Down;Droite;360132
Key Up;Droite;360244
Key Down;Bas;361340
Key Up;Bas;361444
Key Down;Gauche;361684
Key Up;Gauche;361787
Key Down;Bas;362012
Key Up;Bas;362108
Key Down;Gauche;362476
Key Up;Gauche;362580
Key Down;Haut;362868
Key Up;Haut;362980
Key Down;Gauche;363348
Key Up;Gauche;363468
Key Down;Bas;363732
Key Up;Bas;363836
Key Down;Gauche;364108
Key Up;Gauche;364204
Key Down;Bas;364788
Key Up;Bas;364900
Key Down;Haut;365060
Key Up;Haut;365204
Key Down;Droite;365468
Key Up;Droite;365636
Key Down;Haut;366028
Key Up;Haut;366132
Key Down;Droite;366676
Key Up;Droite;366772
Key Down;Bas;367780
Key Up;Bas;367916
Key Down;Droite;368100
Key Up;Droite;368244
Key Down;Bas;369068
Key Up;Bas;369164
Key Down;Bas;369588
Key Up;Bas;369684
Key Down;Gauche;370268
Key Up;Gauche;370444
Key Down;Haut;370660
Key Up;Haut;370812
Key Down;Gauche;370988
Key Up;Gauche;371132
Key Down;Haut;371364
Key Up;Haut;371548
Key Down;Haut;371788
Key Up;Haut;371908
Key Down;Bas;372212
Key Up;Bas;372372
Key Down;Droite;372564
Key Up;Droite;372683
Key Down;Bas;373076
Key Up;Bas;373219
Key Down;Gauche;373412
Key Up;Gauche;373540
Key Down;Bas;373580
Key Up;Bas;373732
Key Down;Droite;374180
Key Up;Droite;374363
Key Down;Haut;374500
Key Up;Haut;374588
Key Down;Droite;375011
Key Up;Droite;375100
Key Down;Bas;375980
Key Up;Bas;376035
Key Down;Gauche;377164
Key Up;Gauche;377268
Key Down;Bas;377740
Key Up;Bas;377868
Key Down;Droite;378140
Key Up;Droite;378308
Key Down;1;387244
Key Up;1;387308
Key Down;Gauche;391116
Key Up;Gauche;391211
Key Down;Haut;392020
Key Up;Haut;392140
Key Down;Gauche;392404
Key Up;Gauche;392524
Key Down;Haut;393092
Key Up;Haut;393260
Key Down;Haut;393715
Key Up;Haut;393819
Key Down;Droite;396036
Key Up;Droite;396124
Key Down;Gauche;396268
Key Up;Gauche;396492
Key Down;Haut;396724
Key Up;Haut;396876
Key Down;Droite;397124
Key Up;Droite;397548
Key Down;Bas;397764
Key Up;Bas;398020
Key Down;Droite;399723
Key Up;Droite;399916
Key Down;Haut;400588
Key Up;Haut;400828
Key Down;Haut;401515
Key Up;Haut;401652
Key Down;Droite;402028
Key Up;Droite;402236
Key Down;Haut;402812
Key Up;Haut;402964
Key Down;Gauche;403204
Key Up;Gauche;403411
Key Down;Bas;404292
Key Up;Bas;404388
Key Down;Haut;404516
Key Up;Haut;404707
Key Down;Droite;404803
Key Up;Droite;405492
Key Down;Gauche;405660
Key Up;Gauche;406204
Key Down;Bas;406572
Key Up;Bas;406756
Key Down;Droite;406852
Key Up;Droite;407084
Key Down;Haut;407108
Key Down;Droite;407236
Key Up;Haut;407251
Key Up;Droite;407315
Key Down;Haut;407476
Key Up;Haut;407572
Key Down;Bas;408412
Key Up;Bas;408419
Key Down;Bas;414923
Key Up;Bas;415052
Key Down;Droite;415820
Key Up;Droite;415948
Key Down;Haut;418204
Key Up;Haut;418316
Key Down;Haut;418812
Key Up;Haut;418924
Key Down;Haut;419100
Key Up;Haut;419196
Key Down;Gauche;419908
Key Up;Gauche;420028
Key Down;Bas;420484
Key Up;Bas;420579
Key Down;Gauche;421260
Key Up;Gauche;421380
Key Down;Haut;421612
Key Up;Haut;421732
Key Down;Gauche;422004
Key Up;Gauche;422132
Key Down;Haut;422451
Key Up;Haut;422540
Key Down;Droite;422796
Key Up;Droite;422916
Key Down;Haut;424004
Key Up;Haut;424091
Key Down;Gauche;426540
Key Up;Gauche;426700
Key Down;Bas;427820
Key Up;Bas;427980
Key Down;Droite;428020
Key Up;Droite;428348
Key Down;Droite;428484
Key Up;Droite;428604
Key Down;Haut;429204
Key Up;Haut;429299
Key Down;Haut;429404
Key Up;Haut;429468
Key Down;Haut;429564
Key Up;Haut;429619
Key Down;Droite;430532
Key Up;Droite;430596
Key Down;Bas;431340
Key Up;Bas;431476
Key Down;Gauche;431844
Key Up;Gauche;431940
Key Down;Bas;434556
Key Up;Bas;434676
Key Down;Gauche;436844
Key Up;Gauche;436955
Key Down;Bas;437164
Key Up;Bas;437291
Key Down;Droite;437955
Key Up;Droite;438084
Key Down;Haut;438540
Key Up;Haut;438691
Key Down;Droite;439316
Key Up;Droite;439412
Key Down;Bas;440140
Key Up;Bas;440284
Key Down;Gauche;440452
Key Up;Gauche;440620
Key Down;Bas;440908
Key Up;Bas;441092
Key Down;Droite;441220
Key Up;Droite;441508
Key Down;Haut;442811
Key Up;Haut;442900
Key Down;Droite;443412
Key Up;Droite;443644
Key Down;Haut;443940
Key Up;Haut;444011
Key Down;Gauche;444228
Key Up;Gauche;444372
Key Down;Bas;444932
Key Up;Bas;445076
Key Down;Droite;449716
Key Up;Droite;449828
Key Down;Droite;450220
Key Up;Droite;450307
Key Down;Droite;450659
Key Up;Droite;450732
Key Down;Droite;451148
Key Up;Droite;451276
Key Down;Haut;452068
Key Up;Haut;452172
Key Down;Gauche;457524
Key Up;Gauche;457644
Key Down;Haut;458716
Key Up;Haut;458827
Key Down;Gauche;459084
Key Up;Gauche;459164
Key Down;Bas;459796
Key Up;Bas;459899
Key Down;Gauche;460140
Key Up;Gauche;460292
Key Down;Bas;460484
Key Up;Bas;460595
Key Down;Droite;461276
Key Up;Droite;461396
Key Down;Haut;464516
Key Up;Haut;464603
Key Down;Gauche;465324
Key Up;Gauche;465443
Key Down;Bas;466676
Key Up;Bas;466772
Key Down;Droite;466956
Key Up;Droite;467108
Key Down;Bas;467420
Key Up;Bas;467516
Key Down;Droite;467787
Key Up;Droite;467980
Key Down;Haut;469051
Key Up;Haut;469180
Key Down;Droite;469763
Key Up;Droite;469900
Key Down;Haut;470188
Key Up;Haut;470260
Key Down;Gauche;470764
Key Up;Gauche;470844
Key Down;Haut;471004
Key Up;Haut;471091
Key Down;Gauche;473660
Key Up;Gauche;473748
Key Down;Haut;473972
Key Up;Haut;474124
Key Down;Droite;474516
Key Up;Droite;474604
Key Down;Gauche;475004
Key Up;Gauche;475076
Key Down;Droite;475436
Key Up;Droite;475556
Key Down;Gauche;475852
Key Up;Gauche;475964
Key Down;Bas;476308
Key Up;Bas;476428
Key Down;Gauche;476620
Key Up;Gauche;476747
Key Down;Haut;476988
Key Up;Haut;477116
Key Down;Gauche;477324
Key Up;Gauche;477476
Key Down;Bas;478500
Key Up;Bas;478636
Key Down;Gauche;478828
Key Up;Gauche;478995
Key Down;Haut;479868
Key Up;Haut;479988
Key Down;Droite;480212
Key Up;Droite;480347
Key Down;Bas;480836
Key Up;Bas;481051
Key Down;Droite;481236
Key Up;Droite;481411
Key Down;Droite;481995
Key Up;Droite;482140
Key Down;Bas;482700
Key Up;Bas;482891
Key Down;Gauche;483052
Key Up;Gauche;483267
Key Down;Haut;483924
Key Up;Haut;484060
Key Down;Gauche;485516
Key Up;Gauche;485676
Key Down;Gauche;486060
Key Up;Gauche;486180
Key Down;Bas;486724
Key Up;Bas;486868
Key Down;Droite;487148
Key Up;Droite;487276
Key Down;Bas;487452
Key Up;Bas;487572
Key Down;Gauche;490035
Key Up;Gauche;490148
Key Down;Bas;490372
Key Up;Bas;490523
Key Down;Haut;490707
Key Up;Haut;490844
Key Down;1;498691
Key Up;1;498924
Key Down;Gauche;502164
Key Up;Gauche;502308
Key Down;Gauche;502899
Key Up;Gauche;503036
Key Down;Haut;503540
Key Up;Haut;503659
Key Down;Gauche;503884
Key Up;Gauche;503996
Key Down;Haut;504939
Key Up;Haut;505020
Key Down;Bas;505396
Key Up;Bas;505540
Key Down;Gauche;510492
Key Up;Gauche;510587
Key Down;Droite;511147
Key Up;Droite;511244
Key Down;Haut;511899
Key Up;Haut;511995
Key Down;Droite;512348
Key Up;Droite;512444
Key Down;Bas;513227
Key Up;Bas;513324
Key Down;Gauche;513723
Key Up;Gauche;513820
Key Down;Droite;514467
Key Up;Droite;514555
Key Down;Bas;514691
Key Up;Bas;514755
Key Down;Gauche;515548
Key Up;Gauche;515643
Key Down;Haut;515980
Key Up;Haut;516068
Key Down;Gauche;516300
Key Up;Gauche;516395
Key Down;Haut;516780
Key Up;Haut;516891
Key Down;Droite;517220
Key Up;Droite;517284
Key Down;Haut;517667
Key Up;Haut;517739
Key Down;Droite;518059
Key Up;Droite;518196
Key Down;Haut;518739
Key Up;Haut;518819
Key Down;Gauche;521204
Key Up;Gauche;521284
Key Down;Bas;524163
Key Up;Bas;524236
Key Down;Bas;524716
Key Up;Bas;524843
Key Down;Haut;525211
Key Up;Haut;525324
Key Down;Bas;525700
Key Up;Bas;525828
Key Down;Droite;526060
Key Up;Droite;526195
Key Down;Haut;526627
Key Up;Haut;526764
Key Down;Gauche;527036
Key Up;Gauche;527212
Key Down;Bas;527875
Key Up;Bas;527979
Key Down;Droite;528068
Key Up;Droite;528243
Key Down;Droite;528411
Key Up;Droite;528539
Key Down;Droite;529356
Key Up;Droite;529444
Key Down;Bas;529667
Key Up;Bas;529771
Key Down;Gauche;530051
Key Up;Gauche;530179
Key Down;Gauche;530724
Key Up;Gauche;530836
Key Down;Gauche;531195
Key Up;Gauche;531371
Key Down;Bas;531804
Key Up;Bas;531907
Key Down;Droite;534411
Key Up;Droite;534508
Key Down;Gauche;535124
Key Up;Gauche;535251
Key Down;Gauche;541435
Key Up;Gauche;541516
Key Down;Bas;543075
Key Up;Bas;543188
Key Down;Droite;544003
Key Up;Droite;544187
Key Down;Haut;544675
Key Up;Haut;544788
Key Down;Droite;545340
Key Up;Droite;545571
Key Down;Bas;546123
Key Up;Bas;546308
Key Down;Gauche;546452
Key Up;Gauche;546692
Key Down;Bas;546796
Key Up;Bas;547108
Key Down;Gauche;547140
Key Up;Gauche;547291
Key Down;Droite;547331
Key Up;Droite;547692
Key Down;Gauche;547755
Key Up;Gauche;548164
Key Down;Droite;548211
Key Up;Droite;549212
Key Down;Haut;550740
Key Up;Haut;550851
Key Down;Gauche;551564
Key Up;Gauche;551715
Key Down;Haut;551828
Key Up;Haut;552044
Key Down;Droite;554068
Key Up;Droite;554283
Key Down;Haut;554331
Key Up;Haut;554531
Key Down;Gauche;554636
Key Up;Gauche;555139
Key Down;Bas;556244
Key Up;Bas;556291
Key Down;Bas;556476
Key Up;Bas;556619
Key Down;Gauche;557275
Key Up;Gauche;557443
Key Down;Haut;558140
Key Up;Haut;558340
Key Down;Gauche;558756
Key Up;Gauche;558899
Key Down;Bas;559155
Key Up;Bas;559411
Key Down;Gauche;559572
Key Up;Gauche;560083
Key Down;Haut;560252
Key Up;Haut;560299
Key Down;Haut;560563
Key Up;Haut;560747
Key Down;Droite;561035
Key Up;Droite;561307
Key Down;Haut;561348
Key Up;Haut;561579
Key Down;Droite;561723
Key Down;Bas;563059
Key Up;Droite;563067
Key Up;Bas;563475
Key Down;Gauche;568116
Key Up;Gauche;568259
Key Down;Gauche;568611
Key Up;Gauche;568684
Key Down;Gauche;569212
Key Up;Gauche;569323
Key Down;Haut;570523
Key Up;Haut;570627
Key Down;Bas;572731
Key Up;Bas;572835
Key Down;Haut;573163
Key Up;Haut;573259
Key Down;Droite;573851
Key Up;Droite;574083
Key Down;Haut;575779
Key Up;Haut;575971
Key Down;Gauche;576275
Key Up;Gauche;576435
Key Down;Droite;577612
Key Up;Droite;579083
Key Down;1;586931
Key Up;1;587042
Key Down;Droite;591435
Key Up;Droite;591555
Key Down;Haut;592267
Key Up;Haut;592395
Key Down;Droite;592691
Key Up;Droite;592795
Key Down;Haut;593507
Key Up;Haut;593619
Key Down;Gauche;595835
Key Up;Gauche;595979
Key Down;Bas;597139
Key Up;Bas;597227
Key Down;Droite;597563
Key Up;Droite;597723
Key Down;Haut;598571
Key Up;Haut;598714
Key Down;Gauche;599099
Key Up;Gauche;599219
Key Down;Haut;599403
Key Up;Haut;599571
Key Down;Gauche;599891
Key Up;Gauche;600019
Key Down;Bas;601139
Key Up;Bas;601291
Key Down;Gauche;601620
Key Up;Gauche;601755
Key Down;Haut;602659
Key Up;Haut;602859
Key Down;Bas;603140
Key Up;Bas;603395
Key Down;Droite;603507
Key Up;Droite;604147
Key Down;Gauche;604412
Key Down;Haut;604419
Key Up;Haut;604507
Key Up;Gauche;604675
Key Down;Haut;604795
Key Up;Haut;604963
Key Down;Droite;605059
Key Up;Droite;605235
Key Down;Haut;605443
Key Up;Haut;605683
Key Down;Gauche;605859
Key Up;Gauche;606267
Key Down;Bas;606475
Key Up;Bas;606651
Key Down;Droite;606787
Key Up;Droite;606963
Key Down;Bas;607043
Key Up;Bas;607235
Key Down;Droite;609171
Key Up;Droite;609283
Key Down;Bas;609979
Key Up;Bas;610163
Key Down;Droite;610411
Key Up;Droite;610499
Key Down;Haut;612483
Key Up;Haut;612587
Key Down;Bas;612755
Key Up;Bas;612955
Key Down;Droite;613083
Key Up;Droite;613219
Key Down;Bas;614419
Key Up;Bas;615251
Key Down;Gauche;615411
Key Down;Haut;615907
Key Up;Gauche;615987
Key Up;Haut;616603
Key Down;Haut;617475
Key Up;Haut;617603
Key Down;Droite;617739
Key Up;Droite;618050
Key Down;Gauche;618267
Key Up;Gauche;618483
Key Down;Bas;619468
Key Up;Bas;619611
Key Down;Droite;619803
Key Up;Droite;620075
Key Down;Bas;620251
Key Up;Bas;620427
Key Down;Droite;620611
Key Up;Droite;620827
Key Down;Gauche;620939
Key Up;Gauche;621259
Key Down;Haut;622883
Key Up;Haut;623011
Key Down;Droite;623627
Key Up;Droite;623891
Key Down;Bas;624507
Key Up;Bas;624723
Key Down;Haut;625043
Key Down;Droite;625219
Key Up;Haut;625235
Key Up;Droite;625363
Key Down;Haut;632451
Key Up;Haut;632530
Key Down;Bas;632779
Key Up;Bas;632851
Key Down;Gauche;633051
Key Up;Gauche;633163
Key Down;Bas;634132
Key Up;Bas;634227
Key Down;Droite;635019
Key Up;Droite;635163
Key Down;Haut;636043
Key Up;Haut;636171
Key Down;Droite;636491
Key Up;Droite;636619
Key Down;Haut;636907
Key Up;Haut;637019
Key Down;Gauche;637267
Key Up;Gauche;637403
Key Down;Haut;637683
Key Up;Haut;637818
Key Down;Haut;638251
Key Up;Haut;638355
Key Down;Gauche;640676
Key Up;Gauche;640779
Key Down;Haut;640923
Key Up;Haut;641051
Key Down;Droite;641315
Key Up;Droite;641459
Key Down;Gauche;641755
Key Up;Gauche;641827
Key Down;Droite;642260
Key Up;Droite;642387
Key Down;Bas;642731
Key Up;Bas;642891
Key Down;Droite;643235
Key Up;Droite;643346
Key Up;Haut;645331
Key Down;Droite;645699
Key Up;Droite;645779
Key Down;Bas;646475
Key Up;Bas;646595
Key Down;Gauche;646898
Key Up;Gauche;647043
Key Down;Bas;648571
Key Up;Bas;648715
Key Down;Gauche;650059
Key Up;Gauche;650163
Key Down;Haut;650787
Key Up;Haut;650875
Key Down;Haut;658251
Key Up;Haut;658395
Key Down;Droite;660755
Key Up;Droite;660906
Key Down;Bas;661163
Key Up;Bas;661314
Key Down;Droite;661571
Key Up;Droite;661731
Key Down;Haut;662363
Key Up;Haut;662515
Key Down;Gauche;662875
Key Up;Gauche;663003
Key Down;Haut;663235
Key Up;Haut;663362
Key Down;Droite;663851
Key Up;Droite;664027
Key Down;Gauche;664531
Key Up;Gauche;664771
Key Down;Bas;665043
Key Up;Bas;665171
Key Down;Gauche;665370
Key Up;Gauche;665482
Key Down;Bas;666083
Key Up;Bas;666195
Key Down;Gauche;668315
Key Up;Gauche;668451
Key Down;Bas;668562
Key Up;Bas;668739
Key Down;Droite;669259
Key Up;Droite;669307
Key Down;Droite;669563
Key Up;Droite;669955
Key Down;Haut;670147
Key Up;Haut;670843
Key Down;Droite;671018
Key Up;Droite;671979
Key Down;Haut;672170
Key Up;Haut;672347
Key Down;Gauche;672691
Key Up;Gauche;674003
Key Down;Bas;674210
Key Up;Bas;674347
Key Down;Droite;674379
Key Up;Droite;674763
Key Down;Bas;674811
Key Up;Bas;675259
Key Down;Droite;675403
Key Up;Droite;675803
Key Down;Haut;675819
Key Up;Haut;676059
Key Down;Droite;676114
Key Down;Haut;676546
Key Up;Droite;676587
Key Up;Haut;676794
Key Down;Droite;676843
Key Up;Droite;677027
Key Down;Gauche;677123
Key Down;Haut;678155
Key Up;Gauche;678179
Key Up;Haut;679219
Key Down;Droite;684843
Key Up;Droite;684995
Key Down;Haut;685947
Key Up;Haut;686075
Key Down;Droite;686379
Key Up;Droite;686515
Key Down;Bas;687131
Key Up;Bas;687259
Key Down;Droite;687531
Key Up;Droite;687619
Key Down;Bas;687803
Key Up;Bas;687955
Key Down;Gauche;688683
Key Up;Gauche;688819
Key Down;Haut;689659
Key Up;Haut;689843
Key Down;Gauche;689963
Key Up;Gauche;690122
Key Down;Haut;690347
Key Up;Haut;690459
Key Down;Droite;690795
Key Up;Droite;691675
Key Down;Gauche;691723
Key Up;Gauche;691890
Key Down;Bas;692035
Key Up;Bas;692059
Key Down;Droite;692227
Key Up;Droite;692379
Key Down;Bas;692595
Key Down;Gauche;693099
Key Up;Bas;693155
Key Down;Haut;694835
Key Up;Gauche;694850
Key Up;Haut;695043
Key Down;Droite;695051
Key Down;Haut;695467
Key Up;Droite;695523
Key Down;Droite;695803
Key Up;Haut;695827
Key Down;Haut;697195
Key Up;Droite;697202
Key Up;Haut;697523
Key Down;Droite;699987
Key Up;Droite;700171
Key Down;Haut;700315
Key Up;Haut;700563
Key Down;Gauche;700723
Key Up;Gauche;700786
Key Down;Gauche;700915
Key Up;Gauche;701227
Key Down;Bas;701283
Key Up;Bas;701539
Key Down;Bas;702347
Key Up;Bas;702475
Key Down;Droite;702731
Key Up;Droite;702939
Key Down;Gauche;703067
Key Up;Gauche;703563
Key Down;Haut;703603
Key Up;Haut;704019
Key Down;Gauche;704075
Key Up;Gauche;704275
Key Down;Droite;704491
Key Up;Droite;704835
Key Down;Bas;704891
Key Up;Bas;705122
Key Down;Gauche;705235
Key Up;Gauche;705619
Key Down;Droite;705867
Key Up;Droite;705987
Key Down;Bas;706179
Key Up;Bas;706435
Key Down;Gauche;706515
Key Up;Gauche;706859
Key Down;Bas;706915
Key Down;Droite;707099
Key Up;Bas;707107
Key Up;Droite;707387
Key Down;Droite;707483
Key Up;Droite;708115
Key Down;Gauche;708522
Key Up;Gauche;708682
Key Down;Droite;708851
Key Up;Droite;709139
Key Down;Haut;709163
Key Down;Gauche;709555
Key Up;Haut;709595
Key Up;Gauche;710131
Key Down;Haut;711307
Key Up;Haut;711523
Key Down;Gauche;711802
Key Up;Gauche;711987
Key Down;Bas;712451
Key Down;Droite;712755
Key Up;Bas;712906
Key Up;Droite;713619
Key Down;Haut;729299
Key Up;Haut;729467
Key Down;Gauche;729715
Key Up;Gauche;729850
Key Down;Haut;730770
Key Up;Haut;730875
Key Down;Bas;731363
Key Up;Bas;731498
Key Down;Droite;732275
Key Up;Droite;732403
Key Down;Bas;732651
Key Up;Bas;732763
Key Down;Droite;733051
Key Up;Droite;733162
Key Down;Bas;733666
Key Up;Bas;733803
Key Down;Bas;734259
Key Up;Bas;734378
Key Down;Droite;734891
Key Up;Droite;735115
Key Down;Haut;735219
Key Up;Haut;735354
Key Down;Droite;735715
Key Up;Droite;736219
Key Down;Haut;736579
Key Up;Haut;736675
Key Down;Droite;737067
Key Up;Droite;737171
Key Down;Bas;737539
Key Up;Bas;737707
Key Down;Bas;737739
Key Up;Bas;737779
Key Down;Droite;737930
Key Up;Droite;738098
Key Down;Bas;738211
Key Up;Bas;738523
Key Down;Gauche;738698
Key Up;Gauche;739203
Key Down;Haut;739210
Key Up;Haut;739458
Key Down;Gauche;740579
Key Up;Gauche;740746
Key Down;Haut;740931
Key Up;Haut;741155
Key Down;Gauche;741355
Key Up;Gauche;741483
Key Down;Haut;741594
Key Up;Haut;741779
Key Down;Droite;741954
Key Up;Droite;742939
Key Down;Bas;742963
Key Up;Bas;743098
Key Down;Haut;743235
Key Up;Haut;743507
Key Down;Droite;743971
Key Up;Droite;744227
Key Down;Haut;744275
Key Up;Haut;744523
Key Down;Gauche;744603
Key Down;Haut;745114
Key Up;Gauche;745203
Key Up;Haut;745379
Key Down;1;763810
Key Up;1;763931
Key Down;Gauche;767363
Key Up;Gauche;767507
Key Down;Gauche;767819
Key Up;Gauche;767923
Key Down;Gauche;768299
Key Up;Gauche;768339
Key Down;Bas;769787
Key Up;Bas;769891
Key Down;Droite;770755
Key Up;Droite;770850
Key Down;Haut;771435
Key Up;Haut;771530
Key Down;Droite;772219
Key Up;Droite;772338
Key Down;Haut;772667
Key Up;Haut;772715
Key Down;Haut;774538
Key Up;Haut;774618
Key Down;Gauche;774962
Key Up;Gauche;775058
Key Down;Bas;775747
Key Up;Bas;775843
Key Down;Droite;776178
Key Up;Droite;776267
Key Down;Bas;776579
Key Up;Bas;776651
Key Down;Gauche;777507
Key Up;Gauche;777635
Key Down;Haut;777922
Key Up;Haut;778034
Key Down;Gauche;778315
Key Up;Gauche;778419
Key Down;Haut;778794
Key Up;Haut;778899
Key Down;Bas;779195
Key Up;Bas;779259
Key Down;Haut;779683
Key Up;Haut;779763
Key Down;Gauche;779971
Key Up;Gauche;780098
Key Down;Bas;780330
Key Up;Bas;780451
Key Down;Gauche;780715
Key Up;Gauche;780834
Key Down;Bas;781138
Key Up;Bas;781218
Key Down;Gauche;781531
Key Up;Gauche;781618
Key Down;Droite;781883
Key Up;Droite;781987
Key Down;Haut;784579
Key Up;Haut;784723
Key Down;Gauche;790211
Key Up;Gauche;790299
Key Down;Haut;790954
Key Up;Haut;791059
Key Down;Gauche;791346
Key Up;Gauche;791442
Key Down;Bas;792323
Key Up;Bas;792419
Key Down;Droite;792923
Key Up;Droite;792978
Key Down;Gauche;793378
Key Up;Gauche;793466
Key Down;Haut;793795
Key Up;Haut;793867
Key Down;Droite;795474
Key Up;Droite;795611
Key Down;Haut;796131
Key Up;Haut;796226
Key Down;Haut;796563
Key Up;Haut;796650
Key Down;Haut;797154
Key Up;Haut;797194
Key Down;Haut;797299
Key Up;Haut;797347
Key Down;Haut;797419
Key Up;Haut;797466
Key Down;Haut;797546
Key Up;Haut;797594
Key Down;Haut;797666
Key Up;Haut;797714
Key Down;Haut;797794
Key Up;Haut;797834
Key Down;Haut;797914
Key Up;Haut;797955
Key Down;Haut;798027
Key Up;Haut;798075
Key Down;Droite;801723
Key Up;Droite;801827
Key Down;Droite;802570
Key Up;Droite;802715
Key Down;Haut;804251
Key Up;Haut;804354
Key Down;Gauche;806986
Key Up;Gauche;807075
Key Down;Haut;807826
Key Up;Haut;807914
Key Down;Gauche;808203
Key Up;Gauche;808338
Key Down;Bas;809715
Key Up;Bas;809802
Key Down;Gauche;810066
Key Up;Gauche;810234
Key Down;Haut;811235
Key Up;Haut;811354
Key Down;Droite;811818
Key Up;Droite;812138
Key Down;Bas;812539
Key Up;Bas;812762
Key Down;Droite;813442
Key Up;Droite;813827
Key Down;Haut;814274
Key Up;Haut;814434
Key Down;Gauche;814794
Key Up;Gauche;814898
Key Down;Droite;815018
Key Up;Droite;815394
Key Down;Droite;818227
Key Up;Droite;818282
Key Down;Haut;818954
Key Up;Haut;819082
Key Down;Gauche;819330
Key Up;Gauche;819539
Key Down;Bas;819994
Key Up;Bas;820162
Key Down;Gauche;820899
Key Up;Gauche;821066
Key Down;Haut;822586
Key Up;Haut;822786
Key Down;Gauche;823050
Key Up;Gauche;823258
Key Down;Bas;824434
Key Up;Bas;824522
Key Down;1;834355
Key Up;1;834451
Key Down;Droite;838763
Key Up;Droite;838891
Key Down;Haut;840482
Key Up;Haut;840570
Key Down;Droite;843274
Key Up;Droite;843386
Key Down;Haut;843634
Key Up;Haut;843658
Key Down;Gauche;844114
Key Up;Gauche;844234
Key Down;Bas;844786
Key Up;Bas;844890
Key Down;Droite;845083
Key Up;Droite;845250
Key Down;Gauche;845450
Key Up;Gauche;845546
Key Down;Haut;846035
Key Up;Haut;846122
Key Down;Gauche;846283
Key Up;Gauche;846402
Key Down;Gauche;847027
Key Up;Gauche;847122
Key Down;Bas;848226
Key Up;Bas;848314
Key Down;Gauche;848634
Key Up;Gauche;848723
Key Down;Bas;849074
Key Up;Bas;849178
Key Down;Droite;849586
Key Up;Droite;849690
Key Down;Haut;850426
Key Up;Haut;850538
Key Down;Gauche;850962
Key Up;Gauche;851034
Key Down;Droite;851146
Key Up;Droite;851394
Key Down;Bas;852523
Key Up;Bas;852634
Key Down;Haut;853082
Key Up;Haut;853202
Key Down;Droite;853522
Key Up;Droite;853674
Key Down;Bas;853891
Key Up;Bas;854002
Key Down;Droite;854411
Key Up;Droite;854514
Key Down;Haut;855898
Key Up;Haut;855978
Key Down;Droite;856491
Key Up;Droite;856554
Key Down;Gauche;857179
Key Up;Gauche;857394
Key Down;Droite;857643
Key Up;Droite;857866
Key Down;Haut;857922
Key Up;Haut;858018
Key Down;Gauche;863298
Key Up;Gauche;863386
Key Down;Haut;864147
Key Up;Haut;864242
Key Down;Gauche;864538
Key Up;Gauche;864610
Key Down;Haut;865410
Key Up;Haut;865490
Key Down;Gauche;867211
Key Up;Gauche;867298
Key Down;Bas;868506
Key Up;Bas;868610
Key Down;Droite;869826
Key Up;Droite;869930
Key Down;Bas;871186
Key Up;Bas;871346
Key Down;Droite;871843
Key Up;Droite;871962
Key Down;Gauche;872722
Key Up;Gauche;872826
Key Down;Bas;873179
Key Up;Bas;873290
Key Down;Droite;874194
Key Up;Droite;874306
Key Down;Haut;874874
Key Up;Haut;874978
Key Down;Gauche;875602
Key Up;Gauche;875722
Key Down;Droite;875882
Key Up;Droite;876018
Key Down;Bas;876794
Key Up;Bas;876914
Key Down;Gauche;877075
Key Up;Gauche;877258
Key Down;Bas;877490
Key Up;Bas;877586
Key Down;Gauche;877762
Key Up;Gauche;877890
Key Down;Droite;878139
Key Up;Droite;878298
Key Down;Haut;879706
Key Up;Haut;879778
Key Down;Gauche;880514
Key Up;Gauche;880610
Key Down;Haut;881394
Key Up;Haut;881442
Key Down;Haut;882530
Key Up;Haut;882610
Key Down;Droite;882979
Key Up;Droite;883074
Key Down;Haut;883450
Key Up;Haut;883554
Key Down;Droite;883802
Key Up;Droite;883938
Key Down;Bas;884123
Key Up;Bas;884290
Key Down;Droite;884586
Key Up;Droite;884706
Key Down;Bas;884946
Key Up;Bas;885098
Key Down;Droite;885339
Key Up;Droite;885458
Key Down;Haut;885682
Key Up;Haut;885762
Key Down;Droite;886306
Key Up;Droite;886474
Key Down;Droite;886698
Key Up;Droite;886898
Key Down;Bas;887338
Key Up;Bas;887458
Key Down;Gauche;888370
Key Up;Gauche;888554
Key Down;Gauche;890338
Key Up;Gauche;890442
Key Down;Droite;891323
Key Up;Droite;891458
Key Down;Haut;891746
Key Up;Haut;891842
Key Down;Gauche;893370
Key Up;Gauche;893474
Key Down;Haut;893707
Key Up;Haut;893802
Key Down;Droite;894114
Key Up;Droite;894226
Key Down;Haut;894810
Key Up;Haut;894962
Key Down;Gauche;895810
Key Up;Gauche;895898
Key Down;Haut;896611
Key Up;Haut;896706
Key Down;Droite;896714
Key Up;Droite;896730
Key Down;Droite;897075
Key Up;Droite;897186
Key Down;Gauche;897354
Key Up;Gauche;897538
Key Down;Haut;898002
Key Up;Haut;898130
Key Down;Gauche;898602
Key Up;Gauche;898682
Key Down;Droite;898906
Key Up;Droite;899162
Key Down;Gauche;903691
Key Up;Gauche;903746
Key Down;Gauche;904594
Key Up;Gauche;904674
Key Down;Haut;905922
Key Up;Haut;906010
Key Down;Gauche;906658
Key Up;Gauche;906738
Key Down;Haut;908354
Key Up;Haut;908441
Key Down;Haut;908882
Key Up;Haut;908969
Key Down;Bas;909682
Key Up;Bas;909794
Key Down;Droite;910042
Key Up;Droite;910202
Key Down;Gauche;911634
Key Up;Gauche;911778
Key Down;Haut;912738
Key Up;Haut;912882
Key Down;Gauche;913498
Key Up;Gauche;913586
Key Down;Haut;914202
Key Up;Haut;914354
Key Down;Gauche;914642
Key Up;Gauche;914746
Key Down;Haut;915082
Key Up;Haut;915186
Key Down;Gauche;915570
Key Up;Gauche;915674
Key Down;Haut;917378
Key Up;Haut;917514
Key Down;Droite;918018
Key Up;Droite;918154
Key Down;Bas;918610
Key Up;Bas;918842
Key Down;Droite;925322
Key Up;Droite;925450
Key Down;Droite;926090
Key Up;Droite;926186
Key Down;Haut;927058
Key Up;Haut;927146
Key Down;Droite;927402
Key Up;Droite;927490
Key Down;Haut;928227
Key Up;Haut;928298
Key Down;Gauche;930346
Key Up;Gauche;930442
Key Down;Bas;930706
Key Up;Bas;930802
Key Down;Gauche;931034
Key Up;Gauche;931138
Key Down;Gauche;931594
Key Up;Gauche;931674
Key Down;Haut;932370
Key Up;Haut;932466
Key Down;Droite;932930
Key Up;Droite;933010
Key Down;Gauche;933649
Key Up;Gauche;933714
Key Down;Haut;933898
Key Up;Haut;933978
Key Down;Gauche;934346
Key Up;Gauche;934426
Key Down;Bas;935434
Key Up;Bas;935538
Key Down;Gauche;935890
Key Up;Gauche;935986
Key Down;Haut;936802
Key Up;Haut;936922
Key Down;Droite;937498
Key Up;Droite;937602
Key Down;Bas;938106
Key Up;Bas;938234
Key Down;Droite;939954
Key Up;Droite;940074
Key Down;Haut;940802
Key Up;Haut;940890
Key Down;Gauche;941314
Key Up;Gauche;941410
Key Down;Droite;941610
Key Up;Droite;941721
Key Down;Gauche;942938
Key Up;Gauche;943314
Key Down;Bas;944161
Key Up;Bas;944241
Key Down;Bas;945186
Key Up;Bas;945226
Key Down;Haut;945361
Key Up;Haut;945426
Key Down;Bas;945778
Key Up;Bas;945946
Key Down;Gauche;947042
Key Up;Gauche;947097
Key Down;Droite;947370
Key Up;Droite;947474
Key Down;Droite;947818
Key Up;Droite;947921
Key Down;Gauche;948474
Key Up;Gauche;948506
Key Down;Gauche;948674
Key Up;Gauche;948777
Key Down;Bas;949321
Key Up;Bas;949442
Key Down;Droite;950218
Key Up;Droite;950338
Key Down;Haut;950850
Key Up;Haut;950962
Key Down;Gauche;951618
Key Up;Gauche;951714
Key Down;Haut;952050
Key Up;Haut;952210
Key Down;Droite;952570
Key Up;Droite;952618
Key Down;Haut;952786
Key Up;Haut;952842
Key Down;Droite;953137
Key Up;Droite;953242
Key Down;Bas;953906
Key Up;Bas;954058
Key Down;Droite;954322
Key Up;Droite;954433
Key Down;Bas;954722
Key Up;Bas;954818
Key Down;Gauche;955082
Key Up;Gauche;955250
Key Down;Bas;955426
Key Up;Bas;955570
Key Down;Gauche;955770
Key Up;Gauche;955921
Key Down;Droite;956090
Key Up;Droite;956234
Key Down;Haut;958746
Key Up;Haut;958850
Key Down;Gauche;959538
Key Up;Gauche;959658
Key Down;Haut;959810
Key Up;Haut;959914
Key Down;Bas;960186
Key Up;Bas;960289
Key Down;Gauche;960466
Key Up;Gauche;960658
Key Down;Bas;962498
Key Up;Bas;962618
Key Down;Droite;962882
Key Up;Droite;963002
Key Down;Bas;964353
Key Up;Bas;964458
Key Down;Droite;964714
Key Up;Droite;964842
Key Down;Haut;965058
Key Up;Haut;965154
Key Down;Droite;965826
Key Up;Droite;965906
Key Down;Haut;966217
Key Up;Haut;966290
Key Down;Droite;968338
Key Up;Droite;968457
Key Down;Haut;968690
Key Up;Haut;968770
Key Down;Gauche;969137
Key Up;Gauche;969346
Key Down;Bas;969754
Key Up;Bas;969858
Key Down;Gauche;986281
Key Up;Gauche;986386
Key Down;Bas;986530
Key Up;Bas;986666
Key Down;Gauche;986882
Key Up;Gauche;987002
Key Down;Bas;987250
Key Up;Bas;987386
Key Down;Droite;987594
Key Up;Droite;987802
Key Down;Haut;988378
Key Up;Haut;988522
Key Down;Gauche;988658
Key Up;Gauche;988874
Key Down;Bas;989514
Key Up;Bas;989666
Key Down;Droite;989994
Key Up;Droite;990329
Key Down;Gauche;990362
Key Up;Gauche;990602
Key Down;Droite;991353
Key Up;Droite;991546
Key Down;1;1004833
Key Up;1;1004962
Key Down;Q;1008698
Key Up;Q;1008833
Key Down;S;1010730
Key Up;S;1010850
Key Down;S;1011273
Key Up;S;1011353
Key Down;Droite;1013233
Key Up;Droite;1013337
Key Down;Haut;1013489
Key Up;Haut;1013626
Key Down;Haut;1013658
Key Up;Haut;1013706
Key Down;Droite;1016265
Key Up;Droite;1016378
Key Down;Haut;1017050
Key Up;Haut;1017153
Key Down;Droite;1017545
Key Up;Droite;1017665
Key Down;Bas;1018929
Key Up;Bas;1019049
Key Down;Gauche;1019330
Key Up;Gauche;1019474
Key Down;Gauche;1020321
Key Up;Gauche;1020369
Key Down;Haut;1021002
Key Up;Haut;1021146
Key Down;Gauche;1021385
Key Up;Gauche;1021521
Key Down;Bas;1022105
Key Up;Bas;1022226
Key Down;Droite;1022569
Key Up;Droite;1022754
Key Down;Bas;1023154
Key Up;Bas;1023329
Key Down;Droite;1023618
Key Up;Droite;1023946
Key Down;Haut;1024370
Key Up;Haut;1024529
Key Down;Droite;1024833
Key Up;Droite;1024969
Key Down;Bas;1025194
Key Up;Bas;1025361
Key Down;Droite;1025666
Key Up;Droite;1025954
Key Down;Haut;1026530
Key Up;Haut;1026746
Key Down;Gauche;1027050
Key Up;Gauche;1027121
Key Down;Droite;1027250
Key Up;Droite;1027546
Key Down;Bas;1027770
Key Up;Bas;1027986
Key Down;Droite;1029674
Key Up;Droite;1029970
Key Down;Bas;1031114
Key Up;Bas;1031274
Key Down;Droite;1031466
Key Up;Droite;1031681
Key Down;Bas;1032305
Key Up;Bas;1032578
Key Down;Gauche;1032706
Key Up;Gauche;1033002
Key Down;Bas;1033650
Key Up;Bas;1033834
Key Down;Droite;1034762
Key Up;Droite;1035314
Key Down;Haut;1035321
Key Up;Haut;1035826
Key Down;Droite;1035906
Key Up;Droite;1036882
Key Down;Bas;1036913
Key Up;Bas;1037266
Key Down;Droite;1037745
Key Up;Droite;1037914
Key Down;Bas;1038226
Key Up;Bas;1038521
Key Down;Gauche;1038570
Key Up;Gauche;1039906
Key Down;Droite;1040002
Key Up;Droite;1040202
Key Down;Haut;1040274
Key Up;Haut;1040394
Key Down;Droite;1040730
Key Up;Droite;1040913
Key Down;Haut;1041177
Key Up;Haut;1041298
Key Down;Droite;1041474
Key Up;Droite;1041794
Key Down;Gauche;1041969
Key Up;Gauche;1042177
Key Down;Droite;1042442
Key Up;Droite;1042562
Key Down;Bas;1042898
Key Up;Bas;1043098
Key Down;Droite;1043250
Key Up;Droite;1043489
Key Down;Bas;1043850
Key Up;Bas;1044002
Key Down;D;1048842
Key Up;D;1048929
Key Down;D;1049178
Key Up;D;1049281
Key Down;D;1049585
Key Up;D;1049682
Key Down;D;1049986
Key Up;D;1050113
Key Down;Droite;1050874
Key Up;Droite;1050946
Key Down;Haut;1052761
Key Up;Haut;1052858
Key Down;Droite;1053106
Key Up;Droite;1053225
Key Down;Haut;1054066
Key Up;Haut;1054145
Key Down;Bas;1054306
Key Up;Bas;1054426
Key Down;Gauche;1054938
Key Up;Gauche;1055002
Key Down;Droite;1055570
Key Up;Droite;1055682
Key Down;Gauche;1056034
Key Up;Gauche;1056345
Key Down;Droite;1056585
Key Up;Droite;1056714
Key Down;Bas;1056873
Key Up;Bas;1057010
Key Down;Gauche;1057658
Key Up;Gauche;1057770
Key Down;Droite;1057946
Key Up;Droite;1058090
Key Down;Haut;1058850
Key Up;Haut;1058961
Key Down;Gauche;1059578
Key Up;Gauche;1059713
Key Down;Haut;1059913
Key Up;Haut;1060098
Key Down;Droite;1062122
Key Down;Haut;1062434
Key Up;Droite;1062465
Key Down;Gauche;1062754
Key Up;Haut;1062777
Key Down;Bas;1063418
Key Up;Gauche;1063449
Key Up;Bas;1064113
Key Down;Gauche;1069154
Key Up;Gauche;1069282
Key Down;Haut;1070033
Key Up;Haut;1070185
Key Down;Gauche;1070410
Key Up;Gauche;1070522
Key Down;Haut;1071114
Key Up;Haut;1071249
Key Down;Droite;1073530
Key Up;Droite;1073810
Key Down;Haut;1075505
Key Up;Haut;1075642
Key Down;Droite;1077130
Key Up;Droite;1077249
Key Down;Bas;1077402
Key Up;Bas;1077569
Key Down;Droite;1077730
Key Up;Droite;1077906
Key Down;Bas;1078458
Key Up;Bas;1078585
Key Down;Gauche;1081210
Key Up;Gauche;1081482
Key Down;Droite;1081970
Key Up;Droite;1082289
Key Down;Bas;1083105
Key Up;Bas;1083473
Key Down;Gauche;1084058
Key Up;Gauche;1084273
Key Down;Haut;1084673
Key Up;Haut;1084842
Key Down;Gauche;1086514
Key Up;Gauche;1086649
Key Down;Haut;1086866
Key Up;Haut;1087034
Key Down;Droite;1087306
Key Up;Droite;1087794
Key Down;Gauche;1088122
Key Up;Gauche;1088954
Key Down;Haut;1089209
Key Up;Haut;1089426
Key Down;Droite;1089650
Key Up;Droite;1089842
Key Down;Haut;1090025
Key Up;Haut;1090402
Key Down;Droite;1091041
Key Up;Droite;1091241
Key Down;Haut;1091482
Key Up;Haut;1091634
Key Down;Gauche;1091906
Key Up;Gauche;1092113
Key Down;Bas;1092570
Key Down;Droite;1092689
Key Up;Bas;1092706
Key Up;Droite;1093314
Key Down;Haut;1099690
Key Up;Haut;1099770
Key Down;Bas;1099970
Key Up;Bas;1100106
Key Down;Gauche;1100242
Key Up;Gauche;1100345
Key Down;Bas;1100586
Key Up;Bas;1100682
Key Down;Droite;1100897
Key Down;Haut;1100953
Key Up;Droite;1100961
Key Up;Haut;1101058
Key Down;Droite;1101066
Key Up;Droite;1101169
Key Down;Droite;1101434
Key Up;Droite;1101770
Key Down;Bas;1102018
Key Up;Bas;1102169
Key Down;Droite;1102817
Key Up;Droite;1102969
Key Down;Haut;1103153
Key Up;Haut;1103306
Key Down;Droite;1103514
Key Up;Droite;1103737
Key Down;Haut;1104009
Key Up;Haut;1104178
Key Down;Droite;1104321
Key Up;Droite;1104546
Key Down;1;1114762
Key Up;1;1114857
Key Down;Droite;1120818
Key Up;Droite;1120929
Key Down;Gauche;1121193
Key Up;Gauche;1121257
Key Down;Droite;1121586
Key Up;Droite;1121657
Key Down;Haut;1121801
Key Up;Haut;1121905
Key Down;Droite;1124601
Key Up;Droite;1124721
Key Down;Bas;1125010
Key Up;Bas;1125113
Key Down;Droite;1125377
Key Up;Droite;1125921
Key Down;Droite;1125986
Key Up;Droite;1126138
Key Down;Haut;1126209
Key Down;Gauche;1126673
Key Up;Haut;1126697
Key Down;Haut;1127129
Key Up;Gauche;1127153
Key Down;Droite;1127642
Key Up;Haut;1127649
Key Up;Droite;1128113
Key Down;Gauche;1129009
Key Up;Gauche;1129097
Key Down;Droite;1129249
Key Up;Droite;1129481
Key Down;Bas;1136857
Key Up;Bas;1136969
Key Down;Droite;1137761
Key Up;Droite;1137881
Key Down;Haut;1138441
Key Up;Haut;1138545
Key Down;Droite;1139146
Key Up;Droite;1139273
Key Down;Haut;1139593
Key Up;Haut;1139657
Key Down;Gauche;1140001
Key Up;Gauche;1140113
Key Down;Haut;1140714
Key Up;Haut;1140849
Key Down;Gauche;1142553
Key Up;Gauche;1142657
Key Down;Haut;1142833
Key Up;Haut;1142945
Key Down;Droite;1143169
Key Up;Droite;1143329
Key Down;Bas;1143849
Key Up;Bas;1144017
Key Down;Droite;1144257
Key Up;Droite;1144369
Key Down;Haut;1145826
Key Up;Haut;1145921
Key Down;Haut;1146682
Key Up;Haut;1146761
Key Down;Bas;1147161
Key Up;Bas;1147249
Key Down;Droite;1147409
Key Up;Droite;1147537
Key Down;Haut;1147865
Key Up;Haut;1147961
Key Down;Droite;1148338
Key Up;Droite;1148441
Key Down;Droite;1149217
Key Up;Droite;1149305
Key Down;Bas;1149938
Key Up;Bas;1150057
Key Down;Gauche;1150265
Key Up;Gauche;1150401
Key Down;Bas;1150849
Key Up;Bas;1150953
Key Down;Gauche;1151497
Key Up;Gauche;1151577
Key Down;Haut;1152258
Key Up;Haut;1152353
Key Down;Droite;1152585
Key Up;Droite;1152713
Key Down;Droite;1152881
Key Up;Droite;1153017
Key Down;Bas;1153913
Key Up;Bas;1154017
Key Down;Droite;1157385
Key Up;Droite;1157473
Key Down;Bas;1157689
Key Up;Bas;1157744
Key Down;Gauche;1158546
Key Up;Gauche;1158633
Key Down;Gauche;1161105
Key Up;Gauche;1161169
Key Down;Droite;1161482
Key Up;Droite;1161593
Key Down;Haut;1162153
Key Up;Haut;1162281
Key Down;Droite;1162513
Key Up;Droite;1162625
Key Down;Haut;1162890
Key Up;Haut;1163025
Key Down;Droite;1163266
Key Up;Droite;1163393
Key Down;Bas;1163809
Key Up;Bas;1163953
Key Down;Gauche;1164129
Key Up;Gauche;1164241
Key Down;Gauche;1165729
Key Up;Gauche;1165833
Key Down;Bas;1165985
Key Up;Bas;1166097
Key Down;Gauche;1166834
Key Up;Gauche;1167001
Key Down;Haut;1167161
Key Up;Haut;1167289
Key Down;Gauche;1167537
Key Up;Gauche;1167665
Key Down;Haut;1167929
Key Up;Haut;1168073
Key Down;Droite;1168281
Key Up;Droite;1168425
Key Down;Haut;1168657
Key Up;Haut;1168745
Key Down;Droite;1169042
Key Up;Droite;1169153
Key Down;Gauche;1175721
Key Up;Gauche;1175809
Key Down;Bas;1177153
Key Up;Bas;1177240
Key Down;Droite;1178033
Key Up;Droite;1178137
Key Down;Haut;1178657
Key Up;Haut;1178752
Key Down;Droite;1179297
Key Up;Droite;1179441
Key Down;Bas;1180057
Key Up;Bas;1180144
Key Down;Gauche;1180393
Key Up;Gauche;1180537
Key Down;Bas;1180737
Key Up;Bas;1180841
Key Down;Gauche;1181041
Key Up;Gauche;1181193
Key Down;Droite;1181369
Key Up;Droite;1181536
Key Down;Haut;1182905
Key Up;Haut;1182984
Key Down;Gauche;1183809
Key Up;Gauche;1183937
Key Down;Haut;1184321
Key Up;Haut;1184408
Key Down;Gauche;1185017
Key Up;Gauche;1185121
Key Down;Bas;1185817
Key Up;Bas;1185929
Key Down;Droite;1186201
Key Up;Droite;1186336
Key Down;Bas;1186569
Key Up;Bas;1186713
Key Down;Gauche;1187001
Key Up;Gauche;1187073
Key Down;Haut;1188873
Key Up;Haut;1189009
Key Down;Droite;1189561
Key Up;Droite;1189681
Key Down;Gauche;1190169
Key Up;Gauche;1190248
Key Down;Bas;1190825
Key Up;Bas;1190937
Key Down;Droite;1191489
Key Up;Droite;1191593
Key Down;Haut;1194361
Key Up;Haut;1194441
Key Down;Gauche;1195113
Key Up;Gauche;1195201
Key Down;Haut;1196129
Key Up;Haut;1196217
Key Down;Droite;1196529
Key Up;Droite;1196625
Key Down;Bas;1197232
Key Up;Bas;1197337
Key Down;Haut;1197497
Key Up;Haut;1197576
Key Down;Gauche;1199721
Key Up;Gauche;1199833
Key Down;Bas;1200081
Key Up;Bas;1200201
Key Down;Gauche;1200441
Key Up;Gauche;1200601
Key Down;Haut;1201392
Key Up;Haut;1201481
Key Down;Droite;1201937
Key Up;Droite;1202009
Key Down;Gauche;1202674
Key Up;Gauche;1202769
Key Down;Haut;1202945
Key Up;Haut;1203033
Key Down;Gauche;1203361
Key Up;Gauche;1203465
Key Down;Bas;1204497
Key Up;Bas;1204601
Key Down;Gauche;1204761
Key Up;Gauche;1204977
Key Down;Haut;1205817
Key Up;Haut;1205937
Key Down;Droite;1206281
Key Up;Droite;1206425
Key Down;Bas;1206889
Key Up;Bas;1207033
Key Down;Gauche;1207369
Key Up;Gauche;1207513
Key Down;Droite;1207897
Key Up;Droite;1207993
Key Down;Haut;1208601
Key Up;Haut;1208721
Key Down;Gauche;1208985
Key Up;Gauche;1209105
Key Down;Droite;1209313
Key Up;Droite;1209385
Key Down;Droite;1209537
Key Up;Droite;1209585
Key Down;Haut;1211465
Key Up;Haut;1211561
Key Down;Droite;1211929
Key Up;Droite;1212017
Key Down;Bas;1212673
Key Up;Bas;1212801
Key Down;Gauche;1213193
Key Up;Gauche;1213273
Key Down;Bas;1213489
Key Up;Bas;1213641
Key Down;Droite;1213817
Key Up;Droite;1213993
Key Down;Bas;1214201
Key Up;Bas;1214305
Key Down;Droite;1214625
Key Up;Droite;1214753
Key Down;Haut;1215841
Key Up;Haut;1215912
Key Down;Bas;1216177
Key Up;Bas;1216313
Key Down;Droite;1218281
Key Up;Droite;1218433
Key Down;Haut;1219001
Key Up;Haut;1219097
Key Down;Droite;1219425
Key Up;Droite;1219601
Key Down;Haut;1219793
Key Up;Haut;1219904
Key Down;Gauche;1224177
Key Up;Gauche;1224265
Key Down;Gauche;1224625
Key Up;Gauche;1224721
Key Down;Haut;1226089
Key Up;Haut;1226225
Key Down;Gauche;1226409
Key Up;Gauche;1226497
Key Down;Bas;1243617
Key Up;Bas;1243697
Key Down;Gauche;1244001
Key Up;Gauche;1244073
Key Down;Bas;1244321
Key Up;Bas;1244440
Key Down;Gauche;1244721
Key Up;Gauche;1244816
Key Down;Haut;1245433
Key Up;Haut;1245529
Key Down;Droite;1245777
Key Up;Droite;1245921
Key Down;Haut;1246153
Key Up;Haut;1246233
Key Down;Gauche;1247353
Key Up;Gauche;1247465
Key Down;Droite;1247849
Key Up;Droite;1247953
Key Down;Gauche;1248137
Key Up;Gauche;1248352
Key Down;Haut;1248392
Key Up;Haut;1248609
Key Down;Droite;1249769
Key Up;Droite;1249977
Key Down;Haut;1250416
Key Up;Haut;1250545
Key Down;Gauche;1250977
Key Up;Gauche;1251081
Key Down;Haut;1251633
Key Up;Haut;1251736
Key Down;Droite;1252401
Key Up;Droite;1253057
Key Down;Haut;1253457
Key Up;Haut;1253560
Key Down;Droite;1253913
Key Up;Droite;1254025
Key Down;Bas;1255857
Key Up;Bas;1256025
Key Down;Bas;1256409
Key Up;Bas;1256489
Key Down;Droite;1256905
Key Up;Droite;1257009
Key Down;Droite;1257377
Key Up;Droite;1257521
Key Down;Droite;1258097
Key Up;Droite;1258249
Key Down;Haut;1258472
Key Up;Haut;1258561
Key Down;Bas;1258960
Key Up;Bas;1259049
Key Down;Droite;1259201
Key Up;Droite;1259384
Key Down;Bas;1259857
Key Up;Bas;1260033
Key Down;Gauche;1260248
Key Up;Gauche;1260345
Key Down;Bas;1260512
Key Up;Bas;1260617
Key Down;Haut;1261865
Key Up;Haut;1261969
Key Down;Gauche;1262137
Key Up;Gauche;1262281
Key Down;Bas;1262569
Key Up;Bas;1262801
Key Down;Gauche;1263297
Key Up;Gauche;1263457
Key Down;Left Alt;1274209
Key Down;Tab;1274281
Key Up;Left Alt;1274394
Key Up;Tab;1274499
