Event;Key;Time
Key Down;Entrée;1576
Key Up;Entrée;1704
Key Down;Q;5105
Key Down;Gauche;5382
Key Down;Z;5435
Key Up;Z;5717
Key Down;Z;6015
Key Up;Z;6158
Key Down;Z;6346
Key Up;Z;6452
Key Up;Q;7049
Key Down;Q;7188
Key Down;S;7844
Key Down;Bas;8014
Key Up;Gauche;8094
Key Up;Q;8329
Key Up;S;9015
Key Down;S;9190
Key Down;Q;9372
Key Up;Q;9526
Key Up;S;9617
Key Down;Z;9729
Key Up;Z;9921
Key Down;Q;10027
Key Down;Droite;10076
Key Down;Z;10092
Key Up;Bas;10267
Key Up;Z;10283
Key Down;S;10518
Key Up;S;10604
Key Down;S;10801
Key Up;Q;10993
Key Down;D;11248
Key Down;Haut;11296
Key Up;D;11403
Key Up;Droite;11413
Key Down;Q;11451
Key Up;Q;11707
Key Down;Droite;11950
Key Down;Q;11972
Key Up;S;11977
Key Up;Haut;11988
Key Down;Z;12088
Key Up;Q;12158
Key Down;D;12319
Key Up;Z;12398
Key Down;S;12542
Key Down;Haut;12660
Key Up;Droite;12756
Key Up;S;12824
Key Up;D;12958
Key Down;D;13053
Key Down;Gauche;13225
Key Down;Z;13293
Key Up;Haut;13305
Key Up;D;13481
Key Up;Z;13544
Key Down;Q;13603
Key Down;D;13651
Key Up;Q;13715
Key Down;Z;13811
Key Up;Z;13955
Key Up;D;14201
Key Down;Q;14216
Key Down;Z;14222
Key Up;Z;14328
Key Up;Q;14349
Key Down;D;14355
Key Down;S;14482
Key Up;S;14648
Key Up;D;14653
Key Down;D;14749
Key Down;Z;14787
Key Up;D;14971
Key Up;Z;14988
Key Down;Z;15083
Key Down;Q;15200
Key Up;Z;15238
Key Down;Z;15334
Key Up;Q;15408
Key Up;Z;15462
Key Down;S;15616
Key Up;S;15713
Key Down;Q;15872
Key Down;S;15947
Key Up;Gauche;16022
Key Up;S;16160
Key Down;Z;17093
Key Up;Z;17184
Key Up;Q;18264
Key Down;Z;18299
Key Down;Q;18416
Key Up;Z;18459
Key Up;Q;18806
Key Down;Q;19042
Key Down;S;19069
Key Up;Q;19213
Key Up;S;19224
Key Down;Q;19902
Key Down;S;20056
Key Up;Q;20120
Key Down;D;20211
Key Up;S;20275
Key Down;Z;20834
Key Up;Z;21052
Key Down;Droite;21526
Key Down;S;22566
Key Up;D;22667
Key Up;Droite;22688
Key Down;Bas;22731
Key Up;Bas;22896
Key Down;D;23184
Key Up;D;23338
Key Up;S;23632
Key Down;S;24116
Key Down;D;24403
Key Up;S;24660
Key Down;Droite;24687
Key Up;D;24836
Key Down;Q;24915
Key Up;Droite;24985
Key Up;Q;25300
Key Down;Droite;25393
Key Down;D;25410
Key Up;D;25548
Key Down;Q;25553
Key Up;Droite;25772
Key Up;Q;26123
Key Down;Z;26258
Key Down;Bas;26323
Key Down;D;26365
Key Up;Bas;26558
Key Down;Gauche;26871
Key Up;Z;26909
Key Up;Gauche;27137
Key Up;D;27243
Key Down;Gauche;27555
Key Down;Q;27582
Key Up;Q;27688
Key Up;Gauche;27827
Key Down;D;27926
Key Down;S;28028
Key Up;D;28167
Key Down;Droite;28545
Key Down;D;28726
Key Up;S;28753
Key Down;S;28897
Key Up;D;28934
Key Up;Droite;28982
Key Down;Q;29126
Key Up;S;29297
Key Down;Droite;29318
Key Down;Z;29478
Key Up;Z;29669
Key Up;Q;29675
Key Down;D;29749
Key Up;Droite;29776
Key Up;D;29857
Key Down;Q;29872
Key Down;Droite;30100
Key Up;Q;30265
Key Down;S;30286
Key Up;Droite;30329
Key Down;Q;30372
Key Up;S;30377
Key Down;S;30537
Key Up;S;30675
Key Down;Droite;30729
Key Up;Q;30767
Key Down;Q;31219
Key Up;Droite;31230
Key Up;Q;31390
Key Down;D;31650
Key Down;Z;31949
Key Down;Droite;32354
Key Up;D;32467
Key Up;Droite;32503
Key Up;Z;32834
Key Down;Entrée;34872
Key Up;Entrée;34984
Key Down;Entrée;36226
Key Up;Entrée;36418
Key Down;R;36901
Key Up;R;39714
Key Down;Z;39771
Key Down;D;39948
Key Up;Z;40385
Key Down;Droite;40502
Key Up;Droite;40667
Key Down;Z;40811
Key Up;Z;40939
Key Up;D;41616
Key Down;D;41836
Key Down;Z;42293
Key Up;D;42384
Key Up;Z;42410
Key Down;D;42779
Key Up;D;42897
Key Down;Q;43079
Key Down;R;43110
Key Up;Q;43382
Key Up;R;47283
Key Down;Q;47317
Key Down;Z;47567
Key Up;Z;47978
Key Down;Z;48382
Key Up;Z;48468
Key Up;Q;49022
Key Down;Gauche;49064
Key Down;Q;49346
Key Up;Gauche;49607
Key Down;S;50630
Key Up;S;50785
Key Down;Z;51099
Key Up;Q;51264
Key Down;D;51301
Key Up;Z;51370
Key Down;Droite;51961
Key Down;S;52185
Key Up;S;52367
Key Up;Droite;53108
Key Down;Haut;53294
Key Down;Z;53763
Key Up;D;54594
Key Up;Z;54914
Key Down;Z;55585
Key Down;Q;55857
Key Up;Z;55900
Key Up;Haut;55916
Key Down;S;56561
Key Up;S;56747
Key Up;Q;56805
Key Down;Z;56880
Key Down;D;56885
Key Up;Z;56954
Key Down;Z;58583
Key Up;D;58786
Key Down;Q;58807
Key Up;Z;58924
Key Down;Z;59276
Key Up;Z;59654
Key Down;Z;59836
Key Up;Q;60107
Key Up;Z;60842
Key Down;Z;61431
Key Down;Q;61516
Key Down;Haut;61745
Key Up;Z;61750
Key Up;Q;61916
Key Down;Q;62156
Key Up;Q;62300
Key Down;Z;62395
Key Down;Gauche;62652
Key Up;Haut;62737
Key Up;Z;62806
Key Down;Z;63019
Key Down;D;63126
Key Up;D;63233
Key Up;Z;63337
Key Down;S;64308
Key Down;Q;64329
Key Up;S;64425
Key Up;Q;64467
Key Down;D;65001
Key Down;S;65108
Key Up;Gauche;65214
Key Down;Droite;65325
Key Up;S;66071
Key Down;Haut;66545
Key Up;D;66582
Key Up;Droite;66625
Key Down;S;67249
Key Up;S;67430
Key Down;Q;67835
Key Down;S;67920
Key Up;Q;67963
Key Up;S;68101
Key Down;Droite;68262
Key Down;Z;68278
Key Up;Haut;68352
Key Down;D;68571
Key Up;Z;68842
Key Up;D;68960
Key Down;Q;69173
Key Up;Q;69481
Key Down;Z;69534
Key Up;Z;69721
Key Down;Q;70041
Key Up;Q;70270
Key Down;D;70467
Key Down;S;70552
Key Up;S;70744
Key Down;Z;70862
Key Up;Droite;70962
Key Up;D;71122
Key Up;Z;71368
Key Down;E;71569
Key Up;E;71691
Key Down;S;71785
Key Down;D;72255
Key Up;S;72366
Key Down;S;72525
Key Up;S;72717
Key Up;D;72722
Key Down;Q;72845
Key Down;Z;72867
Key Up;Q;73065
Key Up;Z;73128
Key Down;Q;73369
Key Down;Z;73396
Key Up;Q;73929
Key Up;Z;74237
Key Down;S;74438
Key Down;D;74630
Key Up;S;74688
Key Down;Droite;74774
Key Up;D;74817
Key Down;D;75099
Key Down;Z;75185
Key Up;Z;75345
Key Up;D;75408
Key Down;D;75630
Key Up;D;75759
Key Down;Q;75812
Key Up;Q;76089
Key Down;D;76292
Key Up;D;76495
Key Down;Q;76521
Key Up;Q;76808
Key Down;Q;77208
Key Down;S;77213
Key Up;S;77368
Key Up;Q;77544
Key Down;Q;77965
Key Up;Q;78109
Key Down;D;78259
Key Up;D;78493
Key Down;Z;78551
Key Up;Z;78674
Key Down;S;78791
Key Down;Q;78796
Key Up;Q;78893
Key Down;D;79164
Key Up;D;79340
Key Up;S;79393
Key Down;Q;79489
Key Down;Z;79596
Key Up;Q;79841
Key Up;Z;79857
Key Down;Q;80023
Key Up;Q;80305
Key Down;D;80630
Key Up;D;80779
Key Down;Z;80981
Key Down;D;81077
Key Up;Z;81136
Key Down;S;81382
Key Up;Droite;81705
Key Up;S;82319
Key Down;Droite;82419
Key Up;D;82884
Key Down;Q;83054
Key Up;Q;83225
Key Down;Z;83273
Key Down;D;83363
Key Up;Z;83497
Key Up;D;83641
Key Down;Z;83896
Key Down;D;84137
Key Up;Z;84631
Key Up;D;84657
Key Down;Q;84844
Key Up;Droite;85606
Key Up;Q;85707
Key Down;D;85735
Key Down;Z;87041
Key Down;Q;87106
Key Up;D;87116
Key Up;Z;87212
Key Down;Gauche;87983
Key Up;Gauche;88831
Key Down;Gauche;89134
Key Up;Gauche;89262
Key Down;Haut;89411
Key Down;Gauche;89481
Key Up;Haut;89519
Key Up;Gauche;89609
Key Down;Haut;89758
Key Down;Gauche;89769
Key Up;Haut;89801
Key Up;Gauche;89876
Key Down;Haut;89961
Key Down;Gauche;90030
Key Up;Haut;90062
Key Up;Gauche;90126
Key Down;Haut;90206
Key Down;Gauche;90276
Key Up;Haut;90313
Key Up;Gauche;90392
Key Down;Z;90435
Key Up;Q;90625
Key Up;Z;91271
Key Down;Haut;91535
Key Down;S;92089
Key Down;D;92147
Key Down;Gauche;92212
Key Up;S;92270
Key Up;Haut;92302
Key Down;Z;92590
Key Up;D;92905
Key Up;Z;92910
Key Down;D;93016
Key Down;Z;93336
Key Up;D;93433
Key Down;Bas;93502
Key Down;D;93634
Key Up;D;94055
Key Down;Q;94140
Key Up;Gauche;94151
Key Down;Droite;94518
Key Up;Z;94673
Key Up;Bas;95046
Key Down;S;95100
Key Up;S;95206
Key Up;Q;95787
Key Down;Q;95846
Key Down;S;96671
Key Up;Q;96681
Key Down;D;96772
Key Up;S;96777
Key Up;D;96926
Key Down;S;97049
Key Down;Bas;97161
Key Up;Droite;97230
Key Down;D;97396
Key Up;D;97486
Key Down;Q;97635
Key Up;Q;97780
Key Up;S;97956
Key Down;D;98168
Key Up;Bas;98275
Key Down;Droite;98371
Key Down;Z;98387
Key Up;Z;98643
Key Down;Z;98958
Key Up;Z;99250
Key Down;Z;99496
Key Up;Z;99915
Key Up;D;100075
Key Down;Z;100417
Key Up;Z;100513
Key Down;Q;100939
Key Down;Haut;101114
Key Up;Droite;101147
Key Down;Z;101301
Key Up;Q;101776
Key Up;Z;102203
Key Down;Q;103086
Key Up;Haut;103165
Key Up;Q;103240
Key Down;Z;103493
Key Up;Z;103626
Key Down;D;103968
Key Down;S;104048
Key Down;Gauche;104069
Key Up;D;104187
Key Up;S;104192
Key Down;Q;104544
Key Up;Q;104656
Key Down;Q;105885
Key Up;Gauche;106030
Key Down;Haut;106248
Key Up;Q;106371
Key Down;Z;106392
Key Up;Z;106515
Key Down;D;106888
Key Up;Haut;106898
Key Down;Haut;107027
Key Up;D;107058
Key Down;D;107128
Key Down;S;107133
Key Up;Haut;107202
Key Up;S;107303
Key Down;Droite;107517
Key Up;Droite;107821
Key Up;D;107890
Key Down;Haut;108046
Key Down;S;108127
Key Down;D;108132
Key Up;D;108292
Key Up;S;108425
Key Down;Q;109884
Key Up;Haut;109911
Key Up;Q;110295
Key Down;D;110422
Key Up;D;110934
Key Down;D;111223
Key Down;Z;111378
Key Up;Z;111909
Key Down;Z;112239
Key Up;Z;112485
Key Up;D;113103
Key Down;Entrée;113734
Key Up;Entrée;113862
Key Down;Droite;114033
Key Down;D;114050
Key Up;D;114642
Key Down;Q;114822
Key Down;Espace;114828
Key Up;Q;114902
Key Up;Espace;114966
Key Down;D;116272
Key Up;D;116512
Key Down;S;116853
Key Down;D;116907
Key Up;S;117066
Key Up;D;117125
Key Down;S;117440
Key Up;S;117514
Key Down;D;117621
Key Up;D;117792
Key Down;Q;118280
Key Down;Gauche;118419
Key Up;Q;118425
Key Up;Droite;118478
Key Down;Z;118777
Key Up;Gauche;118873
Key Down;Droite;118952
Key Down;D;119016
Key Up;D;119437
Key Up;Z;119635
Key Down;D;119922
Key Up;D;120055
Key Down;Q;120200
Key Up;Q;120504
Key Down;D;120685
Key Up;D;120896
Key Down;D;121264
Key Up;D;121413
Key Down;Z;121557
Key Up;Z;121669
Key Down;D;121851
Key Up;D;121946
Key Down;Q;122138
Key Down;S;122319
Key Down;Gauche;122538
Key Up;Droite;122549
Key Up;S;122911
Key Up;Q;123210
Key Down;Z;123604
Key Down;Q;123647
Key Up;Z;123685
Key Up;Q;123796
Key Down;D;124579
Key Up;D;124791
Key Down;S;125143
Key Down;D;125149
Key Up;D;125538
Key Up;S;125559
Key Down;D;125698
Key Up;D;126129
Key Down;Q;126146
Key Down;Z;126290
Key Up;Z;126508
Key Down;Z;126933
Key Up;Z;127066
Key Up;Q;127114
Key Down;D;127354
Key Up;D;127444
Key Down;D;128164
Key Down;S;128181
Key Up;Gauche;128318
Key Up;S;128831
Key Up;D;128841
Key Down;S;129959
Key Down;Q;129981
Key Up;S;130119
Key Down;Z;130322
Key Up;Q;130434
Key Up;Z;130481
Key Down;Gauche;131576
Key Down;Q;131795
Key Down;S;131859
Key Up;Q;132120
Key Down;D;132291
Key Up;Gauche;132307
Key Up;S;132456
Key Down;Z;132734
Key Up;D;132936
Key Down;Q;133312
Key Up;Z;133440
Key Down;S;133664
Key Down;Gauche;134165
Key Up;S;134245
Key Up;Q;134251
Key Down;Q;134581
Key Down;Z;134645
Key Up;Q;134895
Key Up;Gauche;134955
Key Down;Droite;135066
Key Down;D;135413
Key Up;Z;135418
Key Up;D;135577
Key Down;D;135785
Key Down;Z;135823
Key Up;D;135887
Key Up;Z;135920
Key Down;Q;136579
Key Down;S;136739
Key Up;Droite;136813
Key Up;S;137256
Key Up;Q;137981
Key Down;Q;138308
Key Up;Q;138590
Key Down;S;138766
Key Down;Q;138995
Key Up;S;139495
Key Down;Z;140076
Key Up;Z;140262
Key Down;Z;140534
Key Up;Q;141142
Key Up;Z;141430
Key Down;E;141718
Key Up;E;141825
Key Down;S;141920
Key Down;D;142334
Key Up;S;142648
Key Up;D;142942
Key Down;Q;143567
Key Down;Z;143700
Key Up;Q;144110
Key Down;Q;144191
Key Up;Z;144239
Key Down;S;144361
Key Up;Q;144543
Key Down;D;144591
Key Up;S;144692
Key Down;Z;145128
Key Up;D;145523
Key Up;Z;145597
Key Down;Q;145770
Key Down;Z;145839
Key Up;Z;145994
Key Up;Q;146063
Key Down;E;146348
Key Down;Q;146363
Key Up;E;146455
Key Down;S;146678
Key Up;Q;147318
Key Up;S;147536
Key Down;D;147715
Key Down;Z;148014
Key Up;D;148162
Key Down;D;148993
Key Up;D;149158
Key Up;Z;149169
Key Down;E;149288
Key Down;Q;149399
Key Up;E;149405
Key Down;S;149506
Key Up;Q;149704
Key Down;D;149997
Key Up;S;150333
Key Up;D;150338
Key Down;S;151279
Key Down;D;151481
Key Up;S;151619
Key Down;S;151822
Key Up;D;152328
Key Down;Q;152931
Key Up;S;153821
Key Down;Z;154278
Key Up;Z;154433
Key Up;Q;155557
Key Down;S;155917
Key Up;S;156151
Key Down;Q;156239
Key Up;Q;156416
Key Down;Q;156568
Key Down;S;156712
Key Up;Q;156727
Key Up;S;156893
Key Down;Q;156982
Key Down;E;156988
Key Up;E;157127
Key Up;Q;157711
Key Down;Q;158006
Key Up;Q;158118
Key Down;E;158631
Key Down;Q;158636
Key Up;E;158726
Key Up;Q;159307
Key Down;S;159589
Key Up;S;159722
Key Down;Q;159866
Key Up;Q;160085
Key Down;D;160559
Key Down;Z;161240
Key Up;Z;161400
Key Up;D;161880
Key Down;E;161983
Key Up;E;162096
Key Down;D;162171
Key Down;Z;163216
Key Up;D;163470
Key Down;Q;163620
Key Up;Z;164243
Key Down;E;164883
Key Up;E;165022
Key Down;S;165288
Key Up;Q;165518
Key Down;D;165699
Key Up;S;165917
Key Down;Q;166119
Key Up;D;166136
Key Down;S;166326
Key Up;Q;166502
Key Down;D;166550
Key Up;S;166593
Key Down;Z;166806
Key Up;D;166966
Key Down;Q;167158
Key Up;Q;167526
Key Up;Z;167787
Key Down;E;167922
Key Down;Q;167987
Key Up;E;168035
Key Down;S;168365
Key Up;Q;168487
Key Down;D;169122
Key Up;S;169392
Key Down;Z;169547
Key Up;D;169573
Key Down;Q;169845
Key Up;Z;169877
Key Down;S;170016
Key Up;S;170692
Key Down;Z;170805
Key Up;Q;170863
Key Down;Haut;170970
Key Up;Z;171508
Key Down;Z;171914
Key Down;D;171972
Key Down;Droite;172004
Key Up;Haut;172169
Key Up;Z;172185
Key Down;Z;172482
Key Up;Z;172823
Key Down;S;173895
Key Up;D;173943
Key Down;D;174060
Key Up;S;174145
Key Down;Bas;174209
Key Down;Z;174439
Key Up;Z;174535
Key Up;Bas;174663
Key Down;S;174668
Key Up;Droite;174769
Key Up;S;175546
Key Up;D;175632
Key Down;Q;175648
Key Down;Z;176399
Key Up;Q;176665
Key Up;Z;177241
Key Down;S;177433
Key Down;D;178110
Key Up;S;178248
Key Down;Z;178940
Key Up;Z;179249
Key Down;Bas;179798
Key Down;S;180235
Key Up;Bas;180799
Key Up;D;181183
Key Down;Bas;181237
Key Up;Bas;181391
Key Down;Bas;181528
Key Up;Bas;181683
Key Down;Bas;181769
Key Up;Bas;181875
Key Down;Bas;181970
Key Up;Bas;182088
Key Down;Bas;182168
Key Up;Bas;182296
Key Down;Bas;182371
Key Up;Bas;182477
Key Down;Bas;182568
Key Up;Bas;182675
Key Down;Bas;182765
Key Up;Bas;182877
Key Down;Bas;182989
Key Up;Bas;183090
Key Down;Bas;183208
Key Up;Bas;183299
Key Down;Bas;183436
Key Up;Bas;183512
Key Up;S;184082
Key Down;Z;184227
Key Down;Q;184509
Key Up;Z;184514
Key Up;Q;184791
Key Down;E;185025
Key Up;E;185147
Key Down;D;185266
Key Up;D;185815
Key Down;D;186276
Key Up;D;186392
Key Down;Q;186819
Key Up;Q;186995
Key Down;Q;187146
Key Down;E;187172
Key Up;E;187301
Key Down;S;187413
Key Up;Q;187592
Key Down;D;187838
Key Up;D;188040
Key Down;D;188249
Key Up;S;188339
Key Up;D;188376
Key Down;S;188444
Key Up;S;189052
Key Down;Z;189257
Key Up;Z;189736
Key Down;Z;190152
Key Up;Z;190291
Key Down;E;190730
Key Down;Z;190831
Key Up;E;190868
Key Down;Q;190911
Key Up;Q;191652
Key Down;D;191823
Key Up;Z;192052
Key Up;D;192355
Key Down;Z;192672
Key Up;Z;193024
Key Down;S;193162
Key Down;Q;194019
Key Up;Q;194498
Key Down;Q;195192
Key Up;Q;195347
Key Down;D;195405
Key Up;S;195490
Key Down;S;195848
Key Up;D;195911
Key Down;D;196471
Key Up;S;196965
Key Down;Droite;197072
Key Up;Droite;197157
Key Down;S;197423
Key Up;S;197749
Key Up;D;198874
Key Down;Q;199009
Key Up;Q;199131
Key Down;Z;199325
Key Up;Z;199453
Key Down;E;199610
Key Down;Q;199655
Key Up;E;199762
Key Down;S;199821
Key Up;Q;199848
Key Down;D;200242
Key Up;S;200338
Key Down;Z;200967
Key Up;Z;201058
Key Down;S;201378
Key Up;S;201574
Key Up;D;201724
Key Down;Q;202132
Key Down;E;202142
Key Up;E;202292
Key Up;Q;202935
Key Down;D;203795
Key Down;Z;204537
Key Up;Z;204830
Key Up;D;205150
Key Down;Z;205178
Key Down;E;205422
Key Up;E;205599
Key Down;Q;205757
Key Up;Q;206051
Key Down;D;206147
Key Up;Z;206440
Key Down;Q;207053
Key Down;S;207091
Key Up;D;207122
Key Up;S;207436
Key Down;Gauche;207767
Key Down;Z;207836
Key Up;Z;207970
Key Up;Q;208236
Key Down;D;208546
Key Down;S;208626
Key Up;D;208747
Key Down;Q;208795
Key Up;Gauche;208805
Key Up;S;208976
Key Down;Gauche;209008
Key Up;Q;209072
Key Down;S;209925
Key Up;S;210117
Key Down;Q;210245
Key Down;S;210399
Key Up;Gauche;210426
Key Up;S;210553
Key Down;Z;210703
Key Up;Q;210991
Key Up;Z;211284
Key Down;Q;211294
Key Down;E;211353
Key Up;E;211480
Key Up;Q;211923
Key Down;E;212639
Key Up;E;212751
Key Down;S;212852
Key Down;D;213177
Key Up;S;213481
Key Down;S;213715
Key Up;S;213945
Key Down;S;215094
Key Up;S;215398
Key Up;D;215452
Key Down;Q;215576
Key Down;E;215581
Key Down;Z;215677
Key Up;Q;215724
Key Up;E;215730
Key Up;Z;216610
Key Down;D;217216
Key Down;S;217328
Key Up;D;217854
Key Down;Q;217997
Key Up;Q;218136
Key Down;D;218488
Key Up;S;218493
Key Down;Z;218621
Key Up;D;218664
Key Down;D;218968
Key Up;Z;219085
Key Up;D;219623
Key Down;Droite;219782
Key Down;D;220044
Key Up;D;220444
Key Down;Q;220715
Key Up;Q;220954
Key Down;D;221113
Key Up;Droite;221182
Key Down;Z;221273
Key Up;Z;221475
Key Up;D;221694
Key Down;S;221700
Key Down;D;222089
Key Up;S;222200
Key Down;S;222344
Key Up;D;222355
Key Up;S;222601
Key Down;E;222676
Key Up;E;222819
Key Down;D;222917
Key Down;Z;223844
Key Up;Z;224152
Key Up;D;224195
Key Down;E;224332
Key Up;E;224449
Key Down;D;224606
Key Up;D;224649
Key Down;Q;224805
Key Down;S;225199
Key Up;Q;226031
Key Down;D;226068
Key Up;S;226121
Key Down;Z;226495
Key Up;Z;226793
Key Up;D;228066
Key Down;D;228236
Key Up;D;230771
Key Down;D;231043
Key Up;D;231256
Key Down;Haut;231396
Key Down;Q;231758
Key Up;Q;231843
Key Down;Z;232686
Key Up;Haut;232697
Key Down;D;232739
Key Up;Z;233036
Key Up;D;233052
Key Down;Z;233265
Key Down;D;233297
Key Up;Z;233387
Key Down;Z;233867
Key Up;D;233909
Key Up;Z;234006
Key Down;E;234391
Key Up;E;234519
Key Down;D;234629
Key Down;Z;235231
Key Up;Z;235477
Key Up;D;235808
Key Down;Bas;235901
Key Down;Q;236977
Key Up;Bas;237056
Key Down;S;237611
Key Up;Q;237701
Key Down;Q;237835
Key Up;Q;237989
Key Down;Q;238171
Key Up;S;238549
Key Up;Q;239076
Key Down;D;239419
Key Up;D;239531
Key Down;S;240024
Key Up;S;240195
Key Down;Q;240261
Key Up;Q;240442
Key Down;Z;240489
Key Up;Z;240787
Key Down;Z;240957
Key Up;Z;241075
Key Down;Z;241525
Key Down;D;241664
Key Up;Z;241680
Key Up;D;241797
Key Down;Q;242095
Key Down;S;242191
Key Up;Q;242352
Key Up;S;242671
Key Down;S;243333
Key Down;D;243413
Key Up;D;243690
Key Down;D;243968
Key Up;S;243994
Key Down;Z;244250
Key Up;D;244330
Key Up;Z;244442
Key Down;Q;244786
Key Down;Z;245095
Key Up;Q;245445
Key Up;Z;245552
Key Down;A;245659
Key Up;A;245797
Key Down;Z;245965
Key Up;Z;246568
Key Down;S;246778
Key Down;D;247024
Key Up;S;247115
Key Up;D;247477
Key Down;Z;247772
Key Up;Z;247878
Key Down;E;248097
Key Down;Q;248113
Key Up;E;248198
Key Down;S;248608
Key Up;Q;248875
Key Down;D;249434
Key Up;D;249711
Key Up;S;249866
Key Down;D;249967
Key Down;Z;250436
Key Up;D;250479
Key Up;Z;250516
Key Down;Z;250789
Key Down;Q;250821
Key Up;Z;250906
Key Up;Q;250949
Key Down;Z;251254
Key Down;D;251521
Key Up;D;251606
Key Up;Z;251889
Key Down;Q;251972
Key Down;S;252452
Key Up;S;252734
Key Down;Gauche;253391
Key Down;Bas;257136
Key Up;Bas;257289
Key Down;Bas;257363
Key Up;Bas;257491
Key Down;Bas;257587
Key Up;Bas;257699
Key Down;Bas;257801
Key Up;Bas;257918
Key Down;Bas;258013
Key Up;Bas;258125
Key Down;Bas;258227
Key Up;Bas;258345
Key Down;Bas;258441
Key Up;Bas;258589
Key Down;Bas;258627
Key Up;Gauche;258979
Key Up;Bas;259000
Key Down;Bas;259544
Key Up;Bas;259698
Key Down;Gauche;259730
Key Up;Gauche;259826
Key Down;Bas;259900
Key Down;Gauche;259970
Key Up;Bas;259981
Key Up;Gauche;260087
Key Down;Bas;260167
Key Down;Gauche;260273
Key Up;Bas;260294
Key Up;Gauche;260379
Key Down;Bas;260470
Key Down;Gauche;260518
Key Up;Bas;260539
Key Up;Gauche;260646
Key Down;Bas;260726
Key Down;Gauche;260806
Key Up;Bas;260838
Key Up;Gauche;260917
Key Down;Bas;260993
Key Down;Gauche;261056
Key Up;Bas;261094
Key Up;Gauche;261174
Key Down;Bas;261254
Key Down;Gauche;261323
Key Up;Bas;261344
Key Up;Gauche;261418
Key Down;S;262336
Key Up;S;262671
Key Down;S;262896
Key Up;Q;263491
Key Up;S;263960
Key Down;S;264289
Key Up;S;264381
Key Down;Bas;264449
Key Down;Q;264512
Key Down;S;264652
Key Up;Q;264715
Key Up;S;264933
Key Down;Droite;265099
Key Down;Q;265142
Key Down;Z;265334
Key Up;Q;265339
Key Up;Droite;265424
Key Up;Z;265542
Key Down;Z;265734
Key Up;Z;265899
Key Down;Espace;266165
Key Up;Espace;266293
Key Down;D;267081
Key Up;D;267204
Key Down;D;267572
Key Up;D;267694
Key Down;Z;268227
Key Up;Z;268349
Key Down;D;268728
Key Up;D;268877
Key Down;D;269245
Key Up;D;269398
Key Down;D;269627
Key Up;D;269755
Key Down;D;269979
Key Up;D;270182
Key Down;S;270485
Key Up;S;270613
Key Down;D;270624
Key Up;D;270752
Key Down;Q;271120
Key Up;Q;271210
Key Down;Q;271456
Key Down;Z;271466
Key Up;Z;271568
Key Up;Q;271579
Key Down;Q;271701
Key Up;Q;272100
Key Down;Q;272403
Key Up;Q;272547
Key Down;S;272819
Key Up;Bas;272835
Key Up;S;273208
Key Down;D;273885
Key Up;D;273996
Key Down;S;274077
Key Down;D;274237
Key Up;D;274349
Key Down;D;274493
Key Up;S;274541
Key Up;D;274632
Key Down;D;274815
Key Up;D;275103
Key Down;D;275272
Key Up;D;275400
Key Down;Q;275569
Key Down;S;275777
Key Up;Q;276139
Key Down;D;276171
Key Up;S;276198
Key Down;Z;276320
Key Up;D;276331
Key Down;Q;276438
Key Up;Q;276816
Key Down;Q;276938
Key Up;Q;277035
Key Down;D;277264
Key Up;Z;277360
Key Down;Q;278026
Key Up;D;278068
Key Up;Q;278410
Key Down;D;278464
Key Down;S;278720
Key Up;D;279210
Key Up;S;279627
Key Down;E;279737
Key Down;Z;279806
Key Up;E;279870
Key Up;Z;280573
Key Down;E;281209
Key Down;Q;281300
Key Up;E;281337
Key Down;Z;281506
Key Up;Z;281778
Key Up;Q;282519
Key Down;D;282782
Key Down;S;283730
Key Up;S;283917
Key Down;S;284140
Key Up;S;284258
Key Up;D;284534
Key Down;Q;284612
Key Down;E;284655
Key Up;E;284810
Key Down;Z;285374
Key Up;Z;285512
Key Up;Q;285609
Key Down;Q;285951
Key Down;S;286836
Key Up;S;287321
Key Up;Q;287602
Key Down;E;287686
Key Up;E;287819
Key Down;S;287918
Key Down;D;288168
Key Up;S;288323
Key Down;S;289010
Key Up;D;289389
Key Up;S;289581
Key Down;D;289763
Key Up;D;289896
Key Down;Q;290041
Key Down;E;290074
Key Up;E;290207
Key Down;Z;290452
Key Up;Q;291026
Key Down;D;291389
Key Up;Z;291575
Key Down;Z;291762
Key Up;D;292162
Key Down;Q;292183
Key Up;Z;292209
Key Up;Q;292406
Key Down;D;292473
Key Down;Z;292665
Key Up;D;292958
Key Down;D;295441
Key Up;Z;295776
Key Down;Z;296128
Key Up;Z;296256
Key Down;Z;296491
Key Up;Z;296560
Key Up;D;296815
Key Down;Q;296907
Key Down;E;296933
Key Up;E;297061
Key Up;Q;297962
Key Down;D;298470
Key Up;D;298881
Key Down;Q;298892
Key Up;Q;299073
Key Down;D;299103
Key Down;S;301265
Key Up;D;301335
Key Up;S;301426
Key Down;D;301683
Key Up;D;301768
Key Down;A;302147
Key Up;A;302292
Key Down;D;302519
Key Down;S;302853
Key Up;S;303018
Key Up;D;303039
Key Down;A;303555
Key Up;A;303704
Key Down;D;303852
Key Down;Z;304029
Key Up;Z;304194
Key Up;D;304215
Key Down;Q;304527
Key Up;Q;304696
Key Down;A;304882
Key Up;A;305015
Key Down;Z;305179
Key Down;Q;305189
Key Up;Q;305450
Key Down;Q;305664
Key Up;Q;305791
Key Up;Z;305795
Key Down;E;306234
Key Down;Q;306336
Key Up;E;306363
Key Down;S;306485
Key Up;S;307157
Key Up;Q;307317
Key Down;Q;308052
Key Up;Q;308313
Key Down;D;308469
Key Down;Z;309092
Key Up;D;309411
Key Down;D;309545
Key Up;D;309774
Key Down;D;310051
Key Up;D;310296
Key Down;Q;310605
Key Up;Z;311096
Key Down;Z;311235
Key Up;Z;311469
Key Down;S;311825
Key Up;S;311990
Key Down;Z;312353
Key Up;Z;312758
Key Down;S;313046
Key Up;Q;313099
Key Down;D;313126
Key Up;S;313174
Key Down;S;313269
Key Up;D;313317
Key Down;D;313498
Key Up;S;313600
Key Up;D;313749
Key Down;E;313884
Key Down;Q;313889
Key Down;Z;313937
Key Up;Q;313974
Key Up;E;314033
Key Down;D;314321
Key Up;Z;314694
Key Down;Z;314959
Key Up;Z;315156
Key Down;S;315385
Key Up;D;315604
Key Up;S;315753
Key Down;E;315857
Key Down;Z;315979
Key Up;E;316022
Key Down;D;316123
Key Up;Z;316240
Key Down;Z;317227
Key Up;Z;317375
Key Up;D;317520
Key Down;Q;317635
Key Down;E;317656
Key Up;E;317795
Key Down;S;318427
Key Up;S;318598
Key Down;S;318737
Key Up;Q;318812
Key Down;D;318833
Key Up;S;319350
Key Down;Z;319691
Key Up;Z;319829
Key Up;D;320261
Key Down;Q;320417
Key Down;E;320465
Key Up;E;320571
Key Down;Z;323337
Key Up;Z;323795
Key Down;Z;324300
Key Up;Z;324481
Key Down;S;324599
Key Down;E;324928
Key Up;E;325083
Key Up;S;325350
Key Down;Z;325691
Key Up;Z;325947
Key Down;S;326277
Key Up;S;326416
Key Up;Q;326662
Key Down;E;326908
Key Up;E;327030
Key Down;D;327154
Key Down;Z;327959
Key Up;Z;328263
Key Up;D;328305
Key Down;Z;328462
Key Down;D;328483
Key Up;D;328591
Key Up;Z;330679
Key Down;D;330750
Key Up;D;330899
Key Down;Z;331178
Key Down;Q;331497
Key Up;Q;331679
Key Down;D;331908
Key Up;D;332052
Key Down;Q;332148
Key Up;Z;332191
Key Down;Z;332223
Key Up;Q;332270
Key Down;D;332403
Key Up;D;332542
Key Up;Z;332702
Key Down;E;332952
Key Up;E;333072
Key Down;S;333151
Key Down;Q;333758
Key Up;S;333992
Key Up;Q;334131
Key Down;Z;334569
Key Up;Z;335119
Key Down;Z;335152
Key Up;Z;335350
Key Down;S;335493
Key Down;D;335845
Key Up;D;336254
Key Down;D;336734
Key Up;D;336872
Key Down;Q;337326
Key Up;S;337842
Key Down;S;338039
Key Up;S;338338
Key Down;S;338567
Key Up;S;338743
Key Up;Q;341817
Key Down;E;341863
Key Up;E;342006
Key Down;D;342128
Key Up;D;343173
Key Down;Q;343414
Key Up;Q;345173
Key Down;Gauche;345289
Key Down;Q;345321
Key Up;Q;345454
Key Down;S;345614
Key Up;Gauche;345641
Key Down;Q;345700
Key Up;S;346067
Key Down;Z;346707
Key Up;Q;346883
Key Up;Z;347086
Key Down;D;347293
Key Up;D;347395
Key Down;E;347660
Key Down;Q;347665
Key Down;Z;347778
Key Up;E;347809
Key Up;Z;348425
Key Up;Q;348697
Key Down;D;349186
Key Down;S;349527
Key Up;D;349879
Key Up;S;350247
Key Down;S;350834
Key Up;S;351217
Key Down;D;351222
Key Down;Z;351328
Key Up;Z;351595
Key Down;S;352235
Key Up;S;352507
Key Down;Z;352624
Key Up;Z;353450
Key Down;Tab;354680
Key Up;Tab;354722
Key Down;Tab;355623
Key Up;Tab;355746
Key Down;Z;357095
Key Down;Tab;357435
Key Up;Tab;357535
Key Up;Z;357573
Key Down;Z;357701
Key Up;D;358069
Key Down;D;358095
Key Up;D;358335
Key Down;Tab;358495
Key Up;Tab;358607
Key Down;D;358687
Key Up;Z;359119
Key Down;Z;359631
Key Up;Z;360004
Key Down;Z;360153
Key Up;Z;360317
Key Down;Z;361325
Key Up;Z;361729
Key Up;D;362450
Key Down;Entrée;365228
Key Up;Entrée;365409
Key Down;Q;367098
Key Down;Gauche;367204
Key Up;Q;367588
Key Down;Q;367892
Key Up;Q;370870
Key Down;Q;371035
Key Up;Q;371115
Key Down;D;371237
Key Down;S;371366
Key Up;D;371445
Key Up;Gauche;371584
Key Down;Q;372059
Key Up;S;372441
Key Up;Q;372446
Key Down;Q;372697
Key Up;Q;373118
Key Down;Q;373252
Key Up;Q;373689
Key Down;Q;374119
Key Up;Q;374316
Key Down;Q;374512
Key Up;Q;374822
Key Down;Z;374832
Key Down;Q;374960
Key Up;Q;375098
Key Up;Z;375125
Key Down;E;375356
Key Up;E;375483
Key Down;S;375577
Key Down;Q;375928
Key Up;S;376008
Key Up;Q;376733
Key Down;D;377248
Key Down;Z;377616
Key Up;D;377797
Key Down;Q;377909
Key Up;Z;378287
Key Down;Z;378525
Key Up;Z;378802
Key Down;Gauche;379405
Key Up;Q;379741
Key Down;D;380199
Key Up;D;380333
Key Down;S;380700
Key Up;S;380850
Key Down;S;380887
Key Up;S;381031
Key Down;D;381036
Key Down;S;381132
Key Up;D;381191
Key Up;S;381425
Key Down;Q;381535
Key Up;Q;381808
Key Down;Z;382031
Key Up;Z;382288
Key Down;D;382597
Key Down;Z;382996
Key Up;D;383146
Key Down;Q;383284
Key Up;Z;383305
Key Down;S;383567
Key Up;S;383950
Key Up;Q;384067
Key Down;D;384158
Key Up;D;384742
Key Down;Q;384903
Key Up;Q;385185
Key Down;S;385425
Key Down;Q;385436
Key Up;S;385638
Key Up;Q;385649
Key Down;Z;386027
Key Up;Z;386113
Key Down;D;386150
Key Up;D;386252
Key Down;D;386422
Key Up;D;386645
Key Down;Q;386933
Key Up;Gauche;386954
Key Up;Q;387227
Key Down;Q;387635
Key Down;Z;387982
Key Up;Q;388189
Key Down;Q;388419
Key Up;Z;388647
Key Up;Q;388658
Key Down;Tab;388905
Key Up;Tab;390313
Key Down;Echap;390643
Key Up;Echap;390761
Key Down;Echap;392600
Key Up;Echap;392738
Key Down;Q;393253
Key Down;D;393689
Key Up;Q;393711
Key Down;Z;393818
Key Up;Z;394202
Key Down;S;394478
Key Up;S;394803
Key Down;Droite;394900
Key Down;S;395241
Key Up;S;395524
Key Up;Droite;395838
Key Down;S;396345
Key Up;D;396520
Key Down;D;397030
Key Up;D;397334
Key Up;S;397457
Key Down;D;397548
Key Up;D;397714
Key Down;Q;397802
Key Down;Z;398137
Key Up;Q;398420
Key Down;D;399134
Key Up;Z;399518
Key Down;S;401510
Key Up;D;402630
Key Down;Q;402703
Key Up;Q;402777
Key Down;D;402825
Key Up;S;402868
Key Down;Z;403524
Key Up;D;404387
Key Up;Z;404973
Key Down;Haut;405133
Key Down;S;405534
Key Up;S;405672
Key Down;Q;405704
Key Down;Droite;405905
Key Up;Q;406044
Key Up;Haut;406091
Key Down;Z;406225
Key Down;Q;406231
Key Up;Z;406379
Key Up;Q;406497
Key Down;Z;406641
Key Down;Q;406699
Key Up;Z;406800
Key Up;Q;406876
Key Down;Z;407121
Key Down;Q;407137
Key Up;Z;407318
Key Up;Q;407440
Key Down;Z;407563
Key Down;Q;407653
Key Up;Z;407776
Key Up;Q;407878
Key Down;Z;408086
Key Down;Bas;408310
Key Up;Z;408314
Key Down;Q;408336
Key Down;Z;408400
Key Up;Droite;408421
Key Up;Q;409086
Key Down;D;409364
Key Up;Z;409592
Key Up;D;409641
Key Down;D;409859
Key Up;D;409965
Key Down;D;410696
Key Down;S;410738
Key Up;D;410798
Key Up;S;410883
Key Down;S;411267
Key Up;S;411389
Key Down;Z;411797
Key Up;Z;411942
Key Down;D;412102
Key Up;D;412197
Key Down;Q;412390
Key Down;Droite;412501
Key Down;S;412549
Key Up;Bas;412602
Key Up;Q;412710
Key Down;D;413332
Key Up;S;413418
Key Up;D;413615
Key Down;Q;413871
Key Up;Q;414041
Key Down;D;414250
Key Up;D;414399
Key Down;Q;414474
Key Down;Z;414575
Key Up;Q;414671
Key Up;Z;414735
Key Down;D;414813
Key Up;D;414930
Key Down;Z;415042
Key Up;Z;415117
Key Down;D;415186
Key Up;D;415325
Key Down;Z;415330
Key Up;Z;415383
Key Down;Q;415564
Key Up;Q;415708
Key Down;D;415789
Key Down;S;415986
Key Down;Haut;416215
Key Up;Droite;416247
Key Up;S;416316
Key Up;D;416525
Key Down;D;416717
Key Up;D;416822
Key Down;Z;417009
Key Up;Z;417206
Key Down;Z;417398
Key Down;Q;417451
Key Up;Z;417473
Key Down;Droite;417505
Key Down;Gauche;417574
Key Down;S;417623
Key Up;Haut;417639
Key Up;Droite;417649
Key Up;S;417908
Key Down;Bas;418005
Key Up;Gauche;418373
Key Up;Q;418693
Key Down;D;419001
Key Down;Droite;419156
Key Up;Bas;419252
Key Down;S;419507
Key Up;S;419748
Key Down;Z;420728
Key Down;Q;420739
Key Up;D;420776
Key Up;Q;421127
Key Down;D;421484
Key Up;Z;421947
Key Up;D;422161
Key Down;Q;422262
Key Up;Q;422880
Key Down;Z;423125
Key Down;Haut;423163
Key Down;Q;423179
Key Up;Droite;423360
Key Up;Q;423632
Key Up;Z;423903
Key Down;Q;424623
Key Down;S;424835
Key Up;S;425038
Key Up;Q;425075
Key Down;Q;426003
Key Up;Q;426152
Key Down;D;426291
Key Up;D;426430
Key Down;Droite;428182
Key Down;D;428235
Key Up;Haut;428272
Key Up;D;428550
Key Down;Q;428865
Key Up;Q;429179
Key Down;D;429478
Key Down;Z;429674
Key Up;D;429733
Key Up;Z;429813
Key Down;Q;430232
Key Up;Q;430445
Key Down;S;430664
Key Down;D;430670
Key Up;S;430749
Key Up;D;430861
Key Down;Q;431043
Key Up;Q;431155
Key Up;Droite;431379
Key Down;D;431454
Key Down;Z;432094
Key Down;Droite;432547
Key Up;D;432637
Key Down;D;432993
Key Up;Z;433116
Key Up;D;433201
Key Down;D;433516
Key Up;D;433665
Key Down;Q;433851
Key Up;Q;434203
Key Down;S;434763
Key Down;D;435073
Key Up;S;435200
Key Up;D;435317
Key Down;Q;435376
Key Down;Z;435466
Key Up;Q;435605
Key Down;D;435829
Key Up;Z;435957
Key Up;D;436180
Key Down;Q;436451
Key Up;Q;436605
Key Down;Z;437097
Key Up;Z;437218
Key Down;Q;437294
Key Down;Z;437496
Key Up;Q;437528
Key Down;D;437629
Key Up;Z;437715
Key Up;Droite;437827
Key Down;Z;439052
Key Up;Z;439259
Key Down;Bas;439872
Key Up;D;439883
Key Down;D;440117
Key Up;D;440261
Key Down;D;440491
Key Up;D;440725
Key Down;Q;441007
Key Up;Q;441338
Key Down;Q;441770
Key Up;Q;441861
Key Down;Q;441962
Key Up;Q;442179
Key Down;D;442382
Key Up;D;442605
Key Down;D;442749
Key Up;D;442931
Key Down;Q;443230
Key Up;Q;443336
Key Down;Q;444028
Key Up;Bas;444567
Key Down;S;444572
Key Up;S;445110
Key Down;Z;445387
Key Up;Z;445509
Key Down;S;445621
Key Up;S;445770
Key Down;Z;445882
Key Up;Z;446250
Key Down;Z;447663
Key Up;Z;447934
Key Down;S;448700
Key Up;S;449692
Key Down;Gauche;450150
Key Up;Q;450251
Key Down;D;450737
Key Up;D;450892
Key Down;D;450977
Key Up;Gauche;451220
Key Down;S;451599
Key Up;S;452425
Key Down;Droite;453800
Key Down;Z;456434
Key Up;Z;457455
Key Up;D;457951
Key Down;D;458153
Key Up;D;458666
Key Down;Haut;458703
Key Down;Q;458719
Key Up;Droite;458761
Key Down;S;458847
Key Up;Q;458953
Key Up;S;459087
Key Down;S;459471
Key Up;S;459631
Key Down;D;459908
Key Down;Droite;460269
Key Up;Haut;460322
Key Down;Z;460338
Key Up;D;460370
Key Up;Z;460647
Key Down;Z;460776
Key Down;Q;460786
Key Up;Z;461068
Key Up;Q;461074
Key Down;Q;461191
Key Up;Q;461410
Key Down;Z;461692
Key Down;Bas;461777
Key Up;Droite;461788
Key Down;D;461852
Key Up;D;462001
Key Up;Z;462049
Key Down;D;462738
Key Up;Bas;462992
Key Down;S;464436
Key Up;S;464623
Key Up;D;464794
Key Down;Z;464817
Key Down;Q;464892
Key Down;E;464972
Key Up;Z;465009
Key Up;E;465100
Key Down;S;465611
Key Down;Gauche;465788
Key Up;Q;465975
Key Up;S;466075
Key Down;D;466351
Key Up;D;466543
Key Down;D;466868
Key Up;D;467199
Key Down;Z;467332
Key Up;Gauche;467438
Key Down;Q;467460
Key Up;Q;467599
Key Up;Z;467791
Key Down;Q;467848
Key Down;S;467998
Key Down;D;468664
Key Up;Q;468669
Key Up;S;468675
Key Down;S;468750
Key Down;Bas;469058
Key Up;D;469298
Key Down;Q;469857
Key Up;Q;470017
Key Up;S;470119
Key Up;Bas;470156
Key Down;D;470161
Key Down;Z;470262
Key Down;Droite;470487
Key Up;D;470545
Key Down;D;471035
Key Up;Z;471520
Key Down;S;472345
Key Up;Droite;472787
Key Up;S;472995
Key Down;Z;473683
Key Up;Z;474461
Key Down;Droite;474978
Key Up;D;475043
Key Down;D;475409
Key Up;D;475553
Key Down;Haut;475590
Key Up;Droite;475712
Key Down;Q;476006
Key Up;Q;476113
Key Down;D;476523
Key Up;D;476640
Key Down;Z;477200
Key Down;Droite;477306
Key Up;Haut;477343
Key Down;D;477376
Key Up;Z;477584
Key Down;Z;477856
Key Up;Z;478053
Key Up;D;478520
Key Down;Q;478627
Key Up;Droite;479678
Key Up;Q;479688
Key Down;D;479744
Key Up;D;480352
Key Down;D;480767
Key Up;D;480863
Key Down;E;481084
Key Down;Q;481090
Key Up;E;481206
Key Down;S;481610
Key Up;S;481908
Key Up;Q;482015
Key Down;D;482877
Key Up;D;483122
Key Down;Z;484227
Key Down;D;484329
Key Up;Z;484403
Key Down;Z;484456
Key Up;Z;484594
Key Down;S;485255
Key Up;S;485586
Key Down;Q;485682
Key Up;D;485757
Key Down;S;486108
Key Up;S;486433
Key Down;Gauche;487031
Key Down;Haut;488159
Key Up;Gauche;488335
Key Down;Z;488410
Key Up;Z;489054
Key Down;Z;489556
Key Up;Z;489764
Key Down;Z;490265
Key Up;Q;490393
Key Up;Z;490845
Key Down;Q;491335
Key Down;Gauche;491516
Key Up;Haut;491612
Key Down;Z;491702
Key Up;Q;491825
Key Up;Z;491889
Key Down;D;492300
Key Up;D;492433
Key Down;Q;492817
Key Down;Haut;492880
Key Up;Gauche;492944
Key Up;Q;493121
Key Down;S;493254
Key Up;S;493473
Key Down;D;493621
Key Up;D;493679
Key Down;Droite;493898
Key Down;Z;493961
Key Down;D;494041
Key Up;Haut;494090
Key Up;Z;494143
Key Up;D;494222
Key Down;Q;494676
Key Up;Q;494868
Key Down;Z;495240
Key Up;Z;495396
Key Down;Q;495966
Key Up;Q;496088
Key Down;D;496753
Key Up;D;496902
Key Down;Z;496998
Key Up;Droite;497014
Key Down;D;497281
Key Up;Z;497313
Key Up;D;497457
Key Down;Z;497645
Key Down;D;497896
Key Up;D;498471
Key Down;Haut;498897
Key Up;Z;498903
Key Down;Q;499543
Key Down;Gauche;499605
Key Up;Haut;499647
Key Up;Q;499983
Key Down;D;500304
Key Up;D;500437
Key Down;D;500837
Key Down;Droite;500906
Key Up;Gauche;501007
Key Down;Z;501092
Key Up;Z;501365
Key Up;D;501497
Key Down;Q;501551
Key Up;Q;501908
Key Down;Q;502271
Key Up;Q;502479
Key Down;Q;502855
Key Up;Q;503069
Key Down;Q;503239
Key Down;Z;503319
Key Up;Z;503410
Key Up;Q;503448
Key Down;D;503794
Key Down;S;503911
Key Up;D;504001
Key Down;Q;504044
Key Up;S;504060
Key Down;Haut;504140
Key Up;Droite;504209
Key Up;Q;504545
Key Down;Z;504860
Key Up;Z;504988
Key Down;S;505537
Key Down;D;505728
Key Up;S;505808
Key Up;Haut;505940
Key Down;Z;506644
Key Up;Z;507018
Key Up;D;507210
Key Down;Q;507397
Key Down;E;507419
Key Up;E;507557
Key Down;S;507989
Key Up;Q;508346
Key Up;S;508352
Key Down;D;508767
Key Up;D;508852
Key Down;D;509077
Key Down;Z;509450
Key Up;Z;509599
Key Down;Z;510009
Key Up;Z;510234
Key Up;D;510639
Key Down;Q;510704
Key Up;Q;510943
Key Down;Z;511334
Key Up;Z;511537
Key Down;D;511592
Key Down;S;511788
Key Up;D;511980
Key Down;D;512220
Key Up;S;512310
Key Up;D;512326
Key Down;Q;512351
Key Up;Q;512484
Key Down;D;512543
Key Down;Z;512746
Key Up;D;512859
Key Down;Q;512922
Key Up;Z;513156
Key Down;S;513722
Key Up;S;513983
Key Up;Q;514015
Key Down;D;514142
Key Up;D;514206
Key Down;D;514525
Key Down;Z;514897
Key Up;D;515095
Key Down;Q;515111
Key Up;Z;515313
Key Down;S;515697
Key Up;Q;516001
Key Down;D;516044
Key Up;D;516198
Key Up;S;516294
Key Down;Q;516409
Key Down;S;516532
Key Up;Q;516628
Key Down;Q;517444
Key Up;S;517534
Key Down;S;517846
Key Up;Q;518028
Key Down;D;518369
Key Up;D;519025
Key Down;Q;519798
Key Up;S;520262
Key Down;S;521267
Key Down;Bas;521726
Key Up;Q;521768
Key Down;Q;522430
Key Up;Bas;522722
Key Up;S;522840
Key Down;S;523250
Key Up;S;523528
Key Down;Z;523947
Key Up;Z;524096
Key Down;Z;524341
Key Up;Z;524444
Key Down;Gauche;525600
Key Down;S;525781
Key Up;Q;525786
Key Down;Q;525867
Key Up;S;526000
Key Down;Bas;526032
Key Up;Gauche;526170
Key Down;Z;526186
Key Up;Q;526442
Key Up;Z;526666
Key Down;Z;526788
Key Down;D;527021
Key Up;Z;527075
Key Up;D;527161
Key Down;Q;527442
Key Up;Q;527779
Key Down;S;527950
Key Up;Bas;528098
Key Down;D;528104
Key Up;D;528466
Key Down;Q;528578
Key Up;S;528749
Key Down;Z;529085
Key Up;Z;529186
Key Down;S;530805
Key Up;S;531242
Key Down;S;531482
Key Up;Q;532010
Key Down;Q;532094
Key Up;Q;532260
Key Down;Q;533064
Key Up;S;533197
Key Down;S;533735
Key Up;S;533890
Key Down;S;535367
Key Up;Q;535452
Key Down;Q;535984
Key Up;S;536213
Key Up;Q;536656
Key Down;D;536711
Key Up;D;536828
Key Down;Q;536958
Key Up;Q;537316
Key Down;D;537429
Key Up;D;537668
Key Down;Q;537859
Key Up;Q;538013
Key Down;Q;538126
Key Down;S;538409
Key Up;Q;538495
Key Up;S;538989
Key Down;Bas;539256
Key Down;S;539336
Key Up;S;539491
Key Down;Z;539688
Key Up;Z;539843
Key Down;Q;540040
Key Down;Z;540045
Key Up;Z;540189
Key Up;Q;540237
Key Down;Q;540478
Key Down;Droite;540499
Key Down;S;540531
Key Up;Bas;540840
Key Up;Q;541079
Key Down;Haut;541106
Key Up;Droite;541133
Key Down;D;541239
Key Up;D;541368
Key Up;S;541597
Key Down;Z;541730
Key Up;Z;542118
Key Down;Z;542325
Key Up;Z;542593
Key Down;Droite;542634
Key Down;D;542730
Key Up;Haut;542746
Key Down;S;542859
Key Down;Bas;543424
Key Up;Droite;543456
Key Up;D;543824
Key Up;S;543935
Key Down;Q;544149
Key Up;Bas;544325
Key Down;S;544357
Key Up;Q;544772
Key Up;S;545055
Key Down;S;545476
Key Up;S;545605
Key Down;Q;545753
Key Down;S;545987
Key Up;Q;546354
Key Down;D;546488
Key Up;S;546798
Key Up;D;547096
Key Down;Q;547254
Key Down;E;547260
Key Up;E;547404
Key Down;Z;547793
Key Up;Z;548271
Key Up;Q;548388
Key Down;S;548832
Key Down;D;548901
Key Up;S;549210
Key Up;D;550154
Key Down;Q;550196
Key Down;Z;550510
Key Up;Q;550633
Key Down;D;550879
Key Up;D;551361
Key Down;Haut;552630
Key Down;D;553499
Key Up;Z;553734
Key Up;Haut;553883
Key Down;Q;554175
Key Up;D;554181
Key Up;Q;555252
Key Down;D;555328
Key Up;D;555397
Key Down;Q;555516
Key Down;Z;555725
Key Up;Q;555927
Key Down;D;556876
Key Up;Z;557047
Key Down;S;558959
Key Up;D;559300
Key Down;D;559625
Key Up;S;559955
Key Down;Z;560989
Key Up;D;561095
Key Down;Tab;561490
Key Up;Tab;561735
Key Down;D;561745
Key Up;D;562055
Key Down;Tab;562150
Key Down;D;562619
Key Up;D;562854
Key Down;D;563327
Key Up;D;563497
Key Up;Tab;563860
Key Down;Tab;563945
Key Up;Tab;564122
Key Down;Q;564670
Key Up;Q;564873
Key Down;D;565267
Key Up;D;565428
Key Down;Q;566148
Key Up;Z;566546
Key Down;S;566764
Key Up;S;566881
Key Down;Z;567292
Key Up;Z;568246
Key Up;Q;568448
Key Down;Q;568673
Key Up;Q;569579
Key Down;Q;571411
Key Up;Q;571495
Key Down;Q;575315
Key Down;Z;575390
Key Up;Q;575506
Key Up;Z;575661
Key Down;D;575828
Key Up;D;576008
Key Down;S;576121
Key Up;S;576334
Key Down;Q;576589
Key Up;Q;576679
Key Down;S;577650
Key Up;S;577756
Key Down;Z;578109
Key Up;Z;578184
Key Down;S;578627
Key Up;S;578711
Key Down;Z;579156
Key Up;Z;579237
Key Down;Q;579557
Key Down;S;579622
Key Up;S;579744
Key Up;Q;579761
Key Down;Z;579855
Key Down;D;579861
Key Up;Z;579925
Key Up;D;580154
Key Down;Z;580322
Key Down;Q;580354
Key Up;Z;580460
Key Up;Q;580492
Key Down;Q;580856
Key Down;Z;580893
Key Up;Q;580968
Key Up;Z;580979
Key Down;Q;581731
Key Up;Q;581779
Key Down;S;582835
Key Down;Q;582862
Key Up;Q;582984
Key Up;S;583043
Key Down;D;583059
Key Up;D;583336
Key Down;Z;583620
Key Down;Q;583705
Key Up;Z;583801
Key Up;Q;583829
Key Down;Z;584197
Key Down;Q;584202
Key Up;Z;584304
Key Up;Q;584331
Key Down;Q;584619
Key Up;Q;584704
Key Down;Q;585265
Key Up;Q;585335
Key Down;S;587401
Key Down;D;587544
Key Up;S;587597
Key Up;D;587789
Key Down;Q;588001
Key Up;Q;588369
Key Down;D;588423
Key Up;D;588711
Key Down;S;588892
Key Down;Q;588929
Key Up;S;589244
Key Up;Q;589463
Key Down;D;589593
Key Up;D;589822
Key Down;D;590368
Key Up;D;590537
Key Down;A;590787
Key Up;A;590936
Key Down;Q;591350
Key Up;Q;591671
Key Down;D;591752
Key Down;Z;591922
Key Up;D;591965
Key Up;Z;592120
Key Down;Z;592553
Key Up;Z;592639
Key Down;Q;596494
Key Up;Q;596769
Key Down;D;596880
Key Up;D;597105
Key Down;D;598194
Key Up;D;598418
Key Down;S;598800
Key Down;Q;598858
Key Up;S;598966
Key Down;S;599290
Key Up;Q;599525
Key Up;S;599598
Key Down;D;599780
Key Down;Z;600137
Key Up;D;600302
Key Up;Z;600324
Key Down;Z;600512
Key Down;Q;600576
Key Up;Q;600640
Key Up;Z;600651
Key Down;Z;601088
Key Down;D;601092
Key Up;D;601194
Key Up;Z;601199
Key Down;Q;601967
Key Up;Q;602047
Key Down;Q;603144
Key Up;Q;603293
Key Down;D;604880
Key Down;S;605029
Key Up;S;605338
Key Up;D;605860
Key Down;S;607060
Key Up;S;607161
Key Down;D;607285
Key Up;D;607407
Key Down;Z;607909
Key Down;D;607952
Key Up;D;608100
Key Up;Z;608128
Key Down;Q;608418
Key Down;Z;608653
Key Up;Q;608658
Key Up;Z;608774
Key Down;Z;609241
Key Down;D;609306
Key Up;Z;609364
Key Up;D;609412
Key Down;D;610702
Key Down;Z;610707
Key Up;Z;610883
Key Up;D;610893
Key Down;Q;610990
Key Up;Q;611304
Key Down;Z;611328
Key Down;D;611504
Key Up;Z;611627
Key Up;D;611743
Key Down;E;612105
Key Down;Q;612109
Key Up;E;612227
Key Down;S;612462
Key Up;Q;612654
Key Down;D;612968
Key Up;S;613598
Key Up;D;613693
Key Down;Espace;613909
Key Up;Espace;614042
Key Down;Haut;614340
Key Down;S;615816
Key Up;S;616013
Key Down;Q;616312
Key Down;Z;616370
Key Up;Q;616482
Key Up;Z;616514
Key Down;D;616669
Key Down;Q;616711
Key Up;D;616738
Key Down;Droite;616813
Key Up;Haut;617042
Key Down;Z;617127
Key Down;Bas;617308
Key Up;Droite;617521
Key Down;Droite;617708
Key Up;Z;617714
Key Up;Bas;617746
Key Down;S;617829
Key Down;Haut;617925
Key Up;Q;617930
Key Down;D;617946
Key Up;Droite;618106
Key Up;D;618186
Key Up;S;618410
Key Down;D;618490
Key Down;S;618549
Key Down;Gauche;618809
Key Up;S;619072
Key Up;Haut;619108
Key Down;Z;619620
Key Up;Z;620078
Key Up;D;620132
Key Down;Q;620292
Key Down;Haut;620313
Key Down;S;620356
Key Up;Gauche;620382
Key Up;S;620845
Key Up;Q;620855
Key Down;Q;620988
Key Down;S;621042
Key Up;Q;621186
Key Up;S;621250
Key Down;Q;621639
Key Up;Q;621847
Key Down;D;621964
Key Up;D;622071
Key Down;Z;622263
Key Up;Z;622428
Key Down;S;622796
Key Up;S;623105
Key Up;Haut;623308
Key Down;Q;623440
Key Down;Z;623493
Key Up;Q;623626
Key Down;D;624345
Key Up;Z;624553
Key Up;D;624659
Key Down;Z;624682
Key Down;Q;624763
Key Up;Z;624880
Key Down;Z;624938
Key Up;Q;625167
Key Down;Gauche;625465
Key Up;Z;625471
Key Down;Q;625823
Key Up;Q;625972
Key Up;Gauche;626047
Key Down;S;626174
Key Down;Q;626189
Key Up;S;626461
Key Up;Q;626530
Key Down;Gauche;626829
Key Down;S;626939
Key Down;D;627169
Key Up;D;627270
Key Down;Q;627302
Key Up;S;627328
Key Up;Gauche;627398
Key Up;Q;627488
Key Down;Q;627813
Key Down;S;627834
Key Up;S;627957
Key Up;Q;628005
Key Down;Q;628375
Key Up;Q;628983
Key Down;Q;629485
Key Up;Q;629762
Key Down;Q;630003
Key Up;Q;630136
Key Down;Z;630342
Key Down;Q;630352
Key Up;Z;630767
Key Up;Q;631029
Key Down;S;631407
Key Down;D;631525
Key Up;D;631695
Key Up;S;631721
Key Down;D;632230
Key Down;S;632241
Key Up;S;632374
Key Up;D;633060
Key Down;Q;633140
Key Down;S;633235
Key Up;Q;633379
Key Up;S;633592
Key Down;Q;633760
Key Down;Z;633884
Key Up;Q;634070
Key Up;Z;634102
Key Down;Z;634162
Key Down;Q;634364
Key Up;Z;634450
Key Up;Q;634498
Key Down;D;634799
Key Down;Z;634933
Key Up;Z;635076
Key Up;D;635615
Key Down;Q;636026
Key Down;S;636655
Key Up;S;636847
Key Up;Q;636879
Key Down;S;637166
Key Down;Q;637272
Key Up;S;637294
Key Up;Q;637368
Key Down;D;637857
Key Up;D;637963
Key Down;Z;638265
Key Down;Q;638270
Key Up;Q;638366
Key Up;Z;638388
Key Down;Q;638822
Key Up;Q;638902
Key Down;Q;639866
Key Up;Q;639919
Key Down;Q;640650
Key Up;Q;640805
Key Down;S;641352
Key Up;S;641534
Key Down;Q;641872
Key Down;S;641926
Key Up;Q;642117
Key Up;S;642176
Key Down;D;642359
Key Down;Z;642524
Key Up;D;642546
Key Up;Z;642705
Key Down;Z;642927
Key Up;Z;643034
Key Down;Q;643586
Key Up;Q;643650
Key Down;Q;644731
Key Up;Q;644811
Key Down;Q;645804
Key Up;Q;645943
Key Down;D;646070
Key Up;D;646316
Key Down;Z;646386
Key Down;D;646541
Key Up;Z;646674
Key Down;S;646951
Key Up;D;646967
Key Down;D;647079
Key Up;D;647164
Key Up;S;647197
Key Down;Z;647306
Key Down;Q;647461
Key Up;Q;647552
Key Up;Z;647994
Key Down;Z;648174
Key Down;Q;648222
Key Up;Z;648670
Key Up;Q;648686
Key Down;Q;649073
Key Up;Q;649382
Key Down;D;649436
Key Down;S;649954
Key Up;S;650838
Key Up;D;651199
Key Down;Q;651225
Key Down;Z;652046
Key Up;Z;652617
Key Down;S;653203
Key Up;S;653347
Key Up;Q;653853
Key Down;Q;654167
Key Down;Z;654188
Key Up;Q;654516
Key Up;Z;654628
Key Down;S;654800
Key Up;S;654987
Key Down;Q;655033
Key Down;Z;655192
Key Up;Q;655337
Key Up;Z;655416
Key Down;D;655450
Key Down;S;655572
Key Up;D;655923
Key Up;S;655950
Key Down;S;656311
Key Down;D;656333
Key Up;D;656439
Key Up;S;656466
Key Down;Z;657706
Key Up;Z;657850
Key Down;D;657936
Key Down;S;658197
Key Up;D;658330
Key Up;S;658347
Key Down;Z;659100
Key Down;D;659116
Key Up;Z;659233
Key Down;S;659526
Key Up;D;659580
Key Up;S;659723
Key Down;Z;659885
Key Down;Q;660039
Key Up;Z;660231
Key Up;Q;660486
Key Down;D;660535
Key Down;S;660892
Key Up;S;661041
Key Up;D;661089
Key Down;S;661472
Key Up;S;661606
Key Down;Q;661907
Key Up;Q;661986
Key Down;Q;662586
Key Up;Q;662708
Key Down;D;662871
Key Up;D;663090
Key Down;S;663350
Key Down;D;663436
Key Down;Gauche;663500
Key Up;D;663553
Key Up;S;663627
Key Down;Q;663787
Key Down;S;663862
Key Up;Q;663910
Key Up;S;663963
Key Down;S;664129
Key Up;S;664272
Key Down;D;664475
Key Up;D;664608
Key Down;Haut;664853
Key Down;Q;664869
Key Down;S;664896
Key Up;Gauche;664965
Key Up;Q;665013
Key Down;Q;665110
Key Down;Droite;665226
Key Up;S;665242
Key Up;Haut;665381
Key Down;Z;665706
Key Up;Z;666085
Key Down;Z;666371
Key Up;Q;666445
Key Up;Z;666521
Key Down;D;666558
Key Down;S;666648
Key Up;S;666755
Key Up;D;667048
Key Down;Q;667384
Key Up;Q;667506
Key Down;D;667656
Key Up;D;667907
Key Down;Q;667960
Key Down;Haut;668269
Key Down;S;668295
Key Up;Droite;668349
Key Up;Q;668365
Key Down;D;668450
Key Down;Droite;668818
Key Up;D;668823
Key Down;Q;668839
Key Up;S;668845
Key Up;Haut;668957
Key Down;Z;669346
Key Up;Q;669398
Key Down;D;669446
Key Up;D;669803
Key Up;Z;669846
Key Down;Z;670853
Key Down;Q;670928
Key Up;Z;671029
Key Up;Q;671045
Key Down;Z;671178
Key Down;Q;671253
Key Up;Z;671397
Key Up;Q;671519
Key Down;S;671631
Key Down;D;671716
Key Down;Haut;671754
Key Up;Droite;671850
Key Up;D;672031
Key Up;S;672239
Key Down;S;672424
Key Down;D;672429
Key Up;S;672659
Key Down;Gauche;672686
Key Up;Haut;672867
Key Down;Z;673000
Key Up;Z;673400
Key Up;Gauche;673480
Key Up;D;673565
Key Down;Q;674214
Key Down;S;674219
Key Up;S;674475
Key Down;Z;675002
Key Up;Q;675259
Key Up;Z;675475
Key Down;S;675776
Key Down;Q;675814
Key Up;Q;675953
Key Up;S;676118
Key Down;Z;676370
Key Up;Z;676669
Key Down;Z;676984
Key Up;Z;677145
Key Down;D;677488
Key Down;Z;677845
Key Up;D;677909
Key Up;Z;677983
Key Down;D;678132
Key Up;D;678431
Key Down;Q;679768
Key Up;Q;679853
Key Down;S;680678
Key Up;S;680790
Key Down;S;681726
Key Up;S;681822
Key Down;Q;682113
Key Down;S;682140
Key Up;Q;682396
Key Down;D;682443
Key Up;S;682540
Key Up;D;682721
Key Down;S;683128
Key Down;Q;683187
Key Up;S;683347
Key Up;Q;683597
Key Down;S;683786
Key Up;S;684010
Key Down;D;684259
Key Up;D;684355
Key Down;S;684442
Key Down;Q;684517
Key Up;S;684590
Key Up;Q;684600
Key Down;Q;684695
Key Down;Z;684701
Key Up;Q;684999
Key Up;Z;685127
Key Down;Z;685411
Key Down;Q;685651
Key Up;Z;685929
Key Up;Q;685955
Key Down;Z;686227
Key Up;Z;686392
Key Down;Q;686552
Key Up;Q;686728
Key Down;S;687548
Key Down;Q;687680
Key Up;S;687984
Key Up;Q;688154
Key Down;D;688886
Key Up;D;689264
Key Down;Q;689457
Key Up;Q;689846
Key Down;D;689925
Key Down;Z;690095
Key Up;Z;690425
Key Up;D;690447
Key Down;A;690920
Key Up;A;691065
Key Down;Q;691542
Key Down;Z;691633
Key Up;Z;691841
Key Up;Q;691916
Key Down;S;692081
Key Down;D;692278
Key Up;S;692513
Key Up;D;692598
Key Down;Q;692925
Key Up;Q;693298
Key Down;D;693440
Key Down;Z;694143
Key Up;Z;694425
Key Down;S;695086
Key Up;S;695550
Key Down;S;695949
Key Up;S;696104
Key Down;Z;696892
Key Up;Z;696950
Key Up;D;696998
Key Down;S;697062
Key Down;D;697654
Key Up;S;697878
Key Down;Z;698208
Key Up;D;698554
Key Down;D;699333
Key Up;Z;699763
Key Down;Droite;700190
Key Down;Q;700898
Key Up;D;700909
Key Up;Droite;700989
Key Down;Gauche;701096
Key Down;S;702588
Key Up;Q;702833
Key Up;Gauche;702843
Key Down;Q;703110
Key Up;S;703942
Key Up;Q;705472
Key Down;S;705523
Key Up;S;705835
Key Down;Q;706020
Key Down;Z;706090
Key Up;Q;706143
Key Up;Z;706266
Key Down;Z;706730
Key Up;Z;706879
Key Down;Q;706930
Key Down;Espace;707399
Key Up;Espace;707564
Key Down;S;707575
Key Down;Droite;707649
Key Up;Q;707687
Key Down;D;707751
Key Up;S;707804
Key Up;D;707884
Key Down;S;708070
Key Down;Q;708092
Key Up;Q;708305
Key Up;S;708321
Key Down;S;708481
Key Down;Q;708588
Key Up;Q;708769
Key Up;S;708780
Key Down;S;708991
Key Down;D;709002
Key Down;Q;709108
Key Up;D;709120
Key Up;S;709242
Key Up;Q;709247
Key Down;D;709300
Key Up;D;709391
Key Down;Q;709604
Key Down;Z;710149
Key Up;Q;710186
Key Down;D;710282
Key Down;Bas;710330
Key Up;Droite;710500
Key Up;Z;710527
Key Down;Z;710687
Key Down;Gauche;710932
Key Up;Bas;711209
Key Up;Z;711294
Key Down;S;711694
Key Up;D;712103
Key Down;D;712129
Key Up;D;712173
Key Down;D;712327
Key Up;S;712583
Key Up;D;712673
Key Down;D;712705
Key Down;Z;712727
Key Up;D;712871
Key Down;Bas;712897
Key Down;Q;713164
Key Up;Gauche;713228
Key Up;Q;713287
Key Up;Z;713548
Key Down;Q;713724
Key Down;Z;713750
Key Down;Droite;713910
Key Up;Z;714070
Key Up;Bas;714252
Key Down;S;714310
Key Up;S;714529
Key Down;S;714790
Key Up;Q;715050
Key Up;S;715210
Key Down;Bas;715322
Key Down;Q;715338
Key Down;Z;715343
Key Up;Q;715385
Key Down;Q;715535
Key Up;Z;715556
Key Up;Bas;715700
Key Down;S;715732
Key Up;Q;715892
Key Down;Haut;715929
Key Up;Droite;716153
Key Up;S;716639
Key Down;Q;716676
Key Down;Droite;716772
Key Down;Z;716927
Key Up;Q;716975
Key Down;D;717065
Key Up;Droite;717076
Key Down;Droite;717140
Key Up;Z;717256
Key Up;Droite;717401
Key Down;S;717433
Key Down;Gauche;717805
Key Up;S;717811
Key Up;Haut;717937
Key Down;Z;718093
Key Up;Z;718273
Key Down;Z;718428
Key Up;Z;718689
Key Down;S;718897
Key Down;Haut;718919
Key Up;D;718924
Key Down;Q;718977
Key Up;Gauche;719079
Key Up;Q;719206
Key Up;S;719249
Key Down;Droite;719318
Key Down;Q;719510
Key Up;Haut;719702
Key Down;Z;720022
Key Up;Z;720352
Key Down;Z;720491
Key Up;Z;720672
Key Up;Q;721103
Key Down;S;721108
Key Up;Droite;721183
Key Down;D;721348
Key Up;S;721540
Key Up;D;721780
Key Down;D;722338
Key Up;D;722615
Key Down;D;722952
Key Up;D;723069
Key Down;D;723325
Key Up;D;723469
Key Down;Z;723558
Key Up;Z;723686
Key Down;Z;723929
Key Up;Z;724061
Key Down;Z;724346
Key Up;Z;724447
Key Down;D;725279
Key Up;D;725374
Key Down;Z;726291
Key Up;Z;726392
Key Down;D;726806
Key Down;Z;726838
Key Up;D;726918
Key Up;Z;726966
Key Down;Q;727079
Key Up;Q;727254
Key Down;D;727437
Key Up;D;727603
Key Down;Entrée;732397
Key Up;Entrée;732540
Key Down;Gauche;734746
Key Down;Q;735802
Key Up;Gauche;736053
Key Up;Q;736211
Key Down;Q;736434
Key Down;S;736604
Key Up;Q;736657
Key Up;S;736886
Key Down;D;737008
Key Up;D;737130
Key Down;Q;737408
Key Down;Droite;737493
Key Down;S;737679
Key Up;S;738074
Key Up;Q;738298
Key Down;Z;738447
Key Down;D;738665
Key Up;Droite;738836
Key Up;D;739012
Key Down;D;739149
Key Up;Z;739341
Key Up;D;739554
Key Down;S;739755
Key Up;S;739936
Key Down;D;740387
Key Down;S;740632
Key Up;S;740866
Key Down;Z;741032
Key Up;D;741074
Key Up;Z;741245
Key Down;A;741664
Key Up;A;741824
Key Down;Z;742121
Key Up;Z;742413
Key Down;Z;742758
Key Up;Z;742859
Key Down;S;742963
Key Up;S;743144
Key Down;Z;743276
Key Up;Z;743457
Key Down;S;743646
Key Up;S;743785
Key Down;Z;744182
Key Up;Z;744325
Key Down;S;744942
Key Up;S;745303
Key Down;A;745492
Key Up;A;745609
Key Down;S;745940
Key Down;Q;746078
Key Up;S;746238
Key Up;Q;746350
Key Down;D;746501
Key Down;S;746842
Key Up;S;747061
Key Down;Z;747370
Key Up;D;747423
Key Down;Q;747487
Key Up;Z;747561
Key Up;Q;747706
Key Down;S;748044
Key Down;Droite;748065
Key Down;Q;748298
Key Up;S;748378
Key Up;Q;748617
Key Down;Q;748916
Key Up;Q;749012
Key Down;Z;749045
Key Down;D;749354
Key Up;Droite;749439
Key Up;Z;749902
Key Down;S;750063
Key Down;Q;750153
Key Up;D;750158
Key Up;S;750222
Key Up;Q;750334
Key Down;D;750595
Key Down;Z;750675
Key Up;Z;750835
Key Up;D;750926
Key Down;Q;750993
Key Up;Q;751568
Key Down;D;751672
Key Down;Z;751949
Key Down;Haut;752045
Key Up;Z;752120
Key Up;D;752242
Key Down;D;752439
Key Up;Haut;752615
Key Up;D;752620
Key Down;D;752883
Key Up;D;752979
Key Down;E;753402
Key Down;Q;753407
Key Up;E;753519
Key Up;Q;753850
Key Down;Q;754041
Key Up;Q;754402
Key Down;Z;755514
Key Up;Z;756314
Key Down;Entrée;756719
Key Up;Entrée;756847
Key Down;Z;756977
Key Down;Haut;756998
Key Up;Z;757624
Key Down;Z;758089
Key Up;Z;758238
Key Up;Haut;760195
Key Down;Haut;760428
Key Down;Z;762922
Key Up;Z;763195
Key Down;Q;763881
Key Up;Q;763998
Key Down;S;764260
Key Up;S;764441
Key Down;Q;764782
Key Up;Q;764899
Key Down;Z;765038
Key Down;D;765193
Key Up;Z;765294
Key Down;S;765550
Key Up;D;765582
Key Up;S;765731
Key Down;Q;765854
Key Up;Q;766313
Key Down;S;766445
Key Down;D;766519
Key Up;S;766759
Key Up;D;766764
Key Down;D;766999
Key Down;Z;767052
Key Up;D;767116
Key Up;Z;767148
Key Down;D;767292
Key Up;D;767393
Key Down;D;767655
Key Up;D;767772
Key Down;D;768321
Key Up;D;768412
Key Down;Q;769265
Key Up;Q;769334
Key Down;Q;769625
Key Up;Q;769694
Key Down;Q;770078
Key Up;Q;770169
Key Down;Q;770670
Key Up;Q;770771
Key Down;D;771150
Key Up;D;771262
Key Down;D;771731
Key Up;D;771795
Key Down;Z;772430
Key Down;Q;772435
Key Up;Z;772614
Key Up;Q;772619
Key Down;S;773504
Key Down;Q;773622
Key Up;S;773633
Key Down;Z;773995
Key Up;Q;774177
Key Down;Q;774363
Key Up;Z;774417
Key Down;Z;774475
Key Up;Q;774560
Key Up;Z;774656
Key Down;Droite;774795
Key Down;Q;774832
Key Up;Haut;775040
Key Down;Z;775184
Key Up;Z;775483
Key Up;Q;775583
Key Down;Q;776190
Key Up;Q;776339
Key Down;S;776622
Key Up;S;776751
Key Down;Z;777054
Key Up;Z;777171
Key Down;S;777545
Key Up;S;777672
Key Down;S;777763
Key Down;Haut;778035
Key Down;D;778270
Key Up;Droite;778280
Key Up;S;778424
Key Down;Z;778748
Key Up;Z;779244
Key Up;D;779377
Key Down;S;779526
Key Down;D;780001
Key Up;S;780257
Key Up;D;780267
Key Down;D;780384
Key Up;D;780518
Key Down;Q;780604
Key Up;Q;780849
Key Down;Z;780891
Key Up;Z;781105
Key Down;Q;781265
Key Down;S;781440
Key Up;Q;781467
Key Down;Q;781594
Key Up;S;781748
Key Up;Q;781796
Key Down;D;781983
Key Up;D;782089
Key Down;D;782292
Key Up;D;782388
Key Down;D;782547
Key Up;D;782622
Key Down;Q;782947
Key Up;Q;783021
Key Down;D;783288
Key Up;D;783369
Key Down;D;783763
Key Up;D;783864
Key Down;Q;784558
Key Up;Q;784646
Key Down;D;784774
Key Up;D;784896
Key Down;D;786134
Key Up;D;786208
Key Down;D;786592
Key Up;D;786662
Key Down;Z;786870
Key Down;Q;786987
Key Up;Z;787136
Key Up;Q;787141
Key Down;Z;787689
Key Up;Z;787769
Key Down;Q;788057
Key Up;Q;788174
Key Down;S;788190
Key Up;S;788468
Key Down;S;788958
Key Up;S;789096
Key Down;Z;789490
Key Down;Q;789682
Key Up;Q;789763
Key Up;Z;789997
Key Down;Q;790274
Key Down;Gauche;790354
Key Up;Haut;790418
Key Up;Q;790471
Key Down;D;790482
Key Down;S;790503
Key Up;D;790827
Key Down;Q;790844
Key Down;Bas;790902
Key Up;S;790913
Key Down;Z;791089
Key Up;Gauche;791126
Key Up;Q;791344
Key Down;Q;791542
Key Up;Q;791658
Key Down;Q;791808
Key Down;Droite;791856
Key Up;Z;791957
Key Up;Bas;792053
Key Down;Bas;792202
Key Down;S;792373
Key Up;Q;792378
Key Down;D;792421
Key Up;Bas;792459
Key Up;D;792693
Key Down;Q;792715
Key Up;Q;792874
Key Down;D;792991
Key Up;S;793034
Key Down;S;793381
Key Down;Haut;793626
Key Up;D;793727
Key Down;Q;793774
Key Up;Droite;794009
Key Up;S;794228
Key Down;Droite;794296
Key Up;Haut;794483
Key Down;Z;794558
Key Up;Q;794766
Key Up;Z;794776
Key Down;D;794937
Key Up;D;795043
Key Down;Q;795080
Key Down;Z;795123
Key Up;Q;795250
Key Up;Z;795315
Key Down;Z;795390
Key Down;Bas;795475
Key Down;D;795608
Key Up;D;795779
Key Down;D;795811
Key Up;Droite;795874
Key Up;D;795982
Key Down;D;796333
Key Up;Z;796467
Key Down;Z;796685
Key Down;Gauche;796753
Key Up;Z;796806
Key Up;D;797424
Key Up;Bas;797515
Key Down;D;797531
Key Down;S;797659
Key Up;D;797979
Key Up;S;798240
Key Down;D;798321
Key Down;S;798518
Key Up;D;799046
Key Up;S;799269
Key Down;Q;799328
Key Up;Q;799488
Key Down;S;799595
Key Up;S;799764
Key Down;Z;799924
Key Up;Z;800051
Key Down;Z;800163
Key Down;D;800302
Key Up;D;800537
Key Down;Bas;800729
Key Down;Q;801219
Key Up;Gauche;801443
Key Up;Z;801502
Key Down;Z;801720
Key Up;Z;801902
Key Up;Q;802051
Key Down;D;802056
Key Down;Gauche;802083
Key Up;Bas;802168
Key Down;S;802190
Key Up;S;802584
Key Up;D;802589
Key Down;D;802769
Key Down;S;802828
Key Up;D;803356
Key Down;Q;803489
Key Up;S;803531
Key Up;Q;803894
Key Down;Z;804198
Key Down;Q;804214
Key Up;Z;804299
Key Up;Q;804416
Key Down;D;804614
Key Up;D;804890
Key Down;Q;805082
Key Up;Q;805317
Key Down;Z;805541
Key Down;Q;805589
Key Up;Z;805664
Key Up;Q;805822
Key Down;D;806025
Key Up;D;806281
Key Down;Q;806312
Key Down;S;806387
Key Up;S;806803
Key Up;Q;806814
Key Down;D;806957
Key Down;S;807021
Key Up;D;807234
Key Up;S;807341
Key Down;Z;807512
Key Down;Q;807907
Key Up;Q;808536
Key Up;Z;808854
Key Down;Q;809466
Key Up;Q;809786
Key Down;D;810213
Key Down;S;810399
Key Up;D;810410
Key Up;S;810773
Key Down;D;810944
Key Up;D;811445
Key Down;Q;811508
Key Down;S;811695
Key Down;Droite;811796
Key Up;Q;812024
Key Up;Droite;812110
Key Down;Q;812216
Key Up;Q;812323
Key Up;S;812451
Key Down;D;812680
Key Down;S;812861
Key Up;D;812919
Key Up;S;812941
Key Down;D;813202
Key Up;D;813357
Key Down;Z;813453
Key Down;Q;813533
Key Up;Q;813661
Key Up;Z;813752
Key Down;Z;814338
Key Up;Z;814503
Key Down;D;814657
Key Up;D;814764
Key Down;S;815030
Key Down;Haut;815163
Key Down;Q;815318
Key Up;Gauche;815664
Key Up;Q;815680
Key Down;D;815755
Key Up;D;815989
Key Down;Q;816053
Key Up;S;816324
Key Down;Gauche;816618
Key Up;Q;816645
Key Up;Haut;816826
Key Down;Q;816890
Key Up;Q;816996
Key Down;D;817055
Key Down;Z;817093
Key Up;D;817173
Key Up;Z;817423
Key Down;Q;817529
Key Up;Q;817711
Key Down;Q;817901
Key Up;Q;818072
Key Down;S;818077
Key Down;D;818098
Key Down;Droite;818157
Key Up;Gauche;818280
Key Up;S;818381
Key Up;D;818754
Key Down;Q;818770
Key Down;Z;819442
Key Up;Q;819661
Key Down;D;819825
Key Up;Z;819954
Key Down;Haut;820017
Key Down;Q;820124
Key Up;D;820130
Key Up;Droite;820151
Key Down;Z;820306
Key Up;Q;820423
Key Up;Z;820679
Key Down;S;820943
Key Up;S;821141
Key Down;D;821178
Key Up;D;821322
Key Down;S;821716
Key Down;Q;821744
Key Up;Q;821828
Key Down;Q;821925
Key Up;Q;822031
Key Down;D;822212
Key Down;Droite;822319
Key Up;S;822329
Key Down;Z;822521
Key Up;Haut;822543
Key Up;D;822681
Key Down;Q;822857
Key Up;Z;823097
Key Up;Q;823321
Key Down;S;823524
Key Down;Haut;823614
Key Down;D;823668
Key Up;Droite;823864
Key Up;D;823960
Key Down;Q;824030
Key Up;S;824040
Key Down;Droite;824275
Key Up;Q;824376
Key Down;Z;824573
Key Down;D;824765
Key Up;Haut;824919
Key Up;Z;825400
Key Up;D;825415
Key Down;Q;825533
Key Down;Z;825911
Key Up;Q;825954
Key Down;D;826135
Key Up;Z;826381
Key Down;Q;826386
Key Up;D;826413
Key Down;S;826583
Key Up;Q;826860
Key Up;S;827035
Key Down;D;827099
Key Down;Z;827157
Key Up;Z;827514
Key Down;S;827723
Key Up;D;827952
Key Down;D;828127
Key Up;S;828261
Key Down;Z;828517
Key Up;Z;828740
Key Up;D;828832
Key Down;Q;828885
Key Up;Q;829274
Key Down;S;829284
Key Down;D;829887
Key Up;S;829940
Key Down;Z;830210
Key Up;Z;830317
Key Down;Z;830392
Key Up;Z;830658
Key Up;D;830717
Key Down;Q;830824
Key Up;Q;831229
Key Down;D;831303
Key Down;Q;831527
Key Up;D;831532
Key Down;S;831708
Key Up;Q;831778
Key Down;D;831821
Key Up;S;832018
Key Down;S;832071
Key Up;D;832198
Key Up;S;832295
Key Down;Q;832332
Key Down;Z;832519
Key Up;Q;832737
Key Up;Z;832758
Key Down;D;832924
Key Up;D;833242
Key Down;Q;833349
Key Down;S;833434
Key Up;S;833834
Key Up;Q;833866
Key Down;Q;833994
Key Down;S;834026
Key Up;S;834212
Key Up;Q;834218
Key Down;D;834245
Key Down;S;834346
Key Up;S;834457
Key Up;D;834532
Key Down;Q;834665
Key Down;Z;834681
Key Up;Q;834858
Key Up;Z;835002
Key Down;D;835321
Key Down;Q;835439
Key Up;D;835454
Key Down;Z;835940
Key Up;Q;836092
Key Down;D;836589
Key Up;Z;836759
Key Down;S;837079
Key Down;Q;837282
Key Up;D;837292
Key Up;S;837297
Key Down;S;837618
Key Up;Q;837655
Key Down;D;837681
Key Up;S;837729
Key Down;S;837830
Key Up;D;838289
Key Down;Q;838433
Key Up;Q;838593
Key Up;S;838625
Key Down;D;838742
Key Down;Q;838993
Key Up;D;839036
Key Down;Z;839098
Key Up;Z;839248
Key Up;Q;839552
Key Down;Z;839615
Key Down;D;839749
Key Up;Z;839925
Key Down;Q;839930
Key Up;D;839935
Key Down;S;840084
Key Up;Q;840324
Key Down;D;840442
Key Up;S;840548
Key Down;Z;840713
Key Up;D;841065
Key Up;Z;841134
Key Down;Q;841273
Key Down;Z;841412
Key Up;Z;841609
Key Up;Q;841758
Key Down;Q;841935
Key Down;Z;842067
Key Up;Q;842145
Key Up;Z;842225
Key Down;Q;842327
Key Down;Z;842455
Key Up;Q;842509
Key Down;D;842679
Key Up;Z;842764
Key Down;Bas;842807
Key Up;Droite;842940
Key Down;S;843713
Key Up;D;843718
Key Up;S;843857
Key Down;Q;844337
Key Down;S;844497
Key Up;Q;844726
Key Up;S;844731
Key Down;D;844881
Key Up;D;845035
Key Down;Q;845151
Key Down;S;845221
Key Up;Q;845279
Key Up;S;845300
Key Down;Z;845540
Key Up;Z;845673
Key Down;Z;845817
Key Down;D;845844
Key Up;Z;845950
Key Up;D;845967
Key Down;D;846110
Key Down;S;846217
Key Up;D;846265
Key Down;Q;846319
Key Down;Droite;846510
Key Up;S;846574
Key Up;Bas;846638
Key Down;Haut;846803
Key Up;Droite;846894
Key Down;S;847268
Key Up;S;847523
Key Up;Q;847625
Key Down;D;847673
Key Down;Droite;847891
Key Down;Z;848008
Key Up;Haut;848030
Key Up;D;848306
Key Up;Z;848385
Key Down;Q;848396
Key Down;S;848503
Key Up;S;848801
Key Down;Bas;848876
Key Up;Q;848977
Key Down;Z;849014
Key Up;Droite;849025
Key Down;Q;849206
Key Up;Z;849211
Key Up;Q;849408
Key Down;Z;849531
Key Down;Droite;849600
Key Up;Z;849606
Key Down;D;849659
Key Up;Bas;849686
Key Down;S;849734
Key Down;Haut;849836
Key Up;Droite;849942
Key Up;S;850219
Key Down;Gauche;850272
Key Up;Haut;850352
Key Up;D;851146
Key Down;Z;851311
Key Down;Q;851375
Key Down;Haut;851417
Key Up;Gauche;851577
Key Up;Q;851716
Key Up;Z;852057
Key Down;Q;852664
Key Up;Q;852830
Key Down;S;853246
Key Down;Q;853289
Key Up;Q;853560
Key Up;S;853608
Key Down;S;853789
Key Down;Q;853853
Key Up;Q;854050
Key Up;S;854088
Key Down;D;854093
Key Up;D;854455
Key Down;Q;854646
Key Up;Q;854785
Key Down;S;854839
Key Up;S;855009
Key Down;D;855089
Key Down;S;855148
Key Up;S;855355
Key Up;D;855532
Key Down;Q;855596
Key Down;Z;856011
Key Up;Q;856022
Key Up;Z;856177
Key Down;D;856214
Key Down;S;856321
Key Up;D;856416
Key Up;S;856667
Key Down;Q;856971
Key Up;Q;857104
Key Down;D;857257
Key Up;D;857497
Key Down;Z;857651
Key Down;Q;857838
Key Up;Q;858131
Key Up;Z;858174
Key Down;Z;858515
Key Up;Z;858638
Key Down;S;859192
Key Up;S;859352
Key Down;Q;859362
Key Up;Q;859502
Key Down;Z;859683
Key Up;Z;859832
Key Down;Q;860072
Key Up;Q;860173
Key Down;Q;860593
Key Up;Q;860699
Key Down;S;860875
Key Up;S;861243
Key Down;S;861424
Key Up;S;861563
Key Down;D;861872
Key Up;D;862090
Key Down;D;862267
Key Up;D;862432
Key Down;D;862597
Key Up;D;862853
Key Down;D;863008
Key Up;D;863103
Key Down;Q;863237
Key Up;Q;863379
Key Down;Q;863497
Key Up;Q;864046
Key Down;Q;864281
Key Up;Q;864605
Key Down;D;864627
Key Up;D;865362
Key Down;D;865454
Key Down;Z;865688
Key Up;D;865789
Key Down;Q;865992
Key Up;Z;866008
Key Up;Q;866242
Key Down;Q;866412
Key Down;S;866428
Key Up;S;866784
Key Down;D;867131
Key Up;Q;867141
Key Up;D;867328
Key Down;D;867387
Key Up;D;867776
Key Down;D;867861
Key Up;D;868016
Key Down;Q;868037
Key Up;Q;868383
Key Down;D;868453
Key Up;D;868852
Key Down;Q;868981
Key Up;Q;869374
Key Down;D;869400
Key Up;D;869570
Key Down;D;869731
Key Down;Z;869939
Key Up;D;869944
Key Up;Z;870258
Key Down;Z;870445
Key Down;Q;870643
Key Up;Z;870648
Key Up;Q;870781
Key Down;Q;871319
Key Up;Q;871453
Key Down;S;871549
Key Up;S;871831
Key Down;S;872119
Key Up;S;872310
Key Down;Gauche;872384
Key Down;D;872453
Key Up;Haut;872496
Key Down;S;872896
Key Up;D;873285
Key Down;Q;873291
Key Up;S;873307
Key Down;Haut;873759
Key Up;Gauche;873983
Key Up;Q;874452
Key Down;Q;874687
Key Up;Q;874847
Key Down;Q;875017
Key Down;Z;875231
Key Up;Q;875332
Key Up;Z;875448
Key Down;Droite;875469
Key Down;Z;875518
Key Down;Q;875560
Key Up;Q;875768
Key Up;Haut;875864
Key Up;Z;876146
Key Down;Z;876338
Key Up;Z;876563
Key Down;Q;876695
Key Up;Q;876871
Key Down;S;876994
Key Down;Haut;877356
Key Down;D;877426
Key Up;Droite;877559
Key Up;D;877623
Key Down;D;877773
Key Down;Gauche;878039
Key Up;S;878044
Key Up;Haut;878380
Key Down;Z;878650
Key Up;D;879556
Key Up;Z;879706
Key Down;Q;879732
Key Down;S;879791
Key Down;Haut;879850
Key Up;Q;879966
Key Up;S;880153
Key Up;Gauche;880387
Key Down;S;880404
Key Down;Q;880606
Key Up;S;880660
Key Down;S;880697
Key Up;Q;880814
Key Down;Q;880857
Key Up;S;880937
Key Up;Q;881863
Key Down;Q;882028
Key Up;Q;882161
Key Down;Z;882439
Key Up;Z;882684
Key Down;S;883004
Key Down;D;883019
Key Up;D;883105
Key Up;S;883148
Key Down;Q;883339
Key Up;Q;883515
Key Down;Z;883579
Key Up;Z;883756
Key Down;Z;884027
Key Up;Z;884144
Key Down;D;884379
Key Down;Z;884432
Key Up;D;884601
Key Up;Z;884617
Key Down;D;884810
Key Up;D;885060
Key Down;S;885278
Key Up;S;885406
Key Down;D;885561
Key Down;Z;885625
Key Up;D;885667
Key Down;D;885769
Key Up;Z;885785
Key Up;D;885977
Key Down;S;886276
Key Down;D;886318
Key Up;S;886691
Key Up;D;886750
Key Down;Z;886947
Key Down;Q;886994
Key Up;Q;887117
Key Up;Z;887261
Key Down;S;887521
Key Down;D;887548
Key Up;D;887713
Key Down;D;887739
Key Up;S;888017
Key Up;D;888070
Key Down;S;888235
Key Down;Q;888283
Key Up;Q;888614
Key Up;S;888619
Key Down;Q;888710
Key Down;Z;888817
Key Up;Q;889132
Key Up;Z;889334
Key Down;D;889558
Key Up;D;889686
Key Down;D;889845
Key Down;Z;890016
Key Up;D;890138
Key Up;Z;890192
Key Down;D;890682
Key Up;D;890847
Key Down;S;891092
Key Up;S;891199
Key Down;D;891332
Key Up;D;891482
Key Down;Z;891806
Key Down;Q;891822
Key Up;Z;892184
Key Up;Q;892190
Key Down;Q;892339
Key Down;Z;892478
Key Up;Q;892543
Key Up;Z;892627
Key Down;Q;892921
Key Up;Q;893028
Key Down;S;893559
Key Up;S;893761
Key Down;Z;894049
Key Up;Z;894220
Key Down;S;895254
Key Down;Gauche;895366
Key Down;D;895382
Key Up;Haut;895499
Key Up;D;895579
Key Up;S;895632
Key Down;D;895712
Key Up;D;895883
Key Down;D;896150
Key Up;D;896293
Key Down;Z;896369
Key Up;Z;896549
Key Down;D;896783
Key Down;Z;896799
Key Up;Z;897007
Key Up;D;897060
Key Down;Z;897284
Key Down;D;897348
Key Up;Z;897476
Key Up;D;897545
Key Down;S;897892
Key Down;D;897896
Key Down;Haut;897966
Key Up;D;898009
Key Up;S;898200
Key Down;Q;898318
Key Up;Gauche;898329
Key Up;Q;898446
Key Down;D;899049
Key Down;S;899155
Key Up;D;899273
Key Up;S;899342
Key Down;Q;899544
Key Up;Q;899649
Key Down;S;899772
Key Down;D;899841
Key Up;D;900006
Key Up;S;900161
Key Down;S;900407
Key Up;S;900560
Key Down;D;900758
Key Up;D;900892
Key Down;Q;901115
Key Up;Q;901259
Key Down;S;901424
Key Down;Q;901552
Key Up;Q;901622
Key Down;Gauche;901744
Key Up;S;901750
Key Down;D;902160
Key Down;S;902240
Key Up;D;902294
Key Up;S;902400
Key Up;Gauche;902453
Key Down;S;902735
Key Up;S;902921
Key Down;Z;903288
Key Down;Q;903304
Key Down;Gauche;903544
Key Up;Haut;903666
Key Up;Z;904296
Key Up;Q;904302
Key Down;S;904728
Key Down;D;904755
Key Up;D;904967
Key Up;S;904973
Key Down;Z;905293
Key Up;Z;905453
Key Down;S;905947
Key Down;D;905963
Key Up;D;906053
Key Up;S;906074
Key Down;S;906278
Key Down;D;906378
Key Up;D;906613
Key Up;S;906656
Key Down;Q;907279
Key Down;S;907290
Key Up;S;907423
Key Up;Q;907503
Key Down;Haut;907738
Key Down;Q;907754
Key Up;Gauche;907914
Key Up;Q;907920
Key Down;S;908085
Key Up;S;908239
Key Down;D;908308
Key Down;Droite;908447
Key Up;D;908457
Key Down;Q;908554
Key Down;S;908559
Key Up;S;908809
Key Up;Haut;908936
Key Down;Z;909001
Key Up;Z;909278
Key Up;Q;909325
Key Down;Z;909554
Key Down;D;909560
Key Up;D;909800
Key Down;Q;909890
Key Up;Z;909911
Key Up;Q;910151
Key Down;D;910296
Key Down;S;910365
Key Up;S;910546
Key Up;D;910711
Key Down;Z;910760
Key Down;Q;910860
Key Up;Z;910897
Key Up;Q;911021
Key Down;Z;911058
Key Up;Z;911197
Key Down;Q;911223
Key Up;Q;911457
Key Down;S;911596
Key Up;S;911851
Key Down;D;912069
Key Down;Haut;912096
Key Down;Z;912267
Key Up;D;912293
Key Up;Droite;912304
Key Down;Q;912373
Key Up;Q;912512
Key Up;Z;912811
Key Down;S;913029
Key Up;S;913258
Key Down;S;913386
Key Up;S;913632
Key Down;S;913802
Key Up;S;913951
Key Down;Q;914159
Key Up;Q;914277
Key Down;D;914388
Key Up;D;914575
Key Down;S;914760
Key Down;Q;914920
Key Up;S;914931
Key Up;Q;915107
Key Down;Droite;915362
Key Down;Q;915394
Key Up;Haut;915655
Key Up;Q;915661
Key Down;Z;915789
Key Up;Z;915986
Key Down;Q;915996
Key Up;Q;916141
Key Down;Q;916210
Key Up;Q;916354
Key Down;D;916525
Key Down;S;916578
Key Down;Q;916647
Key Up;D;916663
Key Up;S;916770
Key Up;Q;916855
Key Down;D;917004
Key Down;Haut;917063
Key Up;D;917164
Key Down;Q;917202
Key Up;Droite;917281
Key Up;Q;917367
Key Down;D;917537
Key Up;D;917904
Key Down;D;918101
Key Down;Z;918122
Key Up;Z;918346
Key Up;D;918538
Key Down;Droite;918639
Key Down;S;918741
Key Down;Q;918842
Key Up;Haut;918889
Key Up;S;918922
Key Up;Q;919039
Key Down;Z;919145
Key Down;D;919210
Key Up;Z;919268
Key Down;Z;919311
Key Up;Z;919354
Key Up;D;919391
Key Down;S;919562
Key Up;S;919668
Key Down;Z;919908
Key Down;Q;919951
Key Up;Z;920158
Key Up;Q;920164
Key Down;D;920393
Key Down;Z;920671
Key Up;D;920734
Key Up;Z;920808
Key Down;Q;920814
Key Up;Q;920968
Key Down;Haut;921015
Key Down;D;921080
Key Down;S;921197
Key Up;Droite;921224
Key Up;D;921373
Key Up;S;921463
Key Down;Q;921613
Key Up;Q;921821
Key Down;Q;922093
Key Up;Q;922248
Key Down;D;922551
Key Down;Gauche;922748
Key Up;Haut;922854
Key Down;Z;923095
Key Up;Z;923254
Key Up;D;923292
Key Down;D;923484
Key Up;D;923708
Key Down;Z;923893
Key Down;Q;923904
Key Up;Q;924117
Key Up;Z;924181
Key Down;D;924272
Key Up;D;924469
Key Down;S;924618
Key Down;D;924682
Key Up;D;924810
Key Up;S;924944
Key Down;A;925087
Key Up;A;925220
Key Down;Q;925551
Key Down;Haut;925791
Key Down;Z;925887
Key Up;Gauche;925940
Key Up;Z;926308
Key Up;Q;926735
Key Down;Q;926866
Key Up;Q;927122
Key Down;Z;927346
Key Down;Q;927394
Key Up;Q;927677
Key Up;Z;927735
Key Down;Q;927959
Key Down;Droite;928167
Key Up;Q;928173
Key Down;D;928295
Key Up;Haut;928348
Key Up;D;928753
Key Down;Z;928945
Key Up;Z;929099
Key Down;Q;929159
Key Down;Z;929532
Key Up;Q;929607
Key Down;D;929724
Key Down;Gauche;929846
Key Up;Z;929983
Key Up;Droite;930078
Key Down;S;930276
Key Up;D;930351
Key Up;S;930431
Key Down;Z;930591
Key Down;D;930751
Key Up;Z;930762
Key Up;D;930947
Key Down;Haut;931017
Key Down;S;931038
Key Down;Q;931172
Key Up;Gauche;931294
Key Up;S;931545
Key Down;Gauche;931796
Key Up;Q;931812
Key Up;Haut;931886
Key Down;D;931908
Key Down;Z;932025
Key Up;Z;932179
Key Up;D;932521
Key Down;D;932707
Key Down;Z;932755
Key Up;D;932808
Key Down;Q;932919
Key Down;Bas;932956
Key Up;Gauche;933058
Key Up;Z;933287
Key Down;Droite;933532
Key Up;Q;933692
Key Up;Bas;933714
Key Down;Z;934140
Key Down;D;934145
Key Up;Z;934215
Key Down;Z;934331
Key Up;D;934391
Key Up;Z;934476
Key Down;Q;934684
Key Down;S;935073
Key Up;Q;935307
Key Up;S;935393
Key Down;D;935446
Key Down;S;935585
Key Down;Haut;935729
Key Up;S;935999
Key Down;S;936121
Key Up;S;936196
Key Down;Gauche;936217
Key Up;Haut;936249
Key Up;Droite;936292
Key Down;S;936361
Key Up;S;936516
Key Down;S;936681
Key Down;Haut;936830
Key Up;D;936910
Key Up;Gauche;937032
Key Down;D;937284
Key Up;S;937512
Key Down;Q;937742
Key Up;D;937763
Key Down;Droite;937960
Key Up;Haut;938169
Key Up;Q;938238
Key Down;Q;938408
Key Up;Q;938578
Key Down;Q;938723
Key Down;S;938872
Key Up;S;939057
Key Down;S;939152
Key Up;S;939328
Key Down;Z;939697
Key Up;Q;939926
Key Up;Z;940054
Key Down;Q;940315
Key Down;Z;940416
Key Up;Q;940565
Key Up;Z;940870
Key Down;D;941285
Key Down;Z;941323
Key Up;D;941391
Key Up;Z;941434
Key Down;Q;941530
Key Down;S;941632
Key Up;Q;941845
Key Up;S;941941
Key Down;S;942105
Key Down;Haut;942301
Key Down;D;942387
Key Up;Droite;942450
Key Up;S;942510
Key Up;D;942520
Key Down;S;942771
Key Up;S;942958
Key Down;D;943059
Key Up;D;943181
Key Down;Z;943320
Key Down;D;943362
Key Down;Gauche;943383
Key Up;Haut;943512
Key Down;Bas;943773
Key Up;D;943789
Key Up;Gauche;943964
Key Down;Q;944024
Key Up;Z;944359
Key Down;Z;944413
Key Up;Q;944514
Key Down;D;944909
Key Down;Gauche;944935
Key Up;Bas;945317
Key Up;Z;945365
Key Down;S;945898
Key Up;D;946197
Key Down;D;946245
Key Up;S;946304
Key Up;D;946309
Key Down;D;946395
Key Down;Z;946698
Key Up;D;946789
Key Up;Z;946890
Key Down;D;947098
Key Down;S;947168
Key Up;D;947359
Key Down;Bas;947444
Key Up;Gauche;947578
Key Up;S;947722
Key Down;D;947887
Key Down;Gauche;948082
Key Down;S;948173
Key Up;Bas;948311
Key Up;D;948349
Key Down;Bas;948519
Key Down;D;948546
Key Up;Bas;948760
Key Up;D;948813
Key Up;S;948877
Key Down;D;949042
Key Down;S;949245
Key Up;D;949330
Key Up;S;949378
Key Down;Z;950802
Key Down;Bas;950908
Key Down;Q;951499
Key Up;Q;951728
Key Up;Z;951899
Key Down;Q;952031
Key Up;Q;952410
Key Down;Q;952581
Key Down;Z;952644
Key Up;Q;952773
Key Up;Z;952852
Key Down;Q;952975
Key Down;Z;953146
Key Up;Q;953204
Key Down;D;953311
Key Up;Z;953380
Key Up;Bas;953599
Key Down;S;953706
Key Up;D;954296
Key Up;S;955202
Key Down;S;955511
Key Up;S;955607
Key Down;D;955735
Key Down;Z;955916
Key Up;D;956215
Key Down;Bas;956273
Key Down;D;956742
Key Up;D;956812
Key Down;Q;957253
Key Up;Z;957375
Key Up;Bas;957498
Key Down;S;957636
Key Up;Q;957653
Key Down;D;957727
Key Up;D;958175
Key Down;Q;958612
Key Down;Haut;958783
Key Up;S;958916
Key Up;Gauche;959075
Key Up;Q;959343
Key Down;S;959529
Key Up;S;959742
Key Down;Q;959908
Key Down;Droite;960014
Key Up;Q;960279
Key Down;D;960327
Key Up;Droite;960502
Key Up;D;960668
Key Down;Q;961238
Key Up;Q;961430
Key Down;S;961655
Key Up;S;961815
Key Down;Q;961990
Key Up;Q;962390
Key Down;Q;962428
Key Up;Q;962497
Key Down;Q;962891
Key Down;Z;962897
Key Up;Z;963380
Key Up;Q;963428
Key Down;S;963668
Key Down;D;963715
Key Up;D;963843
Key Up;S;964084
Key Down;Z;964233
Key Down;D;964638
Key Up;D;964910
Key Up;Z;965027
Key Down;Z;966732
Key Down;Q;966790
Key Up;Z;966918
Key Up;Q;966934
Key Down;Q;967110
Key Up;Q;967281
Key Down;D;967520
Key Up;D;967835
Key Down;S;967931
Key Up;S;968299
Key Down;Z;968608
Key Up;Z;968810
Key Down;D;969013
Key Up;D;969104
Key Down;D;969417
Key Up;D;969555
Key Down;D;970190
Key Up;D;970296
Key Down;Q;970526
Key Up;Q;970643
Key Down;Q;970974
Key Up;Q;971053
Key Down;Q;971779
Key Up;Q;971890
Key Down;S;972194
Key Down;D;972262
Key Up;S;972369
Key Up;D;972390
Key Down;D;972688
Key Up;D;972790
Key Down;D;972950
Key Up;D;973035
Key Down;Z;973653
Key Up;Z;973824
Key Down;D;974123
Key Down;Gauche;974272
Key Up;Haut;974714
Key Down;S;975226
Key Up;D;975400
Key Down;D;975549
Key Up;S;975795
Key Down;Z;975971
Key Up;D;978054
Key Up;Z;978070
Key Down;D;979184
Key Up;D;979333
Key Down;S;979680
Key Up;S;979840
Key Down;Z;980084
Key Up;Z;980245
Key Down;S;980409
Key Down;Haut;980697
Key Up;Gauche;980953
Key Down;Q;981204
Key Up;Q;981486
Key Down;Q;981817
Key Down;Gauche;982003
Key Up;Gauche;982440
Key Up;S;982792
Key Up;Q;982835
Key Down;Q;983000
Key Up;Q;983123
Key Down;Q;983384
Key Down;Z;984672
Key Down;Droite;984955
Key Up;Q;985291
Key Up;Haut;985669
Key Up;Z;986373
Key Down;Q;986773
Key Up;Q;986959
Key Down;Q;987077
Key Down;S;987124
Key Up;Q;987592
Key Up;S;987608
Key Down;Z;987752
Key Up;Z;988061
Key Down;Z;988573
Key Up;Z;988706
Key Down;S;989122
Key Up;S;989239
Key Down;Z;989399
Key Up;Z;989553
Key Down;S;991104
Key Up;S;991269
Key Down;Z;991492
Key Up;Z;991562
Key Down;S;991690
Key Up;S;991824
Key Down;S;992383
Key Down;D;992405
Key Down;Haut;992617
Key Up;Droite;992788
Key Up;S;993119
Key Up;D;993624
Key Down;S;993826
Key Down;D;994029
Key Up;D;994237
Key Down;D;994663
Key Up;S;994807
Key Up;D;994813
Key Down;Q;995639
Key Up;Q;995772
Key Down;Z;996316
Key Up;Z;996422
Key Down;Gauche;996575
Key Up;Haut;996656
Key Down;Q;996720
Key Up;Q;996906
Key Down;D;997172
Key Up;D;997551
Key Down;Q;997636
Key Down;Z;997700
Key Down;Haut;997801
Key Up;Q;997929
Key Up;Z;997934
Key Up;Gauche;998073
Key Down;S;998089
Key Up;S;998260
Key Down;S;998457
Key Down;Q;998537
Key Down;Droite;998671
Key Up;S;998686
Key Up;Haut;998815
Key Down;Z;999113
Key Up;Q;999521
Key Down;Bas;999553
Key Up;Droite;999820
Key Down;D;999975
Key Down;Q;1000247
Key Up;D;1000257
Key Up;Z;1000284
Key Down;Z;1000316
Key Up;Q;1000386
Key Up;Z;1000422
Key Down;D;1000434
Key Down;S;1000876
Key Up;D;1001052
Key Up;S;1001068
Key Down;D;1001238
Key Up;D;1001351
Key Down;Gauche;1001388
Key Down;D;1001451
Key Down;S;1001617
Key Up;Bas;1001740
Key Up;D;1001857
Key Down;D;1001979
Key Up;S;1002129
Key Down;S;1002465
Key Down;Haut;1002591
Key Up;Gauche;1002889
Key Up;D;1002980
Key Down;Q;1003049
Key Up;S;1003150
Key Down;Droite;1003534
Key Down;Z;1003812
Key Up;Haut;1003833
Key Up;Z;1004083
Key Down;Z;1004473
Key Up;Z;1005719
Key Down;Haut;1005798
Key Down;S;1005851
Key Up;Q;1005889
Key Up;Droite;1005942
Key Down;D;1005963
Key Up;S;1006369
Key Down;S;1006944
Key Up;S;1007158
Key Up;D;1007345
Key Down;Z;1007355
Key Down;Gauche;1007419
Key Up;Haut;1007595
Key Down;Q;1007990
Key Up;Q;1008219
Key Up;Z;1008330
Key Down;D;1008654
Key Down;Haut;1009145
Key Down;S;1009256
Key Up;D;1009432
Key Up;Gauche;1009570
Key Down;Q;1010178
Key Up;S;1010451
Key Down;Droite;1010610
Key Down;Z;1010877
Key Up;Haut;1011000
Key Up;Q;1011111
Key Down;Haut;1011218
Key Up;Droite;1011346
Key Up;Z;1011362
Key Down;Gauche;1011452
Key Down;Q;1011469
Key Down;S;1011474
Key Up;Q;1011533
Key Up;Haut;1011559
Key Up;S;1012043
Key Down;D;1012294
Key Up;D;1012432
Key Down;D;1012571
Key Down;S;1012635
Key Up;S;1013163
Key Down;Z;1013488
Key Down;Bas;1013648
Key Up;D;1013653
Key Down;Q;1013706
Key Up;Gauche;1014096
Key Up;Q;1014522
Key Up;Z;1014538
Key Down;D;1014559
Key Down;Gauche;1014654
Key Down;S;1014777
Key Up;Bas;1014905
Key Up;D;1014915
Key Up;S;1015128
Key Down;Q;1015267
Key Up;Q;1015401
Key Down;D;1015587
Key Up;D;1015806
Key Down;Bas;1015885
Key Down;Q;1015901
Key Down;Z;1016104
Key Up;Gauche;1016184
Key Up;Q;1016189
Key Down;Q;1016424
Key Up;Z;1016824
Key Down;Droite;1016872
Key Down;S;1016995
Key Up;Bas;1017197
Key Up;S;1017314
Key Up;Q;1017410
Key Down;S;1017554
Key Up;S;1017814
Key Down;S;1017969
Key Down;D;1018059
Key Up;S;1018112
Key Up;D;1018139
Key Down;S;1018384
Key Down;Q;1018470
Key Up;S;1018688
Key Up;Q;1018827
Key Down;Q;1018981
Key Down;Z;1019232
Key Up;Q;1019248
Key Down;Bas;1019349
Key Down;D;1019413
Key Up;Droite;1019536
Key Up;D;1019941
Key Up;Z;1019962
Key Down;Z;1020138
Key Down;Q;1020245
Key Up;Z;1020287
Key Up;Q;1020490
Key Down;D;1020686
Key Up;D;1020947
Key Down;Z;1021000
Key Down;Gauche;1021053
Key Down;D;1021170
Key Up;Bas;1021245
Key Up;Z;1021283
Key Down;S;1021735
Key Up;D;1022066
Key Down;D;1022221
Key Up;D;1022626
Key Up;S;1022663
Key Down;D;1022712
Key Down;Z;1022775
Key Up;D;1022897
Key Down;Q;1023005
Key Up;Z;1023394
Key Up;Q;1023602
Key Down;D;1023824
Key Up;D;1024383
Key Down;D;1024544
Key Up;D;1024682
Key Down;D;1024821
Key Down;S;1024970
Key Up;S;1025199
Key Down;Z;1025295
Key Up;D;1025407
Key Down;Bas;1025434
Key Down;Q;1025604
Key Up;Gauche;1025657
Key Down;Droite;1025860
Key Up;Z;1025940
Key Up;Bas;1026110
Key Down;S;1026526
Key Up;S;1026759
Key Down;Z;1027426
Key Up;Z;1027548
Key Down;S;1027666
Key Down;D;1027761
Key Up;Q;1027842
Key Up;S;1027943
Key Up;D;1028667
Key Down;Q;1029020
Key Down;S;1029271
Key Up;S;1029468
Key Down;S;1029780
Key Up;S;1030058
Key Down;Z;1030228
Key Down;Bas;1030319
Key Up;Q;1030329
Key Up;Droite;1030474
Key Down;D;1030490
Key Up;D;1030740
Key Down;Q;1030857
Key Up;Q;1030975
Key Down;D;1031012
Key Up;Z;1031161
Key Down;Gauche;1031188
Key Up;Bas;1031369
Key Down;S;1031518
Key Up;S;1031886
Key Down;Z;1032099
Key Up;Z;1032329
Key Down;Z;1032643
Key Up;Z;1032786
Key Up;D;1032796
Key Down;Z;1032807
Key Down;Q;1032903
Key Up;Z;1032977
Key Down;S;1033062
Key Up;Q;1033126
Key Down;D;1033579
Key Up;S;1033697
Key Down;S;1033942
Key Down;Bas;1034166
Key Up;S;1034171
Key Down;S;1034230
Key Up;D;1034278
Key Up;Gauche;1034304
Key Down;Q;1034379
Key Up;S;1034416
Key Down;Z;1034582
Key Up;Q;1034593
Key Up;Z;1034757
Key Down;Q;1034795
Key Down;Z;1035094
Key Down;Gauche;1035270
Key Down;Droite;1035296
Key Up;Gauche;1035370
Key Up;Z;1035595
Key Down;D;1035828
Key Up;Q;1035833
Key Up;Droite;1036083
Key Down;S;1036142
Key Up;S;1036478
Key Up;D;1036521
Key Down;D;1036830
Key Up;D;1036883
Key Down;Z;1036926
Key Up;Z;1037048
Key Down;Z;1037213
Key Up;Z;1037373
Key Down;Z;1037523
Key Down;Q;1037677
Key Up;Z;1037795
Key Up;Q;1037848
Key Down;Q;1037982
Key Down;Droite;1038003
Key Down;S;1038018
Key Up;S;1038183
Key Up;Bas;1038194
Key Down;Haut;1038386
Key Down;S;1038626
Key Up;Droite;1038754
Key Down;Droite;1039014
Key Up;Haut;1039110
Key Up;S;1039164
Key Down;S;1039387
Key Down;Bas;1039590
Key Up;S;1039665
Key Down;Z;1039814
Key Up;Q;1039819
Key Up;Droite;1039899
Key Down;D;1039974
Key Up;Z;1040208
Key Down;Gauche;1040496
Key Up;Bas;1040570
Key Down;S;1040662
Key Up;S;1040949
Key Down;S;1041120
Key Up;S;1041323
Key Up;D;1041626
Key Down;Haut;1041653
Key Down;Q;1041669
Key Up;Gauche;1041696
Key Down;Z;1041818
Key Up;Q;1042068
Key Up;Z;1042164
Key Down;Q;1042318
Key Down;Z;1042435
Key Up;Q;1042473
Key Up;Z;1042579
Key Down;Q;1042734
Key Up;Q;1042873
Key Down;S;1043032
Key Up;S;1043188
Key Down;Z;1043326
Key Up;Z;1043518
Key Down;S;1043811
Key Up;S;1044595
Key Down;D;1044835
Key Up;D;1044918
Key Down;Z;1044945
Key Up;Z;1045099
Key Down;D;1045222
Key Down;Z;1045302
Key Up;D;1045339
Key Down;Gauche;1045398
Key Down;Droite;1045409
Key Down;D;1045510
Key Up;Haut;1045520
Key Up;Droite;1045686
Key Up;Z;1045729
Key Down;S;1046165
Key Up;D;1046379
Key Up;S;1046864
Key Down;D;1046880
Key Down;Z;1046986
Key Up;Z;1047045
Key Down;Z;1047098
Key Up;D;1047259
Key Up;Z;1047397
Key Down;D;1047477
Key Down;S;1047536
Key Up;D;1047728
Key Up;S;1047755
Key Down;S;1047856
Key Down;Q;1048126
Key Up;S;1048179
Key Down;Z;1048387
Key Up;Q;1048425
Key Down;D;1048627
Key Up;D;1048824
Key Down;D;1048931
Key Up;Z;1048936
Key Down;S;1049054
Key Up;D;1049192
Key Down;Q;1049197
Key Up;S;1049661
Key Up;Q;1049805
Key Down;Haut;1049848
Key Down;D;1049896
Key Up;D;1049992
Key Down;D;1050199
Key Up;D;1050311
Key Down;Q;1050359
Key Up;Gauche;1050424
Key Up;Q;1050503
Key Down;D;1050658
Key Up;D;1050754
Key Down;D;1051014
Key Down;Gauche;1051056
Key Up;D;1051110
Key Up;Gauche;1051760
Key Down;D;1051835
Key Up;D;1051915
Key Down;D;1052650
Key Down;Z;1052715
Key Up;D;1052757
Key Up;Z;1052853
Key Down;D;1053338
Key Up;D;1053466
Key Down;Q;1053626
Key Up;Q;1053898
Key Down;D;1054414
Key Up;D;1054541
Key Down;Q;1054585
Key Down;Z;1054664
Key Up;Z;1054835
Key Down;Z;1055085
Key Up;Q;1055592
Key Up;Z;1055613
Key Down;S;1055757
Key Down;Q;1055816
Key Up;Q;1056092
Key Up;S;1056167
Key Down;Q;1056429
Key Up;Q;1056610
Key Down;Q;1056987
Key Down;S;1057008
Key Up;S;1057210
Key Up;Q;1057232
Key Down;Q;1057493
Key Up;Q;1057626
Key Down;D;1057808
Key Down;S;1057856
Key Up;D;1057894
Key Up;S;1058053
Key Down;Droite;1058128
Key Down;Q;1058143
Key Down;Z;1058266
Key Up;Haut;1058484
Key Up;Q;1058592
Key Up;Z;1058778
Key Down;Z;1058922
Key Down;D;1058986
Key Up;Z;1059097
Key Up;D;1059108
Key Down;Z;1059236
Key Up;Z;1059348
Key Down;Q;1059439
Key Down;S;1059706
Key Up;S;1059818
Key Up;Q;1059914
Key Down;D;1060120
Key Down;Z;1060151
Key Up;D;1060178
Key Up;Z;1060295
Key Down;Q;1060359
Key Down;S;1060386
Key Down;Haut;1060536
Key Up;Q;1060706
Key Up;Droite;1060749
Key Up;S;1060914
Key Down;Q;1060941
Key Down;Z;1061090
Key Up;Q;1061292
Key Down;Droite;1061602
Key Down;Q;1061714
Key Up;Haut;1062098
Key Up;Z;1062433
Key Down;S;1063653
Key Down;D;1063776
Key Up;Q;1063978
Key Down;Haut;1064005
Key Up;Droite;1064207
Key Up;D;1064767
Key Down;Q;1064783
Key Up;Q;1064948
Key Down;Q;1065082
Key Up;S;1065087
Key Down;Droite;1065252
Key Down;Z;1065327
Key Up;Q;1065828
Key Down;Q;1065924
Key Up;Z;1065940
Key Up;Haut;1066014
Key Down;S;1066036
Key Up;Q;1066280
Key Up;S;1066381
Key Down;Q;1066386
Key Down;Z;1066632
Key Up;Q;1066792
Key Up;Z;1066796
Key Down;S;1066993
Key Down;Q;1067041
Key Up;Q;1067143
Key Down;D;1067463
Key Up;S;1067505
Key Up;D;1067586
Key Down;Q;1067767
Key Down;Z;1068049
Key Up;Q;1068183
Key Up;Z;1068252
Key Down;S;1068454
Key Down;D;1068545
Key Up;S;1068780
Key Up;D;1068833
Key Down;Q;1068913
Key Up;Q;1069130
Key Down;Q;1069226
Key Up;Q;1069327
Key Down;D;1069386
Key Up;D;1069518
Key Down;D;1069674
Key Up;D;1069935
Key Down;Q;1070138
Key Up;Q;1070260
Key Down;Q;1070618
Key Up;Q;1070729
Key Down;Haut;1070782
Key Up;Droite;1070852
Key Down;Z;1071353
Key Down;D;1071550
Key Up;Z;1071624
Key Down;S;1071881
Key Up;S;1071977
Key Down;Z;1072131
Key Up;D;1072338
Key Up;Z;1072604
Key Down;D;1072861
Key Down;S;1072866
Key Up;D;1072978
Key Up;S;1073133
Key Down;Z;1073303
Key Up;Z;1073575
Key Down;S;1073724
Key Down;D;1073863
Key Up;S;1073964
Key Down;Gauche;1074236
Key Down;Z;1074257
Key Up;Haut;1074999
Key Up;D;1075695
Key Up;Z;1075716
Key Down;D;1076633
Key Up;D;1076762
Key Down;Q;1076927
Key Up;Q;1077134
Key Down;Haut;1077311
Key Down;S;1077327
Key Down;Q;1077331
Key Up;Gauche;1077678
Key Up;S;1077683
Key Up;Q;1078100
Key Down;Q;1078253
Key Up;Q;1078413
Key Down;Q;1078626
Key Up;Q;1078770
Key Down;Q;1079714
Key Up;Q;1079852
Key Down;Q;1079932
Key Down;S;1080017
Key Up;Q;1080230
Key Up;S;1080444
Key Down;D;1080503
Key Down;Z;1080635
Key Up;D;1080854
Key Up;Z;1080859
Key Down;S;1080972
Key Down;D;1081083
Key Up;D;1081268
Key Up;S;1081290
Key Down;S;1081695
Key Up;S;1081849
Key Down;S;1082596
Key Up;S;1082719
Key Down;D;1082825
Key Up;D;1083033
Key Up;Haut;1083843
Key Down;Echap;1086418
Key Up;Echap;1086561
Key Down;Left Alt;1088337
Key Down;Tab;1088477
Key Up;Left Alt;1088577
Key Up;Tab;1088609
