Event;Key;Time
Key Down;Z;22936
Key Up;Z;48200
Key Down;Tab;63871
Key Up;Tab;64072
Key Down;Tab;69263
Key Up;Tab;69351
Key Down;Z;70687
Key Down;Espace;78151
Key Up;Espace;90224
Key Up;Z;90479
Key Down;Left Control;99119
Key Up;Left Control;101088
Key Down;Z;136023
Key Up;Z;138208
Key Down;Z;140111
Key Down;Espace;142511
Key Up;Espace;147103
Key Up;Z;147288
Key Down;Espace;148151
Key Down;Z;148488
Key Up;Espace;156279
Key Up;Z;156640
Key Down;Z;157135
Key Up;Z;158711
Key Down;X;162911
Key Up;X;162959
Key Down;Z;168639
Key Up;Z;171007
Key Down;Z;172176
Key Up;Z;174591
Key Down;Z;176047
Key Up;Z;183623
Key Down;Espace;183879
Key Up;Espace;183999
Key Down;Z;186319
Key Up;Z;191103
Key Down;X;192407
Key Up;X;192511
Key Down;Z;192959
Key Up;Z;194023
Key Down;Z;195639
Key Up;Z;199407
Key Down;X;204071
Key Up;X;204159
Key Down;X;206199
Key Up;X;206295
Key Down;Z;207408
Key Up;Z;213319
Key Down;Left Control;216207
Key Down;Z;216639
Key Up;Left Control;221991
Key Up;Z;222055
Key Down;Z;222663
Key Up;Z;223159
Key Down;Z;224071
Key Up;Z;225390
Key Down;Z;250039
Key Up;Z;250639
Key Down;Z;265543
Key Up;Z;270255
Key Down;Tab;272807
Key Up;Tab;272879
Key Down;Tab;278759
Key Up;Tab;278855
Key Down;Q;280511
Key Down;S;281751
Key Up;Q;281791
Key Down;D;282806
Key Up;S;282895
Key Up;D;287686
Key Down;Z;288151
Key Up;Z;288551
Key Down;Z;289054
Key Up;Z;291814
Key Down;Tab;292287
Key Up;Tab;292367
Key Down;Tab;304582
Key Up;Tab;304703
Key Down;S;306239
Key Up;S;307567
Key Down;Z;309039
Key Up;Z;313295
Key Down;Tab;314302
Key Up;Tab;314374
Key Down;Tab;320631
Key Up;Tab;320735
Key Down;Z;323335
Key Down;Q;323487
Key Up;Z;323559
Key Down;Z;324246
Key Up;Q;324294
Key Down;Q;324687
Key Up;Z;325438
Key Down;Z;326383
Key Up;Q;326751
Key Up;Z;327655
Key Down;Tab;330495
Key Up;Tab;330607
Key Down;Echap;334783
Key Up;Echap;334871
Key Down;Z;337790
Key Up;Z;341735
Key Down;Tab;342374
Key Up;Tab;342462
Key Down;Echap;346063
Key Up;Echap;346166
Key Down;Z;347215
Key Up;Z;349775
Key Down;D;352143
Key Up;D;352718
Key Down;Z;353014
Key Down;D;353615
Key Up;D;355766
Key Up;Z;355774
Key Down;Q;357182
Key Down;Z;357599
Key Up;Q;357639
Key Up;Z;360974
Key Down;Q;363167
Key Up;Q;363750
Key Down;X;364254
Key Up;X;364319
Key Down;F;368943
Key Up;F;368983
Key Down;Z;372534
Key Up;Z;372742
Key Down;Espace;373223
Key Up;Espace;373446
Key Down;Espace;374119
Key Up;Espace;374255
Key Down;Espace;374446
Key Up;Espace;374558
Key Down;Espace;375030
Key Up;Espace;375175
Key Down;Espace;376254
Key Up;Espace;376390
Key Down;Espace;376510
Key Up;Espace;376831
Key Down;Espace;377159
Key Up;Espace;377302
Key Down;Espace;377430
Key Up;Espace;377550
Key Down;Espace;377670
Key Up;Espace;377790
Key Down;Z;378551
Key Up;Z;378830
Key Down;Espace;380559
Key Up;Espace;381038
Key Down;Espace;381422
Key Up;Espace;381574
Key Down;Espace;382127
Key Up;Espace;382446
Key Down;Espace;384727
Key Up;Espace;384879
Key Down;Espace;385079
Key Up;Espace;385183
Key Down;Espace;386662
Key Up;Espace;386774
Key Down;Espace;386942
Key Up;Espace;387046
Key Down;Q;390918
Key Up;Q;391671
Key Down;Espace;392063
Key Up;Espace;392199
Key Down;Z;394238
Key Up;Z;396878
Key Down;Q;397447
Key Down;Z;398054
Key Up;Q;398070
Key Up;Z;400294
Key Down;Tab;400950
Key Up;Tab;401022
Key Down;Echap;407279
Key Up;Echap;407359
Key Down;Z;410903
Key Up;Z;411782
Key Down;Tab;412527
Key Up;Tab;412631
Key Down;Echap;418366
Key Up;Echap;418430
Key Down;Z;419719
Key Up;Z;420366
Key Down;Z;421830
Key Up;Z;422526
Key Down;Z;424862
Key Up;Z;425479
Key Down;Z;427422
Key Up;Z;427934
Key Down;Z;430046
Key Up;Z;430270
Key Down;X;431462
Key Up;X;431510
Key Down;Z;434030
Key Down;Q;435007
Key Up;Z;435175
Key Up;Q;435318
Key Down;Z;435918
Key Up;Z;436351
Key Down;Z;437502
Key Up;Z;437727
Key Down;Z;438694
Key Up;Z;441270
Key Down;Q;446439
Key Up;Q;446646
Key Down;Q;447374
Key Up;Q;447863
Key Down;Z;447871
Key Down;Q;448486
Key Up;Z;448558
Key Up;Q;449342
Key Down;Z;449558
Key Up;Z;449798
Key Down;Tab;451630
Key Up;Tab;451694
Key Down;Tab;459910
Key Up;Tab;459991
Key Down;Z;461902
Key Down;Espace;462686
Key Up;Z;467414
Key Up;Espace;467430
Key Down;F;468854
Key Up;F;468902
Key Down;Espace;469935
Key Up;Espace;471166
Key Down;Z;473775
Key Up;Z;474566
Key Down;Z;475238
Key Up;Z;475566
Key Down;X;476158
Key Up;X;476230
Key Down;S;478550
Key Up;S;479766
Key Down;Z;479990
Key Up;Z;480278
Key Down;X;482774
Key Up;X;485182
Key Down;Tab;490038
Key Up;Tab;490158
Key Down;Tab;491054
Key Up;Tab;491118
Key Down;Z;493214
Key Up;Z;496270
Key Down;F;496990
Key Up;F;497046
Key Down;Espace;497382
Key Up;Espace;498951
Key Down;Z;499830
Key Up;Z;501478
Key Down;Espace;501622
Key Up;Espace;501798
Key Down;Z;505638
Key Up;Z;506278
Key Down;Z;508438
Key Down;Espace;509350
Key Up;Espace;516582
Key Up;Z;516798
Key Down;Z;521782
Key Up;Z;524846
Key Down;Z;531662
Key Up;Z;531726
Key Down;Z;534718
Key Up;Z;537270
Key Down;Z;540910
Key Up;Z;542646
Key Down;Z;544870
Key Up;Z;548150
Key Down;Espace;548486
Key Up;Espace;548670
Key Down;Z;549926
Key Up;Z;554942
Key Down;Z;560318
Key Up;Z;563014
Key Down;Espace;563366
Key Up;Espace;563494
Key Down;Z;565342
Key Up;Z;570110
Key Down;Z;600365
Key Up;Z;600958
Key Down;Z;601958
Key Up;Z;602917
Key Down;Z;605429
Key Down;Espace;615405
Key Up;Espace;618406
Key Up;Z;619374
Key Down;Z;620461
Key Down;Espace;626269
Key Up;Espace;627990
Key Up;Z;628301
Key Down;Z;633949
Key Down;Espace;634349
Key Up;Espace;636478
Key Up;Z;636526
Key Down;Z;640221
Key Down;Espace;641541
Key Up;Espace;643398
Key Up;Z;643534
Key Down;Entrée;713782
Key Up;Entrée;713846
Key Down;Tab;731405
Key Up;Tab;731582
Key Down;Tab;738269
Key Up;Tab;738421
Key Down;Z;739029
Key Up;Z;746381
Key Down;F;747245
Key Up;F;747789
Key Down;F;748965
Key Down;Espace;749389
Key Up;F;749637
Key Up;Espace;751237
Key Down;Z;752077
Key Down;Espace;753134
Key Up;Espace;770013
Key Up;Z;770117
Key Down;Tab;777869
Key Up;Tab;777941
Key Down;Tab;785333
Key Up;Tab;785397
Key Down;Z;786669
Key Down;Espace;787189
Key Up;Espace;805157
Key Down;Espace;805261
Key Up;Espace;809941
Key Up;Z;810181
Key Down;NumPad 3;817013
Key Up;NumPad 3;817085
Key Down;NumPad 3;820021
Key Up;NumPad 3;820117
Key Down;NumPad 3;823836
Key Up;NumPad 3;824813
Key Down;Tab;839101
Key Up;Tab;839213
Key Down;Tab;847381
Key Up;Tab;847477
Key Down;Z;849597
Key Up;Z;850669
Key Down;Z;852101
Key Up;Z;856509
Key Down;Tab;859981
Key Up;Tab;860117
Key Down;Tab;869765
Key Up;Tab;869845
Key Down;Z;874740
Key Up;Z;874973
Key Down;X;876229
Key Up;X;876277
Key Down;Espace;886684
Key Up;Espace;886764
Key Down;Espace;886860
Key Up;Espace;886956
Key Down;Espace;887004
Key Up;Espace;887101
Key Down;Espace;887181
Key Up;Espace;887253
Key Down;Espace;887333
Key Up;Espace;887389
Key Down;Espace;887477
Key Up;Espace;887533
Key Down;Espace;887621
Key Up;Espace;887693
Key Down;Espace;887781
Key Up;Espace;887853
Key Down;Espace;887948
Key Up;Espace;888020
Key Down;Espace;888116
Key Up;Espace;888188
Key Down;X;891277
Key Up;X;891317
Key Down;Z;895285
Key Down;Espace;895668
Key Up;Espace;896909
Key Down;Espace;897637
Key Up;Z;898077
Key Down;Z;898892
Key Up;Espace;903252
Key Up;Z;903309
Key Down;Z;905061
Key Down;Espace;905556
Key Up;Espace;910260
Key Up;Z;910300
Key Down;X;919877
Key Up;X;919917
Key Down;Espace;929164
Key Up;Espace;929228
Key Down;Espace;929324
Key Up;Espace;929388
Key Down;Espace;929484
Key Up;Espace;929532
Key Down;Espace;929628
Key Up;Espace;929668
Key Down;Espace;929780
Key Up;Espace;929837
Key Down;Espace;929949
Key Up;Espace;929997
Key Down;Espace;930109
Key Up;Espace;930173
Key Down;Espace;930277
Key Up;Espace;930349
Key Down;Espace;930453
Key Up;Espace;930532
Key Down;Espace;930628
Key Up;Espace;930700
Key Down;Espace;930788
Key Up;Espace;930868
Key Down;Espace;930964
Key Up;Espace;931044
Key Down;F;934245
Key Down;Espace;934756
Key Up;Espace;937053
Key Up;F;937093
Key Down;Z;940141
Key Up;Z;940964
Key Down;X;946052
Key Up;X;946100
Key Down;Z;948781
Key Up;Z;949332
Key Down;Espace;949356
Key Up;Espace;949484
Key Down;Q;952205
Key Up;Q;953108
Key Down;Left Meta;954724
Key Up;Left Meta;955404
Key Down;Left Control;956188
Key Down;Z;957388
Key Up;Z;957805
Key Down;Q;958884
Key Up;Q;959173
Key Down;Z;959964
Key Up;Z;960244
Key Down;Z;960741
Key Up;Z;960885
Key Down;Z;961548
Key Up;Z;961692
Key Up;Left Control;971148
Key Down;D;973645
Key Up;D;973789
Key Down;Z;976597
Key Up;Z;976789
Key Down;Z;977564
Key Up;Z;978117
Key Down;Z;979205
Key Up;Z;979357
Key Down;X;984084
Key Up;X;984124
Key Down;X;986220
Key Up;X;986285
Key Down;X;988372
Key Up;X;988420
Key Down;X;990340
Key Up;X;990388
Key Down;Tab;991812
Key Up;Tab;991860
Key Down;Tab;995164
Key Up;Tab;995228
Key Down;Z;996052
Key Down;Espace;996908
Key Up;Espace;1000252
Key Up;Z;1000348
Key Down;Z;1000796
Key Up;Z;1002444
Key Down;X;1003924
Key Up;X;1003980
Key Down;C;1012508
Key Up;C;1016724
Key Down;X;1017892
Key Up;X;1017948
Key Down;NumPad 3;1021701
Key Up;NumPad 3;1022108
Key Down;NumPad 3;1022212
Key Up;NumPad 3;1022332
Key Down;NumPad 3;1022436
Key Up;NumPad 3;1022532
Key Down;NumPad 3;1023117
Key Up;NumPad 3;1023197
Key Down;NumPad 3;1023300
Key Up;NumPad 3;1023372
Key Down;NumPad 3;1023508
Key Up;NumPad 3;1023596
Key Down;NumPad 3;1023748
Key Up;NumPad 3;1023868
Key Down;NumPad 3;1023996
Key Up;NumPad 3;1024092
Key Down;NumPad 3;1024884
Key Up;NumPad 3;1024940
Key Down;NumPad 3;1027972
Key Up;NumPad 3;1028076
Key Down;NumPad 3;1028180
Key Up;NumPad 3;1028284
Key Down;NumPad 3;1029692
Key Up;NumPad 3;1029828
Key Down;NumPad 3;1031340
Key Up;NumPad 3;1031420
Key Down;NumPad 3;1031533
Key Up;NumPad 3;1031597
Key Down;NumPad 3;1031740
Key Up;NumPad 3;1031804
Key Down;NumPad 3;1031956
Key Up;NumPad 3;1032020
Key Down;NumPad 3;1032156
Key Up;NumPad 3;1032220
Key Down;NumPad 3;1032364
Key Up;NumPad 3;1032436
Key Down;NumPad 3;1032580
Key Up;NumPad 3;1032660
Key Down;NumPad 3;1032820
Key Up;NumPad 3;1032892
Key Down;NumPad 3;1033037
Key Up;NumPad 3;1033100
Key Down;NumPad 3;1033236
Key Up;NumPad 3;1033276
Key Down;NumPad 3;1033700
Key Up;NumPad 3;1033804
Key Down;NumPad 3;1033892
Key Up;NumPad 3;1033956
Key Down;NumPad 3;1034164
Key Up;NumPad 3;1034252
Key Down;NumPad 3;1034381
Key Up;NumPad 3;1034453
Key Down;NumPad 3;1034580
Key Up;NumPad 3;1034644
Key Down;NumPad 3;1034748
Key Up;NumPad 3;1034812
Key Down;NumPad 3;1034932
Key Up;NumPad 3;1035004
Key Down;NumPad 3;1035116
Key Up;NumPad 3;1035212
Key Down;NumPad 3;1035340
Key Up;NumPad 3;1035444
Key Down;NumPad 3;1035628
Key Up;NumPad 3;1035708
Key Down;NumPad 3;1035821
Key Up;NumPad 3;1035901
Key Down;NumPad 3;1036036
Key Up;NumPad 3;1036132
Key Down;NumPad 3;1036260
Key Up;NumPad 3;1036364
Key Down;NumPad 3;1036500
Key Up;NumPad 3;1036636
Key Down;NumPad 3;1036780
Key Up;NumPad 3;1036876
Key Down;NumPad 3;1036996
Key Up;NumPad 3;1037076
Key Down;NumPad 3;1037444
Key Up;NumPad 3;1037556
Key Down;NumPad 3;1037660
Key Up;NumPad 3;1037756
Key Down;NumPad 3;1037932
Key Up;NumPad 3;1037972
Key Down;NumPad 3;1051692
Key Up;NumPad 3;1051916
Key Down;NumPad 3;1052012
Key Up;NumPad 3;1052108
Key Down;NumPad 3;1052188
Key Up;NumPad 3;1052284
Key Down;NumPad 3;1052380
Key Up;NumPad 3;1052476
Key Down;NumPad 3;1052764
Key Up;NumPad 3;1052844
Key Down;NumPad 3;1052964
Key Up;NumPad 3;1053044
Key Down;NumPad 3;1053164
Key Up;NumPad 3;1053260
Key Down;NumPad 3;1053812
Key Up;NumPad 3;1053892
Key Down;NumPad 3;1054004
Key Up;NumPad 3;1054076
Key Down;NumPad 3;1054180
Key Up;NumPad 3;1054236
Key Down;NumPad 3;1054620
Key Up;NumPad 3;1054708
Key Down;NumPad 3;1054813
Key Up;NumPad 3;1054900
Key Down;NumPad 3;1055020
Key Up;NumPad 3;1055092
Key Down;NumPad 3;1055220
Key Up;NumPad 3;1055300
Key Down;NumPad 3;1055436
Key Up;NumPad 3;1055508
Key Down;NumPad 3;1055644
Key Up;NumPad 3;1055716
Key Down;NumPad 3;1055836
Key Up;NumPad 3;1055916
Key Down;NumPad 3;1056036
Key Up;NumPad 3;1056140
Key Down;NumPad 3;1056324
Key Up;NumPad 3;1056452
Key Down;Z;1068516
Key Down;Espace;1069700
Key Up;Espace;1072900
Key Up;Z;1072924
Key Down;Espace;1074532
Key Up;Espace;1074676
Key Down;Tab;1101532
Key Up;Tab;1101668
Key Down;Tab;1102748
Key Up;Tab;1102892
Key Down;Tab;1106828
Key Up;Tab;1106892
Key Down;Tab;1114868
Key Up;Tab;1114932
Key Down;Z;1115603
Key Down;D;1116636
Key Up;D;1116900
Key Down;Espace;1118356
Key Up;Espace;1119620
Key Up;Z;1119780
Key Down;Espace;1120236
Key Up;Espace;1120364
Key Down;Tab;1139652
Key Up;Tab;1139740
Key Down;Entrée;1145596
Key Up;Entrée;1145652
Key Down;Entrée;1148811
Key Up;Entrée;1148900
Key Down;Echap;1157636
Key Up;Echap;1157692
Key Down;Z;1160795
Key Down;Espace;1163811
Key Up;Espace;1167332
Key Up;Z;1167396
Key Down;Z;1168244
Key Down;Espace;1188596
Key Up;Espace;1189843
Key Down;Espace;1190100
Key Up;Z;1190164
Key Down;Z;1190204
Key Up;Espace;1190220
Key Up;Z;1193028
Key Down;Z;1193459
Key Up;Z;1198291
Key Down;Z;1199427
Key Up;Z;1199651
Key Down;Z;1219387
Key Down;Espace;1222548
Key Up;Espace;1223155
Key Up;Z;1229843
Key Down;Z;1230291
Key Up;Z;1230939
Key Down;Z;1237900
Key Up;Z;1246771
Key Down;Z;1248428
Key Up;Z;1254083
Key Down;Z;1256219
Key Up;Z;1258716
Key Down;Z;1259460
Key Up;Z;1264971
Key Down;Z;1270371
Key Down;Espace;1271955
Key Up;Espace;1272027
Key Up;Z;1272740
Key Down;Espace;1273307
Key Up;Espace;1274723
Key Down;Z;1274755
Key Up;Z;1277036
Key Down;Z;1279059
Key Up;Z;1280347
Key Down;X;1280876
Key Up;X;1280947
Key Down;Z;1282620
Key Down;F;1284643
Key Up;F;1285195
Key Up;Z;1285500
Key Down;Z;1290347
Key Up;Z;1292492
Key Down;F;1296947
Key Up;F;1299323
Key Down;Z;1300827
Key Up;Z;1301435
Key Down;Z;1302475
Key Down;Espace;1307235
Key Up;Espace;1307403
Key Up;Z;1308323
Key Down;Z;1308451
Key Up;Z;1309020
Key Down;Z;1309187
Key Up;Z;1310251
Key Down;Z;1313619
Key Up;Z;1317763
Key Down;Espace;1318739
Key Up;Espace;1318867
Key Down;Z;1320723
Key Up;Z;1321491
Key Down;Z;1322667
Key Down;Espace;1323603
Key Up;Espace;1324683
Key Up;Z;1324747
Key Down;Z;1325515
Key Up;Z;1326131
Key Down;Z;1327667
Key Up;Z;1328835
Key Down;Z;1330475
Key Down;Espace;1331275
Key Up;Espace;1332651
Key Up;Z;1332691
Key Down;Espace;1333003
Key Up;Espace;1333179
Key Down;Z;1334139
Key Up;Z;1334475
Key Down;Z;1335219
Key Up;Z;1336171
Key Down;Z;1336827
Key Up;Z;1337275
Key Down;Espace;1337555
Key Up;Espace;1337675
Key Down;Z;1340835
Key Up;Z;1341331
Key Down;Z;1341779
Key Up;Z;1343235
Key Down;Z;1348315
Key Up;Z;1350283
Key Down;Z;1353803
Key Up;Z;1355523
Key Down;Z;1360971
Key Down;Espace;1361723
Key Up;Espace;1363011
Key Up;Z;1363163
Key Down;Espace;1363179
Key Up;Espace;1363379
Key Down;Z;1365387
Key Up;Z;1365739
Key Down;Z;1366347
Key Up;Z;1366739
Key Down;Z;1367218
Key Up;Z;1367467
Key Down;Z;1368467
Key Up;Z;1368811
Key Down;Espace;1369363
Key Up;Espace;1369547
Key Down;Z;1374139
Key Up;Z;1374219
Key Down;Z;1374651
Key Up;Z;1375075
Key Down;Z;1376787
Key Up;Z;1377291
Key Down;Z;1378003
Key Up;Z;1378539
Key Down;Z;1379667
Key Up;Z;1380051
Key Down;Espace;1380235
Key Up;Espace;1380507
Key Down;Z;1385019
Key Down;Espace;1385515
Key Up;Z;1385603
Key Up;Espace;1385835
Key Down;Z;1385851
Key Up;Z;1386067
Key Down;Z;1389579
Key Up;Z;1390283
Key Down;Z;1391099
Key Down;Espace;1391779
Key Up;Espace;1392907
Key Up;Z;1393043
Key Down;Espace;1393379
Key Up;Espace;1393562
Key Down;Z;1394779
Key Up;Z;1396586
Key Down;Z;1400299
Key Down;Espace;1402443
Key Up;Espace;1403235
Key Up;Z;1403299
Key Down;Z;1404450
Key Down;Espace;1405275
Key Up;Espace;1406699
Key Up;Z;1408018
Key Down;Z;1408491
Key Down;Espace;1409091
Key Up;Espace;1410051
Key Up;Z;1410131
Key Down;Z;1410554
Key Down;Espace;1411123
Key Up;Espace;1412459
Key Up;Z;1412571
Key Down;Espace;1412819
Key Up;Espace;1413035
Key Down;Z;1413626
Key Up;Z;1419443
Key Down;Z;1421370
Key Up;Z;1425786
Key Down;Z;1426643
Key Down;Espace;1427571
Key Up;Espace;1428963
Key Up;Z;1429035
Key Down;Z;1429787
Key Down;Espace;1430130
Key Up;Espace;1431971
Key Up;Z;1432107
Key Down;Espace;1432195
Key Down;Z;1432203
Key Up;Espace;1433010
Key Up;Z;1433315
Key Down;Espace;1433411
Key Down;Z;1433427
Key Up;Z;1433539
Key Up;Espace;1433595
Key Down;Z;1434091
Key Down;Espace;1434787
Key Up;Espace;1436107
Key Up;Z;1436259
Key Down;Espace;1436371
Key Up;Espace;1436499
Key Down;Espace;1437083
Key Up;Espace;1437283
Key Down;Z;1442611
Key Down;Espace;1443530
Key Up;Espace;1444723
Key Up;Z;1444826
Key Down;Z;1446738
Key Up;Z;1455227
Key Down;Z;1457251
Key Down;Espace;1458146
Key Up;Espace;1459386
Key Up;Z;1459482
Key Down;Espace;1459874
Key Up;Espace;1460099
Key Down;Z;1461339
Key Up;Z;1462130
Key Down;Z;1465947
Key Up;Z;1467075
Key Down;Z;1476986
Key Down;Espace;1477739
Key Up;Espace;1480346
Key Up;Z;1480418
Key Down;Z;1480819
Key Down;Espace;1481258
Key Up;Espace;1481778
Key Up;Z;1481826
Key Down;F;1482762
Key Up;F;1482818
Key Down;F;1482898
Key Up;F;1482970
Key Down;F;1483034
Key Up;F;1483114
Key Down;F;1483162
Key Up;F;1483258
Key Down;F;1483331
Key Up;F;1483443
Key Down;F;1483539
Key Up;F;1483643
Key Down;F;1483739
Key Up;F;1483843
Key Down;F;1483939
Key Up;F;1484050
Key Down;F;1484154
Key Up;F;1484258
Key Down;F;1484370
Key Up;F;1484490
Key Down;F;1484626
Key Up;F;1484755
Key Down;Z;1493050
Key Down;Espace;1493523
Key Up;Espace;1494835
Key Up;Z;1494955
Key Down;Espace;1495075
Key Up;Espace;1495338
Key Down;Espace;1495826
Key Up;Espace;1495866
Key Down;Z;1496611
Key Up;Z;1497467
Key Down;Z;1501298
Key Up;Z;1502019
Key Down;Z;1503010
Key Up;Z;1503227
Key Down;Z;1507771
Key Down;Espace;1508546
Key Up;Espace;1514443
Key Up;Z;1514683
Key Down;Espace;1514723
Key Up;Espace;1514891
Key Down;Z;1518482
Key Down;Espace;1522818
Key Up;Espace;1527594
Key Up;Z;1527826
Key Down;Z;1528363
Key Up;Z;1529226
Key Down;Z;1529978
Key Down;Espace;1530883
Key Up;Espace;1532483
Key Up;Z;1532922
Key Down;Z;1533594
Key Up;Z;1536242
Key Down;Z;1537283
Key Up;Z;1537722
Key Down;Z;1553338
Key Down;Espace;1553858
Key Up;Espace;1555194
Key Up;Z;1555266
Key Down;Z;1555627
Key Up;Z;1555890
Key Down;Espace;1556234
Key Up;Espace;1556378
Key Down;Z;1561138
Key Up;Z;1564571
Key Down;Z;1566554
Key Up;Z;1575378
Key Down;Tab;1580258
Key Up;Tab;1580410
Key Down;Tab;1590682
Key Up;Tab;1590810
Key Down;Z;1593266
Key Down;Espace;1594250
Key Up;Espace;1596202
Key Down;Espace;1596322
Key Up;Espace;1600770
Key Up;Z;1600946
Key Down;Z;1603370
Key Up;Z;1606330
Key Down;Z;1606490
Key Up;Z;1607370
Key Down;Z;1609402
Key Up;Z;1609874
Key Down;Z;1613050
Key Up;Z;1616658
Key Down;NumPad 3;1617130
Key Up;NumPad 3;1617282
Key Down;NumPad 3;1617346
Key Up;NumPad 3;1617402
Key Down;NumPad 3;1617514
Key Up;NumPad 3;1617610
Key Down;NumPad 3;1617722
Key Up;NumPad 3;1617770
Key Down;NumPad 3;1617890
Key Up;NumPad 3;1617970
Key Down;NumPad 3;1618082
Key Up;NumPad 3;1618154
Key Down;NumPad 3;1618258
Key Up;NumPad 3;1618330
Key Down;NumPad 3;1618434
Key Up;NumPad 3;1618506
Key Down;NumPad 3;1618626
Key Up;NumPad 3;1618706
Key Down;NumPad 3;1618810
Key Up;NumPad 3;1618898
Key Down;NumPad 3;1619010
Key Up;NumPad 3;1619082
Key Down;NumPad 3;1619218
Key Up;NumPad 3;1619314
Key Down;NumPad 3;1619434
Key Up;NumPad 3;1619506
Key Down;NumPad 3;1619634
Key Up;NumPad 3;1619698
Key Down;NumPad 3;1619850
Key Up;NumPad 3;1619946
Key Down;NumPad 3;1620154
Key Up;NumPad 3;1620218
Key Down;NumPad 3;1620474
Key Up;NumPad 3;1620562
Key Down;NumPad 3;1620698
Key Up;NumPad 3;1620762
Key Down;NumPad 3;1620890
Key Up;NumPad 3;1620946
Key Down;Z;1621754
Key Down;Espace;1622578
Key Up;Espace;1624594
Key Down;Espace;1624778
Key Up;Espace;1625050
Key Up;Z;1625058
Key Down;Z;1639466
Key Up;Z;1646178
Key Down;Z;1647426
Key Up;Z;1650330
Key Down;F;1651786
Key Down;Espace;1652858
Key Up;F;1655113
Key Up;Espace;1655137
Key Down;Q;1660642
Key Up;Q;1661378
Key Down;Q;1662690
Key Up;Q;1663026
Key Down;D;1664266
Key Down;Z;1664754
Key Up;D;1664778
Key Up;Z;1665650
Key Down;Z;1666162
Key Up;Z;1667001
Key Down;Z;1668746
Key Up;Z;1669378
Key Down;Z;1670082
Key Up;Z;1670234
Key Down;Z;1670890
Key Up;Z;1671002
Key Down;Z;1671514
Key Up;Z;1671658
Key Down;Espace;1672098
Key Up;Espace;1672114
Key Down;Left Control;1675786
Key Down;Z;1679658
Key Up;Z;1679858
Key Down;Z;1680474
Key Up;Z;1680698
Key Down;Z;1681530
Key Up;Z;1681730
Key Down;Z;1682578
Key Up;Z;1682826
Key Up;Left Control;1690634
Key Down;D;1696706
Key Down;Z;1697673
Key Up;D;1697705
Key Up;Z;1698082
Key Down;Z;1702937
Key Down;Espace;1707129
Key Up;Espace;1707361
Key Down;Espace;1708450
Key Up;Espace;1708657
Key Up;Z;1713097
Key Down;Q;1714265
Key Up;Q;1714754
Key Down;Z;1714770
Key Down;Q;1716226
Key Up;Q;1716498
Key Down;Espace;1717065
Key Up;Espace;1724554
Key Up;Z;1725257
Key Down;Z;1727098
Key Up;Z;1727210
Key Down;F;1730282
Key Down;Espace;1730585
Key Up;F;1733090
Key Up;Espace;1733201
Key Down;X;1735778
Key Up;X;1735826
Key Down;D;1738570
Key Up;D;1739009
Key Down;D;1739890
Key Up;D;1740882
Key Down;Z;1740898
Key Down;D;1741609
Key Up;Z;1741713
Key Down;Z;1741913
Key Up;D;1741961
Key Up;Z;1742562
Key Down;D;1743434
Key Down;Z;1743578
Key Up;D;1743866
Key Up;Z;1744106
Key Down;Z;1744545
Key Up;Z;1744673
Key Down;D;1745242
Key Up;D;1745562
Key Down;Z;1746802
Key Up;Z;1746842
Key Down;X;1748034
Key Up;X;1748066
Key Down;Z;1748914
Key Up;Z;1749034
Key Down;Left Control;1752018
Key Down;Z;1752825
Key Up;Z;1753354
Key Down;Z;1754113
Key Up;Z;1754345
Key Down;Z;1754794
Key Up;Z;1754866
Key Down;Z;1755986
Key Up;Z;1756442
Key Up;Left Control;1761169
Key Down;D;1770761
Key Up;D;1772241
Key Down;Z;1772577
Key Up;Z;1773106
Key Down;D;1777322
Key Up;D;1777570
Key Down;Z;1778042
Key Up;Z;1778362
Key Down;Z;1779722
Key Up;Z;1780025
Key Down;Z;1781849
Key Up;Z;1783201
Key Down;Z;1783802
Key Up;Z;1784937
Key Down;Z;1785498
Key Up;Z;1785634
Key Down;Z;1803873
Key Down;Espace;1805369
Key Up;Espace;1805441
Key Up;Z;1805978
Key Down;Z;1818689
Key Up;Z;1818849
Key Down;Tab;1839322
Key Up;Tab;1839449
Key Down;Tab;1846266
Key Up;Tab;1846362
Key Down;D;1847281
Key Up;D;1847449
Key Down;D;1848449
Key Up;D;1849425
Key Down;Z;1849841
Key Up;Z;1849953
Key Down;Tab;1853385
Key Up;Tab;1853457
Key Down;Tab;1863449
Key Up;Tab;1863561
Key Down;Z;1866609
Key Up;Z;1868298
Key Down;Tab;1869177
Key Up;Tab;1869257
Key Down;Echap;1872929
Key Up;Echap;1873001
Key Down;Z;1873970
Key Down;Espace;1874257
Key Up;Espace;1883561
Key Up;Z;1883609
Key Down;Z;1884730
Key Up;Z;1885041
Key Down;Z;1899569
Key Up;Z;1900217
Key Down;Z;1921512
Key Up;Z;1923729
Key Down;Z;1924377
Key Down;D;1925273
Key Up;D;1925625
Key Up;Z;1926601
Key Down;D;1927329
Key Down;Z;1927809
Key Up;D;1927857
Key Up;Z;1928769
Key Down;Z;1929920
Key Down;Q;1930209
Key Up;Q;1930457
Key Up;Z;1933625
Key Down;Q;1935273
Key Up;Q;1935777
Key Down;Z;1936513
Key Up;Z;1937097
Key Down;Z;1941009
Key Up;Z;1941217
Key Down;Z;1943312
Key Up;Z;1945969
Key Down;Z;1947633
Key Up;Z;1949377
Key Down;Z;1950377
Key Up;Z;1953305
Key Down;X;1954416
Key Up;X;1954472
Key Down;F;1961833
Key Up;F;1962553
Key Down;Espace;1963473
Key Up;Espace;1964448
Key Down;Z;1966321
Key Up;Z;1967481
Key Down;X;1969601
Key Up;X;1969681
Key Down;D;1971809
Key Up;D;1972025
Key Down;S;1972105
Key Up;S;1972353
Key Down;D;1972553
Key Up;D;1972993
Key Down;Left Meta;1973945
Key Down;D;1975001
Key Up;D;1975584
Key Down;Z;1975704
Key Up;Z;1976201
Key Up;Left Meta;1976265
Key Down;Left Control;1977104
Key Down;Z;1978169
Key Up;Z;1979137
Key Up;Left Control;1986473
Key Down;Z;1989377
Key Down;D;1989721
Key Up;Z;1989817
Key Down;Z;1990632
Key Up;Z;1990833
Key Up;D;1992913
Key Down;Z;1997353
Key Up;Z;1997817
Key Down;Z;1998881
Key Up;Z;2000609
Key Down;Z;2001448
Key Up;Z;2005272
Key Down;F;2010737
Key Down;Espace;2011297
Key Up;F;2014529
Key Up;Espace;2014577
Key Down;Z;2016721
Key Down;Left Control;2018705
Key Up;Z;2024241
Key Up;Left Control;2024249
Key Down;Z;2034089
Key Up;Z;2035241
Key Down;X;2037825
Key Up;X;2037873
Key Down;Z;2042393
Key Up;Z;2044192
Key Down;Espace;2044592
Key Up;Espace;2044761
Key Down;Q;2050297
Key Down;Z;2050800
Key Up;Q;2050808
Key Down;Espace;2051297
Key Up;Espace;2057713
Key Down;Espace;2057904
Key Up;Espace;2060553
Key Up;Z;2060672
Key Down;Z;2066504
Key Down;Espace;2067577
Key Up;Espace;2067992
Key Up;Z;2068256
Key Down;Left Control;2070760
Key Down;Z;2071345
Key Up;Z;2078064
Key Down;Z;2078136
Key Up;Left Control;2078152
Key Up;Z;2079008
Key Down;Z;2079560
Key Up;Z;2080752
Key Down;F;2081177
Key Up;F;2081297
Key Down;Espace;2081609
Key Up;Espace;2084065
Key Down;F;2091665
Key Down;Espace;2091977
Key Up;F;2095048
Key Up;Espace;2095080
Key Down;Z;2096161
Key Up;Z;2098440
Key Down;Z;2099696
Key Up;Z;2099872
Key Down;X;2118096
Key Up;X;2118144
Key Down;Z;2136448
Key Up;Z;2139280
Key Down;Z;2139656
Key Down;Espace;2139944
Key Up;Espace;2141456
Key Up;Z;2143673
Key Down;Left Control;2145256
Key Up;Left Control;2147664
Key Down;Echap;2159224
Key Up;Echap;2159288
Key Down;Left Alt;2169944
Key Down;Tab;2170056
Key Up;Left Alt;2170208
Key Up;Tab;2170209
