Event;Key;Time
Key Down;Echap;3392
Key Up;Echap;3472
Key Down;Z;4137
Key Up;Z;5160
Key Down;Q;14177
Key Down;Z;14201
Key Up;Q;14608
Key Up;Z;14856
Key Down;S;15120
Key Down;D;15249
Key Up;D;15601
Key Down;A;15968
Key Up;A;16096
Key Down;Q;16368
Key Up;Q;16969
Key Down;Q;17976
Key Up;Q;18169
Key Down;D;18313
Key Up;D;18536
Key Down;D;19216
Key Up;S;19256
Key Down;S;19336
Key Up;D;19473
Key Down;D;19625
Key Up;S;19872
Key Down;Z;20672
Key Down;A;20824
Key Up;A;20945
Key Up;Z;21121
Key Up;D;21233
Key Down;D;21816
Key Down;Z;22337
Key Up;Z;22617
Key Up;D;22832
Key Down;Z;23304
Key Down;A;23576
Key Up;A;23664
Key Up;Z;23729
Key Down;S;24960
Key Down;Q;24992
Key Up;Q;25545
Key Up;S;25608
Key Down;A;26000
Key Up;A;26096
Key Down;Z;26328
Key Down;D;26336
Key Up;D;26504
Key Up;Z;26633
Key Down;D;26897
Key Down;Z;27384
Key Up;D;27400
Key Up;Z;27544
Key Down;Z;28113
Key Down;Q;28528
Key Up;Z;28944
Key Up;Q;29553
Key Down;A;29752
Key Up;A;29856
Key Down;Q;30376
Key Up;Q;31160
Key Down;D;31176
Key Up;D;31664
Key Down;S;32680
Key Down;A;33040
Key Up;S;33056
Key Up;A;33128
Key Down;Echap;34712
Key Up;Echap;34840
Key Down;Left Control;48961
Key Up;Left Control;49857
Key Down;Left Control;50832
Key Down;Left Shift;51568
Key Up;Left Control;53145
Key Up;Left Shift;53353
Key Down;Z;53409
Key Down;Q;53616
Key Down;Left Shift;54040
Key Down;Left Control;54128
Key Up;Left Control;54480
Key Up;Left Shift;54529
Key Up;Q;54545
Key Down;D;54665
Key Up;D;54912
Key Down;Q;55792
Key Up;Q;56145
Key Down;D;56512
Key Up;Z;56752
Key Down;Q;57384
Key Up;D;57416
Key Up;Q;57553
Key Down;Q;57896
Key Up;Q;58080
Key Down;Z;59089
Key Up;Z;59192
Key Down;D;59216
Key Down;A;59425
Key Up;A;59513
Key Up;D;59569
Key Down;Q;60192
Key Down;Z;60265
Key Up;Q;60432
Key Up;Z;60440
Key Down;D;60576
Key Up;D;60640
Key Down;D;60968
Key Down;S;61168
Key Up;S;61457
Key Up;D;61561
Key Down;A;61768
Key Up;A;61881
Key Down;Q;62256
Key Down;Z;62401
Key Up;Q;62504
Key Up;Z;62584
Key Down;D;62640
Key Up;D;62744
Key Down;A;64329
Key Up;A;64417
Key Down;D;66920
Key Down;Z;67880
Key Up;D;68280
Key Down;Q;68688
Key Up;Z;68865
Key Up;Q;69008
Key Down;Q;73264
Key Down;Z;74593
Key Up;Q;74784
Key Up;Z;74953
Key Down;Q;75096
Key Up;Q;75217
Key Down;Q;76368
Key Down;Z;78352
Key Up;Q;78361
Key Down;D;78432
Key Up;Z;78464
Key Down;S;78696
Key Up;D;78768
Key Up;S;78976
Key Down;D;79097
Key Down;Z;79552
Key Up;D;79696
Key Up;Z;80040
Key Down;A;80112
Key Up;A;80216
Key Down;Q;80424
Key Down;S;80937
Key Up;S;81120
Key Up;Q;81400
Key Down;D;81496
Key Up;D;81704
Key Down;Z;82273
Key Down;Q;82768
Key Up;Z;82840
Key Down;Z;83008
Key Up;Q;83168
Key Down;Q;83417
Key Up;Z;83657
Key Down;S;83896
Key Up;Q;83960
Key Up;S;84080
Key Down;A;84096
Key Up;A;84184
Key Down;Q;84688
Key Down;S;85032
Key Up;S;85272
Key Up;Q;85752
Key Down;Q;86176
Key Down;S;86296
Key Up;S;86472
Key Down;Z;86968
Key Up;Q;87488
Key Down;D;87832
Key Up;D;87952
Key Down;Q;88617
Key Up;Q;88760
Key Down;D;89520
Key Up;D;90568
Key Down;Q;91993
Key Up;Q;92320
Key Down;A;92496
Key Up;A;92584
Key Down;Q;92713
Key Up;Z;92745
Key Down;S;93449
Key Up;S;93840
Key Down;Z;95792
Key Up;Z;95968
Key Up;Q;96104
Key Down;Q;96480
Key Down;S;96880
Key Up;Q;97016
Key Up;S;97249
Key Down;A;97273
Key Up;A;97376
Key Down;D;97992
Key Down;Z;98064
Key Up;Z;98568
Key Down;Z;99464
Key Up;Z;99800
Key Down;S;100520
Key Down;A;101169
Key Up;D;101177
Key Up;A;101273
Key Up;S;101568
Key Down;Q;101600
Key Down;Z;101792
Key Up;Q;101825
Key Up;Z;101897
Key Down;Q;102120
Key Down;Z;102136
Key Up;Z;102896
Key Down;S;104672
Key Up;Q;104968
Key Up;S;105289
Key Down;A;105448
Key Up;A;105552
Key Down;S;106160
Key Down;D;106784
Key Up;D;107041
Key Up;S;107120
Key Down;Z;108320
Key Down;Q;108368
Key Up;Q;109072
Key Up;Z;109232
Key Down;Z;109601
Key Down;D;110216
Key Down;A;110528
Key Up;A;110624
Key Up;Z;110720
Key Down;S;112624
Key Up;S;112888
Key Down;S;113392
Key Up;D;113712
Key Down;D;114056
Key Up;D;114289
Key Down;A;114377
Key Up;A;114456
Key Down;Q;114696
Key Up;Q;114712
Key Up;S;114808
Key Down;D;114824
Key Down;S;114920
Key Up;D;114968
Key Down;Q;116200
Key Up;S;116640
Key Up;Q;117000
Key Down;S;117336
Key Down;A;117936
Key Up;A;118040
Key Up;S;118096
Key Down;Q;118648
Key Up;Q;118832
Key Down;Z;118840
Key Up;Z;118944
Key Down;S;119200
Key Down;D;119256
Key Up;D;119400
Key Down;Q;119784
Key Up;S;120056
Key Up;Q;120560
Key Down;A;120784
Key Up;A;120928
Key Down;Z;121056
Key Up;Z;121384
Key Down;S;121656
Key Down;Q;121768
Key Up;S;122032
Key Down;Z;122488
Key Up;Q;123736
Key Down;D;123968
Key Up;D;124536
Key Down;D;124792
Key Up;Z;125744
Key Up;D;127824
Key Down;Z;128096
Key Up;Z;128488
Key Down;Z;128807
Key Down;Q;128841
Key Up;Z;129024
Key Down;D;129072
Key Up;Q;129176
Key Down;Q;129216
Key Up;D;129240
Key Up;Q;129280
Key Down;D;129520
Key Down;Z;129608
Key Up;D;130088
Key Down;Q;130217
Key Up;Q;130320
Key Down;A;130576
Key Up;A;130680
Key Up;Z;130824
Key Down;Q;130848
Key Down;S;131208
Key Up;Q;131600
Key Up;S;131712
Key Down;Q;131784
Key Up;Q;132136
Key Down;D;133416
Key Up;D;133640
Key Down;Q;134960
Key Down;Z;135080
Key Up;Z;135208
Key Up;Q;135424
Key Down;A;135616
Key Up;A;135720
Key Down;S;136152
Key Up;S;136600
Key Down;D;138472
Key Down;S;138760
Key Up;D;138944
Key Down;D;138992
Key Up;D;139944
Key Down;A;141471
Key Up;A;141592
Key Down;Q;142112
Key Up;S;142168
Key Down;Z;142400
Key Up;Q;142456
Key Down;Q;142784
Key Up;Z;143280
Key Up;Q;143304
Key Down;S;144488
Key Down;A;145168
Key Up;A;145296
Key Down;Q;145488
Key Up;S;145504
Key Up;Q;145616
Key Down;Z;146600
Key Down;Q;146736
Key Up;Z;146880
Key Up;Q;147856
Key Down;S;147920
Key Up;S;148296
Key Down;S;148904
Key Down;Q;149008
Key Up;Q;149128
Key Up;S;149136
Key Down;Q;149496
Key Up;Q;149696
Key Down;Q;149736
Key Down;Z;150296
Key Up;Q;150424
Key Down;A;150560
Key Up;A;150648
Key Up;Z;150920
Key Down;D;151096
Key Down;S;151184
Key Up;D;151383
Key Up;S;151512
Key Down;Q;154704
Key Down;Z;154920
Key Up;Q;155216
Key Down;A;155632
Key Up;A;155744
Key Up;Z;155776
Key Down;D;155856
Key Down;Z;155928
Key Up;D;156552
Key Down;D;157200
Key Down;A;157616
Key Up;A;157696
Key Up;D;157752
Key Up;Z;157776
Key Down;Q;160168
Key Down;Z;160432
Key Up;Z;160648
Key Down;Z;160920
Key Up;Z;162256
Key Down;S;162480
Key Up;Q;162528
Key Up;S;162664
Key Down;A;163048
Key Up;A;163144
Key Down;Q;163344
Key Down;S;163536
Key Up;S;163840
Key Down;S;164184
Key Up;S;164304
Key Down;Z;164608
Key Up;Q;164928
Key Down;Q;166256
Key Up;Z;166352
Key Up;Q;166584
Key Down;D;167480
Key Up;D;167608
Key Down;A;167680
Key Up;A;167784
Key Down;S;169704
Key Up;S;169880
Key Down;Q;170184
Key Down;Z;170343
Key Up;Q;170440
Key Down;E;170480
Key Up;Z;170488
Key Up;E;170552
Key Down;A;170832
Key Up;A;170928
Key Down;D;171024
Key Down;Z;171120
Key Up;D;171184
Key Up;Z;171264
Key Down;S;172136
Key Down;Q;172240
Key Up;Q;172448
Key Up;S;172592
Key Down;A;172728
Key Up;A;172816
Key Down;D;173128
Key Up;D;173287
Key Down;D;173360
Key Down;Z;173480
Key Up;D;173703
Key Down;Q;174047
Key Up;Z;174063
Key Down;S;174408
Key Up;S;175216
Key Down;Z;177207
Key Up;Z;177400
Key Up;Q;177584
Key Down;Q;177984
Key Down;S;178255
Key Up;Q;178528
Key Down;Q;178656
Key Up;Q;178784
Key Up;S;179096
Key Down;A;179256
Key Up;A;179352
Key Down;Z;180536
Key Up;Z;180984
Key Down;Q;181368
Key Down;Z;181392
Key Up;Q;181680
Key Up;Z;181736
Key Down;Q;182312
Key Up;Q;182376
Key Down;A;184024
Key Up;A;184136
Key Down;S;186280
Key Down;Q;186360
Key Up;S;186608
Key Down;S;188504
Key Up;S;189224
Key Down;Z;190184
Key Up;Q;191000
Key Down;A;191680
Key Up;A;191800
Key Down;D;192056
Key Up;Z;192159
Key Down;Z;192440
Key Up;Z;192712
Key Down;S;192976
Key Up;S;193248
Key Down;A;194272
Key Up;A;194360
Key Down;S;194712
Key Up;D;194768
Key Down;Q;195040
Key Up;S;195208
Key Down;S;195832
Key Up;Q;195896
Key Down;D;195952
Key Up;S;196016
Key Down;S;196560
Key Up;S;196656
Key Down;Z;197952
Key Up;Z;198448
Key Down;Z;199632
Key Up;Z;199920
Key Down;Z;200256
Key Up;Z;200712
Key Down;S;201919
Key Up;S;202176
Key Up;D;202328
Key Down;A;202528
Key Up;A;202647
Key Down;D;202856
Key Up;D;203328
Key Down;D;203480
Key Down;Z;203560
Key Up;D;203736
Key Down;D;204176
Key Up;D;204640
Key Up;Z;204848
Key Down;Q;205135
Key Down;Z;205544
Key Up;Q;205728
Key Down;D;205951
Key Down;A;205967
Key Up;A;206072
Key Up;Z;206376
Key Down;S;206704
Key Up;D;206744
Key Down;Q;207247
Key Up;S;207967
Key Down;Z;208120
Key Up;Q;208184
Key Down;D;208408
Key Up;Z;208791
Key Up;D;208935
Key Down;A;210392
Key Up;A;210504
Key Down;D;210592
Key Down;S;210816
Key Up;S;210983
Key Up;D;211032
Key Down;Q;211216
Key Down;S;211512
Key Up;Q;211728
Key Up;S;211816
Key Down;Z;211944
Key Down;Q;212152
Key Up;Q;212320
Key Down;A;213776
Key Up;Z;213824
Key Up;A;213856
Key Down;S;214080
Key Down;D;215223
Key Up;S;215408
Key Down;S;215559
Key Up;S;215863
Key Down;Z;216064
Key Up;D;216592
Key Down;D;217032
Key Up;D;217168
Key Down;D;217743
Key Up;Z;217856
Key Up;D;218848
Key Down;Z;222392
Key Down;D;222400
Key Up;Z;222712
Key Up;D;222816
Key Down;D;223960
Key Down;Z;223992
Key Up;Z;224183
Key Up;D;224296
Key Down;A;224408
Key Up;A;224520
Key Down;S;225224
Key Down;D;225312
Key Up;S;226504
Key Up;D;226512
Key Down;S;226712
Key Down;Q;226856
Key Up;Q;227632
Key Down;D;229120
Key Up;S;229136
Key Up;D;229168
Key Down;D;229192
Key Down;Z;229280
Key Up;D;229360
Key Down;D;229416
Key Up;Z;229552
Key Up;D;229719
Key Down;Q;229767
Key Down;Z;229856
Key Up;Z;229992
Key Down;Z;230160
Key Up;Q;230328
Key Up;Z;230488
Key Down;Z;230752
Key Down;D;230808
Key Up;D;230984
Key Up;Z;231016
Key Down;A;231480
Key Up;A;231583
Key Down;S;231800
Key Down;D;232208
Key Up;S;232288
Key Up;D;233328
Key Down;Q;233560
Key Up;Q;233720
Key Down;D;234247
Key Down;S;234776
Key Up;D;235047
Key Down;A;235063
Key Up;A;235223
Key Down;D;235416
Key Up;D;235528
Key Down;Q;237128
Key Up;Q;237296
Key Down;D;237904
Key Down;A;238264
Key Up;S;238296
Key Up;D;238320
Key Up;A;238360
Key Down;D;238559
Key Down;S;238776
Key Up;D;238920
Key Up;S;238936
Key Down;Q;239048
Key Up;Q;239232
Key Down;A;240688
Key Up;A;240816
Key Down;Z;242768
Key Down;Q;242776
Key Up;Q;243160
Key Up;Z;243712
Key Down;A;244416
Key Up;A;244520
Key Down;D;246048
Key Down;S;246208
Key Up;S;246791
Key Up;D;249511
Key Down;Q;249791
Key Down;Z;249807
Key Up;Q;249920
Key Down;D;249992
Key Up;Z;250176
Key Up;D;250360
Key Down;Q;250496
Key Up;Q;250528
Key Down;Q;250728
Key Down;S;250927
Key Up;Q;251104
Key Down;D;251264
Key Up;D;251383
Key Up;S;251504
Key Down;Z;252095
Key Down;D;252304
Key Up;Z;252624
Key Up;D;252832
Key Down;Q;253288
Key Down;S;253528
Key Up;Q;253728
Key Up;S;253824
Key Down;A;253943
Key Up;A;254047
Key Down;S;254224
Key Down;D;254240
Key Up;S;254703
Key Down;S;254903
Key Up;D;255016
Key Down;D;255176
Key Up;S;255400
Key Down;Z;255960
Key Up;D;257344
Key Down;A;257872
Key Up;A;257935
Key Up;Z;258032
Key Down;S;258223
Key Down;Q;258487
Key Up;S;258704
Key Up;Q;258807
Key Down;D;258863
Key Down;Z;258919
Key Up;D;259120
Key Up;Z;259256
Key Down;E;259264
Key Up;E;259344
Key Down;Q;259583
Key Up;Q;259719
Key Down;Q;259912
Key Up;Q;259967
Key Down;S;260000
Key Down;Q;261007
Key Up;Q;261064
Key Down;D;261248
Key Up;S;261312
Key Down;S;261536
Key Up;D;261576
Key Down;Q;261944
Key Up;Q;262048
Key Up;S;262632
Key Down;Q;262704
Key Down;S;262951
Key Up;Q;263135
Key Up;S;263207
Key Down;S;264288
Key Down;D;264495
Key Up;S;264600
Key Up;D;264784
Key Down;Tab;265608
Key Up;Tab;267567
Key Down;Q;268064
Key Down;S;269311
Key Up;Q;269984
Key Down;Q;270184
Key Up;S;270959
Key Up;Q;271496
Key Down;A;271608
Key Up;A;271704
Key Down;Q;271864
Key Down;Z;272799
Key Up;Z;273224
Key Down;S;273527
Key Up;Q;273688
Key Down;Q;273808
Key Up;Q;273832
Key Up;S;273896
Key Down;D;273968
Key Down;S;274048
Key Up;S;274384
Key Down;Z;274656
Key Up;D;275039
Key Down;A;275079
Key Up;A;275191
Key Down;D;275312
Key Up;D;275567
Key Down;Q;276024
Key Up;Z;277919
Key Down;Z;278600
Key Up;Z;278991
Key Up;Q;279224
Key Down;A;279375
Key Up;A;279480
Key Down;D;280136
Key Up;D;280304
Key Down;Q;281208
Key Down;S;281487
Key Up;Q;281751
Key Up;S;281783
Key Down;D;282024
Key Down;Z;282159
Key Up;D;282368
Key Up;Z;282423
Key Down;A;282943
Key Up;A;283072
Key Down;S;283591
Key Up;S;284128
Key Down;Q;285400
Key Down;S;285511
Key Up;Q;285792
Key Down;D;286272
Key Up;S;286824
Key Down;S;287928
Key Up;D;288352
Key Down;Q;289376
Key Up;S;289480
Key Down;S;289671
Key Up;Q;289864
Key Up;S;289895
Key Down;D;290767
Key Down;S;290920
Key Up;S;291215
Key Up;D;291304
Key Down;Tab;291519
Key Up;Tab;293767
Key Down;Z;294192
Key Down;Q;294992
Key Up;Q;295648
Key Down;A;296240
Key Up;A;296367
Key Down;Q;296527
Key Up;Z;296656
Key Down;Z;297072
Key Up;Q;297144
Key Down;D;299207
Key Up;D;299376
Key Down;D;299936
Key Up;Z;299960
Key Up;D;300016
Key Down;S;300279
Key Down;Q;300496
Key Up;S;300944
Key Up;Q;301424
Key Down;S;302616
Key Down;D;302640
Key Up;D;302784
Key Down;Tab;303344
Key Up;S;303392
Key Up;Tab;305088
Key Down;Z;306455
Key Up;Z;307112
Key Down;E;307632
Key Up;E;307736
Key Down;S;309320
Key Up;S;309408
Key Down;E;316767
Key Up;E;316943
Key Down;Q;316967
Key Down;Z;317119
Key Up;Q;317256
Key Down;D;317344
Key Up;D;317711
Key Down;Q;317904
Key Up;Q;318008
Key Down;Q;318471
Key Up;Q;319575
Key Up;Z;319695
Key Down;A;319920
Key Up;A;320079
Key Down;Z;320239
Key Up;Z;320400
Key Down;D;320455
Key Up;D;321344
Key Down;Q;321391
Key Up;Q;322183
Key Down;D;322663
Key Up;D;323504
Key Down;Q;323560
Key Up;Q;324264
Key Down;D;324296
Key Up;D;325039
Key Down;Q;325144
Key Up;Q;325911
Key Down;D;325935
Key Up;D;327096
Key Down;Q;327256
Key Down;Z;328616
Key Up;Z;328863
Key Down;S;329456
Key Up;S;329920
Key Up;Q;330167
Key Down;A;330296
Key Up;A;330432
Key Down;Q;330591
Key Down;Z;330743
Key Up;Z;330888
Key Down;Z;332264
Key Up;Q;332511
Key Down;Q;333287
Key Up;Z;333815
Key Up;Q;334176
Key Down;A;334312
Key Down;Z;334463
Key Up;A;334471
Key Up;Z;335383
Key Down;Tab;335400
Key Up;Tab;337800
Key Down;Z;338151
Key Down;Q;338879
Key Up;Q;340176
Key Up;Z;340311
Key Down;D;340975
Key Up;D;341039
Key Down;Z;341535
Key Up;Z;341640
Key Down;E;342080
Key Up;E;342151
Key Down;S;342504
Key Down;D;342568
Key Up;D;343000
Key Down;Tab;343224
Key Up;S;343232
Key Up;Tab;344976
Key Down;Z;345712
Key Up;Z;346872
Key Down;E;346880
Key Up;E;347008
Key Down;E;353656
Key Up;E;353808
Key Down;Q;353976
Key Down;Z;354111
Key Up;Q;354207
Key Down;D;354311
Key Up;D;354600
Key Up;Z;355679
Key Down;Tab;356175
Key Up;Tab;358176
Key Down;Z;358767
Key Down;Q;359231
Key Up;Z;359360
Key Down;S;359952
Key Up;Q;360064
Key Up;S;360080
Key Down;A;360247
Key Up;A;360383
Key Down;Z;360599
Key Up;Z;360711
Key Down;Q;360775
Key Down;S;361592
Key Up;S;361672
Key Up;Q;366528
Key Down;Q;370120
Key Down;Z;370255
Key Up;Z;372183
Key Down;S;373815
Key Up;S;374455
Key Up;Q;376615
Key Down;Q;376799
Key Up;Q;376823
Key Down;Q;377295
Key Up;Q;377439
Key Down;Z;377615
Key Down;D;378231
Key Up;D;378279
Key Up;Z;378879
Key Down;D;378887
Key Down;Z;379104
Key Up;D;379144
Key Down;D;379704
Key Up;Z;380448
Key Down;Z;380816
Key Up;Z;381015
Key Down;S;382087
Key Down;NumPad 3;382192
Key Up;NumPad 3;382328
Key Up;D;382719
Key Down;D;383688
Key Up;D;383840
Key Up;S;383927
Key Down;S;384608
Key Down;D;384879
Key Up;S;384919
Key Up;D;385040
Key Down;D;385367
Key Up;D;385575
Key Down;Z;386055
Key Down;D;386271
Key Up;Z;386399
Key Up;D;386423
Key Down;Z;386736
Key Down;Q;386951
Key Up;Z;387007
Key Up;Q;387312
Key Down;S;387567
Key Down;Q;387687
Key Up;S;387703
Key Down;S;388080
Key Up;S;389240
Key Down;S;389639
Key Up;S;389735
Key Up;Q;389983
Key Down;Q;390176
Key Up;Q;390823
Key Down;Z;390864
Key Down;Q;391151
Key Up;Z;391176
Key Down;Z;391655
Key Up;Q;391711
Key Up;Z;391784
Key Down;S;392591
Key Down;Q;392840
Key Up;Q;392959
Key Down;D;393167
Key Up;S;393639
Key Down;S;394320
Key Up;S;394511
Key Down;Z;395784
Key Up;Z;396015
Key Down;Z;396887
Key Up;D;396975
Key Up;Z;397023
Key Down;Z;397599
Key Up;Z;397792
Key Down;Z;397927
Key Down;D;397951
Key Up;Z;398008
Key Down;Z;398048
Key Up;Z;398112
Key Up;D;398343
Key Down;Z;398488
Key Down;D;398528
Key Up;D;398655
Key Down;Q;398743
Key Up;Q;398888
Key Down;A;399136
Key Up;A;399232
Key Down;Q;399391
Key Up;Z;399399
Key Down;Z;399503
Key Up;Z;399703
Key Up;Q;399735
Key Down;D;400007
Key Down;S;400023
Key Down;NumPad 3;400298
Key Up;NumPad 3;400412
Key Up;D;400455
Key Down;Q;400896
Key Up;S;401903
Key Down;Z;402359
Key Up;Z;402639
Key Down;Z;403695
Key Up;Q;403775
Key Down;D;403904
Key Up;D;404023
Key Up;Z;404111
Key Down;D;404119
Key Up;D;404376
Key Down;Q;404448
Key Up;Q;404703
Key Down;S;407439
Key Up;S;407600
Key Down;Z;407768
Key Up;Z;408023
Key Down;S;408336
Key Up;S;408455
Key Down;Q;408551
Key Up;Q;408647
Key Down;Z;408759
Key Up;Z;409031
Key Down;S;409208
Key Up;S;409384
Key Down;S;409783
Key Up;S;409863
Key Down;Q;410007
Key Down;Z;410031
Key Up;Q;410055
Key Up;Z;410063
Key Down;D;410111
Key Up;D;410391
Key Down;Q;410520
Key Up;Q;411408
Key Down;Q;412720
Key Down;S;413175
Key Up;Q;413472
Key Down;D;413743
Key Up;S;414399
Key Down;S;415895
Key Up;S;416103
Key Down;Z;417144
Key Up;D;417272
Key Up;Z;417791
Key Down;D;419095
Key Down;Z;419383
Key Up;D;419847
Key Up;Z;420080
Key Down;D;420199
Key Up;D;420504
Key Down;Z;420599
Key Down;Q;420719
Key Up;Z;421000
Key Down;Z;421111
Key Up;Q;421527
Key Down;Q;421719
Key Up;Z;421783
Key Down;S;424367
Key Up;Q;425176
Key Up;S;425368
Key Down;Q;425511
Key Down;S;425735
Key Up;Q;425967
Key Down;Q;426120
Key Up;S;426295
Key Up;Q;426391
Key Down;D;426487
Key Down;Z;426575
Key Up;Z;426655
Key Down;S;426888
Key Up;D;426920
Key Down;Q;427039
Key Up;S;427191
Key Up;Q;427639
Key Down;S;427872
Key Down;D;428008
Key Up;S;428688
Key Up;D;430943
Key Down;D;431431
Key Up;D;432087
Key Down;Z;432535
Key Down;D;432591
Key Up;D;432607
Key Down;Q;432896
Key Up;Z;432960
Key Up;Q;432992
Key Down;D;434448
Key Down;S;434655
Key Up;D;434679
Key Up;S;434695
Key Down;D;434759
Key Down;S;434863
Key Up;D;434887
Key Up;S;434959
Key Down;Z;435063
Key Down;Q;435519
Key Up;Z;435887
Key Up;Q;436007
Key Down;Q;436031
Key Up;Q;436231
Key Down;D;436351
Key Down;Z;436407
Key Up;D;436647
Key Down;Q;437079
Key Up;Z;437944
Key Down;S;439208
Key Up;S;439455
Key Down;S;439647
Key Up;S;440079
Key Down;S;440456
Key Up;Q;440599
Key Down;D;440839
Key Up;S;440863
Key Up;D;440967
Key Down;Q;440983
Key Down;S;441575
Key Up;Q;441983
Key Up;S;442031
Key Down;S;442791
Key Up;S;442959
Key Down;Q;442967
Key Up;Q;443135
Key Down;S;443863
Key Down;Q;443919
Key Up;Q;444119
Key Up;S;444183
Key Down;D;448039
Key Down;Z;448975
Key Up;D;449223
Key Up;Z;449271
Key Down;Z;450031
Key Up;Z;450303
Key Down;Q;450648
Key Down;S;450703
Key Up;Q;450727
Key Down;D;450855
Key Up;D;451199
Key Up;S;451383
Key Down;Z;451679
Key Up;Z;451760
Key Down;E;451855
Key Up;E;451935
Key Down;D;452183
Key Down;Z;452400
Key Up;D;452439
Key Up;Z;452559
Key Down;E;452647
Key Up;E;452727
Key Down;Q;453319
Key Up;Q;453431
Key Down;E;457183
Key Up;E;457336
Key Down;Z;457631
Key Down;Q;458199
Key Up;Q;458376
Key Up;Z;458407
Key Down;A;458735
Key Up;A;458855
Key Down;Z;458991
Key Up;Z;460327
Key Down;Z;464383
Key Up;Z;464815
Key Down;Z;465895
Key Up;Z;466136
Key Down;Left Control;471511
Key Down;Left Shift;471831
Key Down;Entrée;472199
Key Up;Entrée;472400
Key Up;Left Shift;472831
Key Up;Left Control;472863
Key Down;S;475679
Key Down;Q;475999
Key Up;S;476087
Key Down;S;476799
Key Up;S;476847
Key Up;Q;476919
Key Down;Z;477024
Key Down;D;477615
Key Up;D;477903
Key Down;D;478111
Key Up;D;478287
Key Down;Q;479327
Key Up;Z;479479
Key Up;Q;479615
Key Down;D;479887
Key Up;D;479983
Key Down;Z;480047
Key Down;A;480063
Key Up;Z;480119
Key Down;Z;480143
Key Up;A;480176
Key Up;Z;480311
Key Down;D;480503
Key Down;Z;480752
Key Up;D;480975
Key Down;Q;481151
Key Up;Z;481423
Key Up;Q;481583
Key Down;D;481752
Key Down;Z;482031
Key Up;D;482367
Key Up;Z;482895
Key Down;Z;483111
Key Up;Z;483335
Key Down;Z;483647
Key Down;Q;483952
Key Up;Z;484063
Key Up;Q;484255
Key Down;S;484663
Key Down;Q;484951
Key Up;Q;485143
Key Up;S;485271
Key Down;Q;485639
Key Up;Q;485688
Key Down;S;486119
Key Down;A;486295
Key Up;S;486303
Key Up;A;486407
Key Down;S;486415
Key Down;D;486687
Key Up;D;486871
Key Up;S;487247
Key Down;D;487447
Key Down;Z;487519
Key Up;D;487631
Key Up;Z;487791
Key Down;Q;487815
Key Up;Q;489063
Key Down;Q;489351
Key Down;Z;489407
Key Up;Z;489487
Key Up;Q;489544
Key Down;Z;489751
Key Up;Z;490440
Key Down;Q;490807
Key Up;Q;491559
Key Down;S;492327
Key Up;S;492463
Key Down;D;492807
Key Up;D;492895
Key Down;S;493167
Key Down;D;493520
Key Up;S;493639
Key Up;D;493647
Key Down;A;495087
Key Up;A;495183
Key Down;Q;495815
Key Down;Z;495887
Key Up;Z;496319
Key Up;Q;496344
Key Down;Q;497527
Key Down;Z;497711
Key Up;Q;497887
Key Down;A;498039
Key Up;A;498111
Key Down;D;498207
Key Up;Z;498727
Key Down;Z;498991
Key Up;Z;499127
Key Up;D;499495
Key Down;Q;499583
Key Up;Q;499679
Key Down;Q;500167
Key Down;S;500703
Key Up;Q;501079
Key Up;S;501367
Key Down;Q;501559
Key Down;S;501639
Key Up;Q;501687
Key Up;S;502327
Key Down;S;503311
Key Up;S;504623
Key Down;S;505023
Key Down;D;505159
Key Up;S;505311
Key Up;D;505448
Key Down;A;506103
Key Up;A;506191
Key Down;Q;508255
Key Down;Z;508351
Key Up;Z;508432
Key Up;Q;508471
Key Down;Z;508951
Key Up;Z;509039
Key Down;E;509167
Key Up;E;509255
Key Down;Z;509503
Key Down;D;509655
Key Up;D;510167
Key Down;Q;511255
Key Up;Q;511559
Key Down;Q;513007
Key Up;Z;513383
Key Up;Q;513663
Key Down;D;513671
Key Down;Z;514295
Key Up;D;514559
Key Down;D;515119
Key Up;D;515215
Key Down;Q;515439
Key Up;Z;516175
Key Down;Z;517015
Key Up;Z;517127
Key Down;Z;517575
Key Up;Z;517759
Key Down;S;518311
Key Up;Q;518927
Key Up;S;519039
Key Down;S;519071
Key Up;S;519151
Key Down;D;519759
Key Up;D;519783
Key Down;Z;519871
Key Down;D;519887
Key Up;Z;520527
Key Down;S;521503
Key Up;S;521911
Key Down;S;522263
Key Up;D;522455
Key Down;D;522799
Key Up;D;522975
Key Up;S;523295
Key Down;Q;523671
Key Down;Z;523695
Key Up;Z;523855
Key Down;E;524111
Key Up;Q;524151
Key Up;E;524215
Key Down;D;525175
Key Down;Z;525223
Key Up;D;525455
Key Up;Z;525487
Key Down;Z;526047
Key Up;Z;526183
Key Down;D;526983
Key Down;S;527023
Key Up;D;527151
Key Up;S;527302
Key Down;Q;527311
Key Up;Q;527335
Key Down;D;527455
Key Up;D;527503
Key Down;S;528095
Key Up;S;528327
Key Down;Q;530351
Key Down;Z;530383
Key Up;Z;530655
Key Down;Z;530847
Key Up;Z;531383
Key Up;Q;532063
Key Down;A;532207
Key Up;A;532319
Key Down;S;532703
Key Down;Q;532822
Key Up;S;533215
Key Down;Z;533647
Key Up;Z;533727
Key Up;Q;534383
Key Down;D;534503
Key Down;S;535015
Key Up;S;535103
Key Up;D;535183
Key Down;Q;535215
Key Up;Q;535559
Key Down;S;535631
Key Down;Q;535807
Key Up;Q;535943
Key Up;S;535959
Key Down;Z;536199
Key Down;D;536367
Key Up;D;536487
Key Up;Z;536831
Key Down;Z;536967
Key Down;A;537639
Key Up;A;537783
Key Up;Z;537966
Key Down;Q;538006
Key Up;Q;538175
Key Down;D;538479
Key Down;Z;538503
Key Up;D;538775
Key Down;Q;539047
Key Up;Z;539263
Key Up;Q;540303
Key Down;S;540399
Key Down;Q;540599
Key Up;S;540751
Key Down;S;541039
Key Up;Q;541247
Key Down;Q;541415
Key Up;Q;541615
Key Down;D;542063
Key Up;S;542199
Key Down;A;542335
Key Up;A;542439
Key Down;Z;543143
Key Up;Z;543255
Key Up;D;543319
Key Down;D;543447
Key Down;Z;543607
Key Up;D;543735
Key Up;Z;543751
Key Down;Q;543799
Key Down;Z;544327
Key Up;Q;544583
Key Down;D;545487
Key Down;A;545911
Key Up;A;545983
Key Up;Z;546094
Key Down;S;546703
Key Up;S;546999
Key Down;Z;547263
Key Up;D;547383
Key Up;Z;547415
Key Down;D;549687
Key Down;Z;549759
Key Up;Z;550143
Key Up;D;550327
Key Down;Z;550910
Key Up;Z;551423
Key Down;Z;551623
Key Down;Q;551631
Key Up;Q;551855
Key Up;Z;551975
Key Down;Z;552454
Key Down;Q;552607
Key Up;Z;552799
Key Up;Q;552911
Key Down;Z;553231
Key Down;Q;553303
Key Up;Z;553463
Key Up;Q;553687
Key Down;A;555735
Key Up;A;555847
Key Down;D;556183
Key Down;S;556407
Key Up;D;556439
Key Up;S;556463
Key Down;Q;556519
Key Up;Q;556679
Key Down;Q;556815
Key Down;S;556999
Key Up;Q;557039
Key Down;D;557103
Key Up;S;557167
Key Down;S;557351
Key Up;D;557519
Key Down;D;557847
Key Up;D;558014
Key Up;S;558471
Key Down;Z;559767
Key Up;Z;559911
Key Down;Z;560087
Key Down;D;560151
Key Up;Z;560311
Key Up;D;560479
Key Down;Z;561215
Key Down;Q;561431
Key Up;Z;561551
Key Up;Q;561734
Key Down;A;562551
Key Up;A;562639
Key Down;S;563159
Key Down;Q;563615
Key Up;S;563679
Key Up;Q;563727
Key Down;Z;564223
Key Down;Q;564375
Key Up;Z;564407
Key Down;S;564615
Key Up;S;564783
Key Up;Q;565151
Key Down;A;565359
Key Up;A;565455
Key Down;D;565559
Key Down;S;565766
Key Up;S;565919
Key Up;D;566311
Key Down;A;567183
Key Up;A;567278
Key Down;D;567303
Key Down;S;567399
Key Up;D;567502
Key Down;Q;567967
Key Up;Q;568287
Key Up;S;568422
Key Down;D;568679
Key Up;D;568887
Key Down;D;569455
Key Down;Z;569503
Key Up;D;569567
Key Up;Z;569655
Key Down;S;570030
Key Up;S;570078
Key Down;Q;570231
Key Up;Q;570319
Key Down;A;570879
Key Up;A;570959
Key Down;S;571103
Key Down;D;571191
Key Up;S;571622
Key Down;Z;572822
Key Up;Z;573511
Key Down;S;574207
Key Up;S;574423
Key Up;D;574479
Key Down;D;574847
Key Up;D;574943
Key Down;E;575159
Key Up;E;575231
Key Down;Z;575775
Key Up;Z;575887
Key Down;Q;576215
Key Down;S;577927
Key Up;S;578247
Key Down;S;579863
Key Up;Q;580031
Key Down;A;580238
Key Up;A;580318
Key Down;Q;580607
Key Up;S;580687
Key Down;S;581031
Key Up;Q;581095
Key Down;Q;582039
Key Up;Q;582303
Key Up;S;582623
Key Down;D;582783
Key Down;Z;582887
Key Up;D;583006
Key Up;Z;583158
Key Down;E;583567
Key Up;E;583655
Key Down;Q;583895
Key Down;S;584175
Key Up;Q;584351
Key Up;S;584446
Key Down;Q;585111
Key Down;Z;585415
Key Up;Q;585503
Key Up;Z;585559
Key Down;D;601895
Key Down;Z;602143
Key Up;D;602383
Key Down;Q;602455
Key Up;Z;602599
Key Up;Q;602775
Key Down;D;606687
Key Down;Z;606879
Key Up;Z;607047
Key Up;D;607063
Key Down;Q;607383
Key Up;Q;607447
Key Down;S;607535
Key Down;Q;607695
Key Up;Q;608559
Key Up;S;609055
Key Down;D;609158
Key Down;Z;609342
Key Up;Z;609687
Key Down;S;610159
Key Up;S;610327
Key Up;D;611479
Key Down;S;611950
Key Down;D;612103
Key Up;D;612207
Key Up;S;612239
Key Down;S;612775
Key Up;S;613103
Key Down;Q;613255
Key Up;Q;613343
Key Down;Q;613543
Key Up;Q;613695
Key Down;S;613759
Key Up;S;614006
Key Down;D;614175
Key Down;Z;614207
Key Up;D;614223
Key Down;D;614367
Key Up;Z;614382
Key Up;D;614543
Key Down;D;616023
Key Down;Z;616551
Key Up;Z;617014
Key Down;Z;617279
Key Up;Z;617479
Key Down;S;617663
Key Up;S;617783
Key Down;Z;618767
Key Up;Z;618879
Key Up;D;619214
Key Down;D;619751
Key Up;D;619935
Key Down;D;620103
Key Down;S;620215
Key Up;D;620391
Key Up;S;620502
Key Down;Q;620510
Key Down;Z;620686
Key Up;Q;620791
Key Up;Z;620847
Key Down;Q;620951
Key Up;Q;621159
Key Down;A;621279
Key Up;A;621383
Key Down;Q;621559
Key Up;Q;622022
Key Down;Q;622711
Key Down;Z;623007
Key Up;Z;623143
Key Up;Q;623271
Key Down;D;623943
Key Down;S;624135
Key Up;D;624255
Key Down;Q;624366
Key Up;S;624462
Key Up;Q;624502
Key Down;A;624847
Key Up;A;624959
Key Down;Q;625559
Key Down;S;625751
Key Up;S;625887
Key Up;Q;625999
Key Down;Z;626103
Key Down;Q;626870
Key Up;Z;626935
Key Up;Q;627335
Key Down;D;627374
Key Down;S;627398
Key Up;S;627470
Key Down;Z;627591
Key Up;D;627727
Key Up;Z;627807
Key Down;A;628559
Key Up;A;628687
Key Down;D;629807
Key Down;S;630119
Key Up;S;630582
Key Down;S;630887
Key Up;S;631054
Key Up;D;631094
Key Down;Q;631119
Key Down;S;631222
Key Up;Q;631431
Key Up;S;631503
Key Down;Z;631662
Key Down;Q;631935
Key Up;Z;632239
Key Down;Z;633743
Key Up;Z;634239
Key Down;Z;634855
Key Up;Q;635895
Key Up;Z;636014
Key Down;Q;636167
Key Down;S;636239
Key Up;Q;636558
Key Up;S;636599
Key Down;D;637006
Key Down;Z;637070
Key Up;D;637414
Key Up;Z;637655
Key Down;S;637878
Key Down;D;637926
Key Up;D;638871
Key Down;Q;639063
Key Up;S;639238
Key Up;Q;639439
Key Down;D;639471
Key Down;S;640575
Key Up;D;640727
Key Down;D;640943
Key Up;S;641143
Key Down;S;641654
Key Up;D;641975
Key Down;D;642415
Key Up;S;642687
Key Up;D;643350
Key Down;Tab;643438
Key Up;Tab;644247
Key Down;D;644319
Key Down;S;644398
Key Up;D;644494
Key Down;Q;644719
Key Up;Q;644815
Key Down;Q;645831
Key Up;S;645967
Key Up;Q;645975
Key Down;Z;646663
Key Down;D;646671
Key Up;Z;646831
Key Down;Z;647158
Key Up;Z;647583
Key Down;A;647863
Key Up;A;647967
Key Down;S;648119
Key Up;D;648239
Key Up;S;648775
Key Down;D;648798
Key Up;D;648846
Key Down;Q;649015
Key Down;S;649303
Key Up;Q;649630
Key Up;S;649654
Key Down;D;650102
Key Up;D;650415
Key Down;Z;651142
Key Down;D;651231
Key Up;D;651350
Key Down;A;651871
Key Up;Z;651910
Key Down;Z;651926
Key Up;A;651974
Key Down;Q;652127
Key Up;Z;652159
Key Down;S;652471
Key Up;S;652671
Key Down;S;652935
Key Up;S;653063
Key Down;Z;653375
Key Up;Z;653559
Key Up;Q;653942
Key Down;D;654111
Key Up;D;654198
Key Down;S;654535
Key Up;S;654662
Key Down;Q;654678
Key Up;Q;654766
Key Down;A;654975
Key Up;A;655063
Key Down;Q;655423
Key Up;Q;655583
Key Down;D;655807
Key Down;S;656023
Key Up;D;656374
Key Up;S;656678
Key Down;A;658110
Key Up;A;658215
Key Down;D;658503
Key Down;S;658535
Key Up;D;658735
Key Down;Q;660255
Key Up;S;660350
Key Down;Z;660950
Key Up;Z;661087
Key Down;S;661558
Key Up;S;661687
Key Up;Q;663415
Key Down;Q;667686
Key Down;S;668702
Key Up;S;668742
Key Down;S;668999
Key Up;S;669359
Key Down;D;669903
Key Up;Q;669911
Key Down;Q;670022
Key Up;D;670038
Key Up;Q;670063
Key Down;D;670071
Key Down;Q;670302
Key Up;D;670310
Key Up;Q;670398
Key Down;Z;670559
Key Down;Q;670607
Key Up;Z;670623
Key Up;Q;670879
Key Down;D;670959
Key Up;D;671190
Key Down;Z;671206
Key Up;Z;671423
Key Down;Q;671678
Key Up;Q;672399
Key Down;Z;672407
Key Up;Z;672471
Key Down;D;672703
Key Down;S;672991
Key Up;S;673199
Key Down;S;673527
Key Up;D;673647
Key Up;S;673671
Key Down;Q;673726
Key Up;Q;673846
Key Down;S;674150
Key Down;D;674271
Key Up;S;674279
Key Up;D;674638
Key Down;Q;674671
Key Down;Z;674767
Key Up;Z;674911
Key Up;Q;674967
Key Down;D;675479
Key Up;D;675990
Key Down;Q;676022
Key Up;Q;676343
Key Down;D;676375
Key Down;S;676743
Key Up;S;676934
Key Up;D;677015
Key Down;Q;677198
Key Down;Z;677695
Key Up;Q;677751
Key Down;D;677815
Key Up;Z;677839
Key Down;Q;678175
Key Up;D;678191
Key Down;Z;678366
Key Up;Z;678503
Key Up;Q;678766
Key Down;D;678839
Key Down;Z;678943
Key Up;Z;679087
Key Up;D;679302
Key Down;Q;679334
Key Up;Q;679494
Key Down;Q;679815
Key Up;Q;679983
Key Down;D;680510
Key Up;D;680558
Key Down;S;680566
Key Down;D;680774
Key Up;S;680942
Key Up;D;681215
Key Down;Espace;692743
Key Up;Espace;692926
Key Down;S;702239
Key Down;Q;702574
Key Up;S;703111
Key Up;Q;703894
Key Down;A;704062
Key Up;A;704190
Key Down;Q;704415
Key Up;Q;705423
Key Down;D;706390
Key Down;Z;706543
Key Up;D;706679
Key Down;A;707023
Key Up;A;707087
Key Down;Q;707247
Key Up;Z;707255
Key Down;S;708398
Key Up;Q;708486
Key Down;D;709014
Key Up;S;709622
Key Down;A;709823
Key Up;A;709919
Key Up;D;709983
Key Down;Z;710038
Key Down;Q;710383
Key Up;Z;710662
Key Down;S;712214
Key Up;Q;712591
Key Down;A;713014
Key Up;A;713142
Key Down;D;713222
Key Up;S;713719
Key Up;D;715671
Key Down;S;716150
Key Down;Q;716247
Key Up;Q;716630
Key Up;S;716902
Key Down;Q;716926
Key Up;Q;717054
Key Down;Z;717231
Key Down;D;717479
Key Up;D;717718
Key Up;Z;717759
Key Down;D;717831
Key Up;D;717926
Key Down;A;718143
Key Up;A;718271
Key Down;Q;718726
Key Down;S;719262
Key Up;Q;719382
Key Down;Q;721231
Key Up;S;721598
Key Down;S;722070
Key Up;Q;722958
Key Down;A;723086
Key Up;A;723198
Key Down;D;723230
Key Up;S;723342
Key Down;Z;723622
Key Up;Z;723718
Key Up;D;724023
Key Down;Q;724094
Key Down;S;724647
Key Up;S;725223
Key Down;Z;725414
Key Up;Q;725614
Key Down;D;725815
Key Down;A;726478
Key Up;A;726582
Key Up;Z;726662
Key Up;D;726927
Key Down;Q;727039
Key Down;S;727230
Key Up;Q;727406
Key Up;S;727430
Key Down;D;727583
Key Up;D;728023
Key Down;Z;728511
Key Down;D;728543
Key Up;Z;728823
Key Down;S;729318
Key Up;S;729398
Key Down;S;731767
Key Up;D;731855
Key Down;Q;731943
Key Up;Q;732303
Key Up;S;732414
Key Down;D;732486
Key Down;Z;733798
Key Up;D;734758
Key Down;A;735126
Key Up;A;735246
Key Up;Z;735574
Key Down;S;735759
Key Down;A;736918
Key Up;A;737022
Key Down;Q;737198
Key Up;S;737358
Key Up;Q;739327
Key Down;Z;739351
Key Down;A;739527
Key Up;A;739639
Key Up;Z;739710
Key Down;Q;740287
Key Down;S;740551
Key Up;S;740655
Key Up;Q;740822
Key Down;Q;741798
Key Up;Q;741942
Key Down;S;742254
Key Down;D;742735
Key Up;S;742991
Key Down;Z;744574
Key Down;A;744703
Key Up;A;744798
Key Up;Z;745183
Key Up;D;745223
Key Down;Z;745751
Key Up;Z;746127
Key Down;A;747606
Key Up;A;747718
Key Down;Q;748294
Key Up;Q;748734
Key Down;Q;749079
Key Down;Z;751334
Key Up;Z;751462
Key Down;S;752767
Key Up;S;753598
Key Up;Q;756550
Key Down;S;756646
Key Down;Q;756862
Key Up;S;757111
Key Up;Q;757222
Key Down;D;757790
Key Down;Z;757806
Key Up;Z;758463
Key Down;S;759311
Key Up;D;759342
Key Up;S;759430
Key Down;Q;759911
Key Down;Z;759967
Key Up;Z;760167
Key Up;Q;760455
Key Down;A;760654
Key Up;A;760766
Key Down;S;761118
Key Down;Q;762990
Key Up;S;763070
Key Down;S;763782
Key Up;S;764102
Key Up;Q;764655
Key Down;A;764774
Key Up;A;764862
Key Down;Q;764990
Key Down;Z;767230
Key Up;Z;767511
Key Down;Z;767830
Key Up;Z;768071
Key Down;S;768607
Key Up;Q;768726
Key Down;D;768982
Key Up;D;769110
Key Up;S;769150
Key Down;Q;769791
Key Down;Z;770926
Key Up;Q;771118
Key Down;D;771254
Key Up;Z;771415
Key Up;D;771695
Key Down;Q;773446
Key Down;Z;773486
Key Up;Q;773582
Key Up;Z;773743
Key Down;Z;773871
Key Up;Z;774086
Key Down;Z;774495
Key Up;Z;774950
Key Down;A;775158
Key Up;A;775247
Key Down;Z;775830
Key Down;Q;776422
Key Up;Z;776526
Key Up;Q;776566
Key Down;Z;777158
Key Down;D;777166
Key Up;Z;777719
Key Up;D;777854
Key Down;Z;778095
Key Down;D;778111
Key Up;Z;778510
Key Up;D;778638
Key Down;S;778678
Key Up;S;778806
Key Down;Q;778878
Key Up;Q;779006
Key Down;Q;779190
Key Down;S;779254
Key Up;Q;779351
Key Up;S;779407
Key Down;Q;780095
Key Down;Z;780103
Key Up;Z;780142
Key Up;Q;780303
Key Down;Z;780454
Key Up;Z;780743
Key Down;Z;781159
Key Down;D;781326
Key Up;Z;781527
Key Up;D;781551
Key Down;D;782494
Key Up;D;782871
Key Down;A;782919
Key Up;A;783006
Key Down;S;783366
Key Up;S;783494
Key Down;Q;783502
Key Up;Q;783934
Key Down;D;786878
Key Down;S;786958
Key Up;S;787350
Key Up;D;787438
Key Down;Q;787847
Key Down;Z;787943
Key Up;Z;788142
Key Up;Q;788158
Key Down;Q;789783
Key Up;Q;789887
Key Down;D;790151
Key Up;D;790238
Key Down;A;790398
Key Up;A;790502
Key Down;S;791262
Key Down;Q;791438
Key Up;Q;791782
Key Up;S;792102
Key Down;Q;792423
Key Down;S;792654
Key Up;S;792831
Key Up;Q;793118
Key Down;A;793255
Key Up;A;793359
Key Down;Q;793534
Key Up;Q;795111
Key Down;E;795174
Key Up;E;795271
Key Down;Q;795438
Key Down;Z;797919
Key Up;Q;798118
Key Up;Z;798150
Key Down;D;798318
Key Up;D;798822
Key Down;D;799190
Key Up;D;799511
Key Down;D;799879
Key Down;Z;800366
Key Up;D;800447
Key Down;A;800511
Key Up;Z;800519
Key Up;A;800614
Key Down;S;801118
Key Down;Q;801246
Key Up;S;801334
Key Down;Z;801590
Key Up;Z;801670
Key Down;Z;802142
Key Up;Q;802247
Key Up;Z;802271
Key Down;D;803014
Key Down;S;803270
Key Up;D;803414
Key Down;A;803542
Key Up;A;803662
Key Up;S;803838
Key Down;Z;804087
Key Down;Q;804167
Key Up;Z;804191
Key Up;Q;804287
Key Down;D;804566
Key Up;D;805111
Key Down;Q;805998
Key Up;Q;806278
Key Down;A;806422
Key Up;A;806519
Key Down;Z;806990
Key Down;Q;807222
Key Up;Z;807359
Key Down;S;807598
Key Up;S;807710
Key Down;Z;807887
Key Up;Q;808110
Key Up;Z;808654
Key Down;S;809070
Key Down;A;809846
Key Up;A;809958
Key Down;Q;810455
Key Up;S;810495
Key Down;Z;810766
Key Up;Z;811150
Key Up;Q;811511
Key Down;D;811615
Key Down;S;812102
Key Up;D;812382
Key Down;D;813382
Key Up;D;813646
Key Down;A;813966
Key Up;A;814062
Key Up;S;815199
Key Down;D;816366
Key Down;Z;816494
Key Up;Z;816671
Key Down;A;817318
Key Up;A;817398
Key Up;D;817702
Key Down;Q;817902
Key Down;S;818087
Key Up;Q;818238
Key Up;S;818350
Key Down;D;818831
Key Down;S;818927
Key Up;D;819006
Key Down;Q;819070
Key Up;S;819262
Key Down;S;819375
Key Up;Q;819566
Key Down;Q;819710
Key Up;Q;819766
Key Down;Q;819943
Key Up;Q;820222
Key Down;D;820542
Key Up;D;820646
Key Down;D;821062
Key Down;A;821287
Key Up;A;821351
Key Up;S;821439
Key Down;Q;822111
Key Up;D;822159
Key Up;Q;822494
Key Down;D;822590
Key Up;D;822638
Key Down;S;822822
Key Down;Q;822926
Key Up;S;823006
Key Down;S;823886
Key Up;S;824023
Key Down;Z;825182
Key Up;Q;825198
Key Down;A;825326
Key Up;A;825398
Key Up;Z;825494
Key Down;D;825534
Key Up;D;825823
Key Down;Q;825847
Key Down;Z;826222
Key Up;Q;826446
Key Up;Z;826934
Key Down;Q;827150
Key Up;Q;827215
Key Down;Z;827527
Key Down;Q;827567
Key Up;Q;827726
Key Up;Z;827991
Key Down;Z;828406
Key Down;A;828758
Key Up;A;828879
Key Down;D;828974
Key Up;Z;829078
Key Up;D;829118
Key Down;Z;829598
Key Up;Z;829734
Key Down;Z;830006
Key Down;D;830014
Key Up;Z;830262
Key Up;D;830286
Key Down;S;830494
Key Down;D;830582
Key Up;S;830606
Key Up;D;830862
Key Down;Z;831566
Key Down;D;831646
Key Up;Z;831814
Key Up;D;831846
Key Down;Q;832182
Key Down;Z;832238
Key Up;Z;832414
Key Down;S;832902
Key Up;Q;833310
Key Down;D;834310
Key Up;D;834439
Key Down;Q;834878
Key Up;Q;835006
Key Down;D;835222
Key Down;A;835566
Key Up;A;835639
Key Up;S;835774
Key Up;D;836158
Key Down;Z;836686
Key Down;Q;836726
Key Up;Z;836910
Key Up;Q;837142
Key Down;S;837646
Key Up;S;837815
Key Down;Z;838598
Key Down;Q;838686
Key Up;Q;838815
Key Down;A;838958
Key Up;A;839054
Key Down;D;839375
Key Up;Z;839590
Key Up;D;839686
Key Down;Q;839870
Key Up;Q;840270
Key Down;S;840286
Key Down;D;840886
Key Up;S;840998
Key Down;A;841030
Key Up;D;841102
Key Up;A;841118
Key Down;Z;841566
Key Down;Q;841726
Key Up;Q;841814
Key Down;D;842086
Key Up;Z;842262
Key Up;D;842398
Key Down;A;844158
Key Up;A;844262
Key Down;D;844574
Key Down;Z;844735
Key Up;D;845278
Key Up;Z;845342
Key Down;S;846350
Key Up;S;846566
Key Down;Q;846662
Key Up;Q;846982
Key Down;E;847030
Key Up;E;847110
Key Down;Q;847519
Key Up;Q;847670
Key Down;D;847822
Key Down;S;849742
Key Up;D;850166
Key Up;S;850350
Key Down;A;850630
Key Up;A;850735
Key Down;D;851030
Key Down;S;851150
Key Up;S;851294
Key Down;S;851670
Key Up;S;851782
Key Up;D;852670
Key Down;D;853327
Key Up;D;853855
Key Down;Q;854302
Key Down;S;854726
Key Up;Q;854830
Key Up;S;855038
Key Down;Z;856486
Key Down;D;856670
Key Up;Z;856870
Key Up;D;856895
Key Down;Q;857638
Key Down;S;857750
Key Up;Q;857846
Key Up;S;858054
Key Down;D;858390
Key Down;A;858630
Key Up;A;858735
Key Down;S;858998
Key Up;S;859622
Key Up;D;859695
Key Down;D;860366
Key Down;Z;860430
Key Up;D;861510
Key Up;Z;861534
Key Down;A;861630
Key Up;A;861759
Key Down;Z;861870
Key Down;Q;862942
Key Up;Z;863062
Key Up;Q;864246
Key Down;D;864846
Key Up;D;864958
Key Down;Z;865614
Key Down;Q;865775
Key Up;Q;866262
Key Up;Z;866686
Key Down;Z;867510
Key Down;D;868358
Key Up;Z;868774
Key Down;Z;869006
Key Up;Z;869302
Key Down;A;869566
Key Up;A;869678
Key Down;Z;869966
Key Up;Z;870078
Key Down;S;870431
Key Up;S;870734
Key Down;S;871327
Key Up;S;871486
Key Up;D;873078
Key Down;S;873102
Key Down;Q;874487
Key Up;Q;874598
Key Down;Q;874830
Key Up;S;874862
Key Down;Z;875366
Key Up;Z;875470
Key Up;Q;875902
Key Down;A;879446
Key Up;A;879559
Key Down;S;880430
Key Down;Q;881526
Key Up;Q;881638
Key Down;Q;882862
Key Up;Q;883286
Key Down;Q;883758
Key Up;S;883822
Key Down;D;883982
Key Up;Q;883990
Key Down;Z;884286
Key Up;Z;884438
Key Down;S;884726
Key Up;S;884894
Key Down;S;885342
Key Up;D;885822
Key Down;D;885974
Key Up;D;886054
Key Up;S;886158
Key Down;D;886166
Key Down;Z;886294
Key Up;D;886542
Key Down;D;886782
Key Up;Z;886807
Key Down;Z;886830
Key Up;Z;886878
Key Up;D;887070
Key Down;Z;887454
Key Down;Q;887462
Key Up;Z;888022
Key Down;S;888726
Key Up;Q;889910
Key Up;S;890102
Key Down;D;890142
Key Down;A;890278
Key Up;A;890382
Key Up;D;890742
Key Down;S;892782
Key Down;Q;893254
Key Up;S;893414
Key Up;Q;894022
Key Down;D;894134
Key Down;S;894582
Key Up;D;894630
Key Down;A;895046
Key Up;A;895150
Key Down;D;895278
Key Up;D;895422
Key Down;Q;895575
Key Up;Q;895894
Key Up;S;896814
Key Down;Q;897031
Key Down;S;897542
Key Up;S;897646
Key Up;Q;897782
Key Down;D;898374
Key Down;Z;898478
Key Up;D;899198
Key Down;A;900974
Key Up;A;901094
Key Down;Q;902615
Key Up;Q;902814
Key Down;D;903302
Key Up;D;903462
Key Down;D;903695
Key Up;Z;903862
Key Down;Z;904110
Key Up;Z;904654
Key Down;Z;905094
Key Up;Z;905294
Key Down;Z;905566
Key Up;Z;906086
Key Down;Q;908534
Key Up;D;908542
Key Up;Q;908638
Key Down;D;908966
Key Up;D;909198
Key Down;Q;909814
Key Up;Q;909910
Key Down;A;910630
Key Up;A;910742
Key Down;D;910982
Key Down;Z;911102
Key Up;Z;911862
Key Up;D;911942
Key Down;D;912350
Key Down;Z;912462
Key Up;Z;912686
Key Up;D;912774
Key Down;D;913182
Key Up;D;913326
Key Down;D;914382
Key Down;A;914614
Key Up;A;914718
Key Up;D;914894
Key Down;S;914958
Key Down;Q;915229
Key Up;Q;915326
Key Down;Q;916006
Key Up;S;916118
Key Down;S;916406
Key Up;Q;916486
Key Down;Q;917222
Key Up;Q;917422
Key Down;Q;917806
Key Up;S;917982
Key Down;Z;918510
Key Up;Q;919438
Key Down;Q;919822
Key Up;Z;920286
Key Down;Z;920966
Key Up;Z;921198
Key Up;Q;921542
Key Down;Tab;921654
Key Up;Tab;923198
Key Down;Z;923974
Key Down;D;924102
Key Up;D;925078
Key Down;A;925158
Key Up;A;925350
Key Down;Q;925670
Key Up;Z;926062
Key Down;S;927078
Key Up;S;927222
Key Up;Q;928597
Key Down;D;928798
Key Down;Z;930246
Key Up;D;930502
Key Down;D;930998
Key Up;D;931118
Key Up;Z;932910
Key Down;D;934598
Key Down;A;935102
Key Up;A;935206
Key Up;D;935358
Key Down;Z;935710
Key Down;D;935918
Key Up;D;936414
Key Up;Z;936429
Key Down;Q;936502
Key Down;S;936622
Key Up;Q;936710
Key Down;Q;936806
Key Up;S;937022
Key Down;S;937718
Key Up;S;937790
Key Down;Z;938493
Key Up;Z;938622
Key Up;Q;938662
Key Down;S;938870
Key Down;D;938990
Key Up;S;939062
Key Up;D;939646
Key Down;D;940022
Key Up;D;940510
Key Down;Q;940806
Key Up;Q;941702
Key Down;Q;941869
Key Up;Q;942134
Key Down;Z;942422
Key Down;D;942494
Key Down;A;942622
Key Up;D;942734
Key Up;A;942750
Key Up;Z;942854
Key Down;D;942926
Key Up;D;943150
Key Down;Q;943198
Key Down;S;943446
Key Up;S;943541
Key Down;E;943654
Key Up;Q;943670
Key Up;E;943742
Key Down;Z;943942
Key Up;Z;943974
Key Down;Z;944422
Key Up;Z;944894
Key Down;Q;945014
Key Down;S;945182
Key Up;S;945309
Key Down;S;945758
Key Up;S;945870
Key Down;Z;947142
Key Up;Q;947918
Key Down;D;948102
Key Up;Z;948310
Key Up;D;948558
Key Down;Q;948926
Key Up;Q;949197
Key Down;S;949221
Key Up;S;949430
Key Down;D;949446
Key Down;Z;949678
Key Up;D;949726
Key Up;Z;949926
Key Down;S;950230
Key Down;D;950806
Key Up;S;951014
Key Down;S;951646
Key Up;S;951910
Key Down;Tab;952101
Key Up;D;952126
Key Up;Tab;957102
Key Down;Tab;958966
Key Up;Tab;960438
Key Down;Q;961214
Key Down;Z;961382
Key Up;Q;961462
Key Up;Z;962398
Key Down;E;962470
Key Up;E;962566
Key Down;E;965670
Key Up;E;965758
Key Down;D;966678
Key Up;D;966957
Key Down;Z;966989
Key Up;Z;967221
Key Down;A;967846
Key Up;A;967958
Key Down;Tab;968286
Key Up;Tab;970317
Key Down;Q;971950
Key Up;Q;972462
Key Down;Q;973389
Key Up;Q;978453
Key Down;Q;979174
Key Up;Q;981326
Key Down;Q;984342
Key Down;S;986510
Key Up;S;987174
Key Up;Q;988750
Key Down;Q;989094
Key Down;Z;989142
Key Up;Q;989197
Key Up;Z;989502
Key Down;Q;989813
Key Up;Q;989910
Key Down;Z;990038
Key Up;Z;990173
Key Down;S;990326
Key Up;S;990486
Key Down;D;990589
Key Up;D;990678
Key Down;Q;990766
Key Down;Z;990893
Key Up;Q;990957
Key Up;Z;991078
Key Down;S;991230
Key Up;S;991326
Key Down;D;991454
Key Down;S;991478
Key Up;D;991486
Key Up;S;991542
Key Down;D;991798
Key Up;D;991933
Key Down;Q;991997
Key Down;Z;992141
Key Up;Q;992206
Key Down;D;992366
Key Up;Z;992414
Key Up;D;992710
Key Down;Q;992750
Key Up;Q;992862
Key Down;S;993733
Key Down;D;993886
Key Up;S;994150
Key Down;S;994526
Key Up;S;994909
Key Down;Z;995670
Key Up;D;995726
Key Up;Z;995966
Key Down;D;996134
Key Down;S;996405
Key Up;D;996606
Key Down;Q;996614
Key Up;S;996798
Key Up;Q;996925
Key Down;D;996957
Key Down;Q;997022
Key Up;D;997054
Key Down;S;997238
Key Up;S;997694
Key Down;Z;998125
Key Up;Q;998181
Key Down;Q;998294
Key Up;Z;998574
Key Down;Z;1000077
Key Up;Z;1000846
Key Down;Z;1001190
Key Up;Z;1001302
Key Up;Q;1001318
Key Down;NumPad 3;1001416
Key Up;NumPad 3;1001515
Key Down;Z;1001574
Key Down;D;1001757
Key Up;D;1002405
Key Down;D;1002558
Key Up;Z;1003558
Key Down;S;1003918
Key Up;S;1004150
Key Down;S;1004374
Key Up;D;1004478
Key Down;Q;1004486
Key Up;S;1004502
Key Down;S;1004614
Key Up;Q;1004629
Key Down;D;1004694
Key Up;D;1005118
Key Down;D;1005302
Key Up;S;1006165
Key Up;D;1006486
Key Down;Q;1007069
Key Up;Q;1007174
Key Down;D;1007414
Key Down;Z;1007518
Key Up;D;1007574
Key Up;Z;1007646
Key Down;Z;1007982
Key Up;Z;1008117
Key Down;S;1008398
Key Up;S;1008749
Key Down;D;1008869
Key Down;Z;1009021
Key Up;D;1009077
Key Up;Z;1009190
Key Down;D;1009414
Key Down;Z;1009502
Key Up;D;1009606
Key Down;Q;1009686
Key Up;Z;1009758
Key Up;Q;1010141
Key Down;S;1010709
Key Up;S;1010894
Key Down;Q;1011198
Key Down;S;1011262
Key Up;Q;1011421
Key Up;S;1011549
Key Down;S;1011718
Key Up;S;1012038
Key Down;D;1012654
Key Up;D;1012933
Key Down;D;1013301
Key Up;D;1013502
Key Down;S;1013526
Key Down;Q;1013734
Key Up;Q;1013894
Key Down;Q;1014206
Key Up;S;1014774
Key Down;Z;1016590
Key Up;Z;1016710
Key Up;Q;1017206
Key Down;D;1017222
Key Down;Z;1017502
Key Up;D;1017566
Key Down;Q;1017654
Key Up;Q;1018062
Key Down;Q;1018438
Key Up;Q;1018742
Key Down;Q;1018901
Key Up;Q;1019046
Key Down;NumPad 3;1019242
Key Up;NumPad 3;1019327
Key Down;D;1019365
Key Up;Z;1019438
Key Down;Z;1019693
Key Up;Z;1020806
Key Down;S;1021341
Key Up;D;1021789
Key Up;S;1022126
Key Down;D;1022341
Key Down;S;1023102
Key Up;S;1023302
Key Down;Q;1023486
Key Up;D;1023526
Key Up;Q;1023726
Key Down;D;1024558
Key Down;S;1024630
Key Up;S;1024989
Key Up;D;1025414
Key Down;D;1025670
Key Down;S;1025798
Key Up;D;1026037
Key Down;Q;1026222
Key Up;S;1026365
Key Down;S;1026550
Key Up;Q;1026702
Key Down;D;1026805
Key Up;S;1027062
Key Up;D;1027190
Key Down;D;1027597
Key Up;D;1027862
Key Down;D;1028141
Key Down;Z;1028494
Key Up;Z;1028542
Key Down;Z;1028950
Key Up;D;1029622
Key Down;Q;1029670
Key Up;Z;1029806
Key Up;Q;1030029
Key Down;D;1030142
Key Down;Z;1030638
Key Up;D;1030990
Key Down;Q;1031597
Key Up;Z;1032150
Key Down;Z;1033133
Key Up;Z;1033278
Key Down;NumPad 3;1033305
Key Up;NumPad 3;1033431
Key Down;D;1034309
Key Up;Q;1034430
Key Up;D;1034454
Key Down;Q;1034637
Key Up;Q;1034886
Key Down;Q;1034974
Key Up;Q;1035030
Key Down;S;1035205
Key Down;Q;1035502
Key Up;S;1035557
Key Down;Z;1035701
Key Up;Q;1035725
Key Up;Z;1035966
Key Down;S;1036085
Key Down;Q;1036173
Key Up;Q;1036310
Key Up;S;1036366
Key Down;Q;1036446
Key Up;Q;1036606
Key Down;S;1036661
Key Down;D;1037006
Key Up;S;1037038
Key Down;S;1037181
Key Up;D;1037189
Key Down;D;1037358
Key Up;S;1037374
Key Up;D;1038318
Key Down;Q;1038470
Key Down;S;1038614
Key Up;Q;1038853
Key Down;Q;1039254
Key Up;S;1039382
Key Up;Q;1039654
Key Down;Q;1040038
Key Up;Q;1040390
Key Down;D;1040429
Key Up;D;1040653
Key Down;S;1040918
Key Down;D;1041102
Key Up;D;1041141
Key Down;Q;1041221
Key Up;S;1041237
Key Down;Z;1041558
Key Up;Q;1041566
Key Up;Z;1041670
Key Down;S;1041902
Key Down;D;1041958
Key Up;D;1042014
Key Up;S;1042102
Key Down;Z;1042229
Key Up;Z;1042526
Key Down;Q;1042942
Key Down;Z;1042974
Key Up;Q;1043070
Key Down;D;1043854
Key Up;D;1044078
Key Up;Z;1044142
Key Down;Q;1044189
Key Up;Q;1044269
Key Down;D;1044542
Key Up;D;1044646
Key Down;D;1044806
Key Down;Z;1044998
Key Up;Z;1045405
Key Down;S;1046030
Key Up;S;1047230
Key Down;Z;1047990
Key Down;Q;1048286
Key Up;D;1048374
Key Up;Z;1048406
Key Down;S;1048830
Key Up;Q;1048942
Key Down;D;1049038
Key Up;D;1049366
Key Down;Q;1049606
Key Up;S;1049846
Key Down;S;1050150
Key Up;S;1050190
Key Up;Q;1050333
Key Down;S;1050533
Key Down;D;1050750
Key Up;S;1050854
Key Up;D;1050886
Key Down;S;1051053
Key Down;D;1051117
Key Up;S;1051437
Key Up;D;1051461
Key Down;D;1052037
Key Down;Z;1052638
Key Down;Q;1052662
Key Up;D;1052670
Key Up;Z;1052894
Key Up;Q;1052918
Key Down;Z;1053118
Key Up;Z;1053293
Key Down;S;1053926
Key Up;S;1054037
Key Down;Q;1059814
Key Up;Q;1060006
Key Down;Q;1060686
Key Down;S;1061174
Key Up;S;1061309
Key Down;Z;1061502
Key Up;Q;1061614
Key Up;Z;1061646
Key Down;D;1061974
Key Down;S;1062053
Key Up;S;1062229
Key Up;D;1062326
Key Down;Q;1062541
Key Up;Q;1062629
Key Down;D;1063469
Key Up;D;1063494
Key Down;D;1063853
Key Up;D;1063902
Key Down;Z;1064278
Key Up;Z;1064365
Key Down;E;1067909
Key Up;E;1068069
Key Down;Q;1068733
Key Down;Z;1068910
Key Up;Q;1069366
Key Up;Z;1069590
Key Down;A;1071422
Key Up;A;1071534
Key Down;A;1073686
Key Up;A;1073798
Key Down;D;1075606
Key Up;D;1076173
Key Down;A;1076526
Key Up;A;1076653
Key Down;Z;1084070
Key Down;Q;1084125
Key Up;Q;1084325
Key Down;D;1084669
Key Up;D;1084741
Key Up;Z;1086133
Key Down;D;1086366
Key Down;Z;1086597
Key Up;D;1086750
Key Up;Z;1086806
Key Down;E;1087102
Key Up;E;1087198
Key Down;S;1088757
Key Down;Q;1088765
Key Up;S;1089078
Key Up;Q;1089125
Key Down;Q;1089430
Key Down;Z;1089438
Key Up;Q;1089606
Key Up;Z;1090230
Key Down;S;1099069
Key Down;Q;1099518
Key Up;Q;1099694
Key Down;D;1099845
Key Up;S;1099901
Key Down;S;1100261
Key Up;D;1100646
Key Down;Q;1102085
Key Down;D;1102622
Key Up;Q;1102677
Key Up;S;1103134
Key Up;D;1103262
Key Down;Q;1103310
Key Down;S;1103405
Key Up;Q;1103437
Key Up;S;1104078
Key Down;S;1104390
Key Down;Q;1104590
Key Up;S;1104830
Key Down;E;1104901
Key Up;Q;1104909
Key Up;E;1105022
Key Down;S;1105278
Key Down;Q;1105461
Key Down;E;1105550
Key Up;S;1105558
Key Up;Q;1105685
Key Up;E;1105709
Key Down;S;1106221
Key Up;S;1106366
Key Down;A;1106661
Key Up;A;1106734
Key Down;Z;1107541
Key Up;Z;1107653
Key Down;Z;1109422
Key Down;Q;1109989
Key Up;Z;1110165
Key Up;Q;1110365
Key Down;S;1110638
Key Up;S;1111238
Key Down;A;1111310
Key Up;A;1111413
Key Down;D;1111742
Key Down;Z;1111990
Key Up;D;1112046
Key Up;Z;1112070
Key Down;Q;1114142
Key Up;Q;1114262
Key Down;Q;1114646
Key Down;Z;1114702
Key Up;Z;1114894
Key Up;Q;1114974
Key Down;A;1115134
Key Up;A;1115230
Key Down;S;1115453
Key Down;D;1115581
Key Up;S;1115605
Key Down;S;1115741
Key Up;D;1115749
Key Down;E;1115926
Key Up;E;1115998
Key Down;E;1116101
Key Up;S;1116221
Key Up;E;1116230
Key Down;Q;1116485
Key Down;S;1116862
Key Down;E;1116894
Key Up;E;1117013
Key Up;Q;1117253
Key Up;S;1117373
Key Down;E;1117550
Key Up;E;1117645
Key Down;S;1117885
Key Up;S;1118077
Key Down;Z;1118622
Key Down;D;1118694
Key Up;D;1118917
Key Up;Z;1119150
Key Down;A;1120381
Key Up;A;1120486
Key Down;S;1122109
Key Up;S;1122390
Key Down;Q;1122733
Key Down;S;1123670
Key Up;S;1123765
Key Down;S;1125030
Key Up;Q;1125765
Key Up;S;1125950
Key Down;D;1126501
Key Down;Z;1126533
Key Up;Z;1126894
Key Down;Z;1126982
Key Up;D;1127109
Key Down;A;1127502
Key Up;A;1127622
Key Down;Q;1127901
Key Up;Z;1127989
Key Up;Q;1128134
Key Down;Q;1128510
Key Down;Z;1129037
Key Up;Z;1129349
Key Down;Z;1129469
Key Up;Z;1129725
Key Down;S;1130038
Key Up;Q;1130070
Key Down;A;1130182
Key Up;A;1130270
Key Down;Q;1130414
Key Up;S;1130470
Key Down;Z;1130933
Key Up;Z;1131021
Key Up;Q;1132118
Key Down;Q;1133421
Key Up;Q;1133798
Key Down;S;1133973
Key Down;Q;1134021
Key Up;S;1134117
Key Up;Q;1134165
Key Down;S;1134366
Key Down;Q;1134438
Key Up;S;1134493
Key Up;Q;1134557
Key Down;D;1134853
Key Down;Z;1134909
Key Up;Z;1134989
Key Up;D;1135005
Key Down;Z;1135470
Key Down;D;1135510
Key Up;Z;1135653
Key Up;D;1135701
Key Down;Q;1136534
Key Down;S;1136550
Key Up;S;1136630
Key Up;Q;1136973
Key Down;Q;1137061
Key Down;Z;1137334
Key Up;Z;1137461
Key Up;Q;1137533
Key Down;S;1137605
Key Down;D;1138326
Key Up;D;1138814
Key Up;S;1138846
Key Down;S;1138902
Key Down;D;1139245
Key Up;S;1139333
Key Up;D;1139493
Key Down;Q;1140373
Key Up;Q;1140453
Key Down;S;1140469
Key Down;D;1141046
Key Up;S;1141189
Key Down;A;1141317
Key Up;A;1141389
Key Up;D;1141469
Key Down;Z;1141934
Key Down;Q;1143309
Key Up;Q;1143638
Key Down;D;1144078
Key Up;D;1144262
Key Down;A;1144533
Key Up;A;1144645
Key Up;Z;1144694
Key Down;Q;1145165
Key Down;S;1145285
Key Up;Q;1145301
Key Up;S;1145573
Key Down;D;1145965
Key Down;S;1146942
Key Up;D;1147094
Key Up;S;1148574
Key Down;Q;1148582
Key Down;Z;1148789
Key Up;Q;1149990
Key Up;Z;1150046
Key Down;Z;1150838
Key Up;Z;1150981
Key Down;E;1151045
Key Up;E;1151165
Key Down;S;1151478
Key Down;D;1151589
Key Up;D;1153237
Key Down;D;1154173
Key Up;S;1154245
Key Down;Z;1154757
Key Up;Z;1154917
Key Down;S;1155253
Key Up;D;1155333
Key Down;D;1155685
Key Up;D;1155838
Key Down;D;1156302
Key Up;S;1156382
Key Down;A;1156598
Key Up;A;1156701
Key Down;Z;1157878
Key Up;D;1157989
Key Up;Z;1157997
Key Down;Q;1158053
Key Down;S;1158262
Key Up;Q;1158981
Key Down;A;1159269
Key Up;A;1159349
Key Down;D;1159357
Key Up;S;1159638
Key Up;D;1159861
Key Down;S;1160301
Key Down;Q;1160381
Key Up;S;1160413
Key Down;Z;1160542
Key Up;Q;1160645
Key Down;Q;1161053
Key Up;Q;1161293
Key Up;Z;1162285
Key Down;S;1162429
Key Down;D;1162773
Key Up;D;1163373
Key Down;D;1163429
Key Up;D;1163646
Key Up;S;1163757
Key Down;A;1164397
Key Up;A;1164509
Key Down;Q;1164677
Key Down;Z;1164821
Key Up;Q;1165022
Key Down;D;1165781
Key Up;Z;1166525
Key Down;A;1166965
Key Up;A;1167046
Key Up;D;1167110
Key Down;S;1168006
Key Up;S;1168133
Key Down;E;1168181
Key Up;E;1168277
Key Down;E;1169525
Key Up;E;1169621
Key Down;E;1170333
Key Up;E;1170445
Key Down;S;1170877
Key Down;Q;1170885
Key Up;S;1170917
Key Up;Q;1171013
Key Down;E;1171029
Key Up;E;1171125
Key Down;Q;1171525
Key Down;S;1171613
Key Up;Q;1171621
Key Up;S;1171765
Key Down;E;1171797
Key Up;E;1171885
Key Down;D;1172637
Key Down;Z;1172693
Key Up;D;1172813
Key Up;Z;1172845
Key Down;D;1177325
Key Up;D;1177389
Key Down;Z;1178557
Key Up;Z;1178653
Key Down;E;1178733
Key Up;E;1178829
Key Down;D;1179254
Key Down;S;1180045
Key Up;S;1180141
Key Up;D;1180397
Key Down;D;1181429
Key Down;S;1182405
Key Up;S;1183301
Key Down;S;1184069
Key Up;D;1184966
Key Up;S;1185078
Key Down;Q;1185093
Key Down;Z;1185349
Key Up;Q;1185469
Key Down;Q;1185877
Key Up;Q;1186101
Key Down;A;1186246
Key Up;A;1186334
Key Up;Z;1186557
Key Down;Q;1186629
Key Up;Q;1186821
Key Down;D;1186949
Key Up;D;1187165
Key Down;D;1187293
Key Down;S;1187301
Key Up;D;1187317
Key Down;D;1187501
Key Up;D;1187654
Key Down;D;1187997
Key Up;S;1188749
Key Down;A;1188949
Key Up;A;1189070
Key Down;Z;1189110
Key Up;D;1189365
Key Down;D;1189485
Key Up;Z;1189733
Key Down;Z;1189909
Key Up;D;1190614
Key Down;A;1190885
Key Up;A;1191037
Key Up;Z;1191221
Key Down;Q;1191229
Key Down;S;1191589
Key Down;E;1192022
Key Up;E;1192094
Key Up;Q;1192285
Key Down;Q;1192933
Key Up;S;1193981
Key Up;Q;1194173
Key Down;D;1194221
Key Down;Z;1194437
Key Up;D;1194597
Key Down;Q;1195037
Key Up;Z;1195149
Key Up;Q;1195845
Key Down;Z;1196150
Key Down;D;1196405
Key Up;Z;1196821
Key Down;Q;1197470
Key Up;Q;1197574
Key Down;S;1197590
Key Up;D;1197646
Key Up;S;1197837
Key Down;D;1197845
Key Down;Z;1198349
Key Up;D;1198653
Key Down;A;1198749
Key Up;A;1198870
Key Down;D;1198998
Key Up;Z;1199022
Key Up;D;1199134
Key Down;Q;1199629
Key Down;S;1199925
Key Up;S;1200237
Key Down;S;1200550
Key Up;Q;1201309
Key Down;D;1201349
Key Up;S;1201373
Key Down;A;1201501
Key Up;A;1201613
Key Down;Z;1201702
Key Up;D;1201758
Key Down;D;1202109
Key Up;Z;1202165
Key Down;S;1203302
Key Up;D;1203461
Key Up;S;1203685
Key Down;Q;1203693
Key Up;Q;1203733
Key Down;Z;1204485
Key Up;Z;1204773
Key Down;Z;1205006
Key Down;Q;1205181
Key Up;Z;1205349
Key Up;Q;1205549
Key Down;E;1205621
Key Down;S;1205718
Key Up;E;1205726
Key Down;E;1205869
Key Up;S;1205941
Key Up;E;1205989
Key Down;S;1206589
Key Down;Q;1206701
Key Up;S;1206749
Key Down;S;1206989
Key Up;Q;1207262
Key Up;S;1207973
Key Down;A;1208093
Key Up;A;1208189
Key Down;Q;1208421
Key Down;S;1208430
Key Up;Q;1208749
Key Down;Q;1209413
Key Up;Q;1209702
Key Up;S;1209726
Key Down;A;1209885
Key Up;A;1209982
Key Down;Z;1210542
Key Down;D;1210685
Key Up;Z;1210941
Key Up;D;1211046
Key Down;D;1211405
Key Down;S;1212005
Key Up;S;1212477
Key Down;S;1214350
Key Up;S;1214477
Key Down;Z;1216662
Key Up;D;1216861
Key Down;Q;1217589
Key Up;Z;1217749
Key Up;Q;1217789
Key Down;D;1217813
Key Down;S;1218053
Key Up;D;1218078
Key Down;Q;1218189
Key Up;S;1218197
Key Down;Z;1218317
Key Up;Q;1218341
Key Down;Q;1218757
Key Up;Z;1218998
Key Up;Q;1219333
Key Down;S;1220077
Key Down;D;1220589
Key Up;S;1220597
Key Up;D;1220910
Key Down;Z;1221293
Key Down;D;1221485
Key Up;Z;1221493
Key Down;S;1221822
Key Up;S;1221941
Key Down;A;1222093
Key Up;A;1222181
Key Up;D;1222309
Key Down;Z;1222517
Key Up;Z;1222789
Key Down;S;1223182
Key Down;Q;1223285
Key Up;S;1223589
Key Up;Q;1225597
Key Down;Q;1225981
Key Down;Z;1227022
Key Up;Q;1227062
Key Down;D;1227149
Key Up;Z;1227381
Key Up;D;1227477
Key Down;S;1227989
Key Down;D;1228117
Key Up;S;1228405
Key Up;D;1228845
Key Down;S;1230869
Key Up;S;1231525
Key Down;A;1231558
Key Up;A;1231678
Key Down;Z;1232061
Key Down;D;1232573
Key Up;D;1233181
Key Up;Z;1233501
Key Down;Z;1233981
Key Down;Q;1234037
Key Up;Z;1234526
Key Up;Q;1234877
Key Down;D;1234957
Key Down;A;1235245
Key Up;A;1235301
Key Down;Q;1235926
Key Up;D;1235942
Key Down;Z;1236429
Key Up;Q;1236485
Key Down;D;1236765
Key Up;Z;1236773
Key Down;S;1236997
Key Up;D;1237213
Key Down;D;1237437
Key Up;D;1237621
Key Down;D;1237717
Key Up;S;1238005
Key Up;D;1238389
Key Down;Z;1238397
Key Up;Z;1238733
Key Down;A;1238877
Key Up;A;1239053
Key Down;Q;1239173
Key Up;Q;1239493
Key Down;D;1239741
Key Down;Z;1240181
Key Up;D;1240301
Key Down;Q;1240333
Key Up;Z;1240533
Key Down;Z;1240837
Key Up;Z;1240998
Key Up;Q;1241477
Key Down;D;1241733
Key Down;Z;1241997
Key Up;D;1242357
Key Down;A;1242381
Key Up;A;1242477
Key Up;Z;1242653
Key Down;Q;1243621
Key Down;Z;1243637
Key Up;Q;1244085
Key Up;Z;1244357
Key Down;D;1244773
Key Down;Z;1244917
Key Up;D;1244981
Key Up;Z;1245373
Key Down;D;1245869
Key Down;A;1246390
Key Up;A;1246461
Key Up;D;1246557
Key Down;S;1246733
Key Down;Q;1247349
Key Up;Q;1247525
Key Down;D;1248733
Key Up;D;1248869
Key Down;D;1248901
Key Up;S;1248925
Key Up;D;1249189
Key Down;Q;1249245
Key Down;S;1249981
Key Up;Q;1250629
Key Up;S;1251157
Key Down;A;1251294
Key Up;A;1251389
Key Down;Z;1252005
Key Down;D;1252109
Key Up;Z;1252397
Key Up;D;1252453
Key Down;D;1253221
Key Up;D;1253829
Key Down;D;1254405
Key Down;S;1254613
Key Up;D;1255093
Key Down;Q;1255589
Key Up;Q;1256678
Key Down;D;1257693
Key Up;S;1258366
Key Down;S;1259685
Key Up;D;1259909
Key Down;Q;1260613
Key Up;S;1260749
Key Down;S;1260997
Key Up;S;1261622
Key Down;S;1261845
Key Up;Q;1261893
Key Down;D;1261957
Key Up;S;1262629
Key Down;Z;1262869
Key Up;D;1263349
Key Down;Q;1264021
Key Up;Z;1264133
Key Down;S;1264349
Key Up;Q;1264565
Key Down;Q;1264941
Key Up;S;1265037
Key Down;S;1265357
Key Up;Q;1266245
Key Up;S;1266381
Key Down;Z;1266629
Key Up;Z;1266853
Key Down;S;1268285
Key Down;D;1268445
Key Up;S;1268525
Key Down;Z;1268997
Key Up;Z;1269813
Key Down;Z;1269949
Key Up;D;1270709
Key Up;Z;1271493
Key Down;Q;1271597
Key Up;Q;1271797
Key Down;A;1272021
Key Up;A;1272110
Key Down;D;1272597
Key Down;Z;1272653
Key Up;D;1272829
Key Down;Q;1273077
Key Up;Z;1273629
Key Down;S;1273917
Key Up;Q;1273941
Key Down;A;1274709
Key Up;A;1274797
Key Up;S;1275085
Key Down;Q;1275469
Key Down;S;1275933
Key Up;Q;1276069
Key Up;S;1276237
Key Down;D;1276245
Key Up;D;1276725
Key Down;Q;1276741
Key Up;Q;1276781
Key Down;Q;1276853
Key Up;Q;1277061
Key Down;Q;1277301
Key Up;Q;1277501
Key Down;D;1277669
Key Up;D;1278189
Key Down;Q;1278205
Key Up;Q;1278757
Key Down;D;1279261
Key Up;D;1279693
Key Down;Z;1279733
Key Down;Q;1279821
Key Up;Q;1280461
Key Down;Q;1280949
Key Up;Z;1281253
Key Down;S;1281565
Key Up;Q;1282293
Key Down;A;1283221
Key Up;A;1283293
Key Up;S;1283501
Key Down;D;1283734
Key Down;Z;1283749
Key Up;D;1283957
Key Up;Z;1284061
Key Down;Q;1284733
Key Up;Q;1285157
Key Down;Q;1286597
Key Down;Z;1286749
Key Up;Q;1287069
Key Up;Z;1287813
Key Down;D;1288309
Key Up;D;1288533
Key Down;S;1288556
Key Up;S;1288845
Key Down;Q;1288973
Key Up;Q;1289197
Key Down;A;1289349
Key Up;A;1289469
Key Down;D;1290957
Key Down;S;1291317
Key Up;D;1291365
Key Up;S;1292269
Key Down;S;1292501
Key Down;D;1292581
Key Down;A;1293125
Key Up;D;1293133
Key Up;A;1293237
Key Down;D;1293701
Key Up;S;1293925
Key Down;Z;1294269
Key Up;Z;1294485
Key Down;Z;1295805
Key Up;D;1295973
Key Down;D;1297373
Key Up;Z;1297389
Key Up;D;1297925
Key Down;Q;1298085
Key Down;S;1298453
Key Up;Q;1298685
Key Down;Q;1298973
Key Up;S;1299245
Key Up;Q;1299581
Key Down;D;1299733
Key Down;S;1299917
Key Up;S;1300277
Key Down;A;1301029
Key Up;A;1301149
Key Down;Z;1301196
Key Up;D;1301493
Key Down;D;1301741
Key Up;Z;1301813
Key Down;Z;1302053
Key Up;D;1302117
Key Down;Q;1302133
Key Up;Z;1302141
Key Up;Q;1302973
Key Down;D;1303061
Key Down;S;1303356
Key Up;S;1303581
Key Up;D;1303645
Key Down;D;1304021
Key Up;D;1304245
Key Down;D;1304765
Key Down;Z;1304925
Key Up;D;1305045
Key Up;Z;1305317
Key Down;Q;1305349
Key Up;Q;1305397
Key Down;D;1305413
Key Up;D;1305773
Key Down;A;1305797
Key Up;A;1305901
Key Down;D;1305949
Key Up;D;1305957
Key Down;Q;1306157
Key Up;Q;1306365
Key Down;D;1306397
Key Down;Z;1306589
Key Up;D;1306725
Key Down;Q;1306973
Key Up;Z;1308149
Key Down;Z;1308397
Key Up;Q;1308629
Key Down;Q;1308781
Key Up;Z;1308925
Key Up;Q;1309117
Key Down;Q;1309261
Key Up;Q;1309325
Key Down;D;1309965
Key Down;S;1310293
Key Up;D;1310357
Key Down;A;1310373
Key Up;A;1310501
Key Up;S;1310597
Key Down;Q;1310805
Key Down;Z;1310893
Key Up;Z;1311173
Key Up;Q;1311421
Key Down;D;1312485
Key Down;S;1312725
Key Up;D;1313109
Key Up;S;1313381
Key Down;D;1314765
Key Down;A;1315252
Key Down;Z;1315405
Key Up;A;1315421
Key Up;D;1315453
Key Down;Q;1315941
Key Up;Z;1315997
Key Down;S;1316293
Key Up;Q;1316397
Key Up;S;1316541
Key Down;S;1317949
Key Up;S;1318557
Key Down;D;1318693
Key Down;Z;1318773
Key Up;Z;1318981
Key Up;D;1319093
Key Down;Z;1319477
Key Up;Z;1319509
Key Down;D;1319933
Key Down;S;1320253
Key Up;D;1320301
Key Down;Q;1321069
Key Up;Q;1321245
Key Down;Q;1321341
Key Up;S;1321660
Key Down;S;1321748
Key Up;S;1322637
Key Down;Z;1323685
Key Up;Q;1323709
Key Down;A;1323845
Key Up;Z;1323877
Key Up;A;1323941
Key Down;Q;1324101
Key Down;Z;1324260
Key Up;Q;1325197
Key Up;Z;1325741
Key Down;D;1325773
Key Up;D;1325805
Key Down;S;1325933
Key Up;S;1326661
Key Down;Z;1327365
Key Down;D;1327501
Key Up;Z;1328517
Key Up;D;1328645
Key Down;A;1328661
Key Up;A;1328749
Key Down;S;1329013
Key Down;D;1329020
Key Up;D;1329493
Key Up;S;1329549
Key Down;Q;1329589
Key Up;Q;1330189
Key Down;A;1330765
Key Up;A;1330885
Key Down;Q;1331373
Key Up;Q;1331517
Key Down;E;1331557
Key Up;E;1331605
Key Down;Z;1332709
Key Up;Z;1335573
Key Down;A;1336573
Key Up;A;1336685
Key Down;Z;1336941
Key Down;D;1337149
Key Up;D;1337300
Key Down;Q;1337348
Key Up;Z;1337596
Key Up;Q;1337604
Key Down;D;1339861
Key Up;D;1339965
Key Down;S;1340444
Key Down;Q;1340653
Key Up;S;1340813
Key Up;Q;1341141
Key Down;Z;1341213
Key Up;Z;1341269
Key Down;E;1343837
Key Up;E;1343957
Key Down;D;1344373
Key Down;S;1344469
Key Up;D;1344565
Key Down;Q;1344813
Key Up;S;1345421
Key Down;S;1345805
Key Up;S;1345916
Key Down;S;1346429
Key Up;S;1346501
Key Up;Q;1346956
Key Down;A;1347301
Key Up;A;1347453
Key Down;Z;1347621
Key Down;Q;1347685
Key Up;Z;1347789
Key Down;S;1348093
Key Up;S;1348213
Key Down;Z;1348917
Key Up;Q;1349493
Key Down;Q;1349965
Key Up;Q;1350373
Key Up;Z;1350397
Key Down;Tab;1350533
Key Up;Tab;1351037
Key Down;Z;1351084
Key Up;Z;1351269
Key Down;Tab;1351349
Key Up;Tab;1354965
Key Down;Z;1355477
Key Down;A;1356804
Key Up;A;1356989
Key Down;Q;1357365
Key Up;Q;1357509
Key Down;D;1357645
Key Up;D;1357837
Key Down;Q;1358156
Key Up;Q;1358245
Key Down;Q;1359133
Key Up;Q;1359253
Key Down;D;1359452
Key Up;Z;1359741
Key Down;S;1359933
Key Up;D;1360005
Key Up;S;1360157
Key Down;Z;1360309
Key Down;D;1360325
Key Up;D;1360693
Key Down;Q;1361621
Key Up;Z;1362125
Key Up;Q;1362356
Key Down;Q;1362597
Key Down;S;1364061
Key Up;Q;1364221
Key Up;S;1364437
Key Down;S;1364925
Key Down;A;1365693
Key Up;A;1365805
Key Down;D;1365917
Key Up;S;1366109
Key Up;D;1367557
Key Down;D;1368109
Key Up;D;1368733
Key Down;D;1368877
Key Down;Z;1368941
Key Up;D;1369157
Key Down;Q;1369221
Key Up;Z;1369404
Key Down;Z;1369613
Key Up;Q;1369845
Key Down;D;1370341
Key Up;D;1370517
Key Up;Z;1370708
Key Down;D;1370716
Key Up;D;1370788
Key Down;Q;1371277
Key Up;Q;1372533
Key Down;S;1372877
Key Down;Q;1372965
Key Up;S;1373029
Key Up;Q;1373109
Key Down;Z;1373757
Key Down;D;1374133
Key Up;Z;1374221
Key Up;D;1374277
Key Down;S;1374677
Key Down;Q;1374709
Key Up;Q;1374860
Key Up;S;1375221
Key Down;S;1375437
Key Down;D;1375981
Key Up;S;1376333
Key Up;D;1378069
Key Down;D;1378525
Key Down;Z;1378677
Key Up;D;1378709
Key Up;Z;1379509
Key Down;Left Control;1379549
Key Down;Left Shift;1379756
Key Down;Entrée;1380077
Key Up;Entrée;1380148
Key Up;Left Shift;1380317
Key Up;Left Control;1380333
Key Down;Q;1384124
Key Up;Q;1384357
Key Down;Q;1384604
Key Down;S;1385396
Key Up;Q;1385412
Key Down;D;1386389
Key Up;S;1386709
Key Down;S;1387493
Key Up;D;1387509
Key Up;S;1387781
Key Down;A;1387997
Key Up;A;1388125
Key Down;Echap;1389389
Key Up;Echap;1389509
Key Down;Left Alt;1393701
Key Down;Tab;1393757
Key Up;Left Alt;1393804
Key Up;Tab;1393829
