Event;Key;Time
Key Down;E;1170
Key Up;E;1248
Key Down;Q;7815
Key Up;Q;8217
Key Down;D;8336
Key Down;Q;8864
Key Up;D;8882
Key Down;D;9628
Key Down;Espace;9653
Key Up;Q;9741
Key Up;Espace;9852
Key Up;D;10288
Key Down;Q;10564
Key Up;Q;11034
Key Down;Q;12985
Key Up;Q;13512
Key Down;Q;14398
Key Up;Q;14640
Key Down;Q;16162
Key Up;Q;16361
Key Down;D;17221
Key Up;D;17368
Key Down;D;17820
Key Up;D;17949
Key Down;Q;18289
Key Up;Q;18490
Key Down;Q;18637
Key Up;Q;18777
Key Down;D;19096
Key Up;D;19215
Key Down;Q;19581
Key Up;Q;19764
Key Down;D;20209
Key Up;D;20408
Key Down;D;20578
Key Up;D;20751
Key Down;Q;21131
Key Up;Q;21280
Key Down;D;21540
Key Up;D;21730
Key Down;D;21858
Key Up;D;22836
Key Down;D;23100
Key Up;D;23336
Key Down;Q;23615
Key Down;D;24012
Key Up;Q;24024
Key Up;D;24105
Key Down;D;24518
Key Up;D;24630
Key Down;D;24861
Key Up;D;24962
Key Down;D;25104
Key Up;D;25274
Key Down;D;25403
Key Up;D;25512
Key Down;D;25807
Key Up;D;25926
Key Down;D;26075
Key Up;D;26292
Key Down;Q;26825
Key Up;Q;27807
Key Down;Q;27908
Key Up;Q;28038
Key Down;Q;28401
Key Up;Q;28554
Key Down;Q;28644
Key Up;Q;28772
Key Down;D;29265
Key Up;D;29375
Key Down;D;31218
Key Up;D;31632
Key Down;R;32455
Key Up;R;32580
Key Down;Q;34930
Key Up;Q;35277
Key Down;D;36119
Key Up;D;36559
Key Down;D;37006
Key Up;D;37170
Key Down;Q;37665
Key Up;Q;37929
Key Down;Q;38248
Key Up;Q;39224
Key Down;Q;39507
Key Up;Q;39743
Key Down;Q;39973
Key Down;D;40480
Key Up;Q;40492
Key Down;Q;41260
Key Up;D;41379
Key Up;Q;41515
Key Down;D;41539
Key Down;Q;42263
Key Up;D;42321
Key Up;Q;42909
Key Down;Q;43403
Key Up;Q;43700
Key Down;Q;44664
Key Up;Q;44974
Key Down;Espace;44992
Key Down;Q;45199
Key Up;Espace;45231
Key Down;D;45345
Key Up;Q;45425
Key Down;Espace;45922
Key Up;Espace;46598
Key Up;D;46883
Key Down;Q;48880
Key Up;Q;49436
Key Down;D;49717
Key Up;D;50083
Key Down;D;51745
Key Down;S;51925
Key Up;S;52234
Key Up;D;52238
Key Down;Q;52252
Key Up;Q;52787
Key Down;Q;53472
Key Up;Q;53570
Key Down;Q;53710
Key Up;Q;54512
Key Down;Q;55143
Key Down;Espace;55522
Key Up;Espace;55589
Key Up;Q;55671
Key Down;D;55731
Key Up;D;56011
Key Down;Q;57161
Key Up;Q;57415
Key Down;Q;57546
Key Up;Q;57599
Key Down;D;57890
Key Up;D;58248
Key Down;Q;58528
Key Up;Q;58880
Key Down;D;58882
Key Up;D;59948
Key Down;Q;60639
Key Up;Q;61023
Key Down;Q;61551
Key Up;Q;61775
Key Down;D;62567
Key Up;D;63153
Key Down;Q;64562
Key Up;Q;64972
Key Down;Q;66264
Key Up;Q;66456
Key Down;D;69223
Key Up;D;69356
Key Down;D;69623
Key Up;D;70374
Key Down;Q;71449
Key Up;Q;71794
Key Down;Q;72197
Key Up;Q;72373
Key Down;D;72407
Key Up;D;72933
Key Down;Q;72982
Key Down;D;73449
Key Up;Q;73512
Key Up;D;73821
Key Down;R;74072
Key Up;R;74205
Key Down;Z;77820
Key Down;D;77846
Key Down;Espace;77966
Key Up;Espace;78202
Key Up;D;78358
Key Up;Z;78416
Key Down;D;78999
Key Down;Espace;79202
Key Down;Q;79323
Key Up;D;79454
Key Up;Espace;79499
Key Down;D;79512
Key Up;D;79608
Key Down;D;79643
Key Up;Q;79661
Key Down;Espace;79841
Key Down;Q;80016
Key Up;Espace;80029
Key Up;D;80257
Key Up;Q;80261
Key Down;Espace;80469
Key Down;D;80494
Key Up;Espace;80901
Key Up;D;80905
Key Down;R;81217
Key Up;R;81371
Key Down;Q;81749
Key Up;Q;81978
Key Down;D;82275
Key Up;D;82378
Key Down;E;82922
Key Up;E;83020
Key Down;Q;84952
Key Up;Q;85170
Key Down;Q;88164
Key Up;Q;88397
Key Down;Espace;88676
Key Down;Q;88734
Key Up;Espace;89211
Key Up;Q;89341
Key Down;D;89539
Key Up;D;89734
Key Down;Q;89885
Key Down;Espace;89919
Key Up;Espace;90305
Key Up;Q;90376
Key Down;Espace;90486
Key Up;Espace;90711
Key Down;Q;90744
Key Up;Q;90893
Key Down;Espace;91047
Key Down;D;91254
Key Up;D;91429
Key Up;Espace;91464
Key Down;Espace;91777
Key Down;D;91974
Key Up;Espace;92061
Key Up;D;92147
Key Down;E;92991
Key Up;E;93069
Key Down;E;95263
Key Up;E;95410
Key Down;S;95657
Key Down;Espace;95831
Key Up;Espace;96050
Key Up;S;96157
Key Down;R;97231
Key Up;R;97380
Key Down;E;98152
Key Up;E;98266
Key Down;Q;104870
Key Down;D;105301
Key Up;Q;105338
Key Up;D;105636
Key Down;Q;105660
Key Up;Q;106039
Key Down;Q;106250
Key Up;Q;106433
Key Down;D;107503
Key Up;D;108260
Key Down;Q;108262
Key Up;Q;108815
Key Down;D;108911
Key Up;D;109373
Key Down;Q;109786
Key Up;Q;110021
Key Down;D;110394
Key Up;D;110654
Key Down;Q;111549
Key Up;Q;111956
Key Down;Q;112385
Key Up;Q;112623
Key Down;D;113644
Key Up;D;113822
Key Down;D;114192
Key Up;D;115221
Key Down;D;115517
Key Up;D;115650
Key Down;D;116175
Key Up;D;116593
Key Down;Espace;116662
Key Down;Q;116819
Key Up;Espace;116907
Key Up;Q;117024
Key Down;Q;117726
Key Up;Q;118492
Key Down;D;118563
Key Up;D;119110
Key Down;Q;119447
Key Up;Q;120775
Key Down;D;120890
Key Up;D;122103
Key Down;D;122177
Key Up;D;122352
Key Down;D;122512
Key Up;D;122781
Key Down;D;122915
Key Up;D;123048
Key Down;Q;123200
Key Up;Q;124109
Key Down;Q;124629
Key Up;Q;125258
Key Down;Q;125738
Key Up;Q;125936
Key Down;D;126106
Key Up;D;126807
Key Down;Q;127125
Key Up;Q;127315
Key Down;Q;127678
Key Up;Q;127958
Key Down;Q;128157
Key Up;Q;128363
Key Down;Q;128688
Key Up;Q;128900
Key Down;Q;129283
Key Up;Q;129467
Key Down;Espace;129512
Key Down;D;129729
Key Up;Espace;129797
Key Up;D;130058
Key Down;D;130828
Key Up;D;131782
Key Down;D;132047
Key Up;D;132491
Key Down;Q;132844
Key Up;Q;133670
Key Down;Q;134530
Key Up;Q;134936
Key Down;Q;136345
Key Up;Q;136863
Key Down;D;137186
Key Down;Espace;138144
Key Up;Espace;138480
Key Up;D;138546
Key Down;Q;138630
Key Up;Q;139394
Key Down;D;139944
Key Up;D;140423
Key Down;Q;140685
Key Up;Q;141154
Key Down;D;141212
Key Up;D;141396
Key Down;D;141561
Key Up;D;141680
Key Down;Q;141693
Key Up;Q;141940
Key Down;D;141969
Key Up;D;142465
Key Down;Q;142843
Key Up;Q;143511
Key Down;D;143569
Key Up;D;144304
Key Down;D;144601
Key Up;D;144769
Key Down;Espace;145012
Key Down;Q;145082
Key Up;Espace;145287
Key Up;Q;145413
Key Down;Q;145644
Key Up;Q;146440
Key Down;D;147083
Key Up;D;147606
Key Down;D;148525
Key Up;D;148886
Key Down;Q;148952
Key Down;Z;149650
Key Down;Espace;149678
Key Up;Espace;149874
Key Up;Q;149919
Key Up;Z;149924
Key Down;D;150774
Key Up;D;151402
Key Down;D;151611
Key Down;Z;151976
Key Up;D;152009
Key Down;Espace;152019
Key Down;D;152049
Key Up;Espace;152216
Key Up;D;152243
Key Up;Z;152344
Key Down;D;152378
Key Up;D;152506
Key Down;Q;152828
Key Up;Q;153276
Key Down;Q;153291
Key Up;Q;153792
Key Down;Espace;154065
Key Down;Q;154075
Key Up;Espace;154306
Key Up;Q;154547
Key Down;D;154789
Key Down;S;154890
Key Up;D;155498
Key Up;S;155528
Key Down;Q;155629
Key Down;S;155645
Key Up;S;156124
Key Up;Q;156155
Key Down;D;156254
Key Down;Espace;156561
Key Up;Espace;156781
Key Up;D;156861
Key Down;D;157017
Key Up;D;157132
Key Down;D;157578
Key Up;D;158096
Key Down;D;158412
Key Up;D;158818
Key Down;Q;158978
Key Up;Q;159335
Key Down;Q;159904
Key Up;Q;160850
Key Down;Q;161252
Key Up;Q;161395
Key Down;D;161677
Key Up;D;161830
Key Down;Q;162212
Key Up;Q;162419
Key Down;D;162830
Key Up;D;163007
Key Down;D;163195
Key Up;D;163248
Key Down;D;163545
Key Up;D;163668
Key Down;Q;163819
Key Up;Q;164402
Key Down;D;164508
Key Up;D;164686
Key Down;Q;164841
Key Up;Q;164945
Key Down;D;165001
Key Up;D;165378
Key Down;Espace;165380
Key Up;Espace;165545
Key Down;Q;165695
Key Up;Q;166027
Key Down;Q;166154
Key Up;Q;166216
Key Down;D;166596
Key Up;D;167478
Key Down;D;168514
Key Up;D;168769
Key Down;Q;168960
Key Up;Q;169908
Key Down;D;170167
Key Up;D;170704
Key Down;Q;171835
Key Up;Q;172469
Key Down;D;172519
Key Up;D;173229
Key Down;Q;173323
Key Down;D;174351
Key Up;Q;174469
Key Down;Q;175066
Key Up;D;175078
Key Up;Q;175621
Key Down;D;178254
Key Down;Espace;178453
Key Up;Espace;178936
Key Up;D;179264
Key Down;D;179591
Key Down;Espace;179755
Key Down;Q;179890
Key Up;D;179958
Key Up;Espace;180055
Key Up;Q;180180
Key Down;Espace;180431
Key Down;Q;180583
Key Up;Espace;180688
Key Down;D;180771
Key Up;Q;180840
Key Down;Q;181302
Key Up;D;181319
Key Up;Q;181482
Key Down;Q;181562
Key Up;Q;181687
Key Down;D;181731
Key Down;Espace;181770
Key Up;Espace;181954
Key Down;Q;182028
Key Up;D;182076
Key Up;Q;182363
Key Down;Q;182365
Key Down;Espace;182441
Key Up;Espace;182806
Key Up;Q;183563
Key Down;Q;184008
Key Up;Q;184177
Key Down;Espace;184210
Key Down;D;184271
Key Up;Espace;184394
Key Up;D;184501
Key Down;Q;184941
Key Up;Q;185221
Key Down;Q;185470
Key Up;Q;185620
Key Down;Q;186260
Key Up;Q;186461
Key Down;D;186787
Key Down;Espace;186826
Key Up;Espace;187019
Key Up;D;188153
Key Down;D;188541
Key Up;D;188995
Key Down;D;189781
Key Up;D;189921
Key Down;Q;190031
Key Up;Q;190220
Key Down;D;190535
Key Up;D;190679
Key Down;Q;190972
Key Down;Espace;190992
Key Up;Espace;191257
Key Up;Q;192425
Key Down;Q;192605
Key Up;Q;192896
Key Down;Espace;193608
Key Down;D;193653
Key Up;Espace;193834
Key Up;D;195198
Key Down;D;195544
Key Up;D;195682
Key Down;Q;196212
Key Up;Q;196462
Key Down;D;196517
Key Up;D;196776
Key Down;Q;196886
Key Up;Q;197060
Key Down;D;197089
Key Up;D;197304
Key Down;Q;197377
Key Up;Q;197525
Key Down;D;197709
Key Up;D;197900
Key Down;Q;198300
Key Up;Q;198512
Key Down;D;198728
Key Up;D;198801
Key Down;Q;198841
Key Up;Q;199072
Key Down;Espace;199312
Key Down;Q;199368
Key Up;Espace;199496
Key Up;Q;199547
Key Down;Q;199813
Key Up;Q;200429
Key Down;Q;200781
Key Up;Q;200930
Key Down;Q;201116
Key Up;Q;201301
Key Down;Q;201667
Key Up;Q;202204
Key Down;Q;202553
Key Up;Q;202753
Key Down;D;202908
Key Down;Espace;203044
Key Up;Espace;203377
Key Up;D;203431
Key Down;Q;203433
Key Up;Q;203780
Key Down;D;204515
Key Down;Espace;204619
Key Up;Espace;204833
Key Up;D;205409
Key Down;D;205537
Key Up;D;205735
Key Down;D;206089
Key Up;D;206652
Key Down;Q;206654
Key Down;Espace;206670
Key Up;Espace;206859
Key Up;Q;207534
Key Down;D;207834
Key Up;D;207977
Key Down;D;208291
Key Up;D;208389
Key Down;Q;208710
Key Up;Q;209687
Key Down;Q;209910
Key Up;Q;210140
Key Down;Q;210558
Key Up;Q;210646
Key Down;Espace;210821
Key Up;Espace;211004
Key Down;D;211185
Key Up;D;211381
Key Down;D;211416
Key Up;D;213164
Key Down;D;213395
Key Up;D;213554
Key Down;Espace;213698
Key Up;Espace;213903
Key Down;Q;213992
Key Up;Q;214212
Key Down;Espace;214387
Key Down;D;214647
Key Up;Espace;214680
Key Up;D;214882
Key Down;Q;215008
Key Down;Espace;215125
Key Up;Espace;215409
Key Up;Q;215424
Key Down;D;215525
Key Up;D;216008
Key Down;Espace;216518
Key Down;Q;216695
Key Up;Espace;216707
Key Up;Q;217004
Key Down;D;217059
Key Up;D;217300
Key Down;D;217532
Key Up;D;217862
Key Down;Espace;218031
Key Down;Q;218062
Key Up;Espace;218307
Key Up;Q;219004
Key Down;Q;219101
Key Up;Q;219234
Key Down;D;219494
Key Up;D;219605
Key Down;Q;219981
Key Up;Q;220739
Key Down;D;221991
Key Down;Espace;222002
Key Up;Espace;222368
Key Up;D;222658
Key Down;D;222989
Key Up;D;223467
Key Down;D;223547
Key Up;D;223812
Key Down;D;223831
Key Up;D;224010
Key Down;Q;224426
Key Down;Espace;224473
Key Up;Espace;224820
Key Up;Q;226231
Key Down;D;227034
Key Down;Espace;227169
Key Up;Espace;227471
Key Up;D;227964
Key Down;D;228522
Key Up;D;229062
Key Down;Q;229927
Key Down;Espace;230300
Key Up;Q;230312
Key Down;D;230432
Key Up;Espace;230484
Key Up;D;230722
Key Down;Q;230894
Key Up;Q;231057
Key Down;Espace;231090
Key Down;Q;231409
Key Up;Espace;231441
Key Down;D;231667
Key Up;Q;231709
Key Down;Espace;231768
Key Up;Espace;232030
Key Up;D;232352
Key Down;Q;233237
Key Down;Espace;233307
Key Up;Espace;233668
Key Up;Q;233749
Key Down;Q;234476
Key Up;Q;234761
Key Down;D;235039
Key Up;D;235248
Key Down;Q;235737
Key Up;Q;235907
Key Down;Q;236303
Key Up;Q;236953
Key Down;Q;237089
Key Up;Q;237395
Key Down;Q;237438
Key Up;Q;237565
Key Down;Q;238018
Key Up;Q;238214
Key Down;Espace;238621
Key Up;Espace;238821
Key Down;D;238895
Key Down;Espace;239130
Key Up;Espace;239308
Key Up;D;240416
Key Down;D;240919
Key Up;D;241418
Key Down;Q;243611
Key Down;S;244170
Key Down;Espace;244272
Key Up;Espace;244460
Key Up;Q;244500
Key Up;S;244504
Key Down;Q;247832
Key Down;D;248927
Key Up;Q;248950
Key Down;E;249810
Key Up;E;249988
Key Down;E;250357
Key Up;E;250540
Key Up;D;250757
Key Down;Q;250759
Key Up;Q;251937
Key Down;R;255048
Key Up;R;255172
Key Down;R;257684
Key Up;R;257827
Key Down;Q;257976
Key Down;Espace;258366
Key Up;Espace;258673
Key Up;Q;258865
Key Down;Espace;259069
Key Down;D;259202
Key Up;Espace;259346
Key Up;D;259414
Key Down;E;259578
Key Up;E;259734
Key Down;R;260162
Key Up;R;260282
Key Down;E;260882
Key Up;E;260975
Key Down;Echap;266715
Key Up;Echap;266863
Key Down;S;267200
Key Down;Espace;267324
Key Up;Espace;267496
Key Down;D;267834
Key Up;S;267910
Key Down;E;268622
Key Up;D;268703
Key Up;E;268794
Key Down;E;269843
Key Up;E;269926
Key Down;D;277169
Key Down;E;277853
Key Up;D;277931
Key Up;E;278031
Key Down;Q;281518
Key Up;Q;281768
Key Down;D;281878
Key Up;D;282044
Key Down;Q;282163
Key Up;Q;282762
Key Down;D;283932
Key Up;D;284124
Key Down;Q;284586
Key Up;Q;285186
Key Down;D;285188
Key Up;D;285854
Key Down;Q;285924
Key Up;Q;286176
Key Down;D;286860
Key Up;D;287046
Key Down;Q;287318
Key Up;Q;287561
Key Down;D;287640
Key Up;D;287885
Key Down;D;288101
Key Up;D;288134
Key Down;Q;288223
Key Up;Q;288316
Key Down;Q;288513
Key Up;Q;288700
Key Down;D;288840
Key Down;Espace;288941
Key Up;Espace;289092
Key Up;D;289153
Key Down;Q;289201
Key Up;Q;289542
Key Down;D;289606
Key Up;D;290116
Key Down;Q;290265
Key Up;Q;290318
Key Down;Q;290569
Key Up;Q;290843
Key Down;D;290924
Key Up;D;291216
Key Down;Q;291245
Key Up;Q;291333
Key Down;Q;291431
Key Down;Espace;291805
Key Down;D;291826
Key Up;Q;291848
Key Up;Espace;292036
Key Up;D;292689
Key Down;Q;292758
Key Up;Q;293157
Key Down;Q;293221
Key Down;Espace;293349
Key Up;Q;293409
Key Down;D;293468
Key Up;Espace;293520
Key Down;Q;293751
Key Up;D;293783
Key Up;Q;294255
Key Down;Q;294532
Key Up;Q;294719
Key Down;Q;295052
Key Down;D;295342
Key Up;Q;295384
Key Down;Espace;295428
Key Up;Espace;295662
Key Up;D;295970
Key Down;Q;296094
Key Up;Q;296261
Key Down;Q;296446
Key Up;Q;296544
Key Down;Espace;296861
Key Down;Q;296890
Key Up;Espace;297029
Key Up;Q;297186
Key Down;Q;297395
Key Up;Q;297598
Key Down;D;297858
Key Down;Espace;297951
Key Up;Espace;298195
Key Up;D;298615
Key Down;D;301288
Key Up;D;301448
Key Down;Q;301553
Key Down;Espace;301564
Key Up;Espace;301731
Key Up;Q;302669
Key Down;D;302794
Key Up;D;302993
Key Down;Q;303038
Key Up;Q;303314
Key Down;D;303662
Key Up;D;303972
Key Down;Q;304836
Key Up;Q;305075
Key Down;D;305161
Key Up;D;305907
Key Down;Q;305921
Key Up;Q;306206
Key Down;D;306208
Key Up;D;306486
Key Down;Q;306534
Key Up;Q;306865
Key Down;Espace;306898
Key Down;Q;307039
Key Up;Espace;307127
Key Up;Q;307356
Key Down;Espace;307567
Key Up;Espace;307867
Key Down;D;307878
Key Up;D;308150
Key Down;Q;308366
Key Down;D;308707
Key Up;D;308820
Key Up;Q;309012
Key Down;D;309035
Key Up;D;309588
Key Down;Q;309669
Key Down;D;309966
Key Up;Q;309979
Key Down;Espace;310279
Key Up;Espace;310500
Key Up;D;311625
Key Down;Q;311897
Key Up;Q;312369
Key Down;Q;312677
Key Up;Q;314050
Key Down;D;314436
Key Down;Espace;314612
Key Up;Espace;314939
Key Up;D;315771
Key Down;Q;315875
Key Up;Q;316084
Key Down;Espace;316597
Key Down;D;316766
Key Up;Espace;316778
Key Up;D;316915
Key Down;D;317261
Key Up;D;317405
Key Down;Q;317500
Key Up;Q;317912
Key Down;Q;318270
Key Up;Q;318416
Key Down;D;318908
Key Up;D;319088
Key Down;D;319293
Key Up;D;319552
Key Down;Q;319610
Key Up;Q;319751
Key Down;Q;319837
Key Down;Espace;320138
Key Up;Espace;320488
Key Up;Q;320611
Key Down;D;320613
Key Down;Espace;320823
Key Up;Espace;321006
Key Down;Q;321050
Key Up;D;321062
Key Down;D;321340
Key Up;Q;321387
Key Down;Espace;321535
Key Up;Espace;321716
Key Down;Q;322452
Key Up;D;322490
Key Down;Espace;322696
Key Up;Espace;322892
Key Up;Q;323326
Key Down;D;323571
Key Down;Espace;323729
Key Up;Espace;324030
Key Up;D;324501
Key Down;Espace;324803
Key Down;Q;324813
Key Down;D;324986
Key Up;Q;325018
Key Up;Espace;325034
Key Down;S;325664
Key Up;D;325827
Key Down;Q;325888
Key Up;S;326730
Key Up;Q;326773
Key Down;Q;327588
Key Up;Q;327808
Key Down;D;328031
Key Up;D;328174
Key Down;Q;328289
Key Up;Q;328777
Key Down;Q;328964
Key Up;Q;329096
Key Down;Espace;329321
Key Down;D;329347
Key Up;Espace;329546
Key Up;D;329627
Key Down;Q;329676
Key Up;Q;329983
Key Down;D;330344
Key Up;D;330523
Key Down;Q;332969
Key Up;Q;333249
Key Down;D;333284
Key Down;Espace;333385
Key Up;Espace;333574
Key Up;D;333665
Key Down;Q;333820
Key Up;Q;334393
Key Down;D;334504
Key Up;D;334917
Key Down;Q;335093
Key Down;Espace;335240
Key Up;Espace;335438
Key Up;Q;335914
Key Down;D;336078
Key Up;D;336406
Key Down;Q;336446
Key Down;Espace;336495
Key Up;Q;336567
Key Down;D;336611
Key Up;Espace;336729
Key Up;D;337176
Key Down;D;337452
Key Up;D;337919
Key Down;D;338009
Key Up;D;338365
Key Down;Q;338401
Key Up;Q;339236
Key Down;Q;339662
Key Up;Q;339780
Key Down;Espace;340037
Key Down;Q;340193
Key Up;Espace;340318
Key Down;Z;340346
Key Up;Q;340419
Key Down;D;340473
Key Up;Z;340485
Key Up;D;340611
Key Down;Q;341207
Key Up;Q;341447
Key Down;Q;341653
Key Up;Q;341862
Key Down;D;343007
Key Up;D;343315
Key Down;D;346889
Key Up;D;347002
Key Down;E;347104
Key Up;E;347211
Key Down;Q;350803
Key Down;E;352359
Key Up;E;352517
Key Up;Q;352551
Key Down;Q;355924
Key Up;Q;356379
Key Down;D;356389
Key Up;D;356758
Key Down;Q;356881
Key Up;Q;357323
Key Down;D;358045
Key Up;D;358523
Key Down;Q;359462
Key Up;Q;359754
Key Down;Q;360559
Key Up;Q;360710
Key Down;Q;360912
Key Down;Z;361366
Key Up;Q;361519
Key Up;Z;361616
Key Down;D;361938
Key Down;Z;362028
Key Down;Espace;362206
Key Up;Z;362295
Key Up;Espace;362462
Key Up;D;363251
Key Down;Q;363441
Key Up;Q;363601
Key Down;Q;364004
Key Up;Q;364168
Key Down;Q;364367
Key Down;Espace;364435
Key Up;Espace;364674
Key Up;Q;364877
Key Down;D;364891
Key Up;D;365177
Key Down;Q;365898
Key Up;Q;366037
Key Down;Q;366463
Key Up;Q;366674
Key Down;D;366676
Key Down;Espace;366752
Key Up;Espace;367034
Key Down;Q;367047
Key Up;D;367074
Key Down;D;367300
Key Up;Q;367342
Key Down;Espace;367421
Key Up;Espace;367767
Key Up;D;368258
Key Down;Q;369760
Key Down;D;370965
Key Up;Q;370978
Key Up;D;371190
Key Down;Q;371592
Key Up;Q;371985
Key Down;D;372049
Key Up;D;372466
Key Down;E;372550
Key Up;E;372718
Key Down;S;376960
Key Down;Espace;377185
Key Up;Espace;377359
Key Up;S;377480
Key Down;E;377615
Key Up;E;377757
Key Down;Q;381143
Key Up;Q;381433
Key Down;Q;381715
Key Up;Q;381858
Key Down;D;381860
Key Down;Espace;381933
Key Up;Espace;382164
Key Up;D;382260
Key Down;Q;382532
Key Up;Q;382629
Key Down;Espace;386211
Key Down;D;386572
Key Up;Espace;386660
Key Down;Q;386805
Key Up;D;386838
Key Down;Espace;386870
Key Up;Espace;387045
Key Up;Q;387121
Key Down;Espace;387225
Key Down;D;387490
Key Up;Espace;387533
Key Up;D;387553
Key Down;D;387673
Key Up;D;387857
Key Down;Espace;387971
Key Down;Q;388108
Key Up;Espace;388556
Key Up;Q;388592
Key Down;Espace;388813
Key Down;Q;388945
Key Up;Espace;389328
Key Up;Q;389349
Key Down;Espace;389796
Key Down;D;389851
Key Up;Espace;390152
Key Up;D;390263
Key Down;Q;390500
Key Down;Espace;390651
Key Up;Espace;391026
Key Up;Q;391064
Key Down;Espace;391443
Key Down;D;391458
Key Up;Espace;391909
Key Up;D;392708
Key Down;Espace;393294
Key Down;D;393325
Key Up;Espace;393612
Key Up;D;393794
Key Down;Q;395217
Key Down;Espace;395257
Key Up;Q;395361
Key Down;D;395379
Key Up;Espace;395464
Key Up;D;395545
Key Down;Q;395575
Key Up;Q;395778
Key Down;Espace;395796
Key Down;Q;395968
Key Up;Espace;396116
Key Up;Q;396218
Key Down;Espace;396272
Key Down;D;396418
Key Up;Espace;396670
Key Down;Q;396759
Key Up;D;396774
Key Up;Q;396923
Key Down;Espace;396936
Key Down;D;397184
Key Up;Espace;397257
Key Up;D;397409
Key Down;Espace;397412
Key Down;D;397428
Key Up;Espace;397578
Key Up;D;397831
Key Down;Espace;398080
Key Down;Q;398131
Key Up;Espace;398387
Key Up;Q;398432
Key Down;Q;398664
Key Down;Espace;398739
Key Up;Espace;399078
Key Up;Q;399272
Key Down;Q;399367
Key Down;Espace;399437
Key Up;Q;399608
Key Up;Espace;399612
Key Down;Espace;402179
Key Up;Espace;402424
Key Down;Espace;403124
Key Down;Q;403273
Key Up;Espace;403498
Key Up;Q;403518
Key Down;Espace;404624
Key Down;D;404733
Key Up;Espace;405012
Key Up;D;405028
Key Down;Q;405177
Key Up;Q;405239
Key Down;Espace;405745
Key Down;D;405755
Key Up;Espace;406065
Key Up;D;406086
Key Down;D;406164
Key Down;Espace;406292
Key Up;D;406374
Key Up;Espace;406378
Key Down;Q;406504
Key Up;Q;406617
Key Down;Q;407022
Key Up;Q;407221
Key Down;Espace;408145
Key Down;D;408271
Key Up;Espace;408384
Key Down;Q;408432
Key Up;D;408463
Key Up;Q;408527
Key Down;D;408879
Key Up;D;409018
Key Down;D;409746
Key Up;D;409854
Key Down;Espace;410200
Key Up;Espace;410404
Key Down;Q;410455
Key Down;Espace;410565
Key Up;Espace;410821
Key Up;Q;410877
Key Down;Q;411257
Key Down;Espace;411308
Key Up;Espace;411645
Key Up;Q;411924
Key Down;Q;412499
Key Up;Q;412625
Key Down;Espace;412827
Key Down;Q;412899
Key Up;Espace;413128
Key Up;Q;413213
Key Down;D;413283
Key Up;D;413492
Key Down;Espace;413545
Key Down;Q;413623
Key Up;Espace;414000
Key Up;Q;414212
Key Down;Espace;414413
Key Down;Q;414514
Key Up;Espace;414841
Key Down;D;414876
Key Up;Q;414948
Key Up;D;414969
Key Down;Espace;415183
Key Down;D;415224
Key Up;Espace;415561
Key Up;D;415713
Key Down;Q;415890
Key Down;Espace;416051
Key Up;Q;416063
Key Down;D;416228
Key Up;Espace;416266
Key Up;D;416529
Key Down;Q;416654
Key Up;Q;416731
Key Down;Espace;418338
Key Down;D;418352
Key Up;Espace;418588
Key Up;D;418764
Key Down;Q;418917
Key Up;Q;418992
Key Down;Q;420429
Key Up;Q;420852
Key Down;D;421227
Key Down;Espace;421442
Key Up;Espace;421803
Key Up;D;421985
Key Down;E;422101
Key Up;E;422214
Key Down;E;424106
Key Up;E;424229
Key Down;Q;424368
Key Down;E;425343
Key Up;Q;425423
Key Up;E;425464
Key Down;D;429716
Key Down;E;430467
Key Up;D;430564
Key Up;E;430634
Key Down;D;437254
Key Up;D;437384
Key Down;D;438879
Key Down;Espace;438955
Key Up;Espace;439382
Key Up;D;439599
Key Down;D;439712
Key Up;D;439833
Key Down;Espace;440165
Key Down;Q;440301
Key Up;Q;440349
Key Up;Espace;440431
Key Down;D;441080
Key Up;D;441219
Key Down;D;441399
Key Up;D;442034
Key Down;D;442078
Key Up;D;442334
Key Down;Q;442764
Key Up;Q;443176
Key Down;D;444098
Key Up;D;444272
Key Down;D;444501
Key Down;Espace;444590
Key Up;Espace;444859
Key Up;D;444863
Key Down;Espace;446324
Key Down;Q;446334
Key Up;Espace;446667
Key Up;Q;446882
Key Down;Espace;448571
Key Down;Q;448588
Key Up;Espace;448938
Key Down;Espace;449057
Key Up;Espace;449179
Key Down;D;449194
Key Up;D;449292
Key Up;Q;449806
Key Down;Espace;450086
Key Down;Q;450136
Key Down;D;450319
Key Up;Espace;450346
Key Up;Q;450433
Key Up;D;450847
Key Down;D;450989
Key Down;Espace;451034
Key Up;Espace;451339
Key Up;D;451663
Key Down;Q;453662
Key Down;Espace;453705
Key Up;Espace;454230
Key Up;Q;454499
Key Down;D;455437
Key Up;D;455586
Key Down;Q;455705
Key Up;Q;455901
Key Down;D;456247
Key Up;D;456337
Key Down;E;456484
Key Up;E;456618
Key Down;D;460592
Key Up;D;461375
Key Down;E;461460
Key Up;E;461592
Key Down;D;465182
Key Up;D;465291
Key Down;Q;490296
Key Down;Espace;490566
Key Up;Espace;490851
Key Up;Q;491086
Key Down;Espace;491238
Key Down;D;491265
Key Up;Espace;491567
Key Down;Espace;491875
Key Up;Espace;492406
Key Down;Q;492638
Key Up;D;492680
Key Down;Espace;492751
Key Up;Espace;492983
Key Down;D;493792
Key Up;Q;493804
Key Down;S;493882
Key Up;D;493985
Key Down;Espace;494008
Key Up;Espace;494203
Key Down;Q;494271
Key Up;S;494436
Key Up;Q;494789
Key Down;D;495142
Key Up;D;495316
Key Down;D;495620
Key Up;D;496299
Key Down;Q;496709
Key Up;Q;497642
Key Down;D;497809
Key Up;D;498794
Key Down;Q;499035
Key Up;Q;499762
Key Down;D;500259
Key Up;D;500606
Key Down;D;501025
Key Up;D;501219
Key Down;D;501506
Key Up;D;501725
Key Down;D;501738
Key Up;D;501798
Key Down;Q;502129
Key Up;Q;502368
Key Down;D;502818
Key Up;D;503559
Key Down;Q;504829
Key Up;Q;505246
Key Down;D;505268
Key Up;D;505518
Key Down;Q;505714
Key Up;Q;507024
Key Down;D;507038
Key Up;D;507667
Key Down;D;508222
Key Up;D;508799
Key Down;Q;508875
Key Up;Q;509284
Key Down;Q;510368
Key Up;Q;510725
Key Down;D;511472
Key Up;D;512268
Key Down;Q;513227
Key Up;Q;513511
Key Down;Espace;513645
Key Down;Q;513665
Key Up;Espace;513911
Key Up;Q;514231
Key Down;Q;514855
Key Up;Q;515374
Key Down;S;515394
Key Down;Espace;515830
Key Up;Espace;516090
Key Down;D;516139
Key Up;D;516393
Key Up;S;516414
Key Down;Espace;518440
Key Down;Z;518471
Key Up;Espace;518654
Key Up;Z;518745
Key Down;D;519118
Key Down;Espace;519128
Key Up;Espace;519396
Key Up;D;519992
Key Down;D;520105
Key Up;D;520719
Key Down;Q;522284
Key Down;Espace;523459
Key Down;S;523479
Key Up;Q;523578
Key Up;Espace;523744
Key Down;Espace;524378
Key Up;Espace;524531
Key Down;Q;524872
Key Up;Q;525382
Key Up;S;525579
Key Down;D;526346
Key Down;Espace;526362
Key Up;Espace;526571
Key Up;D;527407
Key Down;Q;528414
Key Down;D;529805
Key Up;Q;529817
Key Up;D;531566
Key Down;Q;531811
Key Up;Q;532319
Key Down;Q;532587
Key Up;Q;533428
Key Down;D;533508
Key Up;D;534466
Key Down;Q;534695
Key Up;Q;534948
Key Down;D;535002
Key Up;D;535669
Key Down;Q;535671
Key Up;Q;536032
Key Down;D;536045
Key Up;D;536232
Key Down;Q;536299
Key Up;Q;536366
Key Down;D;536368
Key Up;D;536615
Key Down;Q;536882
Key Up;Q;537671
Key Down;D;537749
Key Up;D;537928
Key Down;Q;537937
Key Up;Q;538719
Key Down;D;538858
Key Up;D;539289
Key Down;Q;539304
Key Up;Q;539616
Key Down;D;539648
Key Up;D;540326
Key Down;Q;540328
Key Down;Espace;541198
Key Up;Espace;541423
Key Up;Q;541529
Key Down;D;541623
Key Up;D;541753
Key Down;D;541922
Key Down;Espace;543178
Key Up;Espace;543377
Key Up;D;543509
Key Down;Espace;543736
Key Down;Q;543777
Key Up;Espace;543960
Key Up;Q;543996
Key Down;S;544531
Key Down;Espace;544697
Key Up;Espace;544918
Key Down;Q;545164
Key Up;S;546381
Key Up;Q;546579
Key Down;Q;546832
Key Up;Q;546939
Key Down;D;547084
Key Up;D;547258
Key Down;D;547417
Key Up;D;547552
Key Down;D;547576
Key Up;D;547643
Key Down;Espace;547742
Key Down;D;547752
Key Up;Espace;548044
Key Up;D;548912
Key Down;Q;548982
Key Up;Q;549139
Key Down;D;550730
Key Down;Espace;550821
Key Down;Z;550939
Key Up;D;551082
Key Up;Espace;551123
Key Down;Q;551172
Key Up;Z;551219
Key Up;Q;551250
Key Down;Espace;551450
Key Down;Q;551485
Key Up;Espace;551929
Key Down;Espace;552191
Key Up;Espace;552380
Key Up;Q;552820
Key Down;S;554401
Key Down;Espace;554543
Key Down;D;554674
Key Up;Espace;554743
Key Up;S;554828
Key Up;D;555560
Key Down;Q;555951
Key Up;Q;556086
Key Down;D;556166
Key Down;Espace;556270
Key Up;Espace;556656
Key Down;Q;556691
Key Up;D;556736
Key Down;Espace;556882
Key Up;Espace;557118
Key Up;Q;557270
Key Down;Espace;561076
Key Down;Q;561189
Key Up;Espace;561398
Key Up;Q;561704
Key Down;E;562841
Key Up;E;562966
Key Down;E;563732
Key Up;E;563881
Key Down;Espace;564332
Key Down;D;564422
Key Up;Espace;564872
Key Up;D;564914
Key Down;E;565074
Key Up;E;565200
Key Down;Echap;568186
Key Up;Echap;568402
Key Down;S;568865
Key Down;Espace;569410
Key Down;Q;569641
Key Up;Espace;569693
Key Up;Q;569885
Key Up;S;569900
Key Down;D;570172
Key Down;Z;570253
Key Down;Espace;570326
Key Up;Espace;570666
Key Up;D;570696
Key Down;Espace;570916
Key Down;Q;571073
Key Up;Espace;571355
Key Up;Q;571415
Key Down;Espace;571530
Key Down;Q;571808
Key Up;Espace;572012
Key Up;Z;572153
Key Up;Q;572159
Key Down;E;572295
Key Up;E;572445
Key Down;E;573017
Key Up;E;573162
Key Down;D;573374
Key Down;Espace;573460
Key Up;Espace;573741
Key Up;D;573745
Key Down;E;573971
Key Up;E;574089
Key Down;E;574514
Key Up;E;574642
Key Down;E;574928
Key Up;E;575046
Key Down;E;575451
Key Up;E;575613
Key Down;E;575986
Key Up;E;576134
Key Down;E;576498
Key Up;E;576672
Key Down;E;576802
Key Up;E;576879
Key Down;E;576990
Key Up;E;577103
Key Down;E;577193
Key Up;E;577300
Key Down;E;577374
Key Up;E;577494
Key Down;E;577567
Key Up;E;577701
Key Down;E;577765
Key Up;E;577892
Key Down;Espace;578088
Key Up;Espace;578388
Key Down;D;578938
Key Down;Espace;579029
Key Up;Espace;579594
Key Up;D;579645
Key Down;Q;579769
Key Up;Q;580064
Key Down;D;580189
Key Up;D;580398
Key Down;Q;580516
Key Down;Espace;580761
Key Down;S;580807
Key Up;Q;580855
Key Up;Espace;581022
Key Up;S;582040
Key Down;E;582088
Key Up;E;582282
Key Down;Q;588105
Key Down;D;588739
Key Up;Q;588792
Key Up;D;589606
Key Down;D;590095
Key Up;D;590239
Key Down;Q;590500
Key Up;Q;590710
Key Down;D;590807
Key Up;D;591005
Key Down;Q;591056
Key Up;Q;591557
Key Down;D;591600
Key Down;Q;592757
Key Up;D;592835
Key Down;D;593830
Key Up;Q;593853
Key Up;D;594050
Key Down;Z;594201
Key Down;Q;594234
Key Up;Q;594751
Key Down;D;594771
Key Up;D;594922
Key Down;Q;594945
Key Up;Q;595184
Key Down;D;595203
Key Up;D;595467
Key Down;Q;595505
Key Up;Q;595608
Key Down;D;595658
Key Up;Z;595862
Key Up;D;595976
Key Down;D;596358
Key Up;D;596470
Key Down;D;596832
Key Up;D;597350
Key Down;Q;597431
Key Up;Q;597752
Key Down;D;597766
Key Up;D;597997
Key Down;Q;598091
Key Down;D;598258
Key Up;Q;598270
Key Up;D;598864
Key Down;Q;601048
Key Up;Q;602467
Key Down;D;602642
Key Up;D;603160
Key Down;D;604116
Key Up;D;604245
Key Down;Q;604379
Key Up;Q;604538
Key Down;D;604925
Key Up;D;605434
Key Down;Q;606409
Key Up;Q;606582
Key Down;D;607896
Key Up;D;607979
Key Down;D;608175
Key Up;D;608364
Key Down;Q;608999
Key Up;Q;609600
Key Down;Q;609963
Key Down;Espace;610069
Key Up;Espace;610360
Key Up;Q;610568
Key Down;D;610782
Key Down;Espace;610854
Key Up;Espace;611134
Key Up;D;611180
Key Down;D;611785
Key Up;D;611948
Key Down;Q;612008
Key Up;Q;612467
Key Down;Q;612667
Key Up;Q;612913
Key Down;Q;613166
Key Up;Q;613346
Key Down;Q;613894
Key Up;Q;614063
Key Down;D;614538
Key Down;Espace;614563
Key Up;Espace;614827
Key Up;D;615456
Key Down;S;615474
Key Down;Espace;615571
Key Up;Espace;615754
Key Up;S;615957
Key Down;D;617201
Key Up;D;617562
Key Down;Q;617607
Key Down;Espace;618173
Key Up;Espace;618474
Key Up;Q;618732
Key Down;Espace;619161
Key Down;D;619386
Key Down;Z;619435
Key Up;Espace;619447
Key Up;Z;619846
Key Up;D;619887
Key Down;D;620037
Key Up;D;620668
Key Down;D;620753
Key Up;D;620845
Key Down;S;620869
Key Down;Q;620884
Key Up;S;620962
Key Up;Q;621139
Key Down;S;621194
Key Down;Espace;621290
Key Up;Espace;621505
Key Down;Q;621670
Key Up;Q;622098
Key Up;S;622144
Key Down;S;622213
Key Down;D;622279
Key Up;D;622345
Key Down;Q;622404
Key Up;S;622914
Key Up;Q;622952
Key Down;D;623027
Key Down;Espace;623128
Key Up;Espace;623369
Key Up;D;623669
Key Down;Q;623804
Key Down;S;623835
Key Up;S;624104
Key Up;Q;624489
Key Down;D;625256
Key Up;D;625655
Key Down;Q;625704
Key Down;D;626194
Key Up;Q;626216
Key Down;Espace;626513
Key Up;Espace;626688
Key Up;D;626815
Key Down;D;627026
Key Up;D;627361
Key Down;D;627797
Key Up;D;628009
Key Down;Q;628402
Key Up;Q;628639
Key Down;Q;628773
Key Up;Q;629149
Key Down;Q;629301
Key Up;Q;629539
Key Down;D;629908
Key Up;D;630173
Key Down;Q;630338
Key Up;Q;630857
Key Down;D;631003
Key Up;D;631500
Key Down;Q;631823
Key Up;Q;632634
Key Down;D;632765
Key Up;D;633297
Key Down;D;633604
Key Up;D;633765
Key Down;Q;634247
Key Up;Q;634401
Key Down;D;634430
Key Up;D;634939
Key Down;Q;635974
Key Up;Q;636133
Key Down;D;636621
Key Up;D;636898
Key Down;D;637340
Key Up;D;637484
Key Down;D;637669
Key Down;Espace;637791
Key Down;Q;637954
Key Up;Espace;638057
Key Up;D;638082
Key Up;Q;638158
Key Down;Espace;638429
Key Down;Q;638638
Key Up;Espace;638844
Key Up;Q;638996
Key Down;D;640433
Key Down;Espace;640606
Key Up;Espace;640821
Key Up;D;640929
Key Down;Q;641431
Key Down;Espace;641446
Key Up;Espace;641677
Key Down;Espace;642201
Key Up;Espace;642501
Key Up;Q;642779
Key Down;D;644109
Key Up;D;644885
Key Down;D;645780
Key Up;D;646065
Key Down;Q;646539
Key Up;Q;646851
Key Down;D;646942
Key Up;D;647242
Key Down;S;647957
Key Up;S;648203
Key Down;Q;648549
Key Down;S;648636
Key Up;Q;648653
Key Down;Espace;648731
Key Up;Espace;648987
Key Down;Q;649093
Key Up;S;649307
Key Up;Q;649608
Key Down;Q;649957
Key Up;Q;650250
Key Down;Q;650758
Key Up;Q;650867
Key Down;D;651114
Key Up;D;651515
Key Down;Q;651594
Key Up;Q;651937
Key Down;D;651987
Key Down;Espace;652244
Key Up;Espace;652398
Key Up;D;652459
Key Down;Q;652493
Key Up;Q;652783
Key Down;D;652944
Key Up;D;653327
Key Down;Q;653745
Key Up;Q;654031
Key Down;Q;654481
Key Up;Q;654680
Key Down;D;654899
Key Up;D;655294
Key Down;D;655474
Key Up;D;655501
Key Down;D;655980
Key Up;D;656159
Key Down;D;657286
Key Up;D;657521
Key Down;Q;657811
Key Up;Q;658183
Key Down;Q;661597
Key Up;Q;662176
Key Down;Z;662614
Key Down;Espace;662675
Key Down;Q;662765
Key Up;Espace;662874
Key Up;Q;663005
Key Up;Z;663009
Key Down;Q;663668
Key Down;Espace;663874
Key Down;Z;663884
Key Up;Q;664053
Key Up;Espace;664096
Key Down;D;664465
Key Down;Espace;664529
Key Up;Espace;664829
Key Up;D;665020
Key Down;Q;665221
Key Up;Q;665380
Key Up;Z;665410
Key Down;Q;665780
Key Up;Q;665922
Key Down;Q;666086
Key Up;Q;666455
Key Down;Espace;666788
Key Down;D;666847
Key Up;Espace;667025
Key Up;D;667165
Key Down;Q;667227
Key Up;Q;667310
Key Down;Q;667449
Key Down;Espace;667683
Key Up;Q;667705
Key Down;D;667708
Key Up;Espace;667953
Key Up;D;668029
Key Down;Q;668031
Key Up;Q;668140
Key Down;Q;668570
Key Up;Q;668729
Key Down;D;669044
Key Down;Espace;669120
Key Up;Espace;669411
Key Up;D;669482
Key Down;Q;669902
Key Up;Q;670819
Key Down;D;671040
Key Down;Espace;671071
Key Up;Espace;671300
Key Up;D;672151
Key Down;Q;672236
Key Up;Q;672303
Key Down;Q;672569
Key Up;Q;672714
Key Down;D;672884
Key Up;D;673048
Key Down;D;673268
Key Up;D;673617
Key Down;D;673908
Key Up;D;674187
Key Down;D;674301
Key Up;D;674501
Key Down;Espace;674895
Key Down;Q;674925
Key Up;Espace;675160
Key Down;Espace;675757
Key Up;Espace;675930
Key Up;Q;676027
Key Down;D;676050
Key Up;D;676243
Key Down;Q;676363
Key Down;Espace;676414
Key Up;Espace;676614
Key Up;Q;676777
Key Down;D;676779
Key Up;D;676853
Key Down;Q;676952
Key Down;D;677411
Key Up;Q;677438
Key Down;Espace;677589
Key Up;Espace;677942
Key Up;D;677982
Key Down;Q;678112
Key Up;Q;678251
Key Down;D;678715
Key Up;D;678895
Key Down;D;678900
Key Down;Q;678930
Key Down;Espace;679030
Key Up;Q;679233
Key Up;Espace;679237
Key Up;D;679957
Key Down;D;680129
Key Up;D;680466
Key Down;D;680644
Key Up;D;680885
Key Down;Espace;681232
Key Down;Q;681373
Key Up;Espace;681456
Key Up;Q;681594
Key Down;D;681857
Key Up;D;682015
Key Down;D;682351
Key Down;Espace;682391
Key Down;Q;682538
Key Up;Espace;682627
Key Up;D;682673
Key Up;Q;682727
Key Down;Q;682824
Key Up;Q;683068
Key Down;D;683102
Key Down;Espace;683141
Key Up;Espace;683341
Key Down;Q;683429
Key Up;D;683442
Key Up;Q;683978
Key Down;D;683988
Key Down;Espace;684024
Key Up;Espace;684035
Key Up;D;684440
Key Down;Espace;684556
Key Down;Q;684615
Key Up;Espace;684789
Key Down;S;684843
Key Up;Q;684855
Key Down;D;685057
Key Up;S;685072
Key Up;D;685193
Key Down;D;685719
Key Up;D;685843
Key Down;Q;685885
Key Up;Q;686178
Key Down;Espace;686418
Key Down;Q;686499
Key Down;D;686655
Key Up;Q;686659
Key Up;Espace;686674
Key Up;D;686766
Key Down;Q;686864
Key Up;Q;687061
Key Down;Q;687220
Key Down;Espace;687231
Key Up;Espace;687399
Key Up;Q;687977
Key Down;Q;688194
Key Up;Q;688391
Key Down;D;688967
Key Up;D;689025
Key Down;Q;689199
Key Up;Q;689409
Key Down;D;690075
Key Down;Espace;690095
Key Up;Espace;690461
Key Up;D;691116
Key Down;D;691335
Key Up;D;691438
Key Down;D;691588
Key Up;D;691753
Key Down;D;691914
Key Up;D;692115
Key Down;D;692294
Key Up;D;692408
Key Down;D;692652
Key Up;D;692760
Key Down;D;692912
Key Up;D;693057
Key Down;Q;693067
Key Down;Espace;693102
Key Up;Espace;693371
Key Up;Q;694153
Key Down;Q;694339
Key Up;Q;694937
Key Down;D;695256
Key Down;Espace;695340
Key Up;Espace;695655
Key Up;D;696021
Key Down;D;696156
Key Down;Espace;696191
Key Up;Espace;696360
Key Up;D;696441
Key Down;Q;696459
Key Up;Q;696694
Key Down;D;696717
Key Up;D;697641
Key Down;Q;697964
Key Down;Espace;697994
Key Up;Espace;698250
Key Up;Q;699673
Key Down;Q;700136
Key Up;Q;700251
Key Down;Espace;700315
Key Down;D;700325
Key Up;Espace;700620
Key Up;D;700766
Key Down;Q;700987
Key Down;Espace;701053
Key Down;D;701308
Key Up;Q;701345
Key Up;Espace;701643
Key Up;D;701709
Key Down;Q;701714
Key Up;Q;701800
Key Down;Q;702022
Key Up;Q;702526
Key Down;D;702620
Key Down;Espace;702762
Key Up;Espace;703219
Key Up;D;703269
Key Down;Q;703563
Key Up;Q;704124
Key Down;Q;704511
Key Up;Q;704709
Key Down;Q;704824
Key Up;Q;705077
Key Down;Q;705543
Key Up;Q;705712
Key Down;D;705888
Key Down;Espace;705952
Key Up;Espace;706669
Key Up;D;706942
Key Down;D;707296
Key Up;D;708060
Key Down;Espace;708593
Key Down;Q;708605
Key Up;Espace;708908
Key Up;Q;708963
Key Down;D;709078
Key Up;D;709160
Key Down;Q;709166
Key Up;Q;709338
Key Down;D;709743
Key Up;D;709876
Key Down;D;709929
Key Up;D;710641
Key Down;Q;710897
Key Down;Espace;710912
Key Up;Espace;711216
Key Up;Q;711725
Key Down;D;711810
Key Up;D;711972
Key Down;Q;712133
Key Up;Q;712271
Key Down;Q;712610
Key Up;Q;713519
Key Down;D;714097
Key Down;Espace;714248
Key Up;Espace;714547
Key Up;D;714682
Key Down;Q;714832
Key Up;Q;715016
Key Down;Q;715110
Key Up;Q;715371
Key Down;Q;715450
Key Up;Q;715600
Key Down;Q;715681
Key Up;Q;715900
Key Down;Espace;716114
Key Down;D;716125
Key Up;Espace;716314
Key Up;D;716605
Key Down;D;717715
Key Down;S;717948
Key Up;D;718015
Key Down;Espace;718017
Key Up;Espace;718232
Key Up;S;718318
Key Down;D;718375
Key Up;D;718651
Key Down;D;719867
Key Up;D;719970
Key Down;Q;722013
Key Up;Q;722651
Key Down;D;722933
Key Down;E;723311
Key Up;E;723469
Key Down;E;723799
Key Up;E;723956
Key Down;E;724081
Key Up;E;724230
Key Down;Q;724718
Key Up;D;724756
Key Up;Q;725946
Key Down;Q;730028
Key Down;Espace;731555
Key Down;D;731802
Key Up;Espace;731823
Key Up;D;731854
Key Up;Q;731859
Key Down;D;732232
Key Down;Espace;732247
Key Down;Q;732489
Key Down;Z;732500
Key Up;Espace;732517
Key Up;D;732547
Key Up;Z;732646
Key Up;Q;732698
Key Down;E;732799
Key Up;E;732902
Key Down;E;733943
Key Up;E;734033
Key Down;Echap;736191
Key Up;Echap;736360
Key Down;S;736575
Key Down;Espace;736777
Key Down;D;736793
Key Up;Espace;736982
Key Up;S;736986
Key Down;E;737616
Key Up;D;737736
Key Up;E;737802
Key Down;Q;746342
Key Up;Q;747244
Key Down;E;747468
Key Up;E;747579
Key Down;Q;751276
Key Up;Q;751507
Key Down;D;751778
Key Up;D;752325
Key Down;Q;752395
Key Up;Q;752636
Key Down;Q;753266
Key Down;Espace;753383
Key Up;Q;753447
Key Down;D;753506
Key Up;Espace;753542
Key Up;D;753770
Key Down;Q;754396
Key Down;Espace;754459
Key Down;D;754559
Key Up;Espace;754612
Key Up;Q;754648
Key Up;D;754869
Key Down;Q;755014
Key Up;Q;755177
Key Down;Q;755583
Key Up;Q;755696
Key Down;D;755805
Key Up;D;756055
Key Down;D;756475
Key Up;D;756598
Key Down;A;757216
Key Up;A;757351
Key Down;Espace;757411
Key Up;Espace;757615
Key Down;Espace;757723
Key Down;Q;757875
Key Up;Espace;757964
Key Up;Q;758135
Key Down;D;758228
Key Up;D;758419
Key Down;Espace;758442
Key Down;Q;758457
Key Up;Espace;758714
Key Up;Q;758855
Key Down;Q;758900
Key Down;Espace;759431
Key Up;Espace;759614
Key Down;D;759650
Key Up;D;759839
Key Up;Q;760107
Key Down;Espace;760653
Key Down;D;760723
Key Up;Espace;761028
Key Up;D;761058
Key Down;Espace;761892
Key Up;Espace;762056
Key Down;D;762386
Key Down;Espace;762473
Key Up;Espace;762770
Key Up;D;763052
Key Down;Q;763581
Key Up;Q;763771
Key Down;S;764507
Key Down;Espace;764919
Key Up;Espace;765143
Key Up;S;765442
Key Down;Q;765613
Key Up;Q;765807
Key Down;D;766082
Key Up;D;766222
Key Down;E;766340
Key Up;E;766485
Key Down;D;767612
Key Down;Espace;770136
Key Up;Espace;770295
Key Down;Espace;770729
Key Up;Espace;770880
Key Up;D;771197
Key Down;Q;771296
Key Down;E;771534
Key Up;Q;771546
Key Up;E;771668
Key Down;D;774978
Key Up;D;775061
Key Down;Q;775537
Key Up;Q;775682
Key Down;Q;777982
Key Up;Q;778137
Key Down;D;778285
Key Up;D;778464
Key Down;D;778778
Key Up;D;779049
Key Down;Espace;779051
Key Down;Q;779078
Key Up;Espace;779322
Key Up;Q;779388
Key Down;Q;779892
Key Up;Q;779975
Key Down;Q;780388
Key Up;Q;780486
Key Down;Q;780844
Key Up;Q;780993
Key Down;Q;781725
Key Up;Q;781813
Key Down;Q;782262
Key Up;Q;782426
Key Down;D;782749
Key Down;Espace;782886
Key Up;Espace;783146
Key Up;D;783348
Key Down;Q;783695
Key Up;Q;783884
Key Down;D;784187
Key Down;Espace;784289
Key Up;Espace;784421
Key Up;D;784437
Key Down;Q;784616
Key Up;Q;784724
Key Down;D;785287
Key Up;D;785489
Key Down;Espace;785884
Key Down;Q;786033
Key Up;Espace;786121
Key Up;Q;786244
Key Down;D;786285
Key Down;Q;786540
Key Up;D;786553
Key Up;Q;786754
Key Down;Q;786905
Key Up;Q;787172
Key Down;D;787719
Key Up;D;787871
Key Down;Q;788105
Key Up;Q;788300
Key Down;D;788409
Key Up;D;788567
Key Down;D;788747
Key Up;D;789099
Key Down;D;789235
Key Up;D;789444
Key Down;Q;789446
Key Down;Espace;789462
Key Up;Espace;789641
Key Up;Q;789681
Key Down;Q;789913
Key Up;Q;790421
Key Down;D;790777
Key Up;D;790845
Key Down;Q;791442
Key Down;Espace;791542
Key Up;Q;791686
Key Up;Espace;791716
Key Down;D;791796
Key Up;D;791938
Key Down;Q;792084
Key Up;Q;792285
Key Down;Espace;792558
Key Down;D;792605
Key Up;Espace;792925
Key Down;E;793296
Key Up;D;793332
Key Up;E;793419
Key Down;S;795617
Key Up;S;798227
Key Down;Q;798229
Key Up;Q;798842
Key Down;D;798929
Key Down;E;799534
Key Up;D;799651
Key Up;E;799712
Key Down;D;804865
Key Up;D;804928
Key Down;D;807434
Key Down;Espace;807484
Key Up;Espace;808002
Key Up;D;808180
Key Down;D;808270
Key Up;D;808435
Key Down;Espace;808549
Key Down;Q;808568
Key Up;Espace;808739
Key Up;Q;808775
Key Down;D;808924
Key Up;D;809098
Key Down;Q;809283
Key Down;Espace;809333
Key Up;Espace;809949
Key Up;Q;809953
Key Down;Q;810523
Key Down;Espace;810558
Key Up;Espace;811245
Key Up;Q;811330
Key Down;D;812713
Key Down;Espace;812852
Key Up;Espace;813000
Key Up;D;813004
Key Down;D;813292
Key Up;D;813416
Key Down;Q;814057
Key Up;Q;814456
Key Down;D;815231
Key Up;D;815350
Key Down;D;815717
Key Up;D;816155
Key Down;Espace;816289
Key Up;Espace;816605
Key Down;Espace;816903
Key Down;Q;816963
Key Up;Espace;817212
Key Up;Q;817354
Key Down;Espace;817514
Key Down;D;817528
Key Up;Espace;817785
Key Up;D;818009
Key Down;Q;818557
Key Up;Q;818707
Key Down;Espace;818801
Key Down;Q;818816
Key Up;Espace;819017
Key Up;Q;819021
Key Down;D;819085
Key Up;D;819416
Key Down;D;820574
Key Up;D;820697
Key Down;Q;820738
Key Up;Q;821003
Key Down;Espace;821020
Key Down;D;821082
Key Up;Espace;821159
Key Up;D;821185
Key Down;Q;821203
Key Up;Q;821474
Key Down;Q;821573
Key Up;Q;821779
Key Down;D;821930
Key Up;D;822265
Key Down;D;822546
Key Down;Espace;822672
Key Up;Espace;822907
Key Down;Espace;823195
Key Up;Espace;823611
Key Down;Espace;823736
Key Up;Espace;824177
Key Down;Espace;824409
Key Down;Q;824500
Key Up;Espace;824852
Key Up;Q;824902
Key Down;Espace;825068
Key Down;Q;825139
Key Up;D;825227
Key Up;Espace;825475
Key Down;D;825639
Key Up;Q;825651
Key Down;Espace;825767
Key Up;Espace;826053
Key Down;Espace;826263
Key Down;Q;826299
Key Up;D;826311
Key Up;Espace;826564
Key Up;Q;826720
Key Down;Espace;827110
Key Down;D;827236
Key Up;Espace;827455
Key Down;Espace;827625
Key Up;Espace;828138
Key Down;Espace;828380
Key Up;Espace;828651
Key Up;D;828787
Key Down;Q;828847
Key Down;Espace;828873
Key Up;Espace;829149
Key Up;Q;829311
Key Down;D;829462
Key Down;Espace;829530
Key Up;Espace;830060
Key Down;E;830151
Key Up;D;830163
Key Up;E;830284
Key Down;E;832211
Key Up;E;832355
Key Down;Q;832408
Key Down;Espace;832650
Key Up;Espace;833332
Key Up;Q;833357
Key Down;E;833395
Key Up;E;833549
Key Down;Q;838439
Key Down;E;839318
Key Up;Q;839424
Key Up;E;839445
Key Down;Q;841993
Key Up;Q;842294
Key Down;D;842327
Key Up;D;842482
Key Down;Q;842568
Key Up;Q;842745
Key Down;D;843218
Key Up;D;843414
Key Down;Q;847788
Key Up;Q;847977
Key Down;D;848750
Key Up;D;848878
Key Down;D;849611
Key Up;D;849735
Key Down;D;849966
Key Up;D;850133
Key Down;Q;850263
Key Up;Q;850362
Key Down;Q;850594
Key Up;Q;850717
Key Down;Q;850862
Key Up;Q;850995
Key Down;D;851939
Key Down;Espace;852277
Key Up;Espace;852559
Key Up;D;853126
Key Down;Q;854349
Key Up;Q;854690
Key Down;Espace;854852
Key Down;D;854901
Key Up;Espace;855094
Key Up;D;855226
Key Down;D;856236
Key Up;D;856370
Key Down;Q;856389
Key Down;Espace;856676
Key Up;Espace;856908
Key Down;Espace;857253
Key Up;Espace;857611
Key Down;Espace;857792
Key Up;Espace;858183
Key Down;Espace;858383
Key Up;Espace;858597
Key Down;E;858840
Key Up;Q;858927
Key Up;E;858988
Key Down;E;859127
Key Up;E;859180
Key Down;D;859329
Key Up;D;859462
Key Down;E;859619
Key Up;E;859660
Key Down;Q;863692
Key Down;E;864421
Key Up;Q;864535
Key Up;E;864574
Key Down;D;871365
Key Up;D;871918
Key Down;D;872161
Key Down;Q;872211
Key Up;D;872223
Key Up;Q;873394
Key Down;D;873654
Key Up;D;873671
Key Down;D;874310
Key Up;D;874518
Key Down;Q;874592
Key Up;Q;874695
Key Down;D;874829
Key Up;D;875340
Key Down;D;875524
Key Up;D;875704
Key Down;Q;875769
Key Up;Q;876575
Key Down;Q;876742
Key Up;Q;876925
Key Down;D;876944
Key Up;D;877266
Key Down;D;877506
Key Up;D;877608
Key Down;Q;877931
Key Up;Q;878029
Key Down;Q;879879
Key Up;Q;879983
Key Down;D;880127
Key Up;D;880258
Key Down;D;880604
Key Up;D;880677
Key Down;Q;880775
Key Up;Q;880909
Key Down;Q;881197
Key Up;Q;881306
Key Down;D;881450
Key Down;E;882017
Key Up;D;882029
Key Up;E;882141
Key Down;D;897299
Key Up;D;897473
Key Down;D;897671
Key Up;D;898173
Key Down;Q;898424
Key Up;Q;898603
Key Down;Espace;898689
Key Up;Espace;899265
Key Down;Espace;899383
Key Up;Espace;899779
Key Down;Left Alt;913931
Key Down;Tab;914035
Key Up;Left Alt;914117
Key Up;Tab;914178
