Event;Key;Time
Key Down;Q;3662
Key Down;D;3750
Key Down;Z;3766
Key Up;Q;3806
Key Up;Z;4046
Key Down;Z;4887
Key Up;Z;5046
Key Down;S;5791
Key Up;S;7262
Key Down;A;9454
Key Up;A;9542
Key Up;D;9815
Key Down;Z;9926
Key Up;Z;10134
Key Down;S;10447
Key Down;Q;10526
Key Up;S;10710
Key Down;Z;11175
Key Up;Q;11271
Key Down;D;11278
Key Down;Q;11462
Key Up;D;11486
Key Up;Z;11550
Key Up;Q;11574
Key Down;Q;11678
Key Down;Z;11943
Key Up;Q;12198
Key Up;Z;12230
Key Down;Z;12766
Key Down;D;13150
Key Up;Z;13166
Key Down;S;13334
Key Up;D;13438
Key Up;S;13502
Key Down;Z;13615
Key Down;D;13782
Key Up;Z;13847
Key Up;D;13943
Key Down;S;14182
Key Down;Q;14438
Key Up;Q;14791
Key Down;D;14934
Key Up;S;15454
Key Up;D;15542
Key Down;E;15638
Key Up;E;15718
Key Down;S;16422
Key Down;D;16518
Key Up;S;16815
Key Up;D;17086
Key Down;D;18422
Key Down;S;18638
Key Up;D;18711
Key Down;Q;18790
Key Up;Q;18806
Key Up;S;18814
Key Down;Z;18926
Key Up;Z;19806
Key Down;D;22166
Key Down;Z;22894
Key Up;D;23846
Key Down;Q;24143
Key Up;Q;24774
Key Up;Z;24798
Key Down;D;24814
Key Down;S;25518
Key Down;A;25839
Key Up;A;25966
Key Up;S;26166
Key Down;Z;27982
Key Up;Z;28062
Key Up;D;28598
Key Down;S;28606
Key Down;Q;28734
Key Up;S;28766
Key Down;Z;29486
Key Up;Q;30038
Key Down;Q;30358
Key Up;Q;30502
Key Down;D;30775
Key Up;Z;31302
Key Down;Z;32326
Key Up;Z;32454
Key Down;S;33575
Key Up;D;34398
Key Down;Q;34662
Key Up;Q;35022
Key Down;A;35198
Key Up;S;35222
Key Up;A;35262
Key Down;Z;35455
Key Down;Q;35686
Key Up;Z;36478
Key Down;Z;37494
Key Up;Z;38062
Key Down;S;38318
Key Up;S;38774
Key Up;Q;39126
Key Down;D;39182
Key Down;Z;39262
Key Up;Z;39646
Key Down;S;41158
Key Up;D;41830
Key Up;S;41902
Key Down;S;42334
Key Down;D;42350
Key Up;S;42478
Key Up;D;42510
Key Down;D;43014
Key Down;Z;43078
Key Up;Z;43166
Key Up;D;43175
Key Down;D;43966
Key Down;S;43974
Key Up;D;44126
Key Up;S;44462
Key Down;A;46262
Key Up;A;46327
Key Down;S;48046
Key Down;Q;48126
Key Up;Q;48222
Key Down;D;50534
Key Up;D;50822
Key Up;S;50974
Key Down;Z;51110
Key Down;Q;51318
Key Up;Q;51862
Key Up;Z;52326
Key Down;D;52598
Key Down;S;52614
Key Up;D;52678
Key Down;D;52775
Key Up;S;53070
Key Down;S;53326
Key Up;D;53478
Key Down;D;54110
Key Up;D;54230
Key Down;Q;54582
Key Up;S;55838
Key Down;Z;56430
Key Up;Z;56758
Key Down;D;56838
Key Up;Q;56846
Key Down;S;57158
Key Up;S;57422
Key Down;Z;58214
Key Up;D;58622
Key Down;Q;59302
Key Up;Q;59502
Key Up;Z;60214
Key Down;Q;60470
Key Down;S;60694
Key Up;Q;61222
Key Down;A;61422
Key Up;A;61510
Key Down;Q;61702
Key Up;S;61822
Key Down;S;62494
Key Up;S;62630
Key Up;Q;63550
Key Down;A;64486
Key Up;A;64566
Key Down;Q;65014
Key Up;Q;65518
Key Down;Z;65766
Key Up;Z;65894
Key Down;Z;66622
Key Down;Q;66726
Key Up;Z;67294
Key Up;Q;68622
Key Down;D;69542
Key Down;S;69646
Key Up;D;69798
Key Up;S;70510
Key Down;A;70558
Key Up;A;70605
Key Down;Z;70806
Key Down;Q;70950
Key Up;Z;71238
Key Down;S;71782
Key Up;S;71902
Key Up;Q;74078
Key Down;Q;74398
Key Down;Z;74814
Key Up;Q;74854
Key Down;D;75166
Key Up;D;75694
Key Down;D;75942
Key Up;D;76214
Key Up;Z;76694
Key Down;Z;77798
Key Up;Z;78710
Key Down;Q;78838
Key Down;Z;79678
Key Up;Z;79806
Key Down;S;80534
Key Up;Q;80766
Key Down;A;80966
Key Up;A;81054
Key Down;Q;81254
Key Up;S;81318
Key Down;S;81566
Key Up;S;82102
Key Down;S;83406
Key Up;Q;83854
Key Up;S;84350
Key Down;Q;84358
Key Up;Q;84502
Key Down;S;84510
Key Up;S;84694
Key Down;D;85006
Key Down;S;85030
Key Up;D;85062
Key Up;S;85086
Key Down;S;85494
Key Up;S;85526
Key Down;S;89342
Key Down;D;89662
Key Up;D;89702
Key Down;Q;90374
Key Up;Q;90558
Key Down;Q;90878
Key Up;S;91518
Key Down;S;92070
Key Down;D;92662
Key Up;Q;92670
Key Up;D;92918
Key Down;Q;92958
Key Up;Q;93190
Key Down;Q;93502
Key Up;S;93686
Key Down;D;93782
Key Down;Z;93830
Key Up;Q;93838
Key Up;D;93910
Key Down;D;94126
Key Up;Z;94974
Key Down;Z;95182
Key Up;Z;95342
Key Down;Z;95702
Key Up;D;95974
Key Up;Z;96310
Key Down;Q;96374
Key Down;S;96630
Key Up;S;96998
Key Down;S;97470
Key Up;Q;98590
Key Up;S;98598
Key Down;D;98606
Key Down;Z;98726
Key Up;D;98846
Key Down;D;99150
Key Up;Z;99718
Key Down;S;100158
Key Down;A;100230
Key Up;A;100334
Key Up;S;100814
Key Down;S;101181
Key Up;D;101414
Key Down;D;101574
Key Up;S;101598
Key Down;S;101734
Key Up;D;101798
Key Down;D;101982
Key Up;D;102270
Key Down;E;102814
Key Up;S;102878
Key Up;E;102950
Key Down;S;103390
Key Up;S;103470
Key Down;Q;103742
Key Down;S;103902
Key Up;Q;104262
Key Up;S;104366
Key Down;Z;105390
Key Down;D;105974
Key Up;Z;106086
Key Down;S;106286
Key Up;D;106342
Key Up;S;106494
Key Down;S;106558
Key Up;S;106590
Key Down;A;107374
Key Up;A;107446
Key Down;Q;107750
Key Down;S;107886
Key Up;Q;108206
Key Up;S;108382
Key Down;Z;108518
Key Up;Z;108726
Key Down;D;108750
Key Up;D;108830
Key Down;S;109414
Key Down;Q;109574
Key Up;S;110614
Key Down;Z;111006
Key Up;Q;111110
Key Down;D;111189
Key Up;Z;111310
Key Down;Z;111614
Key Up;Z;111750
Key Up;D;112102
Key Down;D;112302
Key Up;D;112550
Key Down;Z;112710
Key Down;Q;112790
Key Up;Z;112822
Key Up;Q;113006
Key Down;D;113022
Key Up;D;113142
Key Down;S;113174
Key Up;S;113310
Key Down;Q;114118
Key Down;S;114309
Key Up;S;114542
Key Down;Z;114734
Key Up;Z;115382
Key Down;Z;115422
Key Up;Z;115934
Key Down;D;116134
Key Down;Z;116142
Key Up;Q;116342
Key Up;D;116502
Key Up;Z;116550
Key Down;Q;116686
Key Down;Z;116862
Key Up;Z;116990
Key Down;S;117174
Key Up;S;117302
Key Down;D;117414
Key Down;Z;117438
Key Up;Q;117478
Key Up;Z;117557
Key Down;S;117710
Key Up;D;118062
Key Up;S;118126
Key Down;Q;118342
Key Down;Z;118462
Key Up;Q;118774
Key Down;D;118822
Key Up;Z;118870
Key Up;D;119214
Key Down;Z;119222
Key Down;Q;119381
Key Up;Z;119414
Key Down;Z;119526
Key Up;Q;119638
Key Down;D;120262
Key Up;Z;120430
Key Down;Z;121254
Key Up;Z;121542
Key Down;S;121910
Key Up;S;122094
Key Down;Z;122718
Key Up;D;122742
Key Down;Q;122902
Key Up;Z;123638
Key Down;S;123974
Key Up;Q;124718
Key Down;Q;124790
Key Up;Q;125126
Key Down;D;125150
Key Up;S;125158
Key Down;S;125454
Key Up;D;125574
Key Up;S;125798
Key Down;Z;128438
Key Down;D;128534
Key Up;D;128910
Key Down;Q;129046
Key Up;Z;129118
Key Down;S;129349
Key Up;Q;129430
Key Down;A;129742
Key Up;A;129830
Key Down;Q;130094
Key Up;S;130246
Key Up;Q;130494
Key Down;Q;131334
Key Down;S;131342
Key Up;S;131982
Key Up;Q;132038
Key Down;Q;132278
Key Up;Q;132590
Key Down;D;133022
Key Up;D;133454
Key Down;Left Shift;134374
Key Up;Left Shift;134854
Key Down;Tab;136854
Key Up;Tab;138438
Key Down;S;139222
Key Down;Q;139958
Key Up;Q;140078
Key Up;S;140246
Key Down;A;140510
Key Up;A;140590
Key Down;S;140838
Key Down;D;141142
Key Up;D;141246
Key Up;S;141518
Key Down;S;142022
Key Down;D;144510
Key Up;S;145054
Key Down;Z;145750
Key Up;D;146078
Key Up;Z;146358
Key Down;E;147302
Key Up;E;147406
Key Down;S;148462
Key Up;S;148582
Key Down;Z;149134
Key Up;Z;149214
Key Down;E;149349
Key Up;E;149430
Key Down;S;149830
Key Down;D;149974
Key Up;S;150246
Key Down;Z;150949
Key Up;D;151406
Key Up;Z;152406
Key Down;S;153358
Key Down;D;154574
Key Down;A;154702
Key Up;A;154798
Key Up;S;154974
Key Up;D;157701
Key Down;D;158070
Key Down;Z;158590
Key Up;D;158974
Key Up;Z;161062
Key Down;Q;161454
Key Down;Z;161630
Key Up;Q;161718
Key Down;Q;162150
Key Up;Q;162326
Key Down;D;162718
Key Up;Z;162822
Key Down;Z;163110
Key Up;Z;163142
Key Up;D;163182
Key Down;Q;163382
Key Up;Q;163494
Key Down;E;163901
Key Up;E;163982
Key Down;Z;168334
Key Up;Z;168398
Key Down;E;168670
Key Up;E;168750
Key Down;Q;170526
Key Down;S;170734
Key Up;Q;170790
Key Down;Q;173373
Key Up;S;173990
Key Up;Q;177470
Key Down;Tab;177686
Key Up;Tab;180062
Key Down;Q;180766
Key Down;S;181198
Key Up;Q;181830
Key Down;D;183822
Key Up;D;184230
Key Down;A;185350
Key Up;A;185478
Key Down;Q;185654
Key Up;S;185941
Key Down;S;186070
Key Up;S;187333
Key Down;S;187742
Key Up;S;188125
Key Up;Q;188750
Key Down;Q;189414
Key Up;Q;190926
Key Down;S;191902
Key Down;Q;192182
Key Up;S;192238
Key Up;Q;193446
Key Down;D;194342
Key Down;Z;194766
Key Up;D;194814
Key Down;Q;195078
Key Up;Z;195093
Key Up;Q;195197
Key Down;Q;198622
Key Down;Z;198750
Key Up;Q;198782
Key Up;Z;198910
Key Down;E;199693
Key Up;E;199806
Key Down;D;200142
Key Down;Z;200566
Key Up;D;200910
Key Down;Q;201357
Key Up;Z;201573
Key Down;S;203286
Key Up;S;205918
Key Down;S;207422
Key Up;S;207726
Key Up;Q;208246
Key Down;D;208342
Key Down;S;208542
Key Up;S;208734
Key Down;Z;208926
Key Up;D;209110
Key Up;Z;209246
Key Down;S;209790
Key Up;S;209925
Key Down;Q;210134
Key Up;Q;210677
Key Down;Z;211942
Key Down;D;212974
Key Up;D;213150
Key Up;Z;213254
Key Down;S;213542
Key Up;S;214109
Key Down;E;214934
Key Up;E;215013
Key Down;Z;215238
Key Down;D;217030
Key Up;D;217118
Key Down;D;218382
Key Up;Z;218797
Key Up;D;218862
Key Down;Q;219022
Key Down;S;219166
Key Up;Q;219350
Key Up;S;219493
Key Down;Tab;219686
Key Up;Tab;223294
Key Down;Z;223966
Key Down;Q;225438
Key Up;Q;225942
Key Down;Q;226006
Key Up;Z;226806
Key Down;Z;227078
Key Up;Q;227574
Key Down;D;230470
Key Up;D;230926
Key Down;D;231262
Key Up;Z;231502
Key Up;D;231718
Key Down;D;232142
Key Up;D;232502
Key Down;S;233429
Key Down;Q;233438
Key Up;Q;233638
Key Down;D;233678
Key Up;S;233758
Key Down;Z;234086
Key Up;D;234213
Key Up;Z;234317
Key Down;Q;234686
Key Up;Q;234766
Key Down;Q;237526
Key Down;Z;237822
Key Up;Z;238158
Key Up;Q;238390
Key Down;Z;239053
Key Up;Z;239278
Key Down;S;240077
Key Down;Q;240534
Key Up;S;240838
Key Down;Z;241246
Key Up;Q;241286
Key Up;Z;241422
Key Down;S;244070
Key Down;Q;244102
Key Up;S;244517
Key Down;Z;244822
Key Up;Q;245030
Key Up;Z;245174
Key Down;Q;245398
Key Up;Q;245614
Key Down;D;246126
Key Down;Z;247558
Key Up;Z;248206
Key Up;D;248445
Key Down;Z;248582
Key Down;D;248918
Key Up;D;249182
Key Up;Z;249374
Key Down;Z;250070
Key Up;Z;250494
Key Down;Z;251470
Key Down;Q;252678
Key Up;Z;253789
Key Down;Z;254230
Key Up;Z;254878
Key Down;D;255598
Key Up;Q;255669
Key Down;Z;255902
Key Up;D;256333
Key Up;Z;256446
Key Down;D;256549
Key Down;Z;256693
Key Up;Z;256878
Key Down;S;257014
Key Up;D;257597
Key Up;S;258206
Key Down;D;258534
Key Down;Z;258685
Key Up;D;258862
Key Down;Q;259125
Key Up;Z;259502
Key Up;Q;259518
Key Down;S;260302
Key Down;Q;260894
Key Up;S;260966
Key Down;S;261110
Key Up;Q;261382
Key Down;D;261422
Key Up;D;261462
Key Down;Q;261518
Key Up;S;262358
Key Down;S;262558
Key Up;Q;262669
Key Down;D;262733
Key Up;S;262742
Key Down;Z;262958
Key Up;D;263846
Key Down;Q;264014
Key Up;Z;264062
Key Down;S;264278
Key Up;S;264598
Key Up;Q;265086
Key Down;D;265213
Key Down;Z;265229
Key Up;D;265798
Key Down;Q;265829
Key Up;Z;266606
Key Down;Z;266886
Key Up;Z;267133
Key Up;Q;267149
Key Down;D;267221
Key Down;S;267486
Key Down;A;267661
Key Up;A;267758
Key Up;S;268029
Key Down;S;268638
Key Up;S;269446
Key Up;D;269637
Key Down;Q;270110
Key Down;Z;270149
Key Up;Z;270630
Key Down;Z;271406
Key Up;Z;272550
Key Down;Z;273037
Key Up;Z;273390
Key Down;D;276678
Key Up;Q;276718
Key Down;Z;276822
Key Up;Z;277126
Key Up;D;277269
Key Down;D;277549
Key Down;Z;277654
Key Up;D;277950
Key Down;Q;278646
Key Up;Q;279133
Key Down;Q;279253
Key Up;Z;279950
Key Down;D;280238
Key Up;Q;280262
Key Down;S;280838
Key Up;D;280934
Key Down;Q;281061
Key Up;S;281334
Key Down;Z;281494
Key Up;Q;281693
Key Up;Z;282062
Key Down;Z;282150
Key Down;Q;282534
Key Up;Z;283286
Key Down;S;283694
Key Up;Q;283718
Key Down;D;283750
Key Up;D;283830
Key Down;Q;284181
Key Up;Q;284406
Key Down;Q;284854
Key Up;S;284862
Key Down;Z;285005
Key Up;Q;285126
Key Up;Z;285397
Key Down;Z;285758
Key Down;D;285838
Key Up;Z;286302
Key Down;S;287062
Key Up;D;287910
Key Down;D;288222
Key Up;S;288366
Key Down;Z;288510
Key Up;D;288598
Key Down;Q;288838
Key Up;Z;288886
Key Up;Q;289013
Key Down;A;289149
Key Up;A;289222
Key Down;Q;289590
Key Up;Q;290342
Key Down;Z;291301
Key Down;Q;292293
Key Up;Q;292581
Key Down;D;293198
Key Up;D;293750
Key Up;Z;296037
Key Down;Z;299029
Key Down;Q;299358
Key Up;Z;300078
Key Down;D;301350
Key Down;Z;301382
Key Up;Q;301406
Key Up;Z;301494
Key Up;D;301814
Key Down;Q;302198
Key Up;Q;302389
Key Down;Q;302862
Key Down;Z;303166
Key Up;Z;303670
Key Up;Q;303781
Key Down;D;303797
Key Up;D;303926
Key Down;Q;304021
Key Down;Z;304358
Key Up;Q;304446
Key Down;D;304910
Key Up;Z;305046
Key Down;Q;305446
Key Down;S;305757
Key Up;D;305870
Key Up;S;305894
Key Down;D;306006
Key Up;Q;306126
Key Down;S;306286
Key Up;D;306821
Key Down;Q;306966
Key Up;S;307078
Key Down;S;307358
Key Up;Q;307390
Key Down;D;307518
Key Up;D;307765
Key Down;D;307798
Key Up;S;307989
Key Down;Q;308565
Key Up;D;308653
Key Down;Z;308941
Key Down;D;308990
Key Up;Q;309021
Key Up;Z;309117
Key Up;D;309358
Key Down;Q;309366
Key Down;Z;309453
Key Up;Z;309638
Key Up;Q;309790
Key Down;D;310014
Key Up;D;310110
Key Down;Q;310350
Key Down;Z;310870
Key Up;Q;310958
Key Down;D;311054
Key Up;D;311366
Key Down;Q;311445
Key Up;Q;311526
Key Down;Q;311693
Key Up;Z;312054
Key Down;D;312109
Key Up;D;312158
Key Down;S;312165
Key Up;Q;312230
Key Down;D;312286
Key Up;S;312390
Key Down;Q;312518
Key Down;S;312646
Key Up;D;312662
Key Up;Q;312797
Key Down;D;312845
Key Up;S;312869
Key Down;Z;312965
Key Up;D;313085
Key Down;D;313462
Key Up;Z;313510
Key Down;S;314094
Key Up;S;314694
Key Down;S;315197
Key Up;D;315334
Key Down;D;315494
Key Up;D;315757
Key Up;S;316414
Key Down;D;321230
Key Up;D;321670
Key Down;A;322613
Key Up;A;322734
Key Down;D;325197
Key Down;Z;326150
Key Up;D;326397
Key Up;Z;326758
Key Down;D;326765
Key Down;S;326950
Key Up;D;327006
Key Down;D;327406
Key Up;D;327773
Key Up;S;327838
Key Down;D;328030
Key Down;Z;328133
Key Up;D;328302
Key Up;Z;328645
Key Down;E;334294
Key Up;E;334390
Key Down;Z;334846
Key Down;D;334982
Key Up;Z;335109
Key Down;S;335830
Key Up;S;336574
Key Up;D;338638
Key Down;S;339038
Key Down;Q;339070
Key Up;Q;339534
Key Down;D;339757
Key Up;S;339869
Key Down;Z;340302
Key Up;Z;340821
Key Down;Q;341037
Key Up;D;341077
Key Up;Q;341181
Key Down;D;341189
Key Down;S;341422
Key Up;S;341621
Key Down;Z;341797
Key Up;D;342046
Key Down;D;342373
Key Up;D;342630
Key Up;Z;343029
Key Down;S;343158
Key Down;Q;343374
Key Up;Q;343550
Key Down;Q;343862
Key Up;S;343990
Key Down;Z;344718
Key Up;Q;344870
Key Down;Q;345149
Key Up;Z;345189
Key Down;S;345582
Key Up;Q;345629
Key Up;S;345781
Key Down;Q;345813
Key Down;Z;346054
Key Up;Q;346246
Key Down;D;346414
Key Up;Z;346422
Key Down;S;346574
Key Up;S;346709
Key Up;D;346773
Key Down;Z;346934
Key Down;D;346990
Key Up;Z;346997
Key Down;S;347717
Key Up;D;347837
Key Down;Q;347878
Key Up;S;347957
Key Down;S;348198
Key Up;Q;348413
Key Down;D;348453
Key Up;S;348485
Key Down;Z;348797
Key Up;Z;349126
Key Down;Z;349310
Key Up;D;349741
Key Up;Z;350973
Key Down;Q;350981
Key Down;Z;351446
Key Up;Q;351885
Key Up;Z;351901
Key Down;Z;353157
Key Down;Q;353502
Key Up;Z;353541
Key Up;Q;354053
Key Down;S;354077
Key Down;D;354158
Key Up;S;354230
Key Down;S;354342
Key Up;D;354366
Key Down;D;354669
Key Up;S;354685
Key Down;Z;354806
Key Up;D;354974
Key Down;D;355294
Key Up;D;355342
Key Up;Z;355421
Key Down;Q;355429
Key Up;Q;355517
Key Down;Q;355622
Key Down;S;355757
Key Down;E;356110
Key Up;S;356126
Key Up;Q;356158
Key Up;E;356222
Key Down;S;356302
Key Down;Q;356445
Key Up;Q;357141
Key Down;D;357917
Key Up;S;358021
Key Down;S;358278
Key Up;S;359006
Key Down;Z;359686
Key Up;Z;360933
Key Down;Q;362229
Key Up;D;362237
Key Down;Z;362549
Key Up;Z;362822
Key Up;Q;362966
Key Down;Q;364053
Key Down;S;364646
Key Up;Q;364766
Key Down;D;365150
Key Up;S;365358
Key Up;D;365494
Key Down;Q;365869
Key Up;Q;366342
Key Down;D;366389
Key Down;Z;366413
Key Up;D;366973
Key Up;Z;367166
Key Down;Q;367246
Key Down;Z;367285
Key Up;Q;367357
Key Up;Z;367597
Key Down;Q;368149
Key Down;Z;368317
Key Up;Z;368726
Key Down;Z;368878
Key Up;Z;369238
Key Down;Z;369693
Key Up;Z;369846
Key Up;Q;369990
Key Down;Q;370326
Key Up;Q;370638
Key Down;D;371005
Key Up;D;371094
Key Down;A;372013
Key Up;A;372110
Key Down;D;375070
Key Up;D;375118
Key Down;E;375877
Key Up;E;375949
Key Down;D;376821
Key Down;S;377678
Key Up;S;379189
Key Down;Z;379774
Key Up;D;381094
Key Up;Z;381278
Key Down;Q;382462
Key Down;Z;382510
Key Up;Q;382685
Key Down;Q;383014
Key Up;Q;383158
Key Up;Z;383421
Key Down;Z;383798
Key Up;Z;385069
Key Down;Z;385397
Key Down;Q;385813
Key Up;Q;386821
Key Down;D;386854
Key Up;Z;388246
Key Up;D;388565
Key Down;S;388573
Key Down;Q;388693
Key Up;Q;389061
Key Down;Q;389214
Key Up;Q;389269
Key Down;D;389830
Key Up;D;390222
Key Down;Q;390389
Key Up;S;390413
Key Down;D;390621
Key Up;Q;390669
Key Down;Z;390677
Key Up;Z;390773
Key Down;Z;391046
Key Up;D;391094
Key Down;Q;391150
Key Up;Z;391166
Key Up;Q;391774
Key Down;Tab;392045
Key Up;Tab;394334
Key Down;D;395365
Key Down;Z;396205
Key Up;D;396277
Key Down;Q;397286
Key Up;Z;397982
Key Up;Q;400374
Key Down;D;400438
Key Up;D;400470
Key Down;S;400582
Key Down;Q;400734
Key Up;Q;401405
Key Down;D;401421
Key Up;S;401461
Key Down;Z;401645
Key Up;D;402693
Key Down;D;402901
Key Up;D;403037
Key Down;D;403270
Key Up;D;403382
Key Down;Q;403589
Key Up;Z;403605
Key Down;S;403806
Key Up;Q;404045
Key Up;S;404301
Key Down;S;404910
Key Up;S;405333
Key Down;Q;405413
Key Down;S;405509
Key Up;Q;405781
Key Down;D;405917
Key Up;S;405989
Key Up;D;406133
Key Down;Z;406141
Key Up;Z;406502
Key Down;D;407013
Key Down;Z;407253
Key Up;D;407349
Key Up;Z;407557
Key Down;Q;408709
Key Down;S;408805
Key Up;Q;409845
Key Up;S;409853
Key Down;D;410013
Key Down;Z;410021
Key Up;D;410982
Key Down;D;411381
Key Up;D;411669
Key Down;Q;411981
Key Up;Z;412438
Key Down;Z;412957
Key Up;Z;413389
Key Down;Z;413790
Key Up;Z;414005
Key Down;S;414381
Key Up;Q;415022
Key Up;S;415094
Key Down;A;417485
Key Up;A;417565
Key Down;Q;419198
Key Down;S;419262
Key Up;S;421077
Key Down;S;422118
Key Up;Q;422142
Key Down;Q;422853
Key Up;Q;422997
Key Down;Q;423438
Key Up;S;424205
Key Up;Q;424221
Key Down;D;424357
Key Up;D;424477
Key Down;S;425269
Key Down;Q;425293
Key Up;S;425525
Key Down;Z;426085
Key Up;Q;426174
Key Down;Q;426366
Key Up;Z;426374
Key Down;Z;426478
Key Up;Q;426502
Key Down;Q;426597
Key Up;Q;426989
Key Up;Z;426997
Key Down;A;427469
Key Up;A;427565
Key Down;S;428334
Key Down;D;428445
Key Up;D;428598
Key Down;D;429077
Key Up;D;429149
Key Up;S;430598
Key Down;Q;431581
Key Down;S;431741
Key Up;Q;431910
Key Down;D;432126
Key Up;D;432686
Key Down;D;432950
Key Up;S;433661
Key Down;Z;434085
Key Up;D;435021
Key Down;D;435653
Key Down;A;435725
Key Up;A;435829
Key Up;Z;436325
Key Up;D;439429
Key Down;Tab;441869
Key Up;Tab;447110
Key Down;Z;447613
Key Up;Z;447765
Key Down;E;450437
Key Up;E;450533
Key Down;E;452981
Key Up;E;453069
Key Down;Tab;458893
Key Up;Tab;460565
Key Down;R;461598
Key Up;R;461686
Key Down;Echap;489141
Key Up;Echap;489229
Key Down;Echap;489782
Key Up;Echap;489893
Key Down;Echap;490533
Key Up;Echap;490637
Key Down;D;491437
Key Down;S;491957
Key Up;D;492245
Key Up;S;492293
Key Down;D;495822
Key Up;D;497077
Key Down;D;498069
Key Down;Z;498621
Key Up;Z;498782
Key Down;S;499661
Key Up;S;499765
Key Up;D;500141
Key Down;D;506741
Key Down;Z;507213
Key Up;D;507397
Key Up;Z;507501
Key Down;Tab;507573
Key Up;Tab;510318
Key Down;Z;511197
Key Up;Z;511990
Key Down;Z;514374
Key Up;Z;514622
Key Down;Tab;514861
Key Up;Tab;515518
Key Down;Tab;515901
Key Up;Tab;519749
Key Down;R;520526
Key Up;R;520605
Key Down;Echap;524701
Key Up;Echap;524806
Key Down;Echap;525445
Key Up;Echap;525565
Key Down;Tab;526141
Key Up;Tab;529757
Key Down;Left Control;530909
Key Up;Left Control;535053
Key Down;Tab;539710
Key Down;Z;540645
Key Up;Z;540981
Key Down;Left Control;541333
Key Up;Left Control;543117
Key Up;Tab;543477
Key Down;Left Control;543973
Key Up;Left Control;547149
Key Down;Left Control;547597
Key Up;Left Control;549429
Key Down;Tab;551645
Key Up;Tab;556837
Key Down;Left Alt;564733
Key Up;Left Alt;567229
Key Down;D;569965
Key Up;D;570285
Key Down;Q;570349
Key Down;S;570645
Key Up;S;570877
Key Up;Q;570893
Key Down;D;571285
Key Up;D;571365
Key Down;Z;571669
Key Up;Z;571765
Key Down;E;571981
Key Up;E;572045
Key Down;D;573461
Key Up;D;573557
Key Down;E;574237
Key Up;E;574341
Key Down;D;577629
Key Down;Z;577957
Key Up;D;578093
Key Up;Z;578325
Key Down;Tab;579525
Key Up;Tab;583669
Key Down;D;584509
Key Up;D;585725
Key Down;D;586429
Key Down;Z;586725
Key Up;Z;586821
Key Up;D;588333
Key Down;S;596013
Key Down;D;596429
Key Up;S;596469
Key Down;Z;597165
Key Up;D;597597
Key Down;D;598245
Key Up;Z;598893
Key Down;S;600780
Key Up;D;602237
Key Down;D;602421
Key Up;D;602469
Key Down;D;602613
Key Up;D;602701
Key Down;D;603101
Key Up;D;603389
Key Down;D;604125
Key Up;S;604141
Key Up;D;604205
Key Down;Q;604213
Key Down;Z;604437
Key Down;D;604445
Key Up;Q;604453
Key Up;D;604621
Key Up;Z;604805
Key Down;Z;605021
Key Down;D;605213
Key Up;D;605373
Key Down;D;605421
Key Up;D;605533
Key Down;D;605605
Key Up;D;605781
Key Down;Q;605893
Key Up;Z;606221
Key Down;S;606469
Key Up;Q;607133
Key Down;D;607445
Key Up;D;607757
Key Down;D;608085
Key Up;S;608197
Key Down;Z;608349
Key Up;D;608461
Key Down;Q;608725
Key Down;D;609005
Key Up;Q;609037
Key Up;D;609245
Key Down;Q;609285
Key Down;D;609429
Key Up;Q;609437
Key Up;D;609509
Key Down;Q;609517
Key Down;D;609725
Key Up;Q;609741
Key Down;Q;609757
Key Up;D;609837
Key Down;D;609853
Key Up;Q;609877
Key Up;D;609973
Key Down;Q;610013
Key Down;D;610493
Key Up;Q;610653
Key Up;D;610964
Key Down;Q;611101
Key Up;Z;611461
Key Down;Z;611989
Key Up;Z;612125
Key Down;S;612365
Key Up;S;612509
Key Down;S;614213
Key Down;D;616133
Key Up;Q;616253
Key Up;S;618077
Key Down;Z;620565
Key Up;D;621725
Key Down;D;621997
Key Up;D;622181
Key Down;D;622317
Key Up;D;622581
Key Down;Q;622613
Key Up;Z;624524
Key Down;S;624820
Key Down;D;624869
Key Up;Q;624901
Key Up;S;624965
Key Down;S;625357
Key Up;S;625389
Key Down;S;625981
Key Up;D;626581
Key Down;Q;626677
Key Up;S;626781
Key Up;Q;626805
Key Down;D;626813
Key Down;Z;626885
Key Up;D;626933
Key Down;D;627141
Key Up;Z;627541
Key Up;D;627645
Key Down;Q;632189
Key Down;S;633253
Key Up;S;633877
Key Down;Z;634037
Key Up;Q;634701
Key Up;Z;634709
Key Down;D;634789
Key Down;S;634917
Key Up;D;635365
Key Down;D;635725
Key Up;S;635821
Key Up;D;635853
Key Down;D;636060
Key Down;Z;636093
Key Up;D;636332
Key Up;Z;636909
Key Down;S;637117
Key Down;Q;638013
Key Up;S;638453
Key Up;Q;638565
Key Down;A;639021
Key Up;A;639133
Key Down;A;642989
Key Up;A;643125
Key Down;Z;646261
Key Up;Z;647500
Key Down;E;648085
Key Up;E;648180
Key Down;S;648645
Key Down;Q;648813
Key Up;S;650085
Key Up;Q;651149
Key Down;R;653645
Key Up;R;653725
Key Down;Echap;667925
Key Up;Echap;668085
Key Down;Echap;668621
Key Up;Echap;668741
Key Down;Z;673309
Key Up;Z;673733
Key Down;D;673813
Key Down;Left Shift;674101
Key Up;Left Shift;674221
Key Up;D;675037
Key Down;Q;675141
Key Up;Q;676349
Key Down;Echap;679861
Key Up;Echap;679997
Key Down;1;699381
Key Up;1;699501
Key Down;1;701684
Key Up;1;701805
Key Down;Echap;710972
Key Up;Echap;711093
Key Down;Echap;711381
Key Up;Echap;711493
Key Down;Echap;712997
Key Up;Echap;713117
Key Down;Echap;713421
Key Up;Echap;713517
Key Down;D;716085
Key Down;Z;716133
Key Up;D;716420
Key Up;Z;716469
Key Down;F;719045
Key Up;F;720061
Key Down;Z;720349
Key Up;Z;720453
Key Down;F;721013
Key Up;F;721989
Key Down;Q;722052
Key Down;S;722236
Key Up;Q;722413
Key Up;S;722525
Key Down;S;723149
Key Up;S;723413
Key Down;D;723429
Key Up;D;723621
Key Down;F;723861
Key Up;F;724805
Key Down;S;724997
Key Down;Q;725173
Key Up;Q;725309
Key Up;S;725349
Key Down;Z;726037
Key Down;D;726765
Key Up;Z;726925
Key Up;D;726997
Key Down;E;728093
Key Up;E;728189
Key Down;Q;728421
Key Down;S;728501
Key Up;Q;728629
Key Up;S;728724
Key Down;D;728916
Key Up;D;728973
Key Down;E;729173
Key Up;E;729261
Key Down;S;729389
Key Down;D;729836
Key Up;S;729844
Key Up;D;729980
Key Down;E;730173
Key Up;E;730253
Key Down;Q;735708
Key Up;Q;737581
Key Down;Tab;738229
Key Up;Tab;741877
Key Down;D;742757
Key Down;Z;744100
Key Up;D;744461
Key Up;Z;744812
Key Down;E;745317
Key Up;E;745381
Key Down;Z;746740
Key Up;Z;747549
Key Down;E;747941
Key Up;E;748005
Key Down;S;752661
Key Up;S;753909
Key Down;Tab;753997
Key Up;Tab;757429
Key Down;Z;759245
Key Up;Z;760373
Key Down;S;769924
Key Down;D;770541
Key Up;S;770757
Key Down;Z;771229
Key Up;D;771805
Key Up;Z;772285
Key Down;Z;772925
Key Down;D;772949
Key Up;Z;773333
Key Down;Z;773789
Key Up;Z;774012
Key Down;Z;775181
Key Up;Z;775980
Key Down;Z;776717
Key Up;Z;776941
Key Down;S;777821
Key Up;D;778157
Key Down;Q;779085
Key Up;S;779453
Key Up;Q;779500
Key Down;D;779508
Key Down;Z;779637
Key Up;Z;780340
Key Up;D;780396
Key Down;Q;780581
Key Up;Q;781332
Key Down;A;782373
Key Up;A;782477
Key Down;S;782661
Key Down;D;783060
Key Up;D;783437
Key Up;S;784373
Key Down;Z;784501
Key Up;Z;785213
Key Down;S;785413
Key Up;S;786046
Key Down;S;786180
Key Down;D;786228
Key Up;D;786301
Key Up;S;786397
Key Down;Z;786508
Key Up;Z;786636
Key Down;Q;786645
Key Down;S;787213
Key Up;S;787949
Key Up;Q;787957
Key Down;S;788173
Key Up;S;788245
Key Down;Q;788709
Key Down;S;788996
Key Up;Q;789580
Key Down;Q;789893
Key Up;S;789933
Key Down;Z;790477
Key Up;Z;790741
Key Up;Q;790829
Key Down;Z;790932
Key Down;D;791141
Key Up;Z;791229
Key Up;D;791324
Key Down;Z;791956
Key Down;D;792037
Key Up;Z;792236
Key Up;D;792477
Key Down;Q;792597
Key Up;Q;792989
Key Down;Q;793677
Key Down;Z;793797
Key Up;Q;793916
Key Up;Z;793932
Key Down;Q;795581
Key Down;S;795693
Key Up;Q;796157
Key Down;Q;796509
Key Up;Q;796597
Key Up;S;796693
Key Down;Q;798188
Key Down;S;798221
Key Up;Q;798405
Key Up;S;798452
Key Down;S;799996
Key Up;S;800372
Key Down;Z;801053
Key Down;D;801989
Key Up;D;802324
Key Up;Z;802341
Key Down;S;803021
Key Up;S;803221
Key Down;Z;803516
Key Down;D;803588
Key Up;Z;803772
Key Up;D;803932
Key Down;Q;804604
Key Up;Q;804893
Key Down;S;805149
Key Up;S;805253
Key Down;S;805365
Key Down;D;805973
Key Up;D;806085
Key Up;S;806156
Key Down;S;806692
Key Up;S;807364
Key Down;S;808165
Key Down;D;808244
Key Up;D;808341
Key Down;Q;808461
Key Up;Q;808540
Key Down;Q;808589
Key Up;S;808636
Key Down;Z;808781
Key Up;Q;808893
Key Down;D;809333
Key Up;D;809693
Key Down;D;810029
Key Up;D;812213
Key Up;Z;813925
Key Down;S;814077
Key Down;D;815429
Key Up;S;816132
Key Up;D;817869
Key Down;D;818157
Key Up;D;818412
Key Down;D;818757
Key Up;D;818797
Key Down;1;820036
Key Up;1;820157
Key Down;Left Shift;821053
Key Up;Left Shift;821229
Key Down;Z;822468
Key Up;Z;822733
Key Down;S;823437
Key Down;D;823564
Key Up;S;823621
Key Up;D;824429
Key Down;Z;826717
Key Up;Z;826860
Key Down;Espace;827052
Key Down;D;827685
Key Up;D;828373
Key Up;Espace;828452
Key Down;Q;829100
Key Up;Q;831820
Key Down;Espace;831940
Key Up;Espace;832084
Key Down;Q;832517
Key Down;S;832773
Key Up;Q;832893
Key Down;D;833357
Key Up;S;833709
Key Down;S;834844
Key Up;D;834908
Key Down;Q;835661
Key Up;Q;836189
Key Down;Q;836644
Key Up;S;837445
Key Down;Z;838076
Key Up;Z;838444
Key Down;S;838956
Key Up;Q;839252
Key Up;S;839549
Key Down;Espace;839780
Key Up;Espace;839901
Key Down;Espace;840213
Key Up;Espace;840308
Key Down;Z;840821
Key Up;Z;841212
Key Down;S;841429
Key Down;Q;843956
Key Up;S;844989
Key Down;Z;845117
Key Up;Q;845141
Key Down;D;845525
Key Up;Z;845629
Key Down;Z;846029
Key Up;D;846141
Key Up;Z;846340
Key Down;Q;846780
Key Down;S;847060
Key Up;Q;847108
Key Down;D;847645
Key Up;D;847765
Key Down;Q;848077
Key Up;S;848148
Key Up;Q;848389
Key Down;Z;848589
Key Up;Z;848725
Key Down;Z;848877
Key Down;D;849013
Key Up;D;849365
Key Down;D;849684
Key Up;Z;849820
Key Up;D;850013
Key Down;Z;850317
Key Down;D;850381
Key Up;Z;850476
Key Up;D;850725
Key Down;S;851181
Key Up;S;851381
Key Down;S;851741
Key Down;Q;851852
Key Up;Q;852476
Key Down;Q;852948
Key Up;Q;853212
Key Down;D;854356
Key Up;D;854629
Key Up;S;854709
Key Down;D;854980
Key Down;Z;855164
Key Down;A;855373
Key Up;A;855436
Key Up;Z;855692
Key Up;D;856068
Key Down;S;856101
Key Down;Q;856308
Key Up;Q;856661
Key Up;S;856716
Key Down;E;857269
Key Up;E;857349
Key Down;D;857556
Key Down;Z;857773
Key Up;Z;858205
Key Up;D;858252
Key Down;Q;858605
Key Down;Z;858988
Key Up;Z;859117
Key Up;Q;859525
Key Down;D;860285
Key Down;Z;860429
Key Up;Z;861061
Key Down;Z;861428
Key Up;Z;861685
Key Up;D;862349
Key Down;Q;862389
Key Down;S;862525
Key Up;Q;862980
Key Down;D;863108
Key Up;S;863156
Key Down;Z;863309
Key Up;D;865252
Key Down;D;865613
Key Up;Z;865829
Key Up;D;867461
Key Down;D;867949
Key Up;D;868468
Key Down;Q;868988
Key Up;Q;869340
Key Down;S;869917
Key Up;S;870037
Key Down;D;870812
Key Down;Z;870917
Key Up;Z;870997
Key Up;D;871188
Key Down;S;871477
Key Down;Q;871509
Key Up;S;871581
Key Up;Q;871732
Key Down;Q;871964
Key Up;Q;872252
Key Down;S;872301
Key Up;S;872333
Key Down;Z;872468
Key Down;Q;872484
Key Up;Q;872636
Key Up;Z;872668
Key Down;D;872829
Key Down;S;873364
Key Up;S;873732
Key Up;D;873917
Key Down;Q;873988
Key Up;Q;874100
Key Down;A;874277
Key Up;A;874341
Key Down;D;874460
Key Down;Z;874661
Key Up;D;874861
Key Down;Q;874997
Key Up;Q;875284
Key Down;D;875332
Key Up;Z;875340
Key Down;S;876005
Key Up;S;876605
Key Down;Z;877036
Key Up;Z;877309
Key Down;Z;877532
Key Up;D;878004
Key Up;Z;878317
Key Down;S;878588
Key Down;D;878676
Key Up;D;878876
Key Down;D;879108
Key Up;S;879509
Key Down;S;879709
Key Up;S;879972
Key Up;D;880389
Key Down;D;880797
Key Down;A;881148
Key Up;A;881253
Key Down;Z;881356
Key Up;D;882884
Key Up;Z;883333
Key Down;D;883733
Key Down;Z;884348
Key Up;D;884573
Key Down;Q;884732
Key Up;Z;884861
Key Up;Q;885101
Key Down;S;886604
Key Down;D;886868
Key Up;D;887292
Key Down;Q;887509
Key Up;S;887733
Key Down;Z;888356
Key Up;Z;888869
Key Down;Z;889084
Key Up;Q;889693
Key Up;Z;889732
Key Down;D;890133
Key Down;S;890277
Key Up;D;891972
Key Down;Q;892036
Key Up;S;892093
Key Up;Q;893236
Key Down;Tab;893396
Key Up;Tab;895821
Key Down;Q;896052
Key Down;S;896661
Key Up;S;896845
Key Down;S;897932
Key Up;Q;898652
Key Down;D;898861
Key Up;S;898925
Key Down;Q;899012
Key Down;Z;899085
Key Up;Q;899180
Key Up;D;899364
Key Down;Q;899380
Key Up;Z;899669
Key Down;Z;900796
Key Up;Z;901245
Key Down;Z;903284
Key Up;Z;903388
Key Down;S;904556
Key Up;Q;908029
Key Down;D;908773
Key Up;D;909645
Key Down;Q;909900
Key Up;Q;910061
Key Up;S;911349
Key Down;D;911852
Key Down;Z;912644
Key Up;D;912845
Key Up;Z;912909
Key Down;E;912980
Key Up;E;913061
Key Down;Q;913156
Key Down;S;913284
Key Up;S;913732
Key Down;S;914173
Key Up;S;914404
Key Down;D;914589
Key Up;D;914693
Key Down;Z;914701
Key Up;Z;914717
Key Up;Q;914844
Key Down;S;915836
Key Down;D;917188
Key Up;D;917612
Key Down;Q;917684
Key Up;Q;917853
Key Up;S;917948
Key Down;Z;918109
Key Down;D;918253
Key Up;D;918365
Key Up;Z;918437
Key Down;Q;918877
Key Down;Z;919060
Key Up;Q;919068
Key Up;Z;919333
Key Down;S;919493
Key Up;S;919740
Key Down;S;920148
Key Up;S;920444
Key Down;A;921077
Key Up;A;921148
Key Down;Z;921308
Key Down;D;921597
Key Up;Z;921620
Key Up;D;921780
Key Down;S;923341
Key Down;D;923797
Key Up;D;924100
Key Up;S;924229
Key Down;S;924405
Key Up;S;924556
Key Down;D;924589
Key Down;Z;925300
Key Up;Z;925420
Key Down;Z;926668
Key Up;D;927309
Key Down;D;927661
Key Up;D;927861
Key Up;Z;927932
Key Down;D;928756
Key Down;Z;928820
Key Up;D;928852
Key Up;Z;928988
Key Down;Z;929189
Key Down;D;929197
Key Up;D;929421
Key Up;Z;929588
Key Down;S;930004
Key Up;S;930020
Key Down;Q;930228
Key Up;Q;930429
Key Down;S;930964
Key Up;S;931061
Key Down;S;931780
Key Up;S;932580
Key Down;A;933820
Key Up;A;933932
Key Down;Z;934269
Key Down;Q;934588
Key Up;Q;934716
Key Up;Z;934845
Key Down;Z;935909
Key Down;Q;935932
Key Up;Q;936085
Key Up;Z;936548
Key Down;E;936876
Key Up;E;936956
Key Down;S;937253
Key Down;Q;937444
Key Up;S;938068
Key Up;Q;938572
Key Down;S;941324
Key Down;D;941516
Key Up;D;941644
Key Down;D;942212
Key Up;D;942300
Key Down;Q;943117
Key Up;S;943924
Key Up;Q;945412
Key Down;A;945597
Key Up;A;945684
Key Down;Q;945997
Key Down;S;946172
Key Up;Q;946196
Key Up;S;947804
Key Down;D;948052
Key Up;D;948100
Key Down;Q;948180
Key Down;Z;948276
Key Up;Q;948428
Key Up;Z;948709
Key Down;Q;949620
Key Down;S;950436
Key Up;S;950653
Key Up;Q;951061
Key Down;D;951189
Key Up;D;951236
Key Down;D;951332
Key Up;D;951412
Key Down;Q;951428
Key Down;S;951780
Key Up;S;952084
Key Down;S;952332
Key Up;Q;952532
Key Down;D;952717
Key Up;S;953324
Key Up;D;953444
Key Down;S;953628
Key Down;Q;954069
Key Up;Q;954364
Key Up;S;954908
Key Down;D;954941
Key Down;S;955029
Key Up;D;955060
Key Up;S;955109
Key Down;S;955636
Key Down;D;955732
Key Up;D;956156
Key Down;Q;956180
Key Up;Q;956293
Key Down;D;956613
Key Up;D;956949
Key Up;S;957036
Key Down;Q;957044
Key Up;Q;957109
Key Down;Q;957140
Key Down;Z;957204
Key Up;Q;957381
Key Up;Z;958020
Key Down;S;958604
Key Up;S;958812
Key Down;Q;960740
Key Up;Q;960796
Key Down;Q;961037
Key Down;Z;961181
Key Up;Q;961220
Key Up;Z;961813
Key Down;A;961877
Key Up;A;961964
Key Down;Z;962348
Key Up;Z;962500
Key Down;D;962540
Key Up;D;962725
Key Down;S;963157
Key Down;D;963364
Key Up;D;963516
Key Up;S;964612
Key Down;D;964668
Key Up;D;964876
Key Down;Q;965493
Key Up;Q;965565
Key Down;Z;965597
Key Up;Z;965700
Key Down;Q;966268
Key Down;Z;966525
Key Up;Q;966565
Key Up;Z;967172
Key Down;Q;967861
Key Down;Z;967980
Key Up;Q;968173
Key Down;D;968644
Key Up;D;969580
Key Up;Z;969621
Key Down;Q;970101
Key Down;S;970341
Key Up;Q;970500
Key Up;S;971004
Key Down;Z;971493
Key Down;D;971764
Key Up;Z;971988
Key Down;S;973396
Key Down;A;973948
Key Up;S;974020
Key Up;A;974076
Key Down;S;974404
Key Up;D;975077
Key Up;S;975085
Key Down;Q;975469
Key Down;Z;975628
Key Up;Z;976092
Key Down;S;976596
Key Up;Q;977156
Key Down;Q;977812
Key Up;S;978396
Key Down;Z;979189
Key Up;Z;979525
Key Down;Z;980020
Key Up;Z;980284
Key Down;Z;982357
Key Up;Q;982596
Key Down;Q;983124
Key Up;Z;983388
Key Up;Q;983868
Key Down;D;983901
Key Down;Z;984004
Key Up;Z;984252
Key Up;D;984460
Key Down;S;984532
Key Down;D;984900
Key Up;D;985045
Key Up;S;985716
Key Down;Z;985820
Key Up;Z;986037
Key Down;S;986372
Key Up;S;986853
Key Down;S;987853
Key Down;D;987957
Key Up;S;988012
Key Up;D;988180
Key Down;Z;989004
Key Down;Q;989124
Key Up;Q;989212
Key Up;Z;989308
Key Down;D;989316
Key Up;D;989340
Key Down;Z;991212
Key Down;Q;991340
Key Up;Q;992172
Key Down;Q;992892
Key Up;Q;993036
Key Up;Z;993044
Key Down;D;993196
Key Down;Z;993748
Key Up;D;994268
Key Down;A;994740
Key Up;A;994844
Key Up;Z;995020
Key Down;Z;996061
Key Up;Z;997196
Key Down;Z;997668
Key Up;Z;998748
Key Down;D;998868
Key Down;Z;998916
Key Up;D;998996
Key Down;D;999524
Key Up;D;999684
Key Down;Q;1000188
Key Up;Q;1001364
Key Down;D;1001812
Key Up;D;1001933
Key Down;D;1002260
Key Up;Z;1002484
Key Down;Z;1002780
Key Up;D;1002884
Key Up;Z;1004444
Key Down;Q;1004885
Key Down;Z;1005140
Key Up;Q;1005188
Key Up;Z;1005548
Key Down;D;1005780
Key Down;Z;1005860
Key Up;D;1006165
Key Up;Z;1006436
Key Down;Q;1006524
Key Down;S;1006820
Key Up;S;1007549
Key Up;Q;1007605
Key Down;D;1007637
Key Down;S;1007908
Key Up;D;1007948
Key Down;Q;1008204
Key Up;S;1008292
Key Up;Q;1008300
Key Down;Q;1010812
Key Down;Z;1010892
Key Up;Q;1010980
Key Down;D;1011476
Key Up;D;1012012
Key Up;Z;1012468
Key Down;D;1013644
Key Down;Z;1013724
Key Up;Z;1013788
Key Up;D;1013956
Key Down;Z;1017812
Key Up;Z;1019340
Key Down;Z;1019652
Key Up;Z;1019845
Key Down;Q;1020020
Key Up;Q;1020396
Key Down;Z;1021133
Key Up;Z;1021188
Key Down;Z;1026476
Key Down;D;1026677
Key Up;D;1027372
Key Up;Z;1028413
Key Down;A;1028436
Key Up;A;1028565
Key Down;Z;1029076
Key Up;Z;1029596
Key Down;Z;1031389
Key Down;D;1032844
Key Up;Z;1033196
Key Up;D;1034428
Key Down;Tab;1034468
Key Up;Tab;1037917
Key Down;S;1038757
Key Down;D;1038789
Key Up;S;1040893
Key Down;S;1042237
Key Up;D;1042436
Key Up;S;1043725
Key Down;S;1044268
Key Down;Q;1044804
Key Up;Q;1045156
Key Down;D;1045500
Key Up;S;1045628
Key Up;D;1045828
Key Down;Z;1045844
Key Up;Z;1045949
Key Down;E;1046332
Key Up;E;1046412
Key Down;S;1051693
Key Up;S;1051908
Key Down;Q;1052452
Key Up;Q;1052780
Key Down;D;1053220
Key Up;D;1053532
Key Down;Z;1056236
Key Down;D;1056428
Key Up;Z;1056820
Key Down;Z;1057172
Key Up;Z;1057332
Key Up;D;1058388
Key Down;D;1058676
Key Up;D;1059548
Key Down;Q;1060013
Key Up;Q;1060588
Key Down;Q;1060868
Key Up;Q;1061029
Key Down;S;1061053
Key Up;S;1061116
Key Down;D;1065020
Key Down;Z;1065180
Key Up;Z;1065396
Key Down;S;1066396
Key Up;S;1066564
Key Down;S;1066732
Key Up;S;1066860
Key Up;D;1068116
Key Down;Z;1068293
Key Up;Z;1068412
Key Down;S;1069052
Key Down;D;1069356
Key Up;D;1069532
Key Down;Q;1070140
Key Up;Q;1070244
Key Up;S;1070492
Key Down;Q;1076076
Key Down;Z;1076180
Key Up;Q;1076308
Key Up;Z;1076476
Key Down;Q;1077756
Key Up;Q;1078236
Key Down;Z;1079029
Key Up;Z;1079204
Key Down;D;1079492
Key Down;Z;1080364
Key Up;D;1080524
Key Down;Q;1081020
Key Up;Q;1081188
Key Up;Z;1081468
Key Down;Z;1083116
Key Up;Z;1084404
Key Down;Q;1085156
Key Down;Z;1085172
Key Up;Z;1085604
Key Down;Z;1085772
Key Up;Q;1085852
Key Down;Q;1086100
Key Up;Q;1086380
Key Up;Z;1086604
Key Down;D;1086748
Key Down;S;1086836
Key Up;S;1087196
Key Down;Q;1087324
Key Up;D;1087364
Key Down;Z;1087412
Key Up;Z;1087828
Key Up;Q;1088148
Key Down;D;1088164
Key Down;S;1088420
Key Up;S;1088772
Key Down;Z;1089308
Key Up;Z;1089684
Key Up;D;1089836
Key Down;S;1089932
Key Down;Q;1090004
Key Up;S;1090012
Key Down;Z;1090220
Key Up;Q;1090260
Key Up;Z;1090365
Key Down;S;1090572
Key Up;S;1090916
Key Down;Tab;1090988
Key Up;Tab;1093084
Key Down;Q;1093972
Key Down;S;1094244
Key Up;Q;1096236
Key Up;S;1099548
Key Down;D;1099580
Key Up;D;1099780
Key Down;S;1099876
Key Down;Q;1100196
Key Up;Q;1100516
Key Up;S;1100604
Key Down;Z;1100964
Key Down;D;1101093
Key Up;D;1101220
Key Down;Q;1101300
Key Up;Q;1101340
Key Down;D;1101428
Key Up;D;1101540
Key Up;Z;1101564
Key Down;Z;1101692
Key Up;Z;1101844
Key Down;Q;1104436
Key Down;S;1104444
Key Up;Q;1104604
Key Up;S;1104828
Key Down;Z;1105261
Key Up;Z;1105476
Key Down;S;1107492
Key Down;D;1107540
Key Up;D;1107667
Key Up;S;1107772
Key Down;Z;1108692
Key Up;Z;1108796
Key Down;S;1109028
Key Up;S;1109124
Key Down;Z;1109364
Key Up;Z;1109468
Key Down;Z;1111532
Key Down;D;1111564
Key Up;D;1111748
Key Up;Z;1111796
Key Down;S;1113124
Key Up;S;1113452
Key Down;S;1114428
Key Down;Q;1114588
Key Up;S;1114668
Key Up;Q;1114731
Key Down;Z;1118116
Key Up;Z;1118468
Key Down;S;1119044
Key Up;S;1119748
Key Down;Z;1120052
Key Up;Z;1120332
Key Down;A;1121732
Key Up;A;1121820
Key Down;S;1122164
Key Down;Q;1122828
Key Up;Q;1123548
Key Up;S;1123619
Key Down;Z;1123732
Key Up;Z;1124131
Key Down;S;1124276
Key Down;Q;1124532
Key Up;S;1124580
Key Down;Z;1125588
Key Up;Q;1125604
Key Up;Z;1125908
Key Down;Z;1126316
Key Up;Z;1126476
Key Down;Z;1127996
Key Up;Z;1128748
Key Down;Z;1129196
Key Down;Q;1129260
Key Up;Q;1129916
Key Up;Z;1129948
Key Down;D;1129996
Key Down;S;1130252
Key Down;A;1131620
Key Up;A;1131732
Key Up;S;1133052
Key Down;Z;1134188
Key Up;D;1134212
Key Up;Z;1134972
Key Down;Z;1135180
Key Down;D;1135380
Key Up;Z;1135659
Key Up;D;1135828
Key Down;S;1135892
Key Down;Q;1136028
Key Up;Q;1137076
Key Down;D;1137180
Key Up;S;1137204
Key Down;S;1137476
Key Up;D;1137596
Key Down;D;1137772
Key Up;S;1137876
Key Down;Z;1138020
Key Up;Z;1138436
Key Up;D;1138572
Key Down;Z;1139132
Key Down;D;1139260
Key Up;D;1139836
Key Down;D;1140020
Key Up;Z;1140188
Key Up;D;1140212
Key Down;Q;1140700
Key Down;S;1140972
Key Up;Q;1141076
Key Down;A;1141244
Key Up;A;1141324
Key Down;Q;1141500
Key Up;S;1141532
Key Down;S;1142036
Key Up;S;1142212
Key Down;Z;1143228
Key Up;Z;1143836
Key Down;S;1144716
Key Up;S;1145300
Key Down;Z;1146156
Key Up;Q;1146804
Key Down;Q;1148628
Key Up;Z;1148684
Key Down;S;1150051
Key Up;Q;1150508
Key Up;S;1151540
Key Down;D;1151548
Key Up;D;1151580
Key Down;Z;1151700
Key Down;D;1151820
Key Up;Z;1152540
Key Down;Z;1152716
Key Up;D;1152972
Key Down;Q;1153292
Key Up;Z;1153579
Key Up;Q;1153836
Key Down;S;1154052
Key Up;S;1154260
Key Down;Q;1154420
Key Down;S;1154428
Key Up;Q;1154964
Key Up;S;1155044
Key Down;D;1155347
Key Up;D;1155540
Key Down;S;1155556
Key Up;S;1155796
Key Down;D;1158044
Key Down;Z;1158460
Key Up;D;1158876
Key Down;Q;1159332
Key Up;Z;1159700
Key Down;Z;1160508
Key Up;Q;1160540
Key Down;D;1160548
Key Up;Z;1160588
Key Down;S;1160908
Key Up;D;1160916
Key Down;Q;1161140
Key Up;Q;1161324
Key Up;S;1161404
Key Down;S;1161732
Key Up;S;1162484
Key Down;Q;1162764
Key Down;S;1163012
Key Up;Q;1163100
Key Up;S;1163508
Key Down;Q;1163580
Key Down;S;1163876
Key Up;Q;1164004
Key Up;S;1164028
Key Down;D;1164508
Key Down;S;1164644
Key Up;D;1164876
Key Up;S;1164924
Key Down;Z;1165972
Key Down;Q;1166140
Key Up;Z;1166284
Key Down;E;1166388
Key Up;Q;1166443
Key Up;E;1166483
Key Down;Q;1166844
Key Down;E;1168148
Key Up;E;1168244
Key Up;Q;1168468
Key Down;Q;1169076
Key Down;Z;1169356
Key Up;Q;1169420
Key Up;Z;1169588
Key Down;S;1169796
Key Down;A;1170012
Key Up;A;1170108
Key Down;Q;1170524
Key Up;Q;1170652
Key Down;D;1171059
Key Up;D;1171196
Key Down;Q;1172052
Key Up;Q;1172195
Key Up;S;1172396
Key Down;Q;1172611
Key Up;Q;1172652
Key Down;Q;1172812
Key Down;S;1172956
Key Up;Q;1173180
Key Up;S;1173308
Key Down;Q;1175044
Key Down;S;1175100
Key Up;S;1175412
Key Down;Z;1175876
Key Up;Z;1176028
Key Up;Q;1177124
Key Down;A;1177868
Key Up;A;1177988
Key Down;Q;1180124
Key Up;Q;1180820
Key Down;S;1180860
Key Down;D;1181388
Key Up;D;1181627
Key Up;S;1181828
Key Down;S;1182132
Key Up;S;1182412
Key Down;Z;1184396
Key Up;Z;1185068
Key Down;Espace;1185828
Key Up;Espace;1185971
Key Down;Q;1186020
Key Down;S;1187228
Key Up;S;1187828
Key Down;S;1188460
Key Up;S;1188628
Key Down;S;1189236
Key Up;Q;1189564
Key Down;D;1190020
Key Up;D;1190300
Key Up;S;1190468
Key Down;Q;1190668
Key Down;Z;1190852
Key Up;Q;1191092
Key Down;D;1193236
Key Up;Z;1193340
Key Down;Z;1193780
Key Up;D;1194484
Key Down;Espace;1194836
Key Up;Espace;1194948
Key Down;D;1195044
Key Up;D;1195324
Key Up;Z;1195540
Key Down;E;1196036
Key Up;E;1196116
Key Down;S;1196404
Key Up;S;1197068
Key Down;Z;1199756
Key Up;Z;1200084
Key Down;1;1202940
Key Up;1;1203059
Key Down;Espace;1203923
Key Up;Espace;1204100
Key Down;R;1205796
Key Up;R;1205868
Key Down;Echap;1230572
Key Up;Echap;1230668
Key Down;Echap;1231468
Key Up;Echap;1231548
Key Down;Z;1232363
Key Up;Z;1232460
Key Down;Espace;1232532
Key Up;Espace;1232700
Key Down;Espace;1232820
Key Up;Espace;1232924
Key Down;Espace;1233212
Key Up;Espace;1233348
Key Down;E;1235676
Key Up;E;1235763
Key Down;D;1236867
Key Up;D;1236964
Key Down;1;1237756
Key Up;1;1237876
Key Down;Z;1238012
Key Down;D;1238764
Key Up;D;1238892
Key Down;Q;1238916
Key Up;Q;1239468
Key Down;Q;1239484
Key Up;Z;1239668
Key Down;Z;1240004
Key Up;Z;1240052
Key Up;Q;1240124
Key Down;D;1240140
Key Up;D;1240275
Key Down;S;1240284
Key Down;Q;1240436
Key Up;Q;1240803
Key Down;Q;1241028
Key Up;Q;1241132
Key Down;Q;1241524
Key Up;Q;1241691
Key Up;S;1241932
Key Down;Z;1243739
Key Down;D;1244100
Key Up;D;1244587
Key Up;Z;1245051
Key Down;S;1245236
Key Down;Q;1245324
Key Up;S;1245964
Key Up;Q;1245972
Key Down;E;1246195
Key Up;E;1246276
Key Down;D;1247436
Key Down;S;1247692
Key Up;D;1247804
Key Down;D;1248156
Key Up;D;1248268
Key Up;S;1248556
Key Down;A;1251500
Key Up;A;1251620
Key Down;1;1252684
Key Up;1;1252819
Key Down;Espace;1253619
Key Up;Espace;1253772
Key Down;S;1254076
Key Down;D;1254148
Key Up;S;1255996
Key Down;Z;1256508
Key Up;D;1256708
Key Down;D;1257083
Key Up;Z;1257284
Key Up;D;1258379
Key Down;1;1258892
Key Up;1;1258987
Key Down;D;1259452
Key Up;D;1260348
Key Down;1;1261004
Key Up;1;1261124
Key Down;D;1261900
Key Up;D;1262036
Key Down;Z;1262052
Key Up;Z;1262148
Key Down;Q;1262564
Key Up;Q;1262620
Key Down;Z;1262980
Key Up;Z;1263036
Key Down;E;1263611
Key Up;E;1263692
Key Down;S;1264316
Key Up;S;1264508
Key Down;E;1266060
Key Up;E;1266148
Key Down;Q;1266459
Key Down;Z;1266660
Key Up;Q;1266788
Key Down;D;1266915
Key Up;D;1267212
Key Down;D;1268108
Key Up;D;1268252
Key Up;Z;1268484
Key Down;Z;1270243
Key Down;D;1270435
Key Up;Z;1270675
Key Up;D;1270716
Key Down;Z;1271004
Key Down;Q;1272196
Key Up;Z;1272435
Key Up;Q;1272451
Key Down;Tab;1273500
Key Up;Tab;1275515
Key Down;Q;1276340
Key Down;S;1276980
Key Up;S;1277572
Key Down;S;1278404
Key Up;S;1278612
Key Down;S;1279276
Key Up;S;1279500
Key Down;Z;1281092
Key Up;Z;1283500
Key Down;Z;1283796
Key Up;Z;1284228
Key Down;Z;1284860
Key Up;Z;1285003
Key Up;Q;1288979
Key Down;S;1289764
Key Down;Q;1289979
Key Up;Q;1290515
Key Up;S;1290732
Key Down;Q;1290812
Key Up;Q;1290892
Key Down;S;1291691
Key Down;D;1291987
Key Up;D;1292180
Key Down;D;1292324
Key Up;D;1292804
Key Down;D;1293124
Key Up;D;1293252
Key Down;Q;1293347
Key Up;Q;1293628
Key Down;Q;1293724
Key Up;Q;1293859
Key Up;S;1293931
Key Down;Q;1295100
Key Up;Q;1295204
Key Down;D;1296748
Key Down;Z;1297067
Key Up;D;1297380
Key Up;Z;1297572
Key Down;Z;1298596
Key Down;D;1298604
Key Up;D;1298731
Key Up;Z;1298803
Key Down;D;1298867
Key Down;S;1299075
Key Up;D;1299091
Key Up;S;1299108
Key Down;Z;1299220
Key Down;D;1299228
Key Up;D;1299243
Key Down;Q;1299684
Key Up;Z;1299876
Key Down;S;1300044
Key Up;Q;1300100
Key Down;Q;1300348
Key Up;S;1300556
Key Down;Z;1301211
Key Up;Z;1301580
Key Up;Q;1301652
Key Down;Q;1302036
Key Down;Z;1302948
Key Up;Z;1303988
Key Up;Q;1303996
Key Down;S;1304787
Key Down;D;1304931
Key Up;S;1305595
Key Down;S;1306483
Key Up;S;1307099
Key Down;Z;1308123
Key Up;Z;1308219
Key Up;D;1308899
Key Down;A;1309355
Key Up;A;1309452
Key Down;D;1309876
Key Down;Z;1311292
Key Up;D;1311372
Key Up;Z;1311539
Key Down;E;1311852
Key Up;E;1311940
Key Down;S;1313627
Key Up;S;1313652
Key Down;E;1314131
Key Up;E;1314220
Key Down;Q;1314988
Key Down;S;1315572
Key Up;S;1315828
Key Down;S;1316276
Key Up;S;1316492
Key Up;Q;1317052
Key Down;Echap;1317724
Key Up;Echap;1317835
Key Down;Echap;1318451
Key Up;Echap;1318547
Key Down;R;1319228
Key Up;R;1319299
Key Down;Echap;1332740
Key Up;Echap;1332851
Key Down;Echap;1333308
Key Up;Echap;1333428
Key Down;Echap;1333924
Key Up;Echap;1334044
Key Down;Z;1334692
Key Down;Q;1334772
Key Up;Z;1337524
Key Down;Z;1338172
Key Up;Z;1338388
Key Down;Z;1338676
Key Up;Q;1339619
Key Up;Z;1340931
Key Down;S;1341900
Key Up;S;1341924
Key Down;D;1341988
Key Up;D;1342275
Key Down;Z;1342532
Key Up;Z;1342627
Key Down;Q;1343196
Key Down;S;1343356
Key Up;Q;1343404
Key Up;S;1343531
Key Down;Q;1345092
Key Down;Z;1345116
Key Up;Q;1345204
Key Up;Z;1345276
Key Down;D;1345739
Key Up;D;1345851
Key Down;D;1346076
Key Up;D;1346204
Key Down;Q;1346787
Key Up;Q;1346908
Key Down;Q;1347332
Key Up;Q;1347596
Key Down;D;1348068
Key Up;D;1348284
Key Down;Z;1348612
Key Down;Q;1348627
Key Up;Q;1348715
Key Up;Z;1348723
Key Down;D;1354187
Key Up;D;1354291
Key Down;Q;1354467
Key Down;S;1354507
Key Up;Q;1354595
Key Up;S;1354836
Key Down;Q;1354868
Key Down;Z;1355107
Key Up;Z;1355260
Key Up;Q;1355404
Key Down;Z;1355652
Key Up;Z;1355828
Key Down;Echap;1371187
Key Up;Echap;1371260
Key Down;Left Alt;1372916
Key Down;Tab;1373036
Key Up;Tab;1373171
Key Up;Left Alt;1373259
