Event;Key;Time
Key Down;Espace;1154
Key Up;Espace;1258
Key Down;Q;1457
Key Down;Z;1506
Key Up;Z;1794
Key Up;Q;1857
Key Down;D;1865
Key Down;S;2266
Key Up;D;2369
Key Up;S;2585
Key Down;Q;2786
Key Up;Q;2954
Key Down;Z;3050
Key Up;Z;3146
Key Down;Espace;3154
Key Up;Espace;3274
Key Down;Left Control;18962
Key Up;Left Control;20362
Key Down;Left Control;26658
Key Up;Left Control;28625
Key Down;Espace;36746
Key Up;Espace;36906
Key Down;S;39874
Key Down;D;39986
Key Up;S;40210
Key Up;D;40218
Key Down;S;41033
Key Down;Q;41322
Key Up;S;41434
Key Up;Q;41506
Key Down;Z;41770
Key Down;D;41834
Key Up;D;42009
Key Up;Z;42201
Key Down;Z;44354
Key Up;Z;44602
Key Down;S;46746
Key Up;S;47194
Key Down;D;47402
Key Up;D;47553
Key Down;Q;48242
Key Up;Q;48498
Key Down;S;48609
Key Up;S;48665
Key Down;S;49282
Key Down;D;49434
Key Up;D;49602
Key Up;S;49754
Key Down;Q;50017
Key Down;Z;50058
Key Up;Q;50170
Key Up;Z;50210
Key Down;Z;55850
Key Up;Z;56209
Key Down;Espace;65154
Key Up;Espace;65282
Key Down;Z;72161
Key Up;Z;72434
Key Down;S;79033
Key Up;S;79250
Key Down;Z;79689
Key Down;D;79873
Key Up;Z;79954
Key Up;D;80002
Key Down;R;89073
Key Up;R;91234
Key Down;Espace;92457
Key Up;Espace;92610
Key Down;Z;93314
Key Up;Z;93466
Key Down;Z;100490
Key Up;Z;100706
Key Down;S;106465
Key Down;Q;106905
Key Up;Q;107121
Key Up;S;107249
Key Down;D;110490
Key Down;Z;110674
Key Up;Z;110882
Key Up;D;110953
Key Down;Q;112090
Key Down;Z;112097
Key Up;Q;112298
Key Up;Z;112417
Key Down;D;114738
Key Up;D;114969
Key Down;Q;115730
Key Down;Z;115809
Key Up;Z;116081
Key Up;Q;116130
Key Down;D;118809
Key Down;Z;119017
Key Up;D;119082
Key Up;Z;119274
Key Down;Z;120786
Key Up;Z;120954
Key Down;Q;122529
Key Up;Q;124834
Key Down;S;127073
Key Up;S;127633
Key Down;D;139002
Key Up;D;140993
Key Down;Q;142234
Key Down;S;142634
Key Up;S;143122
Key Up;Q;143570
Key Down;Q;144610
Key Down;S;144618
Key Up;S;145305
Key Up;Q;145346
Key Down;S;146194
Key Down;D;146482
Key Up;D;146938
Key Up;S;146961
Key Down;Z;148841
Key Up;Z;149465
Key Down;Q;151082
Key Up;Q;151273
Key Down;S;170497
Key Up;S;170809
Key Down;D;172522
Key Down;S;172729
Key Up;S;173297
Key Up;D;173314
Key Down;Espace;173554
Key Up;Espace;173705
Key Down;Espace;180817
Key Up;Espace;181001
Key Down;Q;181346
Key Up;Q;181521
Key Down;Q;217361
Key Up;Q;217497
Key Down;D;217817
Key Up;D;217905
Key Down;D;218529
Key Up;D;218681
Key Down;Q;219281
Key Up;Q;219473
Key Down;Z;243402
Key Down;Q;243553
Key Up;Z;244017
Key Up;Q;244313
Key Down;Z;245313
Key Up;Z;246241
Key Down;Espace;247425
Key Up;Espace;247593
Key Down;Espace;250225
Key Up;Espace;250377
Key Down;S;252465
Key Down;D;252817
Key Up;D;253601
Key Up;S;253689
Key Down;D;254505
Key Up;D;255193
Key Down;D;255921
Key Down;Z;256137
Key Up;D;256761
Key Up;Z;257777
Key Down;Espace;258441
Key Up;Espace;258609
Key Down;Q;259273
Key Down;S;259849
Key Up;Q;261585
Key Up;S;262137
Key Down;Left Control;300312
Key Up;Left Control;300961
Key Down;Espace;307401
Key Up;Espace;307569
Key Down;Q;308105
Key Down;S;308305
Key Up;Q;309705
Key Up;S;309761
Key Down;D;310560
Key Up;D;310625
Key Down;Z;315209
Key Up;Z;315793
Key Down;Q;316105
Key Up;Q;316217
Key Down;S;316897
Key Up;S;316960
Key Down;S;317777
Key Up;S;317897
Key Down;Z;321009
Key Up;Z;321521
Key Down;D;321544
Key Up;D;321625
Key Down;Z;322385
Key Down;D;322552
Key Up;D;323009
Key Up;Z;323089
Key Down;Z;328145
Key Down;D;328153
Key Up;Z;328697
Key Up;D;328737
Key Down;Left Control;328849
Key Up;Left Control;329416
Key Down;D;331313
Key Up;D;331864
Key Down;S;332065
Key Up;S;332273
Key Down;S;336865
Key Up;S;337033
Key Down;S;349401
Key Up;S;349632
Key Down;Espace;375033
Key Up;Espace;375201
Key Down;Espace;377432
Key Up;Espace;377561
Key Down;Q;381208
Key Down;S;382921
Key Up;S;383096
Key Up;Q;383105
Key Down;Q;384081
Key Up;Q;384369
Key Down;S;384425
Key Up;S;384761
Key Down;Q;385217
Key Down;Z;385392
Key Up;Q;385544
Key Up;Z;385577
Key Down;Q;386369
Key Up;Q;386529
Key Down;D;386881
Key Up;D;387393
Key Down;S;387793
Key Down;D;388088
Key Up;D;388569
Key Up;S;389017
Key Down;Z;389657
Key Up;Z;390025
Key Down;D;390225
Key Up;D;390760
Key Down;Q;395905
Key Up;Q;396081
Key Down;S;407784
Key Up;S;408121
Key Down;S;412689
Key Up;S;413032
Key Down;S;416201
Key Down;D;416209
Key Up;S;416353
Key Up;D;416433
Key Down;D;424961
Key Up;D;425241
Key Down;S;425577
Key Up;S;425689
Key Down;F;427089
Key Up;F;428353
Key Down;Q;450857
Key Down;Z;451089
Key Up;Q;451201
Key Up;Z;451425
Key Down;Q;451768
Key Down;Z;451784
Key Up;Q;452233
Key Up;Z;452424
Key Down;D;453209
Key Up;D;453416
Key Down;Z;454752
Key Down;Q;454849
Key Up;Z;455080
Key Up;Q;455417
Key Down;S;455504
Key Up;S;455513
Key Down;Z;455793
Key Down;Q;455817
Key Up;Q;456096
Key Up;Z;456272
Key Down;Q;459024
Key Down;Z;459216
Key Up;Q;459376
Key Up;Z;459392
Key Down;D;459600
Key Down;S;459672
Key Up;S;459824
Key Up;D;459952
Key Down;S;463408
Key Up;S;463592
Key Down;D;464928
Key Up;D;464976
Key Down;Q;481416
Key Down;Z;481536
Key Up;Z;481736
Key Down;Z;481817
Key Up;Z;482008
Key Down;Z;482352
Key Up;Z;482544
Key Up;Q;482560
Key Down;D;482672
Key Down;Z;482833
Key Up;Z;482848
Key Up;D;482864
Key Down;Espace;482952
Key Up;Espace;483144
Key Down;G;544912
Key Up;G;545072
Key Down;Espace;549840
Key Down;S;549976
Key Up;Espace;550024
Key Down;D;550200
Key Up;S;550728
Key Down;Espace;550776
Key Up;D;550784
Key Up;Espace;550944
Key Down;S;551568
Key Up;S;551815
Key Down;D;556176
Key Up;D;556584
Key Down;Espace;562848
Key Up;Espace;563000
Key Down;D;563400
Key Up;D;563544
Key Down;Q;564240
Key Down;Z;564264
Key Up;Q;564464
Key Up;Z;564504
Key Down;F;583456
Key Down;T;583568
Key Up;F;583664
Key Up;T;583696
Key Down;Espace;584392
Key Up;Espace;584528
Key Down;Echap;585207
Key Up;Echap;585263
Key Down;Q;585928
Key Down;Z;586055
Key Up;Q;586160
Key Up;Z;586232
Key Down;Espace;587536
Key Up;Espace;587712
Key Down;Espace;591264
Key Up;Espace;591416
Key Down;S;592472
Key Up;S;592576
Key Down;Z;595368
Key Up;Z;595480
Key Down;S;609552
Key Down;D;609752
Key Up;S;609960
Key Up;D;610056
Key Down;D;610616
Key Down;S;611056
Key Up;D;611367
Key Up;S;611376
Key Down;D;613215
Key Up;D;613487
Key Down;Q;613823
Key Up;Q;614096
Key Down;Q;618191
Key Down;Z;618296
Key Up;Q;618319
Key Up;Z;618392
Key Down;Espace;624127
Key Up;Espace;624271
Key Down;Espace;640271
Key Up;Espace;640415
Key Down;Espace;641088
Key Up;Espace;641200
Key Down;Espace;653063
Key Up;Espace;653207
Key Down;Espace;654023
Key Up;Espace;654167
Key Down;Espace;666656
Key Up;Espace;666792
Key Down;Q;667615
Key Up;Q;667784
Key Down;Q;672088
Key Down;Z;672239
Key Up;Z;672503
Key Up;Q;672807
Key Down;Z;673463
Key Up;Z;673615
Key Down;Q;675616
Key Up;Q;675663
Key Down;D;680552
Key Up;D;680623
Key Down;S;681111
Key Up;S;681231
Key Down;S;681799
Key Up;S;681943
Key Down;D;682800
Key Down;S;682936
Key Up;D;683136
Key Up;S;683288
Key Down;D;683807
Key Up;D;684128
Key Down;Z;684992
Key Up;Z;685063
Key Down;S;685567
Key Down;Q;685615
Key Up;Q;685768
Key Up;S;685799
Key Down;Z;686976
Key Up;Z;687463
Key Down;Z;688256
Key Down;Q;692215
Key Up;Z;692879
Key Up;Q;693127
Key Down;Z;693367
Key Down;Q;693392
Key Up;Z;693415
Key Up;Q;693463
Key Down;Espace;693576
Key Up;Espace;693736
Key Down;Espace;699368
Key Up;Espace;699504
Key Down;Espace;700007
Key Up;Espace;700152
Key Down;Espace;707616
Key Up;Espace;707743
Key Down;Q;707808
Key Down;Z;708111
Key Up;Z;708327
Key Up;Q;708367
Key Down;D;710312
Key Up;D;710431
Key Down;Z;711472
Key Up;Z;711687
Key Down;D;727911
Key Up;D;728391
Key Down;D;730848
Key Down;S;730855
Key Up;S;731119
Key Up;D;731351
Key Down;Q;742456
Key Up;Q;743175
Key Down;Z;747895
Key Up;Z;748351
Key Down;D;749312
Key Down;S;749375
Key Up;S;749856
Key Down;S;750391
Key Up;S;750959
Key Down;S;751304
Key Up;D;751576
Key Down;D;751928
Key Up;D;752343
Key Up;S;752479
Key Down;S;754455
Key Down;D;754511
Key Up;D;754599
Key Down;Espace;754759
Key Up;S;754767
Key Up;Espace;754952
Key Down;S;755631
Key Up;S;756015
Key Down;Espace;758688
Key Up;Espace;758815
Key Down;Q;759304
Key Up;Q;759368
Key Down;Q;791983
Key Down;Z;792088
Key Up;Z;794599
Key Up;Q;794607
Key Down;Espace;795079
Key Up;Espace;795231
Key Down;Espace;817535
Key Up;Espace;817695
Key Down;F;817935
Key Down;G;818103
Key Up;F;818503
Key Up;G;818511
Key Down;D;819287
Key Up;D;819535
Key Down;Q;819719
Key Up;Q;820007
Key Down;S;824567
Key Down;D;824615
Key Up;D;824839
Key Up;S;824959
Key Down;Espace;826863
Key Up;Espace;826999
Key Down;S;832959
Key Down;D;833039
Key Up;D;833247
Key Up;S;833255
Key Down;Espace;837142
Key Up;Espace;837295
Key Down;D;837975
Key Down;S;838143
Key Up;D;838231
Key Up;S;838271
Key Down;D;842231
Key Down;S;842654
Key Up;D;842775
Key Up;S;842823
Key Down;Q;861775
Key Down;Z;862062
Key Up;Z;862327
Key Down;Z;862711
Key Up;Q;862790
Key Up;Z;862846
Key Down;D;868679
Key Down;S;869383
Key Up;S;870070
Key Down;Z;871383
Key Up;D;872063
Key Down;D;872150
Key Up;D;872183
Key Up;Z;872271
Key Down;D;872446
Key Up;D;872535
Key Down;D;872975
Key Down;S;873007
Key Up;D;873207
Key Up;S;873223
Key Down;Espace;873463
Key Up;Espace;873615
Key Down;Z;877663
Key Up;Z;877903
Key Down;S;882551
Key Up;S;882871
Key Down;S;883359
Key Up;S;883527
Key Down;D;887663
Key Down;S;887879
Key Up;D;887999
Key Up;S;888103
Key Down;Z;889983
Key Down;D;890279
Key Up;Z;890287
Key Up;D;890694
Key Down;Q;891239
Key Up;Q;891414
Key Down;S;891615
Key Up;S;891790
Key Down;D;891871
Key Up;D;892055
Key Down;Q;895182
Key Up;Q;895463
Key Down;Q;897511
Key Down;Z;897583
Key Up;Q;897711
Key Up;Z;897719
Key Down;S;906831
Key Down;D;906967
Key Up;S;907158
Key Up;D;907262
Key Down;F;910142
Key Up;F;912190
Key Down;Z;912542
Key Down;D;912647
Key Up;Z;912919
Key Up;D;912967
Key Down;Z;938207
Key Up;Z;938327
Key Down;Espace;978158
Key Up;Espace;978311
Key Down;D;979206
Key Up;D;979735
Key Down;S;981103
Key Up;S;981302
Key Down;S;996062
Key Up;S;996390
Key Down;Z;1000078
Key Up;Z;1000390
Key Down;Q;1002454
Key Down;S;1002478
Key Up;S;1002574
Key Up;Q;1003102
Key Down;Z;1003390
Key Up;Z;1003487
Key Down;Espace;1004151
Key Up;Espace;1004286
Key Down;Espace;1006078
Key Up;Espace;1006199
Key Down;D;1018423
Key Down;S;1018575
Key Up;D;1018711
Key Up;S;1018750
Key Down;S;1020606
Key Down;D;1020719
Key Up;D;1020950
Key Up;S;1021062
Key Down;Z;1022263
Key Up;Z;1022502
Key Down;Z;1026743
Key Down;Q;1026895
Key Up;Q;1027279
Key Up;Z;1027351
Key Down;Q;1030615
Key Up;Q;1030886
Key Down;S;1031718
Key Up;S;1031823
Key Down;D;1049462
Key Down;S;1049486
Key Up;S;1049822
Key Up;D;1049879
Key Down;D;1051382
Key Down;Z;1051390
Key Up;Z;1051622
Key Up;D;1051630
Key Down;Q;1052086
Key Up;Q;1052198
Key Down;S;1066094
Key Down;Q;1066510
Key Up;S;1066614
Key Up;Q;1066710
Key Down;D;1072902
Key Down;Z;1073030
Key Up;D;1073238
Key Down;D;1073342
Key Up;D;1073614
Key Up;Z;1073702
Key Down;S;1074142
Key Up;S;1074246
Key Down;F;1080294
Key Up;F;1080694
Key Down;Q;1081854
Key Down;Z;1082318
Key Up;Q;1082414
Key Up;Z;1082502
Key Down;S;1084910
Key Up;S;1085014
Key Down;S;1090726
Key Up;S;1090862
Key Down;S;1094814
Key Up;S;1095125
Key Down;Z;1096573
Key Up;Z;1096942
Key Down;S;1104030
Key Up;S;1104334
Key Down;Z;1109998
Key Down;Q;1110006
Key Up;Z;1110358
Key Up;Q;1112182
Key Down;D;1112374
Key Up;D;1112510
Key Down;D;1114005
Key Down;Z;1115534
Key Up;Z;1115934
Key Up;D;1116061
Key Down;S;1116750
Key Up;S;1116966
Key Down;Espace;1117614
Key Up;Espace;1117758
Key Down;F;1119030
Key Up;F;1120030
Key Down;Espace;1121677
Key Up;Espace;1121814
Key Down;S;1126206
Key Down;D;1126230
Key Up;S;1126374
Key Up;D;1126422
Key Down;S;1127550
Key Up;S;1127774
Key Down;Z;1128502
Key Up;Z;1128638
Key Down;S;1129422
Key Up;S;1129702
Key Down;Z;1130845
Key Up;Z;1131334
Key Down;D;1134446
Key Up;D;1134958
Key Down;Q;1139558
Key Up;Q;1139957
Key Down;Q;1141910
Key Up;Q;1142118
Key Down;Z;1142142
Key Up;Z;1142190
Key Down;Z;1147574
Key Up;Z;1147694
Key Down;F;1150573
Key Up;F;1152077
Key Down;S;1173005
Key Down;Q;1173597
Key Up;S;1174238
Key Up;Q;1174254
Key Down;Q;1174806
Key Down;S;1174822
Key Up;Q;1175414
Key Down;Q;1175997
Key Up;S;1176141
Key Up;Q;1176214
Key Down;Q;1176750
Key Up;Q;1176950
Key Down;Q;1177750
Key Down;Z;1177870
Key Up;Q;1177957
Key Up;Z;1178086
Key Down;D;1178358
Key Up;D;1178766
Key Down;Espace;1178846
Key Up;Espace;1178990
Key Down;Espace;1179630
Key Up;Espace;1179741
Key Down;D;1179845
Key Up;D;1179942
Key Down;Q;1180317
Key Up;Q;1180413
Key Down;Q;1220245
Key Up;Q;1220398
Key Down;D;1220854
Key Up;D;1221150
Key Down;D;1221725
Key Down;Z;1221934
Key Up;Z;1221981
Key Down;S;1222214
Key Up;D;1222254
Key Up;S;1222373
Key Down;Q;1223325
Key Up;Q;1223517
Key Down;Q;1226669
Key Down;S;1226750
Key Up;Q;1226878
Key Up;S;1226998
Key Down;Z;1237637
Key Up;Z;1237837
Key Down;Z;1238485
Key Down;D;1238606
Key Up;Z;1238774
Key Up;D;1238854
Key Down;Z;1243294
Key Down;D;1243541
Key Up;D;1244238
Key Up;Z;1244478
Key Down;D;1244741
Key Down;Z;1244853
Key Up;D;1244909
Key Up;Z;1245461
Key Down;Q;1249734
Key Down;S;1249773
Key Up;S;1250582
Key Up;Q;1252150
Key Down;Q;1253381
Key Down;Z;1253550
Key Up;Z;1254118
Key Up;Q;1254125
Key Down;D;1255525
Key Down;S;1255534
Key Up;D;1256918
Key Up;S;1257701
Key Down;S;1258230
Key Down;Q;1258893
Key Up;S;1258917
Key Down;S;1259262
Key Up;Q;1259413
Key Up;S;1259893
Key Down;D;1260869
Key Down;Z;1261046
Key Up;D;1261414
Key Up;Z;1261597
Key Down;Z;1261734
Key Down;D;1261925
Key Up;D;1262246
Key Up;Z;1262550
Key Down;Z;1263190
Key Down;D;1263373
Key Up;Z;1263502
Key Up;D;1263518
Key Down;Z;1264166
Key Down;Q;1264509
Key Up;Q;1264814
Key Up;Z;1264926
Key Down;S;1266246
Key Up;S;1266742
Key Down;Z;1267013
Key Down;Q;1267062
Key Up;Q;1267654
Key Up;Z;1267805
Key Down;D;1267854
Key Up;D;1268390
Key Down;D;1269758
Key Down;S;1269909
Key Up;D;1270054
Key Up;S;1270581
Key Down;D;1271541
Key Down;Z;1272133
Key Up;D;1272678
Key Down;D;1272830
Key Up;Z;1272846
Key Up;D;1272894
Key Down;D;1273134
Key Down;Z;1273158
Key Up;D;1273709
Key Up;Z;1273901
Key Down;Z;1274286
Key Up;Z;1274725
Key Down;Z;1275125
Key Down;Q;1275230
Key Up;Z;1275629
Key Up;Q;1275941
Key Down;D;1276118
Key Down;S;1276373
Key Up;D;1276606
Key Up;S;1276725
Key Down;S;1280918
Key Up;S;1281157
Key Down;Q;1283557
Key Down;Z;1285318
Key Up;Z;1285581
Key Up;Q;1286157
Key Down;S;1286590
Key Up;S;1286838
Key Down;Q;1287014
Key Up;Q;1287086
Key Down;S;1288470
Key Down;D;1288574
Key Up;D;1288693
Key Down;Q;1288757
Key Up;S;1288845
Key Down;S;1289022
Key Up;S;1289174
Key Down;Z;1289493
Key Up;Q;1289542
Key Up;Z;1289637
Key Down;Q;1290110
Key Up;Q;1290254
Key Down;D;1297405
Key Up;D;1300541
Key Down;D;1307605
Key Down;Z;1307838
Key Up;D;1307869
Key Up;Z;1307965
Key Down;S;1344757
Key Down;Q;1345069
Key Up;S;1347053
Key Up;Q;1347365
Key Down;Z;1351389
Key Up;Z;1352069
Key Down;D;1352717
Key Down;Z;1353269
Key Up;Z;1353789
Key Up;D;1353885
Key Down;D;1354277
Key Down;Z;1354381
Key Up;Z;1355101
Key Up;D;1355421
Key Down;Z;1355437
Key Up;Z;1355549
Key Down;Q;1356261
Key Down;Z;1356317
Key Up;Q;1356397
Key Up;Z;1356501
Key Down;Espace;1360341
Key Up;Espace;1360525
