Event;Key;Time
Key Down;Volume Down;11596
Key Up;Volume Down;11715
Key Down;Volume Down;11851
Key Up;Volume Down;11939
Key Down;Volume Down;12067
Key Up;Volume Down;12155
Key Down;Volume Down;12299
Key Up;Volume Down;12427
Key Down;Volume Down;12763
Key Up;Volume Down;12875
Key Down;Volume Down;13003
Key Up;Volume Down;13075
Key Down;Volume Down;13204
Key Up;Volume Down;13267
Key Down;Volume Down;13387
Key Up;Volume Down;13467
Key Down;Espace;17195
Key Up;Espace;17251
Key Down;Espace;17363
Key Up;Espace;17435
Key Down;Entrée;18939
Key Up;Entrée;19003
Key Down;Entrée;19067
Key Up;Entrée;19147
Key Down;Entrée;20251
Key Up;Entrée;20315
Key Down;Entrée;20371
Key Up;Entrée;20459
Key Down;Espace;22115
Key Up;Espace;22195
Key Down;Espace;22299
Key Up;Espace;22411
Key Down;Z;101459
Key Down;Espace;102979
Key Up;Espace;103835
Key Down;Left Shift;104267
Key Up;Left Shift;104586
Key Up;Z;104906
Key Down;Z;106499
Key Up;Z;107370
Key Down;D;108811
Key Up;D;109251
Key Down;Z;109530
Key Up;Z;114659
Key Down;A;119170
Key Up;A;119298
Key Down;A;121539
Key Up;A;121659
Key Down;Z;122107
Key Down;D;122115
Key Up;D;122882
Key Down;Q;123074
Key Up;Q;123226
Key Down;D;123907
Key Up;Z;124698
Key Down;Z;125714
Key Up;D;126499
Key Up;Z;127162
Key Down;Z;127955
Key Up;Z;146042
Key Down;A;148402
Key Up;A;148498
Key Down;A;152706
Key Up;A;152834
Key Down;Q;154042
Key Up;Q;154178
Key Down;S;154242
Key Up;S;154963
Key Down;S;164026
Key Up;S;164563
Key Down;Z;165418
Key Up;Z;165755
Key Down;Espace;175850
Key Up;Espace;176130
Key Down;S;176474
Key Up;S;177186
Key Down;D;177979
Key Up;D;178243
Key Down;Z;186018
Key Up;Z;187338
Key Down;Z;188434
Key Up;Z;192794
Key Down;Z;194018
Key Down;D;197018
Key Up;D;198058
Key Up;Z;199331
Key Down;Z;200266
Key Up;Z;202946
Key Down;Z;206682
Key Up;Z;213194
Key Down;Z;214298
Key Up;Z;219962
Key Down;Z;220883
Key Up;Z;222114
Key Down;Z;223002
Key Up;Z;223722
Key Down;D;224354
Key Down;Z;224650
Key Up;D;224899
Key Down;Left Shift;230771
Key Up;Left Shift;231178
Key Down;D;232610
Key Up;D;249250
Key Up;Z;249330
Key Down;Z;251819
Key Up;Z;252178
Key Down;Z;253106
Key Up;Z;254299
Key Down;Z;255954
Key Up;Z;256266
Key Down;Z;272835
Key Down;Q;274978
Key Up;Z;275746
Key Up;Q;275754
Key Down;Z;284090
Key Up;Z;285122
Key Down;Z;287434
Key Up;Z;288866
Key Down;Z;289674
Key Up;Z;290466
Key Down;Z;292554
Key Up;Z;293562
Key Down;Z;294394
Key Up;Z;295090
Key Down;Z;295555
Key Up;Z;296170
Key Down;Z;314914
Key Up;Z;315146
Key Down;Z;375682
Key Up;Z;382690
Key Down;D;385970
Key Up;D;386457
Key Down;Z;387314
Key Up;Z;387450
Key Down;D;388258
Key Up;D;388346
Key Down;Q;395849
Key Up;Q;396377
Key Down;Z;396937
Key Up;Z;397257
Key Down;Z;397778
Key Up;Z;397938
Key Down;Z;398593
Key Up;Z;398729
Key Down;Left Control;435474
Key Up;Left Control;435810
Key Down;Z;480625
Key Down;Q;481505
Key Up;Q;481921
Key Up;Z;483129
Key Down;Z;484113
Key Up;Z;488281
Key Down;Z;489442
Key Up;Z;495786
Key Down;Q;599377
Key Down;Z;599489
Key Up;Q;599697
Key Down;D;601209
Key Up;D;603377
Key Down;D;609856
Key Down;Left Shift;610641
Key Up;Left Shift;610953
Key Down;Espace;611081
Key Up;Espace;611224
Key Down;Espace;611288
Key Up;Espace;611417
Key Up;Z;612353
Key Down;Z;612785
Key Up;D;613201
Key Down;D;613329
Key Down;Espace;613424
Key Up;Espace;613536
Key Down;Espace;613633
Key Up;Espace;613737
Key Up;D;614601
Key Down;Q;614689
Key Up;Q;614832
Key Down;D;614912
Key Up;D;614944
Key Down;Espace;617913
Key Up;Espace;618049
Key Down;Espace;618153
Key Up;Espace;618249
Key Down;Espace;621017
Key Up;Espace;621105
Key Down;Q;621161
Key Down;Espace;621193
Key Up;Espace;621297
Key Down;Espace;621385
Key Up;Espace;621497
Key Up;Q;621761
Key Down;Espace;623817
Key Up;Espace;623929
Key Down;Espace;624017
Key Up;Espace;624120
Key Down;Espace;624216
Key Up;Espace;624312
Key Down;Espace;624441
Key Up;Espace;624537
Key Up;Z;625833
Key Down;Z;630865
Key Down;Left Shift;632521
Key Up;Left Shift;633201
Key Up;Z;637401
Key Down;D;637873
Key Down;Z;638017
Key Up;D;638144
Key Down;Q;639129
Key Up;Q;639393
Key Down;Q;640393
Key Up;Q;641168
Key Down;D;642128
Key Up;D;642921
Key Down;D;644681
Key Down;Espace;644936
Key Up;Espace;645041
Key Down;Espace;645129
Key Up;Espace;645241
Key Up;D;645969
Key Down;Espace;646144
Key Up;Espace;646280
Key Down;Q;646521
Key Up;Q;646617
Key Down;Espace;649609
Key Up;Espace;649721
Key Down;Espace;649817
Key Up;Espace;649921
Key Down;D;650009
Key Down;Espace;650177
Key Up;Espace;650281
Key Down;Espace;650376
Key Up;Espace;650488
Key Down;Espace;650608
Key Up;Espace;650721
Key Down;Espace;650825
Key Up;Espace;650953
Key Up;D;651289
Key Down;Q;651696
Key Up;Q;651760
Key Down;Espace;653336
Key Up;Espace;653440
Key Down;D;653553
Key Down;Espace;653601
Key Up;Espace;653729
Key Up;D;653785
Key Up;Z;660521
Key Down;S;660673
Key Up;S;660713
Key Down;S;660960
Key Down;D;661120
Key Up;D;661873
Key Up;S;661953
Key Down;Q;662209
Key Down;S;662528
Key Up;Q;662601
Key Up;S;663688
Key Down;Left Control;670145
Key Up;Left Control;671744
Key Down;D;672809
Key Down;Z;672921
Key Up;D;673232
Key Down;Left Control;673376
Key Up;Z;673416
Key Up;Left Control;673472
Key Down;Z;673496
Key Up;Z;673697
Key Down;Left Control;674224
Key Up;Left Control;675984
Key Down;Z;676641
Key Up;Z;676984
Key Down;S;678017
Key Up;S;678624
Key Down;Z;679233
Key Up;Z;679377
Key Down;Z;691993
Key Up;Z;694449
Key Down;Z;704001
Key Down;Espace;705769
Key Up;Espace;705849
Key Down;Espace;705953
Key Up;Espace;706073
Key Up;Z;707289
Key Down;D;707664
Key Down;Z;707848
Key Down;Espace;707968
Key Up;Espace;708096
Key Down;Espace;708201
Key Up;Espace;708321
Key Up;D;708753
Key Down;Espace;709737
Key Up;Espace;709833
Key Down;Espace;709945
Key Up;Espace;710049
Key Up;Z;711289
Key Down;Z;721377
Key Up;Z;725816
Key Down;Z;733016
Key Up;Z;734329
Key Down;Z;735176
Key Down;D;735625
Key Up;D;735777
Key Down;D;736024
Key Up;Z;736352
Key Up;D;736784
Key Down;Z;737944
Key Down;Left Shift;742664
Key Up;Left Shift;744104
Key Down;Espace;744240
Key Up;Espace;759129
Key Down;Left Control;762065
Key Up;Z;762240
Key Up;Left Control;763568
Key Down;Left Control;764256
Key Up;Left Control;766081
Key Down;Z;767593
Key Up;Z;768000
Key Down;Z;771184
Key Up;Z;772184
Key Down;Z;772344
Key Down;Left Shift;773000
Key Up;Left Shift;774072
Key Down;Espace;774312
Key Up;Espace;776768
Key Up;Z;776960
Key Down;Z;778432
Key Down;D;791416
Key Up;D;792376
Key Down;Espace;792624
Key Up;Espace;795832
Key Up;Z;796281
Key Down;Espace;796656
Key Up;Espace;796800
Key Down;Z;809064
Key Up;Z;811048
Key Down;Z;819136
Key Down;Espace;819912
Key Down;D;834064
Key Up;Espace;834104
Key Up;D;834384
Key Up;Z;834608
Key Down;Z;837416
Key Down;Q;839112
Key Up;Q;840792
Key Down;Espace;841472
Key Up;Espace;845376
Key Down;Q;846264
Key Up;Q;846752
Key Down;D;850232
Key Up;D;851888
Key Down;Q;853448
Key Up;Q;853856
Key Down;F;854960
Key Up;Z;854992
Key Up;F;855816
Key Down;F;855968
Key Up;F;856184
Key Down;Z;856336
Key Up;Z;856472
Key Down;Z;856832
Key Up;Z;857432
Key Down;Espace;857584
Key Up;Espace;857704
Key Down;D;860792
Key Up;D;861672
Key Down;Z;861688
Key Up;Z;861920
Key Down;F;863568
Key Up;F;864304
Key Down;Z;864344
Key Up;Z;866040
Key Down;F;866656
Key Up;F;867279
Key Down;X;869600
Key Up;X;869640
Key Down;F;871008
Key Up;F;871088
Key Down;F;876304
Key Up;F;876376
Key Down;F;878400
Key Up;F;878504
Key Down;X;884647
Key Up;X;884711
Key Down;Z;886496
Key Up;Z;887823
Key Down;Left Control;887864
Key Up;Left Control;889040
Key Down;Z;896168
Key Up;Z;897552
Key Down;Z;910792
Key Up;Z;931479
Key Down;Espace;931559
Key Up;Espace;931688
Key Down;Espace;931824
Key Up;Espace;931928
Key Down;X;932999
Key Up;X;933120
Key Down;Espace;933632
Key Up;Espace;933760
Key Down;Espace;933904
Key Up;Espace;933984
Key Down;Espace;934079
Key Up;Espace;934183
Key Down;X;934423
Key Up;X;934544
Key Down;Espace;940080
Key Up;Espace;940184
Key Down;Espace;940368
Key Up;Espace;940464
Key Down;Espace;940847
Key Up;Espace;940935
Key Down;Espace;941064
Key Up;Espace;941152
Key Down;Espace;941272
Key Up;Espace;941360
Key Down;Espace;941496
Key Up;Espace;941576
Key Down;Espace;941720
Key Up;Espace;941808
Key Down;Espace;941928
Key Up;Espace;942031
Key Down;Espace;942143
Key Up;Espace;942247
Key Down;Espace;942367
Key Up;Espace;942447
Key Down;Espace;942592
Key Up;Espace;942664
Key Down;Espace;942816
Key Up;Espace;942888
Key Down;Espace;943048
Key Up;Espace;943120
Key Down;Espace;943288
Key Up;Espace;943384
Key Down;Espace;944656
Key Up;Espace;944776
Key Down;Espace;944904
Key Up;Espace;944984
Key Down;D;947920
Key Up;D;948248
Key Down;Left Control;948728
Key Down;Z;948968
Key Up;Z;950080
Key Up;Left Control;950320
Key Down;Espace;950696
Key Up;Espace;950839
Key Down;Z;951167
Key Down;Espace;953048
Key Up;Espace;958272
Key Up;Z;958695
Key Down;Espace;958888
Key Up;Espace;959000
Key Down;Espace;960488
Key Up;Espace;960576
Key Down;Espace;961096
Key Up;Espace;961207
Key Down;Espace;961343
Key Up;Espace;961447
Key Down;Espace;961639
Key Up;Espace;961728
Key Down;Espace;961872
Key Up;Espace;961928
Key Down;Espace;962112
Key Up;Espace;962208
Key Down;Espace;962352
Key Up;Espace;962424
Key Down;Espace;962607
Key Up;Espace;962671
Key Down;Z;968016
Key Down;Left Control;968399
Key Up;Left Control;968992
Key Down;Espace;990216
Key Up;Espace;990352
Key Down;Espace;992135
Key Up;Espace;992223
Key Up;Z;992343
Key Down;Espace;993248
Key Up;Espace;993344
Key Down;Espace;993447
Key Up;Espace;993535
Key Down;Espace;993647
Key Up;Espace;993735
Key Down;Espace;993871
Key Up;Espace;993951
Key Down;Espace;994079
Key Up;Espace;994144
Key Down;Espace;994288
Key Up;Espace;994344
Key Down;Espace;994480
Key Up;Espace;994536
Key Down;Z;997544
Key Down;Espace;999831
Key Up;Espace;1002584
Key Up;Z;1002616
Key Down;Z;1003503
Key Down;Espace;1004248
Key Up;Z;1008967
Key Up;Espace;1009031
Key Down;Z;1010063
Key Down;Espace;1011703
Key Up;Espace;1013767
Key Up;Z;1014159
Key Down;Z;1015407
Key Down;Left Control;1018808
Key Up;Left Control;1019111
Key Down;Espace;1019599
Key Up;Espace;1022352
Key Up;Z;1022432
Key Down;F;1024680
Key Up;F;1024864
Key Down;F;1026824
Key Up;F;1026912
Key Down;X;1029047
Key Up;X;1029119
Key Down;X;1031312
Key Up;X;1031439
Key Down;F;1033151
Key Up;F;1033295
Key Down;Z;1033992
Key Up;Z;1034263
Key Down;S;1035575
Key Up;S;1036151
Key Down;S;1037191
Key Up;S;1037688
Key Down;Z;1038207
Key Up;Z;1038535
Key Down;Z;1038959
Key Up;Z;1039112
Key Down;F;1040191
Key Up;F;1040271
Key Down;Z;1042415
Key Down;Espace;1042607
Key Up;Espace;1042743
Key Up;Z;1043408
Key Down;Z;1043735
Key Down;Espace;1044599
Key Up;Espace;1044712
Key Up;Z;1044816
Key Down;Espace;1045215
Key Up;Espace;1045327
Key Down;Espace;1045463
Key Up;Espace;1045527
Key Down;Espace;1045663
Key Up;Espace;1045727
Key Down;Espace;1045847
Key Up;Espace;1045927
Key Down;Espace;1046055
Key Up;Espace;1046128
Key Down;Espace;1046256
Key Up;Espace;1046328
Key Down;Espace;1046448
Key Up;Espace;1046528
Key Down;Espace;1046655
Key Up;Espace;1046735
Key Down;Espace;1046839
Key Up;Espace;1046935
Key Down;Z;1050744
Key Down;Left Control;1050935
Key Up;Left Control;1051824
Key Down;Espace;1055911
Key Up;Espace;1056040
Key Down;Espace;1056128
Key Up;Espace;1056232
Key Down;Espace;1056823
Key Up;Espace;1056895
Key Down;Espace;1057047
Key Up;Espace;1057079
Key Down;Espace;1057271
Key Up;Espace;1057351
Key Down;Espace;1057496
Key Up;Espace;1057576
Key Down;Espace;1057735
Key Up;Espace;1057783
Key Down;Espace;1057951
Key Up;Espace;1057991
Key Down;Espace;1058159
Key Up;Espace;1058207
Key Down;Q;1062535
Key Up;Q;1063639
Key Up;Z;1064487
Key Down;Espace;1064551
Key Up;Espace;1064672
Key Down;Q;1068655
Key Down;S;1069239
Key Up;Q;1069335
Key Up;S;1070576
Key Down;Z;1070743
Key Down;Espace;1070927
Key Up;Espace;1072703
Key Up;Z;1074079
Key Down;F;1076191
Key Up;F;1076271
Key Down;Z;1078456
Key Down;Espace;1078927
Key Up;Espace;1078967
Key Up;Z;1081336
Key Down;Espace;1081479
Key Up;Espace;1081615
Key Down;Z;1086319
Key Down;Espace;1088832
Key Up;Z;1089527
Key Up;Espace;1090711
Key Down;Z;1091167
Key Up;Z;1094239
Key Down;Espace;1094432
Key Up;Espace;1094583
Key Down;Z;1102775
Key Down;Q;1103423
Key Up;Q;1104159
Key Up;Z;1104256
Key Down;Z;1117815
Key Down;D;1125039
Key Up;Z;1125191
Key Up;D;1125536
Key Down;Z;1125903
Key Up;Z;1126111
Key Down;Z;1126439
Key Up;Z;1126895
Key Down;Z;1127047
Key Down;Espace;1128023
Key Up;Z;1134055
Key Up;Espace;1134064
Key Down;S;1134247
Key Down;Q;1135391
Key Up;S;1135543
Key Up;Q;1136255
Key Down;S;1136615
Key Up;S;1136927
Key Down;S;1138263
Key Up;S;1140599
Key Down;Z;1141175
Key Up;Z;1141311
Key Down;Z;1141591
Key Up;Z;1141847
Key Down;S;1145407
Key Up;S;1146223
Key Down;Z;1146919
Key Up;Z;1148375
Key Down;S;1149455
Key Up;S;1150879
Key Down;Z;1151518
Key Up;Z;1152631
Key Down;S;1158127
Key Up;S;1158967
Key Down;Z;1162287
Key Down;Espace;1163839
Key Up;Espace;1164007
Key Down;Espace;1167135
Key Up;Espace;1173239
Key Up;Z;1173358
Key Down;S;1187103
Key Up;S;1187878
Key Down;Z;1188095
Key Up;Z;1188183
Key Down;S;1188711
Key Up;S;1188983
Key Down;Z;1189191
Key Up;Z;1189551
Key Down;S;1190639
Key Down;D;1190902
Key Down;Espace;1191471
Key Up;Espace;1191591
Key Down;Espace;1191671
Key Up;Espace;1191799
Key Up;S;1191959
Key Up;D;1192214
Key Down;Z;1192286
Key Down;Q;1193606
Key Down;Espace;1193783
Key Up;Espace;1193911
Key Down;Espace;1194007
Key Up;Espace;1194135
Key Up;Q;1194383
Key Down;Q;1197062
Key Up;Q;1197919
Key Down;D;1198446
Key Down;Espace;1198663
Key Up;Espace;1198775
Key Down;Espace;1198863
Key Up;Espace;1198975
Key Up;D;1199479
Key Down;Q;1199615
Key Up;Q;1200015
Key Down;Left Shift;1201063
Key Down;Espace;1201238
Key Up;Left Shift;1201246
Key Up;Espace;1202223
Key Up;Z;1202943
Key Down;Z;1203455
Key Down;D;1203847
Key Down;Espace;1204671
Key Up;Espace;1204815
Key Down;Espace;1204943
Key Up;Espace;1205063
Key Down;Espace;1205175
Key Up;Espace;1205303
Key Up;Z;1205791
Key Down;Z;1206095
Key Up;D;1206135
Key Down;Q;1206359
Key Up;Q;1206527
Key Down;Espace;1207247
Key Up;Espace;1207303
Key Down;Left Shift;1207711
Key Up;Left Shift;1208767
Key Down;Espace;1208831
Key Up;Espace;1209654
Key Up;Z;1209894
Key Down;Q;1210439
Key Down;Espace;1210583
Key Up;Espace;1210703
Key Up;Q;1211054
Key Down;Q;1211495
Key Down;Z;1212031
Key Down;Espace;1212614
Key Up;Z;1212678
Key Down;Z;1212718
Key Up;Espace;1212758
Key Up;Z;1212791
Key Down;Espace;1212919
Key Up;Espace;1213031
Key Down;Espace;1213247
Key Up;Espace;1213319
Key Down;Espace;1213463
Key Up;Espace;1213567
Key Down;Espace;1213695
Key Up;Espace;1213799
Key Up;Q;1214271
Key Down;Q;1214647
Key Down;Espace;1215639
Key Up;Espace;1215727
Key Down;Espace;1215831
Key Up;Espace;1215943
Key Down;Espace;1216007
Key Up;Espace;1216119
Key Down;Z;1216399
Key Up;Q;1217575
Key Down;Q;1217895
Key Up;Q;1218286
Key Down;Q;1218535
Key Down;Espace;1218655
Key Up;Espace;1218799
Key Down;Espace;1218895
Key Up;Espace;1218999
Key Up;Q;1219023
Key Down;D;1219359
Key Up;D;1221663
Key Down;D;1221831
Key Up;Z;1222247
Key Down;Z;1222438
Key Up;D;1222895
Key Down;D;1222911
Key Up;D;1222943
Key Down;D;1223135
Key Up;D;1224215
Key Up;Z;1224591
Key Down;S;1225583
Key Up;S;1227654
Key Down;Echap;1229478
Key Up;Echap;1229607
Key Down;Echap;1247031
Key Up;Echap;1247151
Key Down;D;1264366
Key Up;D;1265223
Key Down;Echap;1265902
Key Up;Echap;1266030
Key Down;Echap;1312214
Key Up;Echap;1312382
Key Down;Echap;1313838
Key Up;Echap;1314022
Key Down;S;1315278
Key Down;Q;1317519
Key Down;Espace;1317774
Key Up;Espace;1317902
Key Down;Espace;1317990
Key Up;Espace;1318110
Key Up;S;1318222
Key Down;Z;1318687
Key Up;Q;1318759
Key Down;D;1319646
Key Down;Espace;1320167
Key Up;D;1320255
Key Down;D;1320942
Key Up;D;1323071
Key Down;Q;1323223
Key Up;Q;1323278
Key Up;Espace;1332950
Key Down;Espace;1333686
Key Up;Espace;1334663
Key Down;Q;1334767
Key Down;Espace;1335406
Key Up;Espace;1335822
Key Down;Espace;1335927
Key Up;Espace;1336063
Key Down;Espace;1336127
Key Up;Espace;1336255
Key Up;Z;1337823
Key Down;Espace;1339518
Key Up;Espace;1339614
Key Down;Espace;1339702
Key Up;Espace;1339798
Key Down;Espace;1339894
Key Up;Espace;1339966
Key Down;Z;1340471
Key Up;Q;1340591
Key Down;Left Shift;1341502
Key Up;Left Shift;1341606
Key Down;Espace;1341639
Key Up;Espace;1342446
Key Up;Z;1342894
Key Down;Q;1343407
Key Down;Espace;1343654
Key Up;Espace;1343774
Key Down;Espace;1343838
Key Up;Espace;1343966
Key Down;Espace;1344030
Key Up;Espace;1344150
Key Down;S;1345342
Key Up;Q;1345638
Key Down;D;1345718
Key Up;S;1345878
Key Down;Espace;1346494
Key Up;Espace;1346614
Key Down;Espace;1346710
Key Up;Espace;1346814
Key Down;Z;1347310
Key Up;D;1347358
Key Down;Q;1347526
Key Up;Q;1347671
Key Down;Espace;1348374
Key Up;Espace;1348462
Key Down;Espace;1348566
Key Up;Espace;1348678
Key Down;D;1350150
Key Down;Espace;1350359
Key Up;Z;1350398
Key Up;Espace;1350470
Key Down;Espace;1350542
Key Up;Espace;1350646
Key Down;S;1353958
Key Up;D;1354350
Key Down;Q;1354582
Key Up;S;1354606
Key Down;Espace;1355190
Key Up;Espace;1355302
Key Down;Espace;1355454
Key Up;Espace;1355534
Key Up;Q;1355950
Key Down;D;1356198
Key Down;Espace;1357879
Key Up;Espace;1357982
Key Down;Espace;1358062
Key Up;Espace;1358174
Key Up;D;1359862
Key Down;Q;1360166
Key Down;Espace;1361862
Key Up;Espace;1361975
Key Down;Espace;1362055
Key Up;Espace;1362159
Key Down;Z;1362614
Key Up;Q;1362630
Key Down;D;1362782
Key Up;D;1363343
Key Down;Q;1365878
Key Up;Z;1366430
Key Down;Espace;1367438
Key Up;Espace;1367558
Key Down;Espace;1367671
Key Up;Espace;1367735
Key Up;Q;1368502
Key Down;Q;1368926
Key Down;Z;1369166
Key Up;Q;1369926
Key Up;Z;1370886
Key Down;D;1371254
Key Down;Espace;1371358
Key Up;Espace;1371470
Key Down;Espace;1371566
Key Up;Espace;1371686
Key Down;Espace;1371750
Key Up;Espace;1371871
Key Down;Espace;1371975
Key Up;Espace;1372118
Key Down;Espace;1372222
Key Up;Espace;1372310
Key Down;Espace;1372478
Key Up;Espace;1372566
Key Down;Espace;1372710
Key Up;Espace;1372814
Key Down;Espace;1372918
Key Up;Espace;1373006
Key Down;Espace;1373118
Key Up;Espace;1373206
Key Down;Espace;1373303
Key Up;Espace;1373398
Key Down;Espace;1373502
Key Up;Espace;1373598
Key Down;Espace;1373718
Key Up;Espace;1373806
Key Down;Espace;1373902
Key Up;Espace;1373990
Key Down;Espace;1374094
Key Up;Espace;1374182
Key Up;D;1374358
Key Down;Z;1383118
Key Down;D;1384174
Key Up;Z;1384286
Key Up;D;1384406
Key Down;Z;1386470
Key Down;D;1387246
Key Up;D;1387846
Key Up;Z;1388086
Key Down;Z;1390046
Key Up;Z;1390902
Key Down;Entrée;1403854
Key Up;Entrée;1403918
Key Down;Entrée;1481309
Key Up;Entrée;1481381
Key Down;Entrée;1484958
Key Up;Entrée;1485030
Key Down;Echap;1486909
Key Up;Echap;1487046
Key Down;Z;1492326
Key Up;Z;1494326
Key Down;Espace;1495030
Key Up;Espace;1495174
Key Down;Z;1512325
Key Up;Z;1514038
Key Down;Z;1515085
Key Down;D;1519021
Key Up;Z;1519718
Key Up;D;1519726
Key Down;Z;1564901
Key Down;Espace;1569981
Key Up;Espace;1571341
Key Down;D;1571806
Key Up;Z;1571942
Key Up;D;1571974
Key Down;Z;1572421
Key Down;Q;1572517
Key Up;Z;1572653
Key Up;Q;1572773
Key Down;D;1573326
Key Up;D;1573462
Key Down;Z;1574485
Key Up;Z;1574549
Key Down;D;1576805
Key Up;D;1577749
Key Down;Echap;1579397
Key Up;Echap;1579493
Key Down;Z;1580429
Key Down;Espace;1581725
Key Up;Espace;1582934
Key Down;Espace;1585813
Key Up;Espace;1585925
Key Down;Espace;1585973
Key Up;Espace;1586117
Key Down;D;1605726
Key Up;D;1606309
Key Down;Espace;1607725
Key Down;D;1608278
Key Up;D;1608693
Key Up;Espace;1608997
Key Down;D;1609093
Key Up;D;1609437
Key Down;Espace;1609669
Key Up;Espace;1622133
Key Up;Z;1622709
Key Down;Z;1624373
Key Down;D;1625797
Key Up;D;1626301
Key Up;Z;1626477
Key Down;D;1627006
Key Down;Z;1627493
Key Up;D;1627869
Key Up;Z;1628862
Key Down;Z;1629669
Key Up;Z;1629837
Key Down;Z;1629965
Key Up;Z;1631389
Key Down;NumPad 3;1632363
Key Up;NumPad 3;1632494
Key Down;NumPad 3;1632634
Key Up;NumPad 3;1632743
Key Down;NumPad 3;1632845
Key Up;NumPad 3;1632967
Key Down;NumPad 3;1633267
Key Up;NumPad 3;1633419
Key Down;S;1633565
Key Up;S;1634149
Key Down;S;1634493
Key Up;S;1635781
Key Down;S;1636837
Key Up;S;1637646
Key Down;D;1637661
Key Up;D;1637741
Key Down;Z;1637869
Key Up;Z;1638213
Key Down;Z;1645413
Key Up;Z;1645749
Key Down;Z;1646518
Key Up;Z;1646685
Key Down;Z;1647413
Key Down;Q;1647782
Key Up;Q;1647838
Key Down;D;1648693
Key Up;Z;1649429
Key Up;D;1649469
Key Down;Z;1649669
Key Up;Z;1652941
Key Down;Z;1655397
Key Down;D;1656678
Key Up;D;1657829
Key Down;X;1663381
Key Up;X;1663501
Key Down;D;1665557
Key Up;D;1665845
Key Down;D;1669613
Key Up;D;1669925
Key Up;Z;1670469
Key Down;Espace;1670501
Key Up;Espace;1674965
Key Down;Z;1677245
Key Down;D;1681709
Key Up;Z;1682093
Key Up;D;1682390
Key Down;Z;1685829
Key Down;X;1687581
Key Up;X;1687709
Key Down;Espace;1689197
Key Up;Espace;1690221
Key Down;Espace;1690629
Key Up;Espace;1694165
Key Up;Z;1694373
Key Down;Tab;1695781
Key Up;Tab;1698613
Key Down;Tab;1699125
Key Up;Tab;1699221
Key Down;Z;1699741
Key Down;Left Shift;1700317
Key Up;Left Shift;1701269
Key Down;Espace;1701661
Key Up;Espace;1702677
Key Down;X;1703005
Key Up;X;1703101
Key Down;Espace;1703765
Key Up;Espace;1710076
Key Up;Z;1710253
Key Down;Z;1711733
Key Down;X;1712133
Key Up;X;1712285
Key Up;Z;1712677
Key Down;Q;1713549
Key Down;Z;1713773
Key Up;Q;1714197
Key Up;Z;1718725
Key Down;Z;1764757
Key Down;Q;1766389
Key Up;Z;1767237
Key Down;Z;1767972
Key Up;Q;1768493
Key Up;Z;1772485
Key Down;Z;1772693
Key Down;Espace;1780741
Key Up;Espace;1784341
Key Up;Z;1784468
Key Down;Z;1785972
Key Down;Espace;1787189
Key Down;F;1788389
Key Up;F;1788525
Key Up;Espace;1788900
Key Down;Espace;1789053
Key Up;Espace;1795388
Key Up;Z;1795516
Key Down;F;1795540
Key Up;F;1795708
Key Down;Z;1797645
Key Up;Z;1799117
Key Down;Z;1799876
Key Up;Z;1800029
Key Down;F;1800037
Key Up;F;1800117
Key Down;Z;1800956
Key Down;Espace;1803292
Key Up;Espace;1804380
Key Up;Z;1804572
Key Down;D;1804781
Key Down;Espace;1809292
Key Up;D;1809324
Key Up;Espace;1809484
Key Down;Z;1809765
Key Down;Espace;1810109
Key Up;Espace;1810205
Key Down;Espace;1813276
Key Up;Espace;1814613
Key Down;Espace;1814876
Key Up;Espace;1814996
Key Down;Espace;1815581
Key Up;Espace;1815685
Key Down;Espace;1815789
Key Up;Espace;1815901
Key Down;Espace;1815997
Key Up;Espace;1816085
Key Down;Espace;1816204
Key Up;Espace;1816292
Key Down;Espace;1816404
Key Up;Espace;1816492
Key Down;Espace;1816620
Key Up;Espace;1816692
Key Down;Espace;1816837
Key Up;Espace;1816893
Key Down;Espace;1817037
Key Up;Espace;1817101
Key Down;Espace;1817261
Key Up;Espace;1817357
Key Down;Espace;1817508
Key Up;Espace;1817620
Key Down;Espace;1817756
Key Up;Espace;1817828
Key Up;Z;1820540
Key Down;F;1821828
Key Up;F;1821900
Key Down;Z;1823604
Key Up;Z;1824749
Key Down;F;1824821
Key Up;F;1824917
Key Down;F;1825308
Key Up;F;1825372
Key Down;F;1826037
Key Up;F;1826117
Key Down;Z;1827925
Key Down;D;1829093
Key Up;Z;1829221
Key Up;D;1829269
Key Down;Z;1829365
Key Down;Espace;1829684
Key Up;Espace;1830932
Key Down;Espace;1831396
Key Up;Espace;1831517
Key Down;Espace;1832861
Key Up;Espace;1833021
Key Down;Espace;1833245
Key Up;Espace;1833357
Key Down;Espace;1834725
Key Up;Espace;1835060
Key Down;Espace;1835212
Key Up;Espace;1835356
Key Down;Espace;1835484
Key Up;Espace;1835636
Key Down;Espace;1836837
Key Up;Espace;1836964
Key Down;Left Control;1839109
Key Up;Left Control;1839364
Key Down;Left Control;1839940
Key Up;Left Control;1840677
Key Up;Z;1840852
Key Down;Z;1842965
Key Down;Espace;1844421
Key Up;Espace;1845324
Key Down;Espace;1845477
Key Up;Espace;1845613
Key Up;Z;1846476
Key Down;Z;1850764
Key Down;Espace;1851245
Key Up;Espace;1851884
Key Down;Q;1852068
Key Up;Q;1853389
Key Down;D;1853956
Key Up;D;1854556
Key Up;Z;1854612
Key Down;Q;1854860
Key Up;Q;1859733
Key Down;D;1861045
Key Down;S;1866365
Key Up;D;1866485
Key Down;Espace;1867380
Key Up;Espace;1867524
Key Up;S;1868141
Key Down;Espace;1868628
Key Up;Espace;1868748
Key Down;Z;1868836
Key Down;Espace;1869028
Key Up;Espace;1869124
Key Down;Espace;1869261
Key Up;Espace;1869348
Key Down;D;1869436
Key Down;Espace;1869644
Key Up;Espace;1869773
Key Up;D;1869853
Key Down;Espace;1870045
Key Down;Q;1870101
Key Up;Espace;1870221
Key Down;D;1870340
Key Up;Q;1870404
Key Up;D;1870612
Key Down;S;1870620
Key Up;S;1870788
Key Up;Z;1870860
Key Down;Left Control;1871373
Key Up;Left Control;1871613
Key Down;Z;1872028
Key Down;Left Shift;1873004
Key Up;Left Shift;1873949
Key Down;Espace;1874157
Key Up;Espace;1874636
Key Down;Espace;1874748
Key Up;Espace;1875044
Key Down;Left Control;1875092
Key Up;Left Control;1875413
Key Down;Espace;1878797
Key Up;Espace;1878916
Key Down;Espace;1879044
Key Up;Espace;1879132
Key Down;Espace;1879356
Key Up;Espace;1879452
Key Down;Espace;1879604
Key Up;Espace;1879684
Key Down;Espace;1879845
Key Up;Espace;1879909
Key Down;Espace;1880053
Key Up;Espace;1880133
Key Down;Espace;1880268
Key Up;Espace;1880340
Key Down;Espace;1880492
Key Up;Espace;1880572
Key Down;Espace;1880724
Key Up;Espace;1880804
Key Down;Espace;1880956
Key Up;Espace;1881036
Key Down;Espace;1881197
Key Up;Espace;1881253
Key Down;Espace;1881413
Key Up;Espace;1881501
Key Down;Espace;1881740
Key Up;Espace;1881860
Key Down;D;1884357
Key Up;D;1884500
Key Down;Q;1884988
Key Up;Q;1885653
Key Up;Z;1885757
Key Down;Z;1886828
Key Down;D;1889709
Key Up;D;1891332
Key Up;Z;1891356
Key Down;Z;1892108
Key Down;Espace;1893324
Key Up;Espace;1894284
Key Down;D;1894364
Key Up;Z;1894476
Key Up;D;1894708
Key Down;Z;1895788
Key Down;Left Control;1896404
Key Up;Left Control;1897037
Key Down;Espace;1900732
Key Up;Espace;1901484
Key Down;Espace;1901652
Key Up;Espace;1901804
Key Down;Espace;1903772
Key Up;Espace;1903981
Key Down;Espace;1904260
Key Up;Espace;1904396
Key Down;Espace;1904524
Key Up;Espace;1904644
Key Down;D;1904900
Key Down;Espace;1904996
Key Up;D;1905012
Key Up;Espace;1905100
Key Down;F;1905917
Key Up;F;1906005
Key Down;F;1906108
Key Up;F;1906188
Key Up;Z;1907052
Key Down;Z;1913876
Key Down;Espace;1914421
Key Up;Espace;1914596
Key Down;Q;1915092
Key Up;Z;1915492
Key Down;Z;1925052
Key Up;Q;1925140
Key Down;Espace;1925404
Key Up;Espace;1925573
Key Down;Espace;1927532
Key Up;Espace;1928036
Key Down;Espace;1928132
Key Up;Espace;1928260
Key Up;Z;1929444
Key Down;Z;1931164
Key Down;Espace;1931524
Key Up;Espace;1932548
Key Down;D;1933068
Key Up;D;1933804
Key Up;Z;1933884
Key Down;F;1936284
Key Up;F;1936364
Key Down;Z;1938812
Key Down;Espace;1939012
Key Up;Espace;1939180
Key Down;Left Control;1940468
Key Up;Left Control;1941820
Key Down;D;1942509
Key Up;Z;1943124
Key Down;Z;1943972
Key Up;D;1944708
Key Down;X;1949996
Key Up;X;1951100
Key Down;X;1951924
Key Up;X;1952916
Key Down;X;1954948
Key Up;X;1955956
Key Up;Z;1956756
Key Down;Echap;1980284
Key Up;Echap;1980420
Key Down;Echap;1980868
Key Up;Echap;1980996
Key Down;Z;1981468
Key Up;Z;1983404
Key Down;F;1988268
Key Up;F;1988340
Key Down;Z;1990164
Key Up;Z;1993604
Key Down;Z;2013804
Key Up;Z;2015355
Key Down;Z;2024811
Key Up;Z;2030892
Key Down;Espace;2031228
Key Up;Espace;2031396
Key Down;Z;2033660
Key Down;Q;2033772
Key Up;Q;2034308
Key Down;Espace;2034396
Key Up;Espace;2034516
Key Down;Espace;2034628
Key Up;Z;2034636
Key Up;Espace;2034739
Key Down;Espace;2035796
Key Up;Espace;2035916
Key Down;Espace;2036004
Key Up;Espace;2036115
Key Down;Espace;2036251
Key Up;Espace;2036347
Key Down;Espace;2036516
Key Up;Espace;2036612
Key Down;Espace;2036772
Key Up;Espace;2036860
Key Down;Espace;2037020
Key Up;Espace;2037100
Key Down;Espace;2037268
Key Up;Espace;2037372
Key Down;Espace;2037491
Key Up;Espace;2037595
Key Down;Z;2040475
Key Down;Left Control;2040836
Key Up;Left Control;2041500
Key Down;Espace;2049796
Key Up;Espace;2049876
Key Down;Espace;2050020
Key Up;Espace;2050123
Key Down;Espace;2050692
Key Up;Espace;2050748
Key Down;Espace;2050876
Key Up;Espace;2050964
Key Down;Espace;2051076
Key Up;Espace;2051156
Key Down;Espace;2051292
Key Up;Espace;2051348
Key Down;Espace;2051515
Key Up;Espace;2051603
Key Down;Espace;2051771
Key Up;Espace;2051844
Key Down;Espace;2051988
Key Up;Espace;2052060
Key Down;Espace;2052196
Key Up;Espace;2052284
Key Down;Espace;2052420
Key Up;Espace;2052500
Key Down;Espace;2052628
Key Up;Espace;2052716
Key Down;Espace;2052859
Key Up;Espace;2052939
Key Down;Espace;2053091
Key Up;Espace;2053187
Key Down;Espace;2053364
Key Up;Espace;2053444
Key Down;Espace;2053612
Key Up;Espace;2053756
Key Down;Espace;2053956
Key Up;Espace;2054060
Key Up;Z;2058507
Key Down;Z;2060076
Key Up;Z;2060507
Key Down;Z;2060780
Key Up;Z;2060900
Key Down;F;2061444
Key Up;F;2061516
Key Down;F;2062164
Key Up;F;2062236
Key Down;Z;2063099
Key Up;Z;2064012
Key Down;Z;2064988
Key Down;F;2065284
Key Up;Z;2065348
Key Up;F;2065412
Key Down;F;2066187
Key Up;F;2066283
Key Down;X;2067531
Key Up;X;2067611
Key Down;F;2068803
Key Up;F;2068883
Key Down;F;2069604
Key Up;F;2069716
Key Down;Z;2071147
Key Up;Z;2071435
Key Down;Z;2072515
Key Up;Z;2073068
Key Down;F;2073332
Key Up;F;2073428
Key Down;F;2074548
Key Up;F;2075244
Key Down;Z;2075763
Key Up;Z;2076508
Key Down;F;2087987
Key Up;F;2088067
Key Down;F;2091692
Key Up;F;2091755
Key Down;Z;2093627
Key Up;Z;2094028
Key Down;Espace;2094795
Key Up;Espace;2095524
Key Down;Z;2096956
Key Down;F;2099323
Key Up;F;2099404
Key Up;Z;2099780
Key Down;F;2100379
Key Up;F;2100467
Key Down;Espace;2103956
Key Up;Espace;2104211
Key Down;Left Control;2106252
Key Up;Left Control;2106452
Key Down;Z;2106835
Key Up;Z;2106907
Key Down;Left Control;2107284
Key Down;Z;2107979
Key Up;Z;2109515
Key Down;Z;2109947
Key Up;Z;2110027
Key Down;Z;2117276
Key Up;Z;2118083
Key Down;X;2122868
Key Up;X;2122916
Key Down;Z;2123851
Key Up;Z;2125267
Key Up;Left Control;2126236
Key Down;Z;2129987
Key Down;Left Shift;2133475
Key Up;Left Shift;2133523
Key Down;Espace;2133611
Key Up;Espace;2138668
Key Up;Z;2138947
Key Down;Z;2140140
Key Up;Z;2140339
Key Down;Z;2143539
Key Down;Espace;2144356
Key Up;Espace;2147971
Key Up;Z;2148915
Key Down;Z;2151228
Key Up;Z;2152332
Key Down;Z;2155963
Key Up;Z;2156155
Key Down;Left Control;2156227
Key Up;Left Control;2158228
Key Down;Z;2165020
Key Up;Z;2166532
Key Down;Z;2167363
Key Up;Z;2168355
Key Down;Z;2168787
Key Down;Espace;2169812
Key Up;Espace;2169948
Key Down;Espace;2170131
Key Up;Espace;2170227
Key Down;Left Control;2172091
Key Up;Left Control;2173011
Key Up;Z;2173635
Key Down;Q;2173803
Key Down;Z;2173915
Key Up;Q;2174924
Key Down;Espace;2175147
Key Up;Espace;2175299
Key Up;Z;2175395
Key Down;Espace;2175539
Key Up;Espace;2175651
Key Down;Espace;2175891
Key Up;Espace;2175972
Key Down;Espace;2176196
Key Up;Espace;2176284
Key Down;Espace;2176459
Key Up;Espace;2176539
Key Down;Espace;2176699
Key Up;Espace;2176787
Key Down;Espace;2176923
Key Up;Espace;2177011
Key Down;Espace;2177132
Key Up;Espace;2177228
Key Down;Espace;2177388
Key Up;Espace;2177491
Key Down;Espace;2177627
Key Up;Espace;2177731
Key Down;Espace;2177891
Key Up;Espace;2177987
Key Down;Espace;2178155
Key Up;Espace;2178259
Key Down;Espace;2178419
Key Up;Espace;2178524
Key Down;Z;2181388
Key Down;Left Control;2181675
Key Up;Left Control;2182523
Key Up;Z;2189076
Key Down;Z;2189243
Key Up;Z;2189635
Key Down;Espace;2189883
Key Up;Espace;2190027
Key Down;Espace;2191099
Key Up;Espace;2191179
Key Down;Espace;2191339
Key Up;Espace;2191427
Key Down;Espace;2191579
Key Up;Espace;2191676
Key Down;Espace;2191828
Key Up;Espace;2191940
Key Down;Espace;2192091
Key Up;Espace;2192203
Key Down;Espace;2192363
Key Up;Espace;2192435
Key Down;Espace;2192651
Key Up;Espace;2192755
Key Down;Z;2197572
Key Up;Z;2198523
Key Down;Left Control;2198764
Key Down;Z;2199427
Key Up;Z;2200116
Key Up;Left Control;2207003
Key Down;Left Control;2207779
Key Down;F;2209171
Key Up;F;2209251
Key Down;Z;2211315
Key Up;Left Control;2211475
Key Down;Espace;2211627
Key Up;Espace;2211755
Key Up;Z;2213059
Key Down;Left Control;2213211
Key Down;Q;2213900
Key Down;Z;2213971
Key Up;Q;2214555
Key Up;Z;2216123
Key Down;Z;2222587
Key Up;Left Control;2222932
Key Up;Z;2223059
Key Down;Left Control;2223883
Key Down;Z;2224324
Key Up;Z;2225499
Key Down;Espace;2226987
Key Up;Espace;2227132
Key Down;Z;2230291
Key Down;Espace;2234603
Key Up;Z;2234667
Key Up;Espace;2234739
Key Down;Espace;2235563
Key Up;Espace;2235659
Key Down;Espace;2235795
Key Up;Espace;2235891
Key Down;Espace;2236011
Key Up;Espace;2236107
Key Down;Espace;2236227
Key Up;Espace;2236331
Key Down;Espace;2236443
Key Up;Espace;2236539
Key Down;Espace;2236660
Key Up;Espace;2236748
Key Down;Espace;2236915
Key Up;Espace;2237003
Key Down;Espace;2237307
Key Up;Espace;2237411
Key Down;D;2244979
Key Up;D;2245123
Key Down;D;2245411
Key Up;D;2245451
Key Down;F;2248291
Key Up;F;2248371
Key Down;Z;2249115
Key Up;Z;2249251
Key Up;Left Control;2250371
Key Down;Left Control;2250859
Key Down;F;2251539
Key Up;F;2251619
Key Up;Left Control;2252491
Key Down;Left Control;2264667
Key Up;Left Control;2265819
Key Down;Z;2272891
Key Up;Z;2274115
Key Down;F;2275499
Key Up;F;2275571
Key Down;Z;2277483
Key Down;Left Control;2279323
Key Down;D;2280227
Key Up;Z;2280235
Key Down;S;2280747
Key Up;S;2281323
Key Up;D;2281483
Key Down;Q;2282155
Key Up;Q;2282291
Key Up;Left Control;2294979
Key Down;Z;2305507
Key Up;Z;2306698
Key Down;Z;2307387
Key Down;Espace;2307499
Key Up;Z;2308699
Key Up;Espace;2308779
Key Down;Z;2309795
Key Down;D;2311619
Key Up;D;2312683
Key Up;Z;2312859
Key Down;F;2312875
Key Up;F;2313011
Key Down;F;2326483
Key Up;F;2326554
Key Down;Z;2334995
Key Down;Left Control;2336059
Key Up;Z;2336123
Key Up;Left Control;2338675
Key Down;Z;2338899
Key Down;F;2339355
Key Up;F;2339434
Key Up;Z;2339802
Key Down;F;2339931
Key Up;F;2340035
Key Down;F;2340275
Key Up;F;2340355
Key Down;Z;2340842
Key Down;F;2341435
Key Up;F;2341523
Key Up;Z;2341827
Key Down;D;2357083
Key Down;Z;2357586
Key Up;D;2357795
Key Up;Z;2358387
Key Down;Left Control;2358563
Key Up;Left Control;2361538
Key Down;Z;2361746
Key Down;Left Control;2363210
Key Up;Left Control;2364035
Key Up;Z;2364522
Key Down;Z;2373195
Key Down;Q;2373203
Key Up;Q;2374226
Key Down;Q;2375035
Key Up;Q;2375554
Key Down;Espace;2376203
Key Up;Espace;2376610
Key Down;F;2379011
Key Up;F;2379083
Key Up;Z;2379618
Key Down;Espace;2382147
Key Up;Espace;2383170
Key Down;D;2383563
Key Down;Z;2384083
Key Up;D;2384234
Key Down;F;2385491
Key Up;F;2385587
Key Down;Espace;2387779
Key Up;Espace;2387923
Key Up;Z;2392235
Key Down;Z;2396747
Key Up;Z;2401019
Key Down;X;2402043
Key Up;X;2402882
Key Down;Z;2404474
Key Up;Z;2405522
Key Down;Z;2407755
Key Up;Z;2408602
Key Down;Z;2409946
Key Up;Z;2410210
Key Down;Z;2411330
Key Up;Z;2414282
Key Down;Z;2414739
Key Up;Z;2416682
Key Down;X;2451147
Key Up;X;2452218
Key Down;Z;2452962
Key Up;Z;2454202
Key Down;X;2454522
Key Up;X;2455426
Key Down;Z;2456370
Key Down;Espace;2461818
Key Up;Espace;2465978
Key Up;Z;2466258
Key Down;Echap;2469642
Key Up;Echap;2469786
Key Down;Z;2470426
Key Up;Z;2471242
Key Down;Z;2475954
Key Up;Z;2477074
Key Down;Z;2478099
Key Down;D;2478210
Key Up;D;2478546
Key Down;D;2479082
Key Up;D;2480090
Key Down;Espace;2480378
Key Up;Espace;2485834
Key Up;Z;2486082
Key Down;X;2486395
Key Up;X;2486491
Key Down;D;2488290
Key Up;D;2489338
Key Down;F;2490890
Key Up;F;2490970
Key Down;Q;2492642
Key Down;Z;2492650
Key Up;Q;2493195
Key Down;Espace;2493243
Key Up;Espace;2493370
Key Down;Q;2493538
Key Up;Z;2494034
Key Up;Q;2494586
Key Down;F;2494650
Key Up;F;2494770
Key Down;Z;2496626
Key Down;Espace;2496939
Key Up;Espace;2497098
Key Down;D;2499346
Key Up;D;2500914
Key Up;Z;2501210
Key Down;Espace;2502274
Key Up;Espace;2502483
Key Down;Espace;2503258
Key Up;Espace;2503474
Key Down;Z;2503586
Key Up;Z;2504690
Key Down;Q;2505642
Key Up;Q;2505794
Key Down;S;2506922
Key Up;S;2507586
Key Down;Z;2508914
Key Up;Z;2509178
Key Down;Espace;2509403
Key Up;Espace;2509610
Key Down;Z;2509882
Key Up;Z;2510995
Key Down;Z;2511570
Key Down;Espace;2511802
Key Up;Z;2512523
Key Up;Espace;2512682
Key Down;S;2513034
Key Up;S;2513818
Key Down;Q;2514459
Key Up;Q;2515138
Key Down;F;2516746
Key Up;F;2516826
Key Down;Espace;2519018
Key Up;Espace;2519146
Key Down;S;2519226
Key Up;S;2520706
Key Down;D;2521042
Key Up;D;2521098
Key Down;Z;2521202
Key Down;D;2522178
Key Up;D;2527074
Key Up;Z;2528738
Key Down;Z;2529450
Key Up;Z;2530818
Key Down;X;2531234
Key Up;X;2531386
Key Down;Z;2531643
Key Up;Z;2531818
Key Down;Z;2532202
Key Up;Z;2532514
Key Down;Z;2533218
Key Up;Z;2533674
Key Down;Espace;2534290
Key Up;Espace;2534458
Key Down;S;2534722
Key Down;Q;2535042
Key Up;Q;2535250
Key Up;S;2535458
Key Down;D;2546418
Key Up;D;2547138
Key Down;Q;2547674
Key Down;Z;2547970
Key Up;Q;2548754
Key Up;Z;2549090
Key Down;D;2549506
Key Down;Z;2549562
Key Up;D;2549922
Key Down;Left Shift;2551698
Key Up;Left Shift;2552410
Key Down;Espace;2552698
Key Up;Espace;2554266
Key Down;Espace;2554882
Key Up;Espace;2555042
Key Down;Espace;2555210
Key Up;Espace;2555338
Key Down;Espace;2555610
Key Up;Espace;2555722
Key Down;Espace;2556242
Key Up;Espace;2556466
Key Down;Espace;2556714
Key Up;Espace;2556857
Key Down;Espace;2557042
Key Up;Espace;2557170
Key Down;Q;2558954
Key Up;Q;2559042
Key Down;Espace;2559250
Key Up;Espace;2559410
Key Down;Espace;2559649
Key Up;Espace;2559786
Key Down;Espace;2560666
Key Up;Espace;2560754
Key Down;Espace;2561137
Key Up;Espace;2561226
Key Down;Espace;2562978
Key Up;Espace;2563082
Key Up;Z;2565866
Key Down;Espace;2566306
Key Up;Espace;2566418
Key Down;Espace;2568370
Key Up;Espace;2568474
Key Down;Espace;2568570
Key Up;Espace;2568674
Key Down;Z;2605210
Key Down;Q;2607362
Key Up;Q;2608410
Key Down;Espace;2609194
Key Up;Espace;2611146
Key Up;Z;2611226
Key Down;Espace;2612562
Key Up;Espace;2612690
Key Down;Z;2613922
Key Up;Z;2615226
Key Down;Z;2615754
Key Up;Z;2617810
Key Down;Echap;2623658
Key Up;Echap;2623778
Key Down;Echap;2624794
Key Up;Echap;2624898
Key Down;Tab;2625393
Key Up;Tab;2625617
Key Down;Echap;2631010
Key Up;Echap;2631146
Key Down;Echap;2632066
Key Up;Echap;2632178
Key Down;Echap;2635938
Key Up;Echap;2636058
Key Down;C;2638578
Key Up;C;2638682
Key Down;C;2640369
Key Up;C;2640465
Key Down;Z;2641282
Key Up;Z;2641865
Key Down;D;2641945
Key Up;D;2642402
Key Down;X;2644018
Key Up;X;2644458
Key Down;Z;2645610
Key Up;Z;2648257
Key Down;X;2648449
Key Up;X;2649122
Key Down;X;2650065
Key Up;X;2650898
Key Down;X;2651369
Key Up;X;2652130
Key Down;Z;2653290
Key Up;Z;2660386
Key Down;Z;2663314
Key Up;Z;2665281
Key Down;Z;2665930
Key Up;Z;2667322
Key Down;Z;2669081
Key Down;Q;2670713
Key Up;Q;2671290
Key Up;Z;2671426
Key Down;Z;2671825
Key Down;D;2674066
Key Up;D;2675530
Key Down;Q;2678921
Key Up;Z;2680034
Key Up;Q;2680066
Key Down;Z;2683097
Key Down;D;2683906
Key Up;D;2684834
Key Up;Z;2684866
Key Down;Z;2686618
Key Up;Z;2689130
Key Down;Z;2689953
Key Up;Z;2695777
Key Down;Espace;2696234
Key Up;Espace;2696378
Key Down;Z;2700378
Key Down;D;2701153
Key Up;D;2701650
Key Up;Z;2701690
Key Down;Z;2702617
Key Up;Z;2703250
Key Down;Z;2703441
Key Up;Z;2704058
Key Down;Espace;2704226
Key Up;Espace;2704386
Key Down;Espace;2705289
Key Up;Espace;2705441
Key Down;Espace;2705914
Key Up;Espace;2706010
Key Down;Espace;2706185
Key Up;Espace;2706273
Key Down;Espace;2706801
Key Up;Espace;2706897
Key Down;Espace;2707034
Key Up;Espace;2707153
Key Down;Espace;2707314
Key Up;Espace;2707442
Key Down;Espace;2707658
Key Up;Espace;2707770
Key Down;Espace;2708058
Key Up;Espace;2708122
Key Down;Espace;2708329
Key Up;Espace;2708417
Key Down;Z;2711273
Key Down;Left Control;2711617
Key Up;Left Control;2712233
Key Down;Espace;2724434
Key Up;Espace;2724578
Key Down;Espace;2725329
Key Up;Espace;2725425
Key Down;Espace;2725538
Key Up;Espace;2725634
Key Down;Espace;2725746
Key Up;Espace;2725834
Key Down;Espace;2725978
Key Up;Espace;2726065
Key Down;Espace;2726201
Key Up;Espace;2726281
Key Down;Espace;2726409
Key Up;Espace;2726497
Key Down;Espace;2726657
Key Up;Espace;2726721
Key Down;Espace;2726889
Key Up;Espace;2726994
Key Down;D;2734001
Key Up;D;2734578
Key Up;Z;2735345
Key Down;F;2735826
Key Up;F;2735914
Key Down;Z;2737530
Key Down;Espace;2738033
Key Up;Espace;2738129
Key Down;Espace;2740785
Key Up;Espace;2744209
Key Up;Z;2744394
Key Down;Z;2770898
Key Up;Z;2771241
Key Down;Espace;2772425
Key Up;Espace;2774305
Key Down;Left Control;2776841
Key Down;Z;2783033
Key Up;Z;2784089
Key Up;Left Control;2785361
Key Down;Espace;2785657
Key Up;Espace;2785793
Key Down;Z;2798066
Key Down;D;2803521
Key Up;D;2804257
Key Down;F;2804649
Key Up;F;2804777
Key Up;Z;2805257
Key Down;Z;2806753
Key Down;Q;2808977
Key Up;Z;2809497
Key Up;Q;2810545
Key Down;Z;2812705
Key Up;Z;2815209
Key Down;Z;2816425
Key Down;Espace;2817337
Key Up;Espace;2830889
Key Up;Z;2831129
Key Down;Z;2833001
Key Down;Q;2833897
Key Up;Z;2834121
Key Up;Q;2834745
Key Down;Tab;2834945
Key Up;Tab;2835889
Key Down;Echap;2844257
Key Up;Echap;2844417
Key Down;Z;2845009
Key Down;D;2856409
Key Up;D;2856785
Key Down;D;2857328
Key Up;D;2857609
Key Down;Q;2857985
Key Up;Q;2858169
Key Down;Left Control;2858609
Key Up;Left Control;2858889
Key Up;Z;2859209
Key Down;Espace;2859593
Key Down;Z;2859929
Key Up;Espace;2859937
Key Up;Z;2860056
Key Down;S;2860241
Key Up;S;2860737
Key Down;Z;2861105
Key Down;Q;2862337
Key Up;Q;2862505
Key Down;Espace;2862856
Key Up;Espace;2863121
Key Down;Q;2863353
Key Up;Q;2863569
Key Down;D;2864224
Key Up;D;2864641
Key Down;Q;2864713
Key Up;Q;2865441
Key Up;Z;2865680
Key Down;S;2866617
Key Up;S;2867265
Key Down;Z;2867609
Key Down;Q;2868577
Key Up;Q;2869112
Key Up;Z;2869585
Key Down;Echap;2873585
Key Up;Echap;2873745
Key Down;Z;2874593
Key Down;Left Control;2875369
Key Up;Left Control;2875761
Key Up;Z;2876017
Key Down;Espace;2877025
Key Up;Espace;2877161
Key Down;Z;2878337
Key Down;Q;2879072
Key Up;Q;2879481
Key Down;D;2880456
Key Up;D;2881129
Key Up;Z;2881848
Key Down;Tab;2882985
Key Up;Tab;2893913
Key Down;Tab;2895784
Key Up;Tab;2895897
Key Down;Q;2897144
Key Down;Z;2897217
Key Up;Q;2897649
Key Down;D;2898001
Key Up;D;2898657
Key Down;Q;2898721
Key Up;Q;2899201
Key Up;Z;2899728
Key Down;D;2900000
Key Down;Z;2900593
Key Up;D;2900705
Key Down;Espace;2901168
Key Up;Espace;2902041
Key Up;Z;2902081
Key Down;Z;2902593
Key Down;D;2903424
Key Up;D;2903841
Key Down;Tab;2904441
Key Up;Z;2904473
Key Up;Tab;2905449
Key Down;Z;2905521
Key Up;Z;2905537
Key Down;Z;2905569
Key Up;Z;2905633
Key Down;Echap;2905753
Key Up;Echap;2905865
Key Down;Echap;2906240
Key Up;Echap;2906288
Key Down;Echap;2906720
Key Up;Echap;2906832
Key Down;Z;2907001
Key Down;Espace;2907377
Key Up;Espace;2913848
Key Down;Espace;2914032
Key Down;F;2915185
Key Up;F;2915616
Key Up;Espace;2915656
Key Up;Z;2917761
Key Down;Z;2918472
Key Down;Espace;2918689
Key Up;Espace;2918849
Key Down;Espace;2919233
Key Up;Espace;2919417
Key Down;Espace;2919648
Key Up;Espace;2919784
Key Down;Espace;2919968
Key Up;Espace;2920113
Key Down;D;2920329
Key Up;Z;2920665
Key Down;Z;2921513
Key Up;D;2922424
Key Up;Z;2923921
Key Down;Espace;2924585
Key Up;Espace;2924728
Key Down;Echap;2992640
Key Up;Echap;2992696
Key Down;Echap;2993984
Key Up;Echap;2994136
Key Down;Z;2995256
Key Down;Q;2996616
Key Up;Q;2997928
Key Down;Tab;2999288
Key Up;Z;2999320
Key Up;Tab;3001073
Key Down;Tab;3001704
Key Up;Tab;3001824
Key Down;Z;3002848
Key Down;Left Shift;3003240
Key Up;Left Shift;3003705
Key Down;Espace;3003929
Key Up;Espace;3006425
Key Down;Espace;3006984
Key Up;Espace;3007945
Key Down;Espace;3008288
Key Down;Tab;3009825
Key Up;Tab;3009952
Key Up;Z;3010424
Key Up;Espace;3010624
Key Down;Echap;3011392
Key Up;Echap;3011505
Key Down;Z;3012416
Key Down;Q;3012624
Key Down;Espace;3012832
Key Up;Q;3012913
Key Down;Tab;3013968
Key Up;Tab;3014184
Key Up;Espace;3014681
Key Up;Z;3014688
Key Down;Echap;3015048
Key Up;Echap;3015176
Key Down;Z;3015320
Key Down;Espace;3015849
Key Up;Espace;3021665
Key Up;Z;3021689
Key Down;Z;3022264
Key Down;Q;3024272
Key Up;Q;3025608
Key Down;F;3025648
Key Up;F;3025752
Key Up;Z;3031688
Key Down;Espace;3031736
Key Up;Espace;3034280
Key Down;Left Control;3034400
Key Down;Z;3034560
Key Up;Left Control;3034648
Key Down;Left Control;3035281
Key Up;Left Control;3035425
Key Down;Left Control;3035465
Key Up;Left Control;3035545
Key Down;Espace;3035561
Key Down;Left Control;3035680
Key Up;Espace;3035744
Key Up;Left Control;3035792
Key Down;D;3039640
Key Up;D;3039896
Key Up;Z;3042169
Key Down;Z;3043353
Key Up;Z;3045504
Key Down;Z;3045832
Key Up;Z;3047072
Key Down;Z;3047384
Key Up;Z;3048824
Key Down;Q;3064616
Key Down;Z;3064648
Key Up;Q;3066696
Key Up;Z;3066808
Key Down;F;3066872
Key Up;F;3067304
Key Down;Z;3069288
Key Up;Z;3072912
Key Down;Left Control;3073816
Key Up;Left Control;3074032
Key Down;Left Control;3074600
Key Up;Left Control;3076176
Key Down;Z;3078664
Key Up;Z;3080368
Key Down;Z;3081408
Key Up;Z;3081480
Key Down;Espace;3082040
Key Up;Espace;3082728
Key Down;Z;3082952
Key Up;Z;3083024
Key Down;Z;3083424
Key Up;Z;3084056
Key Down;Espace;3084184
Key Up;Espace;3085240
Key Down;Z;3085864
Key Down;F;3087320
Key Up;F;3087448
Key Down;F;3087608
Key Up;F;3087696
Key Up;Z;3088552
Key Down;Z;3145280
Key Down;D;3145456
Key Up;D;3145920
Key Up;Z;3147200
Key Down;Espace;3147472
Key Up;Espace;3147616
Key Down;D;3156144
Key Down;Z;3156840
Key Up;Z;3157336
Key Down;Z;3157815
Key Up;D;3158536
Key Up;Z;3158776
Key Down;D;3159119
Key Up;D;3159928
Key Down;Z;3160008
Key Down;D;3160016
Key Up;D;3160096
Key Up;Z;3160432
Key Down;D;3160511
Key Down;Z;3160519
Key Up;D;3160655
Key Up;Z;3161024
Key Down;Z;3161136
Key Down;D;3161200
Key Up;D;3161328
Key Up;Z;3161376
Key Down;Q;3162632
Key Up;Q;3162768
Key Down;F;3163664
Key Up;F;3163752
Key Down;Z;3165544
Key Down;D;3167336
Key Up;D;3167920
Key Down;Q;3168232
Key Up;Q;3168752
Key Up;Z;3169143
Key Down;F;3170000
Key Up;F;3170736
Key Down;F;3171200
Key Up;F;3171624
Key Down;F;3171656
Key Up;F;3171831
Key Down;Z;3171983
Key Up;Z;3172296
Key Down;Z;3173872
Key Down;D;3173984
Key Up;Z;3174815
Key Down;Z;3175048
Key Up;Z;3175104
Key Up;D;3176464
Key Down;D;3182688
Key Up;D;3182768
Key Down;Espace;3183151
Key Down;D;3183704
Key Up;Espace;3183720
Key Up;D;3183840
Key Down;Espace;3184128
Key Up;Espace;3184888
Key Down;D;3189896
Key Up;D;3190143
Key Down;Left Control;3190616
Key Up;Left Control;3191479
Key Down;Left Control;3192280
Key Up;Left Control;3194872
Key Down;D;3195112
Key Up;D;3195664
Key Down;Left Control;3196640
Key Down;D;3198679
Key Down;Z;3198711
Key Up;Left Control;3198719
Key Up;D;3202743
Key Up;Z;3206839
Key Down;Echap;3212663
Key Up;Echap;3212783
Key Down;Echap;3212960
Key Up;Echap;3213000
Key Down;Echap;3213568
Key Up;Echap;3213704
Key Down;Entrée;3215247
Key Up;Entrée;3215303
Key Down;Z;3217927
Key Down;Q;3218216
Key Up;Q;3220391
Key Down;F;3220551
Key Up;F;3220663
Key Up;Z;3223568
Key Down;Z;3225711
Key Down;Q;3226927
Key Up;Q;3227184
Key Up;Z;3230024
Key Down;Z;3234448
Key Down;D;3234951
Key Up;D;3235768
Key Down;D;3236815
Key Up;D;3237168
Key Up;Z;3237496
Key Down;D;3239639
Key Up;D;3239743
Key Down;D;3240048
Key Down;S;3240376
Key Up;D;3240400
Key Down;D;3240663
Key Up;S;3240775
Key Down;Z;3240935
Key Up;D;3241223
Key Down;Espace;3243240
Key Up;Z;3244256
Key Up;Espace;3244272
Key Down;Q;3245479
Key Down;Z;3246807
Key Up;Z;3247160
Key Up;Q;3247775
Key Down;Q;3248207
Key Down;Z;3248239
Key Up;Q;3249119
Key Up;Z;3249215
Key Down;Q;3249864
Key Down;Z;3250200
Key Up;Q;3250240
Key Up;Z;3250296
Key Down;D;3250871
Key Up;D;3252399
Key Down;Echap;3252936
Key Up;Echap;3253056
Key Down;Z;3264471
Key Up;Z;3264759
Key Down;D;3265831
Key Up;D;3266399
Key Down;Z;3266503
Key Down;Q;3266824
Key Up;Z;3268719
Key Up;Q;3268767
Key Down;F;3269055
Key Up;F;3269943
Key Down;Z;3271559
Key Up;Z;3272248
Key Down;Echap;3272775
Key Up;Echap;3272888
Key Down;D;3286959
Key Down;Z;3287695
Key Up;D;3287848
Key Down;F;3289111
Key Up;F;3289192
Key Up;Z;3289520
Key Down;Z;3291448
Key Down;Left Control;3293487
Key Up;Z;3293991
Key Down;D;3294696
Key Up;D;3295279
Key Down;Espace;3298135
Key Up;Espace;3298263
Key Down;Espace;3299072
Key Up;Espace;3299175
Key Down;D;3299511
Key Up;D;3299583
Key Down;Z;3302375
Key Up;Z;3302503
Key Down;Z;3303855
Key Up;Z;3303943
Key Down;D;3304887
Key Up;D;3305367
Key Down;Z;3306175
Key Up;Z;3307199
Key Up;Left Control;3309295
Key Down;Left Control;3313160
Key Down;Z;3314480
Key Up;Z;3315431
Key Up;Left Control;3322952
Key Down;Z;3323607
Key Up;Z;3324400
Key Down;D;3324751
Key Up;D;3325199
Key Down;Z;3325279
Key Up;Z;3325800
Key Down;Espace;3326383
Key Up;Espace;3326527
Key Down;Z;3327064
Key Down;Q;3327136
Key Up;Q;3327367
Key Down;Espace;3328055
Key Up;Espace;3329527
Key Up;Z;3329751
Key Down;Left Control;3329912
Key Down;Z;3332127
Key Up;Z;3336479
Key Down;Z;3338559
Key Up;Z;3340719
Key Down;Z;3343063
Key Up;Z;3344016
Key Down;Z;3346824
Key Up;Left Control;3347031
Key Up;Z;3350439
Key Down;D;3350623
Key Down;S;3350679
Key Up;S;3351088
Key Down;Z;3351663
Key Up;Z;3353967
Key Down;Z;3354167
Key Up;D;3354199
Key Up;Z;3357903
Key Down;Left Shift;3370279
Key Up;Left Shift;3370639
Key Down;Left Shift;3372823
Key Up;Left Shift;3373647
Key Down;Z;3381807
Key Down;NumPad 3;3383644
Key Up;NumPad 3;3383757
Key Up;Z;3385735
Key Down;Z;3391631
Key Up;Z;3394263
Key Down;Z;3398111
Key Down;D;3399167
Key Up;D;3400295
Key Up;Z;3400351
Key Down;Espace;3400695
Key Up;Espace;3400863
Key Down;Espace;3411543
Key Up;Espace;3411687
Key Down;Entrée;3413455
Key Up;Entrée;3413519
Key Down;Z;3420079
Key Down;D;3421047
Key Up;Z;3422647
Key Up;D;3422775
Key Down;X;3428527
Key Up;X;3428631
Key Down;Z;3432686
Key Down;D;3433047
Key Up;Z;3433759
Key Up;D;3433807
Key Down;Z;3435103
Key Up;Z;3435903
Key Down;Espace;3437087
Key Up;Espace;3441167
Key Down;Z;3451566
Key Up;Z;3452447
Key Down;Z;3452807
Key Up;Z;3453959
Key Down;Espace;3456391
Key Up;Espace;3457031
Key Down;Z;3458431
Key Down;Left Shift;3462503
Key Up;Left Shift;3463631
Key Down;Espace;3464086
Key Up;Espace;3467199
Key Up;Z;3467399
Key Down;D;3467710
Key Down;Z;3468023
Key Up;Z;3470207
Key Down;Z;3470534
Key Up;D;3470622
Key Up;Z;3471615
Key Down;S;3474423
Key Down;Q;3475943
Key Up;Q;3477135
Key Up;S;3477351
Key Down;Z;3478831
Key Up;Z;3479006
Key Down;Z;3484806
Key Down;D;3486615
Key Up;D;3486983
Key Up;Z;3487886
Key Down;S;3492014
Key Down;Q;3493047
Key Up;Q;3494966
Key Up;S;3495182
Key Down;D;3495374
Key Down;Z;3495591
Key Up;D;3496103
Key Down;X;3497958
Key Up;X;3498070
Key Down;D;3500318
Key Up;D;3501183
Key Down;D;3502327
Key Up;D;3502591
Key Down;D;3503222
Key Up;D;3503655
Key Up;Z;3503775
Key Down;Tab;3504111
Key Up;Tab;3504678
Key Down;Q;3507167
Key Up;Q;3507263
Key Down;Entrée;3520286
Key Up;Entrée;3520359
Key Down;Entrée;3523662
Key Up;Entrée;3523758
Key Down;Echap;3525166
Key Up;Echap;3525311
Key Down;Espace;3527855
Key Up;Espace;3528023
Key Down;Z;3532710
Key Down;D;3533262
Key Up;Z;3534526
Key Up;D;3534646
Key Down;Z;3536423
Key Down;F;3543606
Key Up;F;3543718
Key Up;Z;3546806
Key Down;F;3552062
Key Up;F;3552190
Key Down;Z;3552198
Key Up;Z;3552647
Key Down;Q;3553526
Key Down;Z;3553590
Key Up;Q;3553918
Key Down;Q;3558271
Key Up;Q;3558423
Key Up;Z;3558575
Key Down;F;3558814
Key Up;F;3559454
Key Down;Z;3563046
Key Up;Z;3563574
Key Down;Z;3569767
Key Up;Z;3572302
Key Down;Z;3586583
Key Down;Espace;3591846
Key Up;Z;3592022
Key Up;Espace;3593839
Key Down;Z;3594630
Key Down;D;3596062
Key Up;D;3597190
Key Down;Q;3598470
Key Up;Q;3598814
Key Down;F;3599263
Key Up;Z;3599375
Key Up;F;3599415
Key Down;Z;3600486
Key Up;Z;3601054
Key Down;Left Control;3603158
Key Down;Z;3603543
Key Up;Z;3609846
Key Up;Left Control;3615662
Key Down;Q;3617007
Key Up;Q;3619615
Key Down;Z;3620686
Key Up;Z;3622078
Key Down;S;3623935
Key Up;S;3624590
Key Down;D;3630990
Key Up;D;3632126
Key Down;Z;3634046
Key Up;Z;3635774
Key Down;X;3637118
Key Up;X;3637230
Key Down;Z;3638342
Key Down;X;3640310
Key Up;X;3640446
Key Down;Q;3642406
Key Up;Q;3644190
Key Down;Q;3644326
Key Up;Q;3646622
Key Up;Z;3646638
Key Down;X;3646646
Key Up;X;3646783
Key Down;Q;3648335
Key Down;Z;3648654
Key Up;Z;3649734
Key Up;Q;3649750
Key Down;X;3654318
Key Up;X;3654430
Key Down;Z;3655254
Key Down;X;3660790
Key Up;X;3660918
Key Down;Q;3663230
Key Down;X;3663502
Key Up;X;3663630
Key Up;Q;3665478
Key Down;X;3665982
Key Up;X;3666134
Key Up;Z;3666630
Key Down;Z;3666998
Key Down;Q;3668078
Key Up;Q;3669758
Key Down;X;3671574
Key Up;X;3671694
Key Down;D;3672494
Key Up;D;3673790
Key Up;Z;3687166
Key Down;X;3688366
Key Up;X;3688501
Key Down;X;3690726
Key Up;X;3690853
Key Down;Q;3695166
Key Up;Q;3695910
Key Down;Z;3696302
Key Up;Z;3697022
Key Down;Z;3697862
Key Up;Z;3697926
Key Down;Left Control;3701254
Key Up;Left Control;3701870
Key Down;Left Control;3701982
Key Down;Z;3706206
Key Up;Z;3706886
Key Up;Left Control;3709293
Key Down;Z;3712702
Key Up;Z;3713421
Key Down;Z;3717653
Key Down;NumPad 3;3720553
Key Up;NumPad 3;3720711
Key Down;Q;3723646
Key Up;Q;3723910
Key Up;Z;3724597
Key Down;Z;3731678
Key Down;D;3733774
Key Up;D;3735581
Key Down;D;3736782
Key Up;Z;3737141
Key Up;D;3737534
Key Down;Z;3737654
Key Down;D;3739126
Key Up;D;3739382
Key Up;Z;3741590
Key Down;Z;3742046
Key Up;Z;3749381
Key Down;Z;3750893
Key Up;Z;3751334
Key Down;Z;3752126
Key Up;Z;3752598
Key Down;Z;3752853
Key Down;D;3754806
Key Up;D;3755886
Key Up;Z;3755926
Key Down;X;3756702
Key Up;X;3756805
Key Down;Z;3757790
Key Down;X;3758118
Key Up;X;3758261
Key Up;Z;3759885
Key Down;Espace;3760590
Key Up;Espace;3760758
Key Down;Z;3765782
Key Up;Z;3768318
Key Down;X;3792686
Key Up;X;3793581
Key Down;X;3795277
Key Up;X;3796437
Key Down;X;3797725
Key Up;X;3798950
Key Down;Z;3807398
Key Up;Z;3810526
Key Down;Espace;3810701
Key Up;Espace;3810837
Key Down;Z;3815005
Key Down;D;3817829
Key Up;D;3820053
Key Up;Z;3820141
Key Down;Tab;3820902
Key Up;Tab;3829373
Key Down;Echap;3829933
Key Up;Echap;3830045
Key Down;S;3831621
Key Up;S;3832078
Key Down;D;3832365
Key Up;D;3832709
Key Down;Echap;3837109
Key Up;Echap;3837205
Key Down;F;3839350
Key Up;F;3839421
Key Down;Z;3842246
Key Up;Z;3843133
Key Down;Z;3844021
Key Down;Espace;3846310
Key Up;Espace;3847478
Key Down;D;3847510
Key Up;D;3848189
Key Down;F;3848509
Key Up;F;3848613
Key Down;Espace;3849549
Key Down;F;3854669
Key Up;F;3854789
Key Up;Espace;3855158
Key Down;Espace;3855717
Key Up;Espace;3862709
Key Down;Espace;3862861
Key Up;Espace;3862989
Key Down;Espace;3863077
Key Up;Espace;3863190
Key Down;Espace;3863725
Key Up;Espace;3866701
Key Up;Z;3868974
Key Down;X;3870573
Key Up;X;3870629
Key Down;Z;3871341
Key Down;Q;3871806
Key Up;Q;3872389
Key Up;Z;3873653
Key Down;Espace;3874949
Key Up;Espace;3875077
Key Down;Z;3875773
Key Down;Espace;3876941
Key Up;Espace;3881566
Key Down;Espace;3883405
Key Up;Espace;3884229
Key Down;Espace;3884677
Key Up;Espace;3884797
Key Down;Espace;3884957
Key Up;Espace;3885061
Key Down;Espace;3886365
Key Up;Espace;3891677
Key Down;X;3892189
Key Up;X;3892309
Key Up;Z;3892966
Key Down;D;3893405
Key Down;Z;3894253
Key Up;D;3894261
Key Down;Q;3894789
Key Up;Q;3894885
Key Up;Z;3895061
Key Down;Z;3898269
Key Up;Z;3898629
Key Down;S;3903077
Key Down;D;3904053
Key Up;S;3904581
Key Down;Z;3904861
Key Up;D;3904901
Key Down;D;3905158
Key Up;D;3906333
Key Up;Z;3906381
Key Down;Z;3911805
Key Down;Q;3912253
Key Up;Q;3913133
Key Down;Q;3913565
Key Up;Q;3914301
Key Up;Z;3915958
Key Down;Z;3917518
Key Up;Z;3918957
Key Down;X;3919125
Key Up;X;3919149
Key Down;Espace;3919397
Key Up;Espace;3919525
Key Down;X;3923173
Key Up;X;3923261
Key Down;Z;3924349
Key Down;Espace;3926421
Key Up;Espace;3926533
Key Up;Z;3926581
Key Down;Z;3928493
Key Up;Z;3929365
Key Down;F;3930533
Key Up;F;3930605
Key Down;Z;3933261
Key Up;Z;3934261
Key Down;Z;3937885
Key Up;Z;3937957
Key Down;Z;3940933
Key Down;Espace;3941021
Key Up;Espace;3942581
Key Up;Z;3943381
Key Down;Z;3943853
Key Up;Z;3945317
Key Down;D;3946781
Key Up;D;3947645
Key Down;Q;3947941
Key Up;Q;3949909
Key Down;Q;3950941
Key Up;Q;3951237
Key Down;Z;3951525
Key Up;Z;3953196
Key Down;Espace;3953325
Key Up;Espace;3954381
Key Down;Espace;3955116
Key Up;Espace;3955229
Key Down;Espace;3955341
Key Up;Espace;3955421
Key Down;Espace;3955597
Key Up;Espace;3955669
Key Down;Espace;3956613
Key Up;Espace;3956693
Key Down;Espace;3957205
Key Up;Espace;3957309
Key Down;Z;3960477
Key Down;Left Control;3960901
Key Up;Left Control;3961837
Key Up;Z;3965589
Key Down;Z;3968605
Key Down;Left Control;3969373
Key Up;Left Control;3970645
Key Down;D;3974765
Key Up;D;3975228
Key Down;Espace;3983805
Key Up;Espace;3983933
Key Down;Espace;3984525
Key Up;Espace;3984645
Key Down;Espace;3984741
Key Up;Espace;3984861
Key Down;Espace;3984948
Key Up;Espace;3985052
Key Down;Espace;3985151
Key Up;Espace;3985253
Key Down;Espace;3985349
Key Up;Espace;3985453
Key Down;Espace;3985557
Key Up;Espace;3985653
Key Down;Espace;3985765
Key Up;Espace;3985861
Key Down;Espace;3985989
Key Up;Espace;3986069
Key Down;Espace;3986213
Key Up;Espace;3986317
Key Down;Espace;3986597
Key Up;Espace;3986701
Key Down;Espace;3989437
Key Up;Espace;3989549
Key Up;Z;3989653
Key Down;Z;3990437
Key Down;Left Control;3991717
Key Up;Left Control;3992709
Key Down;D;3994909
Key Up;D;3995301
Key Down;D;3997829
Key Up;D;3998477
Key Up;Z;3999652
Key Down;Z;4000924
Key Up;Z;4004517
Key Down;Echap;4005244
Key Up;Echap;4005365
Key Down;Echap;4036733
Key Up;Echap;4036805
Key Down;Z;4037428
Key Down;Left Control;4038716
Key Up;Left Control;4040453
Key Up;Z;4040541
Key Down;Z;4045477
Key Up;Z;4045812
Key Down;Z;4046701
Key Up;Z;4049733
Key Down;Z;4050901
Key Down;Left Control;4051428
Key Up;Left Control;4052413
Key Down;D;4058388
Key Up;D;4059205
Key Down;Left Control;4059764
Key Up;Left Control;4060213
Key Up;Z;4060941
Key Down;Z;4062413
Key Down;D;4063029
Key Up;Z;4063677
Key Up;D;4063916
Key Down;Z;4064909
Key Up;Z;4065093
Key Down;F;4066173
Key Up;F;4066253
Key Down;Z;4083276
Key Down;Left Control;4084221
Key Up;Z;4084373
Key Down;Z;4088732
Key Up;Left Control;4088764
Key Down;F;4089677
Key Up;Z;4089709
Key Up;F;4089821
Key Down;Z;4094284
Key Down;F;4094388
Key Up;F;4094516
Key Down;F;4095892
Key Up;F;4096004
Key Down;F;4097708
Key Up;F;4097804
Key Up;Z;4099733
Key Down;F;4104965
Key Up;F;4105061
Key Down;F;4107212
Key Up;F;4107316
Key Down;Echap;4111037
Key Up;Echap;4111181
Key Down;Z;4119812
Key Down;Left Shift;4120853
Key Up;Left Shift;4121876
Key Down;D;4122381
Key Up;D;4123068
Key Down;Left Control;4123148
Key Down;Espace;4123501
Key Up;Espace;4123709
Key Up;Left Control;4124188
Key Up;Z;4125428
Key Down;Z;4126421
Key Down;Q;4126509
Key Up;Q;4130180
Key Down;Q;4131764
Key Up;Z;4132237
Key Up;Q;4132492
Key Down;D;4133044
Key Up;D;4133148
Key Down;F;4133836
Key Up;F;4133948
Key Down;X;4137797
Key Up;X;4138500
Key Down;X;4140028
Key Up;X;4140092
Key Down;X;4143004
Key Up;X;4143132
Key Down;F;4150196
Key Up;F;4150276
Key Down;F;4151652
Key Up;F;4151781
Key Down;F;4170076
Key Up;F;4170148
Key Down;Espace;4179012
Key Up;Espace;4179140
Key Down;Left Control;4180204
Key Down;Z;4181740
Key Up;Left Control;4181764
Key Down;D;4181932
Key Up;D;4182076
Key Down;D;4182212
Key Up;D;4182341
Key Up;Z;4182812
Key Down;Z;4183196
Key Up;Z;4183701
Key Down;Q;4184908
Key Up;Q;4185197
Key Down;Left Control;4185237
Key Up;Left Control;4188388
Key Down;Z;4188508
Key Down;D;4189108
Key Up;D;4189292
Key Down;Left Control;4189676
Key Up;Left Control;4191516
Key Up;Z;4191892
Key Down;Z;4192188
Key Up;Z;4192548
Key Down;Echap;4192716
Key Up;Echap;4192852
Key Down;Z;4200845
Key Down;Left Shift;4201428
Key Down;Left Control;4202525
Key Up;Left Control;4203108
Key Down;Espace;4204028
Key Down;Left Control;4204500
Key Up;Left Control;4205540
Key Up;Espace;4207100
Key Down;Espace;4208308
Key Up;Espace;4211652
Key Up;Left Shift;4211724
Key Up;Z;4211748
Key Down;F;4213228
Key Up;F;4213316
Key Down;F;4234580
Key Up;F;4234700
Key Down;F;4235860
Key Up;F;4236044
Key Down;F;4243596
Key Up;F;4243700
Key Down;Z;4260468
Key Down;Espace;4260516
Key Up;Espace;4260652
Key Up;Z;4260787
Key Down;Left Control;4262004
Key Down;Z;4262852
Key Up;Z;4264036
Key Down;F;4272092
Key Up;F;4272196
Key Up;Left Control;4272212
Key Down;F;4280084
Key Up;F;4280164
Key Down;F;4299355
Key Up;F;4299435
Key Down;Espace;4302532
Key Up;Espace;4302612
Key Down;Left Control;4304140
Key Down;Z;4305484
Key Up;Z;4305612
Key Down;F;4311235
Key Up;F;4311307
Key Up;Left Control;4312076
Key Down;Z;4312539
Key Down;F;4313244
Key Up;F;4313372
Key Up;Z;4313660
Key Down;F;4313947
Key Up;F;4314019
Key Down;F;4318043
Key Up;F;4318132
Key Down;Espace;4353148
Key Up;Espace;4353276
Key Down;Left Control;4354796
Key Down;Z;4355387
Key Up;Z;4356188
Key Down;Z;4357972
Key Up;Z;4358964
Key Down;Z;4359515
Key Up;Left Control;4359619
Key Up;Z;4360676
Key Down;Z;4361291
Key Up;Z;4361916
Key Down;Z;4362467
Key Down;F;4362972
Key Up;F;4363084
Key Up;Z;4363436
Key Down;Z;4366108
Key Down;F;4366324
Key Up;F;4366404
Key Down;F;4367572
Key Up;F;4367692
Key Down;F;4367836
Key Up;F;4367924
Key Down;F;4368652
Key Up;F;4368764
Key Down;F;4368900
Key Up;F;4368988
Key Down;F;4369108
Key Up;F;4369196
Key Down;F;4369955
Key Up;F;4370060
Key Up;Z;4371115
Key Down;F;4372179
Key Up;F;4372227
Key Down;F;4379475
Key Up;F;4379539
Key Down;F;4381187
Key Up;F;4381291
Key Down;Espace;4385195
Key Up;Espace;4385347
Key Down;Left Control;4387035
Key Down;Z;4387540
Key Up;Z;4389060
Key Down;D;4394963
Key Up;D;4395124
Key Down;Z;4396828
Key Up;Left Control;4398308
Key Down;Left Control;4398667
Key Up;Z;4400900
Key Down;X;4400916
Key Up;X;4401012
Key Down;X;4402651
Key Up;X;4402763
Key Down;F;4405164
Key Up;F;4405228
Key Up;Left Control;4406347
Key Down;Espace;4411419
Key Down;Z;4411523
Key Up;Espace;4411531
Key Down;Left Control;4412843
Key Down;Espace;4412987
Key Up;Espace;4413243
Key Up;Left Control;4414275
Key Down;Q;4414483
Key Up;Z;4414547
Key Down;Z;4414892
Key Up;Q;4415076
Key Up;Z;4415683
Key Down;Espace;4415707
Key Up;Espace;4415859
Key Down;Z;4417427
Key Up;Z;4418044
Key Down;Left Control;4418363
Key Down;Z;4419092
Key Up;Z;4422787
Key Down;Z;4427435
Key Up;Z;4428155
Key Down;D;4435115
Key Up;D;4436499
Key Down;Z;4438155
Key Up;Z;4439171
Key Down;S;4440347
Key Up;S;4440635
Key Down;F;4440803
Key Up;F;4440899
Key Up;Left Control;4441731
Key Down;Z;4445651
Key Up;Z;4445779
Key Down;Z;4447307
Key Down;Espace;4447491
Key Up;Espace;4447611
Key Up;Z;4447715
Key Down;Left Control;4449011
Key Up;Left Control;4457395
Key Down;Q;4459651
Key Up;Q;4459867
Key Down;D;4459947
Key Down;Z;4461059
Key Up;D;4461948
Key Down;Espace;4462867
Key Up;Espace;4469363
Key Up;Z;4469467
Key Down;Z;4472667
Key Up;Z;4474379
Key Down;Z;4519371
Key Up;Z;4520891
Key Down;Z;4521251
Key Up;Z;4522355
Key Down;Z;4522387
Key Up;Z;4522723
Key Down;Z;4523683
Key Down;Tab;4525483
Key Up;Z;4525555
Key Up;Tab;4526235
Key Down;Echap;4553099
Key Up;Echap;4553203
Key Down;Echap;4553763
Key Up;Echap;4553883
Key Down;Z;4554643
Key Down;Left Shift;4555418
Key Up;Left Shift;4556283
Key Down;Espace;4556658
Key Down;Q;4558138
Key Up;Espace;4558218
Key Down;Espace;4558435
Key Up;Espace;4558547
Key Down;Espace;4558875
Key Up;Espace;4558971
Key Up;Q;4559642
Key Down;Q;4560899
Key Up;Q;4561123
Key Up;Z;4561515
Key Down;Espace;4561635
Key Up;Espace;4561755
Key Down;Left Control;4562891
Key Down;Espace;4563043
Key Up;Espace;4563171
Key Up;Left Control;4563531
Key Down;Z;4564722
Key Down;Espace;4572218
Key Up;Espace;4572371
Key Down;D;4572899
Key Up;D;4573235
Key Down;Left Control;4573819
Key Down;Espace;4573923
Key Up;Espace;4574027
Key Up;Left Control;4574331
Key Down;D;4575459
Key Down;Espace;4576146
Key Up;D;4577107
Key Down;D;4578035
Key Up;Z;4579211
Key Up;D;4579371
Key Up;Espace;4579539
Key Down;Q;4579787
Key Down;Z;4580027
Key Down;Espace;4580347
Key Up;Q;4581235
Key Down;D;4582074
Key Up;Espace;4582138
Key Down;Espace;4582403
Key Up;Z;4582875
Key Up;Espace;4583171
Key Up;D;4583643
Key Down;Z;4585531
Key Down;D;4586091
Key Up;Z;4586339
Key Up;D;4586371
Key Down;X;4588203
Key Up;X;4589259
Key Down;Z;4590035
Key Down;D;4594923
Key Up;D;4595586
Key Up;Z;4598394
Key Down;Espace;4598899
Key Up;Espace;4599035
Key Down;Z;4602466
Key Up;Z;4603163
Key Down;Z;4604443
Key Down;D;4605403
Key Up;D;4605955
Key Up;Z;4606186
Key Down;Z;4607882
Key Up;Z;4613595
Key Down;Z;4615827
Key Down;X;4615835
Key Up;X;4616451
Key Down;Q;4620203
Key Up;Q;4621058
Key Up;Z;4621811
Key Down;Z;4623778
Key Down;D;4624259
Key Up;Z;4624491
Key Up;D;4624898
Key Down;Z;4627083
Key Down;D;4634547
Key Up;D;4635979
Key Down;Q;4639043
Key Up;Q;4639626
Key Down;Q;4641874
Key Up;Q;4642371
Key Down;D;4650050
Key Up;Z;4650275
Key Up;D;4650315
Key Down;Z;4651667
Key Down;D;4651675
Key Up;Z;4651979
Key Up;D;4652346
Key Down;Left Control;4653706
Key Down;Z;4659170
Key Up;Left Control;4659290
Key Down;D;4659370
Key Up;D;4660091
Key Up;Z;4661627
Key Down;Z;4665859
Key Up;Z;4667746
Key Down;Left Control;4668082
Key Up;Left Control;4670274
Key Down;Z;4670290
Key Up;Z;4670602
Key Down;Z;4671986
Key Up;Z;4672443
Key Down;Left Control;4674018
Key Up;Left Control;4676146
Key Down;Z;4676435
Key Up;Z;4676755
Key Down;Z;4683994
Key Up;Z;4688922
Key Down;Espace;4689291
Key Up;Espace;4689419
Key Down;Z;4691979
Key Up;Z;4695362
Key Down;Z;4696834
Key Down;Q;4698666
Key Up;Q;4699179
Key Up;Z;4699610
Key Down;Z;4701210
Key Up;Z;4701722
Key Down;S;4706114
Key Up;S;4708706
Key Down;Z;4713531
Key Up;Z;4713858
Key Down;Z;4729498
Key Up;Z;4731403
Key Down;Z;4741298
Key Down;D;4741627
Key Up;Z;4742042
Key Down;Z;4742546
Key Up;Z;4743330
Key Up;D;4745050
Key Down;Z;4746226
Key Down;Q;4746882
Key Up;Q;4747914
Key Up;Z;4751266
Key Down;Q;4753090
Key Down;Z;4753274
Key Up;Q;4753714
Key Up;Z;4754034
Key Down;Q;4754283
Key Up;Q;4755042
Key Down;Q;4756298
Key Up;Q;4756410
Key Down;Z;4759538
Key Down;F;4761786
Key Up;F;4761874
Key Up;Z;4762402
Key Down;Z;4764154
Key Up;Z;4764778
Key Down;Z;4765426
Key Down;D;4769474
Key Up;D;4770354
Key Up;Z;4770786
Key Down;Espace;4771402
Key Up;Espace;4771546
Key Down;Z;4772906
Key Up;Z;4773602
Key Down;Q;4776874
Key Up;Q;4777506
Key Down;Q;4777802
Key Down;Z;4779466
Key Up;Z;4779642
Key Down;Z;4779850
Key Down;Espace;4780762
Key Up;Espace;4780898
Key Up;Q;4781778
Key Up;Z;4782154
Key Down;Q;4783130
Key Up;Q;4785194
Key Down;D;4786330
Key Down;Z;4789137
Key Up;D;4789338
Key Down;D;4789834
Key Up;D;4790034
Key Down;D;4793970
Key Up;Z;4794498
Key Up;D;4794754
Key Down;Q;4795114
Key Up;Q;4795994
Key Down;Z;4796026
Key Down;D;4796498
Key Up;D;4797002
Key Down;D;4797290
Key Up;Z;4797586
Key Up;D;4798018
Key Down;Z;4798090
Key Up;Z;4798234
Key Down;Q;4803098
Key Down;Z;4803810
Key Up;Q;4804385
Key Down;Q;4807250
Key Up;Q;4809154
Key Down;Q;4810353
Key Up;Z;4812386
Key Down;Z;4814546
Key Up;Z;4814730
Key Up;Q;4814882
Key Down;Echap;4824802
Key Up;Echap;4824922
Key Down;Entrée;4826034
Key Up;Entrée;4826106
Key Down;Z;4827970
Key Down;D;4828585
Key Up;D;4829554
Key Down;Q;4830362
Key Up;Q;4830530
Key Down;D;4831594
Key Up;D;4832874
Key Down;Q;4833874
Key Up;Q;4833994
Key Up;Z;4834882
Key Down;Z;4839834
Key Up;Z;4842506
Key Down;F;4842618
Key Up;F;4842706
Key Down;Z;4844426
Key Down;D;4848042
Key Up;D;4851234
Key Up;Z;4852057
Key Down;X;4852394
Key Up;X;4852458
Key Down;Z;4855978
Key Up;Z;4857442
Key Down;Z;4858706
Key Up;Z;4860506
Key Down;Z;4861377
Key Down;X;4863017
Key Up;X;4863145
Key Down;Q;4866737
Key Up;Z;4867033
Key Down;Z;4868826
Key Up;Q;4869665
Key Down;D;4870346
Key Up;Z;4871193
Key Up;D;4871313
Key Down;Q;4871738
Key Down;Z;4871850
Key Up;Q;4871898
Key Up;Z;4872018
Key Down;Q;4875522
Key Down;Z;4876130
Key Up;Z;4877850
Key Up;Q;4878441
Key Down;Z;4878449
Key Down;D;4878553
Key Up;Z;4878609
Key Down;Z;4878873
Key Up;Z;4880226
Key Up;D;4880274
Key Down;Q;4881282
Key Down;S;4881649
Key Up;S;4881786
Key Down;Z;4881961
Key Up;Q;4882121
Key Up;Z;4882210
Key Down;D;4882258
Key Up;D;4882394
Key Down;Q;4882962
Key Up;Q;4883010
Key Down;D;4889169
Key Down;Z;4889458
Key Up;D;4891018
Key Down;Q;4892154
Key Up;Q;4892482
Key Up;Z;4892562
Key Down;Tab;4897377
Key Up;Tab;4897513
Key Down;Tab;4899114
Key Up;Tab;4899242
Key Down;Z;4900058
Key Up;Z;4900602
Key Down;Espace;4901618
Key Up;Espace;4901778
Key Down;Z;4935889
Key Down;D;4937561
Key Up;D;4938537
Key Down;Q;4939226
Key Up;Q;4940786
Key Down;D;4942009
Key Up;D;4942866
Key Up;Z;4944226
Key Down;Tab;4944937
Key Up;Tab;4949881
Key Down;Tab;4950402
Key Up;Tab;4950522
Key Down;Z;4951577
Key Up;Z;4951849
Key Down;Z;4952161
Key Up;Z;4953722
Key Down;Espace;4954050
Key Up;Espace;4954201
Key Down;Z;4958673
Key Up;Z;4959897
Key Down;Espace;4959905
Key Up;Espace;4960041
Key Down;Z;4961730
Key Down;X;4966585
Key Up;Z;4967089
Key Up;X;4967193
Key Down;Z;4967849
Key Down;X;4968537
Key Up;Z;4969377
Key Up;X;4969705
Key Down;X;4969929
Key Up;X;4970769
Key Down;Z;4971257
Key Down;Q;4972465
Key Up;Q;4972978
Key Down;X;4973330
Key Up;X;4974193
Key Down;Espace;4975057
Key Up;Espace;4976809
Key Down;X;4976905
Key Up;X;4977713
Key Down;X;4978594
Key Up;X;4979953
Key Down;X;4980098
Key Up;X;4980921
Key Down;Espace;4981834
Key Up;Z;4983162
Key Up;Espace;4983170
Key Down;Q;4983745
Key Down;Z;4983769
Key Up;Q;4984217
Key Down;Espace;4984498
Key Up;Espace;4989329
Key Down;Espace;4989762
Key Up;Espace;4989898
Key Down;Espace;4992977
Key Up;Espace;4997946
Key Up;Z;4997970
Key Down;Z;5007201
Key Down;D;5008097
Key Up;D;5009922
Key Down;D;5015017
Key Up;D;5017105
Key Down;Q;5019569
Key Up;Q;5020313
Key Down;D;5024777
Key Up;D;5025482
Key Down;D;5026617
Key Up;D;5027273
Key Down;D;5029057
Key Up;D;5030241
Key Down;Q;5033953
Key Up;Q;5034985
Key Up;Z;5035169
Key Down;Tab;5037001
Key Up;Tab;5039169
Key Down;Tab;5039673
Key Up;Tab;5039785
Key Down;F;5040969
Key Up;F;5041065
Key Down;Z;5042881
Key Up;Z;5045697
Key Down;Espace;5045993
Key Up;Espace;5046114
Key Down;Z;5046625
Key Up;Z;5048737
Key Down;Z;5050457
Key Up;Z;5051201
Key Down;Q;5051313
Key Down;Z;5051545
Key Up;Q;5052369
Key Up;Z;5053401
Key Down;D;5054273
Key Up;D;5054369
Key Down;Q;5055705
Key Down;Z;5055849
Key Up;Q;5056353
Key Up;Z;5057889
Key Down;Z;5058649
Key Up;Z;5061649
Key Down;Z;5062337
Key Down;D;5062665
Key Up;Z;5062793
Key Up;D;5063153
Key Down;Z;5064617
Key Down;Q;5067553
Key Up;Q;5069081
Key Up;Z;5069193
Key Down;Tab;5069873
Key Up;Tab;5071129
Key Down;Tab;5071329
Key Up;Tab;5071513
Key Down;Z;5072049
Key Up;Z;5074393
Key Down;Z;5075409
Key Down;Q;5075729
Key Up;Q;5076353
Key Down;D;5077225
Key Up;D;5079042
Key Down;D;5080657
Key Up;D;5080841
Key Down;D;5081857
Key Up;D;5082457
Key Up;Z;5084897
Key Down;X;5085041
Key Up;X;5085169
Key Down;X;5086033
Key Up;X;5086169
Key Down;X;5086657
Key Up;X;5086785
Key Down;Espace;5087857
Key Up;Espace;5088009
Key Down;Left Control;5091889
Key Down;Z;5096097
Key Up;Z;5097521
Key Down;Z;5098441
Key Up;Z;5098657
Key Down;Z;5098985
Key Up;Z;5099137
Key Down;Z;5102401
Key Up;Z;5103233
Key Up;Left Control;5103921
Key Down;Z;5127225
Key Up;Z;5169768
Key Down;Z;5171073
Key Up;Z;5172553
Key Down;Z;5180256
Key Up;Z;5181305
Key Down;Z;5182985
Key Down;Echap;5183264
Key Up;Z;5183336
Key Up;Echap;5183480
Key Down;Left Alt;5184233
Key Down;Tab;5184361
Key Up;Left Alt;5184846
Key Up;Tab;5184910
