Event;Key;Time
Key Down;S;14755
Key Down;Q;15091
Key Up;S;15266
Key Up;Q;15443
Key Down;Right Shift;16138
Key Down;Barre oblique;16243
Key Up;Right Shift;16298
Key Up;Barre oblique;16330
Key Down;S;17235
Key Up;S;17299
Key Down;I;17347
Key Up;I;17402
Key Down;M;17778
Key Up;M;17842
Key Down;P;17954
Key Up;P;18011
Key Down;L;18107
Key Up;L;18154
Key Down;E;18282
Key Up;E;18339
Key Down;S;18723
Key Up;S;18794
Key Down;A;19283
Key Up;A;19354
Key Down;T;19498
Key Up;T;19563
Key Down;S;19642
Key Up;S;19706
Key Down;Retour arrière;20522
Key Up;Retour arrière;20610
Key Down;Retour arrière;20987
Key Up;Retour arrière;21050
Key Down;Retour arrière;21170
Key Up;Retour arrière;21226
Key Down;T;21938
Key Up;T;22003
Key Down;A;22107
Key Up;A;22163
Key Down;T;22235
Key Up;T;22291
Key Down;S;22339
Key Up;S;22379
Key Down;Entrée;22994
Key Up;Entrée;23082
Key Down;Right Shift;25050
Key Down;Barre oblique;25082
Key Up;Right Shift;25155
Key Up;Barre oblique;25170
Key Down;D;26298
Key Up;D;27282
Key Down;Z;27290
Key Up;Z;27410
Key Down;S;33978
Key Down;D;33995
Key Up;S;34298
Key Up;D;34651
Key Down;D;35035
Key Down;Z;37987
Key Up;D;38090
Key Up;Z;38194
Key Down;D;38378
Key Down;S;38498
Key Up;D;38602
Key Up;S;38747
Key Down;S;38986
Key Up;S;39106
Key Down;Z;39275
Key Down;Q;39410
Key Up;Z;39514
Key Up;Q;40962
Key Down;Q;41115
Key Down;S;41675
Key Up;Q;41955
Key Up;S;42122
Key Down;A;42874
Key Up;A;42986
Key Down;Q;43386
Key Down;S;43530
Key Up;Q;43730
Key Down;D;44507
Key Up;D;44755
Key Down;D;45026
Key Up;S;45234
Key Down;S;45827
Key Up;D;45875
Key Down;D;46282
Key Up;D;46419
Key Up;S;46770
Key Down;S;47218
Key Down;Q;47890
Key Up;Q;48386
Key Up;S;49098
Key Down;Q;49138
Key Down;Z;49235
Key Up;Q;49259
Key Down;D;49682
Key Up;Z;50322
Key Down;A;50619
Key Up;A;50730
Key Down;S;51987
Key Up;S;52306
Key Down;S;52435
Key Up;D;52626
Key Down;Q;53010
Key Up;Q;53202
Key Down;Q;53258
Key Up;Q;53307
Key Up;S;53538
Key Down;Z;53658
Key Down;Q;54651
Key Up;Z;55082
Key Up;Q;55378
Key Down;A;55514
Key Up;A;55611
Key Down;Q;55787
Key Down;S;56035
Key Up;Q;56075
Key Up;S;56362
Key Down;Q;56658
Key Up;Q;56810
Key Down;D;56938
Key Down;Z;57354
Key Up;D;57562
Key Up;Z;57570
Key Down;Q;58514
Key Up;Q;59003
Key Down;A;59211
Key Up;A;59291
Key Down;Q;59874
Key Up;Q;60002
Key Down;Q;60394
Key Up;Q;60594
Key Down;Q;60802
Key Down;S;60995
Key Up;S;61130
Key Down;Z;61274
Key Up;Q;61330
Key Down;D;61474
Key Up;Z;61482
Key Up;D;61842
Key Down;Q;62546
Key Down;S;62794
Key Up;Q;63378
Key Up;S;63459
Key Down;A;63570
Key Up;A;63666
Key Down;Q;63930
Key Down;S;64307
Key Up;Q;64450
Key Down;D;64819
Key Up;S;64866
Key Down;S;64987
Key Up;D;65034
Key Up;S;65187
Key Down;D;65242
Key Up;D;65627
Key Down;Q;67650
Key Down;Z;67979
Key Up;Q;68075
Key Down;D;68322
Key Down;A;68475
Key Up;A;68570
Key Up;Z;68690
Key Up;D;68698
Key Down;Q;69586
Key Down;S;69722
Key Up;Q;69730
Key Down;Q;69987
Key Up;Q;70242
Key Up;S;70362
Key Down;S;71802
Key Down;D;72555
Key Up;S;72570
Key Down;A;72666
Key Up;D;72698
Key Up;A;72746
Key Down;Z;74027
Key Up;Z;74530
Key Down;S;74794
Key Down;D;75235
Key Up;D;75434
Key Up;S;75498
Key Down;S;76626
Key Up;S;76666
Key Down;S;76875
Key Up;S;77130
Key Down;D;77178
Key Down;Z;77522
Key Up;D;77578
Key Down;A;77666
Key Up;Z;77691
Key Up;A;77770
Key Down;Q;78018
Key Down;Z;78354
Key Up;Q;78442
Key Up;Z;78474
Key Down;Z;78707
Key Down;Q;78810
Key Up;Q;79066
Key Down;Q;79346
Key Up;Q;79770
Key Up;Z;79810
Key Down;Z;80202
Key Up;Z;80850
Key Down;Z;81018
Key Up;Z;81050
Key Down;A;81250
Key Up;A;81338
Key Down;Z;82178
Key Down;D;82298
Key Up;Z;82698
Key Up;D;82850
Key Down;D;83882
Key Up;D;84867
Key Down;A;85410
Key Up;A;85506
Key Down;Q;86226
Key Up;Q;86378
Key Down;S;86882
Key Down;Q;86987
Key Up;S;86994
Key Up;Q;87114
Key Down;Q;88202
Key Down;S;88659
Key Up;Q;88802
Key Up;S;89082
Key Down;Z;89218
Key Down;D;89266
Key Up;Z;89714
Key Up;D;89994
Key Down;Z;90058
Key Down;E;90146
Key Up;Z;90154
Key Up;E;90226
Key Down;Q;90490
Key Down;S;90562
Key Up;Q;91338
Key Down;D;91659
Key Up;S;92594
Key Down;Z;92778
Key Up;Z;92906
Key Up;D;92947
Key Down;D;93410
Key Up;D;93675
Key Down;S;93978
Key Down;Q;94386
Key Up;Q;94762
Key Down;D;95034
Key Up;S;95346
Key Down;S;95698
Key Up;D;95714
Key Down;Q;96162
Key Up;Q;96298
Key Down;Q;97338
Key Up;S;97530
Key Down;S;97858
Key Up;Q;97954
Key Down;D;98114
Key Up;S;98170
Key Down;S;98178
Key Up;D;98402
Key Up;S;98514
Key Down;D;98722
Key Up;D;98818
Key Down;S;99194
Key Up;S;99267
Key Down;S;99906
Key Up;S;99954
Key Down;D;100146
Key Up;D;100610
Key Down;Z;100842
Key Up;Z;100898
Key Down;D;101226
Key Up;D;101291
Key Down;Z;101506
Key Up;Z;101810
Key Down;D;101962
Key Up;D;102419
Key Down;S;102946
Key Up;S;103002
Key Down;D;103282
Key Down;Z;103450
Key Up;Z;103546
Key Up;D;104330
Key Down;D;104498
Key Up;D;104666
Key Down;D;105810
Key Up;D;106075
Key Down;Z;107002
Key Up;Z;107170
Key Down;Espace;108490
Key Up;Espace;108626
Key Down;S;109338
Key Up;S;109466
Key Down;Z;109802
Key Up;Z;109922
Key Down;E;110114
Key Up;E;110186
Key Down;S;110394
Key Up;S;110602
Key Down;Q;111578
Key Down;S;111746
Key Up;Q;111754
Key Up;S;111842
Key Down;D;113306
Key Up;D;113418
Key Down;E;133314
Key Up;E;133426
Key Down;Q;133802
Key Down;S;134226
Key Up;S;134410
Key Down;Z;135146
Key Up;Z;135322
Key Down;Z;136002
Key Up;Q;136962
Key Down;Q;138026
Key Up;Z;138274
Key Down;Z;138506
Key Up;Z;139258
Key Up;Q;140042
Key Down;Q;140538
Key Down;S;140674
Key Up;Q;140706
Key Up;S;140746
Key Down;Q;141258
Key Up;Q;141418
Key Down;Q;144081
Key Down;S;146898
Key Up;Q;147537
Key Down;D;148714
Key Down;A;149354
Key Up;A;149458
Key Up;S;149642
Key Down;Z;150761
Key Up;D;151258
Key Down;D;151970
Key Up;D;152018
Key Down;Q;152242
Key Up;Z;152570
Key Down;S;154058
Key Up;Q;154482
Key Down;Q;154786
Key Up;Q;154978
Key Down;D;156202
Key Up;S;156418
Key Down;A;156722
Key Up;A;156810
Key Up;D;156882
Key Down;Z;157066
Key Down;Q;157194
Key Up;Z;157610
Key Up;Q;157818
Key Down;Z;158002
Key Up;Z;158018
Key Down;Q;159058
Key Down;Z;159066
Key Up;Q;159114
Key Up;Z;159194
Key Down;E;160042
Key Up;E;160129
Key Down;Z;162818
Key Up;Z;163434
Key Down;A;163994
Key Up;A;164114
Key Down;Q;164410
Key Down;S;164474
Key Up;Q;164834
Key Down;Q;165650
Key Up;S;166162
Key Up;Q;167170
Key Down;Q;167762
Key Down;Z;168090
Key Up;Q;168250
Key Up;Z;169498
Key Down;S;169786
Key Down;D;171106
Key Up;S;171226
Key Down;Z;171746
Key Up;Z;171906
Key Down;Z;173089
Key Up;D;173170
Key Up;Z;173793
Key Down;Tab;173842
Key Up;Tab;175826
Key Down;Z;176298
Key Down;D;176785
Key Up;D;178089
Key Down;D;178914
Key Up;Z;179282
Key Down;S;179826
Key Up;S;180058
Key Up;D;180434
Key Down;D;180866
Key Up;D;181826
Key Down;Q;184305
Key Up;Q;184346
Key Down;A;185481
Key Up;A;185570
Key Down;S;186474
Key Down;D;186482
Key Up;D;186602
Key Up;S;186634
Key Down;S;187042
Key Down;D;187050
Key Up;D;187426
Key Up;S;187458
Key Down;Q;189290
Key Up;Q;189538
Key Down;Z;191122
Key Up;Z;191458
Key Down;A;191506
Key Up;A;191594
Key Down;S;192042
Key Down;D;192097
Key Up;S;192386
Key Up;D;192394
Key Down;S;192658
Key Down;D;192834
Key Up;S;192866
Key Up;D;192922
Key Down;S;193194
Key Up;S;193330
Key Down;D;193570
Key Up;D;194866
Key Down;Q;195634
Key Down;Z;195713
Key Up;Q;195721
Key Down;Q;196378
Key Up;Q;196482
Key Down;D;196618
Key Up;Z;196962
Key Down;Z;198242
Key Up;D;198498
Key Down;D;199090
Key Up;D;199362
Key Up;Z;199665
Key Down;Z;199906
Key Up;Z;200018
Key Down;Z;200105
Key Down;Q;200242
Key Up;Q;200722
Key Down;D;200850
Key Down;A;200970
Key Up;A;201090
Key Up;Z;201266
Key Down;Z;202145
Key Up;Z;202353
Key Down;Z;203257
Key Up;Z;203417
Key Down;S;203562
Key Up;D;203642
Key Down;D;203777
Key Up;D;204122
Key Up;S;205178
Key Down;S;205818
Key Down;Q;206097
Key Up;Q;206274
Key Up;S;206362
Key Down;A;206506
Key Up;A;206602
Key Down;D;207281
Key Down;Z;207313
Key Up;D;207474
Key Down;D;208066
Key Up;D;208145
Key Down;Q;208865
Key Up;Z;209001
Key Up;Q;209049
Key Down;A;209833
Key Up;A;209954
Key Down;Z;210354
Key Down;Q;210362
Key Up;Z;210585
Key Down;S;211770
Key Up;S;212513
Key Down;Z;213274
Key Up;Z;213402
Key Up;Q;213562
Key Down;Q;213714
Key Down;Z;213794
Key Up;Z;213874
Key Down;Z;214074
Key Up;Q;214098
Key Down;A;214682
Key Up;A;214801
Key Down;D;214890
Key Up;Z;214945
Key Up;D;215025
Key Down;D;215802
Key Down;Z;215865
Key Up;Z;215905
Key Up;D;216041
Key Down;Q;216170
Key Down;S;216249
Key Up;Q;216498
Key Down;D;216769
Key Up;D;216906
Key Up;S;217154
Key Down;Z;217865
Key Down;D;218666
Key Up;Z;218762
Key Down;A;218922
Key Up;A;219026
Key Up;D;219298
Key Down;D;219770
Key Down;S;220938
Key Up;D;221250
Key Down;Q;221282
Key Up;S;221306
Key Up;Q;221490
Key Down;S;221666
Key Down;D;221794
Key Up;S;221977
Key Up;D;221985
Key Down;D;222618
Key Down;Z;222625
Key Up;D;222929
Key Up;Z;223033
Key Down;A;223538
Key Up;A;223626
Key Down;Z;223961
Key Up;Z;224090
Key Down;Q;224170
Key Down;Z;224289
Key Up;Z;224466
Key Up;Q;224514
Key Down;S;225057
Key Down;D;225201
Key Up;D;225489
Key Up;S;225586
Key Down;S;226617
Key Up;S;226698
Key Down;Z;227809
Key Up;Z;228097
Key Down;A;228226
Key Up;A;228290
Key Down;S;229346
Key Up;S;229410
Key Down;Z;230714
Key Down;D;230802
Key Up;D;231018
Key Up;Z;231186
Key Down;A;231282
Key Up;A;231394
Key Down;Q;231777
Key Up;Q;232042
Key Down;S;232050
Key Down;D;232201
Key Up;S;232506
Key Up;D;232522
Key Down;Z;232777
Key Down;Q;233065
Key Up;Z;233306
Key Up;Q;233649
Key Down;A;233777
Key Up;A;233865
Key Down;Q;234089
Key Up;Q;234210
Key Down;Q;234625
Key Up;Q;234754
Key Down;Q;234953
Key Up;Q;235265
Key Down;S;235385
Key Up;S;235401
Key Down;D;235457
Key Up;D;235514
Key Down;Q;237634
Key Down;S;238105
Key Up;S;238402
Key Up;Q;238442
Key Down;Q;239442
Key Down;S;239714
Key Up;Q;239858
Key Up;S;239913
Key Down;S;240281
Key Up;S;240610
Key Down;A;240810
Key Up;A;240905
Key Down;Z;241857
Key Up;Z;242218
Key Down;A;243938
Key Up;A;244058
Key Down;D;244538
Key Up;D;245130
Key Down;D;245729
Key Down;S;246514
Key Up;D;246522
Key Up;S;246593
Key Down;S;246858
Key Down;D;247209
Key Up;S;247338
Key Up;D;247354
Key Down;Q;247442
Key Down;Z;247634
Key Up;Q;247721
Key Down;D;247897
Key Up;D;248058
Key Down;D;248314
Key Up;Z;248434
Key Up;D;249457
Key Down;D;249714
Key Up;D;250490
Key Down;D;251114
Key Down;S;251402
Key Up;S;251690
Key Up;D;252090
Key Down;S;253938
Key Down;Q;254010
Key Up;Q;254554
Key Up;S;254617
Key Down;A;254722
Key Up;A;254825
Key Down;Z;255153
Key Up;Z;255362
Key Down;Q;255618
Key Down;Z;255697
Key Up;Z;255785
Key Up;Q;255810
Key Down;D;255921
Key Down;S;256049
Key Up;D;256065
Key Down;D;256250
Key Up;S;256314
Key Down;Z;256746
Key Up;Z;256785
Key Down;Z;257938
Key Down;A;258385
Key Up;Z;258418
Key Down;Z;258481
Key Up;A;258498
Key Up;D;258585
Key Down;D;258833
Key Up;D;259017
Key Up;Z;259186
Key Down;S;259314
Key Up;S;259585
Key Down;Q;259682
Key Down;Z;259745
Key Up;Q;259777
Key Up;Z;261010
Key Down;Z;261265
Key Down;D;261338
Key Up;D;261482
Key Down;A;261993
Key Up;A;262097
Key Down;Q;262426
Key Up;Z;262858
Key Up;Q;262945
Key Down;Z;263074
Key Down;D;263210
Key Up;D;263258
Key Down;Q;263497
Key Up;Z;263754
Key Down;S;264994
Key Up;S;265073
Key Up;Q;265345
Key Down;A;265481
Key Up;A;265570
Key Down;Q;265738
Key Up;Q;265929
Key Down;S;266210
Key Down;Q;266386
Key Up;Q;266498
Key Up;S;266554
Key Down;S;266786
Key Down;Q;267274
Key Up;Q;267585
Key Up;S;268114
Key Down;D;268241
Key Up;D;268369
Key Down;D;268626
Key Up;D;268745
Key Down;Q;268874
Key Down;S;269089
Key Up;Q;269145
Key Up;S;269186
Key Down;D;269202
Key Up;D;269226
Key Down;Z;269457
Key Down;D;269521
Key Up;Z;269553
Key Up;D;269793
Key Down;Q;270049
Key Up;Q;270073
Key Down;Q;270722
Key Down;S;271009
Key Up;Q;271137
Key Down;A;271450
Key Up;A;271561
Key Up;S;271602
Key Down;S;271945
Key Up;S;272233
Key Down;D;272249
Key Up;D;272338
Key Down;S;272345
Key Up;S;272449
Key Down;Z;272578
Key Down;Q;272586
Key Up;Q;272690
Key Up;Z;272737
Key Down;S;272881
Key Up;S;273034
Key Down;D;273153
Key Down;Z;273233
Key Up;Z;273417
Key Up;D;273465
Key Down;Q;273522
Key Up;Q;273569
Key Down;Z;273578
Key Down;D;273865
Key Up;Z;273929
Key Up;D;273986
Key Down;S;274105
Key Up;S;274210
Key Down;Z;274449
Key Down;D;274722
Key Up;D;274881
Key Up;Z;275105
Key Down;Q;275713
Key Up;Q;275786
Key Down;Z;275986
Key Down;Q;276065
Key Up;Q;276233
Key Down;A;276417
Key Up;A;276514
Key Up;Z;276954
Key Down;Z;277193
Key Up;Z;277449
Key Down;Q;277649
Key Up;Q;277705
Key Down;S;277769
Key Down;Q;277865
Key Up;Q;277881
Key Up;S;278354
Key Down;A;278554
Key Up;A;278642
Key Down;S;279025
Key Down;D;279033
Key Up;S;279322
Key Up;D;279737
Key Down;Z;280585
Key Up;Z;281354
Key Down;S;281642
Key Down;Q;281962
Key Up;S;282202
Key Down;Z;282745
Key Up;Z;282937
Key Down;S;283210
Key Up;S;283426
Key Down;S;283761
Key Up;S;283882
Key Up;Q;284129
Key Down;Q;284521
Key Down;Z;284721
Key Up;Z;284905
Key Down;Z;285393
Key Up;Q;286017
Key Up;Z;286042
Key Down;D;286050
Key Down;S;286185
Key Up;D;286858
Key Down;Q;286962
Key Up;S;287026
Key Up;Q;287345
Key Down;E;287393
Key Up;E;287506
Key Down;S;287818
Key Down;Q;287922
Key Up;S;288026
Key Up;Q;288642
Key Down;A;288785
Key Up;A;288866
Key Down;Q;289218
Key Down;Z;289290
Key Up;Q;289626
Key Up;Z;289633
Key Down;Q;289874
Key Down;S;289938
Key Up;S;290345
Key Down;Z;290569
Key Up;Q;290682
Key Down;E;290801
Key Up;Z;290833
Key Up;E;290905
Key Down;Q;291154
Key Up;Q;291337
Key Down;Q;291858
Key Down;Z;291994
Key Up;Q;292242
Key Down;D;292506
Key Up;D;292690
Key Down;Q;292729
Key Up;Z;292761
Key Down;Z;292849
Key Up;Z;292906
Key Down;Z;293130
Key Up;Q;293249
Key Down;D;293922
Key Up;D;294202
Key Down;A;294817
Key Up;Z;294873
Key Up;A;294929
Key Down;Z;295225
Key Down;D;295433
Key Up;Z;295522
Key Up;D;295754
Key Down;S;295809
Key Up;S;295978
Key Down;E;296842
Key Up;E;296937
Key Down;Q;297338
Key Down;S;297586
Key Up;Q;297729
Key Up;S;298106
Key Down;Z;298242
Key Down;D;298721
Key Up;Z;299009
Key Down;A;299466
Key Up;A;299561
Key Down;S;299826
Key Up;S;300777
Key Down;S;300993
Key Up;D;301314
Key Down;Q;301466
Key Up;S;301562
Key Up;Q;301617
Key Down;D;301945
Key Up;D;302129
Key Down;S;302145
Key Down;Q;302770
Key Up;Q;303058
Key Down;D;303081
Key Up;S;303153
Key Down;S;303449
Key Up;S;303594
Key Up;D;303818
Key Down;A;304249
Key Up;A;304337
Key Down;Q;304561
Key Down;Z;304849
Key Up;Q;304961
Key Down;Q;305321
Key Up;Q;305385
Key Up;Z;305393
Key Down;Tab;306890
Key Up;Tab;308905
Key Down;Echap;309506
Key Up;Echap;309650
Key Down;Echap;310185
Key Up;Echap;310297
Key Down;R;310906
Key Up;R;310985
Key Down;Echap;320994
Key Up;Echap;321154
Key Down;Echap;321554
Key Up;Echap;321697
Key Down;Echap;322233
Key Up;Echap;322361
Key Down;Z;323049
Key Down;E;323490
Key Up;Z;323498
Key Up;E;323569
Key Down;Q;324081
Key Down;Z;324138
Key Up;Z;324426
Key Up;Q;325266
Key Down;D;325441
Key Down;S;325817
Key Up;D;325865
Key Down;Q;325874
Key Up;S;326185
Key Down;Z;326474
Key Up;Q;326585
Key Down;Q;326937
Key Up;Q;327097
Key Down;D;327881
Key Up;Z;327937
Key Up;D;328313
Key Down;Z;328778
Key Up;Z;328849
Key Down;Z;329409
Key Up;Z;330241
Key Down;Z;330386
Key Down;Q;330642
Key Up;Q;330858
Key Up;Z;331777
Key Down;Z;332049
Key Down;D;332178
Key Up;Z;332353
Key Up;D;332377
Key Down;Q;332441
Key Down;S;332633
Key Up;Q;332961
Key Down;D;333561
Key Down;Q;334761
Key Up;D;334842
Key Up;S;334906
Key Down;Z;335073
Key Up;Q;335529
Key Down;A;335810
Key Up;A;335889
Key Up;Z;336193
Key Down;Z;339617
Key Down;Q;339745
Key Up;Q;339770
Key Down;D;340001
Key Up;Z;340873
Key Down;S;341626
Key Up;S;343177
Key Down;A;343233
Key Up;A;343337
Key Up;D;343393
Key Down;S;343513
Key Down;Q;343722
Key Up;S;344202
Key Down;D;344369
Key Up;Q;344402
Key Down;Z;344673
Key Up;D;345105
Key Down;A;345281
Key Up;A;345426
Key Down;Q;345682
Key Up;Z;345737
Key Down;S;346289
Key Up;S;346641
Key Down;S;346946
Key Up;S;347041
Key Up;Q;347249
Key Down;D;347258
Key Down;Z;347393
Key Up;Z;347649
Key Down;S;347785
Key Up;D;347834
Key Down;Q;348185
Key Up;S;348473
Key Down;S;348618
Key Up;Q;348658
Key Up;S;348761
Key Down;Z;349377
Key Down;A;349425
Key Up;A;349545
Key Up;Z;349641
Key Down;Z;350178
Key Up;Z;350441
Key Down;A;352674
Key Up;A;352770
Key Down;D;354449
Key Down;S;354537
Key Up;D;354642
Key Down;D;355065
Key Up;D;355754
Key Down;D;356377
Key Up;S;356609
Key Down;Z;357041
Key Up;Z;357137
Key Up;D;357929
Key Down;Z;358154
Key Up;Z;358674
Key Down;Q;358890
Key Up;Q;359401
Key Down;S;359857
Key Down;Q;359993
Key Up;S;360010
Key Up;Q;360121
Key Down;Q;360385
Key Down;S;360473
Key Up;S;360609
Key Down;Z;360769
Key Up;Q;360801
Key Up;Z;360889
Key Down;D;361130
Key Up;D;361170
Key Down;S;361450
Key Down;D;361489
Key Up;S;361569
Key Up;D;361665
Key Down;Z;361849
Key Up;Z;361865
Key Down;D;362289
Key Down;Z;362465
Key Up;D;362618
Key Down;D;362850
Key Up;D;363169
Key Up;Z;363217
Key Down;D;364489
Key Down;Z;364977
Key Up;D;365049
Key Down;Q;365265
Key Up;Z;365297
Key Up;Q;365377
Key Down;S;378313
Key Down;Q;378649
Key Up;S;378801
Key Up;Q;379105
Key Down;Q;382265
Key Down;Z;382554
Key Up;Q;382754
Key Up;Z;382794
Key Down;Q;383297
Key Up;Q;383497
Key Down;D;383865
Key Up;D;385129
Key Down;Z;385641
Key Up;Z;385817
Key Down;Z;386153
Key Down;Q;386249
Key Up;Q;386377
Key Up;Z;386457
Key Down;D;386473
Key Up;D;386649
Key Down;S;387153
Key Down;Q;387529
Key Up;Q;387953
Key Up;S;388689
Key Down;D;388745
Key Down;Z;389417
Key Up;Z;389929
Key Down;S;390417
Key Up;S;390529
Key Up;D;391361
Key Down;D;392113
Key Up;D;392537
Key Down;D;393401
Key Down;Z;393521
Key Up;Z;393729
Key Up;D;393833
Key Down;D;393969
Key Up;D;394033
Key Down;S;394217
Key Up;S;394345
Key Down;D;394601
Key Up;D;394689
Key Down;S;395385
Key Up;S;395577
Key Down;D;396177
Key Up;D;396377
Key Down;D;396793
Key Up;D;396953
Key Down;Z;397345
Key Up;Z;397409
Key Down;Q;397641
Key Up;Q;397705
Key Down;S;406313
Key Down;Q;406545
Key Up;S;406553
Key Up;Q;406705
Key Down;Q;407073
Key Up;Q;407217
Key Down;Q;407497
Key Down;Z;407609
Key Up;Q;407697
Key Up;Z;407777
Key Down;Z;408105
Key Up;Z;408217
Key Down;Z;408897
Key Up;Z;409457
Key Down;Q;409697
Key Down;S;409849
Key Up;Q;409905
Key Up;S;410529
Key Down;Q;410873
Key Down;Z;410961
Key Up;Z;411289
Key Down;S;411817
Key Up;S;411969
Key Down;S;413393
Key Up;S;413857
Key Down;S;414121
Key Up;Q;414209
Key Up;S;414361
Key Down;S;414681
Key Down;D;415153
Key Up;D;415265
Key Up;S;415641
Key Down;Tab;415665
Key Up;Tab;418681
Key Down;S;418881
Key Down;D;419913
Key Up;D;420001
Key Down;Q;420545
Key Up;Q;420689
Key Down;D;421297
Key Up;D;421401
Key Down;D;421809
Key Up;D;422665
Key Up;S;423273
Key Down;S;423569
Key Up;S;424529
Key Down;D;424737
Key Down;Z;424856
Key Up;Z;425209
Key Up;D;426153
Key Down;D;426680
Key Up;D;426728
Key Down;Q;427137
Key Up;Q;427385
Key Down;Q;427617
Key Up;Q;427745
Key Down;A;428081
Key Up;A;428177
Key Down;Q;428617
Key Down;S;428745
Key Up;Q;429153
Key Up;S;429345
Key Down;Q;429353
Key Up;Q;429425
Key Down;Q;429617
Key Down;S;429737
Key Up;Q;430025
Key Up;S;430080
Key Down;S;430353
Key Down;Q;430697
Key Up;Q;430905
Key Up;S;430929
Key Down;Z;432081
Key Down;D;432569
Key Down;A;432824
Key Up;A;432921
Key Up;Z;433041
Key Up;D;433145
Key Down;Q;433777
Key Up;Q;434249
Key Down;D;435176
Key Down;Z;435257
Key Down;A;435608
Key Up;Z;435616
Key Up;A;435697
Key Up;D;435801
Key Down;Q;436809
Key Up;Q;437041
Key Down;D;437121
Key Up;D;437313
Key Down;S;437561
Key Up;S;437665
Key Down;Q;437681
Key Up;Q;437801
Key Down;D;439153
Key Down;Z;439632
Key Up;Z;439905
Key Up;D;439929
Key Down;A;440033
Key Up;A;440136
Key Down;S;440641
Key Up;S;440840
Key Down;Q;441921
Key Up;Q;442057
Key Down;S;442865
Key Down;Q;443065
Key Up;S;443089
Key Up;Q;443177
Key Down;Q;443513
Key Down;S;443665
Key Up;Q;443681
Key Up;S;444081
Key Down;Z;444513
Key Down;Q;444776
Key Up;Q;444897
Key Up;Z;445025
Key Down;A;447145
Key Up;A;447232
Key Down;S;447489
Key Down;D;447521
Key Up;D;447689
Key Up;S;447945
Key Down;Q;449953
Key Down;Z;450033
Key Up;Z;450441
Key Up;Q;450505
Key Down;S;450681
Key Down;D;450953
Key Up;D;451225
Key Down;Q;451825
Key Up;Q;451985
Key Up;S;452352
Key Down;S;452689
Key Up;S;453721
Key Down;Q;453753
Key Down;S;454601
Key Up;Q;455393
Key Down;D;455409
Key Up;S;455481
Key Up;D;455561
Key Down;E;455689
Key Up;E;455769
Key Down;Z;456432
Key Down;D;456553
Key Up;Z;456768
Key Up;D;456912
Key Down;Q;457545
Key Up;Q;457745
Key Down;Q;458537
Key Down;S;458609
Key Up;Q;458745
Key Down;D;459465
Key Up;S;459649
Key Down;A;459737
Key Up;A;459809
Key Up;D;459864
Key Down;Q;460128
Key Up;Q;460264
Key Down;D;460441
Key Up;D;460529
Key Down;D;460865
Key Down;Z;461320
Key Down;A;461697
Key Up;Z;461713
Key Up;A;461833
Key Down;Z;462097
Key Up;D;462217
Key Down;E;462881
Key Up;Z;462961
Key Up;E;463025
Key Down;D;463385
Key Up;D;463521
Key Down;D;463553
Key Down;S;463561
Key Up;D;463633
Key Up;S;463729
Key Down;Q;463960
Key Up;Q;464569
Key Down;Q;464929
Key Down;Z;465001
Key Up;Q;465185
Key Down;D;465369
Key Up;Z;465577
Key Down;S;465697
Key Up;D;465705
Key Down;E;465832
Key Up;S;465873
Key Up;E;465961
Key Down;D;466113
Key Down;Z;466224
Key Up;D;466257
Key Down;D;466321
Key Up;Z;466481
Key Down;S;466745
Key Up;D;466865
Key Down;A;466969
Key Up;A;467073
Key Up;S;467088
Key Down;S;467457
Key Up;S;467841
Key Down;S;469632
Key Down;D;469849
Key Up;S;470161
Key Down;Z;470393
Key Up;D;470496
Key Up;Z;470649
Key Down;Z;471761
Key Up;Z;472017
Key Down;D;472401
Key Up;D;472513
Key Down;S;472929
Key Up;S;473000
Key Down;D;473672
Key Up;D;474513
Key Down;D;474857
Key Up;D;474961
Key Down;D;475104
Key Up;D;475473
Key Down;S;476232
Key Up;S;476353
Key Down;D;477288
Key Up;D;477417
Key Down;Z;479353
Key Up;Z;479625
Key Down;Espace;480040
Key Up;Espace;480168
Key Down;S;480544
Key Up;S;480713
Key Down;Z;481040
Key Up;Z;481193
Key Down;E;481368
Key Up;E;481432
Key Down;S;481745
Key Up;S;481945
Key Down;Q;482553
Key Up;Q;482793
Key Down;D;483049
Key Up;D;483137
Key Down;S;484145
Key Up;S;484248
Key Down;E;485073
Key Up;E;485153
Key Down;Q;488328
Key Down;Z;488504
Key Up;Z;488713
Key Down;S;489001
Key Up;S;489209
Key Down;Z;490225
Key Up;Z;490761
Key Down;Z;491001
Key Up;Q;491497
Key Up;Z;491520
Key Down;Z;491809
Key Up;Z;492657
Key Down;Z;492993
Key Down;D;493040
Key Up;Z;493305
Key Down;Z;493688
Key Up;Z;493776
Key Down;Z;494425
Key Up;Z;494513
Key Up;D;494537
Key Down;D;494865
Key Up;D;495601
Key Down;D;495657
Key Up;D;495665
Key Down;Z;496288
Key Down;D;496585
Key Up;Z;496785
Key Up;D;497121
Key Down;D;498009
Key Up;D;498664
Key Down;A;499120
Key Up;A;499233
Key Down;Q;499505
Key Down;S;499921
Key Up;S;500040
Key Up;Q;500440
Key Down;Tab;500649
Key Up;Tab;504344
Key Down;D;505033
Key Up;D;505656
Key Down;D;506449
Key Down;Z;506857
Key Up;D;507017
Key Up;Z;507304
Key Down;Tab;510769
Key Up;Tab;514304
Key Down;Z;515273
Key Down;D;515688
Key Up;Z;516297
Key Down;S;516713
Key Up;S;517264
Key Down;S;518664
Key Up;S;518872
Key Up;D;518904
Key Down;Q;519297
Key Down;Z;519337
Key Up;Q;519409
Key Up;Z;519465
Key Down;E;520969
Key Up;E;521065
Key Down;S;521664
Key Down;D;521824
Key Up;S;521969
Key Down;Z;522249
Key Up;D;522273
Key Up;Z;522481
Key Down;E;525568
Key Up;E;525688
Key Down;Q;526040
Key Down;S;526112
Key Up;S;526321
Key Down;Z;526809
Key Up;Z;527208
Key Down;Z;528832
Key Up;Z;529153
Key Down;S;530112
Key Up;S;530376
Key Up;Q;530448
Key Down;Tab;530641
Key Up;Tab;533193
Key Down;Z;533769
Key Up;Z;535112
Key Down;S;538480
Key Down;Q;539065
Key Up;S;539209
Key Up;Q;539488
Key Down;E;540073
Key Up;E;540137
Key Down;E;546304
Key Up;E;546401
Key Down;D;557761
Key Down;Z;558057
Key Up;D;558249
Key Down;Q;558689
Key Up;Q;558800
Key Up;Z;558929
Key Down;E;559209
Key Up;E;559296
Key Down;D;559848
Key Down;Z;559969
Key Up;Z;560217
Key Down;S;560673
Key Up;S;560921
Key Down;S;563456
Key Up;D;563553
Key Down;Q;565312
Key Up;S;565440
Key Down;S;566177
Key Up;Q;566225
Key Up;S;566464
Key Down;Tab;566552
Key Up;Tab;575616
Key Down;Z;575785
Key Down;Q;576025
Key Up;Z;576361
Key Down;Z;576864
Key Up;Q;577225
Key Down;Q;578288
Key Up;Z;578672
Key Down;Z;579745
Key Up;Q;580256
Key Up;Z;580448
Key Down;Tab;583448
Key Up;Tab;587384
Key Down;S;587649
Key Up;S;588033
Key Down;Q;588081
Key Up;Q;588121
Key Down;Q;589680
Key Up;Q;589768
Key Down;Q;590248
Key Up;Q;590312
Key Down;Q;590601
Key Up;Q;590689
Key Down;Z;590969
Key Up;Z;591329
Key Down;E;591537
Key Up;E;591616
Key Down;Z;592248
Key Down;D;592496
Key Up;Z;592528
Key Down;S;593104
Key Up;S;593456
Key Down;S;593777
Key Up;S;593800
Key Down;Tab;594457
Key Up;D;594489
Key Up;Tab;597752
Key Down;D;598408
Key Up;D;598633
Key Down;Z;599600
Key Up;Z;601768
Key Down;Z;602496
Key Down;Q;602528
Key Up;Q;603448
Key Up;Z;603488
Key Down;Z;607224
Key Down;Q;609040
Key Up;Z;610688
Key Down;Z;611240
Key Up;Q;612472
Key Down;Q;612729
Key Up;Q;612896
Key Down;Q;613112
Key Up;Q;613320
Key Up;Z;614089
Key Down;S;614312
Key Down;D;615009
Key Up;D;615480
Key Down;D;615920
Key Up;D;615992
Key Up;S;616105
Key Down;Z;616200
Key Up;Z;616536
Key Down;S;616696
Key Down;D;617728
Key Up;S;618248
Key Down;S;618376
Key Up;S;618873
Key Down;S;619128
Key Up;S;620040
Key Down;Q;620088
Key Up;D;620096
Key Down;D;620176
Key Up;Q;620184
Key Down;Z;623536
Key Up;D;623800
Key Down;Left Shift;624232
Key Up;Left Shift;624352
Key Down;Q;624480
Key Up;Z;624528
Key Down;Z;624768
Key Up;Z;624872
Key Down;Z;624953
Key Up;Q;625001
Key Down;D;625224
Key Up;D;625360
Key Down;Q;625448
Key Up;Z;625544
Key Down;Z;625784
Key Up;Q;625809
Key Down;D;626000
Key Up;D;626248
Key Down;D;626600
Key Up;D;627240
Key Down;Q;627448
Key Down;D;627520
Key Up;Z;627528
Key Up;Q;627544
Key Down;Z;627952
Key Up;D;628361
Key Down;Q;629040
Key Up;Z;629272
Key Down;S;630064
Key Up;S;630168
Key Down;S;630305
Key Up;S;630744
Key Down;D;632304
Key Up;Q;632344
Key Down;S;633929
Key Down;Q;633976
Key Up;S;634008
Key Up;D;634032
Key Down;D;635640
Key Up;Q;635696
Key Down;Q;635856
Key Up;D;635880
Key Down;S;636496
Key Up;S;637608
Key Down;S;637952
Key Up;Q;638144
Key Down;D;638400
Key Up;D;638600
Key Up;S;639136
Key Down;Q;639144
Key Up;Q;639393
Key Down;D;639608
Key Down;Z;639713
Key Up;D;639728
Key Down;Q;640024
Key Up;Z;640048
Key Down;Z;640448
Key Up;Z;640480
Key Up;Q;640584
Key Down;D;641040
Key Down;Z;641344
Key Up;D;641392
Key Up;Z;641752
Key Down;Z;641912
Key Up;Z;641960
Key Down;Z;642144
Key Up;Z;642352
Key Down;S;642720
Key Up;S;643376
Key Down;D;651296
Key Down;Z;652200
Key Up;Z;652528
Key Up;D;652800
Key Down;S;653160
Key Down;D;653312
Key Up;S;653344
Key Down;Z;653520
Key Up;D;653792
Key Up;Z;653840
Key Down;S;654120
Key Down;Q;654144
Key Up;S;654392
Key Up;Q;654552
Key Down;Z;654560
Key Up;Z;654712
Key Down;E;660768
Key Up;E;660896
Key Down;Q;661024
Key Down;S;661128
Key Up;Q;661656
Key Down;D;662320
Key Up;S;662648
Key Up;D;662744
Key Down;Q;662793
Key Down;Z;662881
Key Up;Q;663328
Key Up;Z;663496
Key Down;S;663816
Key Up;S;663936
Key Down;Z;686352
Key Down;D;686728
Key Up;Z;687584
Key Down;S;688208
Key Up;S;689056
Key Down;S;690368
Key Up;D;690528
Key Down;D;690936
Key Up;S;691248
Key Up;D;691440
Key Down;D;692064
Key Up;D;692160
Key Down;Z;692648
Key Up;Z;692784
Key Down;D;693040
Key Up;D;693112
Key Down;Z;693128
Key Down;Q;693488
Key Up;Q;693552
Key Up;Z;693576
Key Down;S;704072
Key Down;D;704488
Key Up;S;704552
Key Down;Z;705072
Key Up;D;705184
Key Up;Z;705848
Key Down;D;705880
Key Up;D;706200
Key Down;Z;706496
Key Up;Z;706608
Key Down;D;706736
Key Up;D;707335
Key Down;D;709840
Key Up;D;710232
Key Down;D;710808
Key Up;D;711200
Key Down;S;711368
Key Up;S;711488
Key Down;Q;712984
Key Up;Q;713104
Key Down;S;713528
Key Up;S;713664
Key Down;Z;714560
Key Down;D;714728
Key Up;Z;714936
Key Down;Z;715247
Key Up;Z;715480
Key Up;D;715744
Key Down;D;716728
Key Up;D;716904
Key Down;D;717112
Key Up;D;717144
Key Down;Q;718352
Key Down;S;719312
Key Up;Q;720056
Key Down;D;720280
Key Up;D;720392
Key Up;S;720656
Key Down;E;720680
Key Up;E;720792
Key Down;D;721448
Key Down;Z;721536
Key Up;Z;721576
Key Down;S;721728
Key Up;D;721752
Key Down;D;721952
Key Up;D;722584
Key Up;S;722752
Key Down;D;723527
Key Down;Z;723680
Key Up;D;723768
Key Up;Z;723776
Key Down;Q;723792
Key Down;S;724176
Key Up;Q;724288
Key Down;A;724432
Key Up;A;724528
Key Up;S;724616
Key Down;Q;724711
Key Down;Z;724856
Key Up;Q;725016
Key Up;Z;725128
Key Down;S;725384
Key Down;Q;726152
Key Up;Q;726352
Key Down;Q;726488
Key Up;Q;726616
Key Down;D;727024
Key Up;D;727287
Key Up;S;727688
Key Down;A;727976
Key Up;A;728056
Key Down;S;728208
Key Down;D;728312
Key Up;S;728368
Key Up;D;728456
Key Down;D;728655
Key Down;Z;728824
Key Up;D;728888
Key Up;Z;728952
Key Down;D;729416
Key Down;S;729512
Key Up;S;729632
Key Down;A;730815
Key Up;A;730911
Key Down;Z;731087
Key Up;D;731656
Key Down;D;732063
Key Up;D;732584
Key Down;Q;732672
Key Up;Z;732808
Key Down;E;732936
Key Up;Q;732983
Key Up;E;733063
Key Down;Z;733096
Key Down;A;733695
Key Up;A;733839
Key Up;Z;733872
Key Down;Q;734039
Key Down;S;734472
Key Up;Q;734584
Key Up;S;734720
Key Down;Z;735632
Key Up;Z;736096
Key Down;D;736104
Key Down;S;736344
Key Up;D;736672
Key Up;S;736808
Key Down;Q;737136
Key Down;Z;737240
Key Up;Q;737671
Key Down;D;738335
Key Up;Z;738383
Key Down;Z;738696
Key Up;D;738776
Key Up;Z;739136
Key Down;Z;739688
Key Up;Z;740496
Key Down;A;741008
Key Up;A;741104
Key Down;Q;741568
Key Down;Z;741784
Key Up;Q;741848
Key Up;Z;741952
Key Down;E;742112
Key Up;E;742192
Key Down;Z;743640
Key Up;Z;743792
Key Down;D;744248
Key Up;D;744664
Key Down;Espace;748479
Key Up;Espace;748624
Key Down;Z;748879
Key Down;Espace;748952
Key Up;Espace;749056
Key Down;E;749247
Key Up;E;749360
Key Up;Z;749744
Key Down;Q;750016
Key Down;S;750176
Key Up;Q;750231
Key Down;Q;750304
Key Up;S;750480
Key Up;Q;750496
Key Down;A;750808
Key Up;A;750904
Key Down;Q;751616
Key Up;Q;752560
Key Down;Q;753728
Key Down;Z;753768
Key Up;Z;754152
Key Down;Z;754216
Key Up;Z;754279
Key Down;S;755047
Key Up;Q;755576
Key Up;S;755696
Key Down;A;756112
Key Up;A;756223
Key Down;Q;756592
Key Up;Q;756760
Key Down;Q;757016
Key Down;Z;757096
Key Up;Z;757304
Key Down;Z;757319
Key Up;Z;757432
Key Down;S;757928
Key Up;Q;757960
Key Up;S;758032
Key Down;Q;758504
Key Up;Q;758552
Key Down;Z;758808
Key Up;Z;758904
Key Down;D;760351
Key Down;S;761920
Key Up;D;762279
Key Down;D;762672
Key Up;D;762919
Key Down;Q;763160
Key Up;Q;763264
Key Down;D;763479
Key Up;D;763616
Key Up;S;764664
Key Down;S;765288
Key Up;S;765504
Key Down;Q;766504
Key Down;Z;767039
Key Up;Z;767256
Key Down;Z;768080
Key Up;Z;768472
Key Up;Q;768560
Key Down;D;774288
Key Down;S;774312
Key Up;S;774728
Key Down;S;775688
Key Up;S;776472
Key Up;D;776599
Key Down;D;776975
Key Down;Z;777176
Key Up;D;777319
Key Up;Z;777615
Key Down;Z;777951
Key Up;Z;778127
Key Down;Z;778727
Key Down;Q;778912
Key Up;Z;779584
Key Down;S;780256
Key Up;Q;780391
Key Up;S;780536
Key Down;Z;781231
Key Down;D;781296
Key Up;Z;781376
Key Up;D;782016
Key Down;Q;782351
Key Down;Z;782359
Key Up;Q;782432
Key Up;Z;782536
Key Down;Z;783183
Key Down;D;783544
Key Up;D;783688
Key Down;A;783864
Key Up;A;783967
Key Down;Q;784408
Key Up;Z;785144
Key Down;S;786208
Key Up;Q;786440
Key Up;S;786672
Key Down;Q;786816
Key Down;Z;786919
Key Up;Z;787016
Key Up;Q;787376
Key Down;A;787656
Key Up;A;787752
Key Down;D;788175
Key Down;S;788927
Key Up;D;788991
Key Up;S;789007
Key Down;A;790783
Key Up;A;790895
Key Down;Z;791983
Key Down;Q;792064
Key Up;Z;792431
Key Up;Q;792704
Key Down;S;793168
Key Down;Q;793232
Key Up;S;793327
Key Down;Z;793968
Key Up;Q;794031
Key Up;Z;794223
Key Down;Z;800143
Key Down;D;800424
Key Up;D;800551
Key Up;Z;801039
Key Down;Z;801176
Key Down;Q;801183
Key Up;Q;801519
Key Down;D;801808
Key Up;D;801975
Key Up;Z;802064
Key Down;Z;802312
Key Down;E;802496
Key Up;Z;802527
Key Up;E;802599
Key Down;S;802760
Key Up;S;803351
Key Down;Q;803640
Key Down;Z;803648
Key Up;Q;803816
Key Up;Z;803992
Key Down;Q;804712
Key Down;Z;804776
Key Up;Q;805031
Key Down;Q;805808
Key Up;Q;806832
Key Up;Z;806840
Key Down;D;807304
Key Up;D;807439
Key Down;S;807712
Key Down;D;807952
Key Up;S;808024
Key Up;D;808143
Key Down;A;808360
Key Up;A;808463
Key Down;Q;809359
Key Down;Z;810056
Key Up;Z;810320
Key Down;S;810640
Key Up;Q;810808
Key Up;S;810936
Key Down;D;811160
Key Down;Z;811192
Key Up;D;811391
Key Down;Q;811704
Key Up;Q;811831
Key Up;Z;812768
Key Down;S;813200
Key Down;Q;814440
Key Up;S;814679
Key Up;Q;815600
Key Down;Q;815960
Key Down;Z;816111
Key Up;Z;816383
Key Up;Q;816512
Key Down;Z;817039
Key Down;Q;817127
Key Up;Q;817328
Key Down;Q;817455
Key Up;Q;817632
Key Up;Z;817680
Key Down;D;818008
Key Down;S;818256
Key Up;D;818887
Key Up;S;819047
Key Down;Z;819215
Key Down;D;819223
Key Up;D;819327
Key Up;Z;819575
Key Down;Q;819712
Key Down;Z;819728
Key Up;Q;819903
Key Down;D;820079
Key Up;D;820192
Key Up;Z;820376
Key Down;D;820944
Key Down;S;821015
Key Up;D;821111
Key Down;D;821319
Key Up;D;821424
Key Down;Q;821927
Key Up;S;822055
Key Down;S;822319
Key Up;Q;822344
Key Up;S;822535
Key Down;Z;822648
Key Up;Z;823719
Key Down;Z;824071
Key Down;Q;824152
Key Up;Z;824327
Key Up;Q;824368
Key Down;A;824543
Key Up;A;824631
Key Down;Q;824944
Key Down;S;825616
Key Up;Q;826231
Key Down;Q;826776
Key Up;Q;826960
Key Down;D;827120
Key Up;D;827375
Key Down;Q;827504
Key Up;Q;827719
Key Up;S;827943
Key Down;S;828279
Key Up;S;828327
Key Down;S;829560
Key Down;D;830920
Key Up;D;831048
Key Down;Q;831688
Key Up;Q;831743
Key Up;S;831879
Key Down;S;832143
Key Up;S;832247
Key Down;D;832279
Key Up;D;832392
Key Down;Q;834119
Key Down;Z;834215
Key Up;Q;834319
Key Down;D;834487
Key Up;Z;834680
Key Up;D;834960
Key Down;S;835176
Key Up;S;835279
Key Down;S;835504
Key Down;D;835687
Key Up;S;835792
Key Up;D;835855
Key Down;Z;836032
Key Down;D;836191
Key Up;Z;836352
Key Up;D;836592
Key Down;Z;836751
Key Down;D;836808
Key Down;A;836983
Key Up;A;837063
Key Up;Z;837135
Key Down;Z;837575
Key Up;D;837583
Key Down;E;837872
Key Up;Z;837887
Key Up;E;837967
Key Down;D;838543
Key Down;S;838703
Key Up;S;838824
Key Up;D;838832
Key Down;Q;839192
Key Down;S;839447
Key Up;Q;839576
Key Up;S;839640
Key Down;D;839888
Key Down;Z;839904
Key Up;Z;840264
Key Down;Z;840407
Key Up;D;840551
Key Down;Q;840607
Key Down;E;840808
Key Up;Q;840879
Key Up;E;840935
Key Down;Q;841271
Key Up;Q;841735
Key Up;Z;841880
Key Down;Q;842032
Key Down;S;842839
Key Up;Q;843143
Key Up;S;843383
Key Down;A;844392
Key Up;A;844503
Key Down;S;844863
Key Up;S;845552
Key Down;D;845712
Key Down;Z;846207
Key Up;Z;846440
Key Up;D;846752
Key Down;Q;846999
Key Down;S;847887
Key Up;S;848007
Key Down;Z;849808
Key Up;Q;850623
Key Up;Z;850776
Key Down;Z;850991
Key Down;Q;851239
Key Up;Z;851431
Key Up;Q;851687
Key Down;D;858120
Key Up;D;858375
Key Down;S;858575
Key Down;Q;858768
Key Up;S;859216
Key Down;Z;859495
Key Up;Q;859623
Key Up;Z;859751
Key Down;S;868999
Key Up;S;869583
Key Down;D;870279
Key Down;Z;870976
Key Up;Z;871376
Key Down;S;872215
Key Up;D;872319
Key Up;S;872784
Key Down;D;872800
Key Up;D;874135
Key Down;D;874327
Key Down;Z;874728
Key Up;Z;875072
Key Down;S;875351
Key Up;D;875679
Key Down;D;875919
Key Up;D;876208
Key Down;D;876784
Key Up;S;876919
Key Up;D;877599
Key Down;D;877943
Key Down;Z;877992
Key Up;Z;878111
Key Down;S;878352
Key Up;S;878927
Key Down;Z;879624
Key Up;Z;880088
Key Up;D;880319
Key Down;A;880720
Key Up;A;880800
Key Down;Z;881007
Key Down;Q;881160
Key Up;Z;881551
Key Down;S;881776
Key Up;Q;882088
Key Down;Q;882424
Key Up;Q;882743
Key Up;S;882903
Key Down;D;883055
Key Down;Z;883143
Key Up;D;883272
Key Up;Z;883479
Key Down;A;884031
Key Up;A;884127
Key Down;Z;884807
Key Down;D;884823
Key Up;D;885168
Key Up;Z;885576
Key Down;S;885936
Key Down;Q;886935
Key Up;Q;887399
Key Down;D;889247
Key Up;D;889543
Key Down;D;889887
Key Up;S;889967
Key Up;D;890023
Key Down;Z;890183
Key Up;Z;890927
Key Down;Z;891287
Key Up;Z;891455
Key Down;A;891655
Key Up;A;891743
Key Down;D;891847
Key Down;S;891919
Key Up;D;891960
Key Down;Q;892487
Key Up;Q;892647
Key Up;S;892776
Key Down;S;893183
Key Up;S;893615
Key Down;Z;895639
Key Down;A;896263
Key Up;A;896383
Key Up;Z;896943
Key Down;S;897288
Key Down;Q;897815
Key Up;S;897944
Key Up;Q;897952
Key Down;Z;898408
Key Down;Q;898872
Key Up;Q;899096
Key Down;A;899311
Key Up;A;899407
Key Up;Z;899495
Key Down;Z;902264
Key Down;Q;902591
Key Up;Q;902760
Key Up;Z;902791
Key Down;Q;902863
Key Up;Q;902943
Key Down;A;903256
Key Up;A;903351
Key Down;Q;903639
Key Down;S;903727
Key Up;S;904215
Key Down;Z;904624
Key Up;Z;904823
Key Down;Z;905095
Key Up;Z;905256
Key Down;S;906024
Key Up;Q;906255
Key Down;D;906407
Key Up;D;906528
Key Up;S;906927
Key Down;Q;907168
Key Down;S;907247
Key Up;Q;907439
Key Up;S;907895
Key Down;Q;908304
Key Down;S;908327
Key Up;Q;908392
Key Up;S;908559
Key Down;A;908656
Key Up;A;908744
Key Down;S;908959
Key Down;D;909656
Key Up;S;909736
Key Up;D;909967
Key Down;D;910360
Key Up;D;910680
Key Down;D;911151
Key Up;D;911223
Key Down;Q;911424
Key Down;S;911527
Key Up;Q;911559
Key Down;D;911927
Key Up;D;912519
Key Up;S;912599
Key Down;Q;912967
Key Down;Z;913143
Key Up;Q;913319
Key Down;D;913359
Key Up;D;913464
Key Up;Z;913792
Key Down;A;913911
Key Up;A;914015
Key Down;S;914135
Key Down;D;914527
Key Up;S;914824
Key Up;D;915079
Key Down;A;916239
Key Up;A;916320
Key Down;D;916591
Key Up;D;916839
Key Down;Q;917223
Key Up;Q;917328
Key Down;D;918223
Key Up;D;918743
Key Down;A;919176
Key Up;A;919280
Key Down;Z;920608
Key Up;Z;921111
Key Down;S;921232
Key Down;Q;921415
Key Up;S;921943
Key Up;Q;922495
Key Down;D;922752
Key Up;D;923279
Key Down;Z;923303
Key Down;A;923343
Key Up;A;923479
Key Down;D;924031
Key Up;Z;924143
Key Down;S;924519
Key Up;D;924743
Key Down;D;924911
Key Up;S;925247
Key Up;D;925479
Key Down;Q;927008
Key Down;Z;927063
Key Up;Z;927223
Key Down;Z;927383
Key Up;Z;927679
Key Down;Z;927919
Key Up;Z;928063
Key Down;S;928295
Key Up;S;928591
Key Down;Z;928943
Key Up;Z;929511
Key Down;Z;929791
Key Up;Q;930079
Key Down;D;930720
Key Up;D;931704
Key Down;D;932295
Key Up;Z;932504
Key Down;S;933311
Key Up;S;933607
Key Down;Z;934167
Key Up;D;934223
Key Up;Z;934495
Key Down;E;934527
Key Up;E;934599
Key Down;S;934831
Key Down;Q;935151
Key Up;Q;935872
Key Down;Q;936183
Key Up;S;936391
Key Down;Z;936703
Key Up;Z;937071
Key Down;S;937831
Key Up;Q;938287
Key Down;Q;938943
Key Up;Q;939103
Key Down;D;939759
Key Up;S;939823
Key Down;S;940271
Key Up;D;940431
Key Down;D;940703
Key Up;S;940775
Key Down;Z;941023
Key Up;Z;941615
Key Down;S;941935
Key Up;S;942647
Key Up;D;943367
Key Down;A;943871
Key Up;A;943943
Key Down;D;944375
Key Up;D;944824
Key Down;D;945247
Key Down;S;946239
Key Up;D;946343
Key Down;Q;946399
Key Up;Q;946847
Key Down;D;946975
Key Up;S;947087
Key Down;S;947279
Key Up;S;948143
Key Down;Z;948367
Key Up;Z;948511
Key Down;Z;949415
Key Up;D;949487
Key Down;E;949663
Key Up;Z;949703
Key Up;E;949775
Key Down;A;950295
Key Up;A;950399
Key Down;Q;950735
Key Down;Z;950991
Key Up;Q;951159
Key Up;Z;951407
Key Down;Q;952359
Key Up;Q;952719
Key Down;Q;953671
Key Down;S;953887
Key Up;S;953936
Key Up;Q;954023
Key Down;A;954167
Key Up;A;954271
Key Down;Q;955799
Key Up;Q;956199
Key Down;Q;959015
Key Down;Z;959223
Key Up;Q;959439
Key Up;Z;959543
Key Down;Z;959695
Key Up;Z;959847
Key Down;Z;960079
Key Down;Q;960343
Key Up;Q;960471
Key Down;A;960855
Key Down;D;960935
Key Up;A;960943
Key Up;Z;961127
Key Down;S;961407
Key Up;D;961919
Key Down;Q;962447
Key Up;S;962727
Key Down;Z;963207
Key Up;Q;963407
Key Down;D;963967
Key Up;Z;964167
Key Down;S;964399
Key Up;D;964495
Key Down;D;964535
Key Up;D;964567
Key Down;D;964991
Key Up;D;965207
Key Up;S;965583
Key Down;Q;965711
Key Up;Q;965879
Key Down;S;967479
Key Down;Q;967487
Key Up;S;967503
Key Up;Q;967631
Key Down;E;968063
Key Up;E;968151
Key Down;D;970495
Key Down;Z;970735
Key Up;D;970887
Key Up;Z;971527
Key Down;Z;972367
Key Down;D;972471
Key Up;D;972719
Key Up;Z;972887
Key Down;S;973191
Key Down;Q;973239
Key Up;S;973447
Key Down;Z;973743
Key Up;Q;973799
Key Down;D;974383
Key Up;D;974487
Key Up;Z;974687
Key Down;A;974879
Key Up;A;975015
Key Down;Z;975319
Key Up;Z;976303
Key Down;D;977207
Key Down;Z;977543
Key Up;D;977663
Key Up;Z;977711
Key Down;Q;978159
Key Down;Z;978503
Key Up;Q;978735
Key Down;D;979607
Key Up;Z;979767
Key Down;S;980631
Key Up;D;980679
Key Up;S;980847
Key Down;Tab;980871
Key Up;Tab;983799
Key Down;Q;984047
Key Down;S;985063
Key Up;Q;985199
Key Down;D;986071
Key Up;D;986327
Key Down;Q;987871
Key Up;Q;988447
Key Down;Q;988615
Key Up;Q;988759
Key Down;D;988895
Key Up;D;989647
Key Down;D;990079
Key Up;D;990175
Key Down;Q;990783
Key Up;S;990855
Key Down;Z;991319
Key Up;Z;991575
Key Up;Q;992007
Key Down;A;992303
Key Up;A;992415
Key Down;Q;992639
Key Up;Q;993455
Key Down;Z;993719
Key Down;D;993759
Key Up;D;993975
Key Up;Z;994231
Key Down;Z;994671
Key Up;Z;995262
Key Down;D;995711
Key Up;D;995910
Key Down;Q;996791
Key Up;Q;996967
Key Down;S;997055
Key Up;S;997471
Key Down;D;997535
Key Up;D;997583
Key Down;D;997655
Key Down;S;997695
Key Up;D;997879
Key Down;Q;998535
Key Up;Q;998703
Key Down;Q;998918
Key Up;S;998991
Key Down;Z;999143
Key Up;Q;999207
Key Up;Z;999351
Key Down;Q;999455
Key Down;S;999583
Key Up;Q;999807
Key Up;S;1000166
Key Down;A;1000223
Key Up;A;1000303
Key Down;Q;1000783
Key Down;Z;1001143
Key Up;Z;1001239
Key Up;Q;1001255
Key Down;Q;1001671
Key Up;Q;1001799
Key Down;E;1002047
Key Up;E;1002159
Key Down;Z;1002967
Key Up;Z;1003023
Key Down;D;1003079
Key Up;D;1003263
Key Down;D;1003455
Key Up;D;1003783
Key Down;D;1004087
Key Down;Z;1004246
Key Up;D;1004407
Key Down;D;1004759
Key Up;D;1004903
Key Down;D;1005335
Key Up;D;1005455
Key Up;Z;1006031
Key Down;A;1006055
Key Up;A;1006159
Key Down;Q;1006455
Key Down;S;1006935
Key Up;S;1007047
Key Down;Z;1007255
Key Up;Q;1007447
Key Down;Q;1007687
Key Up;Q;1007719
Key Up;Z;1007743
Key Down;Q;1007903
Key Up;Q;1008055
Key Down;Q;1009999
Key Down;Z;1010031
Key Up;Q;1010295
Key Down;E;1010303
Key Up;E;1010447
Key Down;Q;1010511
Key Up;Z;1010535
Key Up;Q;1010719
Key Down;S;1011423
Key Down;Q;1011559
Key Up;S;1011639
Key Up;Q;1011871
Key Down;S;1012582
Key Up;S;1012918
Key Down;Z;1013278
Key Down;D;1013318
Key Up;D;1013575
Key Up;Z;1013583
Key Down;Z;1015679
Key Up;Z;1015791
Key Down;E;1016215
Key Up;E;1016279
Key Down;Q;1018487
Key Down;S;1018871
Key Up;S;1019279
Key Up;Q;1019295
Key Down;Tab;1020383
Key Up;Tab;1021207
Key Down;Z;1021383
Key Up;Z;1021542
Key Down;Q;1021551
Key Up;Q;1021807
Key Down;Q;1022007
Key Up;Q;1023191
Key Down;D;1023207
Key Down;Z;1023415
Key Up;D;1023534
Key Up;Z;1023543
Key Down;Q;1023559
Key Down;S;1023815
Key Up;S;1024159
Key Down;E;1024767
Key Up;Q;1024799
Key Up;E;1024879
Key Down;Z;1025743
Key Up;Z;1026095
Key Down;S;1031295
Key Down;Q;1031870
Key Up;S;1031991
Key Down;E;1032239
Key Up;Q;1032294
Key Up;E;1032351
Key Down;Z;1032918
Key Up;Z;1033671
Key Down;Q;1034047
Key Down;Z;1034319
Key Up;Q;1034375
Key Up;Z;1034527
Key Down;Q;1036431
Key Down;Z;1037335
Key Up;Q;1037407
Key Down;D;1038023
Key Up;Z;1038519
Key Up;D;1038535
Key Down;Q;1038559
Key Down;Z;1038743
Key Up;Q;1038895
Key Down;D;1039183
Key Up;Z;1039535
Key Up;D;1039583
Key Down;Z;1039911
Key Up;Z;1040846
Key Down;Z;1041166
Key Up;Z;1041462
Key Down;Z;1045671
Key Up;Z;1045958
Key Down;E;1047767
Key Up;E;1047918
Key Down;Q;1048799
Key Up;Q;1048991
Key Down;D;1049271
Key Up;D;1049335
Key Down;E;1059431
Key Up;E;1059559
Key Down;S;1061158
Key Up;S;1061463
Key Down;S;1063094
Key Down;D;1063102
Key Up;D;1063239
Key Up;S;1064478
Key Down;D;1064943
Key Up;D;1065623
Key Down;D;1066519
Key Down;S;1066551
Key Up;S;1066774
Key Up;D;1067423
Key Down;S;1067879
Key Down;D;1068199
Key Up;D;1068463
Key Up;S;1068870
Key Down;Q;1068959
Key Up;Q;1070214
Key Down;D;1070591
Key Down;S;1070638
Key Up;S;1070742
Key Down;S;1071815
Key Up;D;1072071
Key Down;D;1072143
Key Up;S;1072271
Key Down;S;1072503
Key Up;D;1072559
Key Down;D;1073118
Key Up;S;1073286
Key Down;Z;1073591
Key Up;Z;1073831
Key Down;S;1074774
Key Up;D;1074830
Key Down;D;1074934
Key Up;D;1074975
Key Down;D;1075599
Key Up;D;1075694
Key Down;D;1076271
Key Up;S;1076463
Key Down;S;1077207
Key Up;D;1077278
Key Up;S;1077511
Key Down;S;1079695
Key Down;Q;1081111
Key Up;S;1081247
Key Up;Q;1081351
Key Down;D;1081543
Key Down;S;1081663
Key Up;D;1081887
Key Down;Q;1081959
Key Up;S;1081983
Key Down;S;1082374
Key Up;Q;1082783
Key Up;S;1082879
Key Down;A;1083054
Key Up;A;1083159
Key Down;D;1083631
Key Down;Z;1084055
Key Up;Z;1084071
Key Up;D;1084327
Key Down;Z;1084607
Key Down;D;1084703
Key Up;D;1084918
Key Up;Z;1084935
Key Down;Q;1085774
Key Down;S;1086030
Key Up;Q;1086255
Key Up;S;1086398
Key Down;A;1086606
Key Up;A;1086695
Key Down;D;1087231
Key Up;D;1087510
Key Down;Q;1088335
Key Down;S;1088750
Key Up;Q;1088951
Key Up;S;1089030
Key Down;A;1089167
Key Up;A;1089263
Key Down;D;1090326
Key Down;Z;1090606
Key Up;Z;1090959
Key Up;D;1090999
Key Down;Q;1091694
Key Down;S;1091894
Key Up;Q;1092134
Key Up;S;1092262
Key Down;A;1092431
Key Up;A;1092535
Key Down;D;1093239
Key Down;Z;1093479
Key Up;D;1093822
Key Up;Z;1093846
Key Down;D;1096190
Key Down;Z;1096222
Key Up;D;1096367
Key Up;Z;1096375
Key Down;Q;1097343
Key Down;S;1097638
Key Up;Q;1097718
Key Up;S;1097814
Key Down;A;1097878
Key Up;A;1097982
Key Down;Z;1100974
Key Down;D;1100998
Key Up;D;1101359
Key Up;Z;1101367
Key Down;Q;1102142
Key Down;S;1102358
Key Up;Q;1102695
Key Up;S;1102879
Key Down;A;1103007
Key Up;A;1103119
Key Down;Z;1103950
Key Up;Z;1104407
Key Down;Z;1104758
Key Down;Q;1104982
Key Up;Q;1105094
Key Down;D;1105527
Key Up;Z;1105727
Key Up;D;1106126
Key Down;S;1106150
Key Up;S;1106286
Key Down;S;1106566
Key Down;Q;1106831
Key Up;S;1107742
Key Up;Q;1107886
Key Down;Z;1108110
Key Up;Z;1108351
Key Down;Q;1108934
Key Up;Q;1109222
Key Down;Z;1109302
Key Up;Z;1109526
Key Down;Z;1109655
Key Up;Z;1109959
Key Down;S;1110294
Key Down;D;1110374
Key Up;S;1110398
Key Up;D;1111022
Key Down;Q;1111095
Key Up;Q;1111151
Key Down;S;1111255
Key Down;A;1111527
Key Up;S;1111535
Key Up;A;1111631
Key Down;S;1112014
Key Down;D;1112038
Key Up;D;1112326
Key Up;S;1112342
Key Down;D;1112663
Key Down;S;1112783
Key Up;S;1113702
Key Up;D;1113790
Key Down;D;1114239
Key Up;D;1115038
Key Down;Q;1116150
Key Down;S;1116446
Key Up;S;1117366
Key Down;S;1117414
Key Up;S;1117974
Key Down;Z;1118870
Key Up;Z;1118990
Key Up;Q;1120238
Key Down;Q;1120526
Key Up;Q;1120670
Key Down;S;1121367
Key Down;Q;1121391
Key Up;S;1121495
Key Up;Q;1121638
Key Down;E;1121710
Key Up;E;1121806
Key Down;D;1122519
Key Down;Z;1123118
Key Up;Z;1123262
Key Down;S;1125375
Key Up;S;1125790
Key Down;Z;1126935
Key Up;Z;1127094
Key Up;D;1127166
Key Down;Q;1127198
Key Down;Z;1128439
Key Up;Q;1128926
Key Down;D;1129815
Key Up;D;1129967
Key Up;Z;1130559
Key Down;Q;1130958
Key Up;Q;1131350
Key Down;D;1132159
Key Down;S;1132182
Key Up;D;1132687
Key Down;Q;1133263
Key Up;Q;1133598
Key Down;Q;1133999
Key Up;S;1134150
Key Down;S;1134982
Key Up;S;1135134
Key Up;Q;1135182
Key Down;D;1135846
Key Down;Z;1136007
Key Up;D;1136063
Key Down;D;1136598
Key Up;Z;1136998
Key Down;Z;1137246
Key Up;Z;1137574
Key Down;Z;1137918
Key Up;D;1137974
Key Down;Q;1138550
Key Up;Z;1138823
Key Down;Z;1139174
Key Up;Q;1139382
Key Down;D;1139583
Key Up;D;1139726
Key Down;D;1140255
Key Up;D;1140367
Key Up;Z;1141143
Key Down;Tab;1141247
Key Up;Tab;1143318
Key Down;D;1143814
Key Down;Z;1144823
Key Up;D;1145630
Key Down;D;1145894
Key Up;Z;1146158
Key Down;S;1147222
Key Up;D;1148279
Key Down;D;1148862
Key Up;D;1149167
Key Down;Q;1149446
Key Up;Q;1149614
Key Down;Q;1149950
Key Up;S;1150247
Key Down;S;1150814
Key Up;Q;1150918
Key Up;S;1151230
Key Down;S;1151551
Key Down;Q;1152198
Key Up;Q;1152254
Key Up;S;1153638
Key Down;S;1154294
Key Down;Q;1154774
Key Up;Q;1154934
Key Up;S;1154958
Key Down;S;1155638
Key Up;S;1155726
Key Down;Q;1157655
Key Up;Q;1157742
Key Down;S;1159222
Key Down;Q;1159830
Key Up;S;1159943
Key Up;Q;1160015
Key Down;D;1160222
Key Down;S;1160518
Key Up;S;1161134
Key Up;D;1161582
Key Down;Q;1161606
Key Down;Z;1161855
Key Up;Q;1162343
Key Up;Z;1162630
Key Down;A;1162639
Key Up;A;1162718
Key Down;Q;1163254
Key Down;Z;1163446
Key Up;Q;1163862
Key Up;Z;1163958
Key Down;S;1164215
Key Up;S;1164471
Key Down;S;1166038
Key Up;S;1166382
Key Down;A;1166454
Key Up;A;1166551
Key Down;D;1167670
Key Up;D;1167830
Key Down;Q;1168903
Key Down;S;1168943
Key Up;Q;1169110
Key Up;S;1169246
Key Down;A;1169454
Key Up;A;1169534
Key Down;S;1169726
Key Up;S;1170007
Key Down;S;1170734
Key Down;D;1170878
Key Up;S;1170911
Key Up;D;1170998
Key Down;Z;1171111
Key Down;D;1171422
Key Up;D;1171679
Key Up;Z;1171718
Key Down;Q;1171838
Key Up;Q;1171966
Key Down;Z;1172143
Key Down;Q;1172151
Key Up;Q;1172478
Key Up;Z;1172775
Key Down;Z;1174134
Key Down;D;1174415
Key Up;Z;1174479
Key Down;A;1174535
Key Up;D;1174559
Key Up;A;1174639
Key Down;S;1175238
Key Down;Q;1175590
Key Up;Q;1175807
Key Up;S;1176710
Key Down;A;1176838
Key Up;A;1176950
Key Down;Z;1177558
Key Down;D;1177614
Key Up;D;1177710
Key Up;Z;1177854
Key Down;E;1178038
Key Up;E;1178134
Key Down;D;1178527
Key Down;S;1179086
Key Up;S;1179206
Key Down;Z;1180198
Key Up;D;1180942
Key Up;Z;1181086
Key Down;Q;1181582
Key Down;Z;1181694
Key Up;Q;1181870
Key Up;Z;1182262
Key Down;Z;1182814
Key Up;Z;1183382
Key Down;Z;1183750
Key Up;Z;1184030
Key Down;Z;1184878
Key Up;Z;1185214
Key Down;Z;1185471
Key Up;Z;1185631
Key Down;E;1185974
Key Up;E;1186062
Key Down;S;1186391
Key Up;S;1186551
Key Down;Q;1186582
Key Up;Q;1186918
Key Down;S;1187094
Key Down;Q;1187166
Key Up;S;1187279
Key Up;Q;1187310
Key Down;E;1195823
Key Up;E;1195918
Key Down;D;1196535
Key Up;D;1198454
Key Down;D;1199206
Key Down;S;1199214
Key Up;S;1199446
Key Up;D;1199526
Key Down;Q;1200014
Key Down;Z;1200126
Key Up;Q;1200150
Key Up;Z;1200254
Key Down;Z;1200591
Key Up;Z;1200702
Key Down;Z;1201038
Key Up;Z;1201094
Key Down;Z;1201462
Key Up;Z;1201518
Key Down;S;1202750
Key Down;D;1203182
Key Up;S;1203406
Key Down;Z;1204846
Key Up;Z;1205278
Key Up;D;1205302
Key Down;S;1205735
Key Down;D;1205750
Key Up;S;1206158
Key Up;D;1206798
Key Down;Q;1206807
Key Down;Z;1207414
Key Up;Q;1207750
Key Up;Z;1207926
Key Down;Tab;1208302
Key Up;Tab;1209102
Key Down;Q;1209358
Key Down;Z;1209511
Key Up;Q;1209694
Key Up;Z;1209838
Key Down;E;1210414
Key Up;E;1210510
Key Down;D;1211271
Key Up;D;1212406
Key Down;S;1217606
Key Down;E;1217734
Key Up;E;1217838
Key Down;Q;1218014
Key Up;Q;1218038
Key Down;Q;1218470
Key Up;S;1218543
Key Down;Z;1220150
Key Up;Z;1220574
Key Down;S;1221958
Key Up;Q;1222398
Key Down;Tab;1223174
Key Up;S;1223206
Key Up;Tab;1226166
Key Down;Z;1232366
Key Up;Z;1232942
Key Down;Z;1234326
Key Up;Z;1236638
Key Down;Z;1243862
Key Down;Q;1244846
Key Up;Z;1245422
Key Down;S;1245678
Key Up;S;1246134
Key Up;Q;1246214
Key Down;D;1246382
Key Up;D;1246414
Key Down;Q;1247278
Key Down;Z;1247742
Key Up;Q;1248086
Key Up;Z;1248302
Key Down;D;1248382
Key Down;S;1248438
Key Up;D;1248446
Key Up;S;1248750
Key Down;Z;1248894
Key Up;Z;1248990
Key Down;S;1249181
Key Up;S;1249286
Key Down;Q;1250038
Key Down;Z;1250334
Key Up;Q;1250422
Key Up;Z;1250510
Key Down;Z;1251134
Key Down;D;1251366
Key Up;D;1251470
Key Down;Q;1251654
Key Up;Q;1251982
Key Down;D;1252902
Key Up;D;1253286
Key Down;D;1253901
Key Up;D;1254134
Key Down;D;1254566
Key Up;Z;1254638
Key Up;D;1254686
Key Down;S;1255542
Key Down;Q;1255965
Key Up;S;1256174
Key Up;Q;1256262
Key Down;Z;1256310
Key Down;D;1256446
Key Up;D;1256582
Key Down;D;1256718
Key Up;Z;1257030
Key Up;D;1257222
Key Down;S;1257230
Key Down;Q;1257310
Key Up;Q;1257941
Key Down;Q;1258302
Key Up;Q;1258414
Key Down;D;1258878
Key Up;D;1259230
Key Down;Q;1259326
Key Up;S;1259558
Key Up;Q;1259750
Key Down;D;1259766
Key Down;Z;1259782
Key Up;D;1260142
Key Up;Z;1260374
Key Down;Q;1260494
Key Up;Q;1260542
Key Down;Z;1260598
Key Down;D;1260758
Key Up;D;1261790
Key Down;Q;1262134
Key Up;Q;1262342
Key Down;D;1262798
Key Up;Z;1263126
Key Up;D;1264174
Key Down;Q;1264190
Key Down;S;1264286
Key Up;Q;1264342
Key Down;D;1264462
Key Up;S;1264598
Key Down;S;1264790
Key Up;S;1264950
Key Down;S;1265214
Key Up;D;1265750
Key Down;D;1266006
Key Up;S;1267230
Key Down;S;1267390
Key Up;D;1267733
Key Up;S;1268366
Key Down;S;1268878
Key Down;Q;1269374
Key Up;Q;1269774
Key Up;S;1269814
Key Down;Z;1270926
Key Down;D;1270958
Key Up;D;1271006
Key Down;D;1271582
Key Up;D;1271734
Key Up;Z;1271862
Key Down;S;1272678
Key Up;S;1272806
Key Down;S;1272966
Key Up;S;1273678
Key Down;A;1274102
Key Up;A;1274190
Key Down;Q;1274414
Key Down;S;1274510
Key Up;S;1274990
Key Down;Z;1276142
Key Up;Z;1276262
Key Down;S;1277541
Key Up;S;1277750
Key Down;Z;1278030
Key Up;Q;1278261
Key Up;Z;1278742
Key Down;S;1278878
Key Down;D;1279278
Key Up;S;1279390
Key Up;D;1279614
Key Down;Z;1279670
Key Down;D;1279982
Key Up;D;1280198
Key Down;Q;1280766
Key Up;Z;1280974
Key Down;Z;1281454
Key Up;Q;1281694
Key Down;Q;1282054
Key Up;Q;1282733
Key Down;D;1283046
Key Up;D;1283229
Key Down;D;1283518
Key Up;D;1283774
Key Down;D;1284342
Key Up;Z;1284446
Key Up;D;1284510
Key Down;Z;1285318
Key Down;D;1285390
Key Up;Z;1285806
Key Up;D;1285878
Key Down;Echap;1307910
Key Up;Echap;1308110
