Event;Key;Time
Key Down;Z;44457
Key Up;Z;45194
Key Down;X;45761
Key Up;X;45817
Key Down;Z;46714
Key Up;Z;47914
Key Down;Z;50658
Key Up;Z;53666
Key Down;F;55537
Key Up;F;55593
Key Down;Espace;56594
Key Up;Espace;58705
Key Down;Z;59322
Key Down;Espace;61193
Key Up;Espace;71754
Key Up;Z;72217
Key Down;Z;76145
Key Up;Z;78713
Key Down;Espace;79770
Key Up;Espace;80049
Key Down;Z;80777
Key Up;Z;83089
Key Down;Z;83625
Key Up;Z;83914
Key Down;Z;84537
Key Up;Z;85289
Key Down;Z;86441
Key Up;Z;87633
Key Down;Z;88305
Key Up;Z;96050
Key Down;Z;99185
Key Up;Z;99601
Key Down;Z;100265
Key Up;Z;109737
Key Down;Z;110625
Key Down;Espace;111265
Key Up;Espace;112113
Key Up;Z;112545
Key Down;Z;114577
Key Up;Z;114969
Key Down;Z;115609
Key Up;Z;116273
Key Down;Z;116913
Key Up;Z;117265
Key Down;Z;117681
Key Up;Z;119225
Key Down;Left Control;149032
Key Down;Z;149945
Key Up;Left Control;150464
Key Up;Z;150504
Key Down;Z;150657
Key Down;Espace;151545
Key Up;Espace;153265
Key Up;Z;153433
Key Down;Left Control;154369
Key Down;Z;156313
Key Up;Z;156505
Key Down;Z;157185
Key Up;Z;157337
Key Down;Z;159881
Key Up;Z;160041
Key Down;Z;164305
Key Up;Z;164441
Key Down;Espace;176985
Key Up;Left Control;178417
Key Up;Espace;178977
Key Down;Z;203689
Key Up;Z;203745
Key Down;Z;208649
Key Down;Espace;209033
Key Up;Espace;211273
Key Up;Z;211313
Key Down;Left Control;212552
Key Down;Z;212817
Key Up;Z;212961
Key Down;Z;213864
Key Up;Left Control;214449
Key Down;Left Control;214721
Key Up;Z;214793
Key Up;Left Control;214856
Key Down;Left Control;216144
Key Down;Espace;217280
Key Up;Espace;217392
Key Down;L;220881
Key Up;L;220953
Key Down;NumPad 1;222457
Key Up;NumPad 1;222513
Key Down;NumPad 1;225896
Key Up;NumPad 1;226088
Key Up;Left Control;236641
Key Down;Q;239417
Key Up;Q;239633
Key Down;Z;340104
Key Up;Z;340592
Key Down;Z;349264
Key Up;Z;349328
Key Down;Espace;365287
Key Up;Espace;365416
Key Down;Espace;365536
Key Up;Espace;365632
Key Down;Espace;365768
Key Up;Espace;365856
Key Down;Espace;366056
Key Up;Espace;366136
Key Down;Espace;366248
Key Up;Espace;366312
Key Down;Espace;366536
Key Up;Espace;366663
Key Down;Espace;366775
Key Up;Espace;366864
Key Down;Espace;366960
Key Up;Espace;367048
Key Down;Z;367872
Key Down;Espace;368135
Key Up;Z;368384
Key Down;Z;368496
Key Up;Espace;368720
Key Down;Espace;368880
Key Up;Espace;369136
Key Up;Z;369200
Key Down;Z;369535
Key Up;Z;369631
Key Down;Z;372479
Key Up;Z;373600
Key Down;Z;374752
Key Up;Z;375024
Key Down;S;401951
Key Up;S;402680
Key Down;S;402864
Key Down;Espace;403808
Key Up;Espace;404376
Key Up;S;404408
Key Down;Q;404823
Key Down;Espace;405039
Key Down;Z;405656
Key Up;Q;406039
Key Up;Z;406447
Key Up;Espace;406488
Key Down;Espace;411440
Key Up;Espace;411655
Key Down;Espace;411799
Key Down;Z;412071
Key Up;Z;412175
Key Up;Espace;414767
Key Down;Espace;425839
Key Up;Espace;426072
Key Down;Espace;426248
Key Up;Espace;426376
Key Down;Espace;426488
Key Up;Espace;426640
Key Down;Espace;427287
Key Down;Z;427311
Key Up;Espace;427455
Key Up;Z;427463
Key Down;Z;427504
Key Down;Espace;427816
Key Up;Espace;428143
Key Down;Espace;428255
Key Up;Espace;428399
Key Down;Espace;428535
Key Up;Espace;428639
Key Down;Espace;428855
Key Up;Espace;429048
Key Up;Z;429480
Key Down;Z;429583
Key Down;Espace;429855
Key Up;Espace;430079
Key Down;Espace;430247
Key Up;Espace;430328
Key Down;Espace;430456
Key Up;Espace;430560
Key Down;Espace;430760
Key Up;Espace;430816
Key Up;Z;431071
Key Down;Espace;431728
Key Down;Z;431776
Key Up;Z;431936
Key Up;Espace;431952
Key Down;Z;432104
Key Down;Espace;432192
Key Up;Espace;432527
Key Up;Z;432591
Key Down;Z;442536
Key Down;Espace;443095
Key Up;Espace;444024
Key Up;Z;444120
Key Down;Z;446367
Key Up;Z;446527
Key Down;Left Control;459000
Key Up;Left Control;460800
Key Down;S;461607
Key Down;Espace;461984
Key Up;Espace;462335
Key Down;Espace;462455
Key Up;Espace;463287
Key Up;S;463520
Key Down;D;465287
Key Down;S;465943
Key Up;D;465975
Key Down;D;466544
Key Up;S;466647
Key Down;S;467712
Key Up;D;467832
Key Up;S;470536
Key Down;D;472143
Key Up;D;473687
Key Down;Z;485159
Key Up;Z;485535
Key Down;Z;485727
Key Up;Z;486615
Key Down;S;489063
Key Up;S;490959
Key Down;Z;491223
Key Up;Z;491343
Key Down;Z;495544
Key Up;Z;495663
Key Down;Tab;526903
Key Up;Tab;526975
Key Down;Tab;527783
Key Up;Tab;527879
Key Down;Tab;528287
Key Up;Tab;528351
Key Down;Tab;528743
Key Up;Tab;528823
Key Down;Tab;529199
Key Up;Tab;529295
Key Down;Tab;529687
Key Up;Tab;529807
Key Down;Echap;558071
Key Up;Echap;558127
Key Down;Verrouillage des majuscules;559519
Key Up;Verrouillage des majuscules;560199
Key Down;Verrouillage des majuscules;566023
Key Down;A;567711
Key Up;A;568286
Key Up;Verrouillage des majuscules;568318
Key Down;A;568479
Key Up;A;568679
Key Down;Verrouillage des majuscules;573966
Key Up;Verrouillage des majuscules;575406
Key Down;Z;585886
Key Down;Espace;586287
Key Up;Espace;586839
Key Down;Espace;586942
Key Up;Espace;587166
Key Up;Z;590399
Key Down;Z;590886
Key Up;Z;590990
Key Down;Tab;594502
Key Up;Tab;594558
Key Down;Echap;601662
Key Up;Echap;601718
Key Down;Verrouillage des majuscules;604606
Key Up;Verrouillage des majuscules;605862
Key Down;Verrouillage des majuscules;607558
Key Up;Verrouillage des majuscules;608558
Key Down;Verrouillage des majuscules;608702
Key Up;Verrouillage des majuscules;610334
Key Down;Verrouillage des majuscules;610558
Key Up;Verrouillage des majuscules;612743
Key Down;Verrouillage des majuscules;616767
Key Up;Verrouillage des majuscules;620423
Key Down;Verrouillage des majuscules;620855
Key Up;Verrouillage des majuscules;621062
Key Down;Q;641622
Key Down;Z;642390
Key Up;Q;642431
Key Down;Espace;643030
Key Up;Espace;643510
Key Up;Z;643702
Key Down;Z;643766
Key Up;Z;643823
Key Down;Z;643991
Key Up;Z;646342
Key Down;Z;646502
Key Up;Z;646647
Key Down;Q;648742
Key Down;Z;648814
Key Up;Q;648910
Key Down;Espace;648950
Key Up;Z;649446
Key Down;Z;649575
Key Up;Z;649775
Key Down;Z;650118
Key Up;Z;650414
Key Down;Z;650518
Key Up;Espace;650774
Key Up;Z;650806
Key Down;Left Control;651398
Key Up;Left Control;654542
Key Down;Z;657622
Key Up;Z;658143
Key Down;Left Control;662271
Key Up;Left Control;663958
Key Down;Left Control;672622
Key Up;Left Control;673566
Key Down;Tab;675126
Key Up;Tab;675182
Key Down;Echap;731742
Key Up;Echap;731798
Key Down;Left Control;733262
Key Up;Left Control;734558
Key Down;Left Control;734846
Key Up;Left Control;736446
Key Down;Verrouillage des majuscules;737142
Key Up;Verrouillage des majuscules;739022
Key Down;Left Control;747710
Key Up;Left Control;749294
Key Down;Z;765334
Key Up;Z;765478
Key Down;Z;766061
Key Up;Z;766662
Key Down;Left Control;767302
Key Up;Left Control;768581
Key Down;Left Control;768966
Key Up;Left Control;769390
Key Down;Z;769965
Key Up;Z;772645
Key Down;D;779302
Key Down;Z;779805
Key Up;D;780030
Key Down;Espace;780558
Key Up;Espace;781405
Key Up;Z;781430
Key Down;Z;786870
Key Down;Espace;788677
Key Up;Espace;788981
Key Up;Z;797781
Key Down;Z;798765
Key Up;Z;799141
Key Down;Z;799974
Key Up;Z;800469
Key Down;X;801733
Key Up;X;801797
Key Down;Espace;807629
Key Up;Espace;808909
Key Down;Espace;810206
Key Up;Espace;811342
Key Down;X;814462
Key Up;X;814518
Key Down;Espace;816934
Key Up;Espace;817062
Key Down;X;823541
Key Up;X;823597
Key Down;X;829718
Key Up;X;829790
Key Down;Z;831645
Key Up;Z;831965
Key Down;Z;832045
Key Down;Espace;833149
Key Up;Espace;834134
Key Up;Z;834182
Key Down;Z;836349
Key Down;Espace;836533
Key Up;Espace;837661
Key Up;Z;837685
Key Down;Z;838805
Key Down;Espace;839149
Key Up;Espace;844165
Key Up;Z;844373
Key Down;Espace;844413
Key Up;Espace;844549
Key Down;Z;845813
Key Down;Espace;846886
Key Up;Z;853005
Key Up;Espace;853013
Key Down;Espace;854197
Key Up;Espace;854277
Key Down;X;855853
Key Up;X;855917
Key Down;X;858077
Key Up;X;858149
Key Down;Z;859373
Key Down;Espace;859549
Key Up;Espace;865293
Key Up;Z;865325
Key Down;Z;866149
Key Down;Espace;866621
Key Up;Z;867981
Key Down;Z;868277
Key Up;Espace;868373
Key Down;Espace;868734
Key Up;Espace;873029
Key Up;Z;873053
Key Down;Z;874637
Key Down;Espace;874821
Key Up;Z;875325
Key Up;Espace;875333
Key Down;X;877005
Key Up;X;877053
Key Down;Z;880357
Key Up;Z;881845
Key Down;Z;882693
Key Up;Z;883357
Key Down;Z;886437
Key Up;Z;886949
Key Down;Z;891957
Key Up;Z;892237
Key Down;Z;895093
Key Up;Z;895597
Key Down;Z;899877
Key Up;Z;900229
Key Down;Z;900733
Key Up;Z;901357
Key Down;Z;901829
Key Up;Z;902877
Key Down;Z;904037
Key Up;Z;904597
Key Down;Z;907093
Key Up;Z;907477
Key Down;Z;908309
Key Up;Z;909245
Key Down;Z;909317
Key Up;Z;909605
Key Down;Espace;912133
Key Up;Espace;915853
Key Down;Z;930053
Key Down;Espace;932772
Key Up;Espace;934212
Key Up;Z;934437
Key Down;Z;935069
Key Down;Espace;935796
Key Up;Espace;939565
Key Up;Z;939733
Key Down;Espace;939773
Key Down;Z;939813
Key Up;Espace;939908
Key Up;Z;939933
Key Down;Z;943533
Key Down;Espace;943869
Key Up;Espace;946533
Key Up;Z;946565
Key Down;Z;947261
Key Down;Espace;948549
Key Up;Espace;949493
Key Up;Z;949724
Key Down;Z;950453
Key Down;Espace;950781
Key Up;Espace;953173
Key Up;Z;953309
Key Down;Z;953333
Key Down;Espace;953349
Key Up;Espace;953485
Key Up;Z;953493
Key Down;Z;957541
Key Up;Z;958837
Key Down;Z;960372
Key Up;Z;961141
Key Down;Z;963637
Key Up;Z;965405
Key Down;F;969508
Key Up;F;969580
Key Down;F;990084
Key Up;F;990140
Key Down;F;992668
Key Up;F;992732
Key Down;F;1014092
Key Up;F;1014156
Key Down;Espace;1031380
Key Up;Espace;1031444
Key Down;F;1044796
Key Up;F;1044852
Key Down;F;1050837
Key Up;F;1050893
Key Down;F;1053364
Key Up;F;1053460
Key Down;F;1060900
Key Up;F;1060980
Key Down;F;1074676
Key Up;F;1074740
Key Down;F;1108244
Key Up;F;1108300
Key Down;Espace;1112828
Key Up;Espace;1112939
Key Down;Z;1117284
Key Down;Espace;1117492
Key Up;Espace;1117812
Key Up;Z;1117852
Key Down;Z;1117884
Key Down;Espace;1117940
Key Up;Espace;1121580
Key Up;Z;1121636
Key Down;Left Meta;1122196
Key Up;Left Meta;1122660
Key Down;Left Control;1122932
Key Up;Left Control;1127020
Key Down;Z;1127724
Key Down;A;1127732
Key Up;A;1127780
Key Down;Espace;1128076
Key Up;Espace;1128172
Key Up;Z;1128220
Key Down;Left Control;1130052
Key Down;Espace;1132484
Key Up;Espace;1133004
Key Up;Left Control;1133012
Key Down;Z;1134060
Key Down;Espace;1134308
Key Up;Espace;1134844
Key Up;Z;1134876
Key Down;Z;1135308
Key Down;Espace;1135660
Key Up;Espace;1136380
Key Up;Z;1136436
Key Down;Left Control;1137475
Key Down;X;1144292
Key Up;X;1144436
Key Up;Left Control;1146468
Key Down;Z;1147556
Key Down;Espace;1147708
Key Up;Espace;1150956
Key Up;Z;1150972
Key Down;X;1152779
Key Up;X;1152827
Key Down;Echap;1153955
Key Up;Echap;1154012
Key Down;Echap;1272043
Key Up;Echap;1272139
Key Down;Z;1274739
Key Down;Espace;1274923
Key Up;Z;1277587
Key Down;Z;1277699
Key Up;Espace;1280283
Key Up;Z;1280363
Key Down;X;1281379
Key Up;X;1281435
Key Down;Z;1288651
Key Down;Espace;1289059
Key Up;Espace;1290115
Key Up;Z;1290179
Key Down;Z;1293139
Key Down;Espace;1293651
Key Up;Espace;1294147
Key Up;Z;1294235
Key Down;Z;1295619
Key Up;Z;1296355
Key Down;X;1297035
Key Up;X;1297107
Key Down;Z;1298779
Key Up;Z;1301122
Key Down;Z;1305307
Key Down;Espace;1305939
Key Up;Espace;1310050
Key Up;Z;1310058
Key Down;Z;1310539
Key Down;Espace;1310851
Key Up;Z;1313499
Key Up;Espace;1313515
Key Down;Z;1315499
Key Down;Espace;1315794
Key Up;Espace;1325579
Key Down;Espace;1325707
Key Up;Espace;1325843
Key Up;Z;1326003
Key Down;Z;1329803
Key Up;Z;1330715
Key Down;Z;1330899
Key Down;Espace;1331442
Key Up;Espace;1332043
Key Up;Z;1332099
Key Down;Z;1333187
Key Up;Z;1334635
Key Down;Z;1336491
Key Down;Espace;1344499
Key Up;Espace;1348267
Key Up;Z;1348443
Key Down;Espace;1348475
Key Up;Espace;1348595
Key Down;Z;1353891
Key Down;Espace;1354331
Key Up;Espace;1355443
Key Up;Z;1355531
Key Down;Z;1356138
Key Down;Espace;1356418
Key Up;Espace;1363643
Key Up;Z;1363691
Key Down;Z;1364114
Key Down;Espace;1364363
Key Up;Z;1372834
Key Up;Espace;1372842
Key Down;Z;1374035
Key Down;Espace;1374306
Key Up;Espace;1376954
Key Up;Z;1376994
Key Down;Z;1377970
Key Down;Espace;1378242
Key Up;Z;1378699
Key Up;Espace;1378739
Key Down;Z;1380051
Key Up;Z;1381147
Key Down;Z;1382154
Key Up;Z;1382739
Key Down;Z;1384019
Key Up;Z;1384171
Key Down;F;1386819
Key Up;F;1386883
Key Down;Espace;1387915
Key Up;Espace;1388970
Key Down;Z;1391082
Key Down;Espace;1391371
Key Up;Espace;1392274
Key Up;Z;1392458
Key Down;Z;1394467
Key Up;Z;1394803
Key Down;Z;1396506
Key Up;Z;1396826
Key Down;Z;1398451
Key Down;Espace;1398723
Key Up;Espace;1399162
Key Up;Z;1399210
Key Down;Z;1401587
Key Up;Z;1403690
Key Down;F;1405066
Key Up;F;1405203
Key Down;Espace;1405491
Key Up;Espace;1407706
Key Down;Z;1410475
Key Up;Z;1410930
Key Down;Z;1411643
Key Up;Z;1411787
Key Down;Z;1433938
Key Down;Espace;1434586
Key Up;Espace;1442659
Key Up;Z;1442675
Key Down;X;1443178
Key Up;X;1443362
Key Down;Z;1444362
Key Up;Z;1451818
Key Down;Left Control;1452122
Key Up;Left Control;1454754
Key Down;Left Control;1462426
Key Up;Left Control;1464458
Key Down;Z;1466026
Key Down;Espace;1466331
Key Up;Z;1471098
Key Up;Espace;1471106
Key Down;X;1478514
Key Up;X;1478570
Key Down;Z;1479186
Key Down;Espace;1479450
Key Up;Espace;1482674
Key Up;Z;1482722
Key Down;Z;1486210
Key Up;Z;1487274
Key Down;Z;1491538
Key Up;Z;1492474
Key Down;F;1501666
Key Up;F;1501738
Key Down;Espace;1502082
Key Up;Espace;1505114
Key Down;Z;1617457
Key Up;Z;1617761
Key Down;Espace;1618034
Key Up;Espace;1618609
Key Down;Z;1618729
Key Down;Espace;1619257
Key Up;Espace;1619329
Key Up;Z;1619466
Key Down;Left Control;1620465
Key Down;Z;1620657
Key Up;Left Control;1621353
Key Down;Espace;1622057
Key Up;Z;1630601
Key Up;Espace;1630633
Key Down;F;1632361
Key Up;F;1632433
Key Down;Espace;1633449
Key Up;Espace;1635665
Key Down;Left Control;1636393
Key Down;Z;1637353
Key Up;Left Control;1644353
Key Up;Z;1644506
Key Down;Z;1650753
Key Down;Espace;1650969
Key Up;Espace;1653209
Key Up;Z;1653313
Key Down;Z;1654473
Key Down;Espace;1654505
Key Up;Espace;1656522
Key Up;Z;1656649
Key Down;Left Control;1658065
Key Up;Left Control;1660097
Key Down;Espace;1661681
Key Up;Espace;1662114
Key Down;D;1663353
Key Up;D;1663977
Key Down;Z;1666761
Key Up;Z;1667065
Key Down;F;1668017
Key Down;Espace;1668297
Key Up;F;1671137
Key Up;Espace;1671209
Key Down;Espace;1671409
Key Up;Espace;1671609
Key Down;Z;1672330
Key Down;Espace;1672553
Key Up;Espace;1673489
Key Up;Z;1673754
Key Down;Z;1674049
Key Up;Z;1674809
Key Down;Left Control;1681009
Key Up;Left Control;1681145
Key Down;Q;1682537
Key Down;Z;1682897
Key Up;Q;1682945
Key Up;Z;1683361
Key Down;Espace;1691041
Key Up;Espace;1691185
Key Down;X;1695889
Key Up;X;1695953
Key Down;Left Control;1700929
Key Up;Left Control;1701105
Key Down;Left Control;1709025
Key Up;Left Control;1713128
Key Down;Z;1717001
Key Down;Espace;1717168
Key Up;Z;1719753
Key Up;Espace;1719849
Key Down;Left Control;1720112
Key Down;Z;1720529
Key Up;Left Control;1720617
Key Down;Left Control;1720905
Key Down;Espace;1721089
Key Up;Left Control;1722577
Key Down;Left Control;1722840
Key Up;Left Control;1723673
Key Up;Espace;1723753
Key Up;Z;1723825
Key Down;Z;1723905
Key Up;Z;1724953
Key Down;Tab;1740465
Key Up;Tab;1740529
Key Down;Entrée;1746512
Key Up;Entrée;1746568
Key Down;Entrée;1751441
Key Up;Entrée;1751489
Key Down;Echap;1759201
Key Up;Echap;1759296
Key Down;Tab;1762265
Key Up;Tab;1762321
Key Down;Echap;1767785
Key Up;Echap;1767849
Key Down;X;1769072
Key Up;X;1769136
Key Down;Z;1771297
Key Down;Espace;1771464
Key Up;Espace;1774360
Key Up;Z;1774504
Key Down;Espace;1774512
Key Up;Espace;1774688
Key Down;X;1784128
Key Up;X;1784176
Key Down;Left Control;1787416
Key Down;Z;1787753
Key Up;Left Control;1796856
Key Up;Z;1796880
Key Down;Left Control;1802128
Key Up;Left Control;1805496
Key Down;X;1812624
Key Up;X;1812688
Key Down;Z;1814985
Key Down;Espace;1815208
Key Up;Espace;1817384
Key Up;Z;1817569
Key Down;Z;1820904
Key Up;Z;1821241
Key Down;Z;1824808
Key Down;Espace;1826512
Key Up;Espace;1833256
Key Up;Z;1833352
Key Down;Z;1834168
Key Up;Z;1837441
Key Down;Z;1838737
Key Up;Z;1841304
Key Down;Z;1843968
Key Up;Z;1844560
Key Down;Z;1846608
Key Up;Z;1846792
Key Down;Z;1850576
Key Up;Z;1853600
Key Down;Z;1855560
Key Up;Z;1861080
Key Down;Z;1891855
Key Up;Z;1892464
Key Down;Z;1892840
Key Up;Z;1893056
Key Down;Z;1893480
Key Up;Z;1893680
Key Down;X;1896896
Key Up;X;1896960
Key Down;Z;1901896
Key Up;Z;1903552
Key Down;X;1913008
Key Up;X;1913056
Key Down;Z;1915144
Key Down;Espace;1916768
Key Up;Espace;1918663
Key Down;Espace;1918872
Key Up;Espace;1922208
Key Up;Z;1922384
Key Down;Z;1923295
Key Down;Espace;1924256
Key Up;Espace;1925776
Key Up;Z;1925936
Key Down;Z;1926584
Key Up;Z;1927543
Key Down;Z;1927904
Key Down;Espace;1930247
Key Up;Espace;1932352
Key Up;Z;1932448
Key Down;Z;1935704
Key Up;Z;1935872
Key Down;Z;1939199
Key Up;Z;1939968
Key Down;Left Control;1944863
Key Up;Left Control;1945568
Key Down;F;1957319
Key Up;F;1957631
Key Down;Espace;1957639
Key Up;Espace;1959928
Key Down;Z;1962447
Key Up;Z;1964768
Key Down;Z;1965480
Key Up;Z;1965831
Key Down;Z;1967239
Key Up;Z;1969703
Key Down;Z;1971928
Key Up;Z;1972295
Key Down;Z;1976120
Key Up;Z;1976687
Key Down;Z;1987696
Key Up;Z;1988319
Key Down;Left Control;1993999
Key Down;S;1994400
Key Up;Left Control;1994712
Key Up;S;1995711
Key Down;Z;1998967
Key Up;Z;2000383
Key Down;Z;2003055
Key Up;Z;2004911
Key Down;Z;2005424
Key Up;Z;2005631
Key Down;Z;2006271
Key Up;Z;2006656
Key Down;Z;2010199
Key Down;Espace;2010455
Key Up;Espace;2010847
Key Up;Z;2010943
Key Down;Z;2012231
Key Down;Espace;2015216
Key Up;Espace;2016879
Key Up;Z;2016943
Key Down;Z;2017560
Key Up;Z;2020440
Key Down;Z;2026335
Key Up;Z;2027879
Key Down;Espace;2028047
Key Up;Espace;2028135
Key Down;Z;2033655
Key Down;Espace;2034560
Key Up;Z;2036863
Key Up;Espace;2036903
Key Down;Z;2042463
Key Down;Espace;2042799
Key Up;Espace;2044847
Key Up;Z;2044887
Key Down;X;2047631
Key Up;X;2047696
Key Down;Z;2051759
Key Up;Z;2052511
Key Down;D;2080255
Key Up;D;2081359
Key Down;X;2082686
Key Up;X;2082742
Key Down;Z;2084239
Key Up;Z;2084839
Key Down;Z;2087223
Key Down;Espace;2087615
Key Up;Espace;2092103
Key Up;Z;2092215
Key Down;Z;2096855
Key Down;Espace;2097127
Key Up;Espace;2098407
Key Up;Z;2098447
Key Down;Z;2100039
Key Down;Espace;2100351
Key Up;Espace;2107367
Key Up;Z;2107407
Key Down;X;2108935
Key Up;X;2108991
Key Down;Z;2110527
Key Up;Z;2111183
Key Down;Z;2179798
Key Up;Z;2180662
Key Down;Espace;2180854
Key Up;Espace;2180950
Key Down;Entrée;2213366
Key Up;Entrée;2213447
Key Down;NumPad 4;2225678
Key Up;NumPad 4;2225742
Key Down;NumPad 4;2227478
Key Up;NumPad 4;2227846
Key Down;Z;2249510
Key Up;Z;2250855
Key Down;Z;2253390
Key Up;Z;2254134
Key Down;Z;2254878
Key Up;Z;2256318
Key Down;Z;2256606
Key Up;Z;2256822
Key Down;X;2257638
Key Up;X;2257710
Key Down;Z;2266830
Key Down;Espace;2267165
Key Up;Espace;2268174
Key Up;Z;2268246
Key Down;Z;2268526
Key Up;Z;2269198
Key Down;Z;2285373
Key Up;Z;2287758
Key Down;Z;2288502
Key Up;Z;2290718
Key Down;X;2294782
Key Up;X;2294846
Key Down;Z;2309573
Key Down;Espace;2311094
Key Up;Espace;2315854
Key Up;Z;2315926
Key Down;Z;2321022
Key Up;Z;2321310
Key Down;Z;2323470
Key Up;Z;2325157
Key Down;Z;2327302
Key Up;Z;2327957
Key Down;Z;2334110
Key Up;Z;2336022
Key Down;Z;2336677
Key Up;Z;2348870
Key Down;Espace;2349637
Key Up;Espace;2349790
Key Down;Z;2351173
Key Down;Espace;2353478
Key Up;Z;2355878
Key Up;Espace;2355974
Key Down;Z;2357262
Key Up;Z;2357374
Key Down;Left Control;2360677
Key Down;O;2361494
Key Up;O;2361720
Key Up;Left Control;2364021
Key Down;Left Control;2364142
Key Up;Left Control;2364230
Key Down;Left Control;2364350
Key Up;Left Control;2364502
Key Down;Left Control;2364582
Key Up;Left Control;2364869
Key Down;Left Control;2364965
Key Up;Left Control;2365093
Key Down;Espace;2365285
Key Up;Espace;2365366
Key Down;Espace;2365462
Key Up;Espace;2365534
Key Down;Espace;2365614
Key Up;Espace;2365669
Key Down;Espace;2365765
Key Up;Espace;2365805
Key Down;Espace;2365901
Key Up;Espace;2365957
Key Down;Espace;2366045
Key Up;Espace;2366101
Key Down;Espace;2366213
Key Up;Espace;2366269
Key Down;Espace;2366382
Key Up;Espace;2366438
Key Down;Espace;2366550
Key Up;Espace;2366614
Key Down;Espace;2366726
Key Up;Espace;2366790
Key Down;Espace;2366894
Key Up;Espace;2366974
Key Down;Espace;2367077
Key Up;Espace;2367149
Key Down;Espace;2367253
Key Up;Espace;2367317
Key Down;Espace;2367421
Key Up;Espace;2367493
Key Down;Espace;2367597
Key Up;Espace;2367677
Key Down;Espace;2367774
Key Up;Espace;2367854
Key Down;Left Control;2369893
Key Up;Left Control;2372805
Key Down;D;2378574
Key Down;Z;2378982
Key Up;D;2379062
Key Up;Z;2381205
Key Down;Z;2388934
Key Down;Espace;2389861
Key Up;Espace;2390253
Key Up;Z;2391333
Key Down;Z;2393150
Key Up;Z;2393621
Key Down;Z;2396230
Key Up;Z;2398478
Key Down;Z;2398846
Key Up;Z;2400253
Key Down;F;2437381
Key Down;Espace;2437645
Key Up;F;2439501
Key Up;Espace;2439597
Key Down;Z;2441957
Key Up;Z;2442373
Key Down;Left Control;2451317
Key Up;Left Control;2453645
Key Down;Left Control;2456733
Key Up;Left Control;2458933
Key Down;Z;2460764
Key Down;Espace;2460957
Key Up;Z;2463773
Key Up;Espace;2463797
Key Down;Left Control;2464173
Key Up;Left Control;2466453
Key Down;Z;2469341
Key Down;Espace;2469781
Key Up;Z;2470949
Key Up;Espace;2470997
Key Down;Left Control;2475532
Key Up;Left Control;2477501
Key Down;Z;2478133
Key Down;Espace;2478316
Key Up;Espace;2478757
Key Up;Z;2478861
Key Down;Left Control;2482572
Key Up;Left Control;2484661
Key Down;Left Control;2488789
Key Up;Left Control;2490909
Key Down;Z;2510804
Key Down;Espace;2511333
Key Up;Espace;2511885
Key Up;Z;2511925
Key Down;Espace;2514493
Key Up;Espace;2514829
Key Down;Z;2516877
Key Up;Z;2517404
Key Down;Espace;2517428
Key Up;Espace;2517668
Key Down;Espace;2520133
Key Up;Espace;2520285
Key Down;Z;2521269
Key Up;Z;2522164
Key Down;A;2522685
Key Up;A;2522749
Key Down;Z;2522949
Key Up;Z;2523733
Key Down;A;2524533
Key Up;A;2524756
Key Down;Z;2525061
Key Down;Espace;2525405
Key Up;Espace;2526205
Key Up;Z;2526245
Key Down;Z;2527493
Key Up;Z;2527748
Key Down;Z;2527828
Key Down;Espace;2528220
Key Up;Espace;2528477
Key Down;Espace;2528693
Key Up;Espace;2528821
Key Up;Z;2528901
Key Down;Non défini;2529300
Key Down;Q;2529428
Key Up;Non défini;2529556
Key Up;Q;2529628
Key Down;Non défini;2529861
Key Down;Left Meta;2529925
Key Up;Left Meta;2530021
Key Up;Non défini;2530037
Key Down;A;2530876
Key Down;Q;2530884
Key Up;A;2531021
Key Down;Z;2531277
Key Up;Q;2531349
Key Down;Espace;2531652
Key Up;Espace;2531740
Key Down;Espace;2532004
Key Up;Espace;2532205
Key Down;D;2532445
Key Up;Z;2532789
Key Up;D;2532797
Key Down;F;2534357
Key Down;Espace;2534612
Key Up;F;2536076
Key Up;Espace;2536116
Key Down;Z;2541404
Key Down;Espace;2541781
Key Up;Espace;2543181
Key Up;Z;2543285
Key Down;Z;2543732
Key Down;Espace;2544012
Key Up;Espace;2545829
Key Down;Espace;2545845
Key Up;Espace;2545885
Key Down;Espace;2547492
Key Up;Espace;2549565
Key Up;Z;2549629
Key Down;Z;2551053
Key Up;Z;2551812
Key Down;Z;2552764
Key Up;Z;2553060
Key Down;X;2554404
Key Up;X;2554460
Key Down;Left Control;2555388
Key Up;Left Control;2555564
Key Down;Q;2556868
Key Up;Q;2557164
Key Down;Z;2557404
Key Up;Z;2557524
Key Down;D;2558244
Key Up;D;2558428
Key Down;Z;2558916
Key Up;Z;2559053
Key Down;Q;2593252
Key Up;Q;2593524
Key Down;Q;2593708
Key Down;D;2595124
Key Up;Q;2595132
Key Up;D;2598237
Key Down;Q;2598245
Key Up;Q;2598477
Key Down;Q;2599372
Key Up;Q;2599524
Key Down;D;2600188
Key Up;D;2600340
Key Down;D;2600804
Key Up;D;2600988
Key Down;D;2601476
Key Up;D;2601644
Key Down;D;2602252
Key Up;D;2602412
Key Down;D;2602820
Key Up;D;2602956
Key Down;D;2603196
Key Up;D;2603716
Key Down;D;2603941
Key Up;D;2604109
Key Down;D;2604724
Key Up;D;2604852
Key Down;D;2605629
Key Up;D;2605708
Key Down;D;2607236
Key Up;D;2607316
Key Down;D;2607836
Key Up;D;2608189
Key Down;D;2608788
Key Up;D;2608868
Key Down;D;2609516
Key Up;D;2609589
Key Down;D;2610132
Key Up;D;2610252
Key Down;D;2610757
Key Up;D;2610884
Key Down;D;2611340
Key Up;D;2611676
Key Down;D;2611941
Key Up;D;2612300
Key Down;Q;2612724
Key Up;Q;2613332
Key Down;Q;2614124
Key Up;Q;2614252
Key Down;Q;2614812
Key Up;Q;2614956
Key Down;D;2615708
Key Up;D;2615829
Key Down;Q;2617269
Key Up;Q;2617428
Key Down;D;2618060
Key Up;D;2618428
Key Down;D;2619340
Key Up;D;2619500
Key Down;D;2619924
Key Up;D;2620053
Key Down;D;2620356
Key Up;D;2620532
Key Down;D;2620676
Key Up;D;2620852
Key Down;D;2620972
Key Down;Q;2622893
Key Up;D;2622917
Key Up;Q;2623308
Key Down;Q;2624277
Key Up;Q;2624420
Key Down;Q;2624900
Key Up;Q;2625068
Key Down;Q;2625404
Key Up;Q;2625564
Key Down;Q;2625876
Key Up;Q;2626012
Key Down;Q;2626292
Key Up;Q;2626444
Key Down;S;2626740
Key Up;S;2626908
Key Down;S;2627173
Key Up;S;2627300
Key Down;S;2627564
Key Up;S;2627700
Key Down;S;2627988
Key Up;S;2628164
Key Down;D;2629284
Key Up;D;2629420
Key Down;D;2629724
Key Up;D;2629852
Key Down;D;2630076
Key Up;D;2630228
Key Down;D;2630436
Key Up;D;2630596
Key Down;D;2630788
Key Up;D;2630900
Key Down;D;2631132
Key Up;D;2631268
Key Down;D;2631500
Key Up;D;2631636
Key Down;D;2631860
Key Up;D;2631988
Key Down;D;2632356
Key Up;D;2632452
Key Down;D;2632852
Key Up;D;2632932
Key Down;D;2633396
Key Up;D;2633508
Key Down;D;2633892
Key Up;D;2633948
Key Down;D;2634292
Key Up;D;2634372
Key Down;D;2634740
Key Up;D;2634844
Key Down;D;2635236
Key Up;D;2635388
Key Down;D;2635796
Key Up;D;2635980
Key Down;D;2636492
Key Up;D;2636668
Key Down;D;2636972
Key Up;D;2637124
Key Down;Q;2637380
Key Up;Q;2637532
Key Down;Q;2637756
Key Up;Q;2637892
Key Down;Q;2638132
Key Up;Q;2638276
Key Down;Q;2638445
Key Up;Q;2638604
Key Down;Q;2638780
Key Up;Q;2638924
Key Down;Q;2639076
Key Up;Q;2639268
Key Down;Q;2639492
Key Up;Q;2639644
Key Down;Q;2640460
Key Up;Q;2640604
Key Down;Q;2640804
Key Up;Q;2640940
Key Down;Q;2641108
Key Up;Q;2641268
Key Down;Q;2641452
Key Up;Q;2641628
Key Down;Q;2641804
Key Up;Q;2641964
Key Down;Q;2642132
Key Up;Q;2642316
Key Down;Q;2642460
Key Up;Q;2643540
Key Down;Q;2643916
Key Up;Q;2644732
Key Down;D;2646092
Key Up;D;2646780
Key Down;D;2647572
Key Up;D;2647716
Key Down;D;2648436
Key Up;D;2648556
Key Down;D;2649524
Key Up;D;2649684
Key Down;Q;2649972
Key Up;Q;2650372
Key Down;Q;2652252
Key Up;Q;2652364
Key Down;Q;2654084
Key Up;Q;2654196
Key Down;Q;2655316
Key Up;Q;2655412
Key Down;D;2656308
Key Up;D;2656428
Key Down;D;2657172
Key Up;D;2657300
Key Down;D;2658020
Key Up;D;2658148
Key Down;Echap;2659388
Key Up;Echap;2659500
Key Down;Z;2675316
Key Down;Espace;2675636
Key Up;Espace;2677556
Key Up;Z;2677588
Key Down;Z;2679668
Key Down;Espace;2680011
Key Up;Espace;2683043
Key Up;Z;2683148
Key Down;Z;2683324
Key Down;Espace;2683668
Key Up;Z;2690611
Key Up;Espace;2690619
Key Down;Espace;2690796
Key Up;Espace;2690940
Key Down;Z;2694100
Key Up;Z;2694620
Key Down;Z;2695492
Key Up;Z;2696772
Key Down;Z;2696948
Key Down;Espace;2698108
Key Up;Espace;2700772
Key Up;Z;2700796
Key Down;Z;2701867
Key Up;Z;2702156
Key Down;X;2703227
Key Up;X;2703267
Key Down;Z;2706164
Key Down;Espace;2706356
Key Up;Espace;2710115
Key Up;Z;2710131
Key Down;Z;2710476
Key Down;Espace;2710700
Key Up;Z;2711291
Key Up;Espace;2711395
Key Down;Espace;2711892
Key Down;Z;2711948
Key Up;Z;2712779
Key Up;Espace;2712787
Key Down;Z;2714460
Key Up;Z;2714684
Key Down;D;2721796
Key Up;D;2722803
Key Down;D;2723172
Key Up;D;2724043
Key Down;Q;2724460
Key Up;Q;2724676
Key Down;Q;2725148
Key Up;Q;2725283
Key Down;Q;2725691
Key Up;Q;2725836
Key Down;Q;2726132
Key Up;Q;2726292
Key Down;Z;2734732
Key Up;Z;2735307
Key Down;D;2736012
Key Down;Z;2736428
Key Up;D;2736436
Key Up;Z;2737620
Key Down;D;2741291
Key Up;D;2741675
Key Down;Z;2741963
Key Up;Z;2742676
Key Down;Q;2743011
Key Up;Q;2743243
Key Down;Z;2743540
Key Up;Z;2743788
Key Down;Z;2744275
Key Up;Z;2744691
Key Down;Z;2744836
Key Down;Espace;2745908
Key Up;Espace;2746843
Key Up;Z;2746931
Key Down;Z;2747260
Key Up;Z;2747612
Key Down;Z;2749044
Key Up;Z;2749547
Key Down;Z;2750667
Key Up;Z;2751243
Key Down;Z;2752227
Key Down;Espace;2753667
Key Up;Espace;2756644
Key Up;Z;2756780
Key Down;Z;2758467
Key Up;Z;2760275
Key Down;Z;2761811
Key Down;Espace;2763907
Key Up;Espace;2765011
Key Up;Z;2765123
Key Down;Z;2766483
Key Down;Espace;2767164
Key Up;Espace;2769652
Key Up;Z;2769804
Key Down;Z;2770747
Key Up;Z;2771499
Key Down;Z;2771771
Key Up;Z;2771987
Key Down;Left Control;2774035
Key Up;Left Control;2776763
Key Down;X;2783507
Key Up;X;2783564
Key Down;Z;2788148
Key Up;Z;2788995
Key Down;Z;2789564
Key Down;Espace;2790115
Key Up;Espace;2790980
Key Up;Z;2790988
Key Down;Z;2792220
Key Down;Espace;2795531
Key Up;Espace;2795771
Key Up;Z;2795835
Key Down;Left Control;2799875
Key Up;Left Control;2802036
Key Down;Z;2803715
Key Up;Z;2805067
Key Down;Espace;2806163
Key Up;Espace;2807091
Key Down;Z;2807579
Key Down;Espace;2808331
Key Up;Espace;2810315
Key Up;Z;2810387
Key Down;Z;2815787
Key Up;Z;2816244
Key Down;Z;2817099
Key Down;Espace;2817499
Key Up;Espace;2818347
Key Up;Z;2818427
Key Down;Z;2820355
Key Down;Espace;2820627
Key Up;Espace;2825067
Key Up;Z;2825107
Key Down;Z;2826203
Key Down;Espace;2826363
Key Up;Espace;2831411
Key Up;Z;2833059
Key Down;Z;2833403
Key Down;Espace;2833531
Key Up;Espace;2835515
Key Up;Z;2835531
Key Down;Z;2837955
Key Up;Z;2838459
Key Down;D;2857883
Key Up;D;2858171
Key Down;Z;2858179
Key Down;D;2860235
Key Up;D;2860539
Key Up;Z;2861811
Key Down;Z;2862131
Key Up;Z;2862315
Key Down;Z;2862874
Key Up;Z;2863083
Key Down;D;2877643
Key Up;D;2878971
Key Down;Z;2879131
Key Up;Z;2879651
Key Down;Z;2884195
Key Up;Z;2885819
Key Down;Z;2886299
Key Up;Z;2886635
Key Down;Z;2891187
Key Down;Espace;2891530
Key Up;Espace;2894123
Key Up;Z;2894179
Key Down;X;2896859
Key Up;X;2896915
Key Down;Z;2902779
Key Down;Espace;2906522
Key Up;Espace;2908251
Key Up;Z;2908355
Key Down;Z;2909082
Key Down;Espace;2909651
Key Up;Espace;2910323
Key Up;Z;2910331
Key Down;D;2921922
Key Up;D;2922603
Key Down;Q;2923282
Key Up;Q;2923466
Key Down;Z;2930419
Key Down;Espace;2931186
Key Up;Z;2933099
Key Up;Espace;2933227
Key Down;X;2936858
Key Up;X;2936914
Key Down;Z;2951155
Key Up;Z;2951770
Key Down;Z;2951930
Key Down;Espace;2953474
Key Up;Espace;2954498
Key Up;Z;2954506
Key Down;Z;2955066
Key Down;Espace;2955755
Key Up;Espace;2957011
Key Up;Z;2958331
Key Down;Z;2958443
Key Down;Espace;2958730
Key Up;Espace;2959314
Key Up;Z;2961043
Key Down;Espace;2961379
Key Up;Espace;2961578
Key Down;Z;2962210
Key Down;Espace;2962666
Key Up;Espace;2964235
Key Up;Z;2964339
Key Down;X;2965226
Key Up;X;2965290
Key Down;Z;2965906
Key Down;Espace;2966242
Key Up;Espace;2968474
Key Up;Z;2968530
Key Down;Z;2971827
Key Down;Espace;2972058
Key Up;Espace;2973610
Key Up;Z;2973650
Key Down;Z;2974226
Key Down;Espace;2974403
Key Up;Espace;2977931
Key Up;Z;2977971
Key Down;Z;2978650
Key Up;Z;2979218
Key Down;Z;2979411
Key Down;Espace;2979699
Key Up;Z;2984010
Key Up;Espace;2984018
Key Down;Z;2989883
Key Down;Espace;2990043
Key Up;Espace;2992723
Key Up;Z;2992755
Key Down;Z;2993330
Key Down;Espace;2993458
Key Up;Espace;2995986
Key Up;Z;2996010
Key Down;Z;2997194
Key Down;Espace;2997482
Key Up;Z;2998066
Key Up;Espace;2998074
Key Down;Z;3000130
Key Down;Espace;3000490
Key Up;Espace;3000578
Key Up;Z;3000642
Key Down;Z;3001522
Key Down;Espace;3001994
Key Up;Espace;3002458
Key Up;Z;3002706
Key Down;Z;3003410
Key Down;Espace;3003802
Key Up;Espace;3004050
Key Up;Z;3004218
Key Down;Z;3005266
Key Down;Espace;3005450
Key Up;Espace;3005858
Key Up;Z;3006954
Key Down;Z;3012738
Key Down;Espace;3012930
Key Up;Z;3013130
Key Up;Espace;3013146
Key Down;Z;3013234
Key Up;Z;3013378
Key Down;Z;3013483
Key Up;Z;3013602
Key Down;Z;3013706
Key Up;Z;3013826
Key Down;Z;3013922
Key Up;Z;3014290
Key Down;Z;3014458
Key Down;Espace;3016274
Key Up;Z;3020778
Key Up;Espace;3020802
Key Down;Z;3028522
Key Up;Z;3028746
Key Down;Z;3032002
Key Down;Espace;3032274
Key Up;Z;3033315
Key Up;Espace;3033330
Key Down;Z;3037898
Key Down;Espace;3038090
Key Up;Espace;3039842
Key Up;Z;3039866
Key Down;Z;3041098
Key Down;Espace;3041226
Key Up;Espace;3043546
Key Up;Z;3043554
Key Down;Z;3073081
Key Down;Espace;3073242
Key Up;Z;3076042
Key Up;Espace;3076050
Key Down;X;3077778
Key Up;X;3077914
Key Down;Z;3081570
Key Down;Espace;3082089
Key Up;Espace;3082506
Key Up;Z;3082866
Key Down;Z;3092762
Key Up;Z;3093186
Key Down;X;3094809
Key Up;X;3094865
Key Down;Z;3095394
Key Down;Espace;3096066
Key Up;Espace;3097098
Key Up;Z;3097122
Key Down;Z;3097938
Key Down;Espace;3098106
Key Up;Espace;3100762
Key Up;Z;3100770
Key Down;D;3105954
Key Up;D;3106065
Key Down;D;3106297
Key Up;D;3106409
Key Down;D;3106498
Key Up;D;3106594
Key Down;D;3106658
Key Up;D;3107553
Key Down;D;3107986
Key Up;D;3108074
Key Down;Q;3108234
Key Up;Q;3108738
Key Down;Q;3109194
Key Up;Q;3109346
Key Down;D;3109945
Key Up;D;3110065
Key Down;D;3110161
Key Up;D;3110274
Key Down;D;3110362
Key Up;D;3110442
Key Down;D;3110602
Key Up;D;3110714
Key Down;D;3110866
Key Up;D;3110970
Key Down;D;3111074
Key Up;D;3111201
Key Down;D;3111289
Key Up;D;3111401
Key Down;D;3111497
Key Up;D;3111633
Key Down;D;3111722
Key Up;D;3111842
Key Down;D;3111938
Key Up;D;3112050
Key Down;D;3112282
Key Up;D;3112442
Key Down;D;3112474
Key Up;D;3112945
Key Down;D;3113065
Key Up;D;3113858
Key Down;D;3114081
Key Up;D;3114289
Key Down;Q;3114746
Key Up;Q;3115457
Key Down;D;3116274
Key Up;D;3116466
Key Down;D;3117233
Key Up;D;3117329
Key Down;Z;3124906
Key Down;Espace;3125114
Key Up;Espace;3127978
Key Up;Z;3127985
Key Down;X;3129521
Key Up;X;3129569
Key Down;X;3137873
Key Up;X;3137937
Key Down;Z;3138418
Key Down;Espace;3139858
Key Up;Espace;3141689
Key Up;Z;3141753
Key Down;Z;3142770
Key Up;Z;3143129
Key Down;Z;3144138
Key Up;Z;3144633
Key Down;Z;3145193
Key Down;Espace;3145538
Key Up;Espace;3146321
Key Up;Z;3146329
Key Down;Z;3147194
Key Up;Z;3148562
Key Down;Z;3154657
Key Down;Espace;3155097
Key Up;Z;3160626
Key Up;Espace;3160634
Key Down;Espace;3162457
Key Down;Z;3163201
Key Up;Espace;3163577
Key Up;Z;3164506
Key Down;Z;3164817
Key Up;Z;3165297
Key Down;Z;3165730
Key Down;Espace;3166018
Key Up;Espace;3166633
Key Up;Z;3167362
Key Down;Z;3167561
Key Up;Z;3168153
Key Down;Z;3168721
Key Up;Z;3169017
Key Down;Z;3169745
Key Down;Espace;3170561
Key Up;Espace;3172513
Key Up;Z;3172673
Key Down;Espace;3173785
Key Down;Z;3174385
Key Up;Espace;3174889
Key Down;Espace;3180129
Key Up;Espace;3181882
Key Up;Z;3181890
Key Down;Z;3187321
Key Down;Espace;3187537
Key Up;Espace;3189057
Key Up;Z;3189177
Key Down;Z;3191594
Key Up;Z;3191713
Key Down;Z;3204481
Key Down;Espace;3204705
Key Up;Z;3206554
Key Up;Espace;3206593
Key Down;Z;3208121
Key Down;Espace;3208273
Key Up;Espace;3209921
Key Up;Z;3209945
Key Down;Z;3211545
Key Down;Espace;3211681
Key Up;Espace;3213081
Key Up;Z;3213105
Key Down;Z;3216337
Key Down;Espace;3216417
Key Up;Espace;3217777
Key Up;Z;3217809
Key Down;Z;3218361
Key Down;Espace;3218409
Key Up;Espace;3218937
Key Up;Z;3219025
Key Down;Z;3219609
Key Down;Espace;3220041
Key Up;Espace;3220601
Key Up;Z;3220657
Key Down;Z;3221225
Key Down;Espace;3221297
Key Up;Espace;3221873
Key Down;Espace;3222865
Key Up;Espace;3224673
Key Up;Z;3224889
Key Down;Z;3225249
Key Down;Espace;3225417
Key Up;Espace;3226521
Key Up;Z;3226593
Key Down;Z;3228593
Key Down;Espace;3228881
Key Up;Espace;3232329
Key Up;Z;3232489
Key Down;Z;3233401
Key Down;Espace;3233537
Key Up;Espace;3235369
Key Up;Z;3235489
