Event;Key;Time
Key Down;D;3521
Key Up;D;4289
Key Down;D;4345
Key Down;S;4905
Key Up;S;5377
Key Down;Z;5769
Key Up;D;7849
Key Down;D;8209
Key Up;Z;8281
Key Down;Z;9025
Key Up;D;9089
Key Down;Q;9433
Key Up;Q;9945
Key Down;E;10177
Key Up;Z;10193
Key Up;E;10273
Key Down;D;18857
Key Down;S;18889
Key Up;D;19225
Key Down;Q;19905
Key Up;S;20041
Key Down;Z;20697
Key Up;Q;22017
Key Down;Q;24481
Key Up;Q;24593
Key Up;Z;26145
Key Down;S;32513
Key Down;Q;32857
Key Up;S;33136
Key Up;Q;33889
Key Down;Q;35193
Key Down;S;35209
Key Up;S;35433
Key Up;Q;36048
Key Down;Q;51136
Key Down;S;52361
Key Up;S;52505
Key Up;Q;53432
Key Down;Q;53785
Key Down;S;54017
Key Up;S;54361
Key Up;Q;54705
Key Down;D;54729
Key Up;D;54784
Key Down;D;54856
Key Up;D;56264
Key Down;D;56432
Key Up;D;56777
Key Down;Q;56889
Key Up;Q;58209
Key Down;D;58825
Key Down;Z;59353
Key Up;Z;59753
Key Down;Z;60329
Key Up;D;60393
Key Down;Q;60417
Key Up;Z;60481
Key Down;Z;60769
Key Up;Q;61073
Key Up;Z;61433
Key Down;Q;61488
Key Up;Q;61640
Key Down;D;62913
Key Down;S;63081
Key Up;D;63137
Key Up;S;63145
Key Down;Q;63233
Key Down;Z;63497
Key Up;Z;63665
Key Down;Z;63969
Key Up;Q;64017
Key Up;Z;64241
Key Down;Z;64616
Key Down;Q;64825
Key Up;Z;65328
Key Down;Z;65849
Key Up;Z;66048
Key Down;Z;66657
Key Up;Z;67065
Key Down;D;68385
Key Down;Z;68513
Key Up;Q;68585
Key Up;D;68697
Key Up;Z;69200
Key Down;S;69321
Key Down;Q;69673
Key Up;Q;69865
Key Down;Q;70153
Key Up;S;70177
Key Up;Q;70249
Key Down;D;70320
Key Down;Z;70472
Key Up;D;70576
Key Up;Z;70833
Key Down;D;70840
Key Up;D;70937
Key Down;Q;71313
Key Down;S;71385
Key Up;Q;71848
Key Up;S;71945
Key Down;D;72097
Key Up;D;72153
Key Down;Z;72161
Key Up;Z;72265
Key Down;S;72769
Key Down;Q;72777
Key Up;S;73112
Key Up;Q;73185
Key Down;D;74184
Key Down;Z;74369
Key Up;D;74969
Key Up;Z;75041
Key Down;D;75305
Key Up;D;75529
Key Down;S;75537
Key Down;D;75609
Key Up;S;75800
Key Up;D;75952
Key Down;Q;76008
Key Down;Z;76016
Key Up;Z;76145
Key Down;S;76353
Key Up;Q;76809
Key Down;Q;77624
Key Up;Q;77888
Key Down;D;77961
Key Up;D;78329
Key Down;D;78400
Key Up;S;78465
Key Down;Z;78608
Key Up;D;78968
Key Down;D;79257
Key Up;D;79408
Key Down;Q;79984
Key Up;Z;80848
Key Down;S;81985
Key Up;S;82385
Key Up;Q;83185
Key Down;S;83552
Key Down;Q;83689
Key Up;S;83800
Key Down;Z;85552
Key Up;Q;85673
Key Down;D;86113
Key Up;Z;86208
Key Down;Z;86513
Key Up;D;86633
Key Down;D;86752
Key Up;Z;86776
Key Down;S;86969
Key Up;S;87673
Key Down;S;88193
Key Up;S;88289
Key Down;S;88641
Key Up;D;88705
Key Down;D;89257
Key Up;S;89697
Key Down;S;90185
Key Up;S;90416
Key Up;D;90544
Key Down;Q;90665
Key Down;Z;91001
Key Up;Z;91489
Key Up;Q;91552
Key Down;S;91729
Key Down;Q;91745
Key Up;Q;92585
Key Up;S;92617
Key Down;Q;92785
Key Up;Q;93160
Key Down;D;93281
Key Up;D;95128
Key Down;A;95305
Key Up;A;95401
Key Down;Z;95505
Key Down;Q;95577
Key Up;Z;95641
Key Down;Z;95880
Key Up;Z;97440
Key Down;D;98273
Key Down;Z;98441
Key Up;Q;98537
Key Up;Z;98673
Key Up;D;99033
Key Down;Q;99081
Key Up;Q;99257
Key Down;Q;100232
Key Up;Q;100641
Key Down;A;100776
Key Up;A;100848
Key Down;S;101105
Key Down;D;101240
Key Up;D;101384
Key Up;S;101441
Key Down;Q;101656
Key Up;Q;101785
Key Down;Q;101953
Key Down;S;101985
Key Up;Q;102049
Key Up;S;102177
Key Down;Q;102393
Key Down;S;102473
Key Up;Q;103280
Key Down;D;103313
Key Up;S;103641
Key Down;Z;104360
Key Up;Z;104488
Key Down;S;105025
Key Up;S;105080
Key Down;S;106056
Key Up;S;106352
Key Up;D;106745
Key Down;Q;106753
Key Down;S;107384
Key Up;S;108176
Key Up;Q;108841
Key Down;Q;109161
Key Down;Z;109833
Key Up;Q;109977
Key Up;Z;110136
Key Down;D;110721
Key Up;D;110777
Key Down;Q;110816
Key Down;S;111256
Key Up;Q;111288
Key Down;D;111408
Key Up;S;111480
Key Up;D;111865
Key Down;Q;112393
Key Down;Z;112616
Key Up;Q;112809
Key Down;D;112944
Key Up;Z;112969
Key Down;Z;113504
Key Up;Z;113792
Key Up;D;114280
Key Down;Q;114752
Key Down;S;115248
Key Up;Q;115609
Key Down;D;116193
Key Up;D;116337
Key Down;D;117969
Key Up;D;118193
Key Up;S;118353
Key Down;Q;118473
Key Down;S;118656
Key Up;Q;118833
Key Down;Q;118944
Key Up;Q;119121
Key Down;D;119304
Key Up;S;119377
Key Up;D;119577
Key Down;A;119729
Key Up;A;119808
Key Down;D;120497
Key Up;D;121592
Key Down;Z;122024
Key Down;D;122153
Key Up;D;122369
Key Down;Q;122401
Key Up;Z;122728
Key Down;Z;123112
Key Up;Q;124072
Key Down;Q;125041
Key Up;Z;125728
Key Up;Q;128192
Key Down;S;128361
Key Down;Q;128433
Key Up;S;128617
Key Up;Q;128785
Key Down;Q;129489
Key Down;Z;129512
Key Up;Q;129568
Key Up;Z;129625
Key Down;E;130897
Key Up;E;131017
Key Down;Q;141409
Key Down;Z;141649
Key Up;Q;141761
Key Up;Z;141840
Key Down;S;142160
Key Down;D;142248
Key Up;S;142417
Key Down;Z;142601
Key Up;D;142624
Key Up;Z;142752
Key Down;E;142865
Key Up;E;142969
Key Down;Q;147481
Key Down;Z;147785
Key Up;Z;147968
Key Down;Z;150376
Key Up;Z;150465
Key Up;Q;150656
Key Down;Q;151561
Key Up;Q;151752
Key Down;E;151801
Key Up;E;151888
Key Down;D;152080
Key Down;Z;152088
Key Up;D;153169
Key Down;Q;153680
Key Up;Z;153816
Key Down;S;154120
Key Up;Q;154593
Key Up;S;154728
Key Down;Z;154881
Key Down;Q;155065
Key Up;Z;155345
Key Down;Z;155576
Key Up;Q;155609
Key Down;Q;155624
Key Up;Z;155681
Key Up;Q;155689
Key Down;A;156400
Key Up;A;156528
Key Down;Q;156856
Key Down;Z;157696
Key Up;Z;157816
Key Down;S;158024
Key Up;S;158145
Key Down;Z;158408
Key Up;Z;158497
Key Down;S;158704
Key Up;Q;158832
Key Up;S;158848
Key Down;Q;159513
Key Down;S;159561
Key Up;Q;159912
Key Down;D;159952
Key Up;D;160257
Key Up;S;161840
Key Down;D;163128
Key Down;Z;163145
Key Up;Z;163320
Key Up;D;163400
Key Down;Q;164169
Key Down;S;164297
Key Up;Q;164776
Key Down;D;165272
Key Up;D;165585
Key Up;S;165616
Key Down;D;165832
Key Down;Z;165849
Key Up;Z;165985
Key Up;D;166072
Key Down;A;166176
Key Up;A;166256
Key Down;Q;166704
Key Down;Z;166889
Key Up;Q;167048
Key Up;Z;167088
Key Down;Z;167345
Key Up;Z;167472
Key Down;Q;167681
Key Up;Q;167704
Key Down;Z;167785
Key Down;D;167944
Key Up;Z;168128
Key Up;D;168497
Key Down;Q;170689
Key Down;S;171056
Key Up;Q;171337
Key Down;D;171465
Key Up;S;171697
Key Up;D;171752
Key Down;A;171800
Key Up;A;171881
Key Down;S;172048
Key Up;S;172272
Key Down;D;172280
Key Up;D;172345
Key Down;D;173265
Key Up;D;173336
Key Down;Q;173497
Key Up;Q;173585
Key Down;D;173993
Key Down;Z;174176
Key Up;Z;174313
Key Up;D;174472
Key Down;Z;176145
Key Down;D;177057
Key Up;Z;177104
Key Up;D;177656
Key Down;A;177897
Key Up;A;178024
Key Down;Q;178288
Key Down;Z;178497
Key Up;Z;179272
Key Up;Q;181985
Key Down;Tab;182833
Key Up;Tab;185273
Key Down;Z;185960
Key Down;D;187625
Key Up;Z;188376
Key Down;Z;189240
Key Up;Z;189440
Key Down;Z;189864
Key Up;D;190008
Key Down;D;191056
Key Up;D;191328
Key Up;Z;191344
Key Down;Q;192064
Key Down;S;192456
Key Up;S;192616
Key Up;Q;192904
Key Down;A;193032
Key Up;A;193120
Key Down;Z;193248
Key Down;Q;193312
Key Up;Q;193801
Key Down;D;195097
Key Up;Z;195760
Key Down;S;196136
Key Up;S;197056
Key Down;S;197649
Key Up;D;198369
Key Down;D;198504
Key Up;S;198744
Key Up;D;198840
Key Down;Z;199232
Key Down;Q;199264
Key Up;Z;199369
Key Up;Q;199600
Key Down;Z;199681
Key Down;D;199688
Key Up;D;200192
Key Up;Z;200520
Key Down;Z;200945
Key Up;Z;201120
Key Down;S;201329
Key Down;Q;201361
Key Up;S;201848
Key Down;Z;202616
Key Up;Q;202736
Key Down;A;202905
Key Up;A;202984
Key Up;Z;203096
Key Down;Q;203120
Key Down;Z;203424
Key Up;Q;203656
Key Up;Z;203808
Key Down;Q;204448
Key Down;Z;205376
Key Up;Z;205688
Key Down;S;206065
Key Up;Q;206816
Key Down;D;207001
Key Up;S;207400
Key Up;D;207584
Key Down;Q;207640
Key Down;S;207728
Key Up;Q;208264
Key Up;S;208993
Key Down;A;209376
Key Up;A;209440
Key Down;Z;209768
Key Down;D;209865
Key Up;Z;210016
Key Up;D;210024
Key Down;Q;211497
Key Down;S;211601
Key Up;Q;211640
Key Down;D;211712
Key Up;S;212385
Key Up;D;212857
Key Down;Q;212880
Key Down;Z;213440
Key Down;R;213496
Key Up;Q;213528
Key Up;R;213592
Key Up;Z;213985
Key Down;R;215976
Key Up;R;216032
Key Down;Z;216512
Key Down;E;216672
Key Up;E;216824
Key Down;D;217264
Key Up;Z;217688
Key Down;Z;219504
Key Up;Z;220032
Key Up;D;220288
Key Down;A;220384
Key Up;A;220480
Key Down;D;220824
Key Up;D;222104
Key Down;Z;222872
Key Down;D;223256
Key Up;Z;223392
Key Up;D;223512
Key Down;E;223672
Key Up;E;223744
Key Down;D;223920
Key Down;S;225952
Key Up;D;226440
Key Down;D;226656
Key Up;D;226832
Key Down;Q;227688
Key Up;S;228280
Key Down;Z;228880
Key Up;Z;229016
Key Up;Q;229168
Key Down;Q;229376
Key Up;Q;229704
Key Down;Q;229920
Key Down;S;230104
Key Up;S;230328
Key Down;Z;230656
Key Up;Q;230808
Key Down;D;230944
Key Up;Z;231208
Key Up;D;231232
Key Down;Q;231352
Key Up;Q;231577
Key Down;Z;231936
Key Down;Q;231968
Key Up;Q;232264
Key Up;Z;232360
Key Down;Q;234024
Key Up;Q;234136
Key Down;Z;234384
Key Up;Z;234552
Key Down;Z;234856
Key Up;Z;235120
Key Down;Z;235600
Key Down;D;235744
Key Up;Z;236336
Key Up;D;237904
Key Down;Q;237912
Key Up;Q;238728
Key Down;S;238752
Key Down;A;238888
Key Up;A;238944
Key Down;Q;239104
Key Up;S;239152
Key Down;S;239568
Key Down;D;240008
Key Up;Q;240152
Key Up;D;240352
Key Down;D;240560
Key Up;D;240984
Key Up;S;241056
Key Down;E;241112
Key Up;E;241192
Key Down;S;241312
Key Down;D;241408
Key Up;S;241672
Key Up;D;242896
Key Down;A;243880
Key Up;A;243968
Key Down;D;244776
Key Up;D;245224
Key Down;D;245392
Key Down;Z;245560
Key Up;D;246120
Key Down;Q;246848
Key Up;Z;246960
Key Down;Z;247263
Key Up;Z;248096
Key Down;S;248344
Key Up;Q;250616
Key Up;S;250736
Key Down;A;250784
Key Up;A;250880
Key Down;D;251639
Key Down;Z;251936
Key Up;Z;252120
Key Up;D;252280
Key Down;Z;252376
Key Down;D;252535
Key Up;Z;252600
Key Up;D;252664
Key Down;S;252928
Key Down;D;252992
Key Up;S;253328
Key Up;D;253808
Key Down;A;254816
Key Up;A;254912
Key Down;Q;255120
Key Down;S;255520
Key Up;Q;255824
Key Up;S;255952
Key Down;Q;257032
Key Down;Z;257536
Key Up;Q;257880
Key Down;D;259200
Key Up;Z;259696
Key Down;S;260568
Key Up;D;260816
Key Down;Q;261472
Key Up;Q;261815
Key Down;A;261992
Key Up;A;262080
Key Up;S;262111
Key Down;Z;262472
Key Down;Q;262607
Key Up;Q;262784
Key Down;D;263120
Key Up;Z;263320
Key Up;D;263632
Key Down;S;264320
Key Up;S;264656
Key Down;Z;264824
Key Down;D;265032
Key Up;Z;265039
Key Up;D;265080
Key Down;S;265328
Key Down;Q;265856
Key Up;S;266320
Key Down;Z;266816
Key Up;Z;267024
Key Down;Z;267584
Key Up;Q;267952
Key Down;D;268400
Key Up;D;268656
Key Up;Z;268784
Key Down;A;269719
Key Up;A;269816
Key Down;D;269912
Key Up;D;270120
Key Down;D;270432
Key Down;S;270528
Key Up;S;271264
Key Down;S;272832
Key Up;S;273544
Key Up;D;274984
Key Down;D;275487
Key Down;A;275864
Key Down;Z;275984
Key Up;A;275992
Key Up;D;276223
Key Up;Z;276416
Key Down;Q;276952
Key Down;Z;277016
Key Up;Q;277312
Key Up;Z;277672
Key Down;Q;278008
Key Down;Z;278112
Key Up;Q;278216
Key Down;D;278528
Key Up;Z;278552
Key Up;D;278672
Key Down;S;278984
Key Up;S;279111
Key Down;D;279344
Key Down;Z;279360
Key Up;Z;279496
Key Up;D;279512
Key Down;S;279711
Key Down;Q;279848
Key Up;Q;280863
Key Up;S;281552
Key Down;S;282112
Key Down;D;282248
Key Up;S;282472
Key Down;A;282664
Key Up;A;282760
Key Down;Z;283016
Key Up;Z;283520
Key Up;D;285080
Key Down;D;285256
Key Up;D;285343
Key Down;A;285504
Key Up;A;285632
Key Down;Z;285680
Key Down;D;285832
Key Down;Q;286200
Key Up;D;286208
Key Up;Q;286384
Key Down;D;286504
Key Up;Z;286616
Key Up;D;286744
Key Down;D;286976
Key Down;Z;286991
Key Up;D;287431
Key Up;Z;288456
Key Down;Q;288567
Key Up;Q;288583
Key Down;S;288591
Key Down;Q;288808
Key Up;S;288983
Key Down;Z;289144
Key Up;Z;289960
Key Down;S;290208
Key Up;Q;290240
Key Down;D;290640
Key Up;D;290791
Key Down;A;290944
Key Up;A;291063
Key Down;D;291287
Key Up;D;291568
Key Down;Q;291800
Key Up;Q;292600
Key Down;D;292680
Key Up;S;293064
Key Down;A;293448
Key Up;A;293584
Key Down;Z;293680
Key Up;D;294136
Key Down;Q;294568
Key Up;Z;294744
Key Up;Q;294968
Key Down;S;296720
Key Up;S;297064
Key Down;A;297623
Key Up;A;297704
Key Down;Q;297856
Key Down;S;298200
Key Up;S;298464
Key Up;Q;300248
Key Down;Q;301320
Key Down;Z;301504
Key Up;Q;301664
Key Up;Z;302144
Key Down;A;302527
Key Up;A;302600
Key Down;S;302960
Key Down;D;303167
Key Up;D;303488
Key Up;S;303600
Key Down;Q;305472
Key Up;Q;305744
Key Down;A;306104
Key Up;A;306208
Key Down;D;306456
Key Down;Z;307136
Key Up;Z;307336
Key Up;D;307488
Key Down;D;308192
Key Down;S;308808
Key Up;D;309096
Key Up;S;309280
Key Down;Tab;309928
Key Up;Tab;310704
Key Down;S;310880
Key Down;Q;312608
Key Up;S;313272
Key Down;Z;313416
Key Up;Z;314216
Key Down;S;314655
Key Up;S;314928
Key Down;S;315208
Key Up;Q;315416
Key Up;S;316488
Key Down;A;316632
Key Up;A;316720
Key Down;D;316832
Key Up;D;316960
Key Down;S;317112
Key Up;S;317432
Key Down;S;317823
Key Up;S;318376
Key Down;Q;320720
Key Down;Z;320880
Key Up;Q;320992
Key Down;D;322200
Key Up;D;322743
Key Down;Q;322952
Key Up;Q;323079
Key Down;D;323216
Key Up;Z;323696
Key Down;Z;323888
Key Up;Z;324039
Key Down;A;324224
Key Up;A;324304
Key Down;S;325200
Key Up;S;325440
Key Down;S;326000
Key Up;D;326240
Key Down;Q;326855
Key Up;S;327552
Key Up;Q;328255
Key Down;S;329328
Key Down;D;329448
Key Up;D;329600
Key Down;Q;329816
Key Up;Q;330048
Key Up;S;330352
Key Down;A;330704
Key Up;A;330784
Key Down;Z;331200
Key Down;D;331352
Key Up;D;331568
Key Up;Z;331808
Key Down;D;332200
Key Down;Z;332368
Key Up;Z;332712
Key Up;D;333807
Key Down;S;333816
Key Down;D;333991
Key Up;S;334096
Key Down;S;334439
Key Up;S;334584
Key Up;D;335976
Key Down;Q;337039
Key Down;S;337648
Key Up;Q;337920
Key Up;S;338712
Key Down;A;338816
Key Up;A;338920
Key Down;D;339207
Key Up;D;339295
Key Down;Z;339503
Key Down;Q;339608
Key Up;Q;339952
Key Down;D;340200
Key Up;Z;340456
Key Up;D;341711
Key Down;Q;342768
Key Down;S;343319
Key Up;Q;343744
Key Down;A;343904
Key Up;A;344015
Key Up;S;344175
Key Down;Z;344496
Key Down;D;344696
Key Up;D;345320
Key Up;Z;345528
Key Down;D;345639
Key Up;D;345832
Key Down;Q;345976
Key Up;Q;346120
Key Down;S;346167
Key Up;S;346303
Key Down;E;346472
Key Up;E;346560
Key Down;D;346872
Key Down;S;347104
Key Up;S;347696
Key Down;Z;348407
Key Up;D;348647
Key Down;Q;349303
Key Up;Q;350015
Key Down;D;353880
Key Up;D;354048
Key Up;Z;354288
Key Down;S;354663
Key Down;Q;354920
Key Up;S;355272
Key Down;Z;356128
Key Up;Q;356359
Key Up;Z;356512
Key Down;E;357304
Key Up;E;357408
Key Down;S;357792
Key Up;S;358231
Key Down;Tab;358296
Key Up;Tab;359839
Key Down;Z;360720
Key Down;D;361167
Key Up;D;361583
Key Down;D;363255
Key Up;D;363520
Key Up;Z;363615
Key Down;Q;363991
Key Down;Z;364535
Key Up;Q;364800
Key Down;Q;365040
Key Up;Q;365176
Key Down;D;366360
Key Down;A;366583
Key Up;A;366671
Key Up;Z;366888
Key Up;D;367608
Key Down;Q;367760
Key Down;S;368543
Key Up;Q;368847
Key Up;S;369887
Key Down;A;369919
Key Up;A;370048
Key Down;S;370264
Key Up;S;370328
Key Down;S;370703
Key Up;S;371024
Key Down;Z;372135
Key Down;D;372544
Key Up;Z;372888
Key Up;D;372912
Key Down;A;373264
Key Up;A;373336
Key Down;D;373727
Key Down;Z;375151
Key Up;Z;375608
Key Down;Z;375968
Key Up;Z;376552
Key Up;D;377791
Key Down;D;378432
Key Up;D;378887
Key Down;Tab;379536
Key Up;Tab;380224
Key Down;Q;380383
Key Up;Q;380800
Key Down;Tab;380928
Key Up;Tab;381832
Key Down;Q;382911
Key Down;Z;384400
Key Up;Q;385775
Key Up;Z;387648
Key Down;Q;388447
Key Up;Q;388640
Key Down;Tab;389391
Key Up;Tab;391728
Key Down;Z;392800
Key Up;Z;393760
Key Down;E;393888
Key Up;E;394007
Key Down;E;395672
Key Up;E;395759
Key Down;Tab;397479
Key Up;Tab;400072
Key Down;Z;401136
Key Up;Z;402279
Key Down;E;402327
Key Up;E;402439
Key Down;D;403807
Key Up;D;403904
Key Down;S;404151
Key Up;S;404232
Key Down;E;404559
Key Up;E;404655
Key Down;Q;405727
Key Down;S;406224
Key Up;S;406416
Key Down;S;406928
Key Up;S;406976
Key Up;Q;407336
Key Down;2;410039
Key Up;2;410184
Key Down;1;410735
Key Up;1;410952
Key Down;Q;412312
Key Up;Q;414096
Key Down;Tab;414512
Key Up;Tab;415711
Key Down;Q;417567
Key Up;Q;417967
Key Down;Echap;419319
Key Up;Echap;419423
Key Down;Echap;422159
Key Up;Echap;422231
Key Down;Q;422791
Key Up;Q;425112
Key Down;Q;437735
Key Down;S;438039
Key Up;S;440471
Key Down;Z;442207
Key Up;Q;442800
Key Down;Q;443159
Key Up;Q;443255
Key Down;Q;443432
Key Up;Q;444199
Key Down;D;444792
Key Up;Z;445023
Key Down;Q;445535
Key Down;Z;445599
Key Up;Q;445783
Key Up;D;446159
Key Down;Q;446216
Key Up;Z;446384
Key Up;Q;447232
Key Down;D;447375
Key Up;D;447503
Key Down;Q;447696
Key Down;S;447760
Key Up;Q;448160
Key Down;D;448399
Key Up;D;448943
Key Down;Q;449063
Key Up;Q;449127
Key Down;Q;449344
Key Up;Q;449568
Key Down;D;449735
Key Up;S;451415
Key Down;Z;454448
Key Up;D;455255
Key Down;Q;455943
Key Up;Z;456096
Key Down;D;456367
Key Up;Q;456511
Key Up;D;456575
Key Down;Q;457831
Key Up;Q;457967
Key Down;D;458176
Key Up;D;459007
Key Down;D;459823
Key Down;Z;459855
Key Up;Z;460015
Key Up;D;460296
Key Down;Q;460303
Key Down;Z;460631
Key Up;Q;460760
Key Down;D;460879
Key Up;Z;461695
Key Down;S;461887
Key Up;D;461911
Key Up;S;461927
Key Down;S;462272
Key Down;Q;462303
Key Up;Q;462639
Key Down;D;462735
Key Up;S;463063
Key Up;D;463295
Key Down;S;463887
Key Down;D;464047
Key Up;S;464375
Key Down;S;464631
Key Up;D;465144
Key Down;Q;465247
Key Up;S;465319
Key Up;Q;465391
Key Down;D;465400
Key Down;Z;465439
Key Up;D;465487
Key Down;D;466527
Key Up;D;466775
Key Down;Q;467295
Key Up;Z;468368
Key Down;S;470383
Key Up;S;471912
Key Down;D;472463
Key Down;Z;472495
Key Up;Q;472511
Key Up;D;472783
Key Down;Q;473023
Key Up;Z;473743
Key Up;Q;473919
Key Down;S;474143
Key Down;Q;474151
Key Up;Q;474191
Key Up;S;475016
Key Down;Z;485887
Key Up;Z;485896
Key Down;Espace;487223
Key Up;Espace;487375
Key Down;Left Alt;492959
Key Down;Tab;493055
Key Up;Left Alt;493159
Key Up;Tab;493167
Key Down;O;498624
Key Up;O;498695
Key Down;U;498807
Key Up;U;498855
Key Down;I;498951
Key Up;I;499000
Key Down;Espace;499088
Key Up;Espace;499175
Key Down;T;499415
Key Up;T;499471
Key Down;R;499607
Key Up;R;499663
Key Down;7;500039
Key Up;7;500087
Key Down;S;500207
Key Up;S;500279
Key Down;Entrée;500583
Key Up;Entrée;500639
Key Down;D;503447
Key Down;F;503591
Key Up;F;504015
Key Up;D;504047
Key Down;S;504343
Key Down;D;504551
Key Up;S;505063
Key Down;S;505439
Key Up;S;505615
Key Up;D;507295
Key Down;S;508823
Key Down;D;509935
Key Up;S;510255
Key Up;D;510279
Key Down;A;511111
Key Up;A;511190
Key Down;Q;511503
Key Down;Z;511671
Key Up;Q;511967
Key Down;D;512463
Key Up;D;512639
Key Down;D;514247
Key Up;Z;514342
Key Up;D;514399
Key Down;A;514415
Key Up;A;514543
Key Down;D;514663
Key Up;D;514759
Key Down;S;514871
Key Up;S;514958
Key Down;Q;515479
Key Down;S;515503
Key Up;Q;515871
Key Down;D;516231
Key Up;D;517055
Key Down;Q;517462
Key Up;Q;518142
Key Down;D;518463
Key Up;S;518567
Key Up;D;518647
Key Down;A;518791
Key Up;A;518895
Key Down;Q;519303
Key Up;Q;519447
Key Down;Z;520799
Key Down;D;521119
Key Up;Z;521335
Key Down;Z;522047
Key Up;Z;522175
Key Down;Z;522599
Key Down;A;522871
Key Up;A;522983
Key Up;D;523207
Key Up;Z;523255
Key Down;Z;523943
Key Down;D;524007
Key Up;Z;524223
Key Up;D;524287
Key Down;D;524935
Key Up;D;525191
Key Down;S;525535
Key Down;D;525583
Key Up;S;526583
Key Down;A;527223
Key Up;A;527335
Key Up;D;527439
Key Down;Q;527607
Key Down;S;527894
Key Up;S;528071
Key Up;Q;528287
Key Down;D;529063
Key Down;S;529311
Key Up;D;529831
Key Up;S;530103
Key Down;Q;530431
Key Down;S;530519
Key Up;Q;530575
Key Down;Q;530663
Key Up;S;531071
Key Down;Z;531423
Key Up;Z;531599
Key Up;Q;532903
Key Down;D;534007
Key Up;D;534191
Key Down;A;534303
Key Up;A;534391
Key Down;D;534631
Key Down;Z;534799
Key Up;Z;536055
Key Down;Z;536383
Key Up;Z;536799
Key Up;D;537071
Key Down;Z;538639
Key Down;D;538719
Key Up;Z;538775
Key Up;D;540783
Key Down;Q;541407
Key Down;Z;541455
Key Up;Q;541727
Key Down;D;542807
Key Up;D;543015
Key Up;Z;544415
Key Down;Q;544727
Key Down;Z;544735
Key Up;Q;544919
Key Up;Z;545150
Key Down;Q;545431
Key Up;Q;545550
Key Down;D;545863
Key Up;D;548919
Key Down;S;549151
Key Up;S;549423
Key Down;D;549495
Key Down;S;549590
Key Up;D;550239
Key Up;S;551119
Key Down;Q;551359
Key Down;S;551527
Key Up;Q;551638
Key Down;D;552151
Key Up;D;552295
Key Down;A;552519
Key Up;A;552599
Key Down;D;552647
Key Up;D;552910
Key Down;Q;553519
Key Up;S;553615
Key Down;S;553743
Key Up;Q;554127
Key Down;Q;554446
Key Up;S;554943
Key Down;S;555670
Key Up;S;555894
Key Down;Z;557294
Key Up;Q;557399
Key Down;Q;557751
Key Up;Q;558175
Key Down;Q;559055
Key Up;Q;559287
Key Down;D;560207
Key Up;Z;561063
Key Down;A;561655
Key Up;A;561759
Key Down;S;562519
Key Up;D;564086
Key Up;S;565063
Key Down;A;565311
Key Up;A;565398
Key Down;Z;565582
Key Down;Q;566423
Key Up;Q;566727
Key Down;Echap;566926
Key Up;Z;566966
Key Up;Echap;567038
Key Down;Echap;608183
Key Up;Echap;608279
Key Down;Echap;609991
Key Up;Echap;610134
Key Down;Z;610695
Key Down;Q;611087
Key Up;Z;611111
Key Down;Z;611319
Key Up;Q;611367
Key Down;D;611671
Key Up;D;611918
Key Down;D;612783
Key Up;D;612879
Key Down;A;613054
Key Up;A;613159
Key Up;Z;613199
Key Down;Z;613590
Key Down;D;614455
Key Up;Z;615022
Key Down;Z;615383
Key Up;D;615878
Key Down;Q;617183
Key Up;Z;617622
Key Up;Q;619191
Key Down;D;619695
Key Down;S;621343
Key Up;D;621815
Key Down;Q;622239
Key Up;Q;622535
Key Down;A;622695
Key Up;A;622767
Key Up;S;622919
Key Down;Q;623007
Key Down;Z;623151
Key Up;Q;623863
Key Down;Q;624423
Key Up;Q;624566
Key Down;Q;625206
Key Up;Q;625439
Key Down;Q;625727
Key Up;Q;625871
Key Down;D;628063
Key Up;Z;628358
Key Down;Z;628606
Key Up;D;628718
Key Down;Q;629127
Key Up;Q;629246
Key Down;Q;630015
Key Up;Q;630255
Key Down;D;631094
Key Up;Z;632247
Key Up;D;632527
Key Down;Q;632551
Key Up;Q;632654
Key Down;Q;633175
Key Down;Z;633302
Key Up;Z;633599
Key Down;Z;633791
Key Up;Q;633958
Key Up;Z;634127
Key Down;D;634135
Key Up;D;634687
Key Down;Q;634727
Key Down;S;635583
Key Up;Q;636038
Key Down;D;636158
Key Up;D;636295
Key Down;Q;636854
Key Up;Q;637095
Key Down;A;637382
Key Up;A;637503
Key Down;D;637606
Key Up;S;638031
Key Down;S;638270
Key Up;S;638319
Key Down;Z;639223
Key Up;D;641942
Key Down;D;642470
Key Up;Z;642742
Key Down;S;643343
Key Down;A;643607
Key Up;A;643719
Key Up;S;643838
Key Up;D;644119
Key Down;Q;644422
Key Down;Z;644551
Key Up;Z;644878
Key Down;S;645503
Key Up;S;645727
Key Down;Z;647686
Key Up;Z;647774
Key Down;S;647998
Key Up;Q;648239
Key Down;A;648399
Key Up;A;648526
Key Down;D;649503
Key Up;D;650983
Key Up;S;651902
Key Down;Z;652166
Key Down;A;652406
Key Up;A;652495
Key Down;D;652502
Key Up;Z;653031
Key Up;D;653095
Key Down;S;653655
Key Down;Q;653759
Key Up;Q;654463
Key Up;S;654495
Key Down;A;655006
Key Up;A;655111
Key Down;Z;656086
Key Down;D;656350
Key Up;D;656759
Key Up;Z;657534
Key Down;Q;659023
Key Down;S;659247
Key Up;S;660031
Key Down;Z;661046
Key Up;Q;662038
Key Down;D;662558
Key Down;A;662782
Key Up;A;662862
Key Up;Z;663414
Key Down;S;663639
Key Up;D;664382
Key Down;D;664678
Key Up;S;665975
Key Up;D;666174
Key Down;S;666662
Key Down;Q;666671
Key Up;Q;667151
Key Down;D;667838
Key Up;S;667950
Key Up;D;668070
Key Down;A;668646
Key Up;A;668735
Key Down;Z;668878
Key Down;D;669239
Key Up;Z;670302
Key Down;S;672630
Key Up;D;673726
Key Down;D;674014
Key Up;S;674343
Key Down;Z;676487
Key Up;D;678214
Key Down;Q;678654
Key Up;Z;678703
Key Down;Z;679110
Key Up;Z;679415
Key Up;Q;679423
Key Down;S;680055
Key Down;Tab;680350
Key Up;S;680358
Key Up;Tab;681446
Key Down;Q;682510
Key Down;Z;682638
Key Up;Q;683334
Key Down;Q;683815
Key Up;Q;684366
Key Down;Q;684670
Key Up;Z;686230
Key Down;Z;687063
Key Up;Q;687142
Key Down;Q;687735
Key Up;Z;687982
Key Down;Z;689519
Key Up;Q;689711
Key Down;A;690054
Key Up;A;690142
Key Down;Q;690550
Key Up;Q;690990
Key Up;Z;691431
Key Down;S;692054
Key Down;D;692079
Key Up;D;692607
Key Down;Q;692718
Key Up;S;692838
Key Up;Q;693134
Key Down;Z;693495
Key Down;Q;694038
Key Up;Z;694574
Key Down;S;695503
Key Up;Q;696870
Key Up;S;697286
Key Down;D;697958
Key Down;A;698086
Key Up;A;698183
Key Up;D;698334
Key Down;Q;699927
Key Down;Z;699990
Key Up;Z;700342
Key Down;Z;701303
Key Up;Z;701414
Key Up;Q;702558
Key Down;S;703263
Key Down;D;703438
Key Up;S;703598
Key Down;Z;703983
Key Down;A;703998
Key Up;A;704111
Key Up;Z;704446
Key Up;D;704950
Key Down;D;705110
Key Down;S;706215
Key Up;S;706967
Key Up;D;707175
Key Down;A;707726
Key Up;A;707806
Key Down;Q;708038
Key Down;Z;708159
Key Up;Z;708535
Key Down;S;708686
Key Up;Q;708798
Key Down;Q;709502
Key Up;Q;709671
Key Down;Q;713510
Key Up;Q;714126
Key Down;A;714302
Key Up;A;714390
Key Up;S;714510
Key Down;Q;714598
Key Down;Z;717430
Key Up;Q;717606
Key Down;A;718383
Key Up;A;718486
Key Down;D;718807
Key Up;Z;719111
Key Up;D;719398
Key Down;Q;720230
Key Down;Z;720350
Key Up;Q;720702
Key Down;D;721486
Key Up;Z;721774
Key Up;D;722022
Key Down;Q;722070
Key Up;Q;722183
Key Down;D;722990
Key Down;S;723622
Key Up;D;725303
Key Down;Q;726543
Key Up;S;726702
Key Up;Q;726814
Key Down;A;727062
Key Up;A;727158
Key Down;Z;729286
Key Up;Z;730086
Key Down;Q;730094
Key Down;Z;730102
Key Up;Z;730110
Key Down;Z;730422
Key Up;Z;731054
Key Down;D;731302
Key Up;Q;731326
Key Up;D;731670
Key Down;A;731838
Key Up;A;731943
Key Down;Q;732134
Key Up;Q;732422
Key Down;A;733438
Key Up;A;733526
Key Down;Q;733950
Key Down;S;734126
Key Up;Q;734415
Key Down;Q;735142
Key Up;Q;736342
Key Down;Q;737743
Key Up;Q;738054
Key Down;Q;738374
Key Up;S;738783
Key Down;Z;739430
Key Up;Z;739590
Key Up;Q;741102
Key Down;A;741262
Key Up;A;741390
Key Down;Q;741702
Key Up;Q;742438
Key Down;D;742519
Key Up;D;743831
Key Down;Q;745630
Key Up;Q;746614
Key Down;D;746622
Key Up;D;747078
Key Down;A;747126
Key Up;A;747270
Key Down;A;747662
Key Up;A;747758
Key Down;Q;749398
Key Down;S;750390
Key Up;Q;750486
Key Down;Q;750830
Key Up;Q;751366
Key Up;S;751406
Key Down;D;751550
Key Down;A;751662
Key Up;A;751766
Key Down;Z;751990
Key Up;Z;752358
Key Down;Z;752918
Key Up;Z;753102
Key Down;S;754542
Key Up;D;754982
Key Up;S;755070
Key Down;A;755566
Key Up;A;755662
Key Down;Q;756078
Key Down;S;756766
Key Up;Q;757150
Key Down;D;758774
Key Up;D;760638
Key Down;D;760838
Key Up;D;761158
Key Up;S;761358
Key Down;Tab;761710
Key Up;Tab;763054
Key Down;D;764038
Key Down;Z;764086
Key Up;D;765510
Key Up;Z;765590
Key Down;Tab;765854
Key Up;Tab;768589
Key Down;Z;769286
Key Down;D;770206
Key Up;D;770741
Key Down;Q;771542
Key Up;Q;772006
Key Down;Q;773829
Key Up;Q;774094
Key Down;A;774246
Key Up;A;774334
Key Down;Q;774574
Key Up;Q;774870
Key Down;D;774918
Key Up;Z;774942
Key Up;D;774966
Key Down;S;775094
Key Down;D;775237
Key Up;S;775470
Key Up;D;775670
Key Down;Z;775758
Key Down;E;775854
Key Up;E;775982
Key Up;Z;776062
Key Down;D;776294
Key Up;D;776462
Key Down;Z;776550
Key Down;Q;776694
Key Up;Z;777150
Key Down;Z;777294
Key Up;Q;777558
Key Up;Z;777566
Key Down;Q;777695
Key Down;S;777934
Key Up;S;778270
Key Up;Q;778574
Key Down;A;778710
Key Up;A;778790
Key Down;S;778982
Key Down;Q;779022
Key Up;Q;779606
Key Down;D;779877
Key Up;S;780246
Key Up;D;780270
Key Down;Q;780430
Key Up;Q;781046
Key Down;Z;781262
Key Down;D;781446
Key Up;Z;782662
Key Up;D;782982
Key Down;A;783262
Key Up;A;783334
Key Down;Q;783574
Key Down;S;783934
Key Up;Q;784198
Key Up;S;784590
Key Down;D;784598
Key Down;Z;784742
Key Up;D;784766
Key Up;Z;785134
Key Down;Tab;785350
Key Up;Tab;786870
Key Down;D;787638
Key Down;Z;788678
Key Up;Z;789838
Key Down;Z;790526
Key Up;Z;790614
Key Down;S;791798
Key Down;A;792390
Key Up;D;792438
Key Down;D;792462
Key Up;A;792518
Key Up;D;792638
Key Up;S;793958
Key Down;D;793966
Key Down;S;794638
Key Up;S;795054
Key Down;S;795990
Key Up;D;796414
Key Down;D;796534
Key Up;D;796782
Key Down;Q;797310
Key Up;S;797973
Key Up;Q;798870
Key Down;Q;799254
Key Up;Q;800334
Key Down;Q;800686
Key Down;Z;800830
Key Up;Q;801030
Key Up;Z;801102
Key Down;D;801150
Key Down;S;801414
Key Up;D;801422
Key Down;Q;801758
Key Up;Q;801846
Key Down;D;801902
Key Up;S;802006
Key Up;D;802094
Key Down;Z;802262
Key Up;Z;802518
Key Down;Q;802838
Key Down;Z;802974
Key Up;Q;803174
Key Up;Z;803318
Key Down;A;804206
Key Up;A;804318
Key Down;Z;805854
Key Down;Q;806094
Key Up;Q;806678
Key Down;D;807382
Key Up;D;807942
Key Up;Z;808110
Key Down;A;808166
Key Up;A;808261
Key Down;D;808510
Key Down;S;809486
Key Up;S;809598
Key Down;A;810614
Key Up;A;810718
Key Up;D;810934
Key Down;Q;810974
Key Down;S;811230
Key Up;Q;811429
Key Up;S;811478
Key Down;D;812237
Key Down;S;812285
Key Up;D;812406
Key Up;S;812886
Key Down;D;813790
Key Down;S;813798
Key Up;D;813846
Key Up;S;814230
Key Down;A;814550
Key Up;A;814629
Key Down;Q;814950
Key Down;Z;815030
Key Up;Z;815845
Key Down;S;816654
Key Up;S;818134
Key Up;Q;820190
Key Down;Tab;820373
Key Up;Tab;822205
Key Down;Q;822854
Key Down;S;823054
Key Up;Q;823205
Key Down;Q;823966
Key Up;S;824518
Key Down;Z;826350
Key Up;Q;827014
Key Down;D;827046
Key Up;D;827518
Key Down;Q;828158
Key Up;Z;828526
Key Down;S;829166
Key Up;Q;830582
Key Up;S;830758
Key Down;A;831102
Key Down;D;831214
Key Up;A;831245
Key Down;Z;831614
Key Up;Z;832598
Key Up;D;832622
Key Down;Q;832694
Key Down;S;833054
Key Up;S;834190
Key Up;Q;834262
Key Down;Q;834718
Key Down;Z;834830
Key Up;Q;835214
Key Up;Z;835829
Key Down;S;836078
Key Down;Q;838254
Key Up;S;838422
Key Up;Q;840246
Key Down;Tab;840566
Key Up;Tab;842726
Key Down;Z;843678
Key Down;D;845357
Key Down;A;846366
Key Up;A;846494
Key Up;D;846686
Key Down;Q;847774
Key Up;Q;848246
Key Up;Z;848277
Key Down;D;848574
Key Down;Z;848686
Key Up;D;849214
Key Down;Q;850134
Key Up;Z;850718
Key Down;S;851942
Key Up;Q;853006
Key Down;D;853381
Key Up;S;854846
Key Down;Z;855350
Key Up;Z;855566
Key Down;Z;855821
Key Up;D;856558
Key Down;Q;856853
Key Up;Q;856933
Key Down;Q;857621
Key Up;Z;858325
Key Down;S;859149
Key Up;S;859494
Key Down;S;859862
Key Up;Q;860566
Key Down;D;860686
Key Up;S;862062
Key Down;Z;863445
Key Up;D;863886
Key Up;Z;864366
Key Down;A;864622
Key Up;A;864726
Key Down;Q;865173
Key Down;Z;865334
Key Up;Z;865621
Key Up;Q;865766
Key Down;Q;866742
Key Down;S;866782
Key Up;S;868238
Key Down;Z;868957
Key Up;Q;869614
Key Down;D;870333
Key Down;A;870630
Key Up;A;870734
Key Up;Z;870862
Key Up;D;870894
Key Down;D;871110
Key Down;S;871302
Key Down;Tab;873678
Key Up;S;873686
Key Up;D;873702
Key Up;Tab;878126
Key Down;Z;879053
Key Down;Q;880686
Key Up;Z;882310
Key Down;Z;883637
Key Up;Q;884037
Key Down;Q;884590
Key Up;Z;884878
Key Down;Z;885454
Key Up;Z;888597
Key Down;Z;891310
Key Up;Q;891382
Key Down;A;892614
Key Up;A;892725
Key Up;Z;893758
Key Down;Z;894614
Key Down;D;895062
Key Up;Z;895293
Key Down;Z;895718
Key Up;D;895813
Key Down;Q;896021
Key Up;Z;896366
Key Up;Q;897357
Key Down;Tab;897518
Key Up;Tab;903574
Key Down;Z;904462
Key Up;Z;905526
Key Down;E;905622
Key Up;E;905717
Key Down;S;907190
Key Up;S;907237
Key Down;E;907461
Key Up;E;907542
Key Down;R;912798
Key Up;R;912885
Key Down;Echap;924021
Key Up;Echap;924150
Key Down;Echap;924773
Key Up;Echap;924853
Key Down;Tab;925862
Key Up;Tab;928198
Key Down;D;929597
Key Down;Z;929653
Key Up;D;929942
Key Up;Z;930525
Key Down;S;930846
Key Down;D;931006
Key Up;D;931141
Key Down;Q;931573
Key Up;S;931582
Key Up;Q;932485
Key Down;D;932557
Key Up;D;933261
Key Down;Q;933270
Key Up;Q;934045
Key Down;D;934125
Key Down;Z;934198
Key Up;D;934525
Key Up;Z;934757
Key Down;E;935494
Key Up;E;935589
Key Down;S;937150
Key Up;S;937197
Key Down;E;937430
Key Up;E;937501
Key Down;D;937894
Key Up;D;938197
Key Down;Tab;939990
Key Up;Tab;942397
Key Down;Z;943438
Key Down;D;945141
Key Up;D;945318
Key Down;D;945789
Key Up;D;945917
Key Down;Q;946141
Key Up;Z;946221
Key Up;Q;946373
Key Down;E;946957
Key Up;E;947054
Key Down;S;947421
Key Down;Q;947813
Key Up;Q;949237
Key Up;S;949477
Key Down;S;949542
Key Up;S;949645
Key Down;Q;949741
Key Up;Q;949853
Key Down;Tab;950597
Key Up;Tab;952765
Key Down;D;953877
Key Up;D;954918
Key Down;D;956558
Key Up;D;958206
Key Down;D;979533
Key Up;D;979989
Key Down;E;980125
Key Up;E;980205
Key Down;D;980382
Key Up;D;980629
Key Down;S;980765
Key Down;D;980966
Key Up;D;981237
Key Up;S;981262
Key Down;Q;982302
Key Up;Q;982493
Key Down;Q;983334
Key Down;Z;983437
Key Up;Q;983557
Key Up;Z;984669
Key Down;D;986125
Key Up;D;986150
Key Down;D;986245
Key Down;A;987838
Key Up;A;987917
Key Down;S;988302
Key Up;D;989429
Key Down;Q;989581
Key Up;S;990261
Key Down;Z;991269
Key Up;Q;993197
Key Down;D;993213
Key Up;Z;994150
Key Down;S;994702
Key Up;S;995149
Key Down;S;995917
Key Up;D;996181
Key Down;D;996309
Key Up;D;996909
Key Down;Q;997125
Key Up;S;997229
Key Down;Z;997621
Key Up;Q;997693
Key Down;D;997701
Key Up;D;997853
Key Down;Q;997965
Key Up;Q;998181
Key Down;Q;998981
Key Up;Z;999637
Key Down;S;1001869
Key Down;D;1001941
Key Up;Q;1001949
Key Up;D;1002205
Key Down;Q;1002349
Key Up;S;1002501
Key Down;S;1003101
Key Up;Q;1003221
Key Down;D;1003709
Key Up;D;1003949
Key Down;D;1004301
Key Down;A;1005461
Key Up;A;1005557
Key Up;S;1006037
Key Down;Z;1008837
Key Up;Z;1009357
Key Down;Q;1009549
Key Up;D;1009581
Key Down;S;1009645
Key Up;S;1009733
Key Up;Q;1009797
Key Down;Q;1009869
Key Down;S;1010069
Key Up;Q;1010181
Key Up;S;1010341
Key Down;D;1010437
Key Down;Z;1010461
Key Up;D;1010557
Key Down;Q;1010620
Key Down;D;1011829
Key Up;D;1012629
Key Up;Z;1013549
Key Down;S;1015477
Key Up;Q;1016637
Key Down;Verrouillage des majuscules;1016821
Key Down;Left Shift;1016829
Key Up;S;1016837
Key Down;S;1016909
Key Up;Verrouillage des majuscules;1016917
Key Up;Left Shift;1016925
Key Up;S;1017277
Key Down;D;1017285
Key Down;S;1017637
Key Up;S;1019414
Key Down;A;1021805
Key Up;A;1021925
Key Down;Z;1021973
Key Up;D;1022957
Key Down;Q;1023493
Key Up;Z;1024925
Key Down;S;1026405
Key Up;Q;1026829
Key Down;Q;1027413
Key Up;Q;1028373
Key Down;D;1028661
Key Up;S;1028965
Key Down;Z;1029781
Key Down;Q;1030509
Key Up;Q;1030661
Key Up;Z;1032149
Key Down;Q;1032573
Key Up;D;1032661
Key Down;D;1033165
Key Up;Q;1033197
Key Down;Q;1033941
Key Up;D;1034109
Key Down;D;1034429
Key Up;Q;1034453
Key Down;Z;1035357
Key Up;Z;1035749
Key Down;Q;1035941
Key Up;D;1035981
Key Down;D;1037605
Key Up;Q;1037701
Key Down;S;1038693
Key Down;Q;1038837
Key Up;D;1038845
Key Up;Q;1039341
Key Down;Q;1039397
Key Up;Q;1039477
Key Down;D;1039517
Key Up;S;1039717
Key Down;Z;1039941
Key Up;D;1040053
Key Down;Q;1040061
Key Up;Z;1040069
Key Down;S;1040189
Key Down;D;1040749
Key Up;Q;1040845
Key Up;S;1041085
Key Down;Q;1041237
Key Up;D;1041261
Key Down;Z;1041341
Key Up;Z;1041413
Key Down;S;1041597
Key Up;Q;1041773
Key Down;D;1041797
Key Down;Q;1042205
Key Up;D;1042277
Key Up;S;1043013
Key Down;Z;1043301
Key Up;Z;1043509
Key Down;S;1043813
Key Up;Q;1044229
Key Down;D;1044317
Key Down;Q;1044708
Key Up;D;1044733
Key Up;S;1044741
Key Down;S;1044813
Key Up;S;1044925
Key Down;Z;1046037
Key Up;Q;1046597
Key Down;Q;1046717
Key Up;Q;1048005
Key Up;Z;1048141
Key Down;D;1052821
Key Down;S;1053013
Key Up;S;1053645
Key Down;S;1054093
Key Up;S;1054229
Key Down;Z;1054501
Key Up;D;1054981
Key Down;Q;1056101
Key Up;Q;1056349
Key Up;Z;1056981
Key Down;S;1057125
Key Down;Q;1057461
Key Up;S;1057661
Key Down;Z;1057933
Key Up;Q;1058197
Key Down;D;1058637
Key Up;Z;1058885
Key Down;S;1059357
Key Up;D;1059452
Key Down;Q;1059973
Key Up;S;1060117
Key Down;Z;1060349
Key Up;Q;1060461
Key Up;Z;1060741
Key Down;E;1061205
Key Up;E;1061293
Key Down;D;1062852
Key Down;S;1062933
Key Up;S;1063821
Key Up;D;1063845
Key Down;D;1069765
Key Down;S;1071077
Key Up;S;1071621
Key Down;S;1072741
Key Up;D;1072829
Key Down;D;1073781
Key Up;S;1074124
Key Down;Z;1074405
Key Up;D;1074589
Key Up;Z;1075148
Key Down;D;1075813
Key Down;S;1075861
Key Up;S;1076237
Key Up;D;1076301
Key Down;Z;1076437
Key Up;Z;1077021
Key Down;S;1086949
Key Down;Q;1087309
Key Up;S;1087749
Key Down;S;1088189
Key Up;S;1088565
Key Up;Q;1089940
Key Down;Q;1090629
Key Down;S;1090981
Key Up;Q;1091149
Key Down;D;1091412
Key Up;D;1091589
Key Down;D;1092117
Key Up;D;1092285
Key Down;Q;1092525
Key Up;Q;1093533
Key Up;S;1093685
Key Down;D;1093733
Key Down;Z;1094029
Key Up;D;1094565
Key Down;Q;1096085
Key Up;Z;1097005
Key Up;Q;1097085
Key Down;D;1097796
Key Down;S;1098037
Key Up;D;1098085
Key Down;D;1099077
Key Up;D;1099221
Key Up;S;1100045
Key Down;Z;1100829
Key Down;D;1101076
Key Up;D;1101301
Key Down;Q;1102141
Key Up;Q;1102605
Key Up;Z;1102645
Key Down;D;1103324
Key Down;Z;1103372
Key Up;D;1103644
Key Down;Q;1103733
Key Up;Z;1103797
Key Down;Z;1104165
Key Up;Z;1104309
Key Up;Q;1104357
Key Down;Q;1104412
Key Up;Q;1104516
Key Down;A;1105500
Key Up;A;1105597
Key Down;Q;1106476
Key Down;Z;1106565
Key Up;Z;1106828
Key Up;Q;1106933
Key Down;D;1107725
Key Down;S;1107749
Key Up;D;1108245
Key Down;Q;1108429
Key Up;S;1108461
Key Down;Z;1109037
Key Up;Z;1109636
Key Up;Q;1109708
Key Down;D;1110620
Key Down;S;1110629
Key Up;D;1110997
Key Down;Q;1111077
Key Up;Q;1111229
Key Down;Q;1111941
Key Up;S;1112413
Key Up;Q;1113172
Key Down;D;1113261
Key Up;D;1114172
Key Down;Q;1114436
Key Up;Q;1114541
Key Down;A;1114804
Key Up;A;1114940
Key Down;D;1116301
Key Up;D;1116501
Key Down;Q;1117060
Key Down;S;1117244
Key Up;Q;1117981
Key Up;S;1118077
Key Down;Q;1118476
Key Up;Q;1119469
Key Down;Z;1119948
Key Up;Z;1120317
Key Down;Z;1122724
Key Down;Q;1124324
Key Up;Z;1124877
Key Up;Q;1125645
Key Down;Q;1126309
Key Down;Z;1126405
Key Up;Z;1126501
Key Down;S;1127013
Key Up;S;1127148
Key Up;Q;1127388
Key Down;A;1127644
Key Up;A;1127781
Key Down;Q;1128092
Key Up;Q;1128564
Key Down;S;1128788
Key Down;D;1128885
Key Up;D;1128957
Key Up;S;1130092
Key Down;Z;1130253
Key Down;Q;1131197
Key Up;Z;1132717
Key Down;S;1135284
Key Up;Q;1135461
Key Down;Q;1136829
Key Up;Q;1136901
Key Up;S;1137197
Key Down;D;1137293
Key Down;Z;1137397
Key Up;D;1137540
Key Up;Z;1137556
Key Down;Q;1138228
Key Down;S;1138453
Key Up;Q;1138661
Key Down;Q;1138853
Key Up;Q;1139029
Key Down;D;1139468
Key Up;D;1139597
Key Up;S;1139709
Key Down;Z;1140141
Key Down;D;1140228
Key Up;D;1140420
Key Up;Z;1140605
Key Down;Q;1141253
Key Down;S;1141397
Key Up;S;1141533
Key Down;Z;1141693
Key Up;Q;1141892
Key Down;D;1142285
Key Down;A;1142565
Key Up;A;1142653
Key Up;D;1142708
Key Up;Z;1142845
Key Down;Z;1143524
Key Up;Z;1143933
Key Down;S;1144725
Key Down;A;1144948
Key Up;A;1145029
Key Down;D;1145156
Key Up;D;1145629
Key Down;D;1145916
Key Up;D;1145997
Key Down;D;1147261
Key Up;S;1148172
Key Up;D;1150061
Key Down;D;1151621
Key Up;D;1151997
Key Down;D;1152877
Key Down;Z;1153036
Key Up;D;1153388
Key Down;D;1153468
Key Up;Z;1153716
Key Up;D;1153837
Key Down;Z;1156548
Key Up;Z;1156829
Key Down;Z;1157932
Key Down;Q;1159028
Key Up;Z;1159637
Key Up;Q;1159805
Key Down;A;1165493
Key Up;A;1165605
Key Down;Z;1165884
Key Down;Q;1166020
Key Up;Z;1167037
Key Down;Z;1168876
Key Up;Q;1168956
Key Up;Z;1169325
Key Down;Q;1169421
Key Down;S;1169573
Key Up;Q;1169972
Key Down;Q;1171780
Key Up;S;1172540
Key Up;Q;1172772
Key Down;Tab;1172948
Key Up;Tab;1173741
Key Down;D;1173797
Key Down;S;1173964
Key Up;S;1174628
Key Down;Z;1175005
Key Up;Z;1175109
Key Down;S;1176597
Key Up;D;1177893
Key Down;D;1179133
Key Up;S;1179357
Key Down;Z;1181213
Key Up;D;1181661
Key Down;Q;1181741
Key Up;Z;1181949
Key Up;Q;1182333
Key Down;Q;1182661
Key Down;S;1182860
Key Up;S;1183124
Key Down;Z;1183260
Key Up;Q;1183300
Key Up;Z;1183501
Key Down;D;1185413
Key Down;Z;1185781
Key Up;D;1186676
Key Up;Z;1186925
Key Down;D;1188740
Key Down;Z;1189156
Key Up;D;1189444
Key Down;Q;1189628
Key Up;Z;1189869
Key Up;Q;1189973
Key Down;S;1191140
Key Down;Q;1191709
Key Up;S;1191965
Key Up;Q;1192396
Key Down;Q;1192765
Key Up;Q;1193076
Key Down;S;1193476
Key Down;Q;1193589
Key Up;S;1194453
Key Up;Q;1194469
Key Down;Tab;1195165
Key Up;Tab;1196708
Key Down;D;1196845
Key Down;S;1199276
Key Up;S;1199868
Key Down;Z;1201284
Key Up;Z;1201789
Key Up;D;1201845
Key Down;Q;1202004
Key Down;S;1202100
Key Up;S;1202436
Key Up;Q;1202724
Key Down;Z;1202997
Key Down;D;1203701
Key Up;D;1203813
Key Down;D;1204452
Key Up;Z;1204724
Key Up;D;1204732
Key Down;Q;1204757
Key Up;Q;1205116
Key Down;D;1205293
Key Down;S;1205396
Key Up;S;1205597
Key Down;Z;1207805
Key Up;Z;1208085
Key Down;Z;1208396
Key Up;Z;1208516
Key Down;S;1208917
Key Up;D;1209348
Key Down;D;1209460
Key Up;D;1209621
Key Down;D;1209933
Key Up;D;1210084
Key Down;Q;1210428
Key Up;S;1210572
Key Up;Q;1210781
Key Down;A;1210892
Key Up;A;1211036
Key Down;Z;1211069
Key Down;Q;1211389
Key Up;Q;1211708
Key Up;Z;1211996
Key Down;S;1212292
Key Down;D;1212740
Key Up;D;1212924
Key Up;S;1213180
Key Down;Q;1213548
Key Up;Q;1213812
Key Down;D;1218068
Key Down;Z;1218133
Key Up;D;1218268
Key Down;Q;1218580
Key Up;Z;1219292
Key Down;S;1219460
Key Up;Q;1219708
Key Up;S;1219821
Key Down;S;1219981
Key Down;D;1220068
Key Up;D;1220316
Key Up;S;1220612
Key Down;A;1220621
Key Up;A;1220724
Key Down;S;1221140
Key Down;D;1221252
Key Up;S;1221653
Key Up;D;1221676
Key Down;Z;1222996
Key Down;D;1223005
Key Up;D;1223301
Key Up;Z;1223676
Key Down;D;1224364
Key Up;D;1224572
Key Down;S;1224588
Key Up;S;1224596
Key Down;S;1225004
Key Down;Q;1225084
Key Up;S;1225132
Key Up;Q;1225220
Key Down;D;1225588
Key Up;D;1225708
Key Down;S;1226060
Key Up;S;1226365
Key Down;D;1226493
Key Up;D;1226668
Key Down;Q;1226972
Key Down;S;1227308
Key Up;S;1227524
Key Down;Z;1227900
Key Up;Z;1228029
Key Up;Q;1228076
Key Down;D;1228629
Key Down;Z;1228757
Key Up;D;1228916
Key Up;Z;1229020
Key Down;Q;1229029
Key Up;Q;1229396
Key Down;Q;1236868
Key Down;S;1237133
Key Up;Q;1239021
Key Up;S;1239453
Key Down;S;1240644
Key Up;S;1242732
Key Down;S;1245012
Key Down;D;1245197
Key Up;D;1245356
Key Down;D;1245764
Key Up;S;1245804
Key Up;D;1247413
Key Down;Q;1248501
Key Up;Q;1248628
Key Down;Q;1248756
Key Down;S;1249100
Key Up;Q;1249436
Key Up;S;1249468
Key Down;Q;1249804
Key Down;S;1249908
Key Up;Q;1249949
Key Up;S;1250180
Key Down;S;1250620
Key Down;Q;1250644
Key Up;Q;1250916
Key Down;D;1251444
Key Up;D;1251780
Key Down;D;1252196
Key Up;S;1252948
Key Down;Z;1254132
Key Up;Z;1254484
Key Down;Z;1254940
Key Up;D;1255492
Key Down;Q;1255516
Key Up;Z;1255628
Key Up;Q;1255676
Key Down;S;1256412
Key Down;D;1256580
Key Up;D;1256844
Key Down;Q;1257148
Key Up;S;1257285
Key Down;Z;1258460
Key Up;Q;1258524
Key Down;D;1258588
Key Up;Z;1258964
Key Down;Z;1259748
Key Up;D;1260236
Key Down;Q;1260332
Key Up;Q;1260516
Key Down;Q;1260756
Key Up;Z;1261140
Key Up;Q;1261365
Key Down;S;1261612
Key Down;D;1261764
Key Up;D;1261892
Key Up;S;1261940
Key Down;Z;1262140
Key Up;Z;1262916
Key Down;Left Alt;1271684
Key Down;Tab;1271812
Key Up;Left Alt;1271884
Key Up;Tab;1271892
