Event;Key;Time
Key Down;Entrée;1017
Key Up;Entrée;1139
Key Down;Gauche;4665
Key Down;Q;5017
Key Down;Z;5502
Key Up;Z;5943
Key Up;Q;6514
Key Down;Q;6839
Key Up;Gauche;7185
Key Up;Q;7223
Key Down;D;7337
Key Up;D;7524
Key Down;Q;7674
Key Up;Q;7909
Key Down;D;7940
Key Down;Gauche;8062
Key Up;D;8254
Key Down;Q;8905
Key Down;Z;9058
Key Up;Q;9116
Key Up;Gauche;9127
Key Up;Z;9228
Key Down;D;9389
Key Up;D;9522
Key Down;Q;9616
Key Up;Q;9765
Key Down;D;9805
Key Down;Gauche;9954
Key Up;D;10061
Key Down;Q;10333
Key Down;Z;10434
Key Up;Z;10621
Key Up;Q;10919
Key Down;S;10936
Key Up;Gauche;11036
Key Up;S;11063
Key Down;Q;11074
Key Up;Q;11180
Key Down;S;11398
Key Up;S;11548
Key Down;D;11588
Key Down;Gauche;11838
Key Up;D;12017
Key Down;Z;12070
Key Down;Q;12076
Key Up;Z;12407
Key Up;Q;12918
Key Down;D;12956
Key Down;S;13073
Key Up;D;13382
Key Up;Gauche;13531
Key Up;S;13542
Key Down;D;13613
Key Up;D;13708
Key Down;Q;13992
Key Down;S;14104
Key Up;Q;14232
Key Down;D;14327
Key Down;Gauche;14456
Key Up;S;14520
Key Up;D;14808
Key Down;Q;15371
Key Down;Z;15414
Key Up;Gauche;15654
Key Up;Q;15675
Key Down;D;15787
Key Up;Z;15819
Key Up;D;16011
Key Down;Z;16066
Key Down;Q;16157
Key Up;Q;16338
Key Up;Z;16386
Key Down;Gauche;16462
Key Down;S;16814
Key Down;Q;16861
Key Up;S;17032
Key Up;Q;17069
Key Down;D;17198
Key Up;D;17437
Key Down;Q;17448
Key Down;S;17533
Key Up;Gauche;17917
Key Up;S;17965
Key Down;S;18529
Key Up;Q;18545
Key Down;D;18604
Key Down;Gauche;18705
Key Up;S;18747
Key Down;Droite;18865
Key Up;D;18929
Key Down;Q;18960
Key Up;Gauche;18971
Key Down;Z;18998
Key Up;Q;19211
Key Up;Z;19259
Key Down;Q;19531
Key Down;Z;19542
Key Up;Q;19802
Key Up;Droite;19850
Key Up;Z;19861
Key Down;D;20051
Key Down;Z;20610
Key Up;D;20707
Key Down;Q;20734
Key Down;Haut;20819
Key Up;Q;20920
Key Up;Z;21622
Key Down;Z;22027
Key Up;Z;22176
Key Down;Z;22470
Key Down;Droite;22858
Key Down;Q;22875
Key Up;Q;23056
Key Up;Haut;23082
Key Down;Bas;23269
Key Up;Z;23371
Key Up;Droite;23407
Key Down;Q;23615
Key Up;Q;23803
Key Down;Z;24026
Key Down;D;24079
Key Up;Z;24212
Key Up;D;24238
Key Up;Bas;24451
Key Down;D;24674
Key Down;S;24909
Key Up;D;25143
Key Down;Q;25165
Key Up;S;25254
Key Down;S;25399
Key Up;Q;25484
Key Down;Espace;25500
Key Up;Espace;25671
Key Down;Bas;26006
Key Down;D;26033
Key Up;D;26230
Key Down;Q;27110
Key Down;Gauche;27306
Key Up;S;27312
Key Up;Bas;27386
Key Down;S;27749
Key Up;S;27904
Key Up;Q;28463
Key Down;Q;28826
Key Up;Gauche;29806
Key Up;Q;29886
Key Down;D;30012
Key Down;Gauche;30405
Key Up;D;30629
Key Down;D;30949
Key Down;Z;31066
Key Up;D;31125
Key Down;Q;31152
Key Up;Z;31402
Key Up;Gauche;31567
Key Up;Q;31604
Key Down;D;31713
Key Down;S;31761
Key Up;D;32149
Key Down;D;32171
Key Up;S;32234
Key Down;Gauche;32416
Key Down;S;32485
Key Down;Q;32517
Key Down;Haut;32576
Key Up;D;32581
Key Up;Gauche;32800
Key Up;S;32896
Key Down;Droite;33203
Key Down;Gauche;33598
Key Down;Z;33635
Key Up;Droite;33667
Key Up;Haut;33726
Key Up;Z;34008
Key Down;Z;34195
Key Up;Z;34344
Key Down;Haut;34887
Key Down;Z;35128
Key Up;Gauche;35213
Key Up;Q;35341
Key Up;Z;36061
Key Down;Q;36618
Key Down;Gauche;36720
Key Down;Z;36800
Key Up;Haut;36811
Key Up;Q;37114
Key Up;Gauche;37189
Key Up;Z;37275
Key Down;D;37564
Key Down;S;37671
Key Up;D;37730
Key Down;Q;37820
Key Down;Droite;37874
Key Up;S;38028
Key Up;Q;38050
Key Down;S;38199
Key Down;D;38412
Key Down;Haut;38561
Key Up;S;38700
Key Up;Droite;38737
Key Up;D;38881
Key Up;Haut;39030
Key Down;D;39093
Key Down;Haut;39774
Key Up;D;39843
Key Down;Z;40035
Key Down;Gauche;40115
Key Down;D;40163
Key Up;Haut;40237
Key Up;D;40547
Key Up;Z;40685
Key Up;Gauche;40696
Key Down;Gauche;41165
Key Up;Gauche;42310
Key Down;S;42337
Key Up;S;42454
Key Down;Q;42684
Key Down;Droite;42818
Key Up;Q;43420
Key Down;Haut;43494
Key Down;Z;43819
Key Up;Droite;43830
Key Down;Q;43900
Key Up;Q;44086
Key Down;Espace;44347
Key Up;Z;44433
Key Up;Espace;44476
Key Down;Q;44545
Key Down;S;44561
Key Up;Q;44992
Key Down;D;45190
Key Up;S;45380
Key Up;D;45465
Key Down;Z;45582
Key Down;Espace;45780
Key Up;Espace;45950
Key Up;Z;46025
Key Down;Z;46446
Key Up;Z;46964
Key Down;Entrée;47501
Key Up;Entrée;47603
Key Down;Z;47757
Key Up;Z;47912
Key Up;Haut;47976
Key Down;S;48146
Key Up;S;48258
Key Down;S;48710
Key Down;Q;48801
Key Down;Droite;48870
Key Up;S;48988
Key Up;Q;49286
Key Down;Haut;49387
Key Down;D;49600
Key Up;Droite;49685
Key Up;D;50027
Key Down;Q;50075
Key Up;Q;50224
Key Down;D;50378
Key Down;Z;50874
Key Up;D;51007
Key Up;Z;51061
Key Up;Haut;51311
Key Down;D;51603
Key Up;D;51736
Key Down;Q;51887
Key Up;Q;52026
Key Down;Q;52223
Key Down;Droite;52282
Key Down;Z;52532
Key Down;Bas;52564
Key Up;Q;52649
Key Up;Droite;52697
Key Down;D;52980
Key Up;Z;53171
Key Up;D;53246
Key Down;D;53337
Key Down;S;53395
Key Up;D;53433
Key Down;D;53459
Key Up;S;53508
Key Up;Bas;53577
Key Up;D;53673
Key Down;Z;53809
Key Down;Q;53905
Key Up;Z;53927
Key Up;Q;54151
Key Down;Z;54156
Key Down;Bas;54485
Key Up;Z;54512
Key Down;D;55209
Key Down;Gauche;55231
Key Up;Bas;55412
Key Down;S;55440
Key Down;Haut;55625
Key Up;D;55647
Key Down;Q;55684
Key Up;S;55914
Key Up;Gauche;55935
Key Up;Q;56031
Key Up;Haut;56063
Key Down;S;56377
Key Up;S;56499
Key Down;S;56713
Key Down;Q;57145
Key Up;Q;57310
Key Up;S;57326
Key Down;D;60118
Key Up;D;60235
Key Down;Z;60286
Key Up;Z;60488
Key Down;D;61664
Key Down;S;61674
Key Up;D;61909
Key Down;Q;62149
Key Up;Q;62282
Key Down;Gauche;62373
Key Down;Bas;62532
Key Up;S;62565
Key Down;S;62698
Key Up;Gauche;62810
Key Down;Q;63018
Key Up;Q;63162
Key Down;D;63380
Key Up;D;63582
Key Up;S;65634
Key Down;S;66119
Key Up;Bas;66263
Key Up;S;66284
Key Down;Q;66482
Key Down;Z;66551
Key Down;Gauche;66604
Key Up;Z;66764
Key Up;Q;66796
Key Down;Q;67137
Key Up;Q;67265
Key Down;Q;67452
Key Up;Q;67574
Key Up;Gauche;67756
Key Down;S;68075
Key Down;Q;68091
Key Down;Droite;68133
Key Up;Q;68277
Key Down;D;68405
Key Down;Bas;68442
Key Up;S;68480
Key Up;D;68528
Key Up;Droite;68571
Key Down;Q;69002
Key Up;Q;69205
Key Up;Bas;69397
Key Down;Q;69510
Key Up;Q;69739
Key Down;S;69827
Key Up;S;70099
Key Down;D;70115
Key Down;Droite;70136
Key Up;D;71677
Key Down;Z;72028
Key Up;Z;72135
Key Up;Droite;72220
Key Down;Droite;72609
Key Down;Espace;73451
Key Up;Espace;73595
Key Up;Droite;74507
Key Down;Z;74513
Key Down;D;74550
Key Up;Z;74706
Key Down;Droite;75099
Key Down;S;75919
Key Up;S;75988
Key Up;D;76393
Key Down;D;76744
Key Up;D;77134
Key Up;Droite;77155
Key Down;Q;77376
Key Up;Q;77494
Key Down;S;77737
Key Up;S;78025
Key Down;Q;78030
Key Down;Droite;78089
Key Down;Z;78260
Key Up;Q;78265
Key Up;Z;78414
Key Down;Q;78695
Key Up;Q;78866
Key Down;D;79143
Key Up;Droite;79313
Key Up;D;79393
Key Down;S;79434
Key Down;D;79552
Key Up;S;79669
Key Up;D;79754
Key Down;Droite;79881
Key Down;Q;79902
Key Up;Q;80115
Key Down;Z;80254
Key Down;Bas;80323
Key Down;D;80376
Key Up;Droite;80446
Key Up;Z;80558
Key Up;D;80733
Key Down;S;81123
Key Up;Bas;81213
Key Up;S;81224
Key Down;Z;81461
Key Up;Z;81615
Key Down;D;81715
Key Up;D;82036
Key Down;Droite;82101
Key Down;S;82330
Key Up;S;82544
Key Down;D;82629
Key Down;Z;83013
Key Up;Z;83232
Key Up;D;84058
Key Down;D;84287
Key Up;Droite;84765
Key Down;S;85266
Key Up;D;85288
Key Down;Q;85591
Key Down;Droite;85767
Key Up;S;85773
Key Up;Q;86146
Key Down;Z;86833
Key Up;Droite;87036
Key Up;Z;87116
Key Down;D;87522
Key Down;Espace;87841
Key Up;Espace;88012
Key Up;D;88188
Key Down;Droite;88413
Key Down;S;88796
Key Down;D;88801
Key Up;D;89100
Key Down;D;89356
Key Up;D;89532
Key Up;S;89644
Key Up;Droite;89905
Key Down;Z;89960
Key Up;Z;90657
Key Down;Q;90729
Key Down;Droite;90914
Key Down;S;91095
Key Up;Q;91448
Key Down;D;91618
Key Up;S;91623
Key Down;Z;91964
Key Up;D;92098
Key Down;Q;92407
Key Up;Q;92546
Key Up;Z;92721
Key Down;D;92995
Key Up;D;93172
Key Up;Droite;93279
Key Down;S;93620
Key Up;S;93865
Key Down;S;94039
Key Down;Droite;94161
Key Up;S;94332
Key Down;Z;94743
Key Up;Z;94892
Key Down;Z;95260
Key Up;Droite;95302
Key Up;Z;95350
Key Down;D;95574
Key Down;Bas;95685
Key Down;S;95754
Key Up;D;95883
Key Up;S;96144
Key Down;D;96310
Key Up;D;96555
Key Down;S;96705
Key Up;S;96843
Key Up;Bas;96916
Key Down;Q;96998
Key Down;Z;97317
Key Down;Gauche;97461
Key Down;Haut;97584
Key Up;Q;98080
Key Up;Gauche;98112
Key Down;Q;98170
Key Up;Q;98192
Key Down;D;98880
Key Down;Droite;98912
Key Up;Haut;99247
Key Up;Z;99376
Key Down;Z;99769
Key Up;Z;99933
Key Down;Bas;100419
Key Up;Bas;100547
Key Down;Bas;100680
Key Up;Bas;100776
Key Down;Bas;100893
Key Up;Bas;100978
Key Down;Bas;101100
Key Up;Bas;101176
Key Down;Bas;101293
Key Up;Bas;101368
Key Down;Bas;101474
Key Up;Bas;101569
Key Down;Bas;101660
Key Up;Bas;101948
Key Up;D;102705
Key Down;D;102938
Key Up;D;103119
Key Down;Q;103263
Key Down;Haut;103311
Key Up;Droite;103365
Key Up;Q;103503
Key Up;Haut;103513
Key Down;D;103662
Key Up;D;103843
Key Down;Z;103924
Key Up;Z;104121
Key Down;S;104291
Key Down;Droite;104349
Key Up;S;104483
Key Down;D;104557
Key Up;D;105026
Key Down;D;105309
Key Down;Z;105506
Key Up;Droite;105666
Key Up;Z;105676
Key Up;D;105741
Key Down;Q;105891
Key Down;Z;105980
Key Up;Q;106065
Key Up;Z;106161
Key Down;Droite;106395
Key Down;S;106437
Key Down;Q;106507
Key Up;S;106923
Key Down;S;106960
Key Up;Q;106976
Key Up;S;107002
Key Down;S;107381
Key Down;D;107504
Key Up;Droite;107642
Key Up;S;107685
Key Up;D;107701
Key Down;Q;107757
Key Up;Q;107954
Key Down;Droite;108068
Key Down;Q;108121
Key Down;Z;108148
Key Down;Bas;108211
Key Up;Droite;108307
Key Down;Gauche;108345
Key Up;Bas;108424
Key Up;Z;108462
Key Up;Q;108591
Key Down;D;108623
Key Down;Z;109324
Key Up;D;109436
Key Down;Q;109446
Key Up;Z;109516
Key Down;S;110230
Key Up;S;110353
Key Down;Bas;111051
Key Up;Bas;113420
Key Down;Haut;116936
Key Up;Haut;117283
Key Down;Haut;117454
Key Down;Z;117646
Key Up;Q;118114
Key Up;Gauche;118193
Key Down;D;118422
Key Up;D;118481
Key Down;D;118796
Key Up;D;118955
Key Down;D;119339
Key Up;D;119441
Key Up;Z;119563
Key Down;Z;119702
Key Up;Z;120192
Key Down;Z;120576
Key Up;Z;122083
Key Down;Entrée;125281
Key Up;Entrée;125489
Key Down;Q;127284
Key Down;Gauche;127326
Key Up;Haut;127470
Key Up;Q;129772
Key Down;Q;130029
Key Down;Z;130251
Key Up;Gauche;130384
Key Up;Z;130432
Key Up;Q;130448
Key Down;D;130694
Key Down;Gauche;130843
Key Down;S;130891
Key Up;D;130982
Key Down;Q;131024
Key Up;S;131254
Key Up;Q;131318
Key Down;S;131915
Key Down;Q;131937
Key Up;Gauche;132310
Key Up;S;132326
Key Up;Q;132400
Key Down;D;132429
Key Down;Z;132717
Key Up;D;132882
Key Down;Droite;132930
Key Down;Bas;132994
Key Down;Q;133037
Key Up;Droite;133053
Key Up;Z;133159
Key Up;Q;133344
Key Down;Q;133445
Key Down;S;133632
Key Up;Q;133813
Key Down;D;133829
Key Down;Droite;133866
Key Up;S;133910
Key Up;Bas;133989
Key Down;Espace;134128
Key Up;Espace;134331
Key Down;Z;134763
Key Up;Z;135061
Key Down;Bas;135551
Key Up;Droite;135722
Key Down;S;135945
Key Up;D;136562
Key Up;S;136983
Key Down;S;137415
Key Up;S;137554
Key Down;Z;137698
Key Up;Bas;137842
Key Up;Z;137847
Key Down;Q;137961
Key Up;Q;138095
Key Down;S;138100
Key Down;Q;138206
Key Up;S;138319
Key Down;S;138430
Key Down;Droite;138511
Key Up;Q;138771
Key Up;S;138836
Key Down;S;139086
Key Down;Haut;139198
Key Down;D;139230
Key Up;S;139409
Key Up;Droite;139420
Key Up;D;139479
Key Down;D;139666
Key Up;Haut;139852
Key Up;D;139942
Key Down;Q;140057
Key Up;Q;140222
Key Down;D;140280
Key Down;Z;140392
Key Up;D;140477
Key Up;Z;140498
Key Down;D;140604
Key Down;S;140716
Key Up;D;140887
Key Down;Droite;140913
Key Up;S;140919
Key Down;D;141253
Key Down;Z;141606
Key Up;Z;141984
Key Down;Z;142165
Key Up;Z;142341
Key Up;D;142740
Key Down;D;143140
Key Up;D;143480
Key Up;Droite;143502
Key Down;Q;144031
Key Down;Droite;144186
Key Down;S;144212
Key Up;S;144314
Key Up;Q;144362
Key Down;Z;144645
Key Up;Z;144831
Key Down;Z;145103
Key Down;D;145167
Key Up;Z;145231
Key Up;D;145263
Key Up;Droite;145273
Key Down;Q;145425
Key Up;Q;145537
Key Down;Droite;145796
Key Down;Z;146011
Key Down;Bas;146064
Key Down;D;146122
Key Up;Droite;146181
Key Down;Gauche;146335
Key Up;Z;146341
Key Up;Bas;146693
Key Up;D;146869
Key Down;S;146885
Key Up;S;147029
Key Up;Gauche;147093
Key Down;D;147201
Key Up;D;147451
Key Down;Droite;147549
Key Down;Q;147597
Key Down;S;148119
Key Up;Q;148194
Key Up;S;148301
Key Down;Q;148608
Key Up;Droite;148704
Key Down;S;148709
Key Up;S;148805
Key Up;Q;148821
Key Down;D;149122
Key Up;D;149384
Key Down;D;149519
Key Down;Espace;149706
Key Up;Espace;149843
Key Up;D;149859
Key Down;Q;149933
Key Up;Q;150077
Key Down;D;150293
Key Down;Droite;150383
Key Up;D;151598
Key Down;D;152061
Key Up;D;152493
Key Up;Droite;152557
Key Down;Q;152987
Key Down;S;153131
Key Down;Droite;153356
Key Up;S;153360
Key Down;Z;153530
Key Down;Bas;153552
Key Up;Q;153558
Key Up;Droite;153664
Key Down;D;153930
Key Up;Z;154096
Key Down;S;154458
Key Up;Bas;154867
Key Up;S;154958
Key Up;D;155071
Key Down;Z;155141
Key Down;Q;155465
Key Up;Z;155551
Key Up;Q;155642
Key Down;D;155769
Key Down;Q;155982
Key Up;D;155993
Key Down;Gauche;156370
Key Down;S;156760
Key Up;S;157181
Key Down;Bas;157628
Key Down;S;160154
Key Up;Gauche;160499
Key Up;Q;161161
Key Up;S;161432
Key Up;Bas;162002
Key Down;S;162097
Key Up;S;162268
Key Down;S;162582
Key Up;S;162731
Key Down;Z;162903
Key Down;Droite;162962
Key Up;Z;163149
Key Down;Q;163389
Key Down;Gauche;163410
Key Up;Gauche;163782
Key Down;S;163798
Key Up;Q;164251
Key Down;D;164651
Key Up;S;164683
Key Down;Gauche;164934
Key Down;Z;165072
Key Up;Droite;165083
Key Down;Espace;165323
Key Up;Espace;165461
Key Up;D;165664
Key Down;Q;165680
Key Up;Z;165792
Key Down;S;166643
Key Up;S;166787
Key Up;Q;167251
Key Down;Q;167554
Key Down;Z;167927
Key Up;Gauche;168018
Key Up;Z;168060
Key Up;Q;168215
Key Down;D;168250
Key Down;S;168346
Key Down;Gauche;168618
Key Up;S;168793
Key Up;D;168857
Key Down;Q;169007
Key Down;Haut;169747
Key Down;S;169773
Key Up;S;170018
Key Up;Gauche;170108
Key Down;Z;170423
Key Up;Haut;170529
Key Up;Z;170567
Key Up;Q;170679
Key Down;Z;170690
Key Down;D;170860
Key Up;D;171218
Key Up;Z;171399
Key Down;E;171519
Key Up;E;171658
Key Down;Q;171738
Key Down;S;171887
Key Up;Q;172153
Key Down;D;172478
Key Up;S;172850
Key Up;D;173079
Key Down;Z;173133
Key Down;Q;173208
Key Up;Q;173816
Key Down;Q;173944
Key Up;Q;174072
Key Down;D;174163
Key Up;Z;174333
Key Down;S;174684
Key Down;Gauche;174812
Key Up;D;174855
Key Down;Q;175122
Key Up;S;175223
Key Up;Q;176171
Key Down;Q;176448
Key Up;Gauche;176868
Key Up;Q;176991
Key Down;D;177007
Key Up;D;177156
Key Down;D;177325
Key Down;S;177421
Key Down;Q;177480
Key Up;D;177485
Key Up;Q;177677
Key Down;D;177724
Key Down;Gauche;177826
Key Down;Q;178034
Key Up;D;178045
Key Down;Haut;178114
Key Up;S;178178
Key Up;Gauche;178407
Key Down;Droite;178742
Key Down;Z;178816
Key Up;Haut;178907
Key Up;Q;178966
Key Up;Z;179003
Key Up;Droite;179259
Key Down;Z;179264
Key Down;D;179595
Key Up;D;179951
Key Down;Q;180068
Key Up;Q;180185
Key Down;Droite;180245
Key Up;Z;180309
Key Down;S;180613
Key Down;Q;180618
Key Up;S;180810
Key Up;Q;180815
Key Down;D;180949
Key Up;D;181215
Key Up;Droite;181475
Key Down;Q;181632
Key Down;S;181653
Key Up;Q;182025
Key Down;D;182046
Key Up;S;182276
Key Down;Z;182494
Key Up;D;182622
Key Up;Z;182723
Key Down;Q;182746
Key Down;S;182975
Key Up;Q;183092
Key Down;D;183130
Key Up;S;183216
Key Down;Z;183397
Key Up;D;183604
Key Up;Z;183882
Key Down;D;183996
Key Up;D;184364
Key Down;A;184509
Key Up;A;184626
Key Down;Q;184830
Key Down;S;185128
Key Up;Q;185305
Key Down;Q;185491
Key Up;S;185545
Key Down;Espace;185966
Key Up;Espace;186147
Key Down;S;186584
Key Up;S;186723
Key Up;Q;187234
Key Down;Gauche;187480
Key Down;Q;187587
Key Up;Q;188449
Key Down;D;188459
Key Down;Droite;188518
Key Up;Gauche;188817
Key Down;Q;192851
Key Up;D;192867
Key Down;Gauche;192899
Key Up;Droite;193112
Key Down;S;193128
Key Down;Bas;193159
Key Up;Q;193214
Key Down;Espace;193325
Key Up;Espace;193486
Key Up;Gauche;193656
Key Up;S;193769
Key Down;D;194290
Key Down;S;194429
Key Up;D;194551
Key Up;S;194812
Key Down;S;195393
Key Down;D;195495
Key Up;S;195623
Key Up;D;195697
Key Down;Q;195708
Key Down;Gauche;195788
Key Down;S;195846
Key Up;Bas;195883
Key Up;S;196177
Key Up;Q;196182
Key Up;Gauche;196192
Key Down;Z;196322
Key Up;Z;196497
Key Down;Q;196600
Key Up;Q;196680
Key Down;D;196750
Key Down;S;196825
Key Up;D;196919
Key Down;D;197058
Key Down;Gauche;197159
Key Up;D;197453
Key Down;Haut;197506
Key Down;D;197537
Key Up;Haut;197623
Key Up;S;197655
Key Down;Haut;197692
Key Up;Haut;197772
Key Up;D;197826
Key Down;Q;197862
Key Down;S;198018
Key Down;Haut;198087
Key Up;Q;198151
Key Up;Haut;198231
Key Up;S;198380
Key Down;Haut;198481
Key Down;Q;198498
Key Up;Haut;198694
Key Up;Gauche;198705
Key Up;Q;198710
Key Down;Q;199173
Key Down;Droite;199205
Key Down;Z;199397
Key Up;Z;199733
Key Up;Q;199743
Key Down;Z;199976
Key Down;D;200035
Key Up;D;200334
Key Down;D;200414
Key Up;Z;200509
Key Up;Droite;200520
Key Up;D;200606
Key Down;Z;200844
Key Down;Q;200929
Key Up;Z;201057
Key Up;Q;201068
Key Down;Droite;201315
Key Down;D;201331
Key Down;S;201518
Key Up;S;202003
Key Up;D;202114
Key Down;Bas;202221
Key Down;Q;202280
Key Up;Droite;202344
Key Up;Q;202424
Key Down;D;202579
Key Down;S;202600
Key Up;D;202707
Key Up;S;203478
Key Down;S;204096
Key Down;Q;204139
Key Up;S;204266
Key Up;Q;204426
Key Up;Bas;204453
Key Down;Q;204635
Key Up;Q;204774
Key Down;D;204979
Key Down;S;205112
Key Down;Gauche;205320
Key Up;S;205560
Key Up;D;205843
Key Down;Q;205896
Key Up;Z;206704
Key Up;Gauche;206843
Key Up;Q;206907
Key Down;S;207108
Key Down;D;207470
Key Up;D;207684
Key Down;Gauche;207940
Key Up;S;207956
Key Down;D;207993
Key Up;D;208579
Key Down;Q;208665
Key Up;Q;208787
Key Down;Q;209009
Key Up;Gauche;209271
Key Up;Q;209538
Key Down;Z;209741
Key Down;D;210023
Key Up;Z;210253
Key Up;D;210669
Key Down;Q;210950
Key Down;Z;211099
Key Up;Q;211142
Key Down;Espace;212212
Key Up;Espace;212387
Key Down;Gauche;213342
Key Down;Q;213363
Key Up;Z;213885
Key Down;Z;214344
Key Up;Z;214589
Key Down;Haut;215233
Key Up;Gauche;215708
Key Down;Z;215724
Key Up;Q;216182
Key Up;Z;216800
Key Down;Entrée;217408
Key Up;Entrée;217654
Key Down;Z;217808
Key Up;Z;217984
Key Up;Haut;218021
Key Down;S;218903
Key Down;Q;218914
Key Down;Droite;218951
Key Up;S;219074
Key Down;Z;219857
Key Up;Q;219862
Key Up;Z;220231
Key Up;Droite;220311
Key Down;S;220545
Key Down;Droite;220992
Key Down;D;221225
Key Up;S;221406
Key Up;D;221624
Key Down;D;221928
Key Up;D;222227
Key Down;Haut;222253
Key Down;Z;222467
Key Down;Q;222472
Key Up;Q;222606
Key Up;Haut;222654
Key Down;D;223070
Key Up;D;223326
Key Up;Z;223347
Key Down;Q;223358
Key Down;S;223677
Key Down;Gauche;223715
Key Up;Q;223789
Key Up;Droite;223864
Key Up;Gauche;223944
Key Up;S;224018
Key Down;S;224707
Key Down;Droite;224733
Key Down;D;225005
Key Up;S;225224
Key Up;D;225410
Key Down;D;225624
Key Down;Z;225810
Key Up;D;225815
Key Down;D;226002
Key Up;Droite;226082
Key Up;Z;226194
Key Down;Z;226307
Key Up;D;226349
Key Down;D;226445
Key Up;Z;226450
Key Up;D;226631
Key Down;Q;226694
Key Up;Q;227105
Key Down;Q;227449
Key Up;Q;227603
Key Down;S;228646
Key Up;S;228982
Key Down;Q;229045
Key Down;Droite;229220
Key Down;Z;229386
Key Up;Q;229460
Key Down;Haut;229572
Key Up;Droite;229701
Key Down;D;229957
Key Up;D;230483
Key Down;D;230926
Key Up;D;231027
Key Up;Z;231223
Key Down;Q;231800
Key Down;Droite;232306
Key Down;Z;232327
Key Up;Haut;232497
Key Up;Q;232503
Key Up;Z;232892
Key Up;Droite;233042
Key Down;D;233546
Key Down;Bas;233648
Key Down;Z;233717
Key Up;Z;233941
Key Up;D;234336
Key Down;D;234612
Key Up;D;234853
Key Up;Bas;235001
Key Down;D;235308
Key Down;S;235410
Key Down;Gauche;235547
Key Up;D;235691
Key Down;Q;236022
Key Up;S;236436
Key Down;Bas;236654
Key Down;S;236751
Key Up;Q;236858
Key Up;Gauche;236954
Key Up;S;237129
Key Down;Q;237534
Key Down;S;237769
Key Up;Q;237924
Key Down;Q;237998
Key Up;Q;238067
Key Up;S;238243
Key Down;Z;238931
Key Up;Z;239075
Key Down;A;239873
Key Up;A;240027
Key Down;Z;240395
Key Up;Z;240875
Key Down;S;241067
Key Up;S;241477
Key Down;Tab;241626
Key Up;Bas;241712
Key Up;Tab;244104
Key Down;Z;244364
Key Down;D;244518
Key Up;Z;244711
Key Up;D;244972
Key Down;Entrée;247410
Key Up;Entrée;247484
Key Down;Gauche;249400
Key Down;Q;250194
Key Up;Q;250781
Key Down;Q;250989
Key Up;Q;251894
Key Down;Q;252304
Key Down;Z;252475
Key Up;Q;252560
Key Down;D;252672
Key Up;Gauche;253056
Key Up;D;253109
Key Up;Z;253296
Key Down;Gauche;253945
Key Down;D;254286
Key Up;Gauche;254786
Key Down;Gauche;255283
Key Down;S;255373
Key Down;Haut;255496
Key Up;D;255565
Key Down;Q;255672
Key Up;S;255714
Key Up;Gauche;255762
Key Down;Droite;255842
Key Up;Haut;256002
Key Down;Z;256263
Key Up;Q;256551
Key Up;Z;256690
Key Up;Droite;256769
Key Down;Q;257163
Key Down;Bas;257334
Key Down;S;257418
Key Down;Droite;257662
Key Up;Bas;257780
Key Up;Q;257865
Key Down;Q;258169
Key Up;Q;258393
Key Up;Droite;258649
Key Up;S;258654
Key Down;Z;258909
Key Down;D;259005
Key Up;Z;259255
Key Down;Droite;259341
Key Down;Z;259389
Key Up;D;259628
Key Up;Z;259682
Key Down;S;260071
Key Down;D;260273
Key Up;S;260369
Key Down;Espace;260428
Key Up;Espace;260624
Key Down;Z;261402
Key Up;Z;261674
Key Down;Haut;262207
Key Up;Droite;262319
Key Down;Z;262511
Key Up;D;262959
Key Up;Z;263444
Key Down;Z;264023
Key Up;Haut;264038
Key Up;Z;264146
Key Down;S;264320
Key Down;Droite;264437
Key Down;Q;264538
Key Down;Gauche;264661
Key Up;S;264667
Key Up;Droite;264784
Key Up;Q;264869
Key Down;Q;265556
Key Up;Gauche;265684
Key Up;Q;265759
Key Down;D;265949
Key Down;Droite;266055
Key Down;Z;266098
Key Up;Z;266773
Key Down;Bas;266917
Key Up;Bas;267034
Key Down;S;267151
Key Up;D;267162
Key Up;Droite;267295
Key Up;S;267349
Key Down;Q;267478
Key Down;S;267484
Key Down;Droite;268011
Key Up;S;268016
Key Down;Z;268283
Key Up;Q;268289
Key Up;Z;268480
Key Down;Bas;268864
Key Down;D;268939
Key Down;S;268944
Key Up;Droite;269061
Key Up;D;269136
Key Up;S;269189
Key Down;S;270472
Key Down;Droite;270808
Key Down;D;270915
Key Up;Bas;271080
Key Up;S;271592
Key Up;D;272432
Key Down;D;272701
Key Up;D;273128
Key Down;Q;273165
Key Up;Q;273394
Key Down;D;273730
Key Up;D;273895
Key Up;Droite;273932
Key Down;Q;274009
Key Up;Q;274158
Key Down;Q;274662
Key Up;Q;274784
Key Down;Droite;274866
Key Down;D;275062
Key Down;Espace;275829
Key Up;Espace;276005
Key Up;D;276853
Key Down;D;277151
Key Up;Droite;277557
Key Up;D;277562
Key Down;Q;277693
Key Down;S;278098
Key Down;Droite;278120
Key Up;S;278365
Key Up;Q;278402
Key Down;Bas;278520
Key Up;Droite;278757
Key Down;Z;279019
Key Up;Z;279136
Key Up;Bas;279446
Key Down;D;279462
Key Down;Droite;280118
Key Up;D;280181
Key Down;D;280634
Key Up;D;280783
Key Down;D;280986
Key Up;D;281162
Key Up;Droite;281248
Key Down;S;281348
Key Up;S;281614
Key Down;Z;281837
Key Down;D;281853
Key Up;Z;281992
Key Up;D;282035
Key Down;Droite;282224
Key Down;Q;282240
Key Up;Q;282528
Key Down;Q;282742
Key Down;Z;282832
Key Up;Q;282960
Key Down;Q;283269
Key Up;Z;283275
Key Up;Q;283435
Key Down;S;283786
Key Down;D;283908
Key Up;S;283957
Key Down;Z;284111
Key Up;D;284154
Key Down;Haut;284297
Key Down;Q;284436
Key Up;Droite;284446
Key Up;Q;284607
Key Up;Z;285096
Key Down;Z;285575
Key Up;Haut;285719
Key Up;Z;285725
Key Down;S;285870
Key Down;Q;285956
Key Up;S;286142
Key Up;Q;286276
Key Down;S;286479
Key Down;D;286555
Key Down;Gauche;286580
Key Up;S;286639
Key Down;Z;286788
Key Up;D;287103
Key Up;Z;287108
Key Down;Q;287167
Key Down;Z;287274
Key Down;Bas;287332
Key Up;Q;287337
Key Up;Z;287626
Key Up;Gauche;287716
Key Up;Bas;287831
Key Down;D;287908
Key Up;D;288159
Key Down;Q;288255
Key Down;Z;288276
Key Up;Q;288494
Key Down;Q;288719
Key Down;Droite;288739
Key Up;Z;288846
Key Down;S;289097
Key Up;Q;289357
Key Down;Haut;289465
Key Down;D;289480
Key Up;Droite;289662
Key Up;S;289731
Key Up;D;289741
Key Down;D;290071
Key Up;Haut;290237
Key Down;S;290243
Key Up;D;290349
Key Down;D;290685
Key Up;S;290701
Key Down;Gauche;290759
Key Down;Z;290924
Key Up;D;291051
Key Down;Bas;291105
Key Down;Q;291301
Key Up;Q;291558
Key Up;Gauche;291622
Key Down;Q;291723
Key Up;Q;291808
Key Up;Z;291905
Key Down;Q;292096
Key Down;Droite;292325
Key Up;Bas;292496
Key Up;Q;292533
Key Down;Q;292752
Key Up;Q;292955
Key Down;Q;293125
Key Down;S;293322
Key Up;Q;293359
Key Up;S;293551
Key Down;Z;294387
Key Down;D;294424
Key Up;Z;294573
Key Up;D;294600
Key Down;Q;294984
Key Down;S;295213
Key Up;Q;295309
Key Up;S;295373
Key Down;Z;295836
Key Down;D;295997
Key Up;Z;296044
Key Up;D;296081
Key Down;Q;297183
Key Up;Q;297434
Key Down;D;297818
Key Up;D;298003
Key Down;D;298830
Key Up;D;298968
Key Down;D;300065
Key Down;Z;300075
Key Down;Gauche;300459
Key Up;Z;300470
Key Up;Droite;300949
Key Up;D;301221
Key Down;D;301295
Key Up;D;301509
Key Down;Q;302027
Key Up;Q;302191
Key Down;Q;302612
Key Up;Q;303255
Key Down;Bas;303367
Key Down;Q;303565
Key Up;Gauche;303645
Key Up;Bas;303714
Key Up;Q;304034
Key Down;Droite;304163
Key Down;S;304771
Key Up;S;304941
Key Down;D;304984
Key Up;D;305133
Key Down;S;306124
Key Down;D;306246
Key Up;S;306348
Key Up;D;306449
Key Down;Bas;306865
Key Down;Q;307302
Key Up;Q;307436
Key Up;Droite;307542
Key Down;Z;307749
Key Up;Z;308117
Key Up;Bas;308378
Key Down;D;308384
Key Up;D;308640
Key Down;Q;308656
Key Down;S;308666
Key Up;Q;308912
Key Up;S;309214
Key Down;Z;309306
Key Down;Bas;309327
Key Up;Z;309748
Key Down;Z;309924
Key Down;Q;310153
Key Down;Droite;310494
Key Up;Z;310617
Key Up;Q;310665
Key Up;Bas;310692
Key Down;S;310862
Key Up;Droite;310905
Key Up;S;311001
Key Down;S;311250
Key Up;S;311346
Key Down;Droite;311518
Key Down;D;311555
Key Down;S;311929
Key Up;S;312161
Key Up;D;312279
Key Down;S;312391
Key Down;Q;312396
Key Down;Bas;312455
Key Up;Q;312535
Key Up;Droite;312599
Key Down;Espace;312802
Key Up;Espace;312967
Key Down;D;313340
Key Down;Droite;313404
Key Up;Bas;313570
Key Up;S;313863
Key Down;S;314385
Key Up;S;314545
Key Up;D;314940
Key Down;D;315236
Key Up;Droite;315673
Key Up;D;315683
Key Down;Z;316037
Key Down;D;316218
Key Up;Z;316442
Key Up;D;316474
Key Down;Q;316490
Key Down;Droite;316666
Key Up;Q;317022
Key Down;Q;317534
Key Up;Q;317705
Key Down;Bas;317838
Key Down;D;318034
Key Up;Droite;318055
Key Up;D;318210
Key Down;Q;318349
Key Down;Droite;318476
Key Up;Bas;318588
Key Down;S;318669
Key Up;Q;319271
Key Down;Haut;319303
Key Up;Droite;319516
Key Up;Haut;319612
Key Down;D;319622
Key Up;S;319649
Key Up;D;319751
Key Down;D;319883
Key Down;Gauche;320469
Key Up;D;320618
Key Down;D;320921
Key Up;D;321086
Key Down;Z;321427
Key Down;Q;321677
Key Up;Gauche;321827
Key Up;Q;321885
Key Up;Z;322003
Key Down;D;322125
Key Down;S;322205
Key Up;D;322279
Key Down;Q;322365
Key Down;Gauche;322461
Key Up;Q;322552
Key Up;S;322589
Key Down;Q;322839
Key Down;S;322999
Key Up;S;323186
Key Up;Q;323245
Key Down;Q;323458
Key Up;Gauche;323634
Key Down;Z;323815
Key Up;Q;323873
Key Up;Z;323985
Key Down;D;324031
Key Down;Z;324365
Key Up;D;324376
Key Down;D;324546
Key Up;Z;324562
Key Down;Gauche;324771
Key Up;D;324888
Key Down;Z;325330
Key Up;Z;325453
Key Down;D;325746
Key Down;S;325831
Key Up;D;325922
Key Up;S;325943
Key Up;Gauche;326119
Key Down;Z;326143
Key Down;Q;326431
Key Up;Z;326538
Key Up;Q;326597
Key Down;S;326853
Key Down;Q;326873
Key Down;Droite;327044
Key Up;Q;327108
Key Up;S;327293
Key Down;Q;327512
Key Up;Q;327613
Key Down;D;327736
Key Down;Z;328029
Key Up;D;328221
Key Down;Q;328317
Key Down;Gauche;328338
Key Up;Droite;328552
Key Up;Z;328711
Key Down;S;329021
Key Up;S;329543
Key Down;Bas;329996
Key Up;Gauche;330452
Key Down;S;333964
Key Up;S;334502
Key Down;S;334732
Key Up;Q;334881
Key Up;S;335282
Key Down;Q;335923
Key Down;Droite;336003
Key Down;S;336152
Key Up;Bas;336236
Key Up;Q;336433
Key Up;S;336609
Key Down;D;337073
Key Up;Droite;337212
Key Up;D;337249
Key Down;S;337520
Key Down;Q;337696
Key Up;S;337718
Key Up;Q;337957
Key Down;S;338362
Key Up;S;338634
Key Down;Q;338915
Key Up;Q;339160
Key Down;Droite;339326
Key Down;Z;339775
Key Up;Z;339898
Key Down;Z;340757
Key Down;D;340827
Key Up;Droite;340939
Key Up;Z;341125
Key Up;D;341131
Key Down;S;341290
Key Down;D;341381
Key Up;D;341556
Key Down;Q;341621
Key Up;S;341668
Key Down;S;341812
Key Up;Q;341898
Key Down;Droite;342020
Key Up;S;342025
Key Down;Q;342414
Key Up;Q;342733
Key Down;Z;343155
Key Down;Q;343171
Key Up;Droite;343245
Key Up;Q;343272
Key Up;Z;343319
Key Down;D;343585
Key Down;Droite;343868
Key Up;D;344140
Key Down;S;344187
Key Down;Bas;344289
Key Down;D;344321
Key Up;Droite;344460
Key Up;D;344657
Key Up;S;345046
Key Down;Gauche;345817
Key Down;D;345988
Key Up;Bas;346195
Key Up;Gauche;346324
Key Up;D;346468
Key Down;S;346523
Key Down;D;346593
Key Down;Gauche;347073
Key Up;D;347179
Key Down;Haut;347313
Key Down;Q;347579
Key Up;Gauche;347717
Key Up;Q;347733
Key Down;D;347845
Key Up;S;348075
Key Down;S;348165
Key Up;D;348320
Key Down;Q;348462
Key Down;Droite;348904
Key Up;S;348974
Key Up;Haut;349027
Key Up;Droite;349373
Key Down;Z;349379
Key Up;Z;349523
Key Up;Q;349661
Key Down;Q;349869
Key Down;Z;350077
Key Down;Droite;350104
Key Up;Z;350237
Key Up;Q;350296
Key Down;S;350663
Key Down;D;350993
Key Up;S;351041
Key Down;Gauche;351149
Key Up;Droite;351394
Key Up;D;352032
Key Down;Z;352260
Key Down;D;352357
Key Up;Gauche;352373
Key Up;D;352740
Key Down;Bas;352980
Key Down;Q;353343
Key Down;Droite;353546
Key Up;Bas;353855
Key Up;Z;353870
Key Down;S;354732
Key Up;Q;355063
Key Up;Droite;355073
Key Up;S;355217
Key Down;D;355254
Key Up;D;355393
Key Down;Q;355418
Key Down;Droite;355599
Key Down;Z;355882
Key Up;Q;355887
Key Down;Bas;355909
Key Down;D;356116
Key Up;Droite;356126
Key Up;Z;356426
Key Up;D;356474
Key Down;D;356746
Key Up;D;357374
Key Up;Bas;357385
Key Down;D;357543
Key Down;Z;357750
Key Up;Z;358027
Key Down;Gauche;358177
Key Down;S;358241
Key Up;D;358491
Key Up;S;358571
Key Down;Q;359211
Key Down;S;359397
Key Up;Gauche;359546
Key Up;Q;359573
Key Down;D;359600
Key Up;D;359808
Key Down;Gauche;360192
Key Down;Q;360277
Key Down;Droite;360352
Key Up;Gauche;360437
Key Up;S;360512
Key Up;Q;360867
Key Down;Q;361107
Key Down;Z;361166
Key Up;Q;361294
Key Up;Z;361528
Key Up;Droite;361565
Key Down;Q;361603
Key Up;Q;362141
Key Down;Bas;362194
Key Down;Z;362210
Key Up;Z;362376
Key Down;D;362439
Key Down;Z;362562
Key Down;Gauche;362753
Key Up;Z;362833
Key Up;Bas;363319
Key Down;S;363564
Key Up;D;363749
Key Up;Gauche;363818
Key Up;S;363882
Key Down;D;363966
Key Down;S;364125
Key Down;Droite;364195
Key Up;D;364237
Key Down;Q;364328
Key Up;S;364418
Key Down;Gauche;364556
Key Down;Z;364647
Key Up;Q;364690
Key Down;D;364770
Key Up;Droite;364791
Key Up;Z;364866
Key Down;S;365255
Key Down;Droite;365309
Key Up;Gauche;365591
Key Up;S;366039
Key Down;Z;366380
Key Up;Z;366567
Key Up;D;367093
Key Down;D;367359
Key Down;Haut;367737
Key Down;S;367759
Key Up;Droite;367924
Key Up;S;367956
Key Up;Haut;368009
Key Up;D;368026
Key Down;D;368370
Key Up;D;368717
Key Down;Haut;369132
Key Down;D;369190
Key Down;Gauche;369211
Key Down;Z;369270
Key Up;Haut;369307
Key Up;D;369398
Key Up;Z;369430
Key Up;Gauche;370356
Key Down;Z;370367
Key Down;Q;370403
Key Up;Z;370761
Key Up;Q;370798
Key Down;D;370869
Key Up;D;371145
Key Down;Q;371200
Key Down;Bas;371781
Key Up;Q;371786
Key Down;D;371840
Key Up;D;371999
Key Down;Z;372170
Key Down;Q;372245
Key Up;Z;372335
Key Up;Q;372431
Key Up;Bas;372931
Key Down;S;373149
Key Down;D;373154
Key Up;D;373586
Key Down;Q;373602
Key Up;S;373730
Key Up;Q;373809
Key Down;S;374264
Key Down;D;374557
Key Up;S;374776
Key Down;Z;374989
Key Up;D;375042
Key Down;Q;375276
Key Up;Z;375505
Key Down;S;376085
Key Down;Gauche;376277
Key Up;S;376288
Key Down;Espace;377236
Key Up;Espace;377402
Key Down;Bas;377546
Key Down;S;377604
Key Up;Q;377748
Key Up;Gauche;377891
Key Up;S;378415
Key Down;Gauche;379037
Key Down;Q;379095
Key Up;Bas;379138
Key Up;Gauche;379250
Key Up;Q;379271
Key Down;D;379400
Key Up;D;379534
Key Down;Droite;380087
Key Down;Q;380113
Key Up;Q;380849
Key Down;D;380902
Key Down;S;381148
Key Up;S;382357
Key Down;Haut;382378
Key Up;Droite;382692
Key Up;D;382729
Key Up;Haut;382809
Key Down;Q;383024
Key Up;Q;383472
Key Down;Droite;383575
Key Down;Q;383904
Key Down;Gauche;384251
Key Up;Q;384836
Key Up;Droite;384873
Key Up;Gauche;385135
Key Down;Echap;386944
Key Up;Echap;387125
Key Down;Left Alt;388779
Key Down;Tab;388965
Key Up;Left Alt;389103
Key Up;Tab;389114
