Event;Key;Time
Key Down;Echap;179945
Key Up;Echap;180073
Key Down;Right Shift;318457
Key Down;Barre oblique;318737
Key Up;Barre oblique;318824
Key Up;Right Shift;318841
Key Down;Barre oblique;319560
Key Up;Barre oblique;319633
Key Down;Barre oblique;321001
Key Up;Barre oblique;321064
Key Down;Barre oblique;321168
Key Up;Barre oblique;321240
Key Down;Echap;322889
Key Up;Echap;323001
Key Down;Echap;327721
Key Up;Echap;327825
Key Down;Echap;336457
Key Up;Echap;336545
Key Down;Barre oblique;353296
Key Up;Barre oblique;353345
Key Down;Barre oblique;361056
Key Up;Barre oblique;361137
Key Down;Entrée;392064
Key Up;Entrée;392129
Key Down;Q;460416
Key Up;Q;460488
Key Down;Q;462160
Key Up;Q;462256
Key Down;Entrée;472560
Key Up;Entrée;472632
Key Down;Entrée;522152
Key Up;Entrée;522240
Key Down;Q;708784
Key Up;Q;708895
Key Down;Q;710848
Key Up;Q;710944
Key Down;Entrée;718704
Key Up;Entrée;718776
Key Down;Echap;766711
Key Up;Echap;766831
Key Down;D;922535
Key Up;D;922639
Key Down;Q;1078391
Key Up;Q;1078486
Key Down;Barre oblique;1121583
Key Up;Barre oblique;1121679
Key Down;Entrée;1241574
Key Up;Entrée;1241654
Key Down;Q;1325590
Key Up;Q;1325702
Key Down;Entrée;1348910
Key Up;Entrée;1348982
Key Down;Q;1374790
Key Up;Q;1374902
Key Down;Q;1376278
Key Up;Q;1376398
Key Down;Espace;1378085
Key Up;Espace;1378213
Key Down;Entrée;1420253
Key Up;Entrée;1420326
Key Down;Barre oblique;1518997
Key Up;Barre oblique;1519069
Key Down;Echap;1575749
Key Up;Echap;1575837
Key Down;Q;1712621
Key Up;Q;1712693
Key Down;Q;1750629
Key Up;Q;1750756
Key Down;Q;1754565
Key Up;Q;1754644
Key Down;Entrée;1755941
Key Up;Entrée;1756020
Key Down;Echap;1830285
Key Up;Echap;1830357
Key Down;Barre oblique;2144131
Key Up;Barre oblique;2144211
Key Down;Barre oblique;2548794
Key Up;Barre oblique;2548930
Key Down;Entrée;2640290
Key Up;Entrée;2640378
Key Down;Entrée;2713009
Key Up;Entrée;2713090
Key Down;Barre oblique;2973377
Key Up;Barre oblique;2973457
Key Down;Left Shift;3206113
Key Up;Left Shift;3207577
Key Down;V;3217768
Key Up;V;3217920
Key Down;Barre oblique;3630287
Key Up;Barre oblique;3630383
Key Down;Entrée;3714143
Key Up;Entrée;3714207
Key Down;Q;3855895
Key Up;Q;3855990
Key Down;Entrée;3873023
Key Up;Entrée;3873071
Key Down;Entrée;3893910
Key Up;Entrée;3893966
Key Down;Entrée;4138070
Key Up;Entrée;4138142
Key Down;Barre oblique;4210589
Key Up;Barre oblique;4210717
Key Down;Echap;4661372
Key Up;Echap;4661476
Key Down;Barre oblique;4702532
Key Up;Barre oblique;4702588
Key Down;Entrée;4924619
Key Up;Entrée;4924692
Key Down;Entrée;5317803
Key Up;Entrée;5317906
Key Down;Entrée;5437290
Key Up;Entrée;5437338
Key Down;V;5563833
Key Up;V;5563937
Key Down;V;5723217
Key Up;V;5723306
Key Down;V;5727329
Key Up;V;5727369
Key Down;V;5728105
Key Up;V;5728169
Key Down;V;5876809
Key Up;V;5876889
Key Down;Q;5926568
Key Up;Q;5926656
Key Down;Entrée;5983960
Key Up;Entrée;5984048
Key Down;Barre oblique;6054320
Key Up;Barre oblique;6054480
Key Down;V;6288807
Key Up;V;6288879
Key Down;V;6949621
Key Up;V;6949701
Key Down;V;6960421
Key Up;V;6960486
Key Down;Echap;7212213
Key Up;Echap;7212309
Key Down;Echap;7220421
Key Up;Echap;7220541
Key Down;Barre oblique;7375069
Key Up;Barre oblique;7375172
Key Down;Point;7376964
Key Up;Point;7376980
Key Down;Barre oblique;7378116
Key Up;Barre oblique;7378188
Key Down;1;7689707
Key Up;1;7689779
Key Down;1;7693452
Key Up;1;7693531
Key Down;1;7700483
Key Up;1;7700571
Key Down;Entrée;8370265
Key Up;Entrée;8370345
Key Down;Q;8771888
Key Up;Q;8772016
Key Down;Q;8775024
Key Up;Q;8775112
Key Down;Entrée;9211551
Key Up;Entrée;9211663
Key Down;Barre oblique;9223527
Key Up;Barre oblique;9223703
Key Down;V;9541326
Key Up;V;9541414
