Event;Key;Time
Key Down;Barre oblique;72677
Key Up;Barre oblique;72781
Key Down;Entrée;372084
Key Up;Entrée;372163
Key Down;Barre oblique;374995
Key Up;Barre oblique;375123
Key Down;Left Control;902913
Key Down;Left Shift;903000
Key Down;Entrée;903225
Key Up;Entrée;903281
Key Up;Left Shift;903497
Key Up;Left Control;903513
Key Down;Entrée;971616
Key Up;Entrée;971777
Key Down;Barre oblique;975632
Key Up;Barre oblique;975761
Key Down;Left Control;1140544
Key Down;Left Shift;1140616
Key Down;Entrée;1140751
Key Up;Entrée;1140815
Key Up;Left Shift;1140936
Key Up;Left Control;1140976
Key Down;Barre oblique;1280055
Key Up;Barre oblique;1280111
Key Down;Left Control;1299783
Key Down;Left Shift;1299854
Key Down;Entrée;1299998
Key Up;Entrée;1300087
Key Up;Left Shift;1300199
Key Up;Left Control;1300223
Key Down;Entrée;1570582
Key Up;Entrée;1570669
Key Down;Entrée;1651093
Key Up;Entrée;1651189
Key Down;Entrée;2362234
Key Up;Entrée;2362282
Key Down;Left Control;2440873
Key Down;Left Shift;2440962
Key Down;Entrée;2441066
Key Up;Entrée;2441145
Key Up;Left Shift;2441449
Key Up;Left Control;2441481
Key Down;Entrée;2500873
Key Up;Entrée;2500961
Key Down;Left Control;2525528
Key Down;Left Shift;2525753
Key Down;Entrée;2526192
Key Up;Entrée;2526273
Key Up;Left Shift;2526577
Key Up;Left Control;2526625
Key Down;Entrée;2663680
Key Up;Entrée;2663728
