Event;Key;Time
Key Down;E;4216
Key Up;E;4345
Key Down;Echap;8040
Key Up;Echap;8096
Key Down;Echap;9368
Key Up;Echap;9489
Key Down;Echap;13409
Key Up;Echap;13545
Key Down;Echap;16353
Key Up;Echap;16481
Key Down;Echap;28009
Key Up;Echap;28113
Key Down;Echap;28697
Key Up;Echap;28826
Key Down;E;29737
Key Up;E;29873
Key Down;Echap;32761
Key Up;Echap;32857
Key Down;Echap;33385
Key Up;Echap;33473
Key Down;Z;34337
Key Down;Left Shift;34505
Key Up;Left Shift;36217
Key Up;Z;36329
Key Down;E;36538
Key Up;E;36721
Key Down;Z;43609
Key Down;C;44777
Key Up;Z;44785
Key Up;C;44881
Key Down;Echap;56449
Key Up;Echap;56553
Key Down;Z;56714
Key Down;Left Shift;57066
Key Down;Espace;65946
Key Up;Espace;66314
Key Down;D;69770
Key Up;D;71346
Key Up;Left Shift;71666
Key Up;Z;71674
Key Down;E;71730
Key Up;E;71866
Key Down;Echap;76794
Key Up;Echap;76882
Key Down;Z;77370
Key Down;Left Shift;77506
Key Down;Espace;81906
Key Up;Espace;82130
Key Down;Espace;82570
Key Up;Espace;82730
Key Up;Left Shift;85986
Key Down;Q;87691
Key Up;Q;88931
Key Down;Q;89595
Key Up;Q;90002
Key Down;Left Shift;90554
Key Down;Q;91266
Key Up;Q;93290
Key Up;Left Shift;93314
Key Down;Left Shift;94219
Key Up;Z;95075
Key Up;Left Shift;95115
Key Down;E;95155
Key Up;E;95282
Key Down;Z;98730
Key Down;Left Shift;99187
Key Up;Left Shift;100746
Key Up;Z;100795
Key Down;E;100939
Key Up;E;101059
Key Down;Espace;103226
Key Up;Espace;103387
Key Down;Z;104755
Key Down;Left Shift;104819
Key Up;Z;106394
Key Up;Left Shift;106474
Key Down;E;106571
Key Up;E;106691
Key Down;Z;112675
Key Down;Left Shift;112883
Key Down;Q;119971
Key Up;Left Shift;124067
Key Up;Q;124123
Key Up;Z;124179
Key Down;Q;125139
Key Down;Z;125195
Key Down;Left Shift;125395
Key Up;Q;129427
Key Up;Left Shift;129652
Key Down;Q;129851
Key Down;Left Shift;129899
Key Up;Left Shift;129947
Key Up;Q;130003
Key Up;Z;130316
Key Down;E;130468
Key Up;E;130643
Key Down;Z;130763
Key Down;E;130795
Key Up;E;130899
Key Down;D;131124
Key Up;Z;131164
Key Down;Espace;131483
Key Up;Espace;131684
Key Down;Z;131931
Key Down;Left Shift;132300
Key Up;Z;133764
Key Up;D;133820
Key Up;Left Shift;133844
Key Down;Z;134875
Key Down;Left Shift;134996
Key Up;Z;135371
Key Up;Left Shift;135435
Key Down;Z;138067
Key Down;Left Shift;138252
Key Down;Q;139108
Key Up;Q;139676
Key Up;Left Shift;145971
Key Up;Z;146043
Key Down;Z;152300
Key Down;Left Shift;152452
Key Down;D;160436
Key Up;D;162724
Key Up;Left Shift;166292
Key Down;Left Shift;167260
Key Up;Left Shift;169061
Key Down;D;172532
Key Down;Left Shift;172900
Key Up;D;173117
Key Up;Left Shift;173164
Key Down;Left Shift;173180
Key Up;Left Shift;173196
Key Down;Left Shift;173204
Key Up;Left Shift;173468
Key Down;Left Shift;173556
Key Down;D;181077
Key Up;Left Shift;181829
Key Up;D;182076
Key Down;Left Shift;187901
Key Down;Espace;192389
Key Up;Espace;192605
Key Down;Q;196469
Key Up;Q;197133
Key Up;Left Shift;197181
Key Up;Z;197453
Key Down;E;197661
Key Up;E;197789
Key Down;Echap;265166
Key Up;Echap;265342
Key Down;Q;266318
Key Up;Q;266799
Key Down;Z;267062
Key Up;Z;267966
Key Down;E;268151
Key Up;E;268271
Key Down;Echap;289847
Key Up;Echap;289935
Key Down;A;290943
Key Up;A;291055
Key Down;C;292103
Key Up;C;292183
Key Down;Echap;299175
Key Up;Echap;299247
Key Down;Z;299944
Key Up;Z;300087
Key Down;E;300207
Key Up;E;300327
Key Down;Echap;339016
Key Up;Echap;339120
Key Down;Z;339920
Key Down;Left Shift;340112
Key Up;Left Shift;347600
Key Down;Q;349000
Key Up;Q;351296
Key Down;Left Shift;352544
Key Down;Q;353232
Key Up;Q;354320
Key Down;D;358257
Key Up;D;358945
Key Down;D;364656
Key Up;Z;365152
Key Up;D;365272
Key Down;Q;365369
Key Down;Z;365633
Key Up;Q;365992
Key Down;Q;366504
Key Up;Q;367737
Key Up;Z;380705
Key Down;Z;381857
Key Up;Z;385065
Key Down;Z;386649
Key Down;D;387697
Key Up;D;388385
Key Down;D;393866
Key Up;D;395073
Key Down;D;396793
Key Up;D;397017
Key Down;Q;400377
Key Up;Left Shift;401593
Key Up;Q;402730
Key Down;Left Shift;405298
Key Up;Left Shift;409914
Key Down;Left Shift;410690
Key Down;Q;418666
Key Up;Q;419322
Key Down;Espace;423250
Key Up;Espace;423706
Key Down;Q;425522
Key Up;Q;427698
Key Up;Left Shift;428146
Key Down;Q;429082
Key Up;Q;429930
Key Down;Left Shift;430354
Key Up;Z;435490
Key Up;Left Shift;435674
Key Down;D;435898
Key Down;Z;436051
Key Down;Left Shift;436250
Key Up;D;436266
Key Up;Left Shift;441666
Key Up;Z;442938
Key Down;Q;443530
Key Down;Z;443811
Key Up;Q;444467
Key Down;Q;449658
Key Up;Q;450579
Key Down;Q;450906
Key Up;Q;451155
Key Down;D;453651
Key Up;D;454371
Key Down;Q;454706
Key Up;Q;455611
Key Down;Left Shift;455907
Key Down;Q;456851
Key Up;Q;457851
Key Down;Q;463883
Key Up;Q;465059
Key Up;Left Shift;474803
Key Up;Z;474939
Key Down;Z;475244
Key Down;Left Shift;475419
Key Down;D;477475
Key Up;D;478540
Key Down;Q;482259
Key Up;Q;484083
Key Down;D;485563
Key Up;D;486939
Key Down;D;490931
Key Up;D;492163
Key Up;Left Shift;495644
Key Down;Q;498747
Key Up;Q;499580
Key Down;Left Shift;499844
Key Down;Espace;502364
Key Up;Espace;502812
Key Down;Q;503468
Key Up;Q;504148
Key Down;D;504252
Key Up;D;505124
Key Down;Espace;506460
Key Up;Espace;506860
Key Down;D;507700
Key Up;Left Shift;508683
Key Up;D;508804
Key Up;Z;508852
Key Down;Z;509532
Key Up;Z;509820
Key Down;Q;510020
Key Down;Z;510140
Key Up;Q;511500
Key Up;Z;511676
Key Down;E;512116
Key Up;E;512228
Key Down;Echap;520236
Key Up;Echap;520348
Key Down;Q;520836
Key Down;Z;521092
Key Up;Q;521181
Key Up;Z;521268
Key Down;Q;521644
Key Down;Z;522556
Key Up;Q;522780
Key Up;Z;522892
Key Down;E;523412
Key Up;E;523508
Key Down;Echap;536628
Key Up;Echap;536725
Key Down;D;536989
Key Up;D;537260
Key Down;Q;537356
Key Down;Z;537557
Key Up;Q;537701
Key Up;Z;537732
Key Down;E;538061
Key Up;E;538181
Key Down;Echap;540045
Key Up;Echap;540141
Key Down;D;540428
Key Down;Z;540612
Key Down;Left Shift;540797
Key Up;D;541405
Key Up;Left Shift;543981
Key Up;Z;544021
Key Down;E;544093
Key Up;E;544221
Key Down;Echap;565318
Key Up;Echap;565445
Key Down;Z;566093
Key Down;Left Shift;566237
Key Up;Left Shift;568606
Key Up;Z;568709
Key Down;M;578437
Key Up;M;578558
Key Down;Echap;585174
Key Up;Echap;585278
Key Down;Z;586070
Key Up;Z;587238
Key Down;Z;588086
Key Down;Left Shift;588181
Key Up;Left Shift;588941
Key Up;Z;589038
Key Down;C;589270
Key Up;C;589382
Key Down;Echap;590917
Key Up;Echap;591022
Key Down;A;592030
Key Up;A;592070
Key Down;A;593158
Key Up;A;593270
Key Down;C;593870
Key Up;C;593974
Key Down;Echap;596294
Key Up;Echap;596406
Key Down;Z;596566
Key Down;Left Shift;596893
Key Up;Left Shift;597942
Key Up;Z;597958
Key Down;A;598326
Key Up;A;598438
Key Down;Z;599014
Key Down;Left Shift;599166
Key Down;Q;599982
Key Up;Q;600238
Key Up;Left Shift;600494
Key Up;Z;600502
Key Down;E;600646
Key Up;E;600758
Key Down;Echap;627495
Key Up;Echap;627639
Key Down;X;628823
Key Up;X;628951
Key Down;Echap;635031
Key Up;Echap;635166
Key Down;E;635887
Key Up;E;636007
Key Down;Echap;646615
Key Up;Echap;646719
Key Down;A;647231
Key Up;A;647343
Key Down;X;648255
Key Up;X;648343
Key Down;Echap;653335
Key Up;Echap;653512
Key Down;E;654248
Key Up;E;654359
Key Down;Echap;664367
Key Up;Echap;664447
Key Down;D;664848
Key Down;Z;665015
Key Down;Left Shift;665135
Key Up;Left Shift;667151
Key Up;D;667392
Key Up;Z;667432
Key Down;Z;667807
Key Down;Left Shift;667968
Key Up;Left Shift;669143
Key Up;Z;669175
Key Down;E;669288
Key Up;E;669408
Key Down;Echap;679543
Key Up;Echap;679664
Key Down;Z;680287
Key Down;Left Shift;680360
Key Up;Z;681128
Key Down;A;681144
Key Up;Left Shift;681176
Key Up;A;681304
Key Down;X;682424
Key Up;X;682496
Key Down;Z;689688
Key Down;Echap;689696
Key Up;Echap;689808
Key Down;Left Shift;690184
Key Down;Q;691096
Key Up;Q;692832
Key Up;Left Shift;693056
Key Up;Z;693224
Key Down;E;693448
Key Up;E;693545
Key Down;Echap;703200
Key Up;Echap;703289
Key Down;X;704848
Key Up;X;704928
Key Down;Echap;721041
Key Up;Echap;721105
Key Down;C;722168
Key Up;C;722249
Key Down;C;723145
Key Up;C;723241
Key Down;X;723657
Key Up;X;723817
Key Down;X;724425
Key Up;X;724497
Key Down;Echap;734129
Key Up;Echap;734201
Key Down;Z;735977
Key Down;Left Shift;736137
Key Down;Q;736457
Key Up;Q;737385
Key Down;Espace;739409
Key Up;Espace;739649
Key Down;Espace;740201
Key Up;Espace;740401
Key Down;Espace;741601
Key Up;Espace;741825
Key Down;Espace;743913
Key Up;Espace;744146
Key Up;Left Shift;753498
Key Down;E;753506
Key Up;Z;753538
Key Up;E;753594
Key Down;Z;790306
Key Down;Left Shift;790675
Key Up;Z;791026
Key Up;Left Shift;791034
Key Down;Z;791474
Key Down;Left Shift;791674
Key Up;Left Shift;793283
Key Up;Z;795610
Key Down;E;795722
Key Up;E;795835
Key Down;Espace;818691
Key Up;Espace;818835
Key Down;Espace;828027
Key Up;Espace;828227
Key Down;Espace;841331
Key Up;Espace;841452
Key Down;Espace;845995
Key Up;Espace;846156
Key Down;Espace;852204
Key Up;Espace;852436
Key Down;Espace;855907
Key Up;Espace;856124
Key Down;Z;858764
Key Down;Left Shift;859516
Key Down;D;859947
Key Up;D;861212
Key Up;Left Shift;863836
Key Down;Left Shift;866652
Key Down;Espace;870308
Key Up;Left Shift;870484
Key Up;Espace;870548
Key Down;Espace;871140
Key Down;Left Shift;871148
Key Up;Espace;871341
Key Down;D;876045
Key Up;Left Shift;876077
Key Up;D;876332
Key Down;Left Shift;876396
Key Up;Left Shift;885036
Key Down;Left Shift;885116
Key Up;Left Shift;885172
Key Down;Left Shift;885317
Key Up;Left Shift;885405
Key Down;Q;885828
Key Up;Q;890581
Key Up;Z;890901
Key Down;Z;892404
Key Down;Left Shift;892540
Key Up;Left Shift;894645
Key Up;Z;899148
Key Down;E;899317
Key Up;E;899405
Key Down;Espace;911813
Key Up;Espace;912013
Key Down;Espace;912581
Key Up;Espace;912757
Key Down;Espace;913317
Key Up;Espace;913517
Key Down;Espace;920414
Key Up;Espace;920653
Key Down;E;921629
Key Up;E;921742
Key Down;Espace;927014
Key Up;Espace;927213
Key Down;Echap;927790
Key Up;Echap;927933
Key Down;Q;929573
Key Down;Z;930270
Key Down;Left Shift;930446
Key Up;Q;932229
Key Down;D;933293
Key Up;D;934534
Key Down;D;935118
Key Up;D;935766
Key Up;Left Shift;935798
Key Down;Q;935846
Key Down;Left Shift;935854
Key Up;Left Shift;935870
Key Up;Q;938278
Key Down;Left Shift;938406
Key Up;Z;944117
Key Up;Left Shift;944149
Key Down;E;944286
Key Up;E;944422
Key Down;Z;944878
Key Down;Q;944950
Key Down;E;945206
Key Up;Q;945246
Key Up;Z;945262
Key Up;E;945358
Key Down;Z;949750
Key Up;Z;949854
Key Down;E;949918
Key Up;E;950006
Key Down;Espace;970702
Key Up;Espace;970839
Key Down;Espace;974567
Key Up;Espace;974775
Key Down;Z;976119
Key Up;Z;976591
Key Down;E;976759
Key Up;E;976910
Key Down;Z;983631
Key Down;Left Shift;983839
Key Down;D;985135
Key Up;D;985566
Key Down;D;986118
Key Up;D;988511
Key Up;Left Shift;989087
Key Down;Q;989919
Key Up;Q;991287
Key Down;Q;991502
Key Down;Left Shift;993079
Key Up;Q;993119
Key Down;Q;993719
Key Up;Q;994182
Key Up;Left Shift;998407
Key Down;Q;998575
Key Down;Left Shift;998583
Key Up;Left Shift;998599
Key Down;Left Shift;998975
Key Up;Q;998983
Key Up;Left Shift;999047
Key Down;Left Shift;999055
Key Up;Left Shift;1007863
Key Down;Left Shift;1008031
Key Down;Q;1010415
Key Up;Left Shift;1010447
Key Up;Q;1011183
Key Down;Q;1012999
Key Up;Q;1016664
Key Down;Q;1017639
Key Up;Q;1017992
Key Up;Z;1019807
Key Down;Z;1023576
Key Down;Left Shift;1023687
Key Down;Q;1023783
Key Up;Z;1023879
Key Down;Z;1024272
Key Up;Q;1024447
Key Down;Q;1025488
Key Up;Q;1026088
Key Up;Left Shift;1027280
Key Down;Q;1029584
Key Down;Left Shift;1029640
Key Up;Q;1029992
Key Up;Z;1038104
Key Down;Z;1038224
Key Down;D;1038304
Key Up;D;1038848
Key Down;D;1039168
Key Up;D;1039576
Key Down;Q;1042448
Key Up;Q;1045864
Key Down;E;1046528
Key Up;Left Shift;1046552
Key Up;Z;1046616
Key Up;E;1046696
Key Down;Z;1050096
Key Up;Z;1050361
Key Down;Q;1051128
Key Up;Q;1051224
Key Down;Q;1051288
Key Up;Q;1051336
Key Down;E;1051984
Key Up;E;1052088
Key Down;Espace;1066801
Key Up;Espace;1066992
Key Down;Espace;1068673
Key Up;Espace;1068841
Key Down;Espace;1069489
Key Up;Espace;1069585
Key Down;Espace;1080304
Key Up;Espace;1080513
Key Down;Z;1081529
Key Down;Q;1081689
Key Up;Q;1082497
Key Down;D;1082985
Key Up;D;1083249
Key Up;Z;1083377
Key Down;E;1083553
Key Up;E;1083681
Key Down;Echap;1142259
Key Up;Echap;1142371
Key Down;Z;1143170
Key Down;Espace;1143426
Key Up;Espace;1143546
Key Up;Z;1144411
Key Down;E;1144514
Key Up;E;1144642
Key Down;Z;1150395
Key Down;Left Shift;1150618
Key Down;Espace;1159346
Key Up;Espace;1159707
Key Down;Espace;1161483
Key Up;Espace;1161699
Key Down;Espace;1163915
Key Up;Espace;1164074
Key Up;Left Shift;1171915
Key Up;Z;1175475
Key Down;Z;1175907
Key Down;Left Shift;1175995
Key Down;Q;1179307
Key Up;Q;1179883
Key Down;Q;1180931
Key Up;Q;1182132
Key Up;Left Shift;1182571
Key Up;Z;1182676
Key Down;E;1182963
Key Up;E;1183083
Key Down;Z;1270005
Key Down;Left Shift;1270141
Key Down;D;1283741
Key Up;D;1285166
Key Down;Espace;1286646
Key Up;Espace;1287126
Key Up;Left Shift;1289230
Key Down;D;1289454
Key Down;Left Shift;1290086
Key Up;D;1290094
Key Up;Left Shift;1290142
Key Up;Z;1292662
Key Down;D;1292830
Key Down;Z;1292973
Key Down;Espace;1294094
Key Up;Espace;1294349
Key Up;D;1294454
Key Down;Q;1294878
Key Up;Z;1297142
Key Up;Q;1297262
Key Down;Z;1298046
Key Down;Left Shift;1298142
Key Down;D;1298918
Key Up;D;1300126
Key Up;Z;1300190
Key Up;Left Shift;1300222
Key Down;Espace;1300438
Key Up;Espace;1300846
Key Down;Q;1300878
Key Down;Z;1301398
Key Up;Q;1301558
Key Up;Z;1301678
Key Down;Z;1303534
Key Down;D;1303638
Key Up;Z;1303854
Key Up;D;1303902
Key Down;D;1304334
Key Down;Z;1304350
Key Up;Z;1304550
Key Up;D;1304582
Key Down;Espace;1304886
Key Up;Espace;1305310
Key Down;Z;1305382
Key Down;Left Shift;1305766
Key Down;Espace;1306150
Key Up;Espace;1306470
Key Down;Q;1306590
Key Up;Left Shift;1307222
Key Up;Q;1307262
Key Up;Z;1307478
Key Down;E;1307687
Key Up;E;1307822
Key Down;Echap;1308814
Key Up;Echap;1308926
Key Down;Z;1309438
Key Down;Left Shift;1309558
Key Down;Espace;1310006
Key Up;Espace;1310198
Key Up;Left Shift;1311023
Key Up;Z;1311342
Key Down;X;1311878
Key Up;X;1311998
Key Down;X;1314174
Key Up;X;1314311
Key Down;Z;1315486
Key Down;Left Shift;1315518
Key Down;Q;1315782
Key Up;Q;1316303
Key Up;Left Shift;1316566
Key Up;Z;1316638
Key Down;E;1316919
Key Up;E;1317015
Key Down;Echap;1323038
Key Up;Echap;1323198
Key Down;D;1323798
Key Up;D;1323950
Key Down;Z;1324111
Key Up;Z;1324239
Key Down;E;1324374
Key Up;E;1324486
Key Down;Echap;1329710
Key Up;Echap;1329886
Key Down;D;1330366
Key Up;D;1330607
Key Down;Z;1330759
Key Up;Z;1330847
Key Down;E;1330967
Key Up;E;1331062
Key Down;Echap;1346495
Key Up;Echap;1346695
Key Down;Z;1347647
Key Down;Left Shift;1347719
Key Up;Z;1348687
Key Up;Left Shift;1348703
Key Down;E;1348871
Key Up;E;1348999
Key Down;Z;1349095
Key Up;Z;1349271
Key Down;E;1349367
Key Up;E;1349504
Key Down;Echap;1362831
Key Up;Echap;1363007
Key Down;Z;1363687
Key Down;Left Shift;1363856
Key Up;Left Shift;1365295
Key Up;Z;1365359
Key Down;D;1365728
Key Down;Z;1365920
Key Down;Left Shift;1365983
Key Up;D;1366303
Key Down;Q;1367007
Key Up;Q;1367256
Key Down;D;1367495
Key Up;D;1367792
Key Up;Z;1368255
Key Up;Left Shift;1368327
Key Down;Z;1374631
Key Up;Z;1374799
Key Down;Q;1375959
Key Down;Espace;1376216
Key Up;Espace;1376432
Key Down;Z;1376719
Key Up;Q;1376791
Key Up;Z;1377184
Key Down;Z;1377935
Key Down;Q;1377943
Key Up;Z;1378504
Key Up;Q;1378639
Key Down;Z;1379016
Key Up;Z;1379208
Key Down;Espace;1380039
Key Down;Q;1380208
Key Down;Z;1380344
Key Up;Espace;1380368
Key Up;Q;1380424
Key Up;Z;1380472
Key Down;Espace;1381080
Key Down;Z;1381295
Key Up;Espace;1381399
Key Down;D;1381480
Key Up;D;1381664
Key Up;Z;1381704
Key Down;Z;1386184
Key Down;Left Shift;1386408
Key Down;D;1388880
Key Up;D;1389760
Key Up;Z;1389912
Key Down;Z;1393360
Key Down;Q;1393584
Key Up;Q;1394184
Key Up;Left Shift;1394456
Key Up;Z;1394528
Key Down;Z;1394880
Key Up;Z;1395000
Key Down;Q;1395776
Key Down;Z;1396048
Key Up;Z;1396232
Key Down;Z;1396528
Key Up;Q;1396568
Key Up;Z;1396649
Key Down;Q;1397136
Key Up;Q;1397384
Key Down;Z;1397696
Key Up;Z;1397768
Key Down;E;1397961
Key Up;E;1398056
Key Down;Echap;1411784
Key Up;Echap;1411864
Key Down;D;1412297
Key Down;Z;1412504
Key Down;Left Shift;1412552
Key Up;D;1414145
Key Up;Z;1414257
Key Up;Left Shift;1414289
Key Down;Q;1414504
Key Down;Z;1414520
Key Down;Left Shift;1414624
Key Up;Q;1414809
Key Up;Z;1415880
Key Up;Left Shift;1415896
Key Down;E;1416073
Key Up;E;1416185
Key Down;Z;1417017
Key Up;Z;1417152
Key Down;Z;1417425
Key Up;Z;1417537
Key Down;E;1417697
Key Up;E;1417768
Key Down;Echap;1432833
Key Up;Echap;1433017
Key Down;Z;1433793
Key Down;Left Shift;1433945
Key Up;Left Shift;1436073
Key Up;Z;1436161
Key Down;Z;1436369
Key Up;Z;1436489
Key Down;Q;1436681
Key Down;Left Shift;1436857
Key Down;Z;1436905
Key Up;Left Shift;1438345
Key Up;Q;1438353
Key Up;Z;1438409
Key Down;Z;1438897
Key Up;Z;1438969
Key Down;E;1439729
Key Up;E;1439833
Key Down;Echap;1442345
Key Up;Echap;1442441
Key Down;Z;1442705
Key Down;Espace;1442858
Key Up;Espace;1443057
Key Down;Left Shift;1443401
Key Down;Q;1445217
Key Up;Q;1445969
Key Down;D;1446186
Key Up;D;1447985
Key Down;Q;1457418
Key Up;Q;1457610
Key Down;D;1457889
Key Up;D;1458266
Key Up;Left Shift;1472722
Key Down;Left Shift;1473490
Key Down;D;1474577
Key Up;D;1474770
Key Down;Q;1475273
Key Up;Q;1475466
Key Up;Left Shift;1477346
Key Down;Left Shift;1478634
Key Down;D;1480882
Key Up;Left Shift;1482450
Key Up;Z;1482466
Key Down;Z;1483226
Key Up;D;1483778
Key Down;Q;1484730
Key Up;Q;1486619
Key Down;Left Shift;1486858
Key Down;D;1487738
Key Up;D;1488874
Key Down;Q;1492242
Key Up;Q;1493267
Key Down;Q;1499219
Key Up;Q;1500067
Key Up;Z;1500539
Key Down;Z;1500930
Key Down;D;1503235
Key Up;Z;1503570
Key Down;S;1503907
Key Up;S;1503995
Key Up;D;1504003
Key Up;Left Shift;1504362
Key Down;Z;1504402
Key Down;Left Shift;1504418
Key Down;D;1504938
Key Up;D;1506426
Key Up;Left Shift;1507867
Key Up;Z;1507883
Key Down;Z;1508635
Key Up;Z;1508827
Key Down;E;1508922
Key Up;E;1509058
Key Down;E;1509211
Key Up;E;1509363
Key Down;E;1509459
Key Up;E;1509586
Key Down;E;1509722
Key Up;E;1509811
Key Down;Z;1510491
Key Down;Left Shift;1510611
Key Down;Q;1511315
Key Up;Z;1511403
Key Up;Q;1511483
Key Up;Left Shift;1511594
Key Down;Z;1512266
Key Down;Left Shift;1512290
Key Down;Q;1513267
Key Up;Q;1513915
Key Down;D;1514091
Key Up;D;1516867
Key Down;Q;1517771
Key Up;Q;1518619
Key Down;Q;1521923
Key Up;Q;1523627
Key Up;Left Shift;1524331
Key Down;Left Shift;1526611
Key Up;Left Shift;1527483
Key Up;Z;1528203
Key Down;Z;1529052
Key Up;Z;1529371
Key Down;Z;1530603
Key Up;Z;1531092
Key Down;Z;1531811
Key Down;Left Shift;1532675
Key Down;Q;1533748
Key Up;Q;1534436
Key Up;Left Shift;1538460
Key Down;Left Shift;1538707
Key Up;Left Shift;1538883
Key Down;Left Shift;1539100
Key Up;Left Shift;1539684
Key Down;Left Shift;1540083
Key Down;D;1543156
Key Up;D;1543395
Key Down;Espace;1552332
Key Up;Espace;1552667
Key Down;Espace;1557156
Key Up;Espace;1557355
Key Up;Left Shift;1557580
Key Up;Z;1557708
Key Down;Z;1558436
Key Up;Z;1558508
Key Down;Q;1559004
Key Down;Z;1559323
Key Up;Q;1559347
Key Up;Z;1559435
Key Down;E;1559988
Key Up;E;1560075
Key Down;Echap;1569980
Key Up;Echap;1570084
Key Down;Q;1570532
Key Up;Q;1570796
Key Down;Z;1570812
Key Up;Z;1570916
Key Down;E;1570996
Key Up;E;1571084
Key Down;Echap;1572948
Key Up;Echap;1573045
Key Down;D;1573436
Key Up;D;1574124
Key Down;Z;1574316
Key Up;Z;1574429
Key Down;D;1574588
Key Down;Z;1574724
Key Up;D;1575308
Key Up;Z;1575316
Key Down;D;1575484
Key Down;Z;1575637
Key Up;Z;1575693
Key Up;D;1575709
Key Down;Z;1576164
Key Up;Z;1576212
Key Down;E;1576716
Key Up;E;1576788
Key Down;Echap;1584124
Key Up;Echap;1584205
Key Down;D;1584636
Key Down;Z;1584837
Key Up;D;1586301
Key Up;Z;1586620
Key Down;Q;1587228
Key Down;Z;1587356
Key Up;Q;1588869
Key Down;D;1588949
Key Down;Left Shift;1589148
Key Up;D;1589340
Key Up;Left Shift;1590997
Key Up;Z;1591021
Key Down;E;1591140
Key Up;E;1591268
Key Down;Echap;1616557
Key Up;Echap;1616701
Key Down;Echap;1617501
Key Up;Echap;1617678
Key Down;Z;1700471
Key Down;Left Shift;1700639
Key Down;Espace;1701919
Key Up;Espace;1702175
Key Up;Z;1711279
Key Up;Left Shift;1711295
Key Down;E;1711391
Key Up;E;1711519
Key Down;Z;1724848
Key Down;D;1725143
Key Up;D;1726088
Key Down;Left Shift;1726224
Key Up;Left Shift;1728856
Key Up;Z;1729000
Key Down;E;1729063
Key Up;E;1729199
Key Down;Z;1742656
Key Up;Z;1744264
Key Down;X;1747792
Key Up;X;1747904
Key Down;Echap;1759056
Key Up;Echap;1759184
Key Down;Z;1760209
Key Down;Espace;1760929
Key Up;Espace;1761384
Key Down;D;1761840
Key Up;D;1762032
Key Down;Espace;1763473
Key Up;Espace;1764040
Key Up;Z;1764576
Key Down;Z;1764985
Key Down;Espace;1765617
Key Up;Espace;1765816
Key Down;Espace;1766472
Key Up;Espace;1766656
Key Down;Espace;1767449
Key Up;Espace;1767936
Key Down;D;1768113
Key Up;Z;1769048
Key Up;D;1769064
Key Down;S;1769657
Key Up;S;1770041
Key Down;Left Shift;1770233
Key Down;Z;1770257
Key Down;Espace;1770753
Key Up;Espace;1771056
Key Up;Z;1771561
Key Up;Left Shift;1771664
Key Down;Z;1772209
Key Down;Left Shift;1772265
Key Down;Espace;1772577
Key Up;Espace;1772985
Key Up;Left Shift;1773257
Key Up;Z;1773329
Key Down;Q;1773593
Key Up;Q;1773768
Key Down;Z;1774049
Key Down;Left Shift;1774137
Key Down;Espace;1774368
Key Up;Espace;1774761
Key Down;D;1775104
Key Up;D;1775273
Key Down;Espace;1776209
Key Up;Espace;1776873
Key Up;Z;1777032
Key Up;Left Shift;1777040
Key Down;Z;1777521
Key Down;Left Shift;1777529
Key Down;Espace;1777712
Key Up;Espace;1777881
Key Up;Left Shift;1778105
Key Up;Z;1778217
Key Down;Z;1778577
Key Down;Left Shift;1778649
Key Down;Espace;1778793
Key Up;Espace;1778960
Key Down;Espace;1779273
Key Up;Espace;1779425
Key Up;Z;1779721
Key Up;Left Shift;1779737
Key Down;Z;1780233
Key Down;Espace;1780481
Key Up;Espace;1780889
Key Down;Q;1781024
Key Up;Z;1781137
Key Up;Q;1781537
Key Down;Q;1783081
Key Up;Q;1783385
Key Down;D;1784425
Key Up;D;1784873
Key Down;S;1786977
Key Down;Q;1787297
Key Up;S;1787433
Key Up;Q;1787593
Key Down;Z;1787737
Key Down;Espace;1788289
Key Up;Espace;1788489
Key Up;Z;1788657
Key Down;Z;1789553
Key Down;Espace;1789761
Key Up;Espace;1790337
Key Down;D;1790497
Key Up;Z;1790601
Key Up;D;1790834
Key Down;Z;1791041
Key Down;Espace;1791417
Key Up;Espace;1792009
Key Down;Espace;1792585
Key Up;Espace;1792834
Key Down;Q;1793377
Key Up;Q;1793761
Key Up;Z;1794249
Key Down;Z;1794698
Key Up;Z;1794961
Key Down;Espace;1795129
Key Up;Espace;1795617
Key Down;D;1795625
Key Down;Z;1796762
Key Up;D;1797249
Key Down;Espace;1798305
Key Up;Espace;1798473
Key Down;Q;1798690
Key Up;Q;1798937
Key Down;Espace;1799314
Key Up;Espace;1799649
Key Down;D;1799777
Key Up;D;1800098
Key Down;Espace;1800273
Key Up;Espace;1800425
Key Down;Espace;1801025
Key Up;Espace;1801201
Key Down;D;1801481
Key Up;D;1802018
Key Down;Espace;1802409
Key Up;Espace;1802722
Key Down;Espace;1803017
Key Up;Espace;1803162
Key Down;D;1803505
Key Up;D;1803801
Key Down;Espace;1804289
Key Up;Espace;1804777
Key Down;Espace;1805625
Key Up;Espace;1805842
Key Up;Z;1807258
Key Down;E;1807274
Key Up;E;1807394
Key Down;Q;1808233
Key Up;Q;1808809
Key Down;Z;1811593
Key Down;Espace;1812777
Key Up;Espace;1813290
Key Down;Espace;1814233
Key Up;Espace;1814514
Key Down;Q;1814705
Key Up;Q;1815218
Key Down;Espace;1815393
Key Down;D;1815978
Key Up;Espace;1816001
Key Up;D;1816689
Key Down;Espace;1816994
Key Up;Espace;1817698
Key Down;Espace;1817985
Key Up;Espace;1818129
Key Up;Z;1818570
Key Down;D;1818769
Key Up;D;1818962
Key Down;D;1819218
Key Up;D;1819369
Key Down;S;1820745
Key Up;S;1820994
Key Down;Z;1821226
Key Down;Left Shift;1821409
Key Down;Espace;1821491
Key Up;Espace;1821698
Key Up;Z;1823234
Key Up;Left Shift;1823250
Key Down;Z;1823618
Key Up;Z;1825018
Key Down;Z;1826050
Key Up;Z;1826194
Key Down;Z;1827306
Key Down;Espace;1827626
Key Up;Espace;1828074
Key Down;Espace;1828458
Key Up;Espace;1828682
Key Down;Espace;1829090
Key Up;Espace;1829290
Key Down;Espace;1829546
Key Up;Espace;1829658
Key Down;Espace;1830658
Key Up;Espace;1830858
Key Down;D;1830986
Key Up;Z;1831090
Key Up;D;1831146
Key Down;Z;1831602
Key Down;Espace;1831874
Key Up;Espace;1832370
Key Down;Q;1832426
Key Up;Q;1832698
Key Down;Espace;1833106
Key Up;Espace;1833346
Key Down;D;1833362
Key Up;D;1833530
Key Down;Espace;1833938
Key Up;Espace;1834090
Key Down;Espace;1834698
Key Up;Espace;1834914
Key Down;Espace;1835842
Key Up;Espace;1836034
Key Down;Left Shift;1836419
Key Up;Left Shift;1839154
Key Up;Z;1839226
Key Down;Z;1842387
Key Down;Left Shift;1842602
Key Up;Left Shift;1843843
Key Up;Z;1843938
Key Down;Q;1845290
Key Down;Z;1845442
Key Up;Q;1845739
Key Up;Z;1845763
Key Down;Z;1848082
Key Up;Z;1848371
Key Down;Z;1849571
Key Down;D;1849603
Key Up;D;1850203
Key Up;Z;1850426
Key Down;D;1850787
Key Down;Z;1851050
Key Up;D;1851898
Key Down;Espace;1853114
Key Up;Espace;1853346
Key Down;Espace;1854035
Key Up;Espace;1854243
Key Down;D;1854458
Key Up;D;1854715
Key Down;Espace;1854979
Key Up;Espace;1855226
Key Down;Espace;1855714
Key Up;Espace;1856059
Key Down;D;1856107
Key Up;D;1856619
Key Down;Espace;1857098
Key Up;Espace;1857307
Key Down;Espace;1857762
Key Up;Espace;1857939
Key Down;D;1858107
Key Up;D;1858499
Key Down;Left Shift;1858691
Key Down;Espace;1858859
Key Up;Espace;1859042
Key Down;Espace;1859971
Key Up;Espace;1860139
Key Up;Left Shift;1861163
Key Down;E;1861187
Key Up;Z;1861243
Key Up;E;1861315
Key Down;Q;1862043
Key Down;Z;1862411
Key Up;Q;1862515
Key Down;Espace;1863075
Key Up;Espace;1863627
Key Down;D;1863723
Key Up;D;1864939
Key Down;Left Shift;1865619
Key Down;Espace;1866235
Key Up;Espace;1866771
Key Down;Espace;1867099
Key Up;Espace;1867227
Key Down;Espace;1867659
Key Up;Espace;1867779
Key Down;Q;1867827
Key Up;Q;1868051
Key Up;Left Shift;1868171
Key Up;Z;1868235
Key Down;Z;1868419
Key Down;Espace;1868539
Key Up;Espace;1868947
Key Down;Left Shift;1869306
Key Down;Espace;1869507
Key Up;Espace;1869779
Key Down;Espace;1870227
Key Up;Espace;1870411
Key Up;Left Shift;1871019
Key Up;Z;1871027
Key Down;Left Shift;1871571
Key Down;Z;1871587
Key Down;Espace;1871779
Key Up;Espace;1872363
Key Down;Q;1874227
Key Up;Q;1874331
Key Up;Z;1874803
Key Up;Left Shift;1874923
Key Down;Espace;1875027
Key Down;D;1875171
Key Up;Espace;1875195
Key Down;Z;1875267
Key Up;D;1875435
Key Down;D;1875819
Key Down;Espace;1876459
Key Up;D;1876491
Key Up;Espace;1876627
Key Down;D;1876731
Key Up;D;1876883
Key Up;Z;1877083
Key Down;Z;1877251
Key Down;Espace;1877387
Key Up;Espace;1877612
Key Up;Z;1878195
Key Down;Z;1880451
Key Down;Left Shift;1880595
Key Down;Espace;1880948
Key Up;Espace;1881427
Key Down;Q;1881795
Key Up;Q;1881987
Key Down;Espace;1882987
Key Up;Espace;1883532
Key Up;Left Shift;1883588
Key Down;Left Shift;1884043
Key Up;Left Shift;1885163
Key Up;Z;1885275
Key Down;Z;1885979
Key Down;D;1886307
Key Up;D;1886491
Key Up;Z;1886635
Key Down;S;1887619
Key Down;D;1888652
Key Up;D;1888812
Key Up;S;1889003
Key Down;Z;1889139
Key Up;Z;1889284
Key Down;S;1889948
Key Up;S;1891876
Key Down;Z;1892012
Key Up;Z;1892107
Key Down;Q;1895780
Key Up;Q;1896027
Key Down;Z;1897611
Key Up;Z;1898051
Key Down;Q;1898316
Key Up;Q;1898739
Key Down;Q;1900524
Key Up;Q;1900860
Key Down;S;1901227
Key Down;Q;1901756
Key Up;S;1901907
Key Down;Z;1902340
Key Up;Q;1902388
Key Down;Q;1902780
Key Up;Z;1903108
Key Up;Q;1903227
Key Down;D;1904300
Key Down;S;1904659
Key Up;D;1905444
Key Down;Q;1905524
Key Up;Q;1905660
Key Down;D;1905867
Key Up;S;1906228
Key Down;Z;1906531
Key Up;D;1906692
Key Up;Z;1906924
Key Down;Z;1907316
Key Down;Q;1907620
Key Up;Z;1907851
Key Up;Q;1907931
Key Down;Q;1908491
Key Up;Q;1908539
Key Down;Q;1908804
Key Down;Z;1908820
Key Up;Q;1908980
Key Down;Q;1909260
Key Up;Z;1909284
Key Up;Q;1909396
Key Down;D;1909516
Key Down;Z;1910020
Key Up;D;1910188
Key Down;Q;1910403
Key Up;Z;1910419
Key Up;Q;1910628
Key Down;Q;1911051
Key Up;Q;1911132
Key Down;Q;1912076
Key Up;Q;1912172
Key Down;S;1912404
Key Up;S;1912524
Key Down;Q;1916764
Key Down;S;1917164
Key Up;Q;1917548
Key Up;S;1917924
Key Down;Q;1918011
Key Up;Q;1918148
Key Down;Q;1920629
Key Up;Q;1920900
Key Down;Q;1922660
Key Up;Q;1922788
Key Down;Q;1923556
Key Down;Z;1923660
Key Up;Z;1923996
Key Up;Q;1924004
Key Down;Z;1924316
Key Up;Z;1924508
Key Down;Q;1925628
Key Up;Q;1925772
Key Down;Q;1926124
Key Down;Z;1926140
Key Up;Q;1927685
Key Down;D;1927740
Key Up;D;1927780
Key Up;Z;1927932
Key Down;Q;1928860
Key Down;Z;1928868
Key Up;Q;1929132
Key Up;Z;1929220
Key Down;Q;1931732
Key Down;S;1931956
Key Up;Q;1932004
Key Down;Q;1932925
Key Up;S;1933076
Key Up;Q;1933148
Key Down;Z;1933252
Key Down;D;1933380
Key Up;D;1933988
Key Down;D;1934157
Key Up;Z;1934293
Key Down;Z;1934684
Key Up;D;1934781
Key Up;Z;1935036
Key Down;Z;1935557
Key Down;Q;1939268
Key Up;Q;1939732
Key Down;Q;1941780
Key Up;Q;1943220
Key Down;D;1945261
Key Up;Z;1947469
Key Down;Z;1947605
Key Up;D;1947629
Key Down;Q;1947700
Key Up;Q;1947772
Key Down;Q;1949357
Key Up;Q;1950085
Key Up;Z;1950845
Key Down;D;1951716
Key Down;Z;1952213
Key Up;D;1952821
Key Down;D;1954285
Key Up;Z;1954372
Key Down;Z;1954517
Key Up;Z;1954917
Key Down;Z;1955277
Key Up;D;1955405
Key Down;D;1956109
Key Up;D;1956444
Key Down;D;1959181
Key Up;D;1959405
Key Down;Left Shift;1959709
Key Up;Left Shift;1960269
Key Up;Z;1960525
Key Down;Z;1964669
Key Down;D;1964741
Key Up;D;1965149
Key Up;Z;1970390
Key Down;Z;1973453
Key Down;D;1974789
Key Up;D;1975517
Key Down;Q;1975694
Key Down;Espace;1976302
Key Up;Espace;1976454
Key Up;Q;1976701
Key Down;Espace;1977533
Key Up;Espace;1977893
Key Down;Q;1978286
Key Up;Q;1980045
Key Down;Espace;1980421
Key Up;Espace;1980997
Key Down;Espace;1982238
Key Up;Espace;1982501
Key Down;Q;1982782
Key Up;Q;1983173
Key Down;E;1985029
Key Up;E;1985149
Key Up;Z;1986285
Key Down;Z;1986325
Key Up;Z;1986461
Key Down;Z;1986550
Key Down;Q;1988197
Key Up;Q;1988734
Key Down;Left Shift;1990093
Key Down;Espace;1990422
Key Up;Espace;1990702
Key Down;D;1990925
Key Up;D;1991278
Key Down;Espace;1991950
Key Up;Espace;1992093
Key Down;Q;1993830
Key Up;Q;1993982
Key Up;Left Shift;1994221
Key Up;Z;1994229
Key Down;S;1994686
Key Up;S;1994781
Key Down;S;1995086
Key Down;Q;1996133
Key Up;Q;1996390
Key Down;D;1996710
Key Up;S;1996717
Key Up;D;1996910
Key Down;Q;1997405
Key Up;Q;1997654
Key Down;Z;1997966
Key Up;Z;1998438
Key Down;Q;2000534
Key Down;Z;2000725
Key Up;Z;2001782
Key Up;Q;2002101
Key Down;Q;2002878
Key Up;Q;2003078
Key Down;Z;2003238
Key Up;Z;2004310
Key Down;D;2007286
Key Down;Z;2007670
Key Up;D;2008166
Key Down;D;2008894
Key Up;Z;2009310
Key Up;D;2010166
Key Down;S;2011374
Key Down;Q;2013111
Key Up;S;2013270
Key Up;Q;2013462
Key Down;Z;2015031
Key Down;D;2015430
Key Up;D;2016078
Key Up;Z;2016286
Key Down;Z;2016550
Key Up;Z;2016910
Key Down;Z;2017110
Key Down;D;2017238
Key Up;Z;2017438
Key Up;D;2017558
Key Down;Z;2017886
Key Up;Z;2018750
Key Down;S;2019798
Key Down;Q;2021718
Key Up;Q;2022175
Key Up;S;2024079
Key Down;S;2024255
Key Up;S;2024598
Key Down;Q;2024759
Key Down;Z;2024926
Key Up;Z;2025198
Key Down;Z;2025495
Key Up;Q;2025654
Key Up;Z;2026342
Key Down;Z;2030238
Key Down;Q;2030246
Key Up;Q;2030815
Key Up;Z;2032286
Key Down;Z;2032479
Key Up;Z;2033119
Key Down;Z;2033911
Key Up;Z;2034087
Key Down;Z;2034503
Key Up;Z;2034631
Key Down;Z;2034774
Key Down;Q;2034870
Key Up;Q;2035047
Key Up;Z;2035055
Key Down;Z;2035406
Key Up;Z;2035879
Key Down;Z;2036062
Key Up;Z;2036214
Key Down;D;2036943
Key Down;S;2037518
Key Up;D;2037663
Key Up;S;2037703
Key Down;D;2038686
Key Up;D;2038999
Key Down;Z;2039167
Key Up;Z;2039342
Key Down;Z;2039623
Key Up;Z;2039751
Key Down;E;2039839
Key Up;E;2039959
Key Down;Z;2040903
Key Down;Q;2041422
Key Up;Q;2044223
Key Up;Z;2044247
Key Down;D;2044327
Key Down;Z;2045039
Key Up;D;2045822
Key Down;Espace;2046415
Key Up;Espace;2046583
Key Up;Z;2048495
Key Down;Z;2051295
Key Down;Q;2051839
Key Up;Q;2052111
Key Down;Q;2053255
Key Up;Q;2054663
Key Up;Z;2055167
Key Down;D;2058527
Key Down;Z;2058751
Key Up;D;2059287
Key Down;D;2060616
Key Up;D;2061079
Key Down;Q;2061143
Key Up;Q;2061743
Key Up;Z;2062487
Key Down;S;2064039
Key Down;D;2064439
Key Up;D;2064735
Key Down;Q;2066191
Key Up;S;2066215
Key Up;Q;2066359
Key Down;Z;2066512
Key Up;Z;2067104
Key Down;S;2072135
Key Down;D;2072551
Key Up;D;2073375
Key Up;S;2074095
Key Down;Echap;2076808
Key Up;Echap;2076952
Key Down;Left Alt;2078112
Key Down;Tab;2078248
Key Up;Left Alt;2078288
Key Up;Tab;2078327
