Event;Key;Time
Key Down;D;149971
Key Up;D;150547
Key Down;D;151034
Key Up;D;151339
Key Down;S;152011
Key Down;D;152891
Key Up;D;153027
Key Up;S;154090
Key Down;E;155275
Key Up;E;155402
Key Down;S;158586
Key Down;Q;159051
Key Up;S;159099
Key Up;Q;160234
Key Down;Z;160258
Key Up;Z;161826
Key Down;E;161907
Key Up;E;162643
Key Down;D;163274
Key Up;D;163866
Key Down;Z;164027
Key Up;Z;164131
Key Down;F;165674
Key Up;F;165786
Key Down;F;167035
Key Up;F;170331
Key Down;D;220131
Key Up;D;220522
Key Down;S;220858
Key Up;S;221515
Key Down;Q;222178
Key Down;S;223834
Key Up;Q;223842
Key Up;S;225475
Key Down;Q;225698
Key Up;Q;226330
Key Down;S;226346
Key Up;S;226986
Key Down;D;227450
Key Up;D;227930
Key Down;Q;229091
Key Up;Q;229170
Key Down;D;229746
Key Up;D;229898
Key Down;F;231394
Key Up;F;232170
Key Down;E;238954
Key Up;E;239011
Key Down;D;242746
Key Up;D;243066
Key Down;S;243418
Key Up;S;243835
Key Down;E;244546
Key Up;E;244611
Key Down;D;305426
Key Up;D;306074
Key Down;E;306106
Key Down;D;306826
Key Up;E;307458
Key Up;D;307586
Key Down;S;308746
Key Up;S;309113
Key Down;Q;309442
Key Down;E;310114
Key Up;Q;310266
Key Up;E;310530
Key Down;E;312146
Key Up;E;312226
Key Down;Q;313410
Key Up;Q;314346
Key Down;Z;314370
Key Down;Q;314834
Key Up;Z;314922
Key Down;Z;315378
Key Up;Q;315450
Key Up;Z;316522
Key Down;E;317466
Key Up;E;317514
Key Down;E;319330
Key Up;E;319506
Key Down;Z;321130
Key Up;Z;321762
Key Down;Z;356858
Key Up;Z;357218
Key Down;Q;357242
Key Down;Z;357946
Key Up;Q;357994
Key Up;Z;359274
Key Down;Q;359746
Key Up;Q;359834
Key Down;E;360657
Key Up;E;360705
Key Down;E;362554
Key Up;E;362674
Key Down;E;368002
Key Up;E;368066
Key Down;E;369818
Key Up;E;369898
Key Down;F;386042
Key Up;F;389457
Key Down;Q;405442
Key Up;Q;405610
Key Down;Z;405922
Key Up;Z;406050
Key Down;E;407817
Key Up;E;407962
Key Down;D;414297
Key Down;S;414946
Key Up;D;414962
Key Down;D;415953
Key Up;S;415985
Key Up;D;416290
Key Down;S;416298
Key Up;S;417553
Key Down;E;418226
Key Up;E;418386
Key Down;S;419306
Key Up;S;419801
Key Down;Q;420929
Key Down;Z;421641
Key Up;Q;421713
Key Down;Q;422490
Key Up;Z;422498
Key Down;Z;424090
Key Up;Q;424418
Key Up;Z;425202
Key Down;Q;426626
Key Down;Z;427153
Key Up;Q;427177
Key Up;Z;428130
Key Down;E;428306
Key Up;E;428785
Key Down;E;429826
Key Up;E;429898
Key Down;D;430481
Key Up;D;431098
Key Down;S;431273
Key Up;S;432690
Key Down;Q;432714
Key Up;Q;437258
Key Down;Z;437274
Key Down;D;438970
Key Up;Z;438978
Key Down;Z;439633
Key Up;D;439689
Key Down;D;440146
Key Up;Z;440242
Key Down;Z;441418
Key Up;D;441434
Key Up;Z;441657
Key Down;Z;442593
Key Up;Z;442673
Key Down;E;443457
Key Up;E;443537
Key Down;E;476409
Key Up;E;476465
Key Down;D;479801
Key Down;X;480202
Key Up;D;480218
Key Up;X;480737
Key Down;D;481177
Key Up;D;481570
Key Down;S;483569
Key Up;S;485377
Key Down;D;485537
Key Up;D;486122
Key Down;S;486194
Key Up;S;486249
Key Down;E;487346
Key Up;E;487402
Key Down;S;500497
Key Up;S;500890
Key Down;Q;501826
Key Up;Q;503753
Key Down;Z;503761
Key Down;Q;504881
Key Up;Z;504897
Key Down;Z;505186
Key Up;Q;505194
Key Up;Z;506178
Key Down;D;506457
Key Up;D;507178
Key Down;Z;511938
Key Up;Z;512137
Key Down;E;512362
Key Up;E;512433
Key Down;S;522841
Key Up;S;523177
Key Down;Q;524130
Key Up;Q;525257
Key Down;E;525265
Key Up;E;525585
Key Down;E;526498
Key Up;E;526577
Key Down;Z;526978
Key Up;Z;527329
Key Down;E;528441
Key Up;E;528489
Key Down;E;539745
Key Up;E;539841
Key Down;D;547193
Key Up;D;547497
Key Down;D;548449
Key Up;D;548665
Key Down;Z;548713
Key Up;Z;549370
Key Down;F;551737
Key Up;F;552617
Key Down;F;552681
Key Up;F;556121
Key Down;E;558761
Key Up;E;558881
Key Down;Q;560705
Key Up;Q;560793
Key Down;E;562297
Key Up;E;562353
Key Down;F;565281
Key Up;F;568537
Key Down;D;597952
Key Up;D;598353
Key Down;D;601121
Key Up;D;601489
Key Down;S;601753
Key Down;Q;602297
Key Up;S;602329
Key Up;Q;603233
Key Down;S;603249
Key Down;Q;603601
Key Up;S;603641
Key Down;Z;604209
Key Up;Q;604217
Key Up;Z;604569
Key Down;E;605609
Key Up;E;605681
Key Down;S;615073
Key Up;S;615352
Key Down;Q;615481
Key Up;Q;615697
Key Down;Z;616001
Key Up;Z;616265
Key Down;S;617817
Key Up;S;617897
Key Down;D;618305
Key Up;D;618401
Key Down;E;619441
Key Up;E;619497
Key Down;D;856704
Key Up;D;857176
Key Down;D;858728
Key Up;D;859456
Key Down;R;859496
Key Up;R;859911
Key Down;Z;860952
Key Down;S;861864
Key Up;Z;862208
Key Up;S;862312
Key Down;Q;862960
Key Up;Q;863416
Key Down;Z;863848
Key Up;Z;864239
Key Down;Q;864376
Key Up;Q;864872
Key Down;E;865968
Key Up;E;866255
Key Down;D;885200
Key Down;S;886048
Key Up;D;886080
Key Down;D;886704
Key Up;S;886712
Key Up;D;887712
Key Down;S;887807
Key Down;Q;888336
Key Up;S;888415
Key Down;S;889112
Key Up;Q;889144
Key Down;Q;889656
Key Up;S;889736
Key Down;S;892424
Key Up;Q;892448
Key Up;S;893864
Key Down;D;893872
Key Up;D;915104
Key Down;D;916024
Key Up;D;919656
Key Down;S;919760
Key Up;S;920023
Key Down;D;921264
Key Down;S;923656
Key Up;D;923800
Key Down;D;923943
Key Up;S;923975
Key Up;D;924087
Key Down;Z;925000
Key Up;Z;925040
Key Down;Z;925144
Key Up;Z;925512
Key Down;D;925519
Key Down;E;939999
Key Up;D;940087
Key Up;E;940552
Key Down;D;940735
Key Down;Z;943336
Key Up;D;943383
Key Up;Z;945392
Key Down;E;946567
Key Up;E;946655
Key Down;Z;948632
Key Up;Z;949880
Key Down;Q;949912
Key Up;Q;950151
Key Down;Z;950664
Key Up;Z;952144
Key Down;D;952176
Key Up;D;952727
Key Down;Z;952775
Key Up;Z;953032
Key Down;E;953856
Key Up;E;953928
Key Down;Q;981336
Key Down;S;981760
Key Up;Q;981792
Key Up;S;982351
Key Down;D;982519
Key Up;D;983664
Key Down;Z;983672
Key Up;Z;984119
Key Down;D;984847
Key Up;D;985200
Key Down;Z;985216
Key Up;Z;985415
Key Down;E;986327
Key Up;E;986392
Key Down;D;1183318
Key Up;D;1183791
Key Down;S;1183975
Key Up;S;1185302
Key Down;Q;1185463
Key Up;Q;1186439
Key Down;Z;1186686
Key Up;Z;1186998
Key Down;Q;1187134
Key Down;S;1188063
Key Up;Q;1188079
Key Up;S;1189855
Key Down;E;1191199
Key Up;E;1191262
Key Down;S;1193623
Key Up;S;1195551
Key Down;Q;1196375
Key Up;Q;1200487
Key Down;S;1201287
Key Up;S;1201726
Key Down;Z;1202215
Key Up;Z;1202550
Key Down;Q;1204062
Key Up;Q;1207718
Key Down;D;1208439
Key Up;D;1213078
Key Down;S;1213254
Key Up;S;1213799
Key Down;D;1214142
Key Up;D;1214359
Key Down;Z;1214726
Key Up;Z;1215551
Key Down;D;1216287
Key Up;D;1218039
Key Down;Z;1220302
Key Up;Z;1221574
Key Down;Q;1221662
Key Up;Q;1221983
Key Down;D;1222855
Key Up;D;1223094
Key Down;S;1223511
Key Up;S;1224982
Key Down;D;1224990
Key Up;D;1225663
Key Down;S;1225671
Key Up;S;1226415
Key Down;D;1226423
Key Up;D;1227094
Key Down;S;1227158
Key Up;S;1231519
Key Down;Q;1231527
Key Down;Z;1233726
Key Up;Q;1233750
Key Down;Q;1234559
Key Up;Q;1234734
Key Up;Z;1235502
Key Down;D;1235542
Key Up;D;1236598
Key Down;Q;1237055
Key Up;Q;1238159
Key Down;S;1238167
Key Up;S;1239270
Key Down;D;1239310
Key Up;D;1241686
Key Down;Z;1242326
Key Down;D;1243246
Key Up;Z;1243278
Key Up;D;1249950
Key Down;Z;1250047
Key Up;Z;1250358
Key Down;E;1251198
Key Up;E;1251262
Key Down;D;1343254
Key Up;D;1343749
Key Down;S;1344054
Key Up;S;1344342
Key Down;Z;1344670
Key Up;Z;1344838
Key Down;D;1345270
Key Up;D;1345702
Key Down;Z;1345726
Key Up;Z;1346326
Key Down;D;1347166
Key Down;E;1347246
Key Up;D;1347302
Key Up;E;1347357
Key Down;Z;1348014
Key Up;Z;1348070
Key Down;Q;1348382
Key Up;Q;1348598
Key Down;Z;1348861
Key Up;Z;1348974
Key Down;E;1349958
Key Up;E;1350022
Key Down;Q;1350966
Key Up;Q;1351078
Key Down;E;1352230
Key Up;E;1352310
Key Down;E;1361622
Key Up;E;1361742
Key Down;F;1368877
Key Up;F;1370142
Key Down;F;1370486
Key Up;F;1370886
Key Down;F;1372246
Key Up;F;1374190
Key Down;Q;1377278
Key Up;Q;1377678
Key Down;F;1378766
Key Up;F;1379502
Key Down;D;1380605
Key Up;D;1381014
Key Down;S;1381438
Key Up;S;1381758
Key Down;Q;1381854
Key Up;Q;1382493
Key Down;Z;1382501
Key Up;Z;1382758
Key Down;F;1383870
Key Up;F;1387333
Key Down;E;1391661
Key Up;E;1391750
Key Down;F;1401846
Key Up;F;1405341
Key Down;Espace;1409398
Key Up;Espace;1409470
Key Down;Espace;1410573
Key Up;Espace;1411357
Key Down;D;1414830
Key Up;D;1415166
Key Down;S;1415454
Key Up;S;1415862
Key Down;Q;1416558
Key Up;Q;1417494
Key Down;S;1417526
Key Down;Q;1417838
Key Up;S;1417854
Key Up;Q;1423510
Key Down;D;1424342
Key Up;D;1430413
Key Down;Z;1430437
Key Up;Z;1430998
Key Down;E;1431837
Key Up;E;1431926
Key Down;D;1445597
Key Down;Z;1446270
Key Up;D;1446302
Key Down;Q;1447302
Key Up;Z;1447358
Key Up;Q;1447862
Key Down;Q;1448949
Key Up;Q;1449397
Key Down;Q;1452397
Key Up;Q;1452822
Key Down;Z;1453094
Key Down;Q;1454125
Key Up;Z;1454157
Key Up;Q;1454582
Key Down;Z;1454686
Key Up;Z;1455157
Key Down;Espace;1456646
Key Down;D;1456654
Key Up;D;1456782
Key Up;Espace;1456862
Key Down;Espace;1457901
Key Up;Espace;1458013
Key Down;Espace;1458285
Key Up;Espace;1458406
Key Down;Espace;1458686
Key Up;Espace;1458790
Key Down;Espace;1459398
Key Up;Espace;1459478
Key Down;Espace;1459590
Key Up;Espace;1459662
Key Down;Espace;1459798
Key Up;Espace;1459854
Key Down;Espace;1460141
Key Up;Espace;1460197
Key Down;Espace;1460397
Key Up;Espace;1460461
Key Down;Espace;1461062
Key Up;Espace;1461166
Key Down;Z;1463646
Key Up;Z;1465150
Key Down;D;1465262
Key Up;D;1465701
Key Down;Q;1465725
Key Down;Z;1465797
Key Up;Q;1466069
Key Up;Z;1467086
Key Down;S;1467829
Key Down;Q;1470118
Key Up;S;1470198
Key Up;Q;1470517
Key Down;S;1470541
Key Up;S;1471557
Key Down;D;1471774
Key Up;D;1472093
Key Down;S;1472317
Key Down;D;1472790
Key Up;S;1472822
Key Down;S;1473293
Key Up;D;1473381
Key Down;Q;1474470
Key Up;S;1474478
Key Up;Q;1475469
Key Down;E;1476574
Key Up;E;1476638
Key Down;S;1518333
Key Up;S;1518670
Key Down;Q;1518821
Key Up;Q;1520085
Key Down;Q;1525526
Key Up;Q;1525949
Key Down;Q;1529341
Key Up;Q;1530013
Key Down;Q;1533326
Key Up;Q;1537941
Key Down;S;1538085
Key Down;Q;1539173
Key Up;S;1539181
Key Up;Q;1544702
Key Down;Z;1545037
Key Down;Q;1545782
Key Up;Q;1546069
Key Up;Z;1547077
Key Down;S;1548653
Key Up;S;1548949
Key Down;Q;1549117
Key Up;Q;1549549
Key Down;D;1549989
Key Up;D;1550317
Key Down;S;1550853
Key Up;S;1553053
Key Down;Q;1553061
Key Up;Q;1554525
Key Down;Z;1555605
Key Up;Z;1555918
Key Down;Q;1556133
Key Up;Q;1557126
Key Down;Z;1557133
Key Up;Z;1557637
Key Down;S;1557965
Key Up;S;1558693
Key Down;D;1558894
Key Up;D;1566453
Key Down;Z;1566461
Key Down;Q;1569877
Key Up;Z;1569997
Key Up;Q;1571397
Key Down;D;1571781
Key Down;Z;1573269
Key Up;D;1573285
Key Up;Z;1575197
Key Down;Q;1575205
Key Up;Q;1606541
Key Down;Z;1678925
Key Up;Z;1680421
Key Down;D;1680477
Key Up;D;1681092
Key Down;Z;1681220
Key Up;Z;1681445
Key Down;Q;1682053
Key Up;Q;1682188
Key Down;F;1683620
Key Up;F;1685693
Key Down;D;1689188
Key Up;D;1689604
Key Down;F;1691285
Key Up;F;1693165
Key Down;Q;1694813
Key Up;Q;1695172
Key Down;Z;1695204
Key Up;Z;1695701
Key Down;D;1696044
Key Up;D;1696180
Key Down;Q;1697068
Key Up;Q;1697220
Key Down;F;1697533
Key Up;F;1697789
Key Down;F;1698220
Key Up;F;1699605
Key Down;S;1700901
Key Up;S;1701917
Key Down;D;1701949
Key Up;D;1702245
Key Down;F;1703453
Key Up;F;1705548
Key Down;Z;1707029
Key Down;Q;1709165
Key Up;Z;1709213
Key Up;Q;1709333
Key Down;Z;1709748
Key Up;Z;1709909
Key Down;D;1710644
Key Up;D;1710741
Key Down;S;1711292
Key Up;S;1711397
Key Down;F;1713076
Key Up;F;1715213
Key Down;Q;1715500
Key Up;Q;1717060
Key Down;Z;1717077
Key Up;Z;1717413
Key Down;F;1718684
Key Up;F;1718972
Key Down;E;1719708
Key Up;E;1719772
Key Down;S;1733260
Key Up;S;1736284
Key Down;Q;1736356
Key Down;Z;1738605
Key Up;Q;1738653
Key Up;Z;1740684
Key Down;D;1740708
Key Up;D;1740997
Key Down;Z;1741037
Key Down;Q;1741852
Key Up;Z;1741900
Key Down;S;1742892
Key Up;Q;1742924
Key Up;S;1743221
Key Down;Q;1743245
Key Down;Z;1743684
Key Up;Q;1743716
Key Down;Q;1744212
Key Up;Z;1744261
Key Up;Q;1744413
Key Down;Z;1744685
Key Up;Z;1744796
Key Down;E;1745764
Key Up;E;1745828
Key Down;E;1759660
Key Up;E;1759740
Key Down;E;1760788
Key Up;E;1760964
Key Down;Espace;1762949
Key Up;Espace;1762997
Key Down;Espace;1763500
Key Up;Espace;1763589
Key Down;Echap;1773061
Key Up;Echap;1773133
Key Down;Q;1778308
Key Up;Q;1778628
Key Down;Z;1779004
Key Up;Z;1779316
Key Down;D;1779677
Key Up;D;1779813
Key Down;Z;1780028
Key Up;Z;1781692
Key Down;S;1782324
Key Up;S;1782620
Key Down;Q;1782772
Key Up;Q;1783332
Key Down;E;1784228
Key Up;E;1784365
Key Down;D;1788660
Key Up;D;1789029
Key Down;Z;1789068
Key Up;Z;1789693
Key Down;Q;1789781
Key Up;Q;1790308
Key Down;E;1791757
Key Up;E;1791893
Key Down;Z;1795124
Key Up;Z;1795477
Key Down;Q;1795612
Key Up;Q;1795956
Key Down;Z;1796100
Key Up;Z;1796948
Key Down;E;1798085
Key Up;E;1798244
Key Down;S;1810548
Key Down;Q;1811036
Key Up;S;1811068
Key Up;Q;1811469
Key Down;Q;1814884
Key Up;Q;1817180
Key Down;S;1817196
Key Down;Q;1817804
Key Up;S;1817868
Key Up;Q;1818260
Key Down;D;1819988
Key Up;D;1821708
Key Down;S;1821764
Key Up;S;1822084
Key Down;Z;1822412
Key Up;Z;1823349
Key Down;D;1823436
Key Up;D;1827452
Key Down;D;1827860
Key Up;D;1828220
Key Down;Q;1829388
Key Up;Q;1829756
Key Down;S;1830220
Key Up;S;1831612
Key Down;D;1831780
Key Up;D;1832244
Key Down;S;1833180
Key Up;S;1833356
Key Down;D;1833588
Key Up;D;1834308
Key Down;Q;1835077
Key Down;Z;1836012
Key Up;Q;1836037
Key Down;Q;1836676
Key Up;Q;1836980
Key Down;Q;1837988
Key Up;Q;1838164
Key Up;Z;1838908
Key Down;S;1839804
Key Up;S;1840252
Key Down;Q;1841124
Key Up;Q;1841332
Key Down;Z;1841460
Key Down;Q;1842644
Key Up;Z;1842756
Key Down;Z;1842812
Key Up;Q;1842820
Key Down;Q;1843460
Key Up;Z;1843508
Key Up;Q;1845260
Key Down;Z;1845644
Key Up;Z;1847540
Key Down;D;1847820
Key Up;D;1848052
Key Down;Z;1848620
Key Down;Q;1849140
Key Up;Z;1849172
Key Up;Q;1850132
Key Down;Z;1850572
Key Up;Z;1850692
Key Down;S;1851484
Key Up;S;1851588
Key Down;Z;1852220
Key Up;Z;1852292
Key Down;S;1853028
Key Up;S;1853100
Key Down;Z;1853676
Key Up;Z;1853740
Key Down;F;1854804
Key Up;F;1856012
Key Down;S;1859003
Key Up;S;1859620
Key Down;Q;1859660
Key Up;Q;1860172
Key Down;Z;1860268
Key Up;Z;1860404
Key Down;F;1862564
Key Up;F;1863468
Key Down;D;1865404
Key Up;D;1865516
Key Down;F;1866996
Key Up;F;1868852
Key Down;S;1869756
Key Up;S;1870188
Key Down;Q;1870356
Key Down;S;1871812
Key Up;Q;1871884
Key Up;S;1872900
Key Down;S;1873396
Key Up;S;1873564
Key Down;Q;1873732
Key Up;Q;1874724
Key Down;S;1874763
Key Down;Q;1876428
Key Up;S;1876476
Key Up;Q;1881076
Key Down;S;1881332
Key Up;S;1881660
Key Down;Q;1881804
Key Up;Q;1882172
Key Down;S;1882236
Key Up;S;1883243
Key Down;Q;1883284
Key Up;Q;1884348
Key Down;Q;1885060
Key Up;Q;1885124
Key Down;D;1885436
Key Up;D;1886699
Key Down;S;1887420
Key Up;S;1889203
Key Down;Q;1889307
Key Up;Q;1889700
Key Down;S;1889716
Key Up;S;1891484
Key Down;D;1891900
Key Up;D;1896780
Key Down;S;1896899
Key Up;S;1897348
Key Down;D;1897484
Key Up;D;1897924
Key Down;S;1897940
Key Up;S;1898323
Key Down;D;1898428
Key Up;D;1898636
Key Down;Z;1898772
Key Up;Z;1898804
Key Down;D;1899924
Key Down;Z;1900075
Key Up;D;1900115
Key Up;Z;1900220
Key Down;Z;1900356
Key Up;Z;1900548
Key Down;D;1900852
Key Up;D;1900988
Key Down;F;1902308
Key Up;F;1902380
Key Down;F;1902836
Key Up;F;1904652
Key Down;S;1906868
Key Up;S;1908076
Key Down;D;1908100
Key Up;D;1909139
Key Down;S;1909148
Key Down;D;1909540
Key Up;S;1909572
Key Down;Z;1910036
Key Up;D;1910204
Key Up;Z;1910556
Key Down;D;1910716
Key Down;Z;1911308
Key Up;D;1911316
Key Up;Z;1911476
Key Down;F;1912924
Key Up;F;1914316
Key Down;E;1915092
Key Up;E;1915340
Key Down;Q;1915820
Key Up;Q;1916052
Key Down;Z;1916156
Key Up;Z;1916531
Key Down;D;1917244
Key Up;D;1918156
Key Down;D;1919708
Key Up;D;1919796
Key Down;F;1920244
Key Up;F;1921660
Key Down;S;1922739
Key Up;S;1922907
Key Down;D;1923180
Key Up;D;1923524
Key Down;Z;1923604
Key Up;Z;1923763
Key Down;F;1924748
Key Up;F;1926147
Key Down;S;1926380
Key Up;S;1927403
Key Down;Q;1927443
Key Up;Q;1927796
Key Down;S;1927812
Key Up;S;1928844
Key Down;Q;1928884
Key Up;Q;1929259
Key Down;Z;1929507
Key Up;Z;1929804
Key Down;E;1930524
Key Up;E;1930724
Key Down;Z;1932356
Key Up;Z;1932980
Key Down;Q;1933140
Key Up;Q;1933412
Key Down;Z;1934363
Key Up;Z;1935476
Key Down;E;1936675
Key Up;E;1936827
Key Down;S;1941092
Key Up;S;1941907
Key Down;D;1941915
Key Down;Z;1943116
Key Up;Z;1943148
Key Up;D;1943716
Key Down;Z;1943748
Key Up;Z;1944068
Key Down;Q;1944259
Key Up;Q;1944468
Key Down;E;1945483
Key Up;E;1945563
Key Down;S;1949188
Key Up;S;1949580
Key Down;Q;1949596
Key Up;Q;1951076
Key Down;S;1951132
Key Up;S;1952164
Key Down;Z;1952531
Key Up;Z;1952707
Key Down;S;1953404
Key Up;S;1953811
Key Down;E;1953916
Key Up;E;1954068
Key Down;S;1956132
Key Down;Q;1957092
Key Up;S;1957195
Key Down;Z;1962939
Key Up;Q;1963228
Key Down;D;1963516
Key Up;Z;1963660
Key Up;D;1963820
Key Down;Z;1963827
Key Up;Z;1966236
Key Down;E;1967172
Key Up;E;1967260
Key Down;S;1973372
Key Down;Q;1976148
Key Up;S;1976172
Key Down;Z;1977940
Key Up;Q;1977980
Key Down;Q;1978260
Key Up;Z;1978371
Key Up;Q;1980812
Key Down;D;1982683
Key Up;D;1989988
Key Down;Q;1990068
Key Up;Q;1992899
Key Down;Z;1993108
Key Up;Z;1993395
Key Down;D;1993932
Key Up;D;1994123
Key Down;S;1994428
Key Up;S;1994707
Key Down;D;1994763
Key Down;Z;2008779
Key Up;D;2008803
Key Down;Q;2011715
Key Up;Z;2011955
Key Down;Z;2015099
Key Up;Q;2015123
Key Up;Z;2016852
Key Down;Q;2017020
Key Down;S;2017956
Key Up;Q;2017980
Key Down;Q;2018579
Key Up;S;2018627
Key Down;Z;2020731
Key Up;Q;2020747
Key Down;D;2023348
Key Up;Z;2023364
Key Up;D;2024556
Key Down;Z;2024580
Key Up;Z;2025563
Key Down;E;2026347
Key Up;E;2026443
Key Down;Z;2028827
Key Up;Z;2029211
Key Down;Z;2029875
Key Up;Z;2030051
Key Down;D;2030507
Key Up;D;2031156
Key Down;E;2032771
Key Up;E;2032875
Key Down;S;2034187
Key Up;S;2035563
Key Down;S;2058251
Key Up;S;2058811
Key Down;E;2059579
Key Up;E;2059755
Key Down;Z;2064307
Key Up;Z;2064611
Key Down;Z;2065076
Key Down;F;2065811
Key Up;Z;2065868
Key Up;F;2066387
Key Down;D;2066795
Key Up;D;2069027
Key Down;Z;2069627
Key Up;Z;2070068
Key Down;D;2071051
Key Up;D;2071979
Key Down;Q;2072531
Key Up;Q;2072667
Key Down;Z;2073059
Key Up;Z;2073131
Key Down;F;2074259
Key Up;F;2074915
Key Down;D;2078291
Key Down;Z;2079027
Key Up;D;2079035
Key Up;Z;2079643
Key Down;D;2079659
Key Up;D;2080075
Key Down;E;2081003
Key Up;E;2081107
Key Down;Z;2097907
Key Up;Z;2098771
Key Down;E;2099947
Key Up;E;2100123
Key Down;Echap;2110491
Key Up;Echap;2110587
Key Down;S;2115691
Key Up;S;2116139
Key Down;Q;2116171
Key Up;Q;2116427
Key Down;S;2116827
Key Up;S;2117179
Key Down;Q;2117306
Key Up;Q;2117483
Key Down;F;2119187
Key Up;F;2120187
Key Down;D;2123027
Key Up;D;2123491
Key Down;Z;2123818
Key Up;Z;2124259
Key Down;S;2124818
Key Up;S;2125371
Key Down;F;2125803
Key Up;F;2126162
Key Down;Z;2127571
Key Up;Z;2127715
Key Down;D;2128003
Key Up;D;2128114
Key Down;F;2130099
Key Up;F;2130971
Key Down;Z;2132515
Key Up;Z;2133507
Key Down;Q;2133523
Key Up;Q;2133859
Key Down;F;2135051
Key Up;F;2136163
Key Down;S;2136507
Key Up;S;2137435
Key Down;Q;2137907
Key Up;Q;2138354
Key Down;S;2138531
Key Up;S;2139611
Key Down;E;2140747
Key Up;E;2140858
Key Down;Z;2145347
Key Down;Q;2146355
Key Up;Z;2146395
Key Down;Z;2146699
Key Up;Q;2146715
Key Up;Z;2149394
Key Down;E;2150218
Key Up;E;2150283
Key Down;Q;2152026
Key Up;Q;2152299
Key Down;Z;2152395
Key Up;Z;2153115
Key Down;E;2154490
Key Up;E;2154595
Key Down;Q;2158891
Key Up;Q;2159115
Key Down;E;2160443
Key Up;E;2160531
Key Down;S;2170403
Key Up;S;2170626
Key Down;S;2170979
Key Up;S;2171210
Key Down;Q;2171411
Key Up;Q;2172435
Key Down;Z;2172475
Key Up;Z;2173155
Key Down;Q;2173923
Key Up;Q;2174355
Key Down;E;2175139
Key Up;E;2175211
Key Down;D;2279962
Key Up;D;2280322
Key Down;S;2280410
Key Down;D;2280803
Key Up;S;2280819
Key Up;D;2281554
Key Down;S;2281562
Key Up;S;2282730
Key Down;E;2283411
Key Up;E;2283546
Key Down;S;2284698
Key Up;S;2285107
Key Down;D;2285363
Key Up;D;2285722
Key Down;Q;2286602
Key Up;Q;2288138
Key Down;S;2289163
Key Up;S;2289554
Key Down;S;2290562
Key Down;Q;2296866
Key Up;S;2296898
Key Up;Q;2304595
Key Down;Z;2304723
Key Up;Z;2306610
Key Down;Q;2306826
Key Up;Q;2307195
Key Down;Q;2307634
Key Up;Q;2307802
Key Down;Z;2308018
Key Up;Z;2308354
Key Down;E;2309306
Key Up;E;2309370
Key Down;E;2319186
Key Up;E;2319227
Key Down;D;2323714
Key Up;D;2323914
Key Down;S;2324202
Key Up;S;2324467
Key Down;D;2324746
Key Up;D;2327835
Key Down;S;2327875
Key Up;S;2328482
Key Down;D;2328690
Key Up;D;2328971
Key Down;S;2329442
Key Up;S;2330202
Key Down;D;2330570
Key Up;D;2331266
Key Down;E;2332618
Key Up;E;2332763
Key Down;Z;2344859
Key Up;Z;2345018
Key Down;D;2347522
Key Up;D;2347946
Key Down;Q;2348282
Key Up;Q;2351074
Key Down;S;2352410
Key Up;S;2352522
Key Down;Q;2354930
Key Up;Q;2355778
Key Down;S;2355922
Key Up;S;2357050
Key Down;D;2357778
Key Up;D;2358066
Key Down;S;2358146
Key Up;S;2358530
Key Down;D;2358571
Key Up;D;2365938
Key Down;Z;2366034
Key Down;D;2370522
Key Up;Z;2370586
Key Up;D;2371914
Key Down;Z;2371922
Key Up;Z;2374986
Key Down;E;2375954
Key Up;E;2376138
Key Down;Z;2377970
Key Up;Z;2378314
Key Down;Z;2378930
Key Up;Z;2379458
Key Down;Q;2379810
Key Up;Q;2380946
Key Down;S;2381042
Key Up;S;2381162
Key Down;Q;2381522
Key Up;Q;2381746
Key Down;Z;2382010
Key Up;Z;2382122
Key Down;E;2382930
Key Up;E;2383002
Key Down;D;2385298
Key Up;D;2386634
Key Down;S;2386714
Key Up;S;2387842
Key Down;E;2388642
Key Up;E;2388762
Key Down;S;2389626
Key Down;Q;2390114
Key Up;S;2390154
Key Down;S;2391818
Key Up;Q;2391874
Key Down;D;2396497
Key Up;S;2396570
Key Up;D;2397106
Key Down;S;2397114
Key Up;S;2399194
Key Down;Q;2399202
Key Up;Q;2400906
Key Down;Tab;2401906
Key Up;Tab;2401994
Key Down;Q;2418378
Key Down;Z;2424458
Key Up;Q;2424538
Key Down;D;2426002
Key Up;Z;2426098
Key Down;S;2427594
Key Up;D;2427698
Key Down;D;2427746
Key Up;S;2427786
Key Down;Z;2429426
Key Up;D;2429498
Key Up;Z;2431162
Key Down;F;2438050
Key Up;F;2442266
Key Down;Q;2445258
Key Up;Q;2445649
Key Down;S;2446098
Key Up;S;2446314
Key Down;S;2448745
Key Up;S;2449082
Key Down;Q;2449346
Key Up;Q;2449617
Key Down;Z;2449826
Key Up;Z;2450282
Key Down;D;2451769
Key Up;D;2452042
Key Down;S;2452218
Key Up;S;2453009
Key Down;Q;2453266
Key Up;Q;2453514
Key Down;S;2453793
Key Up;S;2454130
Key Down;S;2455314
Key Up;S;2456218
Key Down;S;2456834
Key Up;S;2457017
Key Down;D;2457698
Key Up;D;2458410
Key Down;Z;2463249
Key Up;Z;2463650
Key Down;D;2465402
Key Up;D;2465506
Key Down;S;2466161
Key Up;S;2466313
Key Down;D;2466778
Key Up;D;2466882
Key Down;E;2467689
Key Up;E;2468186
Key Down;Q;2475961
Key Up;Q;2476082
Key Down;D;2476721
Key Up;D;2476889
Key Down;F;2478201
Key Up;F;2478698
Key Down;F;2479354
Key Up;F;2481474
Key Down;E;2482794
Key Up;E;2483042
Key Down;Q;2484482
Key Up;Q;2487889
Key Down;S;2488225
Key Up;S;2488714
Key Down;Q;2488770
Key Up;Q;2488937
Key Down;S;2489041
Key Up;S;2489690
Key Down;D;2489730
Key Up;D;2493129
Key Down;Q;2493177
Key Down;Z;2497921
Key Up;Z;2498073
Key Up;Q;2498105
Key Down;Q;2498162
Key Up;Q;2501833
Key Down;E;2505801
Key Up;E;2505897
Key Down;Z;2509834
Key Up;Z;2510025
Key Down;D;2510697
Key Up;D;2511425
Key Down;S;2511433
Key Down;Q;2512506
Key Up;S;2512538
Key Up;Q;2513065
Key Down;E;2514705
Key Up;E;2514777
Key Down;S;2518265
Key Down;D;2518930
Key Up;S;2518985
Key Down;S;2519313
Key Up;D;2519369
Key Up;S;2520169
Key Down;D;2520346
Key Up;D;2520721
Key Down;Z;2522057
Key Up;Z;2523713
Key Down;D;2589649
Key Down;Z;2591017
Key Up;D;2591081
Key Down;D;2592497
Key Up;Z;2592537
Key Up;D;2599713
Key Down;D;2601481
Key Up;D;2611801
Key Down;Q;2611825
Key Up;Q;2618873
Key Down;Q;2620617
Key Up;Q;2622473
Key Down;Z;2622561
Key Down;Q;2623225
Key Up;Q;2623433
Key Up;Z;2624089
Key Down;E;2624809
Key Up;E;2624889
Key Down;Z;2627985
Key Up;Z;2628641
Key Down;Q;2629393
Key Up;Q;2629761
Key Down;Z;2629945
Key Down;D;2630985
Key Up;Z;2631017
Key Up;D;2631145
Key Down;Z;2631473
Key Up;Z;2631609
Key Down;E;2632441
Key Up;E;2632561
Key Down;S;2639754
Key Down;D;2640617
Key Up;S;2640641
Key Down;Z;2641865
Key Up;Z;2642073
Key Up;D;2642921
Key Down;Q;2645737
Key Up;Q;2646497
Key Down;Q;2647033
Key Down;S;2648313
Key Up;Q;2648377
Key Up;S;2649809
Key Down;E;2650537
Key Up;E;2650609
Key Down;Q;2651969
Key Up;Q;2652609
Key Down;Z;2652633
Key Up;Z;2656153
Key Down;Z;2657121
Key Down;D;2658065
Key Up;Z;2658137
Key Up;D;2658249
Key Down;Z;2658297
Key Up;Z;2659081
Key Down;D;2663793
Key Up;D;2664833
Key Down;Q;2665913
Key Down;S;2666569
Key Up;Q;2666593
Key Down;Q;2667289
Key Up;Q;2667417
Key Down;Q;2667473
Key Up;S;2667609
Key Down;S;2668313
Key Up;Q;2668321
Key Up;S;2672873
Key Down;S;2673792
Key Up;S;2674137
Key Down;D;2675096
Key Up;D;2675529
Key Down;S;2676016
Key Up;S;2676208
Key Down;S;2679664
Key Up;S;2681209
Key Down;S;2681401
Key Up;S;2683105
Key Down;Q;2683193
Key Up;Q;2684441
Key Down;Z;2684521
Key Up;Z;2684689
Key Down;E;2688768
Key Up;E;2688920
Key Down;Echap;2697865
Key Up;Echap;2697937
Key Down;Q;2701929
Key Up;Q;2703216
Key Down;S;2703224
Key Down;Q;2703617
Key Up;S;2703633
Key Down;Z;2705401
Key Up;Q;2705433
Key Up;Z;2707064
Key Down;D;2707120
Key Up;D;2707529
Key Down;Z;2707625
Key Up;Z;2709601
Key Down;Q;2709952
Key Down;Z;2711233
Key Up;Q;2711289
Key Down;D;2711769
Key Up;Z;2711840
Key Up;D;2715209
Key Down;Q;2716001
Key Up;Q;2718297
Key Down;F;2719576
Key Up;F;2724809
Key Down;F;2725304
Key Up;F;2727993
Key Down;Z;2729577
Key Up;Z;2729913
Key Down;F;2729929
Key Up;F;2730416
Key Down;F;2731224
Key Up;F;2734465
Key Down;Q;2793433
Key Down;S;2793473
Key Up;Q;2793672
Key Down;Q;2794016
Key Up;S;2794072
Key Up;Q;2794824
Key Down;S;2794840
Key Down;D;2795385
Key Up;S;2795481
Key Up;D;2802872
Key Down;Z;2802888
Key Down;D;2803361
Key Up;Z;2803424
Key Down;S;2804433
Key Up;D;2804560
Key Down;D;2804736
Key Up;S;2804800
Key Up;D;2806344
Key Down;Z;2806360
Key Up;Z;2808337
Key Down;S;2808912
Key Up;S;2809305
Key Down;Q;2809337
Key Up;Q;2809592
Key Down;F;2810368
Key Up;F;2814200
Key Down;Q;2815440
Key Up;Q;2815848
Key Down;S;2816088
Key Up;S;2816232
Key Down;F;2816960
Key Up;F;2820488
Key Down;Z;2820560
Key Down;Q;2821032
Key Up;Z;2821080
Key Down;Z;2822033
Key Up;Q;2822121
Key Down;D;2823672
Key Up;Z;2824480
Key Down;Z;2825576
Key Up;D;2825592
Key Down;D;2825993
Key Up;Z;2826144
Key Down;Z;2826608
Key Up;D;2826624
Key Down;Q;2828336
Key Up;Z;2828440
Key Up;Q;2829648
Key Down;Z;2829656
Key Up;Z;2830672
Key Down;Z;2831112
Key Down;Q;2832049
Key Up;Z;2832057
Key Up;Q;2832840
Key Down;Z;2832913
Key Up;Z;2833704
Key Down;E;2833752
Key Up;E;2833865
Key Down;Z;2835776
Key Up;Z;2836361
Key Down;Q;2836424
Key Up;Q;2836929
Key Down;Z;2839144
Key Up;Z;2839440
Key Down;E;2842177
Key Up;E;2842352
Key Down;D;2843864
Key Up;D;2844264
Key Down;S;2844472
Key Up;S;2845880
Key Down;E;2846688
Key Up;E;2846881
Key Down;S;2848104
Key Up;S;2848664
Key Down;D;2851584
Key Up;D;2852017
Key Down;D;2852288
Key Up;D;2852720
Key Down;S;2853952
Key Down;D;2854608
Key Up;S;2854632
Key Up;D;2855128
Key Down;S;2855152
Key Up;S;2856384
Key Down;Q;2856432
Key Up;Q;2856896
Key Down;S;2857168
Key Up;S;2858784
Key Down;Q;2858824
Key Down;S;2859184
Key Up;Q;2859216
Key Down;Q;2861960
Key Up;S;2861992
Key Down;S;2862464
Key Up;Q;2862480
Key Up;S;2863592
Key Down;D;2863641
Key Down;S;2864024
Key Up;D;2864032
Key Up;S;2865024
Key Down;Tab;2866560
Key Up;Tab;2866712
Key Down;D;2882720
Key Up;D;2898256
Key Down;S;2898560
Key Up;S;2898712
Key Down;Q;2899104
Key Up;Q;2899256
Key Down;S;2899584
Key Up;S;2899632
Key Down;F;2900624
Key Up;F;2901456
Key Down;Z;2902296
Key Down;D;2902592
Key Up;Z;2902624
Key Up;D;2910135
Key Down;Q;2910167
Key Up;Q;2910888
Key Down;Z;2910952
Key Up;Z;2911440
Key Down;D;2911808
Key Up;D;2925903
Key Down;S;2926056
Key Up;S;2926416
Key Down;D;2926456
Key Down;Z;2929336
Key Up;D;2929360
Key Down;D;2931728
Key Up;Z;2931816
Key Up;D;2934352
Key Down;Q;2934384
Key Up;Q;2936768
Key Down;S;2937208
Key Down;Q;2937799
Key Up;S;2937831
Key Down;S;2938007
Key Up;Q;2938048
Key Down;Q;2938776
Key Up;S;2938864
Key Down;S;2939311
Key Up;Q;2939424
Key Down;Q;2939776
Key Up;S;2939816
Key Down;S;2940680
Key Up;Q;2940824
Key Down;Q;2940992
Key Up;S;2941024
Key Down;Z;2942040
Key Up;Q;2942192
Key Up;Z;2943496
Key Down;Z;2944168
Key Up;Z;2944680
Key Down;E;2945712
Key Up;E;2945824
Key Down;Z;2947071
Key Up;Z;2949415
Key Down;D;2949471
Key Up;D;2950176
Key Down;S;2950543
Key Up;S;2950816
Key Down;D;2951096
Key Up;D;2952048
Key Down;Z;2952112
Key Up;Z;2952680
Key Down;E;2953384
Key Up;E;2953488
Key Down;S;3000456
Key Up;S;3000816
Key Down;S;3013264
Key Up;S;3013671
Key Down;Z;3014935
Key Up;Z;3015608
Key Down;E;3016760
Key Up;E;3016872
Key Down;S;3019104
Key Up;S;3019439
Key Down;Q;3019463
Key Up;Q;3020527
Key Down;Z;3020816
Key Up;Z;3021199
Key Down;Q;3021223
Key Up;Q;3021815
Key Down;S;3021839
Key Up;S;3024624
Key Down;E;3025215
Key Up;E;3025360
Key Down;S;3026584
Key Up;S;3030184
Key Down;D;3030287
Key Up;D;3031439
Key Down;S;3031568
Key Down;D;3032295
Key Up;S;3032311
Key Up;D;3033448
Key Down;Z;3033456
Key Up;Z;3033712
Key Down;Q;3034151
Key Down;Z;3035183
Key Up;Q;3035247
Key Down;Q;3035600
Key Up;Z;3035672
Key Up;Q;3036704
Key Down;S;3036751
Key Up;S;3037071
Key Down;S;3037648
Key Up;S;3039424
Key Down;D;3039464
Key Up;D;3045943
Key Down;Z;3046023
Key Up;Z;3046215
Key Down;E;3047423
Key Up;E;3047543
Key Down;D;3049144
Key Up;D;3050991
Key Down;Z;3051055
Key Up;Z;3053552
Key Down;Q;3053584
Key Up;Q;3054023
Key Down;Z;3054063
Key Up;Z;3058007
Key Down;D;3058264
Key Up;D;3060983
Key Down;Z;3061016
Key Up;Z;3061391
Key Down;Q;3061399
Key Up;Q;3061791
Key Down;E;3062751
Key Up;E;3062855
Key Down;D;3067735
Key Up;D;3067999
Key Down;Z;3068071
Key Up;Z;3068599
Key Down;S;3069063
Key Up;S;3070039
Key Down;Z;3070503
Key Up;Z;3071591
Key Down;Q;3072511
Key Up;Q;3072656
Key Down;Z;3072847
Key Up;Z;3072991
Key Down;Q;3073687
Key Up;Q;3073880
Key Down;E;3074983
Key Up;E;3075095
Key Down;Q;3083488
Key Up;Q;3083663
Key Down;D;3083903
Key Up;D;3084175
Key Down;S;3084295
Key Down;D;3084999
Key Up;S;3085023
Key Up;D;3088503
Key Down;Q;3088535
Key Down;S;3099887
Key Up;Q;3099903
Key Down;Q;3100431
Key Up;S;3100463
Key Up;Q;3100807
Key Down;S;3100815
Key Up;S;3102807
Key Down;Q;3102863
Key Up;Q;3105487
Key Down;Z;3105495
Key Down;Q;3105823
Key Up;Z;3105855
Key Up;Q;3106680
Key Down;Q;3106815
Key Up;Q;3106951
Key Down;S;3106983
Key Up;S;3107279
Key Down;Q;3107439
Key Up;Q;3108031
Key Down;Z;3108127
Key Down;Q;3109271
Key Up;Z;3109375
Key Up;Q;3109615
Key Down;Z;3109631
Key Down;Q;3113031
Key Up;Z;3113063
Key Up;Q;3113319
Key Down;Z;3113351
Key Down;Q;3113415
Key Up;Z;3113519
Key Down;Z;3113679
Key Up;Q;3113959
Key Up;Z;3114071
Key Down;Z;3115135
Key Down;D;3116231
Key Up;Z;3116287
Key Up;D;3118167
Key Down;Z;3118175
Key Down;D;3119383
Key Up;D;3119503
Key Up;Z;3120863
Key Down;S;3122951
Key Up;S;3123200
Key Down;S;3124055
Key Up;S;3124575
Key Down;D;3124631
Key Up;D;3126143
Key Down;Z;3126199
Key Down;D;3126695
Key Up;D;3127695
Key Up;Z;3128103
Key Down;Q;3128671
Key Up;Q;3129079
Key Down;E;3129583
Key Up;E;3129647
Key Down;S;3130215
Key Down;Q;3130695
Key Up;S;3130775
Key Up;Q;3131287
Key Down;Q;3131343
Key Up;Q;3131367
Key Down;Q;3131375
Key Down;S;3131863
Key Up;Q;3131871
Key Up;S;3132287
Key Down;D;3132487
Key Up;D;3132735
Key Down;Z;3132839
Key Up;Z;3133007
Key Down;S;3133607
Key Up;S;3134119
Key Down;Q;3134631
Key Up;Q;3134647
Key Down;Z;3134655
Key Up;Z;3134863
Key Down;Q;3134903
Key Up;Q;3135087
Key Down;S;3135687
Key Up;S;3135983
Key Down;Q;3136071
Key Up;Q;3136679
Key Down;Z;3137031
Key Up;Z;3137167
Key Down;Q;3138039
Key Up;Q;3138519
Key Down;Z;3139255
Key Up;Z;3139487
Key Down;Z;3141127
Key Up;Z;3141839
Key Down;D;3141991
Key Up;D;3142119
Key Down;Z;3142255
Key Up;Z;3142583
Key Down;S;3143599
Key Up;S;3145055
Key Down;D;3145111
Key Down;Z;3146167
Key Up;D;3146215
Key Down;D;3147047
Key Up;Z;3147119
Key Up;D;3148303
Key Down;Z;3148311
Key Up;Z;3154967
Key Down;Z;3155967
Key Up;Z;3156407
Key Down;D;3156519
Key Up;D;3158391
Key Down;S;3158455
Key Up;S;3158687
Key Down;Q;3158791
Key Down;S;3159919
Key Up;Q;3160015
Key Down;Q;3161534
Key Up;S;3161615
Key Down;S;3161671
Key Up;Q;3162039
Key Down;Q;3163327
Key Up;Q;3163486
Key Down;Q;3164055
Key Up;Q;3164343
Key Down;Q;3166087
Key Up;Q;3170015
Key Down;Q;3170279
Key Up;S;3170455
Key Down;S;3170662
Key Up;S;3170742
Key Down;S;3171959
Key Up;Q;3171975
Key Up;S;3176567
Key Down;D;3176879
Key Up;D;3177015
Key Down;E;3178463
Key Up;E;3178527
Key Down;Q;3181183
Key Up;Q;3182726
Key Down;Q;3183151
Key Up;Q;3184031
Key Down;E;3184047
Key Up;E;3184239
Key Down;E;3185167
Key Up;E;3185319
Key Down;S;3187471
Key Up;S;3187742
Key Down;D;3188231
Key Up;D;3189951
Key Down;S;3189983
Key Down;D;3190478
Key Up;S;3190510
Key Down;S;3190807
Key Up;D;3190823
Key Down;Q;3191558
Key Up;Q;3191887
Key Down;Q;3192743
Key Up;S;3193863
Key Up;Q;3193871
Key Down;D;3194039
Key Up;D;3194502
Key Down;S;3194550
Key Down;Q;3195311
Key Up;S;3195359
Key Up;Q;3195727
Key Down;S;3195767
Key Up;S;3197214
Key Down;D;3197463
Key Up;D;3197655
Key Down;S;3198007
Key Down;D;3199359
Key Up;S;3199391
Key Down;S;3200471
Key Up;D;3200479
Key Up;S;3201863
Key Down;Q;3201871
Key Up;Q;3203983
Key Down;Z;3204127
Key Down;Q;3205415
Key Up;Z;3205535
Key Up;Q;3207351
Key Down;Q;3207639
Key Up;Q;3207879
Key Down;D;3207975
Key Down;Z;3208767
Key Up;D;3208887
Key Down;D;3209671
Key Up;Z;3209791
Key Down;Z;3209983
Key Up;D;3210038
Key Down;D;3210703
Key Up;D;3210919
Key Down;D;3213591
Key Up;Z;3213615
Key Down;S;3213967
Key Up;D;3214039
Key Down;Q;3215246
Key Up;S;3215414
Key Down;S;3216062
Key Up;Q;3216070
Key Down;D;3217791
Key Up;S;3217855
Key Down;Z;3222575
Key Up;D;3222863
Key Down;D;3223135
Key Up;Z;3223230
Key Down;Z;3223703
Key Up;D;3223783
Key Down;D;3226407
Key Up;Z;3226423
Key Down;S;3227038
Key Up;D;3227046
Key Down;D;3227703
Key Up;S;3227735
Key Down;S;3227983
Key Up;D;3227999
Key Up;S;3228703
Key Down;F;3229583
Key Up;F;3230422
Key Down;F;3231887
Key Up;F;3232223
Key Down;Q;3232855
Key Up;Q;3233039
Key Down;F;3234695
Key Up;F;3235294
Key Down;S;3235479
Key Up;S;3235679
Key Down;F;3236255
Key Up;F;3236655
Key Down;Z;3238798
Key Down;Q;3239942
Key Up;Z;3239990
Key Up;Q;3241182
Key Down;Z;3242238
Key Up;Z;3242575
Key Down;Tab;3244015
Key Up;Tab;3244134
Key Down;D;3291655
Key Up;D;3292054
Key Down;Z;3292134
Key Up;Z;3293583
Key Down;Q;3293831
Key Up;Q;3294094
Key Down;D;3294559
Key Down;Z;3296767
Key Up;D;3296895
Key Down;Q;3297054
Key Up;Q;3297174
Key Up;Z;3298374
Key Down;S;3298806
Key Up;S;3299758
Key Down;Q;3300039
Key Up;Q;3300431
Key Down;S;3300478
Key Down;Q;3300790
Key Up;S;3300814
Key Up;Q;3302455
Key Down;Z;3303262
Key Up;Z;3303407
Key Down;Q;3303902
Key Up;Q;3304543
Key Down;S;3304599
Key Up;S;3304839
Key Down;Q;3304879
Key Up;Q;3305038
Key Down;Z;3305406
Key Up;Z;3305526
Key Down;E;3306422
Key Up;E;3306494
Key Down;D;3310599
Key Up;D;3311070
Key Down;Z;3311198
Key Down;Q;3311687
Key Up;Z;3311718
Key Up;Q;3311870
Key Down;Z;3311886
Key Up;Z;3312734
Key Down;D;3312974
Key Up;D;3313263
Key Down;Q;3313407
Key Up;Q;3313742
Key Down;Q;3314350
Key Up;Q;3314551
Key Down;Z;3314926
Key Up;Z;3315046
Key Down;D;3315382
Key Up;D;3315551
Key Down;Z;3315631
Key Down;Q;3316286
Key Up;Z;3316318
Key Up;Q;3316662
Key Down;D;3317415
Key Up;D;3317846
Key Down;Z;3317934
Key Up;Z;3318926
Key Down;E;3319767
Key Up;E;3319831
Key Down;Z;3320846
Key Up;Z;3322951
Key Down;D;3323015
Key Up;D;3323814
Key Down;Q;3323903
Key Up;Q;3324766
Key Down;Z;3324798
Key Down;Q;3325462
Key Up;Z;3325494
Key Up;Q;3325799
Key Down;S;3326942
Key Up;S;3327566
Key Down;D;3327790
Key Up;D;3329135
Key Down;Z;3329143
Key Up;Z;3329430
Key Down;E;3330479
Key Up;E;3330542
Key Down;Q;3337815
Key Up;Q;3338278
Key Down;S;3338382
Key Up;S;3338694
Key Down;Q;3338774
Key Up;Q;3339638
Key Down;Z;3340007
Key Up;Z;3340214
Key Down;Q;3340814
Key Up;Q;3341078
Key Down;S;3341478
Key Up;S;3341758
Key Down;D;3342014
Key Up;D;3342142
Key Down;E;3342943
Key Up;E;3343006
Key Down;Q;3347647
Key Down;Z;3348513
Key Up;Q;3348558
Key Up;Z;3348686
Key Down;Q;3348894
Key Up;Q;3349159
Key Down;E;3350198
Key Up;E;3350414
Key Down;D;3350894
Key Down;Z;3351302
Key Up;D;3351310
Key Up;Z;3351663
Key Down;Z;3352078
Key Up;Z;3352438
Key Down;S;3354311
Key Up;S;3355406
Key Down;Q;3355478
Key Up;Q;3355782
Key Down;S;3356630
Key Up;S;3356998
Key Down;Q;3358615
Key Up;Q;3359206
Key Down;S;3359294
Key Up;S;3359518
Key Down;Z;3360302
Key Up;Z;3360494
Key Down;Q;3360814
Key Up;Q;3360950
Key Down;Z;3361222
Key Up;Z;3361303
Key Down;E;3362102
Key Up;E;3362166
Key Down;D;3368318
Key Up;D;3369286
Key Down;Z;3369294
Key Up;Z;3370702
Key Down;Q;3370718
Key Up;Q;3372374
Key Down;S;3372910
Key Up;S;3374262
Key Down;D;3374310
Key Up;D;3374510
Key Down;S;3374591
Key Up;S;3375078
Key Down;Q;3375190
Key Up;Q;3376214
Key Down;D;3376966
Key Up;D;3378086
Key Down;Z;3378222
Key Down;D;3378702
Key Up;Z;3378734
Key Down;Z;3379174
Key Up;D;3379222
Key Down;D;3379670
Key Up;Z;3379774
Key Up;D;3380102
Key Down;Q;3380854
Key Up;Q;3381718
Key Down;S;3381830
Key Up;S;3381998
Key Down;Q;3382078
Key Up;Q;3383071
Key Down;Z;3383118
Key Up;Z;3383670
Key Down;D;3384158
Key Up;D;3387270
Key Down;S;3387350
Key Up;S;3387734
Key Down;D;3387742
Key Up;D;3388054
Key Down;S;3388078
Key Down;D;3390182
Key Up;S;3390222
Key Down;S;3390438
Key Up;D;3390446
Key Up;S;3391958
Key Down;E;3391974
Key Up;E;3392078
Key Down;S;3393286
Key Down;Q;3395726
Key Up;S;3395750
Key Down;S;3396054
Key Up;Q;3396094
Key Up;S;3397198
Key Down;S;3397622
Key Up;S;3397966
Key Down;D;3398070
Key Up;D;3398494
Key Down;S;3398550
Key Up;S;3400894
Key Down;S;3403318
Key Down;D;3404094
Key Up;S;3404102
Key Up;D;3406862
Key Down;Z;3406966
Key Up;Z;3407150
Key Down;S;3407870
Key Up;S;3408133
Key Down;D;3408174
Key Up;D;3411470
Key Down;Q;3413558
Key Up;Q;3416550
Key Down;S;3416589
Key Down;Q;3417182
Key Up;Q;3417302
Key Up;S;3417814
Key Down;F;3418478
Key Up;F;3419366
Key Down;E;3419846
Key Up;E;3419918
Key Down;E;3420990
Key Up;E;3421062
Key Down;Z;3421782
Key Up;Z;3421902
Key Down;F;3423061
Key Up;F;3424422
Key Down;Q;3425238
Key Up;Q;3425886
Key Down;S;3425966
Key Up;S;3426350
Key Down;Q;3426366
Key Up;Q;3426662
Key Down;S;3426814
Key Up;S;3426918
Key Down;S;3427077
Key Up;S;3427166
Key Down;D;3427630
Key Up;D;3427718
Key Down;F;3428654
Key Up;F;3429902
Key Down;Q;3430694
Key Up;Q;3431574
Key Down;Z;3432054
Key Up;Z;3432230
Key Down;F;3433382
Key Up;F;3434878
Key Down;Z;3436102
Key Up;Z;3436141
Key Down;Q;3436190
Key Down;Z;3436486
Key Up;Q;3436670
Key Down;Q;3438126
Key Up;Z;3438198
Key Down;Z;3439158
Key Up;Q;3439190
Key Down;Q;3443126
Key Up;Z;3443174
Key Down;Z;3444597
Key Up;Q;3444645
Key Down;Q;3444854
Key Up;Z;3444926
Key Down;S;3445669
Key Up;Q;3445749
Key Down;Q;3445918
Key Up;S;3445926
Key Up;Q;3466437
Key Down;Z;3704277
Key Up;Z;3705205
Key Down;Q;3705517
Key Up;Q;3705748
Key Down;Z;3705845
Key Up;Z;3706573
Key Down;D;3707029
Key Up;D;3707237
Key Down;Z;3707901
Key Up;Z;3708413
Key Down;D;3708445
Key Up;D;3709061
Key Down;Z;3709117
Key Up;Z;3710437
Key Down;Q;3710469
Key Up;Q;3710709
Key Down;Z;3710781
Key Down;Q;3711213
Key Up;Z;3711269
Key Up;Q;3711413
Key Down;Z;3711453
Key Up;Z;3712245
Key Down;D;3712693
Key Up;D;3713037
Key Down;S;3713117
Key Up;S;3713693
Key Down;D;3713885
Key Down;S;3714373
Key Up;D;3714381
Key Up;S;3715717
Key Down;S;3715773
Key Up;S;3715797
Key Down;Q;3715821
Key Up;Q;3716029
Key Down;S;3716061
Key Down;D;3716597
Key Up;S;3716621
Key Up;D;3716916
Key Down;S;3716932
Key Down;Q;3718021
Key Up;S;3718053
Key Down;S;3719005
Key Up;Q;3719037
Key Down;Q;3719765
Key Up;S;3719789
Key Up;Q;3721509
Key Down;Z;3721541
Key Down;Q;3722749
Key Up;Q;3723101
Key Down;Q;3723541
Key Up;Q;3723725
Key Down;Q;3725557
Key Up;Z;3725605
Key Down;Z;3725909
Key Up;Q;3726101
Key Down;Q;3727437
Key Up;Z;3729229
Key Up;Q;3729421
Key Down;F;3730484
Key Up;F;3731157
Key Down;Z;3732564
Key Up;Z;3732669
Key Down;F;3733476
Key Up;F;3734013
Key Down;F;3735124
Key Up;F;3735605
Key Down;S;3735645
Key Up;S;3735940
Key Down;F;3736548
Key Up;F;3736868
Key Down;S;3736941
Key Up;S;3737005
Key Down;F;3738245
Key Up;F;3742653
Key Down;S;3743524
Key Up;S;3743813
Key Down;Z;3744773
Key Down;Q;3745108
Key Up;Z;3745236
Key Up;Q;3746317
Key Down;D;3746493
Key Down;S;3746869
Key Up;D;3746885
Key Down;D;3747581
Key Up;S;3747645
Key Down;S;3748277
Key Up;D;3748285
Key Down;D;3748940
Key Up;S;3749020
Key Down;S;3750357
Key Up;D;3750453
Key Down;D;3750661
Key Up;S;3750725
Key Down;S;3751124
Key Up;D;3751205
Key Down;D;3752573
Key Up;S;3752685
Key Down;S;3752837
Key Up;D;3752853
Key Up;S;3753853
Key Down;Z;3754100
Key Down;Q;3754685
Key Up;Z;3754757
Key Down;S;3755797
Key Up;Q;3755869
Key Down;Q;3756068
Key Up;S;3756108
Key Down;S;3757252
Key Up;S;3757404
Key Down;S;3759125
Key Up;S;3759332
Key Down;Z;3760349
Key Up;Q;3760365
Key Down;Q;3761197
Key Up;Z;3761284
Key Down;Z;3762013
Key Up;Q;3762212
Key Up;Z;3763860
Key Down;D;3763916
Key Up;D;3764565
Key Down;Z;3764605
Key Up;Z;3765076
Key Down;D;3765164
Key Up;D;3765413
Key Down;E;3766661
Key Up;E;3766741
Key Down;S;3773340
Key Down;Q;3773757
Key Up;S;3773813
Key Up;Q;3775524
Key Down;Z;3775548
Key Up;Z;3777364
Key Down;S;3777821
Key Down;D;3778597
Key Up;S;3778677
Key Down;S;3778845
Key Up;D;3778885
Key Down;D;3779829
Key Up;S;3779860
Key Up;D;3779956
Key Down;S;3780012
Key Down;Q;3780204
Key Up;S;3780252
Key Down;S;3780709
Key Up;Q;3780725
Key Down;D;3781749
Key Up;S;3781804
Key Up;D;3782036
Key Down;S;3782044
Key Down;D;3783397
Key Up;S;3784300
Key Up;D;3785140
Key Down;S;3785148
Key Down;Q;3785852
Key Up;S;3785884
Key Up;Q;3787461
Key Down;Q;3788716
Key Up;Q;3788916
Key Down;D;3790164
Key Down;S;3792012
Key Up;D;3792020
Key Down;D;3792477
Key Up;S;3792557
Key Down;S;3794301
Key Up;S;3794453
Key Down;Z;3796252
Key Up;Z;3798181
Key Up;D;3799852
Key Down;S;3799948
Key Down;D;3800621
Key Up;S;3800661
Key Down;S;3800900
Key Up;D;3800908
Key Down;Q;3804044
Key Up;Q;3804260
Key Down;D;3805020
Key Up;S;3805213
Key Down;S;3806476
Key Up;D;3806500
Key Down;Q;3808645
Key Up;S;3808725
Key Down;S;3808788
Key Up;Q;3808852
Key Down;Q;3809605
Key Up;Q;3809836
Key Down;D;3811324
Key Up;S;3811396
Key Down;S;3811669
Key Up;D;3811749
Key Down;D;3817492
Key Up;S;3817637
Key Down;S;3817685
Key Up;D;3817725
Key Down;Q;3819941
Key Up;S;3820013
Key Down;Z;3833396
Key Up;Q;3833428
Key Up;Z;3835964
Key Down;Q;3835972
Key Up;Q;3837492
Key Down;Z;3837596
Key Up;Z;3837789
Key Down;D;3838196
Key Up;D;3838300
Key Down;Z;3838572
Key Up;Z;3838668
Key Down;F;3839636
Key Up;F;3841868
Key Down;D;3842764
Key Up;D;3843052
Key Down;Z;3843108
Key Up;Z;3843293
Key Down;F;3844260
Key Up;F;3844757
Key Down;Q;3844916
Key Up;Q;3845044
Key Down;D;3846380
Key Up;D;3846500
Key Down;Z;3846685
Key Up;Z;3846845
Key Down;F;3847572
Key Up;F;3848364
Key Down;Z;3849596
Key Up;Z;3849988
Key Down;S;3851245
Key Up;S;3851333
Key Down;F;3852276
Key Up;F;3853781
Key Down;Z;3854701
Key Down;Q;3855164
Key Up;Z;3855220
Key Down;S;3856140
Key Up;Q;3856148
Key Down;Q;3856388
Key Up;S;3856396
Key Up;Q;3857012
Key Down;Z;3857036
Key Up;Z;3857380
Key Down;Q;3857868
Key Up;Q;3858052
Key Down;S;3858397
Key Up;S;3858740
Key Down;Q;3858836
Key Up;Q;3859396
Key Down;Z;3859516
Key Up;Z;3860300
Key Down;D;3860332
Key Up;D;3860525
Key Down;F;3861501
Key Up;F;3863084
Key Down;Q;3864556
Key Up;Q;3864716
Key Down;S;3864780
Key Up;S;3866157
Key Down;D;3866165
Key Down;Z;3866804
Key Up;D;3866868
Key Up;Z;3866996
Key Down;D;3867021
Key Up;D;3868996
Key Down;Z;3869012
Key Down;D;3870237
Key Up;Z;3870348
Key Down;Z;3870468
Key Up;D;3870516
Key Down;D;3870972
Key Up;Z;3871125
Key Up;D;3872045
Key Down;Z;3872069
Key Up;Z;3874996
Key Down;E;3876364
Key Up;E;3876428
Key Down;Z;3878589
Key Down;Q;3879604
Key Up;Z;3879644
Key Up;Q;3880692
Key Down;Z;3880788
Key Down;Q;3881124
Key Up;Z;3881148
Key Up;Q;3881420
Key Down;E;3882220
Key Up;E;3882284
Key Down;S;4034148
Key Up;S;4034419
Key Down;D;4034427
Key Up;D;4035659
Key Down;S;4035667
Key Down;E;4037059
Key Up;S;4037091
Key Up;E;4037323
Key Down;S;4038219
Key Up;S;4038604
Key Down;Q;4038652
Key Down;Z;4040604
Key Up;Q;4040660
Key Down;Q;4041700
Key Up;Z;4041764
Key Up;Q;4043467
Key Down;D;4043747
Key Up;D;4045900
Key Down;S;4045972
Key Up;S;4047148
Key Down;D;4047164
Key Up;D;4048460
Key Down;Z;4048523
Key Up;Z;4048755
Key Down;E;4049644
Key Up;E;4049875
Key Down;D;4054739
Key Up;D;4055116
Key Down;S;4055132
Key Down;Q;4057492
Key Up;S;4057516
Key Down;S;4057883
Key Up;Q;4057907
Key Down;Q;4058283
Key Up;S;4058323
Key Up;Q;4059172
Key Down;S;4059227
Key Down;Q;4060875
Key Up;S;4061067
Key Down;S;4061923
Key Up;Q;4062387
Key Down;Q;4063371
Key Up;S;4063435
Key Up;Q;4064619
Key Down;S;4066956
Key Up;S;4067707
Key Down;S;4068811
Key Down;Q;4069204
Key Up;S;4069212
Key Up;Q;4072323
Key Down;Q;4072892
Key Up;Q;4074947
Key Down;Z;4076403
Key Up;Z;4077707
Key Down;D;4078820
Key Up;D;4080187
Key Down;Z;4080227
Key Up;Z;4080811
Key Down;F;4081907
Key Up;F;4085524
Key Down;Z;4088132
Key Up;Z;4089236
Key Down;D;4089555
Key Up;D;4090595
Key Down;Z;4090683
Key Up;Z;4090843
Key Down;F;4091715
Key Up;F;4095364
Key Down;Z;4096115
Key Down;Q;4096803
Key Up;Z;4096835
Key Down;Z;4097019
Key Up;Q;4097027
Key Up;Z;4097291
Key Down;F;4098203
Key Up;F;4101867
Key Down;Q;4101899
Key Up;Q;4102603
Key Down;Z;4102643
Key Up;Z;4102795
Key Down;F;4103779
Key Up;F;4107331
Key Down;S;4107523
Key Up;S;4109052
Key Down;Q;4109068
Key Up;Q;4109563
Key Down;D;4109571
Key Up;D;4109883
Key Down;Q;4109899
Key Down;S;4111611
Key Up;Q;4111627
Key Down;Q;4112284
Key Up;S;4112332
Key Up;Q;4113923
Key Down;F;4115019
Key Up;F;4118979
Key Down;Z;4119675
Key Up;Z;4120099
Key Down;D;4120123
Key Up;D;4120315
Key Down;Z;4120667
Key Up;Z;4121164
Key Down;F;4122651
Key Up;F;4126139
Key Down;F;4127171
Key Up;F;4127315
Key Down;Z;4127467
Key Up;Z;4127603
Key Down;F;4128667
Key Up;F;4131404
Key Down;F;4132427
Key Up;F;4133043
Key Down;D;4135035
Key Up;D;4135771
Key Down;Z;4135779
Key Up;Z;4136364
Key Down;Q;4136955
Key Up;Q;4137579
Key Down;D;4138059
Key Up;D;4138451
Key Down;S;4138555
Key Up;S;4138723
Key Down;E;4139635
Key Up;E;4139707
Key Down;Q;4149867
Key Up;Q;4150435
Key Down;Z;4150507
Key Up;Z;4151307
Key Down;F;4152283
Key Up;F;4155747
Key Down;Q;4155883
Key Up;Q;4157059
Key Down;Z;4157147
Key Up;Z;4157483
Key Down;Q;4157507
Key Up;Q;4158379
Key Down;F;4159339
Key Up;F;4163051
Key Down;S;4163163
Key Up;S;4163811
Key Down;F;4164507
Key Up;F;4168003
Key Down;S;4168347
Key Up;S;4168643
Key Down;F;4169508
Key Up;F;4173971
Key Down;S;4174035
Key Up;S;4174219
Key Down;F;4174355
Key Up;F;4178251
Key Down;S;4178315
Key Up;S;4178627
Key Down;Q;4178739
Key Up;Q;4178874
Key Down;F;4179675
Key Up;F;4183330
Key Down;S;4183411
Key Up;S;4184115
Key Down;F;4184171
Key Up;F;4184459
Key Down;F;4185235
Key Up;F;4188603
Key Down;D;4189435
Key Up;D;4190211
Key Down;S;4190227
Key Up;S;4190667
Key Down;D;4190675
Key Up;D;4191019
Key Down;S;4191123
Key Up;S;4191371
Key Down;Q;4191899
Key Up;Q;4192754
Key Down;Z;4192802
Key Up;Z;4193099
Key Down;D;4194467
Key Up;D;4195306
Key Down;Z;4195314
Key Up;Z;4195467
Key Down;F;4196243
Key Up;F;4199699
Key Down;Z;4200827
Key Up;Z;4201283
Key Down;F;4202003
Key Up;F;4205419
Key Down;Q;4206275
Key Up;Q;4206491
Key Down;Z;4206499
Key Up;Z;4207003
Key Down;F;4207714
Key Up;F;4211851
Key Down;Z;4211875
Key Up;Z;4212179
Key Down;F;4212187
Key Up;F;4212707
Key Down;D;4213522
Key Down;Z;4214867
Key Up;D;4214915
Key Up;Z;4215283
Key Down;F;4216027
Key Up;F;4219634
Key Down;Z;4219802
Key Up;Z;4220179
Key Down;Q;4220323
Key Up;Q;4220395
Key Down;D;4220827
Key Up;D;4221154
Key Down;Q;4221499
Key Up;Q;4221915
Key Down;F;4222274
Key Up;F;4225731
Key Down;Q;4226035
Key Up;Q;4226314
Key Down;Z;4226811
Key Up;Z;4227123
Key Down;F;4227827
Key Up;F;4231363
Key Down;Z;4231371
Key Up;Z;4231843
Key Down;F;4231891
Key Up;F;4235547
Key Down;D;4235771
Key Up;D;4236194
Key Down;F;4236531
Key Up;F;4240651
Key Down;S;4241435
Key Down;F;4242539
Key Up;S;4242563
Key Up;F;4243059
Key Down;D;4244538
Key Down;S;4245298
Key Up;D;4245346
Key Up;S;4245571
Key Down;D;4245579
Key Down;S;4248027
Key Up;D;4248147
Key Down;D;4248211
Key Up;S;4248219
Key Down;Z;4250499
Key Up;D;4250523
Key Down;Q;4252147
Key Up;Z;4252219
Key Up;Q;4252395
Key Down;Z;4252466
Key Up;Z;4252971
Key Down;Q;4253346
Key Up;Q;4254370
Key Down;Q;4254699
Key Down;S;4254747
Key Up;Q;4254763
Key Up;S;4255219
Key Down;Q;4256738
Key Up;Q;4257235
Key Down;Z;4257251
Key Up;Z;4257635
Key Down;Z;4257787
Key Down;Q;4257874
Key Up;Z;4257898
Key Up;Q;4258571
Key Down;E;4259258
Key Up;E;4259322
Key Down;D;4288627
Key Down;S;4289074
Key Up;D;4289122
Key Down;D;4289370
Key Up;S;4289394
Key Down;Q;4289875
Key Up;D;4289939
Key Down;S;4290643
Key Up;Q;4290651
Key Down;Q;4291691
Key Up;S;4291827
Key Up;Q;4293027
Key Down;S;4293035
Key Down;Q;4293682
Key Up;S;4293698
Key Down;S;4294882
Key Up;Q;4294898
Key Up;S;4295066
Key Down;Q;4295074
Key Up;Q;4295563
Key Down;F;4296739
Key Up;F;4297010
Key Down;D;4298226
Key Up;D;4298354
Key Down;D;4299603
Key Up;D;4300107
Key Down;Z;4300131
Key Down;Q;4300867
Key Up;Z;4300971
Key Up;Q;4301219
Key Down;D;4301834
Key Up;D;4303338
Key Down;Q;4303627
Key Up;Q;4303803
Key Down;D;4304330
Key Down;Z;4305474
Key Up;D;4305586
Key Up;Z;4305770
Key Down;D;4305874
Key Up;D;4305987
Key Down;Q;4306203
Key Up;Q;4307842
Key Down;S;4307874
Key Up;S;4309827
Key Down;Z;4310603
Key Up;Z;4311418
Key Down;D;4311426
Key Up;D;4313123
Key Down;E;4314243
Key Up;E;4314307
Key Down;F;4327099
Key Up;F;4330235
Key Down;Q;4331818
Key Down;S;4333403
Key Up;Q;4333419
Key Up;S;4334371
Key Down;D;4334387
Key Down;S;4339851
Key Up;S;4339970
Key Down;Z;4341410
Key Up;D;4341418
Key Up;Z;4341538
Key Down;E;4342762
Key Up;E;4342883
Key Down;Q;4343994
Key Up;Q;4349794
Key Down;Q;4350018
Key Up;Q;4350114
Key Down;Q;4350211
Key Down;Z;4351234
Key Up;Q;4351274
Key Down;D;4351722
Key Up;Z;4351858
Key Down;Z;4352442
Key Up;Z;4352659
Key Down;Q;4353114
Key Up;Q;4353290
Key Down;S;4353482
Key Up;S;4353858
Key Up;D;4355754
Key Down;E;4356507
Key Up;E;4356570
Key Down;Q;4363074
Key Up;Q;4364570
Key Down;D;4365458
Key Up;D;4367043
Key Down;F;4367802
Key Up;F;4367866
Key Down;F;4368818
Key Up;F;4371291
Key Down;Q;4375394
Key Up;Q;4375763
Key Down;Q;4376586
Key Up;Q;4379666
Key Down;S;4379698
Key Down;D;4380387
Key Up;S;4380507
Key Down;Q;4388826
Key Up;D;4388882
Key Down;Z;4389594
Key Up;Q;4389778
Key Down;D;4394074
Key Up;Z;4394106
Key Down;Z;4395266
Key Up;D;4395298
Key Down;D;4395554
Key Up;Z;4395635
Key Down;Z;4395858
Key Up;D;4395890
Key Down;Q;4396434
Key Up;Q;4396666
Key Down;E;4399002
Key Up;Z;4399018
Key Up;E;4399154
Key Down;Z;4399850
Key Up;Z;4400098
Key Down;E;4400178
Key Down;Z;4400538
Key Up;E;4400546
Key Down;Q;4401234
Key Up;Z;4401282
Key Up;Q;4402322
Key Down;Z;4402330
Key Down;Q;4402602
Key Up;Z;4402658
Key Up;Q;4402914
Key Down;E;4403810
Key Up;E;4403866
Key Down;S;4423090
Key Up;S;4423130
Key Down;D;4423282
Key Up;D;4423746
Key Down;Q;4423906
Key Down;S;4423970
Key Up;Q;4423978
Key Down;D;4424378
Key Up;S;4424394
Key Down;S;4425074
Key Up;D;4425106
Key Down;D;4425674
Key Up;S;4425690
Key Down;S;4425882
Key Up;D;4425906
Key Up;S;4426682
Key Down;E;4427586
Key Up;E;4427690
Key Down;S;4428754
Key Down;Q;4431210
Key Up;S;4431282
Key Down;S;4431770
Key Up;Q;4431810
Key Up;S;4432682
Key Down;F;4433730
Key Up;F;4437274
Key Down;Z;4437593
Key Up;Z;4437938
Key Down;Q;4438018
Key Up;Q;4438186
Key Down;S;4438218
Key Down;Q;4438346
Key Up;S;4438354
Key Up;Q;4438985
Key Down;S;4438993
Key Down;Q;4443146
Key Up;S;4443194
Key Up;Q;4450665
Key Down;Z;4450689
Key Down;D;4451690
Key Up;Z;4451698
Key Up;D;4452154
Key Down;Z;4452170
Key Up;Z;4453282
Key Down;E;4454226
Key Up;E;4454306
Key Down;D;4467082
Key Up;D;4467450
Key Down;S;4467466
Key Up;S;4468338
Key Down;D;4468346
Key Up;D;4469066
Key Down;S;4469265
Key Up;S;4469402
Key Down;D;4469610
Key Up;D;4469738
Key Down;E;4470354
Key Up;E;4470418
Key Down;F;4476994
Key Up;F;4480314
Key Down;E;4481881
Key Up;E;4481969
Key Down;Z;4497009
Key Up;Z;4497274
Key Down;D;4497546
Key Up;D;4498057
Key Down;S;4498145
Key Up;S;4498490
Key Down;D;4498762
Key Up;D;4498882
Key Down;E;4499970
Key Up;E;4500034
Key Down;F;4505034
Key Up;F;4508498
Key Down;E;4510145
Key Up;E;4510241
Key Down;F;4514650
Key Up;F;4517801
Key Down;Z;4519618
Key Up;Z;4519929
Key Down;Z;4521786
Key Up;Z;4521850
Key Down;S;4523569
Key Up;S;4524050
Key Down;D;4524058
Key Up;D;4524234
Key Down;E;4524882
Key Up;E;4524970
Key Down;Q;4528602
Key Down;Z;4528722
Key Up;Q;4528730
Key Down;Q;4529265
Key Up;Z;4529305
Key Up;Q;4530674
Key Down;Z;4530681
Key Up;Z;4531370
Key Down;E;4532394
Key Up;E;4532450
Key Down;Q;4540802
Key Up;Q;4540993
Key Down;D;4546546
Key Up;D;4547618
Key Down;S;4547658
Key Up;S;4548209
Key Down;E;4548906
Key Up;E;4548994
Key Down;Z;4554330
Key Up;Z;4555466
Key Down;Q;4555474
Key Up;Q;4556121
Key Down;E;4557042
Key Up;E;4557121
Key Down;E;4560018
Key Up;E;4560089
Key Down;S;4582241
Key Up;S;4582690
Key Down;D;4582874
Key Up;D;4583257
Key Down;S;4583401
Key Up;S;4583753
Key Down;Q;4583889
Key Up;Q;4584081
Key Down;E;4584905
Key Up;E;4584977
Key Down;S;4590177
Key Up;S;4590537
Key Down;S;4591257
Key Up;S;4591385
