Event;Key;Time
Key Down;Bas;33876
Key Up;Bas;33972
Key Down;Haut;43980
Key Up;Haut;44092
Key Down;Entrée;46484
Key Up;Entrée;46612
Key Down;Bas;51428
Key Up;Bas;51540
Key Down;Bas;60068
Key Up;Bas;60180
Key Down;Haut;63004
Key Up;Haut;63044
Key Down;Bas;63596
Key Up;Bas;63636
Key Down;Bas;63796
Key Up;Bas;63860
Key Down;Haut;67540
Key Up;Haut;67612
Key Down;Haut;67764
Key Up;Haut;67804
Key Down;Haut;68068
Key Up;Haut;68116
Key Down;Entrée;69204
Key Up;Entrée;69308
Key Down;Entrée;73612
Key Up;Entrée;73748
Key Down;Entrée;77052
Key Up;Entrée;77148
Key Down;Espace;107045
Key Up;Espace;107197
Key Down;Q;138838
Key Down;Z;139038
Key Up;Q;139525
Key Down;D;139597
Key Up;Z;139677
Key Up;D;139797
Key Down;S;139909
Key Down;Q;139925
Key Up;Q;140101
Key Down;D;140109
Key Up;S;140157
Key Up;D;140237
Key Down;Q;140253
Key Down;Z;140341
Key Up;Q;140421
Key Up;Z;140565
Key Down;Q;140990
Key Down;Z;141070
Key Up;Q;141198
Key Down;Left Control;141622
Key Down;D;141926
Key Up;Z;144326
Key Down;Z;144789
Key Up;D;144829
Key Up;Z;144981
Key Down;D;145005
Key Up;D;145253
Key Down;Z;145390
Key Up;Z;145486
Key Down;Z;146774
Key Up;Z;146894
Key Up;Left Control;147166
Key Down;E;147454
Key Up;E;148014
Key Down;Z;148182
Key Up;Z;148350
Key Down;E;148454
Key Up;E;148798
Key Down;Left Control;151446
Key Down;Q;152142
Key Up;Q;152318
Key Down;Z;153198
Key Up;Z;153262
Key Down;Z;153918
Key Up;Z;154038
Key Up;Left Control;154134
Key Down;E;154238
Key Up;E;164990
Key Down;Z;165486
Key Down;Left Control;165830
Key Down;D;166318
Key Up;Z;166414
Key Up;D;166590
Key Down;Q;167103
Key Up;Q;167671
Key Down;Z;167798
Key Down;D;168150
Key Up;D;170622
Key Up;Left Control;170902
Key Down;D;171303
Key Up;Z;171975
Key Up;D;172111
Key Down;E;172255
Key Up;E;172383
Key Down;Z;172495
Key Up;Z;172687
Key Down;E;172775
Key Up;E;172870
Key Down;E;173374
Key Up;E;173478
Key Down;D;173814
Key Up;D;173958
Key Down;E;174198
Key Up;E;174278
Key Down;E;174662
Key Up;E;174782
Key Down;E;175422
Key Up;E;175518
Key Down;D;175703
Key Up;D;175839
Key Down;E;176039
Key Up;E;176135
Key Down;Z;176375
Key Up;Z;176431
Key Down;E;176551
Key Up;E;176663
Key Down;R;177063
Key Up;R;177159
Key Down;Z;177878
Key Up;Z;178110
Key Down;D;178118
Key Up;D;178374
Key Down;Q;179358
Key Up;Q;179558
Key Down;E;179870
Key Up;E;179990
Key Down;D;180639
Key Up;D;180727
Key Down;S;180735
Key Down;Q;181127
Key Up;Q;181247
Key Up;S;182159
Key Down;Left Shift;182271
Key Down;Z;182311
Key Down;Espace;182966
Key Up;Espace;183094
Key Up;Left Shift;183710
Key Down;Q;184094
Key Up;Q;184478
Key Up;Z;184639
Key Down;Left Control;184711
Key Down;Z;184975
Key Down;Q;185431
Key Up;Q;185463
Key Down;Q;185631
Key Up;Q;186455
Key Down;F;188582
Key Up;F;188670
Key Down;F;189815
Key Up;F;189919
Key Down;Q;193230
Key Up;Q;193735
Key Up;Z;193863
Key Down;Z;195959
Key Down;Q;195975
Key Up;Q;196343
Key Up;Z;196615
Key Down;Z;197846
Key Down;D;198023
Key Up;Z;198311
Key Down;Z;198783
Key Up;D;198975
Key Up;Left Control;199086
Key Up;Z;199711
Key Down;E;199727
Key Up;E;199871
Key Down;Z;200143
Key Down;G;200759
Key Up;Z;201151
Key Down;Z;201591
Key Up;G;202551
Key Up;Z;203175
Key Down;Z;203351
Key Down;Q;203839
Key Up;Q;204631
Key Up;Z;204639
Key Down;Q;204951
Key Down;Z;204967
Key Up;Z;205479
Key Up;Q;205727
Key Down;Left Control;207231
Key Down;Q;207535
Key Down;Z;207599
Key Up;Q;208151
Key Up;Z;209079
Key Down;Z;209447
Key Down;Q;209879
Key Up;Q;210536
Key Up;Z;210544
Key Down;Z;211175
Key Up;Z;211511
Key Down;Q;212191
Key Down;Z;212351
Key Up;Z;212815
Key Up;Q;212823
Key Up;Left Control;215312
Key Down;Left Control;216271
Key Down;D;216575
Key Down;S;218631
Key Up;S;219231
Key Down;S;219536
Key Up;S;220088
Key Up;D;220104
Key Down;S;228896
Key Down;Q;229000
Key Up;S;229840
Key Down;Z;230760
Key Up;Z;230984
Key Up;Q;232368
Key Down;S;233311
Key Up;S;234335
Key Down;S;238112
Key Up;S;238520
Key Down;S;239671
Key Up;S;239968
Key Down;S;241432
Key Up;S;243279
Key Down;S;243888
Key Up;S;244136
Key Up;Left Control;245056
Key Down;F;245632
Key Up;F;245728
Key Down;F;253400
Key Up;F;253496
Key Down;R;254816
Key Up;R;254896
Key Down;Z;266761
Key Down;R;267169
Key Up;R;267289
Key Up;Z;269937
Key Down;Z;270864
Key Down;Q;271144
Key Up;Q;271344
Key Down;Q;271657
Key Up;Q;271824
Key Up;Z;271832
Key Down;Z;272112
Key Up;Z;272320
Key Down;S;272752
Key Up;S;273024
Key Down;D;275313
Key Up;D;275481
Key Down;E;275697
Key Up;E;275793
Key Down;E;275897
Key Up;E;275985
Key Down;E;276089
Key Up;E;276177
Key Down;E;276281
Key Up;E;276377
Key Down;E;276489
Key Up;E;276593
Key Down;E;276696
Key Up;E;276801
Key Down;E;276912
Key Up;E;277016
Key Down;E;277136
Key Up;E;277248
Key Down;E;277368
Key Up;E;277456
Key Down;E;277576
Key Up;E;277665
Key Down;E;277785
Key Up;E;277889
Key Down;E;277993
Key Up;E;278081
Key Down;E;278201
Key Up;E;278273
Key Down;E;278376
Key Up;E;278464
Key Down;E;278592
Key Up;E;278696
Key Down;E;278784
Key Up;E;278872
Key Down;E;278968
Key Up;E;279032
Key Down;E;279144
Key Up;E;279208
Key Down;E;279312
Key Up;E;279368
Key Down;E;279472
Key Up;E;279544
Key Down;E;279648
Key Up;E;279720
Key Down;E;279816
Key Up;E;279888
Key Down;E;279976
Key Up;E;280057
Key Down;E;280153
Key Up;E;280225
Key Down;E;280321
Key Up;E;280393
Key Down;E;280497
Key Up;E;280577
Key Down;E;280689
Key Up;E;280769
Key Down;E;280881
Key Up;E;280969
Key Down;E;281081
Key Up;E;281177
Key Down;E;281281
Key Up;E;281369
Key Down;E;281481
Key Up;E;281593
Key Down;Z;285105
Key Up;Z;285729
Key Down;Left Control;285841
Key Down;Z;286025
Key Down;D;286217
Key Up;Z;286385
Key Up;D;286849
Key Down;Z;287097
Key Down;F;287337
Key Up;F;287409
Key Up;Z;287561
Key Down;Z;287713
Key Down;F;288209
Key Up;F;288312
Key Down;D;289121
Key Up;D;289305
Key Up;Z;290049
Key Down;Z;290281
Key Up;Z;290529
Key Down;Z;291657
Key Down;D;291673
Key Up;D;291961
Key Up;Z;291985
Key Up;Left Control;292433
Key Down;Z;294489
Key Up;Z;294961
Key Down;Z;295753
Key Down;Q;296865
Key Up;Z;296873
Key Up;Q;297161
Key Down;Z;297865
Key Up;Z;298361
Key Down;Z;298673
Key Up;Z;298921
Key Down;Z;299121
Key Up;Z;299425
Key Down;Z;300425
Key Down;Q;300729
Key Up;Q;301113
Key Up;Z;301321
Key Down;Q;301881
Key Down;Z;302065
Key Up;Q;302474
Key Up;Z;302538
Key Down;Z;303249
Key Up;Z;304097
Key Down;Z;304905
Key Up;Z;306097
Key Down;Z;306553
Key Down;Left Control;307257
Key Up;Z;307281
Key Down;Z;307433
Key Down;Q;308321
Key Up;Q;309025
Key Down;Q;312138
Key Up;Z;312362
Key Down;Z;312977
Key Up;Q;313065
Key Up;Z;313257
Key Down;Z;313633
Key Down;Q;313921
Key Up;Q;314338
Key Up;Left Control;315234
Key Down;Q;315586
Key Up;Q;315865
Key Down;Q;317521
Key Up;Q;319714
Key Up;Z;320618
Key Down;Z;327370
Key Down;Q;328122
Key Up;Q;328674
Key Up;Z;328802
Key Down;Z;351410
Key Up;Z;355595
Key Down;Z;359731
Key Up;Z;359971
Key Down;Left Control;360834
Key Down;D;363907
Key Up;D;364003
Key Down;Z;364051
Key Up;Z;364467
Key Down;T;373419
Key Up;T;373611
Key Down;Z;377043
Key Down;Q;377075
Key Up;Z;377499
Key Up;Q;377907
Key Down;Q;384347
Key Down;S;384531
Key Up;Q;384707
Key Down;Q;385635
Key Up;S;385675
Key Up;Q;385819
Key Down;Q;386571
Key Down;Z;386763
Key Up;Z;386995
Key Down;S;387139
Key Up;Q;387195
Key Down;Q;387875
Key Up;Q;388115
Key Down;D;388267
Key Up;S;388291
Key Up;Left Control;388491
Key Down;S;388651
Key Up;S;388979
Key Up;D;389267
Key Down;Q;390043
Key Down;Z;390459
Key Up;Q;390491
Key Up;Z;390515
Key Down;Z;390603
Key Up;Z;390715
Key Down;Left Control;390771
Key Down;Q;391091
Key Up;Q;391227
Key Down;Q;391459
Key Up;Q;391627
Key Down;D;393067
Key Up;D;393179
Key Down;Z;395931
Key Up;Z;396067
Key Down;Q;406467
Key Down;S;406635
Key Up;Q;406915
Key Down;Q;407955
Key Up;S;408043
Key Down;S;408764
Key Up;Q;408892
Key Up;S;409356
Key Down;Q;412435
Key Down;S;412595
Key Up;Q;412668
Key Down;D;413004
Key Up;D;413100
Key Up;S;413292
Key Down;Q;414012
Key Down;S;414124
Key Up;Left Control;414132
Key Up;Q;414348
Key Up;S;414412
Key Down;Espace;470949
Key Up;Espace;471293
Key Down;Z;525710
Key Up;Z;526054
Key Down;E;526446
Key Up;E;526526
Key Down;Z;528558
Key Up;Z;528718
Key Down;Z;529054
Key Up;Z;529302
Key Down;E;530190
Key Up;E;530270
Key Down;E;531062
Key Up;E;531158
Key Down;E;531710
Key Up;E;531798
Key Down;E;532438
Key Up;E;532518
Key Down;E;532958
Key Up;E;533054
Key Down;E;533470
Key Up;E;533558
Key Down;Q;534063
Key Down;Z;534087
Key Up;Q;534271
Key Up;Z;536166
Key Down;Z;536750
Key Down;Tab;537198
Key Up;Z;537438
Key Down;Z;537950
Key Up;Tab;537974
Key Down;Tab;538230
Key Up;Tab;538431
Key Down;Echap;539463
Key Up;Z;539559
Key Up;Echap;539583
Key Down;Z;539607
Key Up;Z;539647
Key Down;Echap;548551
Key Up;Echap;548695
Key Down;Echap;549103
Key Up;Echap;549215
Key Down;Z;549423
Key Down;D;549910
Key Up;Z;550990
Key Down;Z;551278
Key Up;D;551390
Key Down;Q;551710
Key Up;Z;552279
Key Up;Q;553311
Key Down;D;553351
Key Down;Z;553663
Key Up;D;553959
Key Down;Q;554055
Key Up;Q;554151
Key Up;Z;554191
Key Down;D;554487
Key Up;D;554710
Key Down;Q;554974
Key Down;Z;555102
Key Up;Q;555270
Key Down;D;556991
Key Up;D;559447
Key Down;Q;559831
Key Up;Z;560143
Key Up;Q;560167
Key Down;D;560439
Key Down;Z;560591
Key Up;Z;561543
Key Up;D;561807
Key Down;Z;561839
Key Up;Z;561943
Key Down;D;562471
Key Down;Z;562927
Key Up;Z;563494
Key Up;D;563662
Key Down;Z;564567
Key Down;Q;564575
Key Up;Q;564815
Key Down;Q;565415
Key Up;Q;565599
Key Up;Z;565815
Key Down;Z;566447
Key Up;Z;566823
Key Down;Z;568175
Key Down;D;568527
Key Up;D;568655
Key Up;Z;568990
Key Down;Z;569511
Key Down;D;569887
Key Up;D;570919
Key Up;Z;570983
Key Down;Z;572223
Key Up;Z;572871
Key Down;Z;573904
Key Up;Z;574279
Key Down;Z;575215
Key Up;Z;575503
Key Down;Z;577543
Key Up;Z;578224
Key Down;Z;579199
Key Up;Z;579551
Key Down;Z;580215
Key Down;D;582023
Key Up;D;582544
Key Down;Q;582856
Key Up;Q;583080
Key Down;Q;583744
Key Up;Q;583880
Key Down;D;584311
Key Up;D;584575
Key Down;D;585055
Key Up;D;587568
Key Up;Z;587768
Key Down;Q;590263
Key Down;Z;590271
Key Up;Q;591319
Key Up;Z;591816
Key Down;Z;604424
Key Down;Q;605535
Key Up;Z;606087
Key Down;Z;606319
Key Up;Q;606592
Key Down;Q;606840
Key Up;Z;606936
Key Down;Z;607056
Key Up;Q;607392
Key Down;Q;607704
Key Up;Q;607832
Key Down;D;608128
Key Up;D;608400
Key Up;Z;608896
Key Down;D;609944
Key Down;Z;610176
Key Up;D;610743
Key Down;Q;611072
Key Up;Q;612064
Key Down;Q;612616
Key Up;Q;612768
Key Up;Z;612824
Key Down;E;613088
Key Up;E;613232
Key Down;Tab;614536
Key Up;Tab;614736
Key Down;F;660985
Key Up;F;661073
Key Down;Echap;679010
Key Up;Echap;679129
Key Down;Z;683594
Key Down;Q;685433
Key Up;Q;685609
Key Up;Z;692250
Key Down;D;692594
Key Down;Z;692882
Key Up;Z;693074
Key Down;Z;693402
Key Up;D;693426
Key Up;Z;693578
Key Down;Z;700978
Key Down;D;705209
Key Up;D;705402
Key Up;Z;705890
Key Down;Z;707082
Key Up;Z;707402
Key Down;Z;712714
Key Up;Z;714802
Key Down;Q;750131
Key Down;Z;750163
Key Up;Q;751579
Key Up;Z;751587
Key Down;D;755859
Key Down;Z;756995
Key Up;Z;757547
Key Up;D;759460
Key Down;Q;770451
Key Down;Z;770483
Key Up;Q;771387
Key Up;Z;771691
Key Down;Z;773164
Key Up;Z;773668
Key Down;E;774060
Key Up;E;774172
Key Down;D;785435
Key Up;D;785788
Key Down;Q;785868
Key Up;Q;785956
Key Down;S;786364
Key Up;S;786604
Key Down;Z;787492
Key Up;Z;787620
Key Down;Q;792020
Key Up;Q;792172
Key Down;D;792260
Key Up;D;793916
Key Down;D;803380
Key Up;D;804012
Key Down;Z;804036
Key Up;Z;804308
Key Down;Q;807061
Key Up;Q;807229
Key Down;D;807341
Key Up;D;807445
Key Down;Q;807493
Key Up;Q;807533
Key Down;D;807597
Key Up;D;807717
Key Down;Z;807725
Key Up;Z;808044
Key Down;E;808180
Key Up;E;808284
Key Down;D;808644
Key Down;Z;808940
Key Up;D;809036
Key Up;Z;809468
Key Down;E;809588
Key Up;E;809708
Key Down;R;810012
Key Up;R;810116
Key Down;Q;810220
Key Down;Z;810268
Key Up;Z;810332
Key Up;Q;810484
Key Down;Q;811557
Key Down;Z;811765
Key Up;Q;812237
Key Down;Q;812629
Key Up;Q;813236
Key Up;Z;813452
Key Down;Z;814237
Key Down;D;814517
Key Up;Z;814701
Key Up;D;814788
Key Down;Q;815988
Key Up;Q;816044
Key Down;Q;822781
Key Up;Q;823397
Key Down;D;829996
Key Down;S;830092
Key Up;S;830565
Key Up;D;830693
Key Down;D;853125
Key Down;S;853149
Key Up;D;853373
Key Down;D;854261
Key Up;S;854525
Key Down;Z;854685
Key Up;D;854813
Key Down;Q;855053
Key Up;Q;855125
Key Down;D;855293
Key Up;Z;856142
Key Down;S;856342
Key Up;D;856469
Key Down;Q;856854
Key Up;Q;856982
Key Up;S;857118
Key Down;S;858797
Key Down;Q;861045
Key Up;Q;861133
Key Up;S;861573
Key Down;R;861829
Key Up;R;861949
Key Down;Z;862045
Key Down;D;862701
Key Up;D;863358
Key Down;D;863558
Key Up;Z;863862
Key Up;D;864070
Key Down;Z;867085
Key Down;Q;867277
Key Up;Z;867718
Key Up;Q;868062
Key Down;S;876942
Key Up;S;877694
Key Down;R;878182
Key Up;R;878294
Key Down;Q;878326
Key Down;Z;878422
Key Up;Q;878582
Key Down;Left Shift;879158
Key Down;Q;880934
Key Up;Left Shift;880958
Key Up;Z;881094
Key Down;S;881214
Key Up;Q;881318
Key Up;S;881998
Key Down;D;882302
Key Down;Z;882342
Key Up;Z;883710
Key Down;Z;883870
Key Up;D;884366
Key Up;Z;884454
Key Down;D;886510
Key Down;S;886798
Key Up;D;886990
Key Down;Q;887198
Key Up;S;887606
Key Up;Q;887718
Key Down;Z;888190
Key Down;D;888270
Key Up;Z;888334
Key Up;D;888342
Key Down;D;890166
Key Up;D;890414
Key Down;S;891198
Key Up;S;892518
Key Down;Q;893102
Key Down;S;893110
Key Up;S;893390
Key Down;Z;893558
Key Down;R;893710
Key Up;Q;893726
Key Up;R;893846
Key Down;Left Shift;894158
Key Down;Q;895150
Key Up;Left Shift;895262
Key Up;Z;895326
Key Down;S;895470
Key Up;Q;895526
Key Down;D;895838
Key Up;D;896006
Key Down;D;897158
Key Up;S;897230
Key Up;D;897542
Key Down;D;897983
Key Down;Z;898063
Key Up;Z;898191
Key Up;D;898263
Key Down;Q;898343
Key Up;Q;898383
Key Down;S;898455
Key Down;Q;898831
Key Up;S;898855
Key Up;Q;898958
Key Down;R;899582
Key Up;R;899686
Key Down;Z;900046
Key Down;D;901214
Key Up;Z;902190
Key Up;D;902542
Key Down;Z;912102
Key Up;Z;912454
Key Down;Z;935727
Key Up;Z;936743
Key Down;Q;937567
Key Down;Z;937735
Key Up;Q;938063
Key Up;Z;938095
Key Down;S;938976
Key Down;Q;939088
Key Up;Q;939231
Key Up;S;939591
Key Down;R;943703
Key Up;R;943855
Key Down;Z;965096
Key Up;Z;966599
Key Down;Z;967031
Key Up;Z;975215
Key Down;Espace;1063626
Key Up;Espace;1063786
Key Down;Z;1075227
Key Up;Z;1076698
Key Down;E;1101195
Key Up;E;1101291
Key Down;E;1102067
Key Up;E;1102171
Key Down;E;1102867
Key Up;E;1102979
Key Down;Tab;1103659
Key Up;Tab;1103779
Key Down;Echap;1129884
Key Up;Echap;1130068
Key Down;Z;1130891
Key Up;Z;1131115
Key Down;Z;1132227
Key Up;Z;1132411
Key Down;Z;1132691
Key Up;Z;1132819
Key Down;D;1134276
Key Down;Z;1134404
Key Up;D;1134804
Key Up;Z;1136531
Key Down;E;1136715
Key Up;E;1136763
Key Down;Z;1137147
Key Down;D;1137483
Key Up;D;1137587
Key Up;Z;1137731
Key Down;Z;1138364
Key Down;Q;1138388
Key Up;Q;1139092
Key Up;Z;1139172
Key Down;D;1139196
Key Down;Z;1139348
Key Up;D;1139956
Key Down;D;1140595
Key Up;D;1141587
Key Down;Q;1142299
Key Up;Q;1142764
Key Down;D;1142924
Key Up;D;1143204
Key Down;D;1143828
Key Up;D;1144396
Key Down;D;1144908
Key Up;D;1146355
Key Up;Z;1146379
Key Down;Z;1146867
Key Down;Q;1146883
Key Up;Q;1146988
Key Down;D;1147612
Key Up;Z;1148868
Key Up;D;1148876
Key Down;Q;1149572
Key Up;Q;1149732
Key Down;Z;1151187
Key Down;D;1151243
Key Up;Z;1151980
Key Up;D;1152020
Key Down;Z;1152924
Key Down;D;1153196
Key Up;D;1153412
Key Down;D;1153628
Key Up;D;1154612
Key Up;Z;1155188
Key Down;D;1155252
Key Up;D;1155364
Key Down;Q;1155996
Key Up;Q;1156268
Key Down;Z;1157172
Key Up;Z;1158372
Key Down;Z;1158859
Key Down;Q;1159404
Key Up;Q;1159660
Key Up;Z;1160348
Key Down;Z;1163604
Key Down;Q;1164564
Key Up;Q;1165716
Key Down;Q;1166660
Key Up;Q;1167252
Key Up;Z;1167340
Key Down;Z;1168324
Key Down;D;1168860
Key Up;D;1169541
Key Up;Z;1169549
Key Down;Virgule;1170452
Key Up;Virgule;1170604
Key Down;Virgule;1171444
Key Up;Virgule;1171596
Key Down;Virgule;1173108
Key Up;Virgule;1174029
Key Down;Z;1175077
Key Up;Z;1175420
Key Down;Q;1175780
Key Down;Z;1175932
Key Up;Q;1176412
Key Down;Q;1178188
Key Up;Z;1178501
Key Up;Q;1178517
Key Down;E;1178821
Key Up;E;1178941
Key Down;S;1179149
Key Up;S;1179453
Key Down;Q;1179925
Key Up;Q;1180188
Key Down;Z;1181380
Key Down;D;1181532
Key Up;D;1182388
Key Up;Z;1183021
Key Down;Z;1183605
Key Down;D;1183821
Key Up;D;1184181
Key Up;Z;1184301
Key Down;Z;1184829
Key Down;D;1185069
Key Up;Z;1185796
Key Up;D;1185836
Key Down;Z;1186636
Key Down;D;1188541
Key Up;D;1189485
Key Up;Z;1190245
Key Down;Z;1190756
Key Down;D;1190908
Key Up;Z;1191524
Key Up;D;1191556
Key Down;Z;1192141
Key Down;D;1192221
Key Up;D;1192405
Key Down;Q;1193397
Key Up;Q;1194812
Key Down;D;1197068
Key Up;Z;1197196
Key Up;D;1197493
Key Down;Z;1198205
Key Down;D;1198869
Key Up;D;1199445
Key Down;Q;1200388
Key Up;Q;1201853
Key Down;D;1201957
Key Up;Z;1202629
Key Up;D;1202805
Key Down;D;1203149
Key Down;Z;1203261
Key Up;D;1204101
Key Up;Z;1204221
Key Down;D;1204413
Key Down;Z;1204853
Key Up;D;1205701
Key Up;Z;1205733
Key Down;Z;1210029
Key Down;Q;1210893
Key Up;Q;1214438
Key Up;Z;1214574
Key Down;E;1215109
Key Up;E;1215205
Key Down;Echap;1225213
Key Up;Echap;1225325
Key Down;Echap;1225645
Key Up;Echap;1225773
Key Down;Echap;1226165
Key Up;Echap;1226293
Key Down;Z;1226958
Key Up;Z;1227877
Key Down;Z;1228965
Key Up;Z;1229389
Key Down;Z;1229541
Key Down;D;1229878
Key Up;Z;1229902
Key Up;D;1230022
Key Down;Z;1230278
Key Up;Z;1230422
Key Down;E;1230694
Key Up;E;1230798
Key Down;Echap;1232966
Key Up;Echap;1233086
Key Down;Z;1233677
Key Down;Q;1233829
Key Up;Q;1234174
Key Down;Q;1234406
Key Up;Z;1235622
Key Up;Q;1235886
Key Down;Q;1236693
Key Down;Z;1236765
Key Up;Z;1237085
Key Down;Z;1237381
Key Up;Q;1237981
Key Down;Tab;1238990
Key Up;Z;1239022
Key Up;Tab;1241989
Key Down;Z;1244574
Key Down;D;1244630
Key Up;D;1244742
Key Down;Left Shift;1245430
Key Up;Left Shift;1245950
Key Down;D;1246725
Key Up;D;1247590
Key Down;Q;1248046
Key Up;Q;1248926
Key Up;Z;1249430
Key Down;Z;1250158
Key Down;Q;1251558
Key Up;Q;1252894
Key Down;D;1253438
Key Up;D;1254574
Key Down;Q;1254854
Key Up;Q;1256039
Key Up;Z;1256502
Key Down;E;1270503
Key Up;E;1270639
Key Down;E;1271727
Key Up;E;1271871
Key Down;Z;1272758
Key Up;Z;1272878
Key Down;E;1273398
Key Up;E;1274430
Key Down;E;1279471
Key Up;E;1279655
Key Down;E;1282902
Key Up;E;1283038
Key Down;E;1286743
Key Up;E;1286855
Key Down;E;1295167
Key Up;E;1295271
Key Down;Z;1307287
Key Down;Q;1308351
Key Up;Q;1308807
Key Up;Z;1308839
Key Down;Z;1333487
Key Up;Z;1333847
Key Down;D;1334528
Key Up;D;1334720
Key Down;R;1335088
Key Up;R;1335176
Key Down;R;1356424
Key Up;R;1356536
Key Down;Q;1359561
Key Down;Z;1359697
Key Up;Q;1360049
Key Down;Q;1360345
Key Up;Q;1360505
Key Up;Z;1360513
Key Down;Q;1360777
Key Up;Q;1360905
Key Down;Z;1362592
Key Down;Q;1363584
Key Up;Q;1363705
Key Up;Z;1363721
Key Down;Q;1364265
Key Down;Z;1364505
Key Up;Q;1364633
Key Up;Z;1364721
Key Down;Q;1367536
Key Up;Q;1368129
Key Down;D;1368385
Key Up;D;1368609
Key Down;Left Control;1368785
Key Down;D;1369609
Key Up;D;1369929
Key Down;Q;1370241
Key Up;Q;1370385
Key Down;D;1370785
Key Up;D;1370889
Key Down;R;1386217
Key Up;R;1386329
Key Up;Left Control;1386985
Key Down;D;1387849
Key Up;D;1388001
Key Down;Left Control;1388713
Key Down;Z;1389153
Key Down;D;1389273
Key Up;Z;1389329
Key Up;D;1389425
Key Down;Q;1398161
Key Up;Q;1399121
Key Down;D;1399161
Key Up;D;1399649
Key Down;Q;1401937
Key Up;Q;1402809
Key Down;R;1402905
Key Up;R;1403001
Key Down;D;1403313
Key Up;D;1404001
Key Down;Q;1404249
Key Up;Q;1404914
Key Down;D;1405018
Key Down;Q;1405594
Key Up;D;1405618
Key Up;Q;1406473
Key Down;D;1406481
Key Up;Left Control;1406897
Key Up;D;1406969
Key Down;Z;1407217
Key Down;Espace;1407265
Key Up;Espace;1407761
Key Down;Q;1408009
Key Up;Z;1408041
Key Up;Q;1408825
Key Down;Left Control;1409058
Key Down;Left Shift;1409106
Key Up;Left Shift;1409122
Key Up;Left Control;1409618
Key Down;Left Control;1409786
Key Down;D;1410306
Key Up;D;1410906
Key Down;D;1411257
Key Up;D;1411593
Key Up;Left Control;1413145
Key Down;Z;1417673
Key Down;D;1418314
Key Up;D;1418554
Key Down;Q;1419522
Key Up;Q;1420058
Key Down;Q;1421521
Key Up;Q;1422586
Key Down;D;1424321
Key Up;D;1424826
Key Down;Q;1425898
Key Up;Q;1426938
Key Down;D;1429746
Key Up;Z;1430530
Key Up;D;1430722
Key Down;Tab;1430986
Key Up;Tab;1438530
Key Down;Z;1438650
Key Up;Z;1438914
Key Down;E;1439138
Key Up;E;1439226
Key Down;Echap;1446499
Key Up;Echap;1446619
Key Down;Echap;1448538
Key Up;Echap;1448674
Key Down;Echap;1449066
Key Up;Echap;1449194
Key Down;Echap;1454522
Key Up;Echap;1454642
Key Down;Echap;1455003
Key Up;Echap;1455107
Key Down;Echap;1455627
Key Up;Echap;1455707
Key Down;Z;1456379
Key Down;Q;1456619
Key Up;Q;1456763
Key Down;Q;1457155
Key Up;Q;1457994
Key Down;Left Shift;1458170
Key Up;Left Shift;1460099
Key Down;Echap;1460754
Key Up;Z;1460922
Key Up;Echap;1460938
Key Down;Left Alt;1461627
Key Down;Tab;1461747
Key Up;Left Alt;1461811
Key Up;Tab;1461836
