Event;Key;Time
Key Down;Q;13691
Key Down;Z;13811
Key Up;Z;14043
Key Up;Q;14203
Key Down;D;14803
Key Down;S;14859
Key Up;D;15475
Key Down;Q;15515
Key Up;S;16035
Key Up;Q;16043
Key Down;A;16371
Key Up;A;16476
Key Down;Z;17019
Key Down;Q;17267
Key Up;Q;17451
Key Up;Z;17483
Key Down;Z;18267
Key Down;Q;18435
Key Up;Z;18618
Key Up;Q;18811
Key Down;D;19219
Key Down;S;19588
Key Up;D;19843
Key Up;S;20131
Key Down;Z;20739
Key Down;Q;20747
Key Up;Z;21459
Key Down;Z;22019
Key Up;Z;22235
Key Up;Q;22299
Key Down;D;22379
Key Up;D;22563
Key Down;S;22651
Key Down;D;22787
Key Up;S;22803
Key Down;S;23499
Key Up;D;23779
Key Up;S;23947
Key Down;Q;24107
Key Down;S;24955
Key Up;Q;25387
Key Up;S;26043
Key Down;Q;26107
Key Down;Z;26259
Key Up;Z;26531
Key Up;Q;26595
Key Down;D;27507
Key Down;Z;27683
Key Up;D;27803
Key Down;Q;28811
Key Up;Z;28931
Key Up;Q;29411
Key Down;S;32891
Key Up;S;33099
Key Down;S;33419
Key Down;Q;33538
Key Up;S;34035
Key Down;Z;34331
Key Up;Q;34387
Key Up;Z;34483
Key Down;S;34611
Key Down;D;34715
Key Up;D;35011
Key Up;S;35163
Key Down;Z;35291
Key Down;D;35419
Key Up;D;36291
Key Down;D;36683
Key Up;Z;36859
Key Down;S;37114
Key Up;D;37227
Key Down;D;37683
Key Up;D;37890
Key Up;S;38227
Key Down;Q;38291
Key Down;S;38419
Key Up;Q;38451
Key Up;S;38611
Key Down;Z;40659
Key Down;Q;40675
Key Up;Z;40858
Key Down;Z;41547
Key Up;Q;41587
Key Down;D;41611
Key Up;D;41939
Key Down;Q;42339
Key Up;Z;42772
Key Up;Q;42859
Key Down;S;43075
Key Up;S;43243
Key Down;S;43515
Key Up;S;43603
Key Down;Q;43643
Key Down;S;43651
Key Up;S;43667
Key Up;Q;43763
Key Down;Q;43931
Key Up;Q;44107
Key Down;D;45131
Key Down;S;45267
Key Up;D;45427
Key Down;D;45691
Key Up;D;45843
Key Up;S;46171
Key Down;Z;46291
Key Down;D;47043
Key Up;Z;47059
Key Up;D;47458
Key Down;S;47499
Key Down;Q;47987
Key Up;S;48075
Key Down;S;48395
Key Up;Q;48611
Key Down;Q;49122
Key Up;Q;49467
Key Down;D;49587
Key Up;S;49698
Key Down;Z;49859
Key Up;D;49979
Key Up;Z;50459
Key Down;Z;50803
Key Up;Z;51227
Key Down;E;51283
Key Up;E;51387
Key Down;Q;53611
Key Up;Q;54043
Key Down;D;55307
Key Up;D;55907
Key Down;Q;58731
Key Up;Q;58915
Key Down;Q;58963
Key Down;S;59339
Key Up;S;59499
Key Up;Q;59731
Key Down;Q;60347
Key Down;S;60571
Key Up;Q;60754
Key Down;D;61203
Key Up;S;61315
Key Up;D;61403
Key Down;Z;62394
Key Down;Q;62787
Key Up;Z;62811
Key Down;S;63050
Key Up;Q;63187
Key Down;Q;63571
Key Up;Q;63706
Key Up;S;63746
Key Down;D;63843
Key Down;Z;64011
Key Up;D;64315
Key Down;Q;64523
Key Up;Z;65098
Key Up;Q;65595
Key Down;Z;66219
Key Up;Z;66555
Key Down;A;66643
Key Up;A;66707
Key Down;Q;66875
Key Down;S;67147
Key Up;Q;67243
Key Up;S;67395
Key Down;Q;67683
Key Up;Q;67859
Key Down;D;68915
Key Down;S;68987
Key Up;D;69491
Key Up;S;69595
Key Down;Z;70059
Key Up;Z;70322
Key Down;Q;70722
Key Up;Q;71115
Key Down;S;71267
Key Down;D;71291
Key Up;D;71722
Key Up;S;71754
Key Down;S;72547
Key Up;S;72594
Key Down;S;72851
Key Up;S;73027
Key Down;Q;73051
Key Down;Z;73243
Key Up;Q;73891
Key Up;Z;73955
Key Down;Q;95986
Key Up;Q;96147
Key Down;D;96466
Key Up;D;96635
Key Down;D;97058
Key Down;Z;97339
Key Up;Z;97794
Key Up;D;98051
Key Down;Q;99130
Key Down;S;99339
Key Up;S;99602
Key Up;Q;99618
Key Down;D;100043
Key Down;Z;100266
Key Up;Z;100563
Key Up;D;100659
Key Down;Q;100979
Key Down;S;101234
Key Up;S;101427
Key Up;Q;101443
Key Down;D;101890
Key Down;Z;101938
Key Up;Z;102315
Key Down;S;102915
Key Up;S;103658
Key Up;D;104507
Key Down;S;104555
Key Down;Q;104867
Key Up;S;104971
Key Up;Q;105066
Key Down;Z;105331
Key Down;D;105834
Key Up;D;106035
Key Down;Q;106147
Key Up;Z;106266
Key Down;S;106659
Key Up;S;106859
Key Down;Z;107779
Key Up;Q;107851
Key Up;Z;107947
Key Down;D;108306
Key Down;Z;108411
Key Up;D;108443
Key Up;Z;108507
Key Down;Q;108747
Key Up;Q;108811
Key Down;D;108947
Key Down;Z;109099
Key Up;D;109571
Key Up;Z;109819
Key Down;S;110499
Key Down;Q;110683
Key Up;Q;110915
Key Up;S;111058
Key Down;D;111178
Key Up;D;111338
Key Down;S;111346
Key Down;Q;111555
Key Up;S;111595
Key Down;S;111787
Key Up;Q;111827
Key Up;S;111906
Key Down;Z;112195
Key Down;D;112370
Key Up;D;112515
Key Down;D;113019
Key Up;Z;113218
Key Up;D;113355
Key Down;S;113618
Key Up;S;113683
Key Down;Z;114395
Key Up;Z;114506
Key Down;S;115011
Key Up;S;115107
Key Down;Z;115971
Key Down;Q;116147
Key Up;Z;116946
Key Up;Q;117123
Key Down;D;117659
Key Up;D;117834
Key Down;Z;118850
Key Up;Z;119451
Key Down;S;119643
Key Down;Q;119859
Key Up;Q;119987
Key Up;S;120026
Key Down;Z;121403
Key Down;D;121683
Key Up;D;121738
Key Up;Z;121778
Key Down;S;122875
Key Up;S;123010
Key Down;Z;123619
Key Down;D;124042
Key Up;D;124178
Key Down;D;124426
Key Up;D;124666
Key Up;Z;124698
Key Down;S;125155
Key Up;S;125355
Key Down;Z;127283
Key Down;Q;127571
Key Up;Q;127730
Key Up;Z;127875
Key Down;Z;128146
Key Down;Q;128474
Key Up;Z;128651
Key Up;Q;128938
Key Down;D;129483
Key Down;S;129819
Key Up;D;129899
Key Down;D;130139
Key Up;S;130370
Key Up;D;130378
Key Down;S;131555
Key Down;Q;131963
Key Up;Q;132226
Key Down;Q;132755
Key Up;Q;132994
Key Down;D;133403
Key Up;D;133699
Key Up;S;134819
Key Down;D;134859
Key Up;D;134971
Key Down;Z;135162
Key Down;Q;135283
Key Up;Q;135570
Key Up;Z;135602
Key Down;S;136866
Key Down;Q;137043
Key Up;Q;137242
Key Down;Q;137498
Key Up;S;137523
Key Down;S;137555
Key Up;S;137611
Key Up;Q;137842
Key Down;D;138347
Key Down;S;139083
Key Up;D;139242
Key Up;S;139435
Key Down;D;139667
Key Down;Z;139730
Key Up;Z;140130
Key Up;D;140138
Key Down;Q;140467
Key Up;Q;140731
Key Down;D;140890
Key Down;S;141475
Key Up;D;141938
Key Down;Q;142043
Key Up;S;142187
Key Down;S;142691
Key Up;S;142834
Key Up;Q;144019
Key Down;Z;144883
Key Down;D;145339
Key Up;Z;145586
Key Down;S;145947
Key Up;D;146011
Key Up;S;146186
Key Down;D;147362
Key Down;S;147499
Key Up;D;147987
Key Down;A;148146
Key Up;A;148235
Key Up;S;148267
Key Down;S;148947
Key Down;Q;149034
Key Up;Q;149419
Key Up;S;149667
Key Down;Q;149747
Key Down;S;149971
Key Up;Q;150299
Key Up;S;150482
Key Down;Z;150762
Key Down;D;151043
Key Up;Z;151347
Key Up;D;151363
Key Down;S;151731
Key Down;Q;152146
Key Up;Q;152242
Key Up;S;152482
Key Down;Q;153531
Key Down;Z;153563
Key Up;Q;153587
Key Down;D;153858
Key Up;Z;154138
Key Up;D;154178
Key Down;S;155163
Key Down;Q;155418
Key Up;Q;155739
Key Up;S;155914
Key Down;S;157155
Key Up;S;157250
Key Down;Q;158018
Key Up;Q;158098
Key Down;D;158394
Key Down;S;158675
Key Up;D;158803
Key Up;S;158874
Key Down;S;160698
Key Down;D;160955
Key Up;S;161106
Key Up;D;161267
Key Down;Q;161427
Key Down;S;161762
Key Up;S;161939
Key Down;Z;162139
Key Up;Q;162787
Key Down;Q;163091
Key Up;Q;163210
Key Up;Z;163250
Key Down;S;165986
Key Down;D;166179
Key Up;D;166330
Key Up;S;166666
Key Down;D;166730
Key Up;D;167034
Key Down;S;167042
Key Up;S;167234
Key Down;S;175226
Key Down;D;175370
Key Up;S;175627
Key Down;S;175667
Key Up;S;175755
Key Up;D;175826
Key Down;Q;176083
Key Down;Z;176419
Key Up;Q;176443
Key Up;Z;176459
Key Down;D;176530
Key Down;Z;177283
Key Up;Z;177514
Key Up;D;177683
Key Down;D;178211
Key Down;Z;178275
Key Up;Z;178474
Key Down;S;178987
Key Up;S;179387
Key Down;S;179482
Key Up;D;179795
Key Up;S;179899
Key Down;S;180355
Key Down;D;180387
Key Up;D;180474
Key Down;Q;180546
Key Up;S;180602
Key Up;Q;180626
Key Down;Z;181506
Key Down;D;181522
Key Up;D;181706
Key Down;Q;181770
Key Up;Z;183178
Key Up;Q;183315
Key Down;D;183866
Key Down;S;184154
Key Up;D;184474
Key Down;D;184858
Key Up;D;184882
Key Down;Q;184978
Key Up;Q;185090
Key Down;D;185163
Key Up;S;185371
Key Up;D;185403
Key Down;D;185427
Key Up;D;185602
Key Down;Z;185618
Key Up;Z;185979
Key Down;Q;186291
Key Down;Z;186339
Key Up;Q;186499
Key Down;Q;186738
Key Up;Z;186866
Key Down;S;187171
Key Up;S;187570
Key Down;S;188330
Key Up;Q;189963
Key Down;Q;190370
Key Up;Q;190555
Key Up;S;190602
Key Down;Z;190738
Key Up;Z;191562
Key Down;Q;192922
Key Down;Z;192979
Key Up;Q;193011
Key Down;D;193114
Key Up;Z;193331
Key Up;D;193379
Key Down;D;193418
Key Down;S;193442
Key Up;D;193466
Key Down;Q;194458
Key Up;S;194514
Key Down;S;194522
Key Up;Q;194659
Key Down;Q;194754
Key Up;S;194866
Key Down;S;195131
Key Up;Q;195258
Key Down;D;195370
Key Up;S;195946
Key Down;S;196435
Key Up;D;196459
Key Down;Q;196563
Key Up;S;196586
Key Down;Z;196746
Key Up;Q;197178
Key Down;D;197339
Key Up;Z;197619
Key Down;S;197882
Key Up;S;198059
Key Down;S;198298
Key Up;S;198507
Key Up;D;198915
Key Down;Q;198955
Key Down;Z;199051
Key Up;Z;199819
Key Down;S;200298
Key Up;S;200386
Key Down;Z;200571
Key Down;D;200931
Key Up;Q;200962
Key Up;Z;201002
Key Up;D;201138
Key Down;Q;201458
Key Down;S;201730
Key Up;Q;201842
Key Down;D;202163
Key Up;S;202458
Key Down;S;203146
Key Up;D;203242
Key Down;Q;203355
Key Up;S;203723
Key Up;Q;203842
Key Down;D;204218
Key Up;D;204274
Key Down;Z;204410
Key Down;Q;205003
Key Up;Z;205115
Key Up;Q;205154
Key Down;Z;206387
Key Up;Z;206547
Key Down;Q;206618
Key Up;Q;206770
Key Down;S;206786
Key Up;S;206802
Key Down;D;206994
Key Down;S;207659
Key Up;D;208594
Key Down;D;208858
Key Up;S;208882
Key Down;Z;209251
Key Up;D;209378
Key Up;Z;209402
Key Down;Q;209818
Key Up;Q;210058
Key Down;Q;210715
Key Down;Z;210858
Key Up;Z;211154
Key Down;S;211771
Key Up;S;212242
Key Down;Z;212450
Key Up;Q;212522
Key Down;D;212538
Key Up;Z;212578
Key Down;S;212810
Key Up;S;213074
Key Down;Q;213563
Key Down;Z;213595
Key Up;D;213658
Key Up;Z;213682
Key Up;Q;213826
Key Down;D;213842
Key Up;D;214947
Key Down;Q;215410
Key Down;Z;215914
Key Up;Z;216107
Key Down;Z;216275
Key Up;Q;216490
Key Up;Z;216530
Key Down;D;217122
Key Down;S;217419
Key Up;S;217579
Key Up;D;217874
Key Down;Q;218370
Key Up;Q;218498
Key Down;Q;218674
Key Up;Q;218923
Key Down;Q;219019
Key Down;Z;219210
Key Up;Q;219250
Key Up;Z;219258
Key Down;D;224194
Key Down;S;225218
Key Up;D;225707
Key Down;D;225883
Key Up;D;226683
Key Up;S;226698
Key Down;D;229338
Key Down;S;229530
Key Up;D;229922
Key Up;S;230426
Key Down;S;232179
Key Down;Q;232346
Key Up;Q;232546
Key Down;D;232610
Key Up;D;233026
Key Down;D;233058
Key Up;D;233138
Key Up;S;233211
Key Down;Z;233402
Key Up;Z;233938
Key Down;Q;234874
Key Down;Z;234979
Key Up;Q;235027
Key Up;Z;235154
Key Down;D;235371
Key Down;S;235450
Key Up;D;235594
Key Up;S;235818
Key Down;Q;235882
Key Up;Q;235946
Key Down;Q;236474
Key Down;S;236554
Key Up;Q;236826
Key Up;S;236954
Key Down;D;236962
Key Up;D;237098
Key Down;Z;237362
Key Up;Z;237634
Key Down;D;237642
Key Up;D;237802
Key Down;S;238114
Key Up;S;238194
Key Down;D;238243
Key Down;S;238410
Key Up;D;238530
Key Up;S;238755
Key Down;Q;239234
Key Down;S;239354
Key Up;Q;239394
Key Up;S;239602
Key Down;Q;240546
Key Up;Q;240754
Key Down;S;240882
Key Down;Q;241386
Key Up;S;241539
Key Up;Q;241635
Key Down;D;242131
Key Down;Z;242362
Key Up;D;242538
Key Up;Z;242906
Key Down;Z;243666
Key Up;Z;244291
Key Down;D;244339
Key Down;Z;245650
Key Up;D;246106
Key Up;Z;246123
Key Down;S;246450
Key Down;D;246482
Key Up;D;246794
Key Up;S;246819
Key Down;Q;247010
Key Down;Z;247058
Key Up;Q;247298
Key Up;Z;247378
Key Down;E;248027
Key Up;E;248130
Key Down;Q;248210
Key Down;Z;248523
Key Up;Z;248922
Key Down;Z;249090
Key Up;Z;249330
Key Down;S;249602
Key Up;S;249762
Key Down;Z;249930
Key Up;Q;250266
Key Down;D;251290
Key Up;Z;251322
Key Down;S;251610
Key Down;Q;253162
Key Up;D;253562
Key Up;S;253771
Key Down;S;254235
Key Up;S;254370
Key Up;Q;254826
Key Down;Q;268314
Key Up;Q;268914
Key Down;Q;270010
Key Up;Q;270091
Key Down;D;271346
Key Up;D;271547
Key Down;D;271898
Key Up;D;271994
Key Down;D;273098
Key Up;D;273778
Key Down;S;278690
Key Down;D;278786
Key Up;S;279226
Key Down;Z;279658
Key Up;Z;279970
Key Down;S;280602
Key Up;S;281050
Key Up;D;281362
Key Down;D;283866
Key Down;S;284458
Key Up;D;285058
Key Down;Q;285082
Key Up;S;285114
Key Down;Z;285458
Key Up;Z;285706
Key Down;Z;285978
Key Up;Z;286586
Key Down;S;287050
Key Up;Q;287250
Key Down;D;287371
Key Up;S;287514
Key Up;D;287594
Key Down;D;287738
Key Down;Z;287939
Key Up;D;288130
Key Up;Z;288170
Key Down;Q;288290
Key Up;Q;288362
Key Down;D;289074
Key Down;S;289498
Key Up;D;289698
Key Up;S;289882
Key Down;D;290114
Key Down;S;290715
Key Up;D;290730
Key Up;S;290858
Key Down;Q;291002
Key Down;Z;291058
Key Up;Q;291146
Key Down;Q;291314
Key Up;Q;291538
Key Up;Z;291610
Key Down;Q;291946
Key Up;Q;292090
Key Down;Q;292218
Key Up;Q;292290
Key Down;S;292762
Key Down;D;292946
Key Up;D;293706
Key Down;D;293946
Key Up;S;294042
Key Up;D;294082
Key Down;Q;294338
Key Down;Z;294674
Key Up;Q;294746
Key Up;Z;294778
Key Down;Q;294930
Key Down;Z;294994
Key Up;Z;295210
Key Up;Q;295258
Key Down;S;295386
Key Up;S;295578
Key Down;D;296074
Key Down;S;296338
Key Up;S;296858
Key Down;Z;297034
Key Up;Z;297258
Key Up;D;297322
Key Down;Q;297722
Key Up;Q;297962
Key Down;S;298314
Key Down;D;298346
Key Up;D;298706
Key Up;S;298946
Key Down;Q;298978
Key Down;Z;299122
Key Up;Q;299282
Key Up;Z;299354
Key Down;Q;299994
Key Down;S;300410
Key Up;Q;300426
Key Up;S;300810
Key Down;D;300890
Key Down;S;301194
Key Up;S;301330
Key Up;D;301402
Key Down;S;301698
Key Up;S;301866
Key Down;Q;302145
Key Up;Q;302242
Key Down;Z;302530
Key Up;Z;302674
Key Down;E;303346
Key Up;E;303466
Key Down;Z;303554
Key Up;Z;304130
Key Down;Q;304210
Key Down;Z;304322
Key Up;Q;304410
Key Down;D;304738
Key Up;Z;304778
Key Up;D;304978
Key Down;Q;305018
Key Down;Z;305106
Key Up;Z;305234
Key Up;Q;305658
Key Down;D;306114
Key Down;Z;306122
Key Up;D;307234
Key Up;Z;307242
Key Down;Q;307938
Key Up;Q;308042
Key Down;D;308362
Key Up;D;309033
Key Down;S;309041
Key Up;S;309546
Key Down;Q;309586
Key Up;Q;309674
Key Down;S;309842
Key Down;D;309874
Key Up;S;310186
Key Down;Z;310666
Key Up;Z;310914
Key Up;D;311658
Key Down;Q;311850
Key Up;Q;312026
Key Down;D;312746
Key Down;S;314114
Key Up;D;314450
Key Up;S;314506
Key Down;Z;314794
Key Up;Z;314906
Key Down;S;315690
Key Up;S;315970
Key Down;S;316106
Key Up;S;316250
Key Down;D;316274
Key Up;D;316346
Key Down;D;316546
Key Down;Z;316626
Key Up;D;317050
Key Down;Q;317146
Key Up;Z;317178
Key Up;Q;317306
Key Down;D;317346
Key Down;Z;317498
Key Up;Z;317554
Key Down;Z;317586
Key Up;Z;317682
Key Up;D;317826
Key Down;Q;317866
Key Down;Z;318490
Key Up;Z;318746
Key Up;Q;318882
Key Down;D;318970
Key Down;S;319130
Key Up;S;319322
Key Down;Z;319562
Key Up;D;320290
Key Up;Z;320330
Key Down;E;330458
Key Up;E;330586
Key Down;Q;332450
Key Down;Z;332490
Key Up;Z;332722
Key Down;S;333065
Key Up;Q;333154
Key Down;Q;333306
Key Up;S;333362
Key Down;Z;333634
Key Up;Z;333754
Key Up;Q;333922
Key Down;S;333938
Key Up;S;334106
Key Down;Z;335162
Key Down;Q;335329
Key Up;Q;335714
Key Up;Z;335722
Key Down;S;336305
Key Up;S;336498
Key Down;Z;336802
Key Down;Q;337130
Key Up;Q;337234
Key Up;Z;337266
Key Down;Z;337674
Key Down;Q;338018
Key Up;Q;338282
Key Up;Z;338425
Key Down;Q;338762
Key Down;Z;338849
Key Up;Z;338994
Key Up;Q;339314
Key Down;D;339362
Key Down;Z;339794
Key Up;D;339802
Key Up;Z;339921
Key Down;D;340266
Key Up;D;340378
Key Down;Z;340698
Key Up;Z;340858
Key Down;Q;341418
Key Down;S;341650
Key Up;Q;341898
Key Up;S;341914
Key Down;D;341938
Key Down;S;342178
Key Up;D;342578
Key Up;S;342769
Key Down;Q;343210
Key Down;S;343546
Key Up;Q;343641
Key Up;S;343650
Key Down;Q;344170
Key Up;Q;344434
Key Down;Z;344850
Key Down;Q;345026
Key Up;Z;345290
Key Down;D;345602
Key Up;Q;345634
Key Up;D;345842
Key Down;Q;345873
Key Down;Z;346242
Key Up;Q;346266
Key Down;D;346370
Key Up;Z;346818
Key Up;D;346834
Key Down;Z;347002
Key Down;Q;347074
Key Up;Q;347369
Key Up;Z;347778
Key Down;D;347842
Key Down;S;347914
Key Up;D;348050
Key Up;S;348058
Key Down;D;348066
Key Down;Z;348194
Key Up;D;348442
Key Down;D;348586
Key Up;Z;348626
Key Down;S;348746
Key Up;D;348994
Key Up;S;349066
Key Down;D;350674
Key Down;Z;350786
Key Up;D;350818
Key Up;Z;350914
Key Down;S;351210
Key Down;Q;351242
Key Up;S;351290
Key Up;Q;351434
Key Down;Z;351449
Key Up;Z;351465
Key Down;D;351818
Key Up;D;351970
Key Down;Q;352138
Key Down;Z;352194
Key Up;Z;352258
Key Down;Z;352778
Key Up;Q;352953
Key Down;D;353162
Key Up;D;353210
Key Down;Q;353266
Key Up;Z;353369
Key Down;Z;353538
Key Up;Q;354042
Key Up;Z;354082
Key Down;S;354834
Key Down;D;354914
Key Up;D;355186
Key Up;S;355265
Key Down;E;355410
Key Up;E;355498
Key Down;D;355721
Key Up;D;355818
Key Down;E;355938
Key Up;E;356018
Key Down;D;356217
Key Down;S;356609
Key Up;D;357298
Key Down;Q;357690
Key Down;D;358306
Key Up;Q;358402
Key Up;D;358802
Key Down;Q;359106
Key Up;S;359162
Key Down;Z;359346
Key Up;Q;359410
Key Up;Z;359889
Key Down;Z;360402
Key Down;Q;360714
Key Up;Z;360961
Key Down;S;361338
Key Up;Q;361418
Key Up;S;361706
Key Down;S;362010
Key Up;S;362370
Key Down;Q;362418
Key Down;S;362522
Key Up;Q;362570
Key Down;D;362722
Key Up;S;362802
Key Up;D;363202
Key Down;D;363242
Key Up;D;363322
Key Down;Z;363369
Key Down;D;363754
Key Up;Z;363874
Key Down;S;364082
Key Up;D;364146
Key Down;Q;364378
Key Up;Q;364514
Key Up;S;364953
Key Down;Z;366969
Key Up;Z;367098
Key Down;Q;367130
Key Up;Q;367282
Key Down;Q;367530
Key Down;Z;367978
Key Up;Z;368154
Key Down;Z;368521
Key Up;Q;368650
Key Down;D;369201
Key Up;D;369273
Key Down;Q;369569
Key Up;Q;369609
Key Up;Z;369617
Key Down;D;369802
Key Down;S;370138
Key Up;D;370306
Key Up;S;370778
Key Down;D;371394
Key Up;D;371529
Key Down;Z;373114
Key Down;Q;373290
Key Up;Z;373497
Key Up;Q;373513
Key Down;S;374273
Key Down;Q;374770
Key Up;Q;375266
Key Up;S;375898
Key Down;S;376346
Key Down;D;376378
Key Up;D;376754
Key Down;D;376993
Key Up;S;377122
Key Up;D;377218
Key Down;D;377874
Key Down;S;377898
Key Up;D;377922
Key Up;S;378073
Key Down;D;378178
Key Down;Z;378234
Key Up;D;378546
Key Up;Z;378666
Key Down;D;378810
Key Down;S;378881
Key Up;D;378961
Key Down;Q;379050
Key Up;S;379186
Key Down;Z;379993
Key Up;Z;380226
Key Down;S;380666
Key Up;S;381082
Key Up;Q;381305
Key Down;D;381377
Key Up;D;382138
Key Down;D;382353
Key Down;Z;382674
Key Up;D;382993
Key Up;Z;383074
Key Down;Q;383442
Key Down;S;383609
Key Up;Q;383889
Key Up;S;383945
Key Down;D;384058
Key Down;Z;384218
Key Up;Z;384642
Key Up;D;384841
Key Down;Q;385321
Key Up;Q;385474
Key Down;D;385578
Key Down;S;385754
Key Up;S;386313
Key Down;Z;386666
Key Up;D;386722
Key Down;Q;386786
Key Up;Z;386865
Key Down;Z;387002
Key Up;Z;387257
Key Up;Q;387513
Key Down;Q;387610
Key Up;Q;387746
Key Down;D;388250
Key Up;D;388553
Key Down;Q;389106
Key Up;Q;389170
Key Down;Q;389850
Key Up;Q;389994
Key Down;S;390121
Key Down;D;390129
Key Up;D;390242
Key Up;S;390274
Key Down;D;390402
Key Up;D;390482
Key Down;Q;390706
Key Up;Q;391025
Key Down;D;391610
Key Up;D;392306
Key Down;Q;403361
Key Down;S;404066
Key Up;Q;404169
Key Up;S;404177
Key Down;D;404634
Key Up;D;404801
Key Down;Q;409762
Key Up;Q;410154
Key Down;D;410282
Key Down;Z;410809
Key Up;D;410849
Key Down;Q;410962
Key Up;Z;411130
Key Up;Q;411490
Key Down;Q;412673
Key Down;Z;413321
Key Up;Q;413458
Key Down;Q;413937
Key Up;Q;414138
Key Down;Q;414346
Key Up;Q;414586
Key Down;Q;415281
Key Up;Q;415474
Key Up;Z;415506
Key Down;Q;415922
Key Up;Q;416058
Key Down;D;418682
Key Down;S;419298
Key Up;D;419385
Key Up;S;419489
Key Down;Q;419722
Key Down;Z;419882
Key Up;Q;420049
Key Down;Q;420113
Key Up;Z;420258
Key Up;Q;420322
Key Down;D;422489
Key Down;S;422553
Key Up;D;422593
Key Down;Q;422810
Key Up;Q;423306
Key Down;D;423561
Key Up;S;423658
Key Up;D;423754
Key Down;Q;424818
Key Down;Z;424969
Key Up;Q;425001
Key Down;D;425490
Key Up;D;425769
Key Up;Z;425898
Key Down;D;427034
Key Up;D;427137
Key Down;Q;429210
Key Down;S;429370
Key Up;Q;429498
Key Up;S;429785
Key Down;Z;429930
Key Down;D;430090
Key Up;D;430274
Key Up;Z;430434
Key Down;D;430690
Key Down;S;430714
Key Up;D;430897
Key Up;S;431153
Key Down;Q;431225
Key Up;Q;431346
Key Down;S;431466
Key Up;S;431626
Key Down;D;431842
Key Down;S;431938
Key Up;D;431994
Key Down;D;432394
Key Up;D;432458
Key Down;Q;432649
Key Up;Q;432922
Key Down;D;433082
Key Up;D;433610
Key Down;D;433745
Key Up;S;433938
Key Up;D;434058
Key Down;Q;435193
Key Up;Q;435274
Key Down;Z;435946
Key Down;D;436090
Key Up;Z;436537
Key Up;D;437017
Key Down;Q;437226
Key Down;S;437433
Key Up;S;437962
Key Down;D;438841
Key Up;Q;438865
Key Down;S;439145
Key Up;S;439361
Key Down;S;439602
Key Up;D;439682
Key Down;Q;440058
Key Up;S;440233
Key Up;Q;440321
Key Down;Z;440466
Key Up;Z;440665
Key Down;D;440673
Key Up;D;441338
Key Down;S;445521
Key Down;D;445601
Key Up;S;446122
Key Up;D;446130
Key Down;D;446401
Key Down;S;446522
Key Up;D;446618
Key Up;S;446810
Key Down;Q;448322
Key Down;S;448353
Key Up;S;449098
Key Down;Z;449418
Key Up;Q;449474
Key Up;Z;449633
Key Down;S;450562
Key Down;Q;450689
Key Up;Q;451785
Key Up;S;452122
Key Down;Q;452481
Key Up;Q;452633
Key Down;Z;452729
Key Down;D;452842
Key Up;Z;453010
Key Up;D;453154
Key Down;Z;453258
Key Down;D;453561
Key Up;Z;453602
Key Down;Z;453706
Key Up;Z;453953
Key Down;S;454225
Key Up;D;454233
Key Up;S;454505
Key Down;Q;454738
Key Up;Q;454825
Key Down;D;454978
Key Down;S;455354
Key Up;D;455394
Key Down;Q;455537
Key Up;Q;455865
Key Down;Q;455913
Key Up;S;455954
Key Down;Z;456169
Key Up;Q;456217
Key Up;Z;456346
Key Down;D;456458
Key Up;D;457466
Key Down;Q;457553
Key Up;Q;457577
Key Down;D;457834
Key Down;S;457969
Key Up;D;458033
Key Down;Q;458130
Key Up;Q;458449
Key Up;S;458545
Key Down;Z;458858
Key Down;Q;459058
Key Up;Q;459274
Key Up;Z;459282
Key Down;D;459306
Key Down;S;459930
Key Up;S;460217
Key Up;D;460225
Key Down;Q;460233
Key Down;Z;460434
Key Up;Z;460849
Key Down;Z;461162
Key Up;Q;461906
Key Down;Q;462394
Key Up;Z;463154
Key Up;Q;463162
Key Down;Q;463937
Key Down;Z;464074
Key Up;Q;464193
Key Up;Z;464210
Key Down;Z;464546
Key Up;Z;464921
Key Down;S;465634
Key Up;S;466098
Key Down;Z;466250
Key Down;D;467234
Key Up;D;467377
Key Down;Q;467441
Key Up;Z;467754
Key Down;S;468034
Key Up;Q;469146
Key Up;S;469242
Key Down;Z;471273
Key Up;Z;471298
Key Down;Echap;471521
Key Up;Echap;471666
Key Down;Q;477874
Key Down;S;478130
Key Up;S;478457
Key Down;Z;478674
Key Up;Z;479770
Key Up;Q;479961
Key Down;D;480041
Key Up;D;480681
Key Down;Q;482042
Key Down;S;482345
Key Up;S;482561
Key Down;S;482769
Key Up;S;482978
Key Up;Q;483922
Key Down;S;484874
Key Down;D;485041
Key Up;D;485258
Key Up;S;485298
Key Down;Z;485858
Key Up;Z;486065
Key Down;S;489234
Key Up;S;489353
Key Down;Z;489873
Key Down;D;490066
Key Up;Z;490137
Key Up;D;490289
Key Down;D;490753
Key Up;D;490873
Key Down;Q;491593
Key Up;Q;491642
Key Down;S;491650
Key Down;Q;492026
Key Up;S;492066
Key Down;S;492345
Key Up;Q;492393
Key Down;D;492458
Key Up;D;492506
Key Down;D;492705
Key Up;D;492849
Key Down;Q;492922
Key Up;S;492938
Key Down;Z;493130
Key Up;Q;493217
Key Up;Z;493225
Key Down;D;493345
Key Down;Z;493449
Key Up;D;493538
Key Up;Z;493713
Key Down;S;494193
Key Down;Q;494465
Key Up;S;494561
Key Up;Q;494689
Key Down;E;494705
Key Up;E;494810
Key Down;D;495169
Key Up;D;495441
Key Down;Z;495513
Key Up;Z;495529
Key Down;D;496226
Key Up;D;496921
Key Down;S;496937
Key Down;Q;497113
Key Up;Q;497314
Key Up;S;497625
Key Down;Q;498449
Key Down;S;498681
Key Up;Q;498881
Key Up;S;498961
Key Down;D;498969
Key Down;Z;499162
Key Up;D;499313
Key Up;Z;499353
Key Down;Q;501769
Key Down;S;501777
Key Up;S;502433
Key Down;Z;503217
Key Up;Z;503554
Key Up;Q;503562
Key Down;D;503817
Key Down;S;503921
Key Up;D;504369
Key Up;S;504489
Key Down;E;505225
Key Up;E;505338
Key Down;D;505537
Key Down;S;505969
Key Up;D;506185
Key Down;D;506641
Key Up;D;506793
Key Up;S;506841
Key Down;Z;507105
Key Up;Z;507193
Key Down;Z;507537
Key Down;D;508441
Key Up;D;508745
Key Down;Q;509929
Key Up;Z;511018
Key Down;Z;511209
Key Up;Q;511506
Key Up;Z;512002
Key Down;S;512929
Key Down;Q;513034
Key Up;S;513090
Key Up;Q;513426
Key Down;D;513513
Key Down;S;513609
Key Up;S;514482
Key Down;Z;515394
Key Up;D;515601
Key Down;D;516289
Key Up;D;516489
Key Up;Z;516529
Key Down;Q;518410
Key Up;Q;518513
Key Down;D;518841
Key Down;Z;518977
Key Up;Z;519321
Key Up;D;519377
Key Down;Q;519433
Key Down;S;519578
Key Up;Q;519761
Key Up;S;519809
Key Down;Z;520922
Key Down;D;520929
Key Up;D;521442
Key Up;Z;521450
Key Down;D;522137
Key Down;Z;522250
Key Up;Z;522545
Key Up;D;523577
Key Down;Q;523617
Key Up;Q;523729
Key Down;Q;524137
Key Down;S;524369
Key Up;Q;524657
Key Down;D;524817
Key Up;S;524946
Key Up;D;525049
Key Down;D;525961
Key Down;Z;525993
Key Up;Z;526337
Key Up;D;527121
Key Down;Q;527297
Key Up;Q;528514
Key Down;D;529074
Key Up;D;529817
Key Down;Z;539577
Key Up;Z;539745
Key Down;S;540561
Key Up;S;540746
Key Down;Q;542161
Key Up;Q;542337
Key Down;S;542385
Key Up;S;542481
Key Down;S;542921
Key Down;Q;542929
Key Up;S;543281
Key Down;S;543601
Key Up;S;544041
Key Down;Z;544585
Key Up;Z;544793
Key Down;Z;545433
Key Up;Q;545489
Key Down;D;546153
Key Up;Z;546186
Key Up;D;546305
Key Down;S;546609
Key Up;S;546753
Key Down;Q;546858
Key Down;Z;546906
Key Up;Q;547033
Key Up;Z;547161
Key Down;Q;547514
Key Up;Q;547633
Key Down;D;547769
Key Up;D;548057
Key Down;S;549033
Key Down;Q;549185
Key Up;Q;549449
Key Down;D;549610
Key Up;S;549746
Key Up;D;549762
Key Down;D;549881
Key Down;Z;551337
Key Up;Z;551449
Key Up;D;551633
Key Down;D;552074
Key Down;S;552185
Key Up;D;552537
Key Down;D;552865
Key Up;D;553049
Key Up;S;553145
Key Down;D;553418
Key Down;Z;553466
Key Up;D;553585
Key Up;Z;553834
Key Down;S;554217
Key Up;S;554297
Key Down;Q;555177
Key Up;Q;555817
Key Down;D;556313
Key Down;S;556337
Key Up;S;556506
Key Up;D;556865
Key Down;Q;556929
Key Down;S;557457
Key Up;Q;557553
Key Up;S;557625
Key Down;Q;557729
Key Down;Z;557945
Key Up;Z;558378
Key Up;Q;558665
Key Down;D;559746
Key Down;S;559921
Key Up;D;560505
Key Down;D;560689
Key Up;D;560953
Key Up;S;561097
Key Down;Z;561410
Key Up;Z;561561
Key Down;Z;562697
Key Down;Q;562825
Key Up;Z;563361
Key Down;S;563585
Key Up;Q;563649
Key Down;Q;563761
Key Up;Q;563881
Key Down;D;564425
Key Up;S;564513
Key Down;Z;564657
Key Up;D;564794
Key Up;Z;564810
Key Down;S;564929
Key Down;Q;565250
Key Up;S;565290
Key Up;Q;565329
Key Down;D;565345
Key Down;Z;565529
Key Up;D;565642
Key Down;D;565833
Key Up;Z;565986
Key Up;D;566185
Key Down;Q;566345
Key Down;Z;566369
Key Up;Z;566577
Key Up;Q;566698
Key Down;Z;566841
Key Down;D;567025
Key Up;Z;567753
Key Up;D;568257
Key Down;S;568601
Key Up;S;568649
Key Down;S;568705
Key Down;D;568713
Key Up;D;568905
Key Up;S;569113
Key Down;Z;570761
Key Down;Q;571089
Key Up;Z;571481
Key Down;S;572161
Key Up;S;572409
Key Up;Q;572953
Key Down;D;573153
Key Down;S;573313
Key Up;D;573521
Key Down;D;573769
Key Up;S;573785
Key Down;Z;573961
Key Up;D;574153
Key Down;D;574185
Key Up;Z;574497
Key Down;Z;574761
Key Up;D;574961
Key Up;Z;574970
Key Down;S;575337
Key Up;S;575457
Key Down;Q;575953
Key Down;S;576281
Key Up;S;576625
Key Down;D;577145
Key Up;Q;577161
Key Up;D;577633
Key Down;D;578297
Key Down;Z;578369
Key Up;Z;578577
Key Up;D;578665
Key Down;Z;579161
Key Up;Z;579177
Key Down;Z;579873
Key Down;D;579921
Key Up;D;580169
Key Up;Z;580385
Key Down;D;580865
Key Up;D;580905
Key Down;Q;581241
Key Down;S;581305
Key Up;Q;581441
Key Down;Q;581785
Key Up;S;582105
Key Down;S;582529
Key Up;S;583057
Key Down;D;583401
Key Up;Q;583497
Key Down;S;583505
Key Up;D;583665
Key Down;Q;583793
Key Up;S;583977
Key Down;Z;584529
Key Up;Z;584673
Key Down;S;585209
Key Up;Q;585297
Key Up;S;585329
Key Down;D;586497
Key Down;S;587457
Key Up;D;588033
Key Up;S;588337
Key Down;Q;589081
Key Down;Z;589281
Key Up;Q;589913
Key Up;Z;589969
Key Down;Z;590513
Key Up;Z;590865
Key Down;Z;591473
Key Up;Z;591585
Key Down;Q;593705
Key Up;Q;594233
Key Down;S;594297
Key Down;D;594345
Key Up;S;594585
Key Up;D;596497
Key Down;Q;596985
Key Up;Q;597944
Key Down;S;606993
Key Up;S;607481
Key Down;Q;607832
Key Down;S;608345
Key Up;S;608600
Key Up;Q;609153
Key Down;Z;609273
Key Up;Z;609497
Key Down;Q;609681
Key Up;Q;609809
Key Down;D;614313
Key Down;S;615801
Key Up;D;615849
Key Up;S;615937
Key Down;Q;615945
Key Down;Z;616609
Key Up;Q;616641
Key Down;D;616737
Key Up;Z;616864
Key Down;S;618649
Key Up;D;619304
Key Down;D;619473
Key Up;D;619713
Key Down;D;619937
Key Up;S;620169
Key Up;D;620448
Key Down;Z;620464
Key Up;Z;620593
Key Down;D;621017
Key Down;S;621105
Key Up;D;621528
Key Down;D;621633
Key Up;D;621705
Key Up;S;622049
Key Down;S;626977
Key Down;D;627417
Key Up;S;627569
Key Down;S;627976
Key Up;D;628121
Key Up;S;628193
Key Down;Z;629529
Key Up;Z;629769
Key Down;Q;629793
Key Down;S;630129
Key Up;Q;630345
Key Up;S;630361
Key Down;Z;631593
Key Up;Z;631873
Key Down;D;633033
Key Down;Z;633073
Key Up;Z;633417
Key Up;D;633505
Key Down;D;633881
Key Up;D;634361
Key Down;Q;634665
Key Down;S;634937
Key Up;Q;635041
Key Down;D;635505
Key Up;S;635513
Key Up;D;635657
Key Down;S;635841
Key Up;S;636001
Key Down;Q;636553
Key Down;Z;636633
Key Up;Q;636673
Key Up;Z;636808
Key Down;D;637176
Key Up;D;637609
Key Down;S;637841
Key Down;D;637865
Key Up;D;638025
Key Up;S;638193
Key Down;S;638481
Key Up;S;638617
Key Down;Q;639105
Key Down;Z;639209
Key Up;Z;639489
Key Up;Q;639632
Key Down;Z;639793
Key Up;Z;640193
Key Down;Z;640712
Key Down;Q;640777
Key Up;Z;640929
Key Down;S;641257
Key Up;Q;641313
Key Up;S;641801
Key Down;Q;641857
Key Up;Q;641993
Key Down;Z;642001
Key Down;D;642089
Key Up;Z;642440
Key Down;S;642912
Key Up;D;643993
Key Down;Q;644200
Key Up;S;644497
Key Up;Q;644729
Key Down;D;645089
Key Up;D;645608
Key Down;Z;645681
Key Up;Z;645753
Key Down;E;645849
Key Up;E;645913
Key Down;S;646281
Key Down;Q;646841
Key Up;S;647193
Key Down;S;648024
Key Up;Q;648337
Key Up;S;648449
Key Down;S;648816
Key Down;D;648872
Key Up;S;648985
Key Up;D;649249
Key Down;Q;649377
Key Up;Q;649417
Key Down;D;649929
Key Down;S;650497
Key Up;D;650560
Key Down;D;650753
Key Up;S;650896
Key Up;D;651281
Key Down;Q;651289
Key Down;Z;651480
Key Up;Z;652113
Key Down;Z;652705
Key Up;Z;652841
Key Down;S;653049
Key Up;Q;653225
Key Up;S;654449
Key Down;Z;654864
Key Down;D;656753
Key Up;D;656905
Key Down;Q;657169
Key Up;Z;657472
Key Down;Z;657737
Key Up;Q;657873
Key Up;Z;657881
Key Down;D;659001
Key Down;S;659017
Key Up;D;659608
Key Down;Q;659729
Key Up;S;659777
Key Up;Q;659857
Key Down;Z;660505
Key Down;Q;660633
Key Up;Q;661233
Key Up;Z;661257
Key Down;D;661505
Key Down;Z;661760
Key Up;D;662017
Key Down;D;662416
Key Up;D;662784
Key Down;D;663073
Key Up;Z;663297
Key Up;D;663417
Key Down;S;663481
Key Down;Q;663809
Key Up;S;664921
Key Down;Z;665537
Key Up;Z;665665
Key Up;Q;665720
Key Down;D;673368
Key Down;S;673560
Key Up;D;673785
Key Down;D;673968
Key Up;D;674112
Key Up;S;674408
Key Down;Q;676128
Key Down;Z;676193
Key Up;Q;676345
Key Up;Z;676480
Key Down;Q;677033
Key Up;Q;677121
Key Down;D;677305
Key Up;D;677481
Key Down;S;678024
Key Up;S;678137
Key Down;Q;678241
Key Up;Q;678409
Key Down;D;678440
Key Down;S;678464
Key Up;S;678617
Key Up;D;678665
Key Down;S;679817
Key Down;D;680160
Key Up;D;680216
Key Up;S;680553
Key Down;Z;680681
Key Down;Q;681553
Key Up;Q;681913
Key Up;Z;681936
Key Down;S;682561
Key Up;S;683040
Key Down;D;683233
Key Down;S;683536
Key Up;D;683648
Key Up;S;683809
Key Down;Z;684072
Key Down;Q;684529
Key Up;Q;684809
Key Up;Z;684937
Key Down;Q;686009
Key Up;Q;686136
Key Down;S;686224
Key Down;D;686304
Key Up;D;686768
Key Down;Q;687561
Key Up;S;687648
Key Up;Q;687769
Key Down;D;688096
Key Down;S;688120
Key Up;D;688273
Key Up;S;688281
Key Down;D;689401
Key Down;Z;689497
Key Up;D;689544
Key Up;Z;689721
Key Down;Z;690024
Key Up;Z;690289
Key Down;S;690624
Key Up;S;690801
Key Down;D;692465
Key Up;D;692473
Key Down;Q;693521
Key Down;S;693849
Key Up;Q;694272
Key Up;S;694296
Key Down;S;694697
Key Up;S;694808
Key Down;D;695441
Key Down;Z;695688
Key Up;D;696209
Key Up;Z;696473
Key Down;S;696720
Key Up;S;696841
Key Down;E;698625
Key Up;E;698744
Key Down;Q;699033
Key Down;S;699553
Key Up;Q;699849
Key Up;S;700513
Key Down;Q;702001
Key Down;Z;702161
Key Up;Q;702177
Key Up;Z;702232
Key Down;D;702521
Key Down;S;702736
Key Up;D;702825
Key Up;S;703465
Key Down;Z;703841
Key Down;D;704088
Key Up;D;704184
Key Down;D;704392
Key Up;D;704504
Key Up;Z;704689
Key Down;D;704889
Key Up;D;704928
Key Down;Z;705817
Key Up;Z;705897
Key Down;Q;706056
Key Up;Q;706273
Key Down;S;706281
Key Down;D;706449
Key Up;S;706457
Key Up;D;706544
Key Down;D;707224
Key Down;Z;707353
Key Up;D;707361
Key Up;Z;707737
Key Down;Q;707769
Key Down;S;707992
Key Up;S;709121
Key Down;Z;709281
Key Up;Q;709416
Key Down;D;710057
Key Up;Z;710304
Key Down;Z;710489
Key Up;D;710529
Key Down;Q;710680
Key Up;Q;710913
Key Up;Z;710977
Key Down;D;711009
Key Down;Z;711873
Key Up;D;712401
Key Up;Z;712921
Key Down;Z;713392
Key Down;D;713488
Key Up;D;713864
Key Up;Z;714809
Key Down;S;715224
Key Down;Q;715305
Key Up;Q;715600
Key Up;S;715880
Key Down;Z;716161
Key Down;D;716408
Key Up;D;716809
Key Up;Z;717072
Key Down;Q;717737
Key Down;Z;717769
Key Up;Q;718088
Key Up;Z;718112
Key Down;D;718449
Key Down;S;718545
Key Up;D;718872
Key Down;Q;719097
Key Up;Q;719241
Key Up;S;719280
Key Down;Z;720041
Key Down;D;720224
Key Up;Z;720264
Key Down;Q;720368
Key Up;D;720377
Key Up;Q;720425
Key Down;Z;720841
Key Down;Q;720889
Key Up;Z;721417
Key Up;Q;722241
Key Down;S;723016
Key Down;Q;723201
Key Up;Q;723480
Key Up;S;723576
Key Down;Q;724080
Key Up;Q;724352
Key Down;Z;724865
Key Down;D;725177
Key Up;D;725305
Key Up;Z;725425
Key Down;S;725896
Key Up;S;726232
Key Down;Z;726369
Key Down;Q;726704
Key Up;Q;726953
Key Up;Z;727001
Key Down;D;727017
Key Up;D;727216
Key Down;S;727232
Key Up;S;727312
Key Down;Z;727577
Key Down;Q;727705
Key Up;Z;728017
Key Up;Q;728152
Key Down;Q;729097
Key Up;Q;729344
Key Down;D;729713
Key Down;S;730097
Key Up;D;730465
Key Up;S;730577
Key Down;Z;731472
Key Down;Q;731536
Key Up;Z;731729
Key Up;Q;731936
Key Down;Z;732217
Key Up;Z;732257
Key Down;S;733288
Key Up;S;733400
Key Down;D;733577
Key Down;S;733793
Key Up;D;733937
Key Up;S;733992
Key Down;Z;734777
Key Down;Q;734793
Key Up;Z;735089
Key Down;S;735376
Key Up;Q;735937
Key Up;S;735961
Key Down;Q;736137
Key Up;Q;736360
Key Down;Q;737648
Key Down;S;738104
Key Up;Q;738144
Key Up;S;738377
Key Down;Z;738833
Key Down;D;738888
Key Up;D;738976
Key Up;Z;739080
Key Down;Q;739089
Key Up;Q;739440
Key Down;D;740312
Key Down;S;740336
Key Up;S;740624
Key Up;D;740656
Key Down;Q;742953
Key Up;Q;743224
Key Down;D;743312
Key Up;D;743832
Key Down;Z;744657
Key Up;Z;744832
Key Down;D;744856
Key Up;D;745096
Key Down;D;745417
Key Down;Z;745681
Key Up;D;745737
Key Up;Z;745793
Key Down;S;746097
Key Down;Q;746233
Key Up;S;746400
Key Up;Q;747537
Key Down;Q;747888
Key Down;Z;748033
Key Up;Z;748049
Key Up;Q;748289
Key Down;Z;755800
Key Down;Q;755937
Key Up;Q;756424
Key Up;Z;756473
Key Down;Q;757049
Key Down;Z;757240
Key Up;Z;757624
Key Up;Q;758032
Key Down;Q;758313
Key Up;Q;758480
Key Down;S;758753
Key Up;S;759128
Key Down;Z;759265
Key Down;Q;759792
Key Up;Q;759832
Key Down;D;760184
Key Up;D;760296
Key Up;Z;760529
Key Down;S;760960
Key Up;S;761072
Key Down;S;761768
Key Up;S;761816
Key Down;Z;762808
Key Down;Q;763056
Key Up;Q;763249
Key Up;Z;763408
Key Down;S;765400
Key Up;S;765560
Key Down;Z;766816
Key Up;Z;766929
Key Down;Z;771144
Key Down;D;771353
Key Up;Z;771793
Key Up;D;771928
Key Down;Q;772105
Key Up;Q;772321
Key Down;D;772544
Key Up;D;772625
Key Down;Q;772697
Key Up;Q;772808
Key Down;S;772832
Key Down;Q;772856
Key Up;Q;773097
Key Down;Q;773577
Key Up;Q;773816
Key Down;Q;774177
Key Up;Q;774273
Key Up;S;774768
Key Down;Q;775040
Key Down;S;775137
Key Up;Q;775176
Key Down;D;775312
Key Up;S;775640
Key Up;D;775656
Key Down;S;777136
Key Up;S;777273
Key Down;S;777496
Key Up;S;777744
Key Down;Z;778016
Key Down;Q;778449
Key Up;Q;778537
Key Down;Q;779008
Key Up;Q;779112
Key Up;Z;780888
Key Down;Z;781128
Key Down;D;781201
Key Up;D;781544
Key Down;D;781761
Key Up;Z;781976
Key Up;D;782056
Key Down;Q;782385
Key Up;Q;783264
Key Down;S;787960
Key Down;D;788224
Key Up;D;788432
Key Up;S;788521
Key Down;S;788720
Key Down;D;789488
Key Up;D;789721
Key Up;S;790096
Key Down;Q;790768
Key Down;Z;790969
Key Up;Q;791416
Key Up;Z;791480
Key Down;S;791649
Key Down;D;791896
Key Up;D;792016
Key Down;Q;792288
Key Up;Q;792840
Key Up;S;792953
Key Down;Z;793568
Key Down;Q;793728
Key Up;Q;793896
Key Up;Z;794160
Key Down;Q;794360
Key Down;Z;794408
Key Up;Z;794440
Key Down;S;794697
Key Up;S;795088
Key Up;Q;795312
Key Down;D;795408
Key Down;Z;795496
Key Up;Z;795648
Key Up;D;795657
Key Down;D;796280
Key Up;D;796848
Key Down;D;797400
Key Down;Z;797424
Key Up;Z;797672
Key Up;D;797680
Key Down;D;797840
Key Down;S;798016
Key Up;S;798264
Key Down;Z;798985
Key Up;D;799129
Key Up;Z;799537
Key Down;Z;799672
Key Down;D;799800
Key Up;D;800264
Key Up;Z;800808
Key Down;S;801080
Key Down;Q;801744
Key Up;Q;802056
Key Down;Q;802729
Key Up;S;802920
Key Down;Z;803472
Key Up;Q;803824
Key Up;Z;803985
Key Down;D;804201
Key Down;Z;804344
Key Up;Z;804656
Key Down;S;805048
Key Up;D;805585
Key Down;Q;805792
Key Up;S;805856
Key Down;S;806232
Key Up;Q;806432
Key Down;D;806640
Key Up;S;807368
Key Up;D;807472
Key Down;D;809232
Key Down;S;809952
Key Up;D;810232
Key Down;D;810464
Key Up;S;810496
Key Down;Z;810784
Key Up;D;810808
Key Down;A;811033
Key Up;A;811113
Key Up;Z;811776
Key Down;Z;812704
Key Up;Z;812720
Key Down;S;812872
Key Down;Q;813072
Key Up;S;813336
Key Down;Z;813504
Key Up;Q;813897
Key Down;Q;814240
Key Up;Z;814456
Key Down;S;817080
Key Up;S;817320
Key Down;E;817624
Key Up;Q;817640
Key Up;E;817745
Key Down;Z;817777
Key Down;D;817897
Key Up;Z;818160
Key Down;Z;818328
Key Up;Z;818576
Key Down;S;819040
Key Up;D;819241
Key Down;Q;819401
Key Up;S;819480
Key Down;Z;819832
Key Up;Z;820048
Key Down;S;820296
Key Up;S;820472
Key Down;S;820752
Key Up;Q;820856
Key Up;S;820888
Key Down;D;820968
Key Down;Z;821280
Key Up;Z;821456
Key Up;D;821464
Key Down;Q;822000
Key Down;S;822304
Key Up;S;822544
Key Up;Q;822904
Key Down;D;822952
Key Down;Z;823273
Key Up;Z;823440
Key Up;D;823552
Key Down;Q;823680
Key Down;S;824328
Key Up;Q;824561
Key Down;D;824617
Key Up;S;824824
Key Up;D;824832
Key Down;D;824896
Key Up;D;825136
Key Down;D;825304
Key Down;Z;825464
Key Up;Z;826288
Key Down;Z;826561
Key Up;Z;826968
Key Down;Z;827408
Key Up;D;827576
Key Down;D;828424
Key Up;Z;828552
Key Up;D;828696
Key Down;S;828984
Key Down;Q;829464
Key Up;S;829729
Key Down;S;830008
Key Up;S;830552
Key Down;S;830849
Key Up;S;831361
Key Up;Q;831600
Key Down;S;845913
Key Up;S;846288
Key Down;Q;846488
Key Down;S;846688
Key Up;Q;846840
Key Up;S;846977
Key Down;Z;847128
Key Down;D;847232
Key Up;D;847545
Key Down;Q;847984
Key Up;Z;848056
Key Down;S;848208
Key Up;Q;848216
Key Up;S;848360
Key Down;D;848680
Key Down;S;848872
Key Up;D;848904
Key Up;S;849016
Key Down;Z;849408
Key Up;Z;849656
Key Down;Q;849904
Key Down;Z;849944
Key Up;Z;850168
Key Up;Q;850240
Key Down;S;850392
Key Up;S;850576
Key Down;D;850872
Key Down;S;851040
Key Up;D;851112
Key Down;Q;851328
Key Up;Q;851816
Key Up;S;852296
Key Down;D;852696
Key Up;D;852856
Key Down;Q;852920
Key Down;S;853160
Key Up;Q;853200
Key Up;S;853320
Key Down;D;853328
Key Down;S;853568
Key Up;D;853680
Key Down;D;854056
Key Up;D;854576
Key Up;S;854656
Key Down;Z;854912
Key Down;D;854968
Key Up;Z;855209
Key Up;D;855496
Key Down;Q;855528
Key Down;S;855816
Key Up;Q;856568
Key Up;S;856648
Key Down;Z;857136
Key Up;Z;857384
Key Down;D;857576
Key Up;D;857697
Key Down;S;858224
Key Down;Q;858528
Key Up;Q;858664
Key Down;D;858880
Key Up;D;859112
Key Up;S;859176
Key Down;D;859280
Key Up;D;859336
Key Down;D;859424
Key Down;S;859481
Key Up;D;859496
Key Down;D;859784
Key Up;S;859824
Key Down;S;860616
Key Up;D;860728
Key Down;Q;861040
Key Up;S;861240
Key Down;Z;861424
Key Up;Q;861768
Key Down;Q;862072
Key Up;Z;862552
Key Down;Z;862656
Key Up;Q;862800
Key Up;Z;863200
Key Down;Q;863648
Key Up;Q;863784
Key Down;Z;863800
Key Down;D;863976
Key Up;Z;864064
Key Down;S;864296
Key Up;S;864568
Key Up;D;864664
Key Down;D;864792
Key Down;S;864936
Key Up;D;864984
Key Down;D;865264
Key Up;D;865584
Key Down;Q;865624
Key Up;S;865704
Key Down;Z;866400
Key Up;Q;866496
Key Down;D;866536
Key Up;Z;866576
Key Down;S;867088
Key Up;D;867120
Key Up;S;867191
Key Down;Q;867200
Key Up;Q;867232
Key Down;D;867480
Key Down;Z;867968
Key Up;Z;868200
Key Up;D;868208
Key Down;Q;868432
Key Up;Q;868544
Key Down;Q;869264
Key Up;Q;869320
Key Down;E;869472
Key Up;E;869552
Key Down;Z;869808
Key Down;D;869880
Key Up;D;870168
Key Down;Q;870176
Key Up;Z;870584
Key Down;S;871000
Key Up;Q;871024
Key Up;S;871072
Key Down;Z;871568
Key Up;Z;871728
Key Down;Q;871744
Key Down;S;871960
Key Up;Q;872176
Key Down;D;872432
Key Up;D;872960
Key Down;D;873343
Key Up;D;873744
Key Up;S;874016
Key Down;D;874208
Key Down;Z;874328
Key Up;D;874472
Key Up;Z;874536
Key Down;Q;874672
Key Down;S;874768
Key Up;Q;874800
Key Down;Q;875200
Key Up;S;875648
Key Up;Q;875888
Key Down;D;876088
Key Down;S;876792
Key Up;D;876888
Key Down;D;877088
Key Up;D;877360
Key Up;S;877480
Key Down;Z;877608
Key Down;D;877888
Key Up;Z;877968
Key Up;D;878176
Key Down;Q;878784
Key Down;Z;878920
Key Up;Z;881160
Key Up;Q;881432
Key Down;D;881632
Key Down;Z;881824
Key Up;D;882096
Key Down;Q;883496
Key Up;Z;883912
Key Up;Q;884376
Key Down;D;884672
Key Up;D;884704
Key Down;D;885048
Key Up;D;885328
Key Down;Q;885424
Key Up;Q;885672
Key Down;D;885744
Key Up;D;886168
Key Down;Q;887096
Key Down;Z;887288
Key Up;Q;887328
Key Down;E;887536
Key Up;Z;887624
Key Up;E;888144
Key Down;Q;888311
Key Up;Q;888776
Key Down;Q;888872
Key Up;Q;889016
Key Down;Q;889304
Key Up;Q;889560
Key Down;Z;889792
Key Up;Z;890024
Key Down;D;899536
Key Up;D;900456
Key Down;Q;900944
Key Up;Q;901144
Key Down;Q;901464
Key Up;Q;901575
Key Down;Q;902304
Key Up;Q;902440
Key Down;Q;902976
Key Up;Q;903024
Key Down;Q;903888
Key Up;Q;904040
Key Down;D;905096
Key Down;Z;905816
Key Up;D;905848
Key Up;Z;905912
Key Down;S;907632
Key Up;S;907904
Key Down;Z;908336
Key Down;D;908376
Key Up;Z;908600
Key Down;S;908904
Key Up;D;909008
Key Up;S;909047
Key Down;D;909400
Key Down;Z;911071
Key Up;D;911216
Key Down;D;911415
Key Up;D;911672
Key Up;Z;912224
Key Down;S;912712
Key Down;D;912879
Key Up;S;913263
Key Down;S;913840
Key Up;S;914176
Key Up;D;914376
Key Down;S;914551
Key Up;S;914592
Key Down;Q;914600
Key Down;Z;914864
Key Up;Q;915104
Key Down;D;915280
Key Up;Z;915720
Key Down;Z;915840
Key Up;D;915920
Key Down;Q;916007
Key Up;Z;916168
Key Up;Q;916464
Key Down;Z;916472
Key Up;Z;916872
Key Down;D;916912
Key Up;D;917056
Key Down;Q;917135
Key Down;Z;917151
Key Up;Q;917240
Key Down;Q;917712
Key Up;Q;917864
Key Up;Z;918232
Key Down;D;918744
Key Up;D;918872
Key Down;Z;918936
Key Down;Q;918944
Key Up;Q;919071
Key Down;Q;919344
Key Up;Q;919487
Key Down;D;919800
Key Up;Z;919984
Key Up;D;919992
Key Down;S;920775
Key Down;Q;920992
Key Up;Q;921096
Key Down;D;921288
Key Up;D;921527
Key Down;Q;921784
Key Up;Q;921855
Key Down;Q;922224
Key Up;Q;922368
Key Down;D;923200
Key Up;S;924472
Key Up;D;924944
Key Down;Q;925175
Key Down;Z;925432
Key Up;Z;925856
Key Up;Q;927992
Key Down;D;928264
Key Down;S;928272
Key Up;S;928744
Key Down;Z;929527
Key Up;D;930127
Key Down;D;930312
Key Up;Z;930352
Key Up;D;930503
Key Down;Q;930567
Key Down;S;931016
Key Up;S;931432
Key Down;S;932000
Key Up;Q;932448
Key Down;D;932808
Key Up;D;932816
Key Down;D;932928
Key Up;D;933055
Key Up;S;933304
Key Down;D;933592
Key Down;Z;933600
Key Up;D;933736
Key Down;D;933824
Key Up;D;934320
Key Up;Z;934368
Key Down;Q;934592
Key Up;Q;935096
Key Down;S;935112
Key Down;Q;935304
Key Up;Q;935424
Key Down;D;935831
Key Up;S;935896
Key Up;D;935968
Key Down;Z;936752
Key Down;D;936920
Key Up;D;937719
Key Up;Z;937751
Key Down;Q;938015
Key Down;S;938432
Key Up;Q;938751
Key Down;D;939184
Key Up;S;939592
Key Up;D;939696
Key Down;Q;939856
Key Up;Q;940184
Key Down;Z;941039
Key Down;D;941296
Key Up;D;941472
Key Up;Z;941544
Key Down;D;941960
Key Down;S;942328
Key Up;D;942576
Key Down;D;942752
Key Up;S;943015
Key Down;Q;943519
Key Up;D;943535
Key Down;Z;944632
Key Up;Z;945128
Key Up;Q;945168
Key Down;D;945680
Key Down;Z;945751
Key Up;D;946280
Key Down;D;946600
Key Up;Z;946784
Key Down;S;947512
Key Up;S;947688
Key Down;S;947847
Key Up;S;948120
Key Down;Z;948343
Key Up;D;948775
Key Up;Z;948960
Key Down;S;949248
Key Down;Q;949408
Key Up;S;949512
Key Down;Z;950456
Key Up;Z;950839
Key Down;Z;951088
Key Up;Q;951888
Key Down;D;952207
Key Up;D;952303
Key Down;D;952648
Key Up;D;952775
Key Down;D;953488
Key Up;D;953632
Key Up;Z;954192
Key Down;S;954351
Key Down;Q;954608
Key Up;Q;954736
Key Down;D;955032
Key Up;D;955136
Key Down;Q;956320
Key Up;S;957623
Key Down;S;957896
Key Up;S;959328
Key Down;Z;960408
Key Up;Q;960511
Key Up;Z;963208
Key Down;S;963392
Key Down;D;965263
Key Up;S;965504
Key Down;S;966624
Key Up;S;966728
Key Down;Z;967104
Key Up;Z;967576
Key Up;D;968584
Key Down;S;968735
Key Down;D;968936
Key Up;S;969127
Key Up;D;969143
Key Down;D;976584
Key Down;S;976775
Key Up;D;976880
Key Down;Q;977048
Key Up;S;977096
Key Up;Q;977191
Key Down;Q;977335
Key Down;Z;977351
Key Up;Z;977663
Key Up;Q;977935
Key Down;Q;978480
Key Up;Q;978968
Key Down;S;979048
Key Down;Q;979096
Key Up;S;979143
Key Up;Q;979432
Key Down;S;980071
Key Up;S;980240
Key Down;D;980248
Key Up;D;980439
Key Down;Z;980776
Key Down;Q;980791
Key Up;Q;980984
Key Down;Q;981712
Key Up;Z;981863
Key Down;S;982792
Key Up;S;982896
Key Up;Q;983104
Key Down;Z;984607
Key Down;D;985151
Key Up;D;985400
Key Up;Z;985527
Key Down;S;985752
Key Up;S;986319
Key Down;Z;986824
Key Up;Z;987256
Key Down;S;988343
Key Up;S;988640
Key Down;S;988983
Key Up;S;989295
Key Down;Z;989783
Key Down;Q;990015
Key Up;Q;990208
Key Up;Z;990304
Key Down;Z;990976
Key Down;D;991088
Key Up;D;991463
Key Up;Z;991479
Key Down;Q;991991
Key Down;S;992128
Key Up;Q;992359
Key Up;S;992800
Key Down;Z;993016
Key Up;Z;993135
Key Down;S;993264
Key Up;S;993591
Key Down;S;993935
Key Up;S;994016
Key Down;Z;994207
Key Up;Z;994607
Key Down;S;995192
Key Up;S;995383
Key Down;S;995735
Key Up;S;995847
Key Down;Z;996279
Key Down;D;996935
Key Up;Z;997184
Key Up;D;997496
Key Down;Q;997695
Key Down;S;998015
Key Up;S;998063
Key Up;Q;998071
Key Down;S;998272
Key Up;S;998327
Key Down;Z;998672
Key Down;D;998704
Key Up;Z;998960
Key Up;D;999495
Key Down;Q;999519
Key Up;Q;999720
Key Down;S;999895
Key Up;S;999975
Key Down;Q;1000040
Key Up;Q;1000208
Key Down;D;1000423
Key Up;D;1001071
Key Down;Q;1001103
Key Up;Q;1001167
Key Down;D;1001312
Key Down;Z;1001463
Key Up;Z;1001880
Key Up;D;1002071
Key Down;Q;1002247
Key Up;Q;1002416
Key Down;S;1002471
Key Up;S;1002535
Key Down;D;1002615
Key Up;D;1002903
Key Down;Q;1003216
Key Down;S;1003632
Key Up;S;1003759
Key Down;Z;1003944
Key Up;Q;1004000
Key Up;Z;1004096
Key Down;S;1004624
Key Down;Q;1004783
Key Up;Q;1004799
Key Up;S;1004807
Key Down;Q;1005383
Key Up;Q;1005576
Key Down;Q;1005911
Key Up;Q;1006032
Key Down;D;1006647
Key Up;D;1007680
Key Down;Q;1007736
Key Down;Z;1008015
Key Up;Q;1008039
Key Up;Z;1008143
Key Down;Q;1008671
Key Down;S;1008760
Key Up;S;1008895
Key Down;Z;1009167
Key Up;Q;1009391
Key Down;D;1009775
Key Up;Z;1010015
Key Down;Z;1010320
Key Up;Z;1010368
Key Down;Z;1010688
Key Up;D;1010736
Key Down;Q;1010832
Key Up;Z;1010856
Key Down;S;1011048
Key Up;S;1011519
Key Up;Q;1011584
Key Down;Z;1011735
Key Down;D;1011775
Key Up;D;1012119
Key Up;Z;1012271
Key Down;S;1012647
Key Up;S;1012975
Key Down;D;1013096
Key Up;D;1013255
Key Down;Z;1013263
Key Down;Q;1013600
Key Up;Q;1013880
Key Up;Z;1013928
Key Down;S;1015543
Key Down;D;1015672
Key Up;D;1015784
Key Up;S;1015959
Key Down;Z;1016736
Key Down;Q;1017248
Key Up;Z;1017359
Key Up;Q;1017367
Key Down;S;1017591
Key Up;S;1017823
Key Down;S;1018287
Key Up;S;1018464
Key Down;Z;1018800
Key Up;Z;1019095
Key Down;Z;1019415
Key Up;Z;1019503
Key Down;S;1019712
Key Up;S;1019911
Key Down;D;1020192
Key Up;D;1020311
Key Down;S;1021215
Key Up;S;1021415
Key Down;Z;1021855
Key Down;Q;1022024
Key Up;Z;1022072
Key Up;Q;1022175
Key Down;Z;1022536
Key Up;Z;1022663
Key Down;S;1023431
Key Up;S;1023640
Key Down;S;1023791
Key Up;S;1023992
Key Down;Z;1024287
Key Down;D;1024328
Key Up;D;1024471
Key Down;Q;1024808
Key Up;Q;1025095
Key Up;Z;1025328
Key Down;S;1025519
Key Up;S;1026087
Key Down;Z;1026224
Key Down;Q;1026896
Key Up;Q;1027416
Key Down;D;1027567
Key Up;Z;1027639
Key Up;D;1027680
Key Down;S;1027864
Key Down;D;1027879
Key Up;D;1027951
Key Down;Q;1028023
Key Up;S;1028039
Key Down;S;1028136
Key Up;Q;1028168
Key Up;S;1028208
Key Down;Q;1028775
Key Down;Z;1028823
Key Up;Q;1028880
Key Up;Z;1029144
Key Down;Z;1029440
Key Down;D;1029672
Key Up;D;1029823
Key Up;Z;1029928
Key Down;Z;1030199
Key Up;Z;1030376
Key Down;Q;1030960
Key Up;Q;1031151
Key Down;S;1032072
Key Down;Q;1032279
Key Up;Q;1032392
Key Up;S;1032408
Key Down;D;1032416
Key Up;D;1032536
Key Down;Q;1032608
Key Up;Q;1032735
Key Down;S;1032823
Key Up;S;1032839
Key Down;D;1032855
Key Up;D;1032879
Key Down;S;1035496
Key Down;D;1035952
Key Up;S;1036111
Key Down;Z;1036607
Key Up;D;1036640
Key Up;Z;1036671
Key Down;Q;1036895
Key Down;S;1037631
Key Up;Q;1037784
Key Up;S;1037983
Key Down;S;1038863
Key Down;D;1039143
Key Up;S;1039392
Key Down;S;1039687
Key Up;S;1040152
Key Up;D;1040160
Key Down;Z;1040735
Key Down;D;1040784
Key Up;Z;1040800
Key Up;D;1040983
Key Down;Q;1041200
Key Down;Z;1041719
Key Up;Q;1041904
Key Up;Z;1042160
Key Down;D;1042447
Key Down;S;1042904
Key Up;D;1043551
Key Up;S;1043703
Key Down;Z;1044943
Key Up;Z;1045432
Key Down;Q;1046311
Key Down;Z;1046472
Key Up;Q;1046967
Key Down;D;1047224
Key Up;Z;1047535
Key Down;Z;1047704
Key Up;D;1047887
Key Down;Q;1048375
Key Up;Q;1048560
Key Up;Z;1048592
Key Down;D;1049551
Key Down;S;1049671
Key Up;D;1049727
Key Up;S;1049872
Key Down;S;1050159
Key Down;Q;1050311
Key Up;S;1050647
Key Up;Q;1050663
Key Down;Q;1050872
Key Up;Q;1051135
Key Down;S;1051167
Key Down;D;1051375
Key Up;S;1051455
Key Up;D;1051863
Key Down;Q;1051952
Key Down;S;1053071
Key Up;S;1054024
Key Down;S;1054447
Key Up;S;1054791
Key Down;S;1054960
Key Up;Q;1055016
Key Down;D;1055135
Key Up;D;1055440
Key Up;S;1055680
Key Down;Q;1055688
Key Up;Q;1056032
Key Down;S;1056215
Key Down;D;1056327
Key Up;D;1057839
Key Up;S;1058256
Key Down;Q;1058567
Key Down;Z;1058607
Key Up;Z;1058704
Key Down;Z;1059224
Key Up;Q;1059391
Key Up;Z;1059423
Key Down;D;1059503
Key Down;Z;1059887
Key Up;Z;1059959
Key Up;D;1060007
Key Down;Z;1060224
Key Down;Q;1060575
Key Up;Q;1060919
Key Down;Q;1061351
Key Up;Q;1062103
Key Up;Z;1062183
Key Down;D;1062311
Key Down;S;1062431
Key Up;S;1062495
Key Up;D;1062527
Key Down;S;1062712
Key Up;S;1062856
Key Down;Q;1062896
Key Up;Q;1062983
Key Down;Z;1063239
Key Down;Q;1063375
Key Up;Z;1063439
Key Up;Q;1063528
Key Down;S;1063976
Key Down;D;1063984
Key Up;S;1064111
Key Up;D;1064143
Key Down;Z;1064543
Key Down;Q;1064719
Key Up;Z;1064880
Key Up;Q;1064895
Key Down;Q;1065615
Key Down;Z;1065639
Key Up;Z;1065863
Key Up;Q;1066895
Key Down;D;1067072
Key Up;D;1067335
Key Down;Q;1067471
Key Up;Q;1067656
Key Down;E;1067743
Key Up;E;1067855
Key Down;Z;1068008
Key Down;D;1068024
Key Up;D;1068711
Key Up;Z;1069240
Key Down;Z;1069992
Key Up;Z;1070087
Key Down;Q;1071007
Key Down;Z;1071016
Key Up;Z;1071496
Key Up;Q;1071639
Key Down;D;1071943
Key Down;S;1071967
Key Up;D;1072472
Key Up;S;1072767
Key Down;Z;1073824
Key Up;Z;1074455
Key Down;Q;1076319
Key Down;S;1076711
Key Up;Q;1076735
Key Up;S;1076935
Key Down;Q;1077167
Key Up;Q;1077439
Key Down;D;1077727
Key Down;S;1077927
Key Up;D;1078311
Key Up;S;1078399
Key Down;D;1091392
Key Down;Z;1091463
Key Up;Z;1091791
Key Down;Z;1092359
Key Up;Z;1092528
Key Down;Z;1092831
Key Up;D;1092991
Key Up;Z;1093055
Key Down;S;1093591
Key Up;S;1093759
Key Down;Z;1094343
Key Down;Q;1094688
Key Up;Q;1094832
Key Up;Z;1094959
Key Down;Q;1095951
Key Down;Z;1095999
Key Up;Q;1096047
Key Down;D;1096232
Key Up;Z;1096303
Key Down;S;1096799
Key Up;S;1097103
Key Up;D;1097175
Key Down;Z;1099463
Key Up;Z;1099600
Key Down;Z;1099839
Key Down;D;1099959
Key Up;Z;1100184
Key Down;Z;1100415
Key Up;D;1100583
Key Up;Z;1100671
Key Down;Z;1100936
Key Up;Z;1101055
Key Down;Q;1101424
Key Down;Z;1101527
Key Up;Z;1101639
Key Up;Q;1101743
Key Down;Z;1101815
Key Down;D;1101920
Key Up;Z;1102151
Key Up;D;1104327
Key Down;S;1107639
Key Down;D;1108184
Key Up;D;1108295
Key Down;Q;1108512
Key Up;Q;1108719
Key Down;D;1108927
Key Up;D;1109023
Key Up;S;1109128
Key Down;D;1109423
Key Up;D;1109632
Key Down;Z;1110351
Key Down;Q;1110575
Key Up;Z;1110639
Key Up;Q;1110831
Key Down;S;1111167
Key Down;Q;1111416
Key Up;Q;1111679
Key Up;S;1111912
Key Down;Z;1112319
Key Up;Z;1112663
Key Down;D;1112671
Key Down;S;1113039
Key Up;D;1113063
Key Up;S;1116727
Key Down;Z;1116903
Key Up;Z;1117783
Key Down;Q;1118423
Key Up;Q;1118431
Key Down;D;1118895
Key Up;D;1119111
Key Down;S;1119200
Key Down;D;1119847
Key Up;D;1120511
Key Down;D;1120631
Key Up;S;1120639
Key Up;D;1121383
Key Down;Q;1122175
Key Down;S;1122503
Key Up;S;1122640
Key Up;Q;1122727
Key Down;D;1123703
Key Down;S;1123743
Key Up;D;1123943
Key Down;Q;1124047
Key Up;S;1124399
Key Down;Z;1124711
Key Up;Z;1124919
Key Up;Q;1125863
Key Down;Q;1127463
Key Down;Z;1128135
Key Up;Q;1128384
Key Down;Q;1128607
Key Up;Z;1128663
Key Up;Q;1128832
Key Down;Z;1128840
Key Down;D;1128903
Key Up;Z;1129055
Key Down;S;1129487
Key Up;D;1129528
Key Down;Q;1129631
Key Up;Q;1129935
Key Down;D;1130183
Key Up;S;1130223
Key Down;Z;1130359
Key Up;D;1130455
Key Down;D;1130935
Key Up;Z;1130975
Key Down;S;1131383
Key Up;D;1131623
Key Down;Q;1131647
Key Up;S;1131671
Key Down;S;1132016
Key Up;S;1132127
Key Down;Z;1133175
Key Up;Z;1133351
Key Down;S;1133535
Key Up;Q;1133560
Key Up;S;1133695
Key Down;Q;1134207
Key Down;Z;1134295
Key Up;Q;1134503
Key Down;Q;1134687
Key Up;Z;1134959
Key Up;Q;1135135
Key Down;S;1135199
Key Up;S;1135223
Key Down;D;1136135
Key Down;S;1136360
Key Up;D;1136711
Key Up;S;1136823
Key Down;Z;1137431
Key Up;Z;1137815
Key Down;Q;1137919
Key Up;Q;1138231
Key Down;S;1138239
Key Up;S;1138351
Key Down;D;1138783
Key Down;S;1138999
Key Up;D;1139815
Key Down;Q;1140567
Key Up;S;1140655
Key Up;Q;1141095
Key Down;D;1141103
Key Down;Z;1141159
Key Up;D;1141231
Key Down;D;1142927
Key Up;Z;1143471
Key Down;S;1144720
Key Up;D;1144999
Key Down;D;1145423
Key Up;S;1145647
Key Down;Z;1146151
Key Up;D;1147079
Key Up;Z;1147711
Key Down;S;1147999
Key Down;Q;1148031
Key Up;S;1148271
Key Down;S;1148639
Key Up;S;1148807
Key Down;S;1149199
Key Up;S;1149487
Key Down;S;1150471
Key Up;Q;1151111
Key Down;Q;1151439
Key Up;S;1151559
Key Up;Q;1151719
Key Down;S;1158839
Key Down;D;1159127
Key Up;S;1159343
Key Down;S;1159703
Key Up;D;1159823
Key Up;S;1161135
Key Down;D;1161423
Key Down;Z;1161519
Key Up;Z;1161583
Key Up;D;1161679
Key Down;Q;1161887
Key Up;Q;1162183
Key Down;D;1162351
Key Down;S;1162879
Key Up;D;1162927
Key Up;S;1163567
Key Down;Z;1163943
Key Up;Z;1164175
Key Down;Z;1164599
Key Down;D;1164831
Key Up;Z;1164903
Key Up;D;1165078
Key Down;Q;1165215
Key Down;S;1165367
Key Up;Q;1165943
Key Down;Q;1166375
Key Up;Q;1166559
Key Up;S;1167447
Key Down;S;1167999
Key Up;S;1168327
Key Down;Z;1168543
Key Up;Z;1168887
Key Down;D;1169719
Key Down;S;1169727
Key Up;D;1169983
Key Down;Q;1170383
Key Up;Q;1170559
Key Down;D;1171231
Key Up;D;1171311
Key Down;Q;1171407
Key Up;Q;1171711
Key Down;D;1171815
Key Up;D;1172079
Key Down;Q;1172159
Key Up;Q;1172447
Key Up;S;1172511
Key Down;Q;1173367
Key Down;S;1173791
Key Up;Q;1174111
Key Up;S;1174183
Key Down;Z;1174391
Key Down;D;1174399
Key Up;Z;1174639
Key Up;D;1174695
Key Down;Z;1174998
Key Down;D;1175031
Key Up;Z;1175199
Key Down;S;1175599
Key Up;D;1175687
Key Down;Q;1175783
Key Up;S;1175863
Key Down;Z;1176071
Key Up;Q;1176294
Key Up;Z;1176319
Key Down;Q;1176615
Key Down;S;1176887
Key Up;Q;1177015
Key Up;S;1177350
Key Down;Q;1177391
Key Up;Q;1177503
Key Down;D;1177679
Key Down;Z;1177735
Key Up;D;1177879
Key Up;Z;1177935
Key Down;S;1178503
Key Down;D;1178543
Key Up;D;1178583
Key Up;S;1178663
Key Down;Z;1179056
Key Down;D;1179063
Key Up;Z;1179223
Key Down;S;1179375
Key Up;D;1179655
Key Up;S;1179750
Key Down;Z;1180111
Key Down;Q;1180119
Key Up;Q;1180223
Key Up;Z;1180319
Key Down;Q;1180687
Key Up;Q;1180719
Key Down;Q;1180879
Key Up;Q;1180999
Key Down;S;1181215
Key Down;D;1181534
Key Up;D;1181598
Key Up;S;1181911
Key Down;Q;1182055
Key Down;Z;1182079
Key Up;Z;1182103
Key Down;Z;1182111
Key Up;Q;1182175
Key Down;Q;1182903
Key Up;Z;1183007
Key Up;Q;1183039
Key Down;Z;1183503
Key Down;D;1183599
Key Up;Z;1183647
Key Up;D;1183727
Key Down;Q;1184391
Key Up;Q;1184647
Key Down;S;1184743
Key Down;Q;1184927
Key Up;Q;1185223
Key Down;Q;1185550
Key Up;S;1185590
Key Down;S;1185751
Key Up;Q;1185967
Key Up;S;1185983
Key Down;S;1186263
Key Up;S;1186510
Key Down;D;1186607
Key Up;D;1186774
Key Down;D;1187175
Key Down;S;1187262
Key Up;D;1187710
Key Up;S;1187943
Key Down;Z;1188055
Key Down;Q;1188391
Key Up;Q;1188631
Key Up;Z;1189007
Key Down;Q;1193759
Key Up;Q;1195103
Key Down;Q;1196095
Key Down;Z;1196319
Key Up;Q;1196462
Key Down;D;1197367
Key Up;Z;1197654
Key Up;D;1197783
Key Down;Z;1197799
Key Up;Z;1197847
Key Down;Q;1198686
Key Up;Q;1198855
Key Down;Q;1199095
Key Down;Z;1199527
Key Up;Z;1199639
Key Down;S;1199807
Key Up;Q;1199823
Key Up;S;1199975
Key Down;Q;1200167
Key Down;Z;1200495
Key Up;Q;1200759
Key Up;Z;1201287
Key Down;D;1203199
Key Up;D;1203575
Key Down;Z;1203671
Key Up;Z;1203887
Key Down;D;1204399
Key Down;Z;1204510
Key Up;D;1204558
Key Up;Z;1204767
Key Down;S;1207030
Key Down;D;1207406
Key Up;S;1207543
Key Down;S;1207967
Key Up;D;1208351
Key Down;Q;1208687
Key Up;S;1208711
Key Up;Q;1209159
Key Down;S;1209407
Key Up;S;1209527
Key Down;D;1209567
Key Down;S;1209575
Key Up;S;1209791
Key Down;S;1210119
Key Up;D;1210151
Key Up;S;1210231
Key Down;Z;1210415
Key Down;Q;1211423
Key Up;Q;1211615
Key Down;D;1211735
Key Up;Z;1211911
Key Down;S;1212206
Key Up;D;1212727
Key Up;S;1213151
Key Down;Q;1213303
Key Down;S;1213407
Key Up;S;1213590
Key Down;S;1214223
Key Up;Q;1214335
Key Up;S;1214367
Key Down;S;1216439
Key Up;S;1216591
Key Down;Q;1217391
Key Up;Q;1217543
Key Down;Z;1218463
Key Down;D;1218518
Key Up;D;1218991
Key Down;Q;1219567
Key Up;Z;1220151
Key Up;Q;1220231
Key Down;E;1220271
Key Up;E;1220399
Key Down;Z;1220526
Key Down;D;1220574
Key Up;Z;1220767
Key Down;Z;1221423
Key Up;D;1221439
Key Up;Z;1221542
Key Down;S;1221759
Key Up;S;1222015
Key Down;Z;1222263
Key Down;D;1223887
Key Up;Z;1223911
Key Down;S;1224967
Key Up;D;1225159
Key Up;S;1225183
Key Down;Q;1225471
Key Down;S;1225630
Key Up;Q;1225662
Key Down;D;1225815
Key Up;S;1226023
Key Down;Z;1226239
Key Up;D;1226319
Key Up;Z;1226407
Key Down;S;1226655
Key Down;Q;1226743
Key Up;S;1226823
Key Up;Q;1226902
Key Down;D;1226950
Key Down;Z;1227038
Key Up;Z;1227535
Key Down;S;1227807
Key Up;S;1229406
Key Up;D;1229487
Key Down;Q;1237150
Key Down;Z;1237303
Key Up;Q;1237535
Key Up;Z;1237751
Key Down;Q;1237839
Key Up;Q;1238039
Key Down;S;1238047
Key Down;D;1238574
Key Up;D;1238727
Key Up;S;1239039
Key Down;Z;1239359
Key Up;Z;1239519
Key Down;S;1239782
Key Up;S;1240911
Key Down;S;1243263
Key Up;S;1243390
Key Down;D;1243887
Key Up;D;1244031
Key Down;S;1244439
Key Up;S;1244575
Key Down;Q;1245006
Key Down;Z;1245143
Key Up;Q;1245183
Key Up;Z;1245310
Key Down;S;1246191
Key Up;S;1246231
Key Down;D;1247583
Key Down;S;1247591
Key Up;S;1248350
Key Up;D;1248366
Key Down;Q;1248551
Key Down;S;1248926
Key Up;S;1249103
Key Down;S;1249167
Key Up;Q;1249231
Key Up;S;1249254
Key Down;D;1250006
Key Down;Z;1250135
Key Up;D;1250359
Key Up;Z;1250406
Key Down;Q;1252135
Key Down;S;1252398
Key Up;Q;1252494
Key Up;S;1252559
Key Down;D;1253063
Key Up;D;1253479
Key Down;Q;1254270
Key Down;S;1254598
Key Up;Q;1254654
Key Up;S;1254727
Key Down;D;1254759
Key Up;D;1254807
Key Down;D;1255759
Key Down;Z;1255879
Key Up;D;1255975
Key Up;Z;1255998
Key Down;S;1257414
Key Up;S;1257615
Key Down;Z;1258039
Key Down;D;1258303
Key Up;Z;1258478
Key Up;D;1258663
Key Down;D;1259119
Key Up;D;1259278
Key Down;Q;1259655
Key Up;Q;1259871
Key Down;D;1260231
Key Down;Z;1260470
Key Up;D;1260534
Key Up;Z;1260655
Key Down;Q;1261254
Key Up;Q;1261518
Key Down;Q;1261614
Key Up;Q;1261991
Key Down;Q;1263527
Key Up;Q;1263567
Key Down;D;1263879
Key Down;Z;1263911
Key Up;D;1264766
Key Up;Z;1265031
Key Down;S;1265270
Key Up;S;1265678
Key Down;S;1266175
Key Down;D;1266247
Key Up;D;1266334
Key Up;S;1266382
Key Down;S;1266958
Key Down;D;1267295
Key Up;S;1267415
Key Down;S;1267695
Key Up;D;1268039
Key Up;S;1269350
Key Down;S;1270119
Key Down;D;1270255
Key Up;S;1270574
Key Down;S;1270703
Key Up;D;1270751
Key Down;Q;1270831
Key Up;S;1271110
Key Down;Z;1271439
Key Up;Z;1271622
Key Up;Q;1271630
Key Down;Q;1272247
Key Up;Q;1273015
Key Down;S;1273055
Key Up;S;1273302
Key Down;Z;1273750
Key Down;D;1273846
Key Up;Z;1274103
Key Up;D;1274198
Key Down;Q;1274246
Key Down;S;1274270
Key Up;Q;1275158
Key Down;D;1275351
Key Up;S;1275487
Key Down;Z;1275750
Key Up;D;1276167
Key Down;D;1276687
Key Up;Z;1277023
Key Down;Z;1277334
Key Up;Z;1277622
Key Up;D;1279031
Key Down;Q;1279223
Key Up;Q;1279463
Key Down;Q;1280615
Key Down;S;1280695
Key Up;Q;1280895
Key Up;S;1281095
Key Down;D;1281582
Key Down;Z;1281598
Key Up;Z;1281806
Key Down;S;1282351
Key Up;D;1282471
Key Up;S;1282503
Key Down;Z;1282702
Key Up;Z;1283111
Key Down;S;1283294
Key Up;S;1283447
Key Down;Z;1283862
Key Up;Z;1284335
Key Down;S;1284582
Key Up;S;1285199
Key Down;S;1285982
Key Up;S;1286735
Key Down;S;1297334
Key Down;D;1297950
Key Up;S;1298046
Key Up;D;1298359
Key Down;S;1298766
Key Down;Q;1298814
Key Up;S;1298830
Key Down;Z;1298999
Key Up;Q;1299238
Key Down;Q;1299463
Key Up;Q;1299559
Key Up;Z;1299871
Key Down;S;1300686
Key Down;D;1301263
Key Up;S;1301526
Key Up;D;1301791
Key Down;D;1303222
Key Down;S;1304015
Key Up;D;1304143
Key Down;D;1304967
Key Up;S;1305103
Key Up;D;1305406
Key Down;Q;1305471
Key Down;S;1305615
Key Up;Q;1305838
Key Down;D;1306054
Key Up;S;1306190
Key Up;D;1306255
Key Down;Z;1309039
Key Down;D;1309127
Key Up;Z;1309615
Key Down;S;1310047
Key Up;S;1310438
Key Up;D;1310598
Key Down;Z;1310662
Key Up;Z;1310911
Key Down;Q;1311047
Key Up;Q;1311255
Key Down;S;1311279
Key Down;D;1311638
Key Up;S;1311758
Key Up;D;1311815
Key Down;Z;1313030
Key Down;D;1313366
Key Up;Z;1313438
Key Up;D;1313679
Key Down;Q;1313687
Key Down;S;1313918
Key Up;Q;1314118
Key Down;D;1314206
Key Up;S;1314343
Key Up;D;1314470
Key Down;Z;1315559
Key Down;D;1315686
Key Up;Z;1315750
Key Up;D;1316031
Key Down;Q;1316246
Key Down;S;1316694
Key Up;Q;1316734
Key Up;S;1317007
Key Down;D;1317063
Key Up;D;1317150
Key Down;Z;1317471
Key Down;D;1317686
Key Up;Z;1317766
Key Up;D;1318183
Key Down;Q;1318239
Key Up;Q;1318782
Key Down;S;1318951
Key Up;S;1319054
Key Down;D;1319070
Key Up;D;1319118
Key Down;Z;1319535
Key Down;D;1319647
Key Up;Z;1319743
Key Down;S;1321231
Key Up;D;1321302
Key Up;S;1321390
Key Down;Q;1321766
Key Down;Z;1321854
Key Up;Z;1321959
Key Down;S;1322262
Key Up;S;1322631
Key Down;S;1322942
Key Up;Q;1323014
Key Up;S;1323143
Key Down;Z;1323446
Key Down;D;1323878
Key Up;Z;1323966
Key Up;D;1324135
Key Down;Q;1324302
Key Up;Q;1324431
Key Down;D;1324495
Key Up;D;1324790
Key Down;D;1324959
Key Up;D;1325054
Key Down;D;1325287
Key Up;D;1325918
Key Down;D;1326895
Key Up;D;1327375
Key Down;Q;1327519
Key Down;Z;1327863
Key Up;Z;1328038
Key Down;Z;1328662
Key Up;Q;1328758
Key Down;D;1329207
Key Up;Z;1329591
Key Up;D;1329615
Key Down;Q;1330103
Key Down;Z;1330143
Key Up;Q;1330295
Key Down;D;1330478
Key Up;D;1330622
Key Down;D;1330910
Key Up;Z;1330942
Key Down;Z;1331375
Key Up;D;1331534
Key Up;Z;1331662
Key Down;D;1331871
Key Up;D;1331998
Key Down;Q;1332302
Key Down;Z;1332638
Key Up;Z;1332879
Key Down;S;1333078
Key Up;Q;1333118
Key Up;S;1333126
Key Down;D;1333254
Key Up;D;1333399
Key Down;D;1333678
Key Up;D;1333791
Key Down;Z;1334302
Key Down;Q;1334430
Key Up;Z;1334463
Key Up;Q;1334646
Key Down;D;1335774
Key Up;D;1335846
Key Down;Z;1335943
Key Down;D;1335982
Key Up;Z;1336126
Key Up;D;1336151
Key Down;S;1336886
Key Up;S;1337134
Key Down;Q;1337262
Key Up;Q;1337422
Key Down;D;1342431
Key Down;Z;1342822
Key Up;Z;1343126
Key Down;S;1343383
Key Up;D;1343391
Key Down;Q;1343726
Key Up;Q;1344150
Key Up;S;1344238
Key Down;Z;1344606
Key Down;D;1344614
Key Up;D;1344702
Key Up;Z;1344799
Key Down;Q;1344990
Key Down;S;1345070
Key Up;S;1345791
Key Up;Q;1346030
Key Down;D;1346143
Key Down;S;1346342
Key Up;D;1346446
Key Up;S;1346494
Key Down;D;1348942
Key Up;D;1349214
Key Down;Q;1349879
Key Up;Q;1350167
Key Down;Q;1350479
Key Up;Q;1350582
Key Down;S;1351390
Key Down;Q;1351670
Key Up;Q;1351790
Key Up;S;1351894
Key Down;D;1351902
Key Down;Z;1352382
Key Up;Z;1352958
Key Down;Z;1353759
Key Up;Z;1354102
Key Down;Z;1354543
Key Up;Z;1354726
Key Down;Z;1355166
Key Up;D;1355174
Key Down;Q;1355318
Key Up;Z;1355438
Key Up;Q;1355726
Key Down;D;1355734
Key Down;Z;1355958
Key Up;D;1356070
Key Up;Z;1356270
Key Down;E;1357174
Key Up;E;1357278
Key Down;S;1357431
Key Down;Q;1357614
Key Up;Q;1358086
Key Down;Q;1358206
Key Up;Q;1358334
Key Down;Q;1358446
Key Up;S;1358750
Key Down;S;1359886
Key Up;Q;1360215
Key Down;D;1360950
Key Up;D;1361110
Key Down;Q;1362935
Key Up;Q;1363135
Key Up;S;1363750
Key Down;Z;1364006
Key Down;D;1364110
Key Up;D;1364319
Key Up;Z;1366582
Key Down;Q;1366671
Key Down;S;1366870
Key Up;Q;1366910
Key Up;S;1368414
Key Down;Z;1368567
Key Down;Tab;1370790
Key Up;Tab;1370934
Key Down;Q;1371126
Key Up;Z;1371534
Key Down;Z;1372230
Key Up;Z;1372670
Key Down;Z;1373390
Key Up;Q;1373510
Key Up;Z;1373574
Key Down;D;1373710
Key Down;S;1373750
Key Up;S;1374206
Key Down;S;1374774
Key Up;S;1375350
Key Down;S;1375742
Key Up;D;1376438
Key Down;D;1378470
Key Up;S;1378759
Key Up;D;1378830
Key Down;D;1386286
Key Up;D;1386807
Key Down;Q;1386926
Key Up;Q;1387022
Key Down;Q;1387446
Key Up;Q;1387558
Key Down;Q;1388895
Key Down;S;1389158
Key Up;Q;1389334
Key Up;S;1389407
Key Down;D;1390134
Key Down;Z;1390295
Key Up;Z;1390350
Key Up;D;1390398
Key Down;D;1390822
Key Down;Z;1391358
Key Up;Z;1391446
Key Up;D;1391638
Key Down;D;1391926
Key Down;S;1392374
Key Up;D;1392550
Key Up;S;1392574
Key Down;Q;1392631
Key Down;S;1392846
Key Up;Q;1392974
Key Down;Q;1393230
Key Up;S;1393334
Key Up;Q;1393502
Key Down;Z;1393550
Key Down;Q;1393638
Key Up;Z;1393662
Key Up;Q;1393790
Key Down;S;1394054
Key Up;S;1394166
Key Down;D;1394214
Key Up;D;1394598
Key Down;Z;1394942
Key Up;Z;1395206
Key Down;S;1395367
Key Down;D;1395742
Key Up;S;1395966
Key Up;D;1396022
Key Down;D;1396207
Key Up;D;1396470
Key Down;S;1396510
Key Up;S;1396679
Key Down;D;1396687
Key Up;D;1396886
Key Down;D;1397086
Key Down;Z;1397110
Key Up;D;1397246
Key Down;Q;1397966
Key Up;Z;1398006
Key Down;S;1398182
Key Up;S;1398262
Key Up;Q;1398590
Key Down;Q;1398982
Key Down;Z;1399070
Key Up;Q;1399134
Key Up;Z;1399222
Key Down;S;1399438
Key Down;Q;1399446
Key Up;S;1399550
Key Up;Q;1399662
Key Down;S;1399710
Key Up;S;1399862
Key Down;Q;1399942
Key Down;Z;1400087
Key Up;Q;1400119
Key Down;D;1400246
Key Up;Z;1400398
Key Down;Z;1400678
Key Up;Z;1400830
Key Down;S;1401438
Key Up;D;1401958
Key Down;Q;1402046
Key Up;S;1402230
Key Down;S;1402334
Key Up;Q;1402438
Key Down;D;1402638
Key Up;S;1402694
Key Down;Z;1402911
Key Up;Z;1403262
Key Up;D;1403622
Key Down;Q;1403654
Key Up;Q;1403766
Key Down;D;1403774
Key Down;Z;1403814
Key Up;D;1403902
Key Down;Q;1404126
Key Up;Z;1404198
Key Down;S;1404502
Key Up;Q;1404598
Key Down;Q;1405118
Key Up;S;1405150
Key Down;Z;1405366
Key Up;Z;1405486
Key Down;S;1405686
Key Up;Q;1405886
Key Up;S;1406054
Key Down;Z;1406502
Key Down;D;1406654
Key Up;Z;1406934
Key Up;D;1407574
Key Down;Q;1407854
Key Up;Q;1408062
Key Down;Q;1408670
Key Down;S;1408982
Key Up;Q;1409102
Key Up;S;1409382
Key Down;Z;1409830
Key Up;Z;1410214
Key Down;D;1410230
Key Up;D;1410238
Key Down;D;1410382
Key Down;S;1410654
Key Up;D;1410998
Key Up;S;1411046
Key Down;Q;1411374
Key Down;Z;1411510
Key Up;Q;1411606
Key Up;Z;1411718
Key Down;Q;1413006
Key Down;S;1413494
Key Up;Q;1413518
Key Up;S;1413646
Key Down;D;1414374
Key Up;D;1414542
Key Down;D;1414766
Key Up;D;1414838
Key Down;D;1415678
Key Up;D;1415878
Key Down;D;1416134
Key Down;Z;1416366
Key Up;D;1416454
Key Up;Z;1416926
Key Down;Z;1417574
Key Down;D;1417686
Key Up;Z;1417726
Key Down;S;1418038
Key Up;S;1418422
Key Down;Z;1418878
Key Up;D;1418974
Key Up;Z;1418998
Key Down;Q;1419278
Key Up;Q;1419430
Key Down;S;1419654
Key Up;S;1419718
Key Down;D;1420358
Key Down;Z;1420438
Key Up;Z;1421037
Key Up;D;1421046
Key Down;D;1421518
Key Up;D;1421686
Key Down;Q;1421806
Key Up;Q;1422158
Key Down;S;1422254
Key Up;S;1422374
Key Down;Q;1422806
Key Up;Q;1422934
Key Down;S;1423022
Key Up;S;1423230
Key Down;Q;1423326
Key Up;Q;1423430
Key Down;D;1424334
Key Down;Z;1424422
Key Up;Z;1424742
Key Up;D;1424870
Key Down;Z;1425326
Key Down;D;1425334
Key Up;Z;1425534
Key Up;D;1425774
Key Down;E;1427486
Key Up;E;1427606
Key Down;Q;1427766
Key Down;S;1428054
Key Up;S;1428366
Key Down;Z;1429270
Key Up;Z;1429350
Key Up;Q;1429886
Key Down;E;1432654
Key Up;E;1432742
Key Down;Q;1433054
Key Up;Q;1433414
Key Down;Z;1434062
Key Down;Q;1434134
Key Up;Q;1434510
Key Up;Z;1435582
Key Down;S;1435918
Key Down;Q;1435958
Key Up;S;1435998
Key Up;Q;1436006
Key Down;S;1436790
Key Up;S;1437502
Key Down;Q;1437886
Key Up;Q;1438062
Key Down;S;1438070
Key Down;Q;1438222
Key Up;S;1438390
Key Down;Z;1438637
Key Up;Q;1438838
Key Up;Z;1439398
Key Down;S;1439606
Key Up;S;1440382
Key Down;Z;1440605
Key Up;Z;1440654
Key Down;Q;1441550
Key Up;Q;1441774
Key Down;S;1442070
Key Down;D;1442134
Key Up;D;1442414
Key Up;S;1442614
Key Down;Q;1443982
Key Down;Z;1443998
Key Up;Z;1444438
Key Up;Q;1444606
Key Down;D;1452030
Key Down;S;1452214
Key Up;D;1452222
Key Down;D;1452454
Key Up;S;1452918
Key Up;D;1453414
Key Down;S;1453558
Key Up;S;1453742
Key Down;Q;1455918
Key Down;Z;1455958
Key Up;Q;1456398
Key Up;Z;1456686
Key Down;D;1461294
Key Up;D;1461398
Key Down;Q;1461446
Key Up;Q;1463006
Key Down;S;1463302
Key Down;Q;1463437
Key Up;S;1463886
Key Down;S;1464486
Key Up;Q;1464726
Key Down;D;1465190
Key Up;D;1465286
Key Up;S;1465526
Key Down;D;1465742
Key Down;Z;1465934
Key Up;D;1466278
Key Down;D;1466477
Key Up;Z;1466518
Key Down;S;1466854
Key Up;D;1467070
Key Down;Q;1467086
Key Up;S;1467206
Key Down;S;1467350
Key Up;Q;1467422
Key Up;S;1467462
Key Down;D;1467518
Key Down;Z;1467606
Key Up;D;1467726
Key Down;D;1467926
Key Up;D;1468406
Key Down;Q;1468437
Key Up;Z;1468710
Key Down;Z;1469782
Key Up;Z;1470102
Key Down;Z;1470230
Key Up;Q;1470390
Key Down;D;1471182
Key Up;Z;1471358
Key Down;S;1471790
Key Up;D;1471934
Key Down;Q;1472006
Key Up;S;1472366
Key Down;S;1472862
Key Up;S;1473046
Key Down;S;1473318
Key Up;Q;1473342
Key Up;S;1473446
Key Down;Q;1473590
Key Down;Z;1473766
Key Up;Z;1473950
Key Down;Z;1474286
Key Up;Q;1474558
Key Up;Z;1475270
Key Down;D;1475342
Key Down;S;1475622
Key Up;D;1475630
Key Down;D;1476198
Key Up;S;1476254
Key Up;D;1476422
Key Down;Echap;1477990
Key Up;Echap;1478142
Key Down;Z;1484302
Key Down;D;1484990
Key Up;D;1485390
Key Down;D;1486526
Key Up;D;1486893
Key Up;Z;1486934
Key Down;Q;1487142
Key Down;S;1487390
Key Up;Q;1487686
Key Down;Q;1487854
Key Up;Q;1487941
Key Up;S;1487957
Key Down;Q;1488190
Key Up;Q;1488341
Key Down;D;1488814
Key Down;Z;1488854
Key Up;Z;1489230
Key Down;S;1489686
Key Up;S;1489998
Key Up;D;1490222
Key Down;Z;1490230
Key Down;Q;1490510
Key Up;Z;1490702
Key Down;S;1491158
Key Up;S;1491366
Key Down;Z;1491622
Key Up;Z;1492030
Key Up;Q;1492357
Key Down;D;1492438
Key Up;D;1492494
Key Down;D;1492701
Key Down;Z;1492814
Key Up;D;1492886
Key Up;Z;1493054
Key Down;S;1493350
Key Up;S;1493454
Key Down;Z;1493782
Key Up;Z;1494166
Key Down;Q;1494470
Key Up;Q;1494646
Key Down;D;1494845
Key Down;S;1494990
Key Up;D;1495102
Key Down;Q;1495558
Key Up;S;1495694
Key Down;S;1495894
Key Up;Q;1495934
Key Up;S;1496606
Key Down;Z;1496909
Key Down;Q;1497365
Key Up;Q;1497958
Key Up;Z;1498022
Key Down;D;1498181
Key Up;D;1498302
Key Down;S;1498630
Key Up;S;1498726
Key Down;D;1500134
Key Down;Z;1500286
Key Up;D;1500789
Key Down;Q;1501206
Key Up;Z;1501494
Key Up;Q;1501502
Key Down;S;1502038
Key Down;Q;1502190
Key Up;S;1502286
Key Down;Z;1502710
Key Up;Q;1502877
Key Up;Z;1503134
Key Down;S;1503613
Key Up;S;1503758
Key Down;Z;1504358
Key Down;Q;1504638
Key Up;Q;1504670
Key Down;D;1504710
Key Up;Z;1504718
Key Down;Z;1504909
Key Up;D;1504965
Key Down;Q;1505126
Key Up;Q;1505445
Key Down;D;1505574
Key Up;D;1506094
Key Up;Z;1506230
Key Down;Q;1506301
Key Down;S;1506374
Key Up;Q;1507069
Key Up;S;1507454
Key Down;Z;1508846
Key Up;Z;1508933
Key Down;Echap;1509078
Key Up;Echap;1509205
Key Down;S;1512902
Key Down;D;1512990
Key Up;S;1513142
Key Down;Z;1514166
Key Up;D;1514302
Key Up;Z;1514358
Key Down;D;1515021
Key Down;Z;1515061
Key Up;D;1515470
Key Up;Z;1515478
Key Down;S;1515725
Key Down;Q;1515846
Key Up;Q;1515990
Key Down;Q;1516894
Key Up;S;1518205
Key Up;Q;1518717
Key Down;S;1519830
Key Down;D;1519838
Key Up;D;1520118
Key Up;S;1520150
Key Down;Q;1520614
Key Up;Q;1520797
Key Down;D;1526334
Key Down;S;1526541
Key Up;D;1527189
Key Up;S;1527277
Key Down;Z;1527421
Key Down;Q;1527566
Key Up;Q;1527837
Key Up;Z;1527862
Key Down;Q;1528254
Key Down;Z;1528302
Key Up;Q;1528398
Key Up;Z;1528429
Key Down;D;1529517
Key Down;S;1529774
Key Up;D;1530342
Key Up;S;1530926
Key Down;S;1535646
Key Up;S;1535766
Key Down;E;1536582
Key Up;E;1536670
Key Down;Z;1536958
Key Down;D;1537237
Key Up;Z;1537261
Key Up;D;1537406
Key Down;Q;1537430
Key Down;Z;1537862
Key Up;Q;1537918
Key Down;D;1537973
Key Up;Z;1538021
Key Down;S;1538710
Key Up;D;1538957
Key Up;S;1538989
Key Down;Q;1539742
Key Down;Z;1539894
Key Up;Q;1539902
Key Up;Z;1539942
Key Down;D;1540430
Key Up;D;1540638
Key Down;D;1541021
Key Down;Z;1541109
Key Up;Z;1541270
Key Up;D;1541453
Key Down;Z;1541749
Key Up;Z;1542214
Key Down;S;1542453
Key Down;D;1542726
Key Up;D;1542829
Key Up;S;1543166
Key Down;S;1543485
Key Up;S;1544198
Key Down;Z;1544974
Key Down;D;1545510
Key Up;D;1545750
Key Up;Z;1545918
Key Down;Q;1545942
Key Up;Q;1546102
Key Down;Q;1547645
Key Up;Q;1547774
Key Down;D;1548909
Key Down;Z;1549637
Key Up;Z;1549846
Key Up;D;1550006
Key Down;Q;1550117
Key Up;Q;1550542
Key Down;D;1562173
Key Down;S;1562446
Key Up;S;1562613
Key Up;D;1562621
Key Down;Q;1563350
Key Down;Z;1563398
Key Up;Q;1563478
Key Up;Z;1563526
Key Down;D;1564494
Key Down;S;1564541
Key Up;D;1564694
Key Down;Q;1564821
Key Up;Q;1564981
Key Down;D;1565238
Key Up;D;1565605
Key Up;S;1565734
Key Down;Z;1566069
Key Down;D;1566214
Key Up;Z;1566661
Key Down;Z;1566958
Key Up;Z;1567574
Key Down;Z;1568142
Key Up;D;1568205
Key Down;Q;1568269
Key Up;Z;1568309
Key Down;S;1568845
Key Up;S;1569022
Key Up;Q;1569293
Key Down;D;1569613
Key Down;Z;1569645
Key Up;D;1569878
Key Up;Z;1569958
Key Down;S;1570502
Key Down;Q;1570597
Key Up;S;1570734
Key Up;Q;1570750
Key Down;Q;1571141
Key Down;S;1571181
Key Up;Q;1571398
Key Up;S;1571422
Key Down;D;1571949
Key Up;D;1572158
Key Down;D;1572869
Key Down;Z;1572877
Key Up;D;1573061
Key Down;D;1573605
Key Up;D;1573966
Key Up;Z;1574150
Key Down;Q;1574662
Key Down;Z;1574725
Key Up;Q;1574894
Key Down;D;1575454
Key Up;D;1575597
Key Up;Z;1575846
Key Down;D;1576806
Key Down;Z;1576917
Key Up;Z;1577174
Key Down;Z;1577654
Key Up;D;1577741
Key Up;Z;1577886
Key Down;Q;1578158
Key Down;S;1578694
Key Up;S;1578909
Key Up;Q;1579182
Key Down;S;1579341
Key Down;D;1579533
Key Up;D;1579774
Key Up;S;1580102
Key Down;Z;1580501
Key Down;Q;1580525
Key Up;Q;1580606
Key Up;Z;1580622
Key Down;D;1580917
Key Up;D;1581525
Key Down;S;1581533
Key Up;S;1581598
Key Down;Z;1581798
Key Down;D;1582462
Key Up;Z;1582733
Key Up;D;1582773
Key Down;E;1584245
Key Up;E;1584365
Key Down;Q;1584661
Key Up;Q;1585125
Key Down;D;1586206
Key Down;S;1586238
Key Up;S;1586469
Key Down;Z;1586781
Key Up;D;1586829
Key Up;Z;1586989
Key Down;E;1587702
Key Up;E;1587813
Key Down;S;1588006
Key Down;Q;1588861
Key Up;Q;1589054
Key Down;D;1589854
Key Up;D;1590037
Key Up;S;1590069
Key Down;Q;1590838
Key Up;Q;1591150
Key Down;Z;1591437
Key Down;D;1592125
Key Up;D;1592278
Key Up;Z;1593782
Key Down;D;1594085
Key Up;D;1594190
Key Down;E;1594429
Key Up;E;1594509
Key Down;S;1594742
Key Down;Q;1594973
Key Up;Q;1595086
Key Down;Q;1596254
Key Up;Q;1596349
Key Up;S;1596397
Key Down;D;1597109
Key Up;D;1597589
Key Down;Q;1597829
Key Down;S;1598277
Key Up;Q;1598309
Key Down;D;1598502
Key Up;S;1598630
Key Up;D;1598750
Key Down;Q;1598949
Key Up;Q;1599165
Key Down;D;1600286
Key Down;S;1600517
Key Up;S;1600685
Key Up;D;1601038
Key Down;Q;1602173
Key Up;Q;1602270
Key Down;D;1603173
Key Down;S;1603837
Key Up;S;1603902
Key Up;D;1603910
Key Down;S;1604101
Key Up;S;1604374
Key Down;Z;1606613
Key Down;Q;1606902
Key Up;Z;1607525
Key Up;Q;1607910
Key Down;D;1608173
Key Up;D;1608518
Key Down;D;1624365
Key Down;Z;1625454
Key Down;Q;1625549
Key Up;D;1625557
Key Up;Z;1625621
Key Up;Q;1625645
Key Down;D;1625917
Key Up;D;1626093
Key Down;Z;1626214
Key Up;Z;1626325
Key Down;Z;1626550
Key Down;Q;1626653
Key Up;Q;1626781
Key Up;Z;1626941
Key Down;Q;1627245
Key Down;Z;1627381
Key Up;Q;1627542
Key Up;Z;1627685
Key Down;D;1633845
Key Down;Z;1633997
Key Up;Z;1634941
Key Down;Z;1635749
Key Up;D;1636030
Key Down;D;1636525
Key Up;D;1636765
Key Down;D;1637326
Key Up;Z;1637493
Key Up;D;1637501
Key Down;Q;1639637
Key Down;S;1639822
Key Up;Q;1639893
Key Up;S;1640117
Key Down;Z;1640757
Key Down;D;1640917
Key Up;Z;1641158
Key Down;Z;1641221
Key Up;D;1641269
Key Down;Q;1641285
Key Up;Q;1641469
Key Down;D;1641526
Key Up;Z;1641606
Key Down;S;1641926
Key Up;D;1641990
Key Down;D;1642181
Key Up;S;1642205
Key Down;S;1642302
Key Up;D;1642462
Key Down;Q;1642725
Key Up;S;1642734
Key Down;Z;1643006
Key Up;Q;1643046
Key Up;Z;1643381
Key Down;Q;1644349
Key Up;Q;1644709
Key Down;D;1644798
Key Up;D;1645637
Key Down;D;1646421
Key Down;S;1646749
Key Up;D;1646973
Key Down;D;1647325
Key Up;D;1647509
Key Down;D;1647750
Key Up;S;1647782
Key Down;Z;1648013
Key Up;Z;1648381
Key Up;D;1648717
Key Down;Q;1648806
Key Up;Q;1648885
Key Down;D;1649733
Key Up;D;1649909
Key Down;Q;1650022
Key Up;Q;1650109
Key Down;D;1650829
Key Up;D;1651109
Key Down;Q;1651518
Key Up;Q;1651589
Key Down;Z;1651821
Key Down;D;1652014
Key Up;Z;1652085
Key Up;D;1652181
Key Down;S;1652421
Key Down;Q;1652598
Key Up;S;1652685
Key Down;Z;1653126
Key Up;Z;1653221
Key Down;S;1653629
Key Up;S;1653901
Key Down;S;1654445
Key Up;Q;1654637
Key Up;S;1654741
Key Down;S;1655013
Key Up;S;1655349
Key Down;D;1656173
Key Down;Z;1656509
Key Up;D;1656637
Key Up;Z;1656725
Key Down;Q;1656886
Key Up;Q;1656926
Key Down;Q;1656998
Key Down;S;1657493
Key Up;S;1657925
Key Down;S;1658581
Key Up;Q;1658653
Key Down;D;1659261
Key Up;D;1659389
Key Down;Q;1659581
Key Up;Q;1659726
Key Down;D;1660013
Key Up;D;1660125
Key Down;Q;1660349
Key Up;Q;1660485
Key Up;S;1660565
Key Down;Z;1663021
Key Up;Z;1663149
Key Down;S;1664269
Key Up;S;1664317
Key Down;S;1665085
Key Down;D;1665502
Key Up;S;1665693
Key Down;S;1665813
Key Up;S;1665885
Key Down;Z;1666397
Key Up;Z;1666621
Key Up;D;1666798
Key Down;Q;1671837
Key Down;Z;1672173
Key Up;Z;1672309
Key Up;Q;1672613
Key Down;S;1672637
Key Up;S;1672990
Key Down;D;1674469
Key Down;Z;1674493
Key Up;Z;1674669
Key Up;D;1674741
Key Down;Z;1675061
Key Down;D;1675093
Key Up;D;1675205
Key Down;Q;1675381
Key Up;Z;1675421
Key Up;Q;1675502
Key Down;Q;1675821
Key Up;Q;1675957
Key Down;S;1676781
Key Down;Q;1677037
Key Up;S;1677565
Key Up;Q;1677909
Key Down;S;1677917
Key Up;S;1678085
Key Down;D;1680549
Key Down;Z;1680614
Key Up;D;1680781
Key Down;Q;1680893
Key Up;Z;1681141
Key Up;Q;1681293
Key Down;D;1681397
Key Down;Z;1681565
Key Up;D;1681685
Key Up;Z;1681717
Key Down;Q;1681733
Key Up;Q;1681917
Key Down;D;1682182
Key Down;S;1682357
Key Up;D;1682653
Key Up;S;1682917
Key Down;Left Alt;1688829
Key Down;Tab;1688950
Key Up;Tab;1689136
Key Up;Left Alt;1689149
