Event;Key;Time
Key Down;1;4107
Key Up;1;4243
Key Down;A;7131
Key Up;A;7642
Key Down;S;10075
Key Up;S;10179
Key Down;S;10507
Key Up;S;10619
Key Down;S;10843
Key Up;S;10963
Key Down;Bas;11435
Key Up;Bas;11563
Key Down;Droite;12379
Key Up;Droite;12499
Key Down;Haut;14723
Key Up;Haut;14811
Key Down;Gauche;15211
Key Up;Gauche;15315
Key Down;Haut;15595
Key Up;Haut;15747
Key Down;Droite;15939
Key Up;Droite;16035
Key Down;Haut;16371
Key Up;Haut;16467
Key Down;Droite;16739
Key Up;Droite;16835
Key Down;Haut;17555
Key Up;Haut;17659
Key Down;Bas;17995
Key Up;Bas;18099
Key Down;Droite;18675
Key Up;Droite;18803
Key Down;Droite;19059
Key Up;Droite;19211
Key Down;Bas;19443
Key Up;Bas;19547
Key Down;Haut;20299
Key Up;Haut;20411
Key Down;Gauche;20882
Key Up;Gauche;20987
Key Down;Droite;22763
Key Up;Droite;22890
Key Down;Bas;23051
Key Up;Bas;23123
Key Down;Gauche;23763
Key Up;Gauche;23882
Key Down;Droite;24051
Key Up;Droite;24171
Key Down;Gauche;24779
Key Up;Gauche;24882
Key Down;Haut;26635
Key Up;Haut;26739
Key Down;Droite;27019
Key Up;Droite;27123
Key Down;Haut;27427
Key Up;Haut;27531
Key Down;Gauche;27691
Key Up;Gauche;27819
Key Down;Bas;28506
Key Up;Bas;28635
Key Down;Haut;29187
Key Up;Haut;29314
Key Down;Droite;29739
Key Up;Droite;29843
Key Down;Gauche;30211
Key Up;Gauche;30226
Key Down;Droite;30634
Key Up;Droite;30779
Key Down;Haut;32131
Key Up;Haut;32242
Key Down;Droite;32459
Key Up;Droite;32595
Key Down;Haut;33243
Key Up;Haut;33315
Key Down;Gauche;35475
Key Up;Gauche;35571
Key Down;Bas;37211
Key Up;Bas;37315
Key Down;Gauche;37668
Key Up;Gauche;37779
Key Down;Haut;38667
Key Up;Haut;38787
Key Down;Gauche;44570
Key Up;Gauche;44643
Key Down;Gauche;45043
Key Up;Gauche;45139
Key Down;Haut;45475
Key Up;Haut;45571
Key Down;Gauche;45875
Key Up;Gauche;45947
Key Down;Bas;46755
Key Up;Bas;46843
Key Down;Droite;47187
Key Up;Droite;47299
Key Down;Haut;47971
Key Up;Haut;48019
Key Down;Droite;48315
Key Down;Bas;48418
Key Up;Droite;48451
Key Up;Bas;48522
Key Down;Haut;48923
Key Up;Haut;49003
Key Down;Gauche;52971
Key Up;Gauche;53075
Key Down;Gauche;53419
Key Up;Gauche;53523
Key Down;Gauche;54179
Key Up;Gauche;54275
Key Down;Haut;55867
Key Up;Haut;55987
Key Down;Bas;56323
Key Up;Bas;56419
Key Down;Droite;56707
Key Up;Droite;56794
Key Down;Haut;57387
Key Up;Haut;57475
Key Down;Gauche;58802
Key Up;Gauche;58923
Key Down;Haut;60131
Key Up;Haut;60243
Key Down;Gauche;60475
Key Up;Gauche;60579
Key Down;Haut;61107
Key Up;Haut;61251
Key Down;Gauche;63611
Key Up;Gauche;63715
Key Down;Haut;63987
Key Up;Haut;64099
Key Down;Bas;64611
Key Up;Bas;64747
Key Down;Droite;65011
Key Up;Droite;65091
Key Down;Haut;65579
Key Up;Haut;65715
Key Down;Gauche;65979
Key Up;Gauche;66115
Key Down;Droite;66498
Key Up;Droite;66651
Key Down;Bas;66931
Key Up;Bas;67035
Key Down;Droite;67243
Key Up;Droite;67363
Key Down;Gauche;67946
Key Up;Gauche;68051
Key Down;Haut;68195
Key Up;Haut;68275
Key Down;Droite;68547
Key Up;Droite;68667
Key Down;Bas;69731
Key Up;Bas;69899
Key Down;Droite;70066
Key Up;Droite;70171
Key Down;Haut;70387
Key Up;Haut;70498
Key Down;Droite;70715
Key Up;Droite;70827
Key Down;Bas;71547
Key Up;Bas;71690
Key Down;Gauche;72027
Key Up;Gauche;72115
Key Down;Bas;72571
Key Up;Bas;72667
Key Down;Gauche;73066
Key Up;Gauche;73147
Key Down;Haut;73738
Key Up;Haut;73827
Key Down;Bas;80947
Key Up;Bas;81034
Key Down;Droite;81755
Key Up;Droite;81867
Key Down;Haut;82075
Key Up;Haut;82202
Key Down;Droite;82491
Key Up;Droite;82579
Key Down;Haut;82875
Key Up;Haut;82987
Key Down;Droite;83235
Key Up;Droite;83331
Key Down;Bas;84363
Key Up;Bas;84466
Key Down;Gauche;85106
Key Up;Gauche;85203
Key Down;Haut;86971
Key Up;Haut;87091
Key Down;Gauche;87626
Key Up;Gauche;87763
Key Down;Haut;87954
Key Up;Haut;88083
Key Down;Droite;90491
Key Up;Droite;90603
Key Down;Haut;91227
Key Up;Haut;91363
Key Down;Droite;91547
Key Up;Droite;91667
Key Down;Bas;92850
Key Up;Bas;93002
Key Down;Droite;93187
Key Up;Droite;93315
Key Down;Haut;94211
Key Up;Haut;94354
Key Down;Gauche;94539
Key Up;Gauche;94691
Key Down;Bas;95163
Key Up;Bas;95282
Key Down;Gauche;97115
Key Up;Gauche;97259
Key Down;Haut;97915
Key Up;Haut;98027
Key Down;Droite;98435
Key Up;Droite;98515
Key Down;Gauche;98666
Key Up;Gauche;98779
Key Down;Droite;99459
Key Up;Droite;99570
Key Down;Bas;99730
Key Up;Bas;99795
Key Down;Gauche;100083
Key Up;Gauche;100211
Key Down;Bas;100499
Key Up;Bas;100594
Key Down;Haut;101051
Key Up;Haut;101194
Key Down;1;107851
Key Up;1;107955
Key Down;Haut;113530
Key Up;Haut;113642
Key Down;Droite;114098
Key Up;Droite;114227
Key Down;Bas;114867
Key Up;Bas;114970
Key Down;Droite;115291
Key Up;Droite;115362
Key Down;Haut;116546
Key Up;Haut;116675
Key Down;Droite;116898
Key Up;Droite;116979
Key Down;Haut;117899
Key Up;Haut;117987
Key Down;Droite;118298
Key Up;Droite;118371
Key Down;Bas;119707
Key Up;Bas;119803
Key Down;Haut;119978
Key Up;Haut;120051
Key Down;Gauche;121379
Key Up;Gauche;121515
Key Down;Bas;122867
Key Up;Bas;122979
Key Down;Gauche;124963
Key Up;Gauche;125051
Key Down;Droite;125643
Key Up;Droite;125715
Key Down;Bas;125874
Key Up;Bas;125938
Key Down;Gauche;126675
Key Up;Gauche;126786
Key Down;Haut;129555
Key Up;Haut;129658
Key Down;Droite;130427
Key Up;Droite;130538
Key Down;Bas;130970
Key Up;Bas;131138
Key Down;Droite;131706
Key Up;Droite;131819
Key Down;Haut;132131
Key Up;Haut;132219
Key Down;Droite;132515
Key Up;Droite;132603
Key Down;Haut;132891
Key Up;Haut;132994
Key Down;Droite;133267
Key Up;Droite;133371
Key Down;Bas;133659
Key Up;Bas;133755
Key Down;Droite;134091
Key Up;Droite;134154
Key Down;Droite;135010
Key Up;Droite;135106
Key Down;Bas;135451
Key Up;Bas;135554
Key Down;Droite;136003
Key Up;Droite;136075
Key Down;Haut;136946
Key Up;Haut;137059
Key Down;Gauche;137779
Key Up;Gauche;137867
Key Down;Haut;137987
Key Up;Haut;138042
Key Down;Gauche;140226
Key Up;Gauche;140347
Key Down;Bas;141346
Key Up;Bas;141466
Key Down;Bas;142354
Key Up;Bas;142466
Key Down;Droite;142962
Key Up;Droite;143026
Key Down;Haut;143747
Key Up;Haut;143875
Key Down;Gauche;144171
Key Up;Gauche;144299
Key Down;Haut;144530
Key Up;Haut;144634
Key Down;Gauche;144867
Key Up;Gauche;144986
Key Down;Bas;146242
Key Up;Bas;146330
Key Down;Gauche;146563
Key Up;Gauche;146714
Key Down;Haut;147675
Key Up;Haut;147835
Key Down;Droite;148202
Key Up;Droite;148338
Key Down;Bas;148771
Key Up;Bas;148922
Key Down;Droite;149723
Key Up;Droite;149851
Key Down;Haut;151419
Key Up;Haut;151539
Key Down;Droite;151955
Key Up;Droite;152042
Key Down;Gauche;152242
Key Up;Gauche;152371
Key Down;Bas;153467
Key Up;Bas;153618
Key Down;Gauche;154050
Key Up;Gauche;154139
Key Down;Haut;155282
Key Up;Haut;155411
Key Down;Droite;155739
Key Up;Droite;155826
Key Down;Haut;156123
Key Up;Haut;156219
Key Down;Droite;156475
Key Up;Droite;156651
Key Down;Haut;156875
Key Up;Haut;156963
Key Down;Haut;157626
Key Up;Haut;157642
Key Down;Haut;157779
Key Up;Haut;157810
Key Down;Droite;161922
Key Up;Droite;162059
Key Down;Droite;162667
Key Up;Droite;162770
Key Down;Haut;164139
Key Up;Haut;164266
Key Down;Droite;166675
Key Up;Droite;166818
Key Down;Haut;166954
Key Up;Haut;167058
Key Down;Gauche;167482
Key Up;Gauche;167570
Key Down;Bas;168083
Key Up;Bas;168186
Key Down;Haut;175450
Key Up;Haut;175554
Key Down;Droite;177963
Key Up;Droite;178098
Key Down;Bas;178314
Key Up;Bas;178434
Key Down;Droite;178706
Key Up;Droite;178842
Key Down;Gauche;179619
Key Up;Gauche;179699
Key Down;Haut;180306
Key Up;Haut;180498
Key Down;Droite;180738
Key Up;Droite;180834
Key Down;Bas;183131
Key Up;Bas;183267
Key Down;Droite;183723
Key Up;Droite;183843
Key Down;Haut;184371
Key Up;Haut;184530
Key Down;Droite;184986
Key Up;Droite;185083
Key Down;Haut;185986
Key Up;Haut;186139
Key Down;Bas;186339
Key Up;Bas;186442
Key Down;Bas;186755
Key Up;Bas;186827
Key Down;Haut;186946
Key Up;Haut;187027
Key Down;Gauche;191379
Key Up;Gauche;191427
Key Down;Gauche;192059
Key Up;Gauche;192163
Key Down;Haut;192987
Key Up;Haut;193098
Key Down;Gauche;193307
Key Up;Gauche;193427
Key Down;Bas;194163
Key Up;Bas;194259
Key Down;Droite;194514
Key Up;Droite;194618
Key Down;Bas;194866
Key Up;Bas;194963
Key Down;Droite;195659
Key Up;Droite;195762
Key Down;Haut;196042
Key Up;Haut;196146
Key Down;Droite;196426
Key Up;Droite;196514
Key Down;Haut;196850
Key Up;Haut;196962
Key Down;Droite;197187
Key Up;Droite;197306
Key Down;Haut;198770
Key Up;Haut;198882
Key Down;Gauche;199066
Key Up;Gauche;199202
Key Down;Bas;199874
Key Up;Bas;200002
Key Down;Gauche;200554
Key Up;Gauche;200650
Key Down;Bas;200930
Key Up;Bas;201074
Key Down;Droite;201306
Key Up;Droite;201426
Key Down;Bas;201674
Key Up;Bas;201778
Key Down;Gauche;202082
Key Up;Gauche;202179
Key Down;Droite;202442
Key Up;Droite;202586
Key Down;Haut;202978
Key Up;Haut;203074
Key Down;Haut;203450
Key Up;Haut;203587
Key Down;Haut;203810
Key Up;Haut;203890
Key Down;Gauche;204530
Key Up;Gauche;204666
Key Down;Bas;205122
Key Up;Bas;205226
Key Down;Gauche;205803
Key Up;Gauche;205986
Key Down;Haut;210274
Key Up;Haut;210378
Key Down;Haut;210826
Key Up;Haut;210986
Key Down;Haut;211202
Key Up;Haut;211306
Key Down;Droite;211962
Key Up;Droite;212066
Key Down;Haut;212218
Key Up;Haut;212282
Key Down;Droite;214314
Key Up;Droite;214450
Key Down;Haut;214978
Key Up;Haut;215114
Key Down;Droite;215370
Key Up;Droite;215482
Key Down;Bas;216466
Key Up;Bas;216650
Key Down;Droite;217091
Key Up;Droite;217138
Key Down;Haut;217474
Key Up;Haut;217578
Key Down;Droite;217914
Key Up;Droite;218067
Key Down;Bas;218562
Key Up;Bas;218730
Key Down;Gauche;219050
Key Up;Gauche;219154
Key Down;Bas;219675
Key Up;Bas;219810
Key Down;Bas;220714
Key Up;Bas;220826
Key Down;Droite;221018
Key Up;Droite;221162
Key Down;Bas;221458
Key Up;Bas;221570
Key Down;Gauche;221786
Key Up;Gauche;221970
Key Down;Gauche;223082
Key Up;Gauche;223194
Key Down;Haut;223842
Key Up;Haut;223962
Key Down;Gauche;224266
Key Up;Gauche;224378
Key Down;Bas;224666
Key Up;Bas;224770
Key Down;Haut;224962
Key Up;Haut;225074
Key Down;Gauche;225323
Key Up;Gauche;225506
Key Down;Haut;226634
Key Up;Haut;226738
Key Down;Droite;226922
Key Up;Droite;227098
Key Down;Bas;227610
Key Up;Bas;227786
Key Down;Droite;228018
Key Up;Droite;228130
Key Down;Bas;228642
Key Up;Bas;228834
Key Down;Haut;229979
Key Up;Haut;230074
Key Down;Droite;230322
Key Up;Droite;230386
Key Down;Bas;231611
Key Up;Bas;231730
Key Down;Bas;250010
Key Up;Bas;250090
Key Down;Droite;250362
Key Up;Droite;250458
Key Down;Bas;250682
Key Up;Bas;250786
Key Down;Gauche;251066
Key Up;Gauche;251138
Key Down;Haut;251906
Key Up;Haut;251994
Key Down;Droite;252322
Key Up;Droite;252394
Key Down;Gauche;252602
Key Up;Gauche;252706
Key Down;Haut;252866
Key Up;Haut;252946
Key Down;Gauche;253258
Key Up;Gauche;253386
Key Down;Bas;253569
Key Up;Bas;253681
Key Down;Gauche;254034
Key Up;Gauche;254154
Key Down;Bas;254378
Key Up;Bas;254498
Key Down;Droite;254794
Key Up;Droite;254890
Key Down;Haut;256442
Key Up;Haut;256562
Key Down;Droite;256754
Key Up;Droite;256857
Key Down;Bas;257458
Key Up;Bas;257602
Key Down;Droite;257810
Key Up;Droite;257954
Key Down;Haut;258442
Key Up;Haut;258602
Key Down;Haut;263658
Key Up;Haut;263785
Key Down;1;266105
Key Up;1;266202
Key Down;Haut;270970
Key Up;Haut;271074
Key Down;Gauche;271258
Key Up;Gauche;271393
Key Down;Gauche;271841
Key Up;Gauche;271954
Key Down;Haut;272786
Key Up;Haut;272890
Key Down;Droite;275106
Key Up;Droite;275210
Key Down;Haut;275858
Key Up;Haut;276034
Key Down;Droite;276298
Key Up;Droite;276402
Key Down;Bas;277554
Key Up;Bas;277689
Key Down;Droite;278010
Key Up;Droite;278138
Key Down;Bas;278786
Key Up;Bas;278986
Key Down;Gauche;281178
Key Up;Gauche;281290
Key Down;Bas;282018
Key Up;Bas;282138
Key Down;Gauche;282449
Key Up;Gauche;282553
Key Down;Bas;282818
Key Up;Bas;282906
Key Down;Droite;283266
Key Up;Droite;283370
Key Down;Bas;283666
Key Up;Bas;283801
Key Down;Gauche;283994
Key Up;Gauche;284122
Key Down;Haut;286418
Key Up;Haut;286586
Key Down;Droite;287394
Key Up;Droite;287538
Key Down;Haut;288682
Key Up;Haut;288810
Key Down;Bas;289066
Key Up;Bas;289169
Key Down;Droite;289306
Key Up;Droite;289434
Key Down;Gauche;291090
Key Up;Gauche;291202
Key Down;Bas;291514
Key Up;Bas;291602
Key Down;Droite;291778
Key Up;Droite;291850
Key Down;Bas;292146
Key Up;Bas;292241
Key Down;Droite;292810
Key Up;Droite;292938
Key Down;Haut;293202
Key Up;Haut;293322
Key Down;Droite;293538
Key Up;Droite;293682
Key Down;Haut;294002
Key Up;Haut;294122
Key Down;Droite;294322
Key Up;Droite;294458
Key Down;Haut;295930
Key Up;Haut;296026
Key Down;Bas;296210
Key Up;Bas;296346
Key Down;Droite;296546
Key Up;Droite;296666
Key Down;Bas;296882
Key Up;Bas;296986
Key Down;Gauche;297842
Key Up;Gauche;297962
Key Down;Droite;298738
Key Up;Droite;298834
Key Down;Haut;298962
Key Up;Haut;299010
Key Down;Droite;299673
Key Up;Droite;299793
Key Down;Haut;299978
Key Up;Haut;300050
Key Down;Droite;302202
Key Up;Droite;302314
Key Down;Haut;302434
Key Up;Haut;302506
Key Down;Gauche;302778
Key Up;Gauche;302986
Key Down;Bas;303458
Key Up;Bas;303553
Key Down;Gauche;304378
Key Up;Gauche;304482
Key Down;Haut;305114
Key Up;Haut;305234
Key Down;Droite;305578
Key Up;Droite;305690
Key Down;Gauche;305858
Key Up;Gauche;305970
Key Down;Droite;306714
Key Up;Droite;306818
Key Down;Bas;306994
Key Up;Bas;307033
Key Down;Gauche;307314
Key Up;Gauche;307410
Key Down;Bas;307674
Key Up;Bas;307770
Key Down;Gauche;308106
Key Up;Gauche;308226
Key Down;Haut;308730
Key Up;Haut;308938
Key Down;Haut;309138
Key Up;Haut;309194
Key Down;Gauche;309865
Key Up;Gauche;309969
Key Down;Bas;310618
Key Up;Bas;310738
Key Down;Droite;311146
Key Up;Droite;311242
Key Down;Gauche;316698
Key Up;Gauche;316810
Key Down;Haut;317594
Key Up;Haut;317689
Key Down;Gauche;317890
Key Up;Gauche;317994
Key Down;Bas;318722
Key Up;Bas;318826
Key Down;Droite;318994
Key Up;Droite;319122
Key Down;Gauche;319810
Key Up;Gauche;319890
Key Down;Bas;319994
Key Up;Bas;320114
Key Down;Droite;320834
Key Up;Droite;320978
Key Down;Haut;321209
Key Up;Haut;321314
Key Down;Droite;321570
Key Up;Droite;321682
Key Down;Haut;322002
Key Up;Haut;322082
Key Down;Droite;322362
Key Up;Droite;322466
Key Down;Gauche;323506
Key Up;Gauche;323601
Key Down;Bas;325210
Key Up;Bas;325297
Key Down;Gauche;325770
Key Up;Gauche;325898
Key Down;Haut;326474
Key Up;Haut;326578
Key Down;Droite;327217
Key Up;Droite;327393
Key Down;Bas;329754
Key Up;Bas;329898
Key Down;Droite;330186
Key Up;Droite;330274
Key Down;Bas;331506
Key Up;Bas;331649
Key Down;Droite;331881
Key Up;Droite;331969
Key Down;Haut;332185
Key Up;Haut;332290
Key Down;Droite;332914
Key Up;Droite;333002
Key Down;Haut;333298
Key Up;Haut;333417
Key Down;Gauche;333802
Key Up;Gauche;333898
Key Down;Droite;338602
Key Up;Droite;338690
Key Down;Bas;340114
Key Up;Bas;340242
Key Down;Droite;340689
Key Up;Droite;340809
Key Down;Haut;342338
Key Up;Haut;342441
Key Down;Gauche;342650
Key Up;Gauche;342817
Key Down;Haut;342954
Key Up;Haut;343130
Key Down;Droite;343290
Key Up;Droite;343394
Key Down;Haut;343586
Key Up;Haut;343681
Key Down;Droite;343922
Key Up;Droite;344058
Key Down;Haut;344650
Key Up;Haut;344810
Key Down;Gauche;346802
Key Up;Gauche;346905
Key Down;Haut;347546
Key Up;Haut;347642
Key Down;Gauche;347802
Key Up;Gauche;347922
Key Down;Droite;349154
Key Up;Droite;349282
Key Down;Bas;350218
Key Up;Bas;350401
Key Down;Droite;350529
Key Up;Droite;350690
Key Down;Haut;350818
Key Up;Haut;350954
Key Down;Droite;351154
Key Up;Droite;351313
Key Down;Bas;351866
Key Up;Bas;351985
Key Down;Gauche;352378
Key Up;Gauche;352490
Key Down;Bas;352978
Key Up;Bas;353081
Key Down;Gauche;353490
Key Up;Gauche;353618
Key Down;Haut;356122
Key Up;Haut;356241
Key Down;Droite;356610
Key Up;Droite;356713
Key Down;Gauche;356913
Key Up;Gauche;357074
Key Down;Bas;358481
Key Up;Bas;358585
Key Down;Gauche;358681
Key Up;Gauche;358953
Key Down;Haut;359650
Key Up;Haut;359777
Key Down;Gauche;360626
Key Up;Gauche;360770
Key Down;Bas;361298
Key Up;Bas;361418
Key Down;Droite;361809
Key Up;Droite;361906
Key Down;Haut;363218
Key Up;Haut;363305
Key Down;Gauche;364042
Key Up;Gauche;364074
Key Down;Haut;364402
Key Up;Haut;364442
Key Down;Droite;364650
Key Up;Droite;364722
Key Down;Haut;365058
Key Up;Haut;365121
Key Down;Bas;365322
Key Up;Bas;365450
Key Down;Gauche;365578
Key Up;Gauche;365681
Key Down;Bas;366122
Key Up;Bas;366250
Key Down;Droite;368601
Key Up;Droite;368721
Key Down;Bas;371322
Key Up;Bas;371426
Key Down;Gauche;372202
Key Up;Gauche;372305
Key Down;Gauche;388858
Key Up;Gauche;388977
Key Down;Bas;389306
Key Up;Bas;389410
Key Down;Gauche;389618
Key Up;Gauche;389721
Key Down;Bas;389946
Key Up;Bas;390057
Key Down;Droite;390290
Key Up;Droite;390378
Key Down;Gauche;393138
Key Up;Gauche;393194
Key Down;Droite;393690
Key Up;Droite;393786
Key Down;Haut;394226
Key Up;Haut;394353
Key Down;Gauche;394610
Key Up;Gauche;394729
Key Down;Haut;394929
Key Up;Haut;395034
Key Down;Gauche;395290
Key Up;Gauche;395378
Key Down;Bas;395610
Key Up;Bas;395762
Key Down;Haut;396241
Key Up;Haut;396306
Key Down;Gauche;396441
Key Up;Gauche;396529
Key Down;Bas;397121
Key Up;Bas;397218
Key Down;Gauche;397369
Key Up;Gauche;397489
Key Down;Haut;397770
Key Up;Haut;397873
Key Down;Gauche;398073
Key Up;Gauche;398185
Key Down;Haut;399113
Key Up;Haut;399218
Key Down;Gauche;399649
Key Up;Gauche;399762
Key Down;Bas;400098
Key Up;Bas;400217
Key Down;Gauche;400481
Key Up;Gauche;400594
Key Down;Bas;400833
Key Up;Bas;400946
Key Down;Droite;401210
Key Up;Droite;401330
Key Down;Haut;402746
Key Up;Haut;402818
Key Down;Gauche;403330
Key Up;Gauche;403442
Key Down;Haut;403649
Key Up;Haut;403746
Key Down;Haut;404537
Key Up;Haut;404649
Key Down;Haut;404993
Key Up;Haut;405010
Key Down;Droite;405177
Key Up;Droite;405289
Key Down;Gauche;405922
Key Up;Gauche;406002
Key Down;Haut;407330
Key Up;Haut;407465
Key Down;Droite;408146
Key Up;Droite;408306
Key Down;Droite;408674
Key Up;Droite;408801
Key Down;Haut;409114
Key Up;Haut;409178
Key Down;Gauche;409553
Key Up;Gauche;409649
Key Down;Haut;410162
Key Up;Haut;410274
Key Down;Droite;410593
Key Up;Droite;410706
Key Down;Haut;411185
Key Up;Haut;411305
Key Down;Gauche;412025
Key Up;Gauche;412169
Key Down;Haut;413922
Key Up;Haut;414009
Key Down;Gauche;414274
Key Up;Gauche;414361
Key Down;Bas;415442
Key Up;Bas;415537
Key Down;Gauche;416169
Key Up;Gauche;416258
Key Down;Bas;416841
Key Up;Bas;416978
Key Down;Droite;417226
Key Up;Droite;417354
Key Down;Bas;417506
Key Up;Bas;417601
Key Down;Gauche;418817
Key Up;Gauche;418945
Key Down;Bas;419193
Key Up;Bas;419266
Key Down;Droite;419610
Key Up;Droite;419729
Key Down;Bas;420026
Key Up;Bas;420114
Key Down;Droite;420634
Key Up;Droite;420753
Key Down;Haut;421649
Key Up;Haut;421802
Key Down;Droite;422033
Key Up;Droite;422161
Key Down;Haut;422385
Key Up;Haut;422505
Key Down;Gauche;422778
Key Up;Gauche;422897
Key Down;Haut;423233
Key Up;Haut;423314
Key Down;Haut;423969
Key Up;Haut;424017
Key Down;Bas;424169
Key Up;Bas;424393
Key Down;Gauche;424569
Key Up;Gauche;424697
Key Down;Bas;424906
Key Up;Bas;425018
Key Down;Droite;425234
Key Up;Droite;425378
Key Down;Haut;427721
Key Up;Haut;427825
Key Down;Gauche;428065
Key Up;Gauche;428209
Key Down;Haut;428362
Key Up;Haut;428473
Key Down;Gauche;429033
Key Up;Gauche;429154
Key Down;Haut;430066
Key Up;Haut;430186
Key Down;Droite;430402
Key Up;Droite;430490
Key Down;Haut;430713
Key Up;Haut;430793
Key Down;Gauche;432242
Key Up;Gauche;432434
Key Down;Bas;432602
Key Up;Bas;432714
Key Down;Gauche;433001
Key Up;Gauche;433185
Key Down;Haut;433530
Key Up;Haut;433610
Key Down;Gauche;434034
Key Up;Gauche;434138
Key Down;Bas;435441
Key Up;Bas;435569
Key Down;Droite;436178
Key Up;Droite;436322
Key Down;Bas;436690
Key Up;Bas;436834
Key Down;Gauche;437033
Key Up;Gauche;437130
Key Down;Bas;437641
Key Up;Bas;437769
Key Down;Droite;437978
Key Up;Droite;438074
Key Down;Bas;438266
Key Up;Bas;438385
Key Down;Droite;438626
Key Up;Droite;438794
Key Down;Bas;439570
Key Up;Bas;439770
Key Down;Droite;439962
Key Up;Droite;440074
Key Down;Haut;440514
Key Up;Haut;440658
Key Down;Droite;440897
Key Up;Droite;441009
Key Down;Haut;441353
Key Up;Haut;441490
Key Down;Droite;442810
Key Up;Droite;442897
Key Down;Haut;443041
Key Up;Haut;443137
Key Down;Gauche;443442
Key Up;Gauche;443569
Key Down;Gauche;449322
Key Up;Gauche;449433
Key Down;Haut;450066
Key Up;Haut;450154
Key Down;Droite;450666
Key Up;Droite;450721
Key Down;Haut;450897
Key Up;Haut;450969
Key Down;Gauche;451146
Key Up;Gauche;451297
Key Down;Haut;451841
Key Up;Haut;451945
Key Down;Gauche;452674
Key Up;Gauche;452801
Key Down;Bas;453361
Key Up;Bas;453490
Key Down;Haut;453746
Key Up;Haut;453849
Key Down;Droite;454118
Key Up;Droite;454210
Key Down;Haut;454769
Key Up;Haut;454881
Key Down;Gauche;455257
Key Up;Gauche;455337
Key Down;Haut;455513
Key Up;Haut;455609
Key Down;Droite;455905
Key Up;Droite;456025
Key Down;Haut;456577
Key Up;Haut;456697
Key Down;Droite;457057
Key Up;Droite;457113
Key Down;Droite;457577
Key Up;Droite;457690
Key Down;Bas;458769
Key Up;Bas;458865
Key Down;Droite;459489
Key Up;Droite;459585
Key Down;Bas;460177
Key Up;Bas;460273
Key Down;Gauche;460545
Key Up;Gauche;460633
Key Down;Bas;460833
Key Up;Bas;460921
Key Down;Haut;461186
Key Up;Haut;461321
Key Down;Droite;466089
Key Up;Droite;466185
Key Down;Droite;466705
Key Up;Droite;466769
Key Down;Droite;467249
Key Up;Droite;467369
Key Down;Haut;468033
Key Up;Haut;468113
Key Down;Droite;468457
Key Up;Droite;468521
Key Down;Haut;469097
Key Up;Haut;469177
Key Down;Droite;469969
Key Up;Droite;470074
Key Down;Bas;470593
Key Up;Bas;470737
Key Down;Gauche;470921
Key Up;Gauche;471049
Key Down;Bas;471249
Key Up;Bas;471329
Key Down;Gauche;471761
Key Up;Gauche;471850
Key Down;Droite;472089
Key Up;Droite;472153
Key Down;Bas;472369
Key Up;Bas;472417
Key Down;Gauche;473001
Key Up;Gauche;473082
Key Down;Haut;473337
Key Up;Haut;473394
Key Down;Gauche;473729
Key Up;Gauche;473809
Key Down;Bas;474281
Key Up;Bas;474393
Key Down;Gauche;474794
Key Up;Gauche;474945
Key Down;Droite;475681
Key Up;Droite;475825
Key Down;Bas;475985
Key Up;Bas;476105
Key Down;Droite;476297
Key Up;Droite;476409
Key Down;Bas;476593
Key Up;Bas;476713
Key Down;Gauche;477026
Key Up;Gauche;477121
Key Down;Haut;477554
Key Up;Haut;477705
Key Down;Bas;479209
Key Up;Bas;479297
Key Down;Gauche;479497
Key Up;Gauche;479577
Key Down;Haut;479889
Key Up;Haut;479977
Key Down;Gauche;480273
Key Up;Gauche;480337
Key Down;Droite;480545
Key Up;Droite;480649
Key Down;Bas;480841
Key Up;Bas;480945
Key Down;Gauche;481081
Key Up;Gauche;481281
Key Down;Bas;481489
Key Up;Bas;481609
Key Down;Droite;481809
Key Up;Droite;481921
Key Down;Gauche;482497
Key Up;Gauche;482609
Key Down;Droite;483217
Key Up;Droite;483360
Key Down;Haut;484585
Key Up;Haut;484713
Key Down;Gauche;484905
Key Up;Gauche;485049
Key Down;Haut;485169
Key Up;Haut;485296
Key Down;Droite;485449
Key Up;Droite;485577
Key Down;Haut;486770
Key Up;Haut;486865
Key Down;Gauche;487633
Key Up;Gauche;487753
Key Down;Haut;487897
Key Up;Haut;488009
Key Down;Droite;488265
Key Up;Droite;488353
Key Down;Haut;488753
Key Up;Haut;488897
Key Down;Gauche;489217
Key Up;Gauche;489313
Key Down;Droite;489928
Key Up;Droite;490017
Key Down;Haut;490209
Key Up;Haut;490305
Key Down;Droite;490609
Key Up;Droite;490721
Key Down;Haut;491177
Key Up;Haut;491256
Key Down;Droite;491457
Key Up;Droite;491545
Key Down;Bas;491809
Key Up;Bas;491929
Key Down;Droite;492233
Key Up;Droite;492385
Key Down;Haut;492721
Key Up;Haut;492809
Key Down;Droite;493089
Key Up;Droite;493265
Key Down;Bas;494594
Key Up;Bas;494689
Key Down;Gauche;495337
Key Up;Gauche;495513
Key Down;Bas;495833
Key Up;Bas;495945
Key Down;Gauche;496993
Key Up;Gauche;497153
Key Down;Haut;497537
Key Up;Haut;497665
Key Down;Gauche;497881
Key Up;Gauche;498016
Key Down;Gauche;498073
Key Up;Gauche;498145
Key Down;Gauche;502241
Key Up;Gauche;502329
Key Down;Gauche;502929
Key Up;Gauche;502976
Key Down;Gauche;503441
Key Up;Gauche;503497
Key Down;Haut;503697
Key Up;Haut;503793
Key Down;Gauche;503985
Key Up;Gauche;504081
Key Down;Bas;504873
Key Up;Bas;505017
Key Down;Droite;505241
Key Up;Droite;505329
Key Down;Bas;505537
Key Up;Bas;505673
Key Down;Droite;506009
Key Up;Droite;506105
Key Down;Haut;506265
Key Up;Haut;506376
Key Down;Bas;506625
Key Up;Bas;506761
Key Down;Droite;506929
Key Up;Droite;507033
Key Down;Bas;507257
Key Up;Bas;507385
Key Down;Droite;507697
Key Up;Droite;507792
Key Down;Gauche;507961
Key Up;Gauche;508081
Key Down;Haut;509001
Key Up;Haut;509097
Key Down;Bas;509249
Key Up;Bas;509353
Key Down;Gauche;509473
Key Up;Gauche;509609
Key Down;Haut;510321
Key Up;Haut;510401
Key Down;Droite;510753
Key Up;Droite;510865
Key Down;Haut;511113
Key Up;Haut;511193
Key Down;Gauche;512113
Key Up;Gauche;512313
Key Down;Haut;512481
Key Up;Haut;512577
Key Down;Droite;512810
Key Up;Droite;512897
Key Down;Haut;513209
Key Up;Haut;513337
Key Down;Gauche;513681
Key Up;Gauche;513761
Key Down;Haut;514153
Key Up;Haut;514248
Key Down;Droite;514945
Key Up;Droite;515113
Key Down;Gauche;521721
Key Up;Gauche;521777
Key Down;Haut;522049
Key Up;Haut;522145
Key Down;Bas;522641
Key Up;Bas;522729
Key Down;Droite;522953
Key Up;Droite;523025
Key Down;Bas;523249
Key Up;Bas;523368
Key Down;Gauche;523537
Key Up;Gauche;523649
Key Down;Droite;524761
Key Up;Droite;524889
Key Down;Gauche;526544
Key Up;Gauche;526657
Key Down;Haut;526849
Key Up;Haut;526937
Key Down;Bas;527264
Key Up;Bas;527417
Key Down;Droite;527617
Key Up;Droite;527753
Key Down;Haut;528857
Key Up;Haut;528953
Key Down;Gauche;529161
Key Up;Gauche;529265
Key Down;Haut;529457
Key Up;Haut;529521
Key Down;Droite;530561
Key Up;Droite;530705
Key Down;Gauche;530865
Key Up;Gauche;530977
Key Down;Droite;531225
Key Up;Droite;531345
Key Down;Haut;531489
Key Up;Haut;531585
Key Down;Gauche;531849
Key Up;Gauche;531944
Key Down;Bas;532393
Key Up;Bas;532521
Key Down;Droite;533265
Key Up;Droite;533352
Key Down;Gauche;533513
Key Up;Gauche;533633
Key Down;Droite;534009
Key Up;Droite;534177
Key Down;Gauche;534513
Key Up;Gauche;534593
Key Down;Droite;535361
Key Up;Droite;535505
Key Down;Haut;536409
Key Up;Haut;536521
Key Down;1;547049
Key Up;1;547169
Key Down;Gauche;551145
Key Up;Gauche;551257
Key Down;Haut;552817
Key Up;Haut;552889
Key Down;Droite;553153
Key Up;Droite;553233
Key Down;Bas;554009
Key Up;Bas;554121
Key Down;Droite;554337
Key Up;Droite;554425
Key Down;Haut;555617
Key Up;Haut;555705
Key Down;Droite;555913
Key Up;Droite;555985
Key Down;Droite;556465
Key Up;Droite;556560
Key Down;Bas;557249
Key Up;Bas;557345
Key Down;Gauche;557601
Key Up;Gauche;557737
Key Down;Droite;558433
Key Up;Droite;558481
Key Down;Bas;558689
Key Up;Bas;558776
Key Down;Gauche;559553
Key Up;Gauche;559649
Key Down;Haut;559977
Key Up;Haut;560080
Key Down;Gauche;560345
Key Up;Gauche;560449
Key Down;Droite;560737
Key Up;Droite;560809
Key Down;Bas;561161
Key Up;Bas;561257
Key Down;Gauche;561457
Key Up;Gauche;561544
Key Down;Haut;563873
Key Up;Haut;563968
Key Down;Droite;564785
Key Up;Droite;564920
Key Down;Bas;566305
Key Up;Bas;566401
Key Down;Droite;568120
Key Up;Droite;568241
Key Down;Haut;568497
Key Up;Haut;568601
Key Down;Droite;568841
Key Up;Droite;568944
Key Down;Haut;569249
Key Up;Haut;569361
Key Down;Droite;569577
Key Up;Droite;569697
Key Down;Bas;569945
Key Up;Bas;570032
Key Down;Haut;570377
Key Up;Haut;570449
Key Down;Droite;570697
Key Up;Droite;570800
Key Down;Haut;571777
Key Up;Haut;571913
Key Down;Gauche;574473
Key Up;Gauche;574553
Key Down;Bas;574825
Key Up;Bas;574936
Key Down;Gauche;575153
Key Up;Gauche;575329
Key Down;Gauche;575721
Key Up;Gauche;575817
Key Down;Droite;576929
Key Up;Droite;576993
Key Down;Haut;584529
Key Up;Haut;584601
Key Down;Droite;585017
Key Up;Droite;585073
Key Down;Haut;585297
Key Up;Haut;585385
Key Down;Droite;588097
Key Up;Droite;588225
Key Down;Droite;594425
Key Up;Droite;594553
Key Down;Droite;594961
Key Up;Droite;595096
Key Down;Haut;596425
Key Up;Haut;596521
Key Down;Gauche;598664
Key Up;Gauche;598753
Key Down;Gauche;599161
Key Up;Gauche;599289
Key Down;Bas;600401
Key Up;Bas;600529
Key Down;Haut;600761
Key Up;Haut;600872
Key Down;Gauche;601129
Key Up;Gauche;601216
Key Down;Bas;601473
Key Up;Bas;601673
Key Down;Gauche;601896
Key Up;Gauche;602032
Key Down;Haut;602873
Key Up;Haut;603016
Key Down;Gauche;603865
Key Up;Gauche;603968
Key Down;Bas;604585
Key Up;Bas;604705
Key Down;Droite;605081
Key Up;Droite;605201
Key Down;Haut;607017
Key Up;Haut;607153
Key Down;Droite;607409
Key Up;Droite;607488
Key Down;Bas;608625
Key Up;Bas;608729
Key Down;Droite;608985
Key Up;Droite;609065
Key Down;Haut;609296
Key Up;Haut;609400
Key Down;Droite;609720
Key Up;Droite;609833
Key Down;Bas;610457
Key Up;Bas;610585
Key Down;Gauche;610841
Key Up;Gauche;610969
Key Down;Bas;611129
Key Up;Bas;611248
Key Down;Droite;613344
Key Up;Droite;613464
Key Down;Bas;613625
Key Up;Bas;613737
Key Down;Gauche;614465
Key Up;Gauche;614568
Key Down;Gauche;619761
Key Up;Gauche;619848
Key Down;Gauche;620409
Key Up;Gauche;620521
Key Down;Haut;621297
Key Up;Haut;621425
Key Down;Gauche;621585
Key Up;Gauche;621705
Key Down;Bas;622465
Key Up;Bas;622585
Key Down;Droite;622745
Key Up;Droite;622873
Key Down;Gauche;623537
Key Up;Gauche;623608
Key Down;Bas;624497
Key Up;Bas;624617
Key Down;Droite;625377
Key Up;Droite;625481
Key Down;Haut;626017
Key Up;Haut;626137
Key Down;Droite;626793
Key Up;Droite;626928
Key Down;Bas;627488
Key Up;Bas;627568
Key Down;Gauche;627881
Key Up;Gauche;628008
Key Down;Bas;628184
Key Up;Bas;628377
Key Down;Gauche;628529
Key Up;Gauche;628641
Key Down;Droite;628808
Key Up;Droite;628969
Key Down;1;636913
Key Up;1;637009
Key Down;Droite;641736
Key Up;Droite;641881
Key Down;Haut;642897
Key Up;Haut;643017
Key Down;Droite;643272
Key Up;Droite;643392
Key Down;Haut;644145
Key Up;Haut;644232
Key Down;Gauche;646377
Key Up;Gauche;646529
Key Down;Bas;647032
Key Up;Bas;647129
Key Down;Droite;647280
Key Up;Droite;647361
Key Down;Bas;647641
Key Up;Bas;647761
Key Down;Haut;647977
Key Up;Haut;648153
Key Down;Gauche;648361
Key Up;Gauche;648480
Key Down;Gauche;648728
Key Up;Gauche;648776
Key Down;Bas;648993
Key Up;Bas;649072
Key Down;Droite;649425
Key Up;Droite;649577
Key Down;Bas;649753
Key Up;Bas;649897
Key Down;Droite;650153
Key Up;Droite;650481
Key Down;Bas;651752
Key Up;Bas;651856
Key Down;Droite;653489
Key Up;Droite;653657
Key Down;Bas;654297
Key Up;Bas;654496
Key Down;Gauche;654616
Key Up;Gauche;654913
Key Down;Bas;655049
Key Up;Bas;655232
Key Down;Droite;655792
Key Up;Droite;656056
Key Down;Haut;656313
Key Up;Haut;656472
Key Down;Droite;656673
Key Up;Droite;656848
Key Down;Haut;657080
Key Up;Haut;657265
Key Down;Droite;657433
Key Up;Droite;657609
Key Down;Bas;657793
Key Up;Bas;657952
Key Down;Droite;658185
Key Up;Droite;658345
Key Down;Bas;658697
Key Down;Droite;658889
Key Up;Bas;658928
Key Up;Droite;659304
Key Down;Droite;663841
Key Up;Droite;663969
Key Down;Droite;664417
Key Up;Droite;664537
Key Down;Droite;665048
Key Up;Droite;665185
Key Down;Bas;666337
Key Up;Bas;666480
Key Down;Gauche;667065
Key Up;Gauche;667400
Key Down;Droite;670064
Key Up;Droite;670241
Key Down;Haut;670657
Key Up;Haut;670969
Key Down;Gauche;671392
Key Up;Gauche;671544
Key Down;Droite;672105
Key Up;Droite;672200
Key Down;Haut;672368
Key Up;Haut;672456
Key Down;Droite;672761
Key Up;Droite;672928
Key Down;Haut;673857
Key Up;Haut;674032
Key Down;Droite;674256
Key Up;Droite;674376
Key Down;Bas;674553
Key Up;Bas;674777
Key Down;Droite;674921
Key Up;Droite;675177
Key Down;Haut;676072
Key Up;Haut;676208
Key Down;Gauche;678073
Key Up;Gauche;678361
Key Down;Gauche;683112
Key Up;Gauche;683289
Key Down;Gauche;683552
Key Up;Gauche;683729
Key Down;Gauche;684233
Key Up;Gauche;684369
Key Down;Haut;685480
Key Up;Haut;685616
Key Down;Droite;688008
Key Up;Droite;688129
Key Down;Bas;688377
Key Up;Bas;688520
Key Down;Droite;688816
Key Up;Droite;689025
Key Down;Haut;689761
Key Up;Haut;689872
Key Down;Droite;690281
Key Up;Droite;690400
Key Down;Bas;690689
Key Up;Bas;690856
Key Down;Droite;691168
Key Up;Droite;691272
Key Down;Haut;692121
Key Up;Haut;692313
Key Down;Gauche;692536
Key Up;Gauche;692648
Key Down;Haut;692969
Key Up;Haut;693121
Key Down;Gauche;693344
Key Up;Gauche;693480
Key Down;Bas;694664
Key Up;Bas;694832
Key Down;Gauche;695080
Key Up;Gauche;695289
Key Down;Haut;695409
Key Up;Haut;695569
Key Down;Gauche;695808
Key Up;Gauche;695976
Key Down;Bas;696480
Key Up;Bas;696712
Key Down;Droite;696993
Key Up;Droite;697257
Key Down;Haut;700400
Key Up;Haut;700577
Key Down;Haut;700905
Key Up;Haut;701176
Key Down;Gauche;701345
Key Up;Gauche;701544
Key Down;Bas;701944
Key Up;Bas;702136
Key Down;Droite;702273
Key Up;Droite;702496
Key Down;Bas;702608
Key Up;Bas;702824
Key Down;Gauche;704872
Key Up;Gauche;704976
Key Down;Droite;705112
Key Up;Droite;705304
Key Down;Bas;705496
Key Up;Bas;705888
Key Down;Gauche;706257
Key Up;Gauche;706608
Key Down;Haut;709128
Key Up;Haut;709520
Key Down;Droite;710080
Key Up;Droite;710225
Key Down;Gauche;715673
Key Up;Gauche;715785
Key Down;Haut;716304
Key Up;Haut;716424
Key Down;Gauche;716624
Key Up;Gauche;716744
Key Down;Bas;717417
Key Up;Bas;717505
Key Down;Droite;717680
Key Up;Droite;717880
Key Down;Gauche;718377
Key Up;Gauche;718496
Key Down;Bas;718680
Key Up;Bas;718720
Key Down;Droite;718896
Key Up;Droite;718976
Key Down;Bas;719864
Key Up;Bas;720056
Key Down;Gauche;720193
Key Up;Gauche;720352
Key Down;Bas;720552
Key Up;Bas;720705
Key Down;Gauche;720992
Key Up;Gauche;721089
Key Down;Droite;721784
Key Up;Droite;721896
Key Down;Haut;722144
Key Up;Haut;722248
Key Down;Gauche;722856
Key Up;Gauche;722984
Key Down;Haut;723208
Key Up;Haut;723344
Key Down;Bas;724609
Key Up;Bas;724824
Key Down;Gauche;725072
Key Up;Gauche;725160
Key Down;Haut;726400
Key Up;Haut;726504
Key Down;Bas;726976
Key Up;Bas;727232
Key Down;Bas;727424
Key Up;Bas;727648
Key Down;Droite;728088
Key Up;Droite;728376
Key Down;Bas;728600
Key Up;Bas;728784
Key Down;1;736248
Key Up;1;736304
Key Down;Gauche;739673
Key Up;Gauche;739768
Key Down;Gauche;740176
Key Up;Gauche;740272
Key Down;Haut;741064
Key Up;Haut;741160
Key Down;Gauche;741352
Key Up;Gauche;741488
Key Down;Bas;742280
Key Up;Bas;742432
Key Down;Droite;742616
Key Up;Droite;742880
Key Down;Haut;744705
Key Up;Haut;744816
Key Down;Droite;745064
Key Up;Droite;745208
Key Down;Haut;745968
Key Up;Haut;746064
Key Down;Gauche;748288
Key Up;Gauche;748408
Key Down;Haut;749144
Key Up;Haut;749256
Key Down;Gauche;749480
Key Up;Gauche;749640
Key Down;Bas;750712
Key Up;Bas;750992
Key Down;Gauche;751128
Key Up;Gauche;751288
Key Down;Gauche;756888
Key Up;Gauche;757063
Key Down;Haut;758200
Key Up;Haut;758304
Key Down;Droite;760880
Key Up;Droite;761032
Key Down;Bas;763552
Key Up;Bas;763704
Key Down;Gauche;764024
Key Up;Gauche;764224
Key Down;Haut;765000
Key Up;Haut;765096
Key Down;Bas;765352
Key Up;Bas;765480
Key Down;Haut;765817
Key Up;Haut;766088
Key Down;Droite;766393
Key Up;Droite;766576
Key Down;Haut;767816
Key Up;Haut;768024
Key Down;Gauche;768264
Key Up;Gauche;768472
Key Down;Bas;768928
Key Up;Bas;769103
Key Down;Gauche;769224
Key Up;Gauche;769528
Key Down;Bas;770264
Key Up;Bas;770472
Key Down;Gauche;770712
Key Up;Gauche;770960
Key Down;Haut;771504
Key Up;Haut;771728
Key Down;Gauche;773352
Key Up;Gauche;773504
Key Down;Bas;774025
Key Up;Bas;774128
Key Down;Droite;774528
Key Up;Droite;774608
Key Down;Bas;774760
Key Up;Bas;774880
Key Down;Gauche;779736
Key Up;Gauche;779848
Key Down;Bas;780040
Key Up;Bas;780200
Key Down;Droite;780912
Key Up;Droite;781048
Key Down;Haut;781544
Key Up;Haut;781704
Key Down;Bas;782232
Key Up;Bas;782400
Key Down;Droite;782880
Key Up;Droite;783008
Key Down;Haut;783336
Key Up;Haut;783456
Key Down;Droite;783752
Key Up;Droite;783888
Key Down;Haut;784136
Key Up;Haut;784240
Key Down;Droite;784472
Key Up;Droite;784584
Key Down;Bas;784775
Key Up;Bas;784984
Key Down;Droite;785176
Key Up;Droite;785376
Key Down;Bas;785544
Key Up;Bas;785744
Key Down;Droite;785936
Key Up;Droite;786128
Key Down;Haut;786296
Key Up;Haut;786568
Key Down;Gauche;787032
Key Up;Gauche;787168
Key Down;Droite;787257
Key Up;Droite;787544
Key Down;Bas;788544
Key Up;Bas;789344
Key Down;Gauche;789376
Key Down;Haut;789944
Key Up;Gauche;789960
Key Up;Haut;790552
Key Down;Gauche;791648
Key Up;Gauche;791776
Key Down;Droite;791880
Key Up;Droite;792256
Key Down;Haut;792472
Key Up;Haut;792568
Key Down;Bas;792767
Key Up;Bas;792976
Key Down;Droite;793184
Key Up;Droite;793320
Key Down;Gauche;793640
Key Up;Gauche;794144
Key Down;Bas;795872
Key Up;Bas;795991
Key Down;Droite;796216
Key Up;Droite;796424
Key Down;Bas;796544
Key Up;Bas;796735
Key Down;Gauche;796800
Key Up;Gauche;796952
Key Down;Gauche;803216
Key Up;Gauche;803336
Key Down;Gauche;803920
Key Up;Gauche;803984
Key Down;Haut;804384
Key Up;Haut;804488
Key Down;Gauche;804672
Key Up;Gauche;804792
Key Down;Bas;805584
Key Up;Bas;805680
Key Down;Droite;805824
Key Up;Droite;806031
Key Down;Haut;808568
Key Up;Haut;808712
Key Down;Gauche;811088
Key Up;Gauche;811216
Key Down;Bas;811447
Key Up;Bas;811568
Key Down;Gauche;811736
Key Up;Gauche;811952
Key Down;Haut;812600
Key Up;Haut;812760
Key Down;Droite;813136
Key Up;Droite;813280
Key Down;Haut;813593
Key Up;Haut;813672
Key Down;Bas;814024
Key Up;Bas;814168
Key Down;Droite;814320
Key Up;Droite;814512
Key Down;Haut;814728
Key Up;Haut;814783
Key Down;Bas;815032
Key Up;Bas;815192
Key Down;Droite;815360
Key Up;Droite;815519
Key Down;Gauche;820344
Key Up;Gauche;820464
Key Down;Gauche;821015
Key Up;Gauche;821136
Key Down;Haut;822344
Key Up;Haut;822688
Key Down;Droite;824856
Key Up;Droite;824984
Key Down;Bas;825200
Key Up;Bas;825352
Key Down;Gauche;825560
Key Down;Haut;825600
Key Up;Gauche;825624
Key Up;Haut;825791
Key Down;Gauche;826176
Key Up;Gauche;826368
Key Down;Bas;826943
Key Up;Bas;827072
Key Down;Droite;827279
Key Up;Droite;827287
Key Down;Droite;827344
Key Up;Droite;827544
Key Down;Haut;828304
Key Up;Haut;828439
Key Down;Droite;828640
Key Up;Droite;828776
Key Down;Bas;829728
Key Up;Bas;829975
Key Down;Gauche;830080
Key Up;Gauche;830304
Key Down;Droite;832024
Key Up;Droite;832152
Key Down;Bas;832256
Key Up;Bas;832400
Key Down;Gauche;832680
Key Up;Gauche;832784
Key Down;Haut;833455
Key Up;Haut;833656
Key Down;Gauche;833792
Key Up;Gauche;833944
Key Down;Bas;834368
Key Up;Bas;834448
Key Down;Droite;834656
Key Up;Droite;834728
Key Down;Bas;834888
Key Up;Bas;835040
Key Down;Gauche;835288
Key Up;Gauche;835408
Key Down;Droite;836680
Key Up;Droite;836784
Key Down;Bas;837976
Key Up;Bas;838120
Key Down;Haut;839328
Key Up;Haut;839432
Key Down;Gauche;839672
Key Up;Gauche;839775
Key Down;Bas;840816
Key Up;Bas;840919
Key Down;Gauche;841080
Key Up;Gauche;841304
Key Down;Bas;841936
Key Up;Bas;842120
Key Down;Gauche;843304
Key Up;Gauche;843440
Key Down;Bas;843608
Key Up;Bas;843712
Key Down;Droite;843943
Key Up;Droite;844160
Key Down;Bas;844320
Key Up;Bas;844488
Key Down;Gauche;844640
Key Up;Gauche;844928
Key Down;Droite;845128
Key Up;Droite;845312
Key Down;Gauche;845624
Key Up;Gauche;845776
Key Down;Haut;845880
Key Down;Droite;845999
Key Up;Haut;846032
Key Up;Droite;846120
Key Down;Haut;846152
Key Up;Haut;846408
Key Down;1;854728
Key Up;1;854848
Key Down;Haut;859560
Key Up;Haut;859648
Key Down;Gauche;859912
Key Up;Gauche;860040
Key Down;Haut;860792
Key Up;Haut;860840
Key Down;Gauche;862624
Key Up;Gauche;862728
Key Down;Bas;863936
Key Up;Bas;864055
Key Down;Haut;864512
Key Up;Haut;864656
Key Down;Gauche;865463
Key Up;Gauche;865600
Key Down;Bas;865848
Key Up;Bas;866088
Key Down;Gauche;866224
Key Up;Gauche;866656
Key Down;Haut;867208
Key Up;Haut;867328
Key Down;Gauche;867768
Key Up;Gauche;867880
Key Down;Bas;868176
Key Up;Bas;868399
Key Down;Gauche;868583
Key Up;Gauche;868752
Key Down;Droite;869344
Key Up;Droite;869423
Key Down;Bas;869592
Key Up;Bas;869752
Key Down;Gauche;870432
Key Up;Gauche;870520
Key Down;Bas;870928
Key Up;Bas;871024
Key Down;Gauche;871328
Key Up;Gauche;871431
Key Down;Bas;871664
Key Up;Bas;871815
Key Down;Droite;872472
Key Up;Droite;872664
Key Down;Bas;873632
Key Up;Bas;873864
Key Down;Gauche;874008
Key Up;Gauche;874231
Key Down;Bas;874472
Key Up;Bas;874616
Key Down;Droite;874840
Key Up;Droite;875088
Key Down;Haut;876079
Key Up;Haut;876280
Key Down;Gauche;876440
Key Up;Gauche;876608
Key Down;Haut;876960
Key Up;Haut;877079
Key Down;Droite;877271
Key Up;Droite;877471
Key Down;Haut;878576
Key Up;Haut;878808
Key Down;Gauche;881296
Key Up;Gauche;881432
Key Down;Haut;882088
Key Up;Haut;882224
Key Down;Gauche;882383
Key Up;Gauche;882616
Key Down;Bas;883792
Key Up;Bas;884040
Key Down;Gauche;884112
Key Up;Gauche;884304
Key Down;Haut;885296
Key Up;Haut;885432
Key Down;Droite;885759
Key Up;Droite;886080
Key Down;Bas;886440
Key Up;Bas;886783
Key Down;Droite;889304
Key Up;Droite;889440
Key Down;Haut;890056
Key Up;Haut;890199
Key Down;Gauche;890440
Key Up;Gauche;890583
Key Down;Bas;891624
Key Up;Bas;891735
Key Down;Droite;893991
Key Up;Droite;894088
Key Down;Bas;894264
Key Up;Bas;894464
Key Down;Droite;895152
Key Up;Droite;895439
Key Down;Haut;897880
Key Up;Haut;898008
Key Down;Gauche;898640
Key Up;Gauche;898847
Key Down;Bas;900280
Key Up;Bas;900432
Key Down;Haut;900880
Key Up;Haut;901096
Key Down;Gauche;901320
Key Up;Gauche;901520
Key Down;Haut;901728
Key Up;Haut;901856
Key Down;Droite;902088
Key Up;Droite;902312
Key Down;Haut;902815
Key Up;Haut;903015
Key Down;Gauche;904592
Key Up;Gauche;904976
Key Down;Droite;905647
Key Up;Droite;905887
Key Down;Haut;906208
Key Up;Haut;906343
Key Down;Droite;906608
Key Up;Droite;906784
Key Down;Bas;907328
Key Up;Bas;907568
Key Down;Gauche;907808
Key Up;Gauche;907903
Key Down;Bas;908008
Key Up;Bas;908135
Key Down;Droite;908376
Key Up;Droite;908440
Key Down;Bas;909600
Key Up;Bas;909847
Key Down;Gauche;912351
Key Up;Gauche;912544
Key Down;Bas;912696
Key Up;Bas;912792
Key Down;Droite;913568
Key Up;Droite;913711
Key Down;Gauche;917528
Key Up;Gauche;917663
Key Down;Haut;920416
Key Up;Haut;920527
Key Down;Gauche;920712
Key Up;Gauche;920823
Key Down;Bas;921544
Key Up;Bas;921640
Key Down;Droite;921888
Key Up;Droite;922032
Key Down;Haut;924504
Key Up;Haut;924616
Key Down;Droite;926552
Key Up;Droite;926671
Key Down;Haut;927840
Key Up;Haut;927936
Key Down;Bas;928375
Key Up;Bas;928463
Key Down;Droite;930784
Key Up;Droite;930896
Key Down;Bas;931056
Key Up;Bas;931176
Key Down;Droite;931824
Key Up;Droite;932063
Key Down;Haut;933807
Key Up;Haut;933959
Key Down;Gauche;934360
Key Up;Gauche;934592
Key Down;Haut;934887
Key Up;Haut;935040
Key Down;Droite;935231
Key Up;Droite;935408
Key Down;Haut;935944
Key Up;Haut;936135
Key Down;Gauche;937904
Key Up;Gauche;938080
Key Down;Bas;939480
Key Up;Bas;939639
Key Down;Gauche;939847
Key Up;Gauche;940111
Key Down;Bas;940336
Key Up;Bas;940487
Key Down;Gauche;940616
Key Up;Gauche;940743
Key Down;Bas;941256
Key Up;Bas;941447
Key Down;Gauche;941920
Key Up;Gauche;942071
Key Down;Haut;943223
Key Up;Haut;943344
Key Down;Bas;944168
Key Up;Bas;944272
Key Down;Gauche;944439
Key Up;Gauche;944560
Key Down;Haut;945128
Key Up;Haut;945239
Key Down;Gauche;945399
Key Up;Gauche;945591
Key Down;Haut;945863
Key Up;Haut;945999
Key Down;Gauche;946255
Key Up;Gauche;946431
Key Down;Haut;947543
Key Up;Haut;947679
Key Down;Droite;947952
Key Up;Droite;948064
Key Down;Bas;948335
Key Up;Bas;948439
Key Down;Haut;948615
Key Up;Haut;948735
Key Down;Droite;948927
Key Up;Droite;949095
Key Down;Gauche;949496
Key Up;Gauche;949647
Key Down;Bas;950095
Key Up;Bas;950343
Key Down;Droite;950591
Key Up;Droite;950752
Key Down;Bas;952103
Key Up;Bas;952224
Key Down;Droite;952527
Key Up;Droite;952647
Key Down;Haut;953191
Key Up;Haut;953431
Key Down;Haut;954367
Key Up;Haut;954535
Key Down;Gauche;954767
Key Up;Gauche;954959
Key Down;Haut;955087
Key Up;Haut;955240
Key Down;Droite;955440
Key Up;Droite;955839
Key Down;Bas;956591
Key Up;Bas;956775
Key Down;Droite;956936
Key Up;Droite;957119
Key Down;Bas;957239
Key Up;Bas;957463
Key Down;Gauche;957727
Key Up;Gauche;957855
Key Down;Droite;957991
Key Up;Droite;958167
Key Down;Haut;958224
Key Up;Haut;958495
Key Down;Droite;958983
Key Up;Droite;959279
Key Down;Bas;959752
Key Up;Bas;959984
Key Down;Gauche;960120
Key Up;Gauche;960256
Key Down;Bas;960399
Key Up;Bas;960567
Key Down;Droite;962432
Key Up;Droite;962583
Key Down;Bas;962735
Key Up;Bas;962895
Key Down;Gauche;963583
Key Up;Gauche;963736
Key Down;Haut;964479
Key Up;Haut;964639
Key Down;Gauche;964791
Key Up;Gauche;964919
Key Down;Haut;965136
Key Up;Haut;965303
Key Down;Gauche;965439
Key Up;Gauche;965591
Key Down;Bas;965743
Key Up;Bas;965951
Key Down;Gauche;966055
Key Up;Gauche;966272
Key Down;Bas;966375
Key Up;Bas;966560
Key Down;Gauche;966647
Key Up;Gauche;966951
Key Down;Haut;967647
Key Up;Haut;967727
Key Down;Droite;968319
Key Up;Droite;968471
Key Down;Haut;984855
Key Up;Haut;984967
Key Down;Gauche;985176
Key Up;Gauche;985287
Key Down;Bas;986240
Key Up;Bas;986295
Key Down;Droite;986543
Key Up;Droite;986663
Key Down;Bas;986887
Key Up;Bas;987007
Key Down;Droite;987327
Key Up;Droite;987439
Key Down;Haut;987663
Key Up;Haut;987743
Key Down;Bas;987936
Key Up;Bas;988063
Key Down;Droite;988319
Key Up;Droite;988415
Key Down;Bas;988711
Key Up;Bas;988839
Key Down;Droite;989911
Key Up;Droite;990023
Key Down;Haut;990183
Key Up;Haut;990367
Key Down;Droite;990583
Key Up;Droite;990727
Key Down;Haut;991072
Key Up;Haut;991191
Key Down;Gauche;991375
Key Up;Gauche;991519
Key Down;Haut;991679
Key Up;Haut;991815
Key Down;Droite;992295
Key Up;Droite;992423
Key Down;Gauche;992656
Key Up;Gauche;993023
Key Down;Haut;993600
Key Up;Haut;993775
Key Down;Gauche;993863
Key Up;Gauche;994023
Key Down;Haut;994151
Key Up;Haut;994311
Key Down;Gauche;994735
Key Up;Gauche;994863
Key Down;Haut;995424
Key Up;Haut;995551
Key Down;Droite;996127
Key Up;Droite;996287
Key Down;Bas;997655
Key Up;Bas;997799
Key Down;Droite;998127
Key Up;Droite;998255
Key Down;Haut;998519
Key Up;Haut;998631
Key Down;Droite;998975
Key Up;Droite;999087
Key Down;Haut;999463
Key Up;Haut;999575
Key Down;Gauche;999735
Key Up;Gauche;999807
Key Down;Droite;1000391
Key Up;Droite;1000479
Key Down;Gauche;1004743
Key Up;Gauche;1004895
Key Down;Gauche;1005151
Key Up;Gauche;1005303
Key Down;Gauche;1005623
Key Up;Gauche;1005743
Key Down;Gauche;1006207
Key Up;Gauche;1006295
Key Down;Bas;1006607
Key Up;Bas;1006719
Key Down;Gauche;1006927
Key Up;Gauche;1007071
Key Down;Bas;1007279
Key Up;Bas;1007375
Key Down;Droite;1007583
Key Up;Droite;1007783
Key Down;Haut;1009535
Key Up;Haut;1009671
Key Down;Gauche;1009879
Key Up;Gauche;1009951
Key Down;Droite;1010191
Key Up;Droite;1010295
Key Down;Haut;1010472
Key Up;Haut;1010567
Key Down;Droite;1010855
Key Up;Droite;1010951
Key Down;Gauche;1011447
Key Up;Gauche;1011535
Key Down;Droite;1012167
Key Up;Droite;1012230
Key Down;Gauche;1012543
Key Up;Gauche;1012590
Key Down;Haut;1012711
Key Up;Haut;1012783
Key Down;Droite;1013023
Key Up;Droite;1013079
Key Down;Haut;1013327
Key Up;Haut;1013415
Key Down;Droite;1014112
Key Up;Droite;1014207
Key Down;Haut;1014479
Key Up;Haut;1014599
Key Down;Droite;1014767
Key Up;Droite;1014871
Key Down;Haut;1015199
Key Up;Haut;1015327
Key Down;Gauche;1015583
Key Up;Gauche;1015775
Key Down;Haut;1016215
Key Up;Haut;1016327
Key Down;Droite;1016639
Key Up;Droite;1016735
Key Down;Haut;1016951
Key Up;Haut;1017079
Key Down;Gauche;1017327
Key Up;Gauche;1017535
Key Down;Haut;1017935
Key Up;Haut;1018063
Key Down;Gauche;1018679
Key Up;Gauche;1018863
Key Down;Bas;1019855
Key Up;Bas;1020039
Key Down;Gauche;1021543
Key Up;Gauche;1021703
Key Down;Bas;1021863
Key Up;Bas;1021983
Key Down;Gauche;1022407
Key Up;Gauche;1022655
Key Down;Haut;1022807
Key Up;Haut;1022967
Key Down;Gauche;1023230
Key Up;Gauche;1023407
Key Down;Droite;1023799
Key Up;Droite;1023935
Key Down;Gauche;1029023
Key Up;Gauche;1029183
Key Down;Droite;1029719
Key Up;Droite;1029831
Key Down;Bas;1030255
Key Up;Bas;1030375
Key Down;Droite;1030623
Key Up;Droite;1030735
Key Down;Haut;1030895
Key Up;Haut;1031047
Key Down;Droite;1031263
Key Up;Droite;1031359
Key Down;Bas;1031527
Key Up;Bas;1031639
Key Down;Droite;1031903
Key Up;Droite;1032031
Key Down;Bas;1032199
Key Up;Bas;1032423
Key Down;Gauche;1032638
Key Up;Gauche;1032823
Key Down;Haut;1033151
Key Up;Haut;1033303
Key Down;Droite;1033791
Key Up;Droite;1033943
Key Down;Haut;1034175
Key Up;Haut;1034295
Key Down;Gauche;1034375
Key Up;Gauche;1034575
Key Down;Droite;1035359
Key Up;Droite;1035487
Key Down;Haut;1035887
Key Up;Haut;1035959
Key Down;Gauche;1036295
Key Up;Gauche;1036446
Key Down;Haut;1036591
Key Up;Haut;1036702
Key Down;Droite;1037799
Key Up;Droite;1037935
Key Down;Haut;1038391
Key Up;Haut;1038535
Key Down;Gauche;1039143
Key Up;Gauche;1039327
Key Down;Bas;1040471
Key Up;Bas;1040631
Key Down;Gauche;1040863
Key Up;Gauche;1040999
Key Down;Haut;1041158
Key Up;Haut;1041287
Key Down;Gauche;1041479
Key Up;Gauche;1041623
Key Down;Bas;1041839
Key Up;Bas;1041967
Key Down;Gauche;1042159
Key Up;Gauche;1042263
Key Down;Bas;1042735
Key Up;Bas;1042839
Key Down;Droite;1043015
Key Up;Droite;1043175
Key Down;Bas;1043343
Key Up;Bas;1043487
Key Down;Gauche;1043535
Key Up;Gauche;1043783
Key Down;Bas;1044207
Key Up;Bas;1044303
Key Down;Droite;1044575
Key Up;Droite;1044695
Key Down;Bas;1044847
Key Up;Bas;1044967
Key Down;Gauche;1045975
Key Up;Gauche;1046135
Key Down;Bas;1046295
Key Up;Bas;1046471
Key Down;Droite;1046670
Key Up;Droite;1046999
Key Down;Haut;1047247
Key Up;Haut;1047423
Key Down;Gauche;1051999
Key Up;Gauche;1052111
Key Down;Gauche;1052727
Key Up;Gauche;1052823
Key Down;Bas;1053487
Key Up;Bas;1053583
Key Down;Droite;1053855
Key Up;Droite;1053951
Key Down;Bas;1054199
Key Down;Gauche;1054607
Key Up;Gauche;1054711
Key Down;Haut;1055447
Key Up;Haut;1055551
Key Down;Droite;1055783
Key Up;Droite;1055934
Key Up;Bas;1056575
Key Down;Droite;1056799
Key Up;Droite;1056919
Key Down;Haut;1057135
Key Up;Haut;1057263
Key Down;Droite;1057519
Key Up;Droite;1057599
Key Down;Gauche;1057791
Key Up;Gauche;1057967
Key Down;Bas;1058223
Key Up;Bas;1058359
Key Down;Haut;1058647
Key Up;Haut;1058783
Key Down;Droite;1058959
Key Up;Droite;1059143
Key Down;Haut;1059359
Key Up;Haut;1059511
Key Down;Gauche;1059663
Key Up;Gauche;1059855
Key Down;Haut;1059983
Key Up;Haut;1060119
Key Down;Droite;1060423
Key Up;Droite;1060599
Key Down;Haut;1061727
Key Up;Haut;1061927
Key Down;Droite;1062150
Key Up;Droite;1062311
Key Down;Haut;1062551
Key Up;Haut;1062727
Key Down;Gauche;1063279
Key Up;Gauche;1063511
Key Down;Bas;1063887
Key Up;Bas;1063999
Key Down;1;1094543
Key Up;1;1094614
Key Down;Haut;1100238
Key Up;Haut;1100399
Key Down;Droite;1105719
Key Up;Droite;1105847
Key Down;Droite;1106255
Key Up;Droite;1106359
Key Down;Droite;1107079
Key Up;Droite;1107191
Key Down;Haut;1107951
Key Up;Haut;1108062
Key Down;Droite;1108351
Key Up;Droite;1108479
Key Down;Haut;1109198
Key Up;Haut;1109319
Key Down;Gauche;1111527
Key Up;Gauche;1111639
Key Down;Haut;1112359
Key Up;Haut;1112486
Key Down;Gauche;1112630
Key Up;Gauche;1112791
Key Down;Gauche;1113238
Key Up;Gauche;1113342
Key Down;Bas;1114607
Key Up;Bas;1114767
Key Down;Droite;1115391
Key Up;Droite;1115630
Key Down;Bas;1117159
Key Up;Bas;1117295
Key Down;Gauche;1117815
Key Up;Gauche;1118055
Key Down;Haut;1118599
Key Up;Haut;1118750
Key Down;Gauche;1119039
Key Up;Gauche;1119223
Key Down;Bas;1119447
Key Up;Bas;1119798
Key Down;Gauche;1119966
Key Up;Gauche;1120126
Key Down;Droite;1121207
Key Up;Droite;1121335
Key Down;Bas;1121599
Key Up;Bas;1121726
Key Down;Droite;1122743
Key Up;Droite;1122887
Key Down;Bas;1123095
Key Up;Bas;1123238
Key Down;Gauche;1123502
Key Up;Gauche;1123702
Key Down;Bas;1123903
Key Up;Bas;1124014
Key Down;Gauche;1124295
Key Up;Gauche;1124478
Key Down;Haut;1125159
Key Up;Haut;1125271
Key Down;Droite;1125543
Key Up;Droite;1125622
Key Down;Bas;1126158
Key Up;Bas;1126359
Key Down;Droite;1127063
Key Up;Droite;1127167
Key Down;Haut;1129255
Key Up;Haut;1129359
Key Down;Gauche;1129919
Key Up;Gauche;1130143
Key Down;Droite;1130351
Key Up;Droite;1130558
Key Down;Haut;1130927
Key Up;Haut;1131030
Key Down;Bas;1131263
Key Up;Bas;1131399
Key Down;Droite;1131534
Key Up;Droite;1131671
Key Down;Bas;1131830
Key Up;Bas;1132358
Key Down;Gauche;1132719
Key Up;Gauche;1133023
Key Down;Haut;1133710
Key Up;Haut;1133878
Key Down;Gauche;1134159
Key Up;Gauche;1134359
Key Down;Haut;1134551
Key Up;Haut;1134655
Key Down;Gauche;1135031
Key Up;Gauche;1135102
Key Down;Gauche;1136062
Key Up;Gauche;1136214
Key Down;Bas;1136383
Key Up;Bas;1136502
Key Down;Gauche;1136710
Key Up;Gauche;1136895
Key Down;Bas;1137103
Key Up;Bas;1137279
Key Down;Gauche;1137550
Key Up;Gauche;1137926
Key Down;Haut;1138543
Key Up;Haut;1138663
Key Down;Droite;1139319
Key Up;Droite;1139462
Key Down;Haut;1139583
Key Up;Haut;1139742
Key Down;Droite;1139942
Key Up;Droite;1140183
Key Down;Gauche;1140591
Key Up;Gauche;1140862
Key Down;Haut;1140975
Key Up;Haut;1141031
Key Down;Haut;1141198
Key Up;Haut;1141374
Key Down;Droite;1143255
Key Up;Droite;1143431
Key Down;Haut;1143638
Key Up;Haut;1143782
Key Down;Gauche;1143951
Key Up;Gauche;1144207
Key Down;Bas;1144639
Key Up;Bas;1144775
Key Down;Droite;1144975
Key Up;Droite;1145287
Key Down;Bas;1145551
Key Up;Bas;1145719
Key Down;Haut;1145967
Key Up;Haut;1146095
Key Down;Droite;1147294
Key Up;Droite;1147415
Key Down;Haut;1149671
Key Up;Haut;1149791
Key Down;Gauche;1150039
Key Up;Gauche;1150222
Key Down;Bas;1151719
Key Up;Bas;1151814
Key Down;Droite;1152103
Key Up;Droite;1152215
Key Down;Haut;1158327
Key Up;Haut;1158430
Key Down;Gauche;1158671
Key Up;Gauche;1158767
Key Down;Bas;1159559
Key Up;Bas;1159647
Key Down;Droite;1159918
Key Up;Droite;1160078
Key Down;Haut;1162527
Key Up;Haut;1162662
Key Down;Gauche;1165039
Key Up;Gauche;1165159
Key Down;Bas;1167791
Key Up;Bas;1167863
Key Down;Gauche;1170238
Key Up;Gauche;1170359
Key Down;Bas;1170502
Key Up;Bas;1170591
Key Down;Droite;1170822
Key Up;Droite;1170870
Key Down;Droite;1171462
Key Up;Droite;1171671
Key Down;Haut;1172015
Key Up;Haut;1172175
Key Down;Bas;1172662
Key Up;Bas;1172790
Key Down;Droite;1173175
Key Up;Droite;1173303
Key Down;Haut;1173527
Key Up;Haut;1173670
Key Down;Droite;1173854
Key Up;Droite;1174023
Key Down;Haut;1174286
Key Up;Haut;1174414
Key Down;Droite;1174631
Key Up;Droite;1174750
Key Down;Bas;1174974
Key Up;Bas;1175111
Key Down;Droite;1175311
Key Up;Droite;1175463
Key Down;Bas;1175639
Key Up;Bas;1175822
Key Down;Gauche;1175943
Key Up;Gauche;1176167
Key Down;Droite;1177038
Key Up;Droite;1177199
Key Down;Gauche;1178471
Key Up;Gauche;1178550
Key Down;Droite;1178879
Key Up;Droite;1178950
Key Down;Haut;1179223
Key Up;Haut;1179239
Key Down;Droite;1180575
Key Up;Droite;1180743
Key Down;Haut;1180871
Key Up;Haut;1181014
Key Down;Gauche;1182982
Key Up;Gauche;1183142
Key Down;Bas;1183374
Key Up;Bas;1183494
Key Down;Gauche;1183695
Key Up;Gauche;1183863
Key Down;Gauche;1184223
Key Up;Gauche;1184359
Key Down;Haut;1184975
Key Up;Haut;1185159
Key Down;Gauche;1185407
Key Up;Gauche;1185567
Key Down;Bas;1185758
Key Up;Bas;1185983
Key Down;Gauche;1186094
Key Up;Gauche;1186254
Key Down;Droite;1186471
Key Up;Droite;1186654
Key Down;Gauche;1187022
Key Up;Gauche;1187254
Key Down;Droite;1192255
Key Up;Droite;1192390
Key Down;Droite;1192711
Key Up;Droite;1192878
Key Down;Haut;1193295
Key Up;Haut;1193399
Key Down;Droite;1193638
Key Up;Droite;1193798
Key Down;Bas;1194230
Key Up;Bas;1194414
Key Down;Droite;1194639
Key Up;Droite;1194822
Key Down;Bas;1195094
Key Up;Bas;1195326
Key Down;Gauche;1195783
Key Up;Gauche;1196150
Key Down;Haut;1196231
Key Up;Haut;1196662
Key Down;Droite;1196911
Key Up;Droite;1197223
Key Down;Haut;1197262
Key Up;Haut;1197647
Key Down;Droite;1200414
Key Up;Droite;1200550
Key Down;Haut;1200719
Key Up;Haut;1200830
Key Down;Gauche;1201031
Key Up;Gauche;1201270
Key Down;Bas;1201710
Key Up;Bas;1201854
Key Down;Gauche;1202111
Key Up;Gauche;1202214
Key Down;Haut;1202366
Key Up;Haut;1202510
Key Down;Gauche;1202710
Key Up;Gauche;1202870
Key Down;Bas;1203806
Key Up;Bas;1203983
Key Down;Gauche;1204134
Key Up;Gauche;1204358
Key Down;Bas;1204462
Key Up;Bas;1204639
Key Down;Droite;1204790
Key Up;Droite;1205159
Key Down;Gauche;1205527
Key Up;Gauche;1205567
Key Down;Droite;1206015
Key Up;Droite;1206167
Key Down;Haut;1206494
Key Up;Haut;1206694
Key Down;Gauche;1206919
Key Up;Gauche;1207086
Key Down;Droite;1207207
Key Up;Droite;1207438
Key Down;Haut;1208006
Key Up;Haut;1208166
Key Down;Gauche;1208286
Key Up;Gauche;1208646
Key Down;Bas;1209447
Key Up;Bas;1209663
Key Down;Gauche;1209759
Key Up;Gauche;1209926
Key Down;Haut;1210103
Key Up;Haut;1210238
Key Down;Gauche;1210503
Key Up;Gauche;1210670
Key Down;Bas;1211223
Key Up;Bas;1211350
Key Down;Droite;1211558
Key Up;Droite;1211727
Key Down;Bas;1229014
Key Up;Bas;1229118
Key Down;Gauche;1229406
Key Up;Gauche;1229502
Key Down;Bas;1229839
Key Up;Bas;1229942
Key Down;Droite;1230287
Key Up;Droite;1230430
Key Down;Haut;1231086
Key Up;Haut;1231206
Key Down;Gauche;1231414
Key Up;Gauche;1231526
Key Down;Droite;1231742
Key Up;Droite;1231862
Key Down;Bas;1232030
Key Up;Bas;1232174
Key Down;Droite;1232374
Key Up;Droite;1232534
Key Down;Gauche;1233182
Key Up;Gauche;1233382
Key Down;Haut;1233510
Key Up;Haut;1233630
Key Down;Droite;1233822
Key Up;Droite;1234014
Key Down;Haut;1234270
Key Up;Haut;1234406
Key Down;Gauche;1234878
Key Up;Gauche;1234975
Key Down;Haut;1235702
Key Up;Haut;1235814
Key Down;Gauche;1236006
Key Up;Gauche;1236174
Key Down;Haut;1237086
Key Up;Haut;1237206
Key Down;Gauche;1237607
Key Up;Gauche;1237726
Key Down;Haut;1237902
Key Up;Haut;1238014
Key Down;Droite;1238286
Key Up;Droite;1238662
Key Down;Haut;1238918
Key Up;Haut;1239078
Key Down;Gauche;1239334
Key Up;Gauche;1239446
Key Down;Haut;1239606
Key Up;Haut;1239710
Key Down;Droite;1239950
Key Up;Droite;1240134
Key Down;Haut;1240566
Key Up;Haut;1240686
Key Down;Droite;1241327
Key Up;Droite;1241454
Key Down;Bas;1242415
Key Up;Bas;1242590
Key Down;Droite;1242878
Key Up;Droite;1242998
Key Down;Bas;1243950
Key Up;Bas;1244118
Key Down;Gauche;1244727
Key Up;Gauche;1244846
Key Down;Haut;1245022
Key Up;Haut;1245158
Key Down;Gauche;1245358
Key Up;Gauche;1245526
Key Down;Haut;1245934
Key Up;Haut;1246142
Key Down;Gauche;1246319
Key Up;Gauche;1246470
Key Down;Bas;1246646
Key Up;Bas;1246846
Key Down;Gauche;1247134
Key Up;Gauche;1247278
Key Down;Haut;1247526
Key Up;Haut;1247694
Key Down;Gauche;1248054
Key Up;Gauche;1248238
Key Down;Bas;1249486
Key Up;Bas;1249686
Key Down;Droite;1250214
Key Up;Droite;1250335
Key Down;Bas;1250806
Key Up;Bas;1250990
Key Down;Gauche;1251855
Key Up;Gauche;1252054
Key Down;Bas;1252350
Key Up;Bas;1252438
Key Down;Droite;1252646
Key Up;Droite;1252814
Key Down;Bas;1253038
Key Up;Bas;1253126
Key Down;Haut;1253279
Key Up;Haut;1253406
Key Down;Gauche;1253510
Key Up;Gauche;1253670
Key Down;Haut;1255070
Key Up;Haut;1255246
Key Down;Droite;1255934
Key Up;Droite;1256118
Key Down;Haut;1256334
Key Up;Haut;1256502
Key Down;Gauche;1256751
Key Up;Gauche;1257046
Key Down;Haut;1257358
Key Up;Haut;1257534
Key Down;Droite;1257726
Key Up;Droite;1257845
Key Down;Gauche;1257933
Key Up;Gauche;1258070
Key Down;Droite;1258494
Key Up;Droite;1258622
Key Down;Haut;1258783
Key Up;Haut;1259006
Key Down;Gauche;1259062
Key Up;Gauche;1259238
Key Down;Haut;1259358
Key Up;Haut;1259662
Key Down;Gauche;1259775
Key Up;Gauche;1260014
Key Down;Bas;1260350
Key Up;Bas;1260550
Key Down;Gauche;1261494
Key Up;Gauche;1261662
Key Down;Bas;1261918
Key Up;Bas;1262030
Key Down;1;1269742
Key Up;1;1269878
Key Down;Haut;1274542
Key Up;Haut;1274662
Key Down;Gauche;1274846
Key Up;Gauche;1274950
Key Down;Gauche;1275558
Key Up;Gauche;1275662
Key Down;Haut;1276414
Key Up;Haut;1276510
Key Down;Gauche;1278086
Key Up;Gauche;1278214
Key Down;Bas;1279534
Key Up;Bas;1279653
Key Down;Gauche;1281174
Key Up;Gauche;1281318
Key Down;Bas;1282038
Key Up;Bas;1282150
Key Down;Droite;1282454
Key Up;Droite;1282622
Key Down;Haut;1283310
Key Up;Haut;1283390
Key Down;Bas;1283542
Key Up;Bas;1283718
Key Down;Droite;1283878
Key Up;Droite;1283982
Key Down;Gauche;1284758
Key Up;Gauche;1285086
Key Down;Bas;1286222
Key Up;Bas;1286334
Key Down;Droite;1286494
Key Up;Droite;1286830
Key Down;Bas;1286902
Key Up;Bas;1287206
Key Down;Gauche;1287238
Key Up;Gauche;1287502
Key Down;Haut;1289078
Key Up;Haut;1289230
Key Down;Droite;1289862
Key Up;Droite;1290022
Key Down;Gauche;1290118
Key Up;Gauche;1290318
Key Down;Haut;1290702
Key Up;Haut;1290830
Key Down;Droite;1293238
Key Up;Droite;1293374
Key Down;Haut;1294053
Key Up;Haut;1294182
Key Down;Droite;1294398
Key Up;Droite;1294566
Key Down;Bas;1295814
Key Up;Bas;1295942
Key Down;Droite;1296198
Key Up;Droite;1296318
Key Down;Bas;1297006
Key Up;Bas;1297101
Key Down;Gauche;1299654
Key Up;Gauche;1299806
Key Down;Bas;1299966
Key Up;Bas;1300086
Key Down;Droite;1300814
Key Up;Droite;1300974
Key Down;Gauche;1301182
Key Up;Gauche;1301446
Key Down;Haut;1303118
Key Up;Haut;1303237
Key Down;Droite;1303503
Key Up;Droite;1303694
Key Down;Haut;1303926
Key Up;Haut;1304070
Key Down;Gauche;1304206
Key Up;Gauche;1304430
Key Down;Haut;1305438
Key Up;Haut;1305582
Key Down;Droite;1307990
Key Up;Droite;1308102
Key Down;Bas;1308342
Key Up;Bas;1308494
Key Down;Droite;1308734
Key Up;Droite;1309022
Key Down;Haut;1309686
Key Up;Haut;1309774
Key Down;Droite;1310142
Key Up;Droite;1310382
Key Down;Haut;1312134
Key Up;Haut;1312349
Key Down;Gauche;1312526
Key Up;Gauche;1312806
Key Down;Bas;1313222
Key Up;Bas;1313406
Key Down;Gauche;1315022
Key Up;Gauche;1315174
Key Down;Haut;1316710
Key Up;Haut;1316902
Key Down;Gauche;1317222
Key Up;Gauche;1317373
Key Down;Haut;1318165
Key Up;Haut;1318366
Key Down;Haut;1319310
Key Up;Haut;1319454
Key Down;Gauche;1319710
Key Up;Gauche;1319862
Key Down;Bas;1320334
Key Up;Bas;1320494
Key Down;Droite;1320742
Key Up;Droite;1320886
Key Down;Bas;1321006
Key Up;Bas;1321158
Key Down;Gauche;1323149
Key Up;Gauche;1323333
Key Down;Bas;1323438
Key Up;Bas;1323557
Key Down;Droite;1324166
Key Up;Droite;1324486
Key Down;Haut;1327110
Key Up;Haut;1327326
Key Down;Bas;1335406
Key Up;Bas;1335534
Key Down;Droite;1336221
Key Up;Droite;1336390
Key Down;Haut;1336854
Key Up;Haut;1337078
Key Down;Gauche;1337542
Key Up;Gauche;1337709
Key Down;Haut;1337918
Key Up;Haut;1338046
Key Down;Droite;1341166
Key Up;Droite;1341278
Key Down;Haut;1341917
Key Up;Haut;1342013
Key Down;Droite;1342254
Key Up;Droite;1342373
Key Down;Bas;1343598
Key Up;Bas;1343734
Key Down;Gauche;1343926
Key Up;Gauche;1344094
Key Down;Bas;1344326
Key Up;Bas;1344438
Key Down;Droite;1344742
Key Up;Droite;1344869
Key Down;Gauche;1344934
Key Up;Gauche;1345149
Key Down;Haut;1345294
Key Up;Haut;1345421
Key Down;Gauche;1345758
Key Up;Gauche;1345942
Key Down;Bas;1346878
Key Up;Bas;1346990
Key Down;Droite;1347286
Key Up;Droite;1347742
Key Down;Haut;1348078
Key Up;Haut;1348350
Key Down;Droite;1348542
Key Up;Droite;1348790
Key Down;Bas;1349997
Key Up;Bas;1350142
Key Down;Droite;1355710
Key Up;Droite;1355806
Key Down;Droite;1356238
Key Up;Droite;1356318
Key Down;Droite;1356861
Key Up;Droite;1356966
Key Down;Haut;1357630
Key Up;Haut;1357829
Key Down;Droite;1358062
Key Up;Droite;1358214
Key Down;Haut;1358878
Key Up;Haut;1358989
Key Down;Gauche;1360789
Key Up;Gauche;1361038
Key Down;Bas;1361166
Key Up;Bas;1361342
Key Down;Gauche;1361478
Key Up;Gauche;1361998
Key Down;Haut;1362310
Key Up;Haut;1362518
Key Down;Gauche;1362750
Key Up;Gauche;1362966
Key Down;Bas;1364054
Key Up;Bas;1364182
Key Down;Gauche;1365397
Key Up;Gauche;1365837
Key Down;Bas;1366934
Key Up;Bas;1367077
Key Down;Droite;1367342
Key Up;Droite;1367454
Key Down;Gauche;1367654
Key Up;Gauche;1367902
Key Down;Haut;1368062
Key Up;Haut;1368246
Key Down;Gauche;1372710
Key Up;Gauche;1372838
Key Down;Gauche;1373206
Key Up;Gauche;1373302
Key Down;Haut;1374238
Key Up;Haut;1374374
Key Down;Gauche;1374550
Key Up;Gauche;1374678
Key Down;Bas;1375302
Key Up;Bas;1375438
Key Down;Droite;1375661
Key Up;Droite;1375813
Key Down;Bas;1376622
Key Up;Bas;1376853
Key Down;Gauche;1376990
Key Up;Gauche;1377182
Key Down;Bas;1377318
Key Up;Bas;1377494
Key Down;Gauche;1377694
Key Up;Gauche;1377813
Key Down;Droite;1377934
Key Up;Droite;1378157
Key Down;Haut;1379694
Key Up;Haut;1379837
Key Down;Droite;1380366
Key Up;Droite;1380558
Key Down;Haut;1380822
Key Up;Haut;1380941
Key Down;Bas;1381141
Key Up;Bas;1381262
Key Down;Gauche;1381366
Key Up;Gauche;1381582
Key Down;Bas;1382398
Key Up;Bas;1382589
Key Down;Droite;1382773
Key Up;Droite;1382966
Key Down;Bas;1383110
Key Up;Bas;1383334
Key Down;Droite;1383509
Key Up;Droite;1383710
Key Down;Haut;1384606
Key Up;Haut;1384734
Key Down;Gauche;1385294
Key Up;Gauche;1385461
Key Down;Haut;1385606
Key Up;Haut;1385734
Key Down;Droite;1387662
Key Up;Droite;1387830
Key Down;Haut;1387966
Key Up;Haut;1388118
Key Down;Gauche;1388278
Key Up;Gauche;1388566
Key Down;Bas;1388941
Key Up;Bas;1389109
Key Down;Gauche;1389190
Key Up;Gauche;1389342
Key Down;Haut;1390829
Key Up;Haut;1391037
Key Down;Gauche;1391229
Key Up;Gauche;1391413
Key Down;Bas;1391846
Key Up;Bas;1392029
Key Down;Droite;1392198
Key Up;Droite;1392358
Key Down;Bas;1394486
Key Up;Bas;1394573
Key Down;Haut;1408646
Key Up;Haut;1408749
Key Down;Gauche;1409006
Key Up;Gauche;1409109
Key Down;Droite;1410726
Key Up;Droite;1410829
Key Down;Haut;1411070
Key Up;Haut;1411190
Key Down;Gauche;1411814
Key Up;Gauche;1412061
Key Down;Droite;1412694
Key Up;Droite;1412941
Key Down;Gauche;1413030
Key Up;Gauche;1413125
Key Down;Gauche;1413237
Key Up;Gauche;1413318
Key Down;Bas;1413510
Key Up;Bas;1413653
Key Down;Droite;1413805
Key Up;Droite;1413966
Key Down;Bas;1414078
Key Up;Bas;1414262
Key Down;Gauche;1415382
Key Up;Gauche;1415493
Key Down;Bas;1415757
Key Up;Bas;1415886
Key Down;Droite;1416110
Key Up;Droite;1416382
Key Down;Haut;1416741
Key Up;Haut;1416942
Key Down;Gauche;1417406
Key Up;Gauche;1417549
Key Down;Droite;1417734
Key Up;Droite;1417838
Key Down;Bas;1418021
Key Up;Bas;1418134
Key Down;Droite;1418358
Key Up;Droite;1418510
Key Down;Haut;1418661
Key Up;Haut;1418806
Key Down;Droite;1419013
Key Up;Droite;1419158
Key Down;Haut;1419853
Key Up;Haut;1419973
Key Down;Droite;1420149
Key Up;Droite;1420246
Key Down;Haut;1421317
Key Up;Haut;1421406
Key Down;Droite;1421774
Key Up;Droite;1421878
Key Down;Haut;1422077
Key Up;Haut;1422197
Key Down;Gauche;1422422
Key Up;Gauche;1422565
Key Down;Droite;1423054
Key Up;Droite;1423221
Key Down;1;1428678
Key Up;1;1428782
Key Down;Haut;1433414
Key Up;Haut;1433558
Key Down;Haut;1433790
Key Up;Haut;1433910
Key Down;Haut;1434333
Key Up;Haut;1434429
Key Down;Bas;1435294
Key Up;Bas;1435429
Key Down;Droite;1435637
Key Down;Haut;1435726
Key Up;Droite;1435734
Key Up;Haut;1435829
Key Down;Droite;1436101
Key Up;Droite;1436262
Key Down;Bas;1436653
Key Up;Bas;1436838
Key Down;Droite;1437509
Key Up;Droite;1437622
Key Down;Haut;1439734
Key Up;Haut;1439845
Key Down;Droite;1440862
Key Up;Droite;1440957
Key Down;Haut;1441301
Key Up;Haut;1441405
Key Down;Gauche;1444069
Key Up;Gauche;1444198
Key Down;Bas;1444446
Key Up;Bas;1444557
Key Down;Gauche;1444798
Key Up;Gauche;1445077
Key Down;Haut;1451494
Key Up;Haut;1451654
Key Down;Gauche;1451886
Key Up;Gauche;1452045
Key Down;Bas;1452806
Key Up;Bas;1452885
Key Down;Droite;1453389
Key Up;Droite;1453781
Key Down;Haut;1455494
Key Up;Haut;1455670
Key Down;Droite;1455917
Key Up;Droite;1456077
Key Down;Haut;1456741
Key Up;Haut;1456885
Key Down;Droite;1457038
Key Up;Droite;1457198
Key Down;Gauche;1458405
Key Up;Gauche;1458597
Key Down;Haut;1465326
Key Up;Haut;1465421
Key Down;Droite;1468006
Key Up;Droite;1468126
Key Down;Bas;1468445
Key Up;Bas;1468550
Key Down;Droite;1468909
Key Up;Droite;1469029
Key Down;Droite;1469398
Key Up;Droite;1469510
Key Down;Haut;1470150
Key Up;Haut;1470389
Key Down;Droite;1470725
Key Up;Droite;1470885
Key Down;Bas;1471197
Key Up;Bas;1471334
Key Down;Droite;1471629
Key Up;Droite;1471942
Key Down;Haut;1472565
Key Up;Haut;1472717
Key Down;Gauche;1473030
Key Up;Gauche;1473182
Key Down;Droite;1473758
Key Up;Droite;1473870
Key Down;Haut;1473949
Key Up;Haut;1474046
Key Down;Gauche;1474397
Key Up;Gauche;1474542
Key Down;Droite;1475525
Key Up;Droite;1475662
Key Down;Bas;1476581
Key Up;Bas;1476734
Key Down;Gauche;1476942
Key Up;Gauche;1477142
Key Down;Haut;1478525
Key Up;Haut;1478645
Key Down;Gauche;1478909
Key Up;Gauche;1479045
Key Down;Bas;1479582
Key Up;Bas;1479734
Key Down;Droite;1480062
Key Up;Droite;1480254
Key Down;Haut;1480950
Key Up;Haut;1481109
Key Down;Droite;1481285
Key Up;Droite;1481542
Key Down;Bas;1482318
Key Up;Bas;1482502
Key Down;Droite;1482709
Key Up;Droite;1482877
Key Down;Haut;1483013
Key Up;Haut;1483133
Key Down;Droite;1483358
Key Up;Droite;1483542
Key Down;Bas;1484133
Key Up;Bas;1484342
Key Down;Gauche;1484493
Key Up;Gauche;1484637
Key Down;Droite;1484869
Key Up;Droite;1484966
Key Down;Gauche;1485309
Key Up;Gauche;1485381
Key Down;Droite;1485637
Key Up;Droite;1485654
Key Down;Gauche;1486205
Key Up;Gauche;1486246
Key Down;Bas;1486413
Key Up;Bas;1486501
Key Down;Droite;1488533
Key Up;Droite;1488733
Key Down;Bas;1488893
Key Up;Bas;1489037
Key Down;Gauche;1489614
Key Up;Gauche;1489893
Key Down;Haut;1490157
Key Up;Haut;1490325
Key Down;Gauche;1490789
Key Up;Gauche;1491038
Key Down;Bas;1491597
Key Up;Bas;1491701
Key Down;Droite;1491782
Key Up;Droite;1492157
Key Down;Bas;1492309
Key Up;Bas;1492525
Key Down;Gauche;1492637
Key Up;Gauche;1492845
Key Down;Haut;1493629
Key Up;Haut;1493750
Key Down;Droite;1493997
Key Up;Droite;1494149
Key Down;Haut;1494397
Key Up;Haut;1494501
Key Down;Gauche;1494645
Key Up;Gauche;1494789
Key Down;Bas;1495317
Key Up;Bas;1495533
Key Down;Gauche;1495958
Key Up;Gauche;1496101
Key Down;Gauche;1496541
Key Up;Gauche;1496669
Key Down;Haut;1497158
Key Up;Haut;1497437
Key Down;Haut;1503773
Key Up;Haut;1503893
Key Down;Gauche;1504117
Key Up;Gauche;1504221
Key Down;Haut;1504853
Key Up;Haut;1504973
Key Down;Gauche;1507853
Key Up;Gauche;1507981
Key Down;Haut;1508149
Key Up;Haut;1508277
Key Down;Droite;1508485
Key Up;Droite;1508701
Key Down;Bas;1509190
Key Up;Bas;1509317
Key Down;Gauche;1509557
Key Up;Gauche;1509669
Key Down;Droite;1509813
Key Up;Droite;1509949
Key Down;Haut;1510421
Key Up;Haut;1510525
Key Down;Droite;1510749
Key Up;Droite;1510869
Key Down;Bas;1511909
Key Up;Bas;1512037
Key Down;Droite;1512261
Key Up;Droite;1512373
Key Down;Haut;1512589
Key Up;Haut;1512677
Key Down;Bas;1513085
Key Up;Bas;1513197
Key Down;Gauche;1514302
Key Up;Gauche;1514589
Key Down;Haut;1515069
Key Up;Haut;1515237
Key Down;Droite;1515549
Key Up;Droite;1515661
Key Down;Gauche;1515941
Key Up;Gauche;1516061
Key Down;Droite;1517197
Key Up;Droite;1517405
Key Down;1;1524397
Key Up;1;1524461
Key Down;Bas;1530421
Key Up;Bas;1530508
Key Down;Droite;1531333
Key Up;Droite;1531413
Key Down;Haut;1533997
Key Up;Haut;1534133
Key Down;Droite;1534701
Key Up;Droite;1534829
Key Down;Haut;1535061
Key Up;Haut;1535125
Key Down;Gauche;1536205
Key Up;Gauche;1536277
Key Down;Haut;1536382
Key Up;Haut;1536486
Key Down;Droite;1538245
Key Up;Droite;1538293
Key Down;Bas;1538405
Key Up;Bas;1538525
Key Down;Gauche;1543461
Key Up;Gauche;1543557
Key Down;Haut;1544413
Key Up;Haut;1544565
Key Down;Gauche;1544829
Key Up;Gauche;1544909
Key Down;Bas;1545789
Key Up;Bas;1545869
Key Down;Haut;1546037
Key Up;Haut;1546085
Key Down;Droite;1548621
Key Up;Droite;1548749
Key Down;Haut;1549549
Key Up;Haut;1549628
Key Down;Droite;1549957
Key Up;Droite;1550029
Key Down;Bas;1551325
Key Up;Bas;1551453
Key Down;Droite;1551709
Key Up;Droite;1551821
Key Down;Bas;1552509
Key Up;Bas;1552621
Key Down;Droite;1553109
Key Up;Droite;1553205
Key Down;Haut;1554469
Key Up;Haut;1554565
Key Down;Droite;1554869
Key Up;Droite;1554980
Key Down;Droite;1555396
Key Up;Droite;1555501
Key Down;Bas;1555741
Key Up;Bas;1555861
Key Down;Droite;1556237
Key Up;Droite;1556317
Key Down;Gauche;1557245
Key Up;Gauche;1557341
Key Down;Droite;1564805
Key Up;Droite;1564885
Key Down;Bas;1565397
Key Up;Bas;1565492
Key Down;Droite;1566173
Key Up;Droite;1566301
Key Down;Haut;1566541
Key Up;Haut;1566636
Key Down;Droite;1566853
Key Up;Droite;1566989
Key Down;Haut;1567373
Key Up;Haut;1567453
Key Down;Droite;1567637
Key Up;Droite;1567765
Key Down;Gauche;1568949
Key Up;Gauche;1569029
Key Down;Haut;1569181
Key Up;Haut;1569245
Key Down;Droite;1569573
Key Up;Droite;1569668
Key Down;Bas;1570477
Key Up;Bas;1570573
Key Down;Droite;1570829
Key Up;Droite;1570933
Key Down;Bas;1571221
Key Up;Bas;1571365
Key Down;Gauche;1571989
Key Up;Gauche;1572149
Key Down;Haut;1573029
Key Up;Haut;1573141
Key Down;Gauche;1573349
Key Up;Gauche;1573453
Key Down;Haut;1573709
Key Up;Haut;1573861
Key Down;Droite;1574037
Key Up;Droite;1574149
Key Down;Haut;1574389
Key Up;Haut;1574501
Key Down;Droite;1574709
Key Up;Droite;1574828
Key Down;Haut;1575205
Key Up;Haut;1575445
Key Down;Haut;1575605
Key Up;Haut;1575621
Key Down;Droite;1577197
Key Up;Droite;1577333
Key Down;Haut;1577493
Key Up;Haut;1577613
Key Down;Gauche;1577845
Key Up;Gauche;1577980
Key Down;Bas;1578581
Key Up;Bas;1578709
Key Down;Gauche;1579501
Key Up;Gauche;1579597
Key Down;Haut;1580333
Key Up;Haut;1580461
Key Down;Droite;1580844
Key Up;Droite;1580973
Key Down;Gauche;1581189
Key Up;Gauche;1581269
Key Down;Droite;1582173
Key Up;Droite;1582269
Key Down;Bas;1582397
Key Up;Bas;1582469
Key Down;Gauche;1582589
Key Up;Gauche;1582685
Key Down;Gauche;1583053
Key Up;Gauche;1583141
Key Down;Haut;1583693
Key Up;Haut;1583813
Key Down;Bas;1584661
Key Up;Bas;1584749
Key Down;Gauche;1585165
Key Up;Gauche;1585229
Key Down;Haut;1585437
Key Up;Haut;1585533
Key Down;1;1596004
Key Up;1;1596117
Key Down;Haut;1600797
Key Up;Haut;1600941
Key Down;Gauche;1601125
Key Up;Gauche;1601197
Key Down;Gauche;1601693
Key Up;Gauche;1601788
Key Down;Bas;1602549
Key Up;Bas;1602685
Key Down;Droite;1602917
Key Up;Droite;1603053
Key Down;Bas;1604229
Key Up;Bas;1604325
Key Down;Gauche;1604573
Key Up;Gauche;1604701
Key Down;Bas;1604989
Key Up;Bas;1605109
Key Down;Droite;1605381
Key Up;Droite;1605469
Key Down;Haut;1607165
Key Up;Haut;1607277
Key Down;Droite;1607924
Key Up;Droite;1608037
Key Down;Haut;1608309
Key Up;Haut;1608397
Key Down;Gauche;1609021
Key Up;Gauche;1609077
Key Down;Bas;1610485
Key Up;Bas;1610653
Key Down;Droite;1610860
Key Up;Droite;1611005
Key Down;Bas;1611269
Key Up;Bas;1611429
Key Down;Droite;1611589
Key Up;Droite;1611717
Key Down;Haut;1612477
Key Up;Haut;1612629
Key Down;Haut;1612957
Key Up;Haut;1613085
Key Down;Bas;1613693
Key Up;Bas;1613845
Key Down;Gauche;1613988
Key Up;Gauche;1614605
Key Down;Haut;1615117
Key Up;Haut;1615261
Key Down;Gauche;1615453
Key Up;Gauche;1615549
Key Down;Haut;1615805
Key Up;Haut;1616013
Key Down;Haut;1616604
Key Up;Haut;1616765
Key Down;Haut;1617012
Key Up;Haut;1617100
Key Down;Haut;1618036
Key Up;Haut;1618149
Key Down;Droite;1618437
Key Up;Droite;1618548
Key Down;Haut;1618757
Key Up;Haut;1618877
Key Down;Droite;1619069
Key Up;Droite;1619221
Key Down;Bas;1619941
Key Up;Bas;1620044
Key Down;Haut;1620197
Key Up;Haut;1620293
Key Down;Gauche;1626157
Key Up;Gauche;1626244
Key Down;Gauche;1626669
Key Up;Gauche;1626780
Key Down;Bas;1628053
Key Up;Bas;1628157
Key Down;Droite;1628781
Key Up;Droite;1628925
Key Down;Gauche;1629405
Key Up;Gauche;1629492
Key Down;Haut;1630485
Key Up;Haut;1630628
Key Down;Droite;1631460
Key Up;Droite;1631572
Key Down;Haut;1631733
Key Up;Haut;1631781
Key Down;Gauche;1635133
Key Up;Gauche;1635221
Key Down;Haut;1635429
Key Up;Haut;1635540
Key Down;Droite;1635781
Key Up;Droite;1635941
Key Down;Bas;1636476
Key Up;Bas;1636637
Key Down;Gauche;1636805
Key Up;Gauche;1636948
Key Down;Droite;1637125
Key Up;Droite;1637205
Key Down;Bas;1637373
Key Up;Bas;1637469
Key Down;Gauche;1637797
Key Up;Gauche;1637949
Key Down;Droite;1638404
Key Up;Droite;1638516
Key Down;Haut;1639165
Key Up;Haut;1639309
Key Down;Droite;1639557
Key Up;Droite;1639717
Key Down;Bas;1639997
Key Up;Bas;1640124
Key Down;Droite;1640413
Key Up;Droite;1640573
Key Down;Gauche;1641077
Key Up;Gauche;1641173
Key Down;Droite;1641628
Key Up;Droite;1641669
Key Down;Droite;1641733
Key Up;Droite;1641821
Key Down;Gauche;1642525
Key Up;Gauche;1642644
Key Down;Droite;1647164
Key Up;Droite;1647293
Key Down;Droite;1647581
Key Up;Droite;1647701
Key Down;Droite;1647981
Key Up;Droite;1648109
Key Down;Droite;1648453
Key Up;Droite;1648628
Key Down;Haut;1650044
Key Up;Haut;1650637
Key Down;Gauche;1652757
Key Up;Gauche;1652893
Key Down;Bas;1653117
Key Up;Bas;1653237
Key Down;Haut;1653524
Key Up;Haut;1653645
Key Down;Gauche;1653853
Key Up;Gauche;1653933
Key Down;Droite;1654605
Key Up;Droite;1654685
Key Down;Haut;1654861
Key Up;Haut;1654917
Key Down;Gauche;1655125
Key Up;Gauche;1655236
Key Down;Gauche;1655772
Key Up;Gauche;1655828
Key Down;Bas;1657709
Key Up;Bas;1657828
Key Down;Gauche;1658077
Key Up;Gauche;1658213
Key Down;Bas;1658596
Key Up;Bas;1658716
Key Down;Bas;1659028
Key Up;Bas;1659149
Key Down;Bas;1659908
Key Up;Bas;1659924
Key Down;Bas;1660045
Key Up;Bas;1660085
Key Down;Bas;1660173
Key Up;Bas;1660205
Key Down;Bas;1660317
Key Up;Bas;1660341
Key Down;Bas;1660437
Key Up;Bas;1660469
Key Down;Bas;1660565
Key Up;Bas;1660605
Key Down;Bas;1660709
Key Up;Bas;1660741
Key Down;Bas;1660845
Key Up;Bas;1660877
Key Down;Bas;1660989
Key Up;Bas;1661013
Key Down;1;1666365
Key Up;1;1666461
Key Down;Gauche;1670589
Key Down;Bas;1672437
Key Up;Gauche;1672445
Key Up;Bas;1673340
Key Down;Droite;1673349
Key Up;Droite;1674324
Key Down;Haut;1675989
Key Up;Haut;1676124
Key Down;Droite;1676693
Key Up;Droite;1676812
Key Down;Haut;1676989
Key Up;Haut;1677084
Key Down;Haut;1677477
Key Up;Haut;1677556
Key Down;Gauche;1677837
Key Up;Gauche;1677860
Key Down;Haut;1678076
Key Up;Haut;1678172
Key Down;Droite;1680101
Key Up;Droite;1680149
Key Down;Bas;1680181
Key Up;Bas;1680245
Key Down;Bas;1681149
Key Up;Bas;1681228
Key Down;Gauche;1681237
Key Up;Gauche;1681317
Key Down;Haut;1686244
Key Up;Haut;1686373
Key Down;Gauche;1686733
Key Up;Gauche;1686821
Key Down;Bas;1687661
Key Up;Bas;1687732
Key Down;Haut;1687892
Key Up;Haut;1687956
Key Down;Gauche;1690948
Key Up;Gauche;1691060
Key Down;Droite;1691509
Key Up;Droite;1691628
Key Down;Haut;1692572
Key Up;Haut;1692700
Key Down;Droite;1692909
Key Up;Droite;1693021
Key Down;Droite;1693444
Key Up;Droite;1693557
Key Down;Bas;1694820
Key Up;Bas;1694972
Key Down;Droite;1695453
Key Up;Droite;1695517
Key Down;Bas;1696300
Key Up;Bas;1696381
Key Down;Gauche;1698396
Key Up;Gauche;1698508
Key Down;Bas;1699124
Key Up;Bas;1699349
Key Down;Droite;1699589
Key Up;Droite;1699708
Key Down;Gauche;1699876
Key Up;Gauche;1699996
Key Down;Bas;1707837
Key Up;Bas;1708012
Key Down;Droite;1708732
Key Up;Droite;1708884
Key Down;Haut;1709140
Key Up;Haut;1709284
Key Down;Droite;1709501
Key Up;Droite;1709645
Key Down;Haut;1709876
Key Up;Haut;1710004
Key Down;Droite;1710228
Key Up;Droite;1710356
Key Down;Bas;1710572
Key Up;Bas;1710740
Key Down;Droite;1711013
Key Up;Droite;1711117
Key Down;Bas;1711444
Key Up;Bas;1711556
Key Down;Droite;1711820
Key Up;Droite;1711924
Key Down;Haut;1712780
Key Up;Haut;1712956
Key Down;Gauche;1713604
Key Up;Gauche;1713700
Key Down;Haut;1713860
Key Up;Haut;1713932
Key Down;Gauche;1714349
Key Up;Gauche;1714421
Key Down;Haut;1714596
Key Up;Haut;1714708
Key Down;Droite;1716756
Key Up;Droite;1716884
Key Down;Haut;1717069
Key Up;Haut;1717189
Key Down;Gauche;1717357
Key Up;Gauche;1717452
Key Down;Gauche;1717924
Key Up;Gauche;1718012
Key Down;Bas;1718517
Key Up;Bas;1718645
Key Down;Gauche;1719452
Key Up;Gauche;1719572
Key Down;Haut;1720212
Key Up;Haut;1720341
Key Down;Droite;1720669
Key Up;Droite;1720757
Key Down;Gauche;1721244
Key Up;Gauche;1721341
Key Down;Bas;1723828
Key Up;Bas;1723932
Key Down;Droite;1724292
Key Up;Droite;1724436
Key Down;Haut;1725180
Key Up;Haut;1725300
Key Down;Bas;1725716
Key Up;Bas;1725860
Key Down;Gauche;1726204
Key Up;Gauche;1726309
Key Down;Bas;1726756
Key Up;Bas;1726885
Key Down;Droite;1727085
Key Up;Droite;1727173
Key Down;Bas;1727381
Key Up;Bas;1727509
Key Down;Bas;1728141
Key Up;Bas;1728205
Key Down;Bas;1728284
Key Up;Bas;1728341
Key Down;Bas;1728429
Key Up;Bas;1728469
Key Down;Bas;1728548
Key Up;Bas;1728605
Key Down;Bas;1728693
Key Up;Bas;1728725
Key Down;Left Alt;1731541
Key Down;Tab;1731653
Key Up;Left Alt;1732125
Key Up;Tab;1732159
