Event;Key;Time
Key Down;Left Alt;635
Key Down;Tab;768
Key Up;Tab;902
Key Down;Tab;2083
Key Up;Tab;2200
Key Down;Tab;2315
Key Up;Tab;2422
Key Up;Left Alt;2490
Key Down;Z;12377
Key Up;Z;12598
Key Down;D;12676
Key Down;S;12887
Key Up;D;12942
Key Down;Q;13001
Key Up;S;13104
Key Up;Q;13174
Key Down;Espace;14218
Key Up;Espace;14408
Key Down;D;27671
Key Down;S;27696
Key Up;S;28371
Key Down;Z;29474
Key Up;Z;29678
Key Down;Z;30020
Key Up;D;30168
Key Down;Q;30416
Key Up;Q;30544
Key Down;D;30794
Key Up;Z;30958
Key Down;Z;31184
Key Up;D;31385
Key Down;Q;31524
Key Up;Z;31612
Key Up;Q;31955
Key Down;D;32029
Key Down;Z;33103
Key Up;D;33166
Key Down;Q;33315
Key Up;Q;33638
Key Down;D;33781
Key Up;Z;34022
Key Down;Z;34454
Key Up;D;35602
Key Down;Q;35625
Key Up;Z;35724
Key Up;Q;36140
Key Down;Z;36157
Key Down;D;36222
Key Up;Z;36244
Key Down;S;36441
Key Up;D;36504
Key Down;Q;36583
Key Up;S;36700
Key Down;S;37083
Key Up;Q;37135
Key Up;S;37429
Key Down;D;37444
Key Down;S;37504
Key Up;D;37587
Key Down;Q;37717
Key Up;S;37799
Key Down;Z;37939
Key Up;Q;38047
Key Up;Z;38159
Key Down;D;38320
Key Down;Z;38893
Key Up;D;39238
Key Down;D;39276
Key Up;D;39498
Key Down;Q;39652
Key Up;Q;39912
Key Down;D;40233
Key Up;D;40596
Key Down;D;40715
Key Up;Z;40949
Key Down;S;41190
Key Up;S;41495
Key Up;D;41961
Key Down;E;42193
Key Up;E;42326
Key Down;D;46314
Key Down;Z;46635
Key Up;D;48544
Key Up;Z;48548
Key Down;Q;48562
Key Down;Z;48903
Key Up;Q;49147
Key Down;D;49175
Key Up;D;49284
Key Down;Espace;49389
Key Up;Espace;49592
Key Down;D;49661
Key Down;Espace;50097
Key Up;Espace;50301
Key Up;Z;50327
Key Down;S;50440
Key Up;D;50721
Key Down;Q;51137
Key Down;Espace;51780
Key Up;Espace;51942
Key Down;D;52107
Key Up;S;52138
Key Up;Q;52179
Key Down;Z;52258
Key Up;D;52454
Key Down;Q;52593
Key Up;Q;52974
Key Down;Espace;53009
Key Down;D;53192
Key Up;Espace;53204
Key Up;Z;53294
Key Down;S;53393
Key Up;D;53634
Key Up;S;53989
Key Down;Q;54608
Key Down;Espace;54827
Key Up;Espace;55019
Key Down;S;55362
Key Up;Q;55454
Key Down;D;55569
Key Up;D;55683
Key Down;D;55822
Key Up;S;55852
Key Down;Z;55992
Key Up;Z;56367
Key Down;Z;56402
Key Up;Z;56617
Key Down;S;56717
Key Up;D;56859
Key Up;S;57099
Key Down;Q;57879
Key Down;Espace;58012
Key Up;Espace;58217
Key Up;Q;58757
Key Down;D;59317
Key Down;S;59707
Key Up;S;59915
Key Down;Z;60037
Key Up;D;60132
Key Up;Z;61075
Key Down;S;62141
Key Down;Espace;62258
Key Up;Espace;62436
Key Down;Espace;62640
Key Up;Espace;62785
Key Up;S;63055
Key Down;D;63057
Key Down;Z;63345
Key Up;D;63474
Key Up;Z;63747
Key Down;S;64337
Key Down;Q;64454
Key Up;S;64486
Key Down;Espace;64488
Key Up;Espace;64688
Key Down;D;65097
Key Up;Q;65134
Key Down;Q;65163
Key Down;Z;65193
Key Up;Q;65230
Key Up;Z;65260
Key Up;D;65437
Key Down;Q;65440
Key Down;Espace;65637
Key Up;Espace;65796
Key Down;D;65961
Key Up;Q;65988
Key Down;Z;66989
Key Up;Z;67662
Key Up;D;67816
Key Down;Q;67818
Key Down;Espace;67880
Key Up;Espace;68044
Key Down;D;68543
Key Up;Q;68555
Key Down;Z;69519
Key Up;Z;69877
Key Up;D;69995
Key Down;Q;71475
Key Up;Q;71882
Key Down;D;71947
Key Up;D;72101
Key Down;Q;72382
Key Down;S;72585
Key Up;S;74913
Key Down;D;75643
Key Down;Z;75663
Key Up;D;75857
Key Up;Z;76191
Key Down;D;76560
Key Up;Q;76587
Key Down;S;77254
Key Up;D;77811
Key Up;S;77926
Key Down;Z;79601
Key Up;Z;80208
Key Down;Z;80659
Key Down;D;80820
Key Up;D;81567
Key Down;Espace;81611
Key Up;Espace;81775
Key Down;D;81923
Key Up;Z;82185
Key Down;Z;82498
Key Up;D;82750
Key Up;Z;82777
Key Down;Q;83772
Key Down;S;84100
Key Up;S;84999
Key Up;Q;85263
Key Down;Q;85652
Key Up;Q;85876
Key Down;S;87446
Key Down;Espace;87544
Key Up;Espace;87733
Key Down;Q;88084
Key Up;S;88745
Key Down;D;89600
Key Up;Q;89632
Key Down;Espace;89700
Key Down;S;89837
Key Up;S;89849
Key Down;Z;89907
Key Down;S;90029
Key Up;S;90041
Key Up;Z;90055
Key Down;S;90129
Key Up;D;90197
Key Up;Espace;90348
Key Down;D;90713
Key Up;S;90725
Key Up;D;91004
Key Down;Z;91401
Key Down;Q;92186
Key Down;Espace;92251
Key Up;Espace;92537
Key Up;Q;92771
Key Down;Espace;93275
Key Up;Espace;93439
Key Up;Z;93915
Key Down;D;94520
Key Down;Z;94796
Key Up;Z;95051
Key Down;Z;95869
Key Down;Espace;96965
Key Up;Espace;97136
Key Up;Z;97176
Key Up;D;97197
Key Down;Q;97495
Key Down;S;97736
Key Up;S;98337
Key Up;Q;98341
Key Down;Q;99073
Key Down;S;99180
Key Down;Espace;99533
Key Up;Espace;99708
Key Up;Q;99911
Key Up;S;99932
Key Down;Q;101623
Key Up;Q;101837
Key Down;E;101942
Key Up;E;102071
Key Down;E;104308
Key Up;E;104446
Key Down;D;114848
Key Down;Z;115273
Key Up;D;116596
Key Down;D;116922
Key Up;Z;117407
Key Down;Z;117618
Key Up;D;118018
Key Up;Z;118084
Key Down;E;118179
Key Up;E;118276
Key Down;D;121492
Key Down;Z;122235
Key Up;D;122855
Key Down;Espace;122883
Key Up;Espace;123047
Key Down;D;123371
Key Up;Z;123388
Key Down;S;123613
Key Down;Espace;123917
Key Up;Espace;124113
Key Down;Q;124513
Key Up;D;124615
Key Up;S;124969
Key Down;Z;125207
Key Up;Q;125689
Key Down;D;125747
Key Up;Z;125780
Key Up;D;125795
Key Down;Z;125954
Key Down;Q;126313
Key Up;Z;126596
Key Down;S;126811
Key Up;Q;127420
Key Down;D;127500
Key Up;D;127649
Key Down;Q;127768
Key Up;S;127891
Key Down;Z;128011
Key Up;Q;128201
Key Down;D;128463
Key Up;D;128617
Key Down;D;128720
Key Down;Espace;129142
Key Up;Espace;129345
Key Up;D;130079
Key Down;D;130361
Key Up;Z;130769
Key Down;S;131070
Key Down;Q;131151
Key Up;D;131163
Key Up;S;131797
Key Down;S;132065
Key Up;S;132378
Key Down;S;132843
Key Up;S;133911
Key Down;D;133946
Key Up;Q;134014
Key Down;Z;134195
Key Up;D;134541
Key Up;Z;134955
Key Down;Q;136935
Key Down;Z;137227
Key Up;Q;137417
Key Down;D;137481
Key Up;Z;137599
Key Up;D;137634
Key Down;E;137847
Key Up;E;137966
Key Down;D;138400
Key Up;D;139574
Key Down;Echap;139751
Key Up;Echap;139945
Key Down;Echap;152946
Key Up;Echap;153123
Key Down;Echap;153444
Key Up;Echap;153602
Key Down;A;153862
Key Up;A;154422
Key Down;Echap;155170
Key Up;Echap;155359
Key Down;A;160469
Key Up;A;160591
Key Down;Echap;166074
Key Up;Echap;166242
Key Down;Echap;166590
Key Up;Echap;166764
Key Down;Z;166970
Key Down;D;167340
Key Up;D;167928
Key Up;Z;168738
Key Down;S;169191
Key Down;D;169360
Key Up;S;169488
Key Up;D;169953
Key Down;E;170053
Key Up;E;170197
Key Down;Z;174120
Key Down;Q;174378
Key Up;Q;174538
Key Down;D;174823
Key Up;Z;175538
Key Down;Z;175551
Key Up;D;176883
Key Down;Q;177027
Key Up;Z;177056
Key Down;S;177276
Key Up;S;177720
Key Down;S;177789
Key Up;Q;179409
Key Down;Espace;179527
Key Up;Espace;179690
Key Down;Q;179804
Key Up;S;180241
Key Down;Z;180658
Key Up;Q;181837
Key Down;Q;183103
Key Up;Z;183245
Key Down;S;183364
Key Down;D;183864
Key Up;Q;183876
Key Down;Q;184633
Key Up;Q;185000
Key Up;D;185168
Key Down;Q;185464
Key Up;Q;185998
Key Down;D;186314
Key Up;D;186457
Key Down;Q;186803
Key Up;S;187006
Key Down;S;187837
Key Down;D;187939
Key Up;Q;187943
Key Up;S;188454
Key Down;Z;188632
Key Up;D;188948
Key Up;Z;188982
Key Down;Q;190019
Key Down;Espace;190225
Key Up;Espace;190415
Key Down;D;190660
Key Up;Q;190698
Key Down;Z;190875
Key Up;D;190942
Key Down;Q;191082
Key Up;Q;191938
Key Down;D;192170
Key Up;Z;193282
Key Down;S;193411
Key Up;D;193534
Key Down;D;193908
Key Up;D;194320
Key Down;Espace;194388
Key Down;D;194423
Key Up;Espace;194603
Key Up;S;195115
Key Down;Z;195321
Key Up;D;195353
Key Up;Z;195754
Key Down;Q;196289
Key Down;S;196491
Key Down;D;196820
Key Up;Q;196863
Key Up;S;196950
Key Down;Z;197272
Key Up;D;197755
Key Down;D;198022
Key Up;D;199204
Key Down;Q;199430
Key Up;Z;200542
Key Up;Q;200731
Key Down;S;200949
Key Down;Q;200960
Key Down;Espace;201098
Key Up;Espace;201287
Key Up;Q;201346
Key Up;S;201554
Key Down;D;202257
Key Down;Z;202432
Key Up;Z;203412
Key Up;D;203453
Key Down;Q;203596
Key Down;E;203824
Key Up;Q;203873
Key Down;Z;203936
Key Up;E;204014
Key Up;Z;204112
Key Down;E;206165
Key Up;E;206232
Key Down;Z;217079
Key Down;D;217311
Key Up;Z;217358
Key Down;Z;219317
Key Up;D;219442
Key Up;Z;219751
Key Down;E;219904
Key Up;E;220053
Key Down;Z;223315
Key Down;Q;223559
Key Up;Q;224462
Key Down;Q;224704
Key Down;Espace;225891
Key Up;Espace;226092
Key Down;D;226525
Key Up;Q;226758
Key Up;Z;226990
Key Down;S;227102
Key Up;D;227207
Key Down;D;227484
Key Up;D;227680
Key Down;Q;229281
Key Up;Q;229471
Key Down;D;229555
Key Up;D;230150
Key Up;S;230362
Key Down;Q;230983
Key Down;Z;231180
Key Up;Q;232127
Key Down;Q;232797
Key Up;Z;233555
Key Down;S;234002
Key Up;Q;234115
Key Down;D;234154
Key Up;D;234201
Key Down;Espace;234304
Key Up;Espace;234453
Key Down;Q;234482
Key Up;S;234676
Key Down;S;234924
Key Up;Q;235274
Key Down;D;235323
Key Up;S;235537
Key Down;Z;235662
Key Up;D;236397
Key Down;Q;236600
Key Up;Q;236698
Key Down;D;236767
Key Up;Z;236937
Key Down;S;237047
Key Down;Espace;237264
Key Up;Espace;237432
Key Up;S;237915
Key Down;Z;238513
Key Up;D;240067
Key Down;Q;240691
Key Up;Z;241100
Key Down;Z;242402
Key Up;Z;243293
Key Down;S;243728
Key Down;Espace;243766
Key Up;Espace;243965
Key Up;Q;244240
Key Down;D;244364
Key Up;D;244452
Key Down;Q;244606
Key Up;Q;245219
Key Down;Q;245559
Key Up;S;245830
Key Down;Espace;245833
Key Up;Espace;246012
Key Up;Q;246308
Key Down;Z;246533
Key Down;D;246883
Key Up;Z;247056
Key Down;Z;247409
Key Up;D;247832
Key Down;Q;247953
Key Up;Z;248218
Key Down;S;248383
Key Up;Q;249398
Key Down;Q;249820
Key Up;Q;250628
Key Down;Q;251006
Key Up;Q;251454
Key Up;S;251459
Key Down;Q;252055
Key Down;Z;252264
Key Up;Q;252379
Key Down;E;252637
Key Up;Z;252685
Key Up;E;252746
Key Down;Q;255051
Key Down;S;255608
Key Up;Q;255853
Key Down;D;255886
Key Up;D;256238
Key Up;S;256242
Key Down;Q;256260
Key Down;Z;256652
Key Up;Q;256775
Key Down;Q;257117
Key Up;Z;257763
Key Up;Q;257786
Key Down;E;257924
Key Up;E;257997
Key Down;Q;261557
Key Down;S;262623
Key Up;S;262891
Key Down;Z;263293
Key Up;Q;264227
Key Down;Espace;264352
Key Up;Espace;264543
Key Down;Q;264611
Key Down;Espace;264697
Key Up;Espace;264850
Key Up;Z;264957
Key Down;S;265106
Key Down;Espace;265622
Key Up;Espace;265783
Key Down;Espace;266332
Key Up;Espace;266533
Key Up;Q;266548
Key Down;D;266677
Key Up;S;267094
Key Down;S;267822
Key Down;Espace;268313
Key Up;Espace;268522
Key Up;S;269230
Key Down;Z;269687
Key Up;D;270306
Key Down;Q;271287
Key Up;Z;271303
Key Down;S;271480
Key Up;Q;271717
Key Down;Espace;271872
Key Up;Espace;272070
Key Down;Q;272225
Key Up;S;272312
Key Down;Z;272708
Key Up;Z;272831
Key Down;Z;273975
Key Up;Q;274756
Key Down;Q;275463
Key Down;Espace;275875
Key Up;Espace;276049
Key Up;Q;276225
Key Down;D;276227
Key Up;Z;276651
Key Down;S;276965
Key Down;Espace;277348
Key Up;Espace;277523
Key Up;S;277739
Key Down;Z;278062
Key Up;Z;278373
Key Down;S;278721
Key Up;S;279043
Key Down;Z;279780
Key Up;D;279804
Key Down;Q;279974
Key Up;Z;280264
Key Down;S;280404
Key Up;Q;281521
Key Down;Q;281605
Key Up;S;281888
Key Down;S;282199
Key Up;S;282526
Key Up;Q;282669
Key Down;D;282813
Key Up;D;283723
Key Down;E;284026
Key Up;E;284102
Key Down;Q;284137
Key Up;Q;284295
Key Down;D;286419
Key Up;D;287896
Key Down;B;288032
Key Up;B;288135
Key Down;B;288577
Key Up;B;288695
Key Down;F;289064
Key Up;F;289571
Key Down;D;289757
Key Down;Z;290174
Key Up;D;290834
Key Up;Z;291255
Key Down;S;291313
Key Down;Q;291743
Key Up;S;292004
Key Down;Z;293016
Key Up;Z;293328
Key Down;Z;293755
Key Up;Z;293955
Key Down;E;294278
Key Up;E;294382
Key Up;Q;294629
Key Down;Q;297693
Key Down;Z;298435
Key Up;Q;298984
Key Down;Q;299018
Key Up;Q;299106
Key Down;Q;299159
Key Up;Z;299729
Key Down;Z;299939
Key Up;Z;300344
Key Down;S;300740
Key Up;Q;300833
Key Down;D;300931
Key Up;D;301157
Key Down;Q;301185
Key Up;S;301198
Key Up;Q;301564
Key Down;D;301566
Key Down;Q;301703
Key Down;Z;301728
Key Up;D;301836
Key Down;Espace;301885
Key Up;Espace;302069
Key Up;Q;302130
Key Down;D;302132
Key Up;D;302354
Key Down;D;302448
Key Up;Z;302525
Key Down;S;302742
Key Up;S;303016
Key Down;S;303187
Key Up;D;303438
Key Up;S;303664
Key Down;S;304109
Key Down;Espace;304454
Key Down;Q;304535
Key Up;Espace;304664
Key Down;Espace;304711
Key Up;Espace;304759
Key Up;S;305097
Key Down;Z;305573
Key Up;Q;305682
Key Down;D;305719
Key Up;Z;306001
Key Down;Espace;306325
Key Up;Espace;306504
Key Down;Z;306588
Key Up;D;306613
Key Down;Q;306693
Key Down;Espace;307445
Key Up;Espace;307604
Key Down;D;307889
Key Up;Q;307901
Key Up;Z;307932
Key Up;D;309382
Key Down;Z;309395
Key Down;Espace;309548
Key Up;Espace;309738
Key Up;Z;309995
Key Down;S;310141
Key Down;Espace;310343
Key Up;Espace;310524
Key Up;S;310640
Key Down;Q;310966
Key Down;S;311142
Key Up;Q;311353
Key Down;Q;311520
Key Up;S;311941
Key Down;S;312163
Key Down;Espace;313292
Key Up;Espace;313455
Key Up;S;313921
Key Down;Z;314102
Key Down;D;314294
Key Up;Q;314488
Key Up;Z;314529
Key Down;Z;315148
Key Up;Z;315443
Key Down;Z;315597
Key Up;Z;316617
Key Down;S;316845
Key Down;Q;317230
Key Up;S;317328
Key Down;Z;317453
Key Up;Q;317770
Key Up;Z;317775
Key Down;Z;318066
Key Up;D;318174
Key Down;Q;318219
Key Up;Z;318317
Key Down;Z;318421
Key Up;Z;318484
Key Up;Q;318509
Key Down;D;318519
Key Up;D;318750
Key Down;Q;318840
Key Up;Q;319320
Key Down;Q;319856
Key Up;Q;320050
Key Down;E;320084
Key Up;E;320172
Key Down;Z;320447
Key Down;D;320636
Key Up;D;320945
Key Up;Z;321616
Key Down;Z;321740
Key Down;Q;322136
Key Up;Z;322731
Key Up;Q;322828
Key Down;Q;323176
Key Down;Z;323862
Key Up;Z;324197
Key Down;E;324230
Key Up;Q;324288
Key Up;E;324364
Key Down;Z;327787
Key Down;Q;327976
Key Up;Q;329900
Key Down;Q;330245
Key Up;Q;331452
Key Up;Z;332223
Key Down;E;333759
Key Up;E;333888
Key Down;Q;335162
Key Down;Z;336259
Key Down;E;337097
Key Up;Q;337120
Key Up;Z;337156
Key Up;E;337262
Key Down;Z;340599
Key Down;Q;340918
Key Up;Z;341022
Key Down;S;341147
Key Up;S;341688
Key Down;S;342061
Key Up;S;342128
Key Up;Q;343268
Key Down;Q;343606
Key Down;Espace;344258
Key Up;Espace;344414
Key Up;Q;344798
Key Down;D;345462
Key Down;S;345739
Key Up;S;346077
Key Up;D;346134
Key Down;S;346445
Key Down;D;346642
Key Up;S;346835
Key Down;Z;347671
Key Up;D;348205
Key Down;Q;348768
Key Up;Q;349567
Key Down;D;349759
Key Up;D;349832
Key Down;Espace;350469
Key Up;Espace;350678
Key Down;Q;350913
Key Up;Q;351667
Key Up;Z;351863
Key Down;Q;351888
Key Down;S;351987
Key Up;S;352431
Key Down;Espace;352561
Key Down;S;352688
Key Up;Espace;352730
Key Up;Q;352872
Key Down;D;353082
Key Up;D;353109
Key Down;Espace;353163
Key Up;Espace;353337
Key Down;D;353524
Key Up;S;353622
Key Down;Z;353798
Key Up;D;354138
Key Down;Q;354289
Key Up;Q;354472
Key Up;Z;355338
Key Down;Z;355540
Key Down;Q;355708
Key Down;Espace;355981
Key Up;Espace;356149
Key Down;D;356516
Key Up;Q;356554
Key Down;Q;356600
Key Up;Q;356719
Key Up;Z;358429
Key Down;S;359151
Key Up;S;360353
Key Down;Z;360874
Key Up;Z;361099
Key Down;Z;361711
Key Up;Z;362123
Key Down;Z;362805
Key Up;Z;362959
Key Down;Espace;362972
Key Up;Espace;363150
Key Up;D;363485
Key Down;Z;363494
Key Down;Q;363774
Key Up;Z;363925
Key Down;Z;364529
Key Up;Z;364781
Key Up;Q;364896
Key Down;Q;365117
Key Down;Z;365161
Key Up;Q;365376
Key Up;Z;365460
Key Down;Z;365958
Key Up;Z;366228
Key Down;S;366424
Key Down;Espace;366952
Key Up;Espace;367136
Key Up;S;367429
Key Down;Z;367548
Key Down;Q;368178
Key Up;Q;368394
Key Down;Q;368765
Key Up;Z;368915
Key Down;S;369037
Key Up;Q;369347
Key Down;Q;370091
Key Up;S;370411
Key Down;S;370536
Key Up;Q;371217
Key Down;Q;371332
Key Down;Espace;371342
Key Up;Espace;371410
Key Up;Q;371713
Key Up;S;371952
Key Down;Q;371957
Key Down;Z;372077
Key Down;Espace;372360
Key Up;Espace;372534
Key Up;Q;372991
Key Up;Z;373379
Key Down;Z;373878
Key Down;D;373889
Key Up;Z;373993
Key Up;D;374615
Key Down;D;374871
Key Down;S;375221
Key Up;S;376238
Key Up;D;376388
Key Down;S;377310
Key Down;Q;377740
Key Up;Q;378367
Key Down;D;378573
Key Up;D;378741
Key Down;Espace;378856
Key Up;Espace;379040
Key Down;Q;379298
Key Down;Espace;379434
Key Up;Espace;379661
Key Down;D;379956
Key Up;Q;379967
Key Up;D;380526
Key Up;S;380530
Key Down;D;381101
Key Down;S;381345
Key Up;S;381696
Key Down;Z;382166
Key Up;D;382345
Key Down;Q;382912
Key Down;Espace;383190
Key Up;Espace;383394
Key Down;D;383699
Key Up;Q;383717
Key Up;D;383814
Key Up;Z;384011
Key Down;S;384228
Key Down;D;384385
Key Up;D;384639
Key Up;S;385234
Key Down;S;385571
Key Down;Q;386145
Key Up;Q;386461
Key Down;Q;387481
Key Up;S;388331
Key Up;Q;388649
Key Down;D;388879
Key Up;D;389175
Key Down;Z;389206
Key Down;Q;389265
Key Up;Q;389365
Key Up;Z;389430
Key Down;D;389645
Key Up;D;389793
Key Down;Q;390233
Key Down;S;390608
Key Down;Espace;391183
Key Up;Espace;391360
Key Up;S;391493
Key Down;S;391516
Key Up;Q;391529
Key Down;D;391576
Key Up;D;392092
Key Up;S;392191
Key Down;Z;392545
Key Down;D;392990
Key Up;D;393153
Key Down;D;394040
Key Down;Espace;394755
Key Up;Espace;394914
Key Up;D;395030
Key Down;Q;395089
Key Up;Z;395116
Key Down;S;395357
Key Up;Q;396114
Key Up;S;396378
Key Down;S;396821
Key Up;S;397295
Key Down;Q;398827
Key Up;Q;398930
Key Down;Z;400988
Key Down;E;401311
Key Up;Z;401322
Key Up;E;401410
Key Down;D;402177
Key Down;Z;402323
Key Up;D;402829
Key Down;D;403105
Key Up;D;403332
Key Up;Z;403638
Key Down;Z;403824
Key Down;Q;403880
Key Up;Q;404488
Key Down;Q;404538
Key Up;Q;404591
Key Down;D;404899
Key Up;Z;405022
Key Down;Z;405323
Key Up;Z;405884
Key Up;D;406127
Key Down;Q;406140
Key Down;S;407175
Key Up;S;407490
Key Down;E;407894
Key Up;E;408012
Key Up;Q;408043
Key Down;Z;411704
Key Down;Q;412055
Key Up;Z;412203
Key Up;Q;412224
Key Down;Z;412633
Key Down;Espace;412729
Key Down;Q;412744
Key Up;Espace;412916
Key Up;Q;412991
Key Down;D;413101
Key Up;Z;413143
Key Up;D;413239
Key Down;S;413241
Key Down;Q;413409
Key Down;Espace;413794
Key Up;Espace;414035
Key Down;Espace;414240
Key Up;Espace;414424
Key Up;Q;414474
Key Down;D;414502
Key Up;D;414588
Key Down;Espace;414665
Key Up;Espace;414834
Key Down;Espace;414930
Key Down;Q;415046
Key Up;Espace;415139
Key Up;Q;415442
Key Down;Q;415648
Key Up;Q;415742
Key Down;Q;415999
Key Up;S;416606
Key Down;Z;416786
Key Up;Q;417096
Key Down;D;417098
Key Up;Z;417166
Key Down;S;417372
Key Down;Espace;417467
Key Up;Espace;417652
Key Up;S;417829
Key Up;D;417935
Key Down;Q;417937
Key Down;Z;417953
Key Up;Q;418205
Key Down;D;418376
Key Up;D;418986
Key Down;D;419004
Key Down;Espace;419025
Key Up;Espace;419255
Key Up;D;419304
Key Down;Q;419606
Key Up;Z;419648
Key Down;S;419742
Key Down;Espace;420048
Key Up;Espace;420202
Key Down;Espace;420523
Key Up;Espace;420697
Key Down;Espace;421369
Key Up;Espace;421548
Key Down;D;421687
Key Up;Q;421735
Key Up;S;421893
Key Down;Z;422337
Key Up;D;422546
Key Down;D;422697
Key Up;Z;422835
Key Up;D;422926
Key Down;S;423998
Key Down;Q;424444
Key Down;Espace;424668
Key Up;Espace;424824
Key Up;S;424876
Key Down;Z;425002
Key Up;Q;425013
Key Down;D;425078
Key Up;Z;425138
Key Down;Z;425329
Key Down;Espace;426115
Key Up;Espace;426253
Key Up;D;426354
Key Down;D;426474
Key Up;Z;426657
Key Down;Z;426892
Key Up;D;426966
Key Down;Espace;427121
Key Up;Espace;427220
Key Down;Espace;427279
Key Up;Espace;427398
Key Down;Q;427511
Key Down;Espace;428025
Key Up;Z;428172
Key Up;Espace;428186
Key Down;S;428333
Key Down;Espace;429980
Key Up;Espace;430188
Key Down;D;430461
Key Up;S;430493
Key Up;Q;430524
Key Up;D;431056
Key Down;Q;431363
Key Down;S;431611
Key Down;Espace;431723
Key Up;Espace;431977
Key Up;Q;432100
Key Down;Espace;432279
Key Up;Espace;432309
Key Up;S;433013
Key Down;D;433146
Key Down;Z;433286
Key Down;Espace;433709
Key Up;Espace;433908
Key Up;D;434166
Key Up;Z;434365
Key Down;D;434580
Key Down;Z;434827
Key Up;D;435053
Key Down;D;435285
Key Up;Z;436853
Key Up;D;436883
Key Down;D;437454
Key Up;D;437805
Key Down;S;438041
Key Down;D;438067
Key Up;D;438676
Key Down;Q;438686
Key Up;S;438784
Key Down;Z;438939
Key Up;Z;439164
Key Up;Q;439331
Key Down;D;439360
Key Down;Espace;440145
Key Down;Z;440278
Key Up;D;440462
Key Up;Espace;440466
Key Down;Q;440710
Key Up;Z;441671
Key Down;Espace;441770
Key Up;Espace;441933
Key Down;D;442636
Key Up;Q;442678
Key Down;Z;442748
Key Up;D;443325
Key Down;Espace;443421
Key Up;Espace;443616
Key Down;Q;443781
Key Up;Q;444381
Key Up;Z;444797
Key Down;Z;444867
Key Down;D;445084
Key Up;D;445132
Key Down;Q;445419
Key Up;Q;445814
Key Down;Q;446269
Key Up;Z;446383
Key Up;Q;446754
Key Down;Q;447075
Key Down;D;447770
Key Up;Q;447787
Key Up;D;448446
Key Down;E;448554
Key Up;E;448653
Key Down;E;452182
Key Up;E;452263
Key Down;Q;465858
Key Down;Z;466156
Key Up;Z;466229
Key Down;Z;466388
Key Up;Z;466436
Key Down;Z;466798
Key Up;Q;467308
Key Down;D;467373
Key Up;Z;468078
Key Up;D;469303
Key Down;E;469379
Key Up;E;469503
Key Down;D;472836
Key Down;S;473400
Key Up;S;473710
Key Down;S;473874
Key Up;S;474190
Key Down;S;474363
Key Down;Q;474611
Key Up;S;474647
Key Down;Z;474813
Key Up;Q;474927
Key Up;Z;475251
Key Down;Z;475564
Key Up;Z;475647
Key Down;S;475892
Key Up;S;476209
Key Down;Z;476335
Key Down;Q;477613
Key Down;Espace;477712
Key Up;Espace;477881
Key Up;Z;478018
Key Up;D;478022
Key Down;Espace;478269
Key Down;S;478418
Key Up;Espace;478490
Key Down;Espace;478509
Key Up;Espace;478708
Key Down;Espace;479302
Key Up;Espace;479473
Key Down;D;479577
Key Up;S;479746
Key Up;Q;479750
Key Down;Z;480027
Key Down;Espace;480286
Key Up;Espace;480492
Key Up;Z;480496
Key Down;S;480641
Key Down;Q;481001
Key Up;S;481580
Key Up;D;481586
Key Down;S;481880
Key Up;S;482199
Key Down;S;482508
Key Down;Espace;482811
Key Up;Espace;483002
Key Down;D;483273
Key Up;Q;483361
Key Up;S;483391
Key Down;Z;483573
Key Up;D;483762
Key Down;D;483973
Key Up;Z;484077
Key Down;Z;484755
Key Up;Z;484899
Key Down;S;485124
Key Up;S;485490
Key Down;Z;485591
Key Up;D;485851
Key Down;D;485986
Key Down;Espace;486295
Key Up;Espace;486514
Key Up;Z;487295
Key Down;S;487710
Key Up;S;488086
Key Up;D;488327
Key Down;Z;488348
Key Up;Z;488721
Key Down;S;488805
Key Down;Q;488956
Key Down;Espace;489543
Key Up;S;489556
Key Up;Espace;489684
Key Down;S;489955
Key Down;D;490116
Key Up;D;490219
Key Down;Espace;490998
Key Up;Espace;491182
Key Up;S;491232
Key Down;Espace;491367
Key Up;Espace;491531
Key Down;Z;491595
Key Down;Espace;492081
Key Up;Espace;492261
Key Down;D;492568
Key Up;Z;492580
Key Up;Q;492656
Key Down;S;492797
Key Down;Espace;493689
Key Up;Espace;493929
Key Up;S;494106
Key Down;S;494529
Key Down;Espace;494886
Key Down;Q;495007
Key Up;Espace;495086
Key Up;Q;495227
Key Up;S;495313
Key Up;D;495338
Key Down;Z;495953
Key Down;Espace;496163
Key Down;Q;496309
Key Up;Espace;496371
Key Up;Z;496631
Key Down;S;496777
Key Down;Espace;496939
Key Up;Espace;497103
Key Up;S;497370
Key Down;Z;497510
Key Down;D;497663
Key Up;Q;497675
Key Up;Z;498061
Key Up;D;498603
Key Down;D;498937
Key Down;Z;499068
Key Down;Espace;499103
Key Up;Espace;499333
Key Up;Z;499589
Key Down;S;499725
Key Up;S;499957
Key Down;Z;500203
Key Down;Espace;500541
Key Up;Espace;500771
Key Up;Z;500797
Key Down;S;500998
Key Down;Espace;501286
Key Down;Q;501413
Key Up;Espace;501542
Key Up;D;501618
Key Up;S;502048
Key Down;Z;502275
Key Up;Z;502461
Key Down;Z;503012
Key Down;Espace;503189
Key Up;Espace;503393
Key Up;Z;503634
Key Down;Z;503664
Key Up;Z;504067
Key Down;S;504288
Key Down;Espace;504729
Key Up;Espace;504923
Key Down;D;505205
Key Up;Q;505526
Key Up;S;505582
Key Down;Z;506091
Key Up;Z;506479
Key Down;Z;506518
Key Up;D;506561
Key Up;Z;506676
Key Down;S;508913
Key Up;S;509144
Key Down;E;509209
Key Up;E;509337
Key Down;D;509733
Key Down;Z;509901
Key Up;D;510128
Key Up;Z;511167
Key Down;Z;511329
Key Down;Q;511407
Key Up;Z;511632
Key Down;E;511939
Key Down;Z;512080
Key Up;E;512170
Key Up;Z;512322
Key Up;Q;512326
Key Down;Z;515605
Key Down;Q;515899
Key Down;Espace;516137
Key Up;Espace;516328
Key Up;Q;516490
Key Down;D;516730
Key Down;Espace;517009
Key Up;Espace;517213
Key Up;D;517614
Key Down;Q;517642
Key Up;Q;518377
Key Up;Z;518415
Key Down;Q;518822
Key Down;Z;519429
Key Down;Espace;519781
Key Up;Espace;519935
Key Down;Espace;520252
Key Up;Espace;520443
Key Up;Z;520605
Key Down;S;520769
Key Up;Q;521009
Key Up;S;521142
Key Down;D;521265
Key Down;Z;521379
Key Up;Z;521700
Key Down;S;521789
Key Down;Q;521804
Key Up;D;521852
Key Down;D;523453
Key Up;D;523631
Key Up;S;523672
Key Down;Z;523856
Key Down;Espace;523907
Key Up;Espace;524092
Key Up;Z;524385
Key Down;Espace;524466
Key Down;S;524532
Key Up;Espace;524675
Key Down;Espace;524795
Key Up;Espace;524958
Key Down;Espace;525011
Key Up;Espace;525179
Key Down;Espace;525229
Key Up;Espace;525363
Key Down;Espace;525430
Key Up;Espace;525567
Key Down;Espace;525615
Key Up;Q;525653
Key Down;D;525681
Key Up;Espace;525754
Key Up;S;525762
Key Down;Espace;525949
Key Up;Espace;526103
Key Down;Espace;526237
Key Up;Espace;526273
Key Up;D;526540
Key Down;D;527408
Key Up;D;528052
Key Down;Z;528264
Key Down;D;528325
Key Up;Z;528718
Key Up;D;528723
Key Down;Z;528999
Key Down;D;529116
Key Up;Z;529274
Key Down;S;529349
Key Down;Espace;529374
Key Up;Espace;529570
Key Up;D;529666
Key Up;S;530060
Key Down;Z;530190
Key Up;Z;530470
Key Down;Z;530708
Key Down;Espace;530950
Key Up;Espace;531119
Key Down;Q;531274
Key Up;Z;531373
Key Down;S;531502
Key Down;Espace;532016
Key Up;Espace;532234
Key Up;Q;532686
Key Down;D;533164
Key Up;D;533358
Key Down;Q;533412
Key Up;S;533811
Key Up;Q;533857
Key Down;S;534627
Key Down;D;534685
Key Up;S;534965
Key Down;S;535079
Key Up;S;535370
Key Down;S;535616
Key Up;D;535711
Key Down;Q;535713
Key Up;S;535757
Key Down;S;536301
Key Down;D;536412
Key Up;Q;536491
Key Up;S;536623
Key Down;S;537578
Key Down;Espace;537674
Key Down;Q;537699
Key Up;S;537734
Key Up;D;537759
Key Up;Espace;537875
Key Down;Z;537949
Key Down;Espace;540029
Key Up;Espace;540216
Key Up;Z;540651
Key Down;S;540785
Key Down;Espace;540924
Key Up;Espace;541093
Key Down;Espace;541166
Key Up;Espace;541224
Key Down;D;541277
Key Up;S;541335
Key Up;Q;541374
Key Down;Z;541464
Key Up;Z;543102
Key Down;Espace;543115
Key Down;Z;543206
Key Up;Espace;543314
Key Down;Espace;543474
Key Up;Espace;543614
Key Up;Z;543918
Key Down;S;544023
Key Up;S;544091
Key Down;Z;544214
Key Down;Espace;544412
Key Up;Espace;544596
Key Up;D;544849
Key Down;Q;544851
Key Up;Z;545069
Key Down;S;545188
Key Down;Espace;545689
Key Up;Espace;545898
Key Up;Q;546082
Key Down;D;546130
Key Down;Espace;546973
Key Up;Espace;547146
Key Up;S;547354
Key Up;D;547430
Key Down;D;547457
Key Up;D;547486
Key Down;Z;547488
Key Down;Espace;548063
Key Up;Espace;548257
Key Down;Espace;548933
Key Up;Espace;549114
Key Down;D;549319
Key Down;Espace;549328
Key Up;Espace;549513
Key Down;Espace;549911
Key Up;Espace;550127
Key Down;Espace;550236
Key Up;Espace;550348
Key Up;Z;550384
Key Up;D;550435
Key Down;Q;550437
Key Down;S;550610
Key Down;Espace;550705
Key Up;Espace;550941
Key Down;D;551290
Key Down;Espace;551436
Key Up;D;551463
Key Up;Espace;551605
Key Down;Espace;551741
Key Up;Espace;551894
Key Down;Espace;551993
Key Up;Espace;552148
Key Down;D;552499
Key Up;S;552563
Key Down;S;552628
Key Up;D;552640
Key Down;Espace;552886
Key Up;Espace;553075
Key Up;Q;553203
Key Down;D;553271
Key Up;S;553481
Key Down;S;553596
Key Up;S;553916
Key Down;Z;554057
Key Up;D;554557
Key Up;Z;554945
Key Down;Z;555221
Key Down;D;555422
Key Up;Z;555803
Key Down;Z;555984
Key Down;Espace;556101
Key Up;Espace;556154
Key Up;D;556584
Key Down;D;556849
Key Down;Espace;557124
Key Up;Espace;557314
Key Up;D;557622
Key Up;Z;557779
Key Down;S;558382
Key Up;S;558818
Key Down;Z;559228
Key Up;Z;559503
Key Down;E;559505
Key Up;E;559614
Key Down;S;559677
Key Down;Q;560007
Key Up;S;560906
Key Down;S;561288
Key Up;Q;561440
Key Down;D;561442
Key Up;S;561473
Key Down;Z;561670
Key Up;D;561758
Key Down;Q;561949
Key Down;E;562101
Key Up;Z;562113
Key Up;Q;562173
Key Up;E;562244
Key Down;Z;566794
Key Down;Q;567017
Key Up;Q;568134
Key Up;Z;568667
Key Down;Z;568797
Key Up;Z;568940
Key Down;Z;569302
Key Up;Z;569451
Key Down;E;570250
Key Up;E;570332
Key Down;D;570509
Key Down;Z;571502
Key Up;D;572228
Key Down;E;572332
Key Up;Z;572360
Key Up;E;572461
Key Down;D;580593
Key Up;D;581224
Key Down;D;583641
Key Down;Z;586371
Key Down;Espace;586693
Key Up;Espace;586905
Key Up;D;587228
Key Down;D;587326
Key Down;Espace;588099
Key Up;Espace;588292
Key Down;Espace;588351
Key Up;Espace;588546
Key Down;Espace;588747
Key Up;Espace;588912
Key Down;Espace;588971
Key Up;Espace;589102
Key Up;Z;589535
Key Down;S;589623
Key Up;D;589677
Key Down;Q;589751
Key Down;Espace;590208
Key Up;Espace;590366
Key Down;D;590611
Key Down;Espace;590719
Key Up;Espace;590893
Key Up;D;590933
Key Down;D;591191
Key Up;S;591203
Key Up;Q;591259
Key Down;Z;591347
Key Down;Espace;592324
Key Up;Espace;592525
Key Up;D;592626
Key Down;Q;592802
Key Down;Espace;593031
Key Up;Z;593236
Key Up;Espace;593271
Key Down;Espace;593355
Key Up;Espace;593498
Key Down;Espace;593705
Key Up;Espace;593838
Key Down;Espace;593936
Key Up;Espace;594021
Key Down;D;594165
Key Up;D;594269
Key Down;D;594348
Key Up;Q;594406
Key Down;S;594781
Key Up;D;594998
Key Down;Q;595271
Key Down;Espace;595967
Key Up;Espace;596156
Key Up;Q;596394
Key Down;Q;596448
Key Down;Espace;596568
Key Up;Q;596651
Key Up;Espace;596738
Key Down;D;596771
Key Up;S;596870
Key Down;Z;597070
Key Up;D;598396
Key Down;Espace;598496
Key Up;Espace;598735
Key Down;D;598748
Key Up;Z;598993
Key Down;S;599098
Key Down;Espace;599197
Key Up;D;599229
Key Up;Espace;599371
Key Down;Espace;599455
Key Up;Espace;599618
Key Down;D;599641
Key Up;D;599725
Key Down;Q;599799
Key Down;Espace;600894
Key Up;Q;600910
Key Up;Espace;600951
Key Down;Espace;601046
Key Down;D;601295
Key Up;Espace;601327
Key Down;Espace;601800
Key Up;D;601823
Key Down;Q;601871
Key Up;Espace;602027
Key Down;Espace;602150
Key Up;Espace;602291
Key Down;Espace;602400
Key Up;Espace;602558
Key Down;Espace;602597
Key Up;Espace;602761
Key Up;Q;603166
Key Up;S;603181
Key Down;D;603183
Key Down;Z;603327
Key Up;D;603587
Key Down;D;603737
Key Down;Espace;603747
Key Up;Espace;603986
Key Down;Espace;604147
Key Up;Espace;604307
Key Up;D;604323
Key Down;Q;604361
Key Down;Espace;604432
Key Up;Espace;604590
Key Up;Q;604625
Key Down;Espace;604694
Key Down;D;604775
Key Up;Espace;604873
Key Down;Espace;605186
Key Up;Espace;605361
Key Down;Espace;605532
Key Up;Espace;605710
Key Down;Espace;606342
Key Up;Espace;606536
Key Up;Z;606773
Key Down;S;606873
Key Up;D;607071
Key Down;Q;607323
Key Down;Espace;607599
Key Up;Espace;607671
Key Up;S;607727
Key Down;Z;608262
Key Down;Espace;608385
Key Up;Espace;608556
Key Down;Espace;608627
Key Up;Espace;608775
Key Up;Z;609145
Key Down;S;609326
Key Down;D;609393
Key Up;S;609415
Key Up;Q;609451
Key Down;Z;609858
Key Down;Espace;609981
Key Up;Espace;610079
Key Up;Z;610383
Key Down;S;610630
Key Up;D;610789
Key Down;Q;610791
Key Down;D;611029
Key Up;Q;611067
Key Up;S;611122
Key Down;S;611278
Key Down;Q;611502
Key Up;D;611576
Key Up;S;611676
Key Down;Espace;611755
Key Up;Espace;611945
Key Down;Espace;612033
Key Up;Espace;612177
Key Down;Espace;612262
Key Up;Espace;612380
Key Down;D;612672
Key Up;Q;612685
Key Down;S;613308
Key Up;S;613450
Key Up;D;613638
Key Down;Q;613817
Key Down;Z;614101
Key Down;Espace;614745
Key Up;Espace;614915
Key Down;D;615139
Key Up;Z;615152
Key Up;Q;615182
Key Down;S;615313
Key Down;Espace;615634
Key Up;D;615671
Key Up;Espace;615817
Key Down;Espace;615881
Key Up;Espace;616029
Key Down;D;616113
Key Down;Espace;616149
Key Up;Espace;616298
Key Up;S;616562
Key Up;D;616603
Key Down;Q;616939
Key Down;Z;617061
Key Up;Z;617444
Key Down;Espace;617737
Key Down;S;617914
Key Up;Espace;617926
Key Down;D;618298
Key Up;Q;618432
Key Up;D;618436
Key Down;Q;618741
Key Down;Espace;619498
Key Up;Q;619625
Key Up;Espace;619681
Key Down;D;620249
Key Up;D;620866
Key Down;Q;620965
Key Down;Espace;621051
Key Up;Q;621250
Key Up;Espace;621254
Key Down;D;621420
Key Up;S;621753
Key Down;Z;622171
Key Up;Z;622442
Key Down;Q;622766
Key Up;D;622799
Key Down;Z;622831
Key Down;Espace;623109
Key Up;Espace;623279
Key Down;Espace;623413
Key Up;Espace;623593
Key Up;Z;624388
Key Down;D;624456
Key Down;Z;624502
Key Up;Q;624520
Key Up;D;625033
Key Down;Q;625048
Key Up;Z;625777
Key Down;S;626166
Key Down;Espace;626375
Key Up;Espace;626534
Key Down;Espace;626679
Key Up;Espace;626834
Key Down;D;626902
Key Up;S;626940
Key Down;S;627014
Key Up;D;627148
Key Up;S;627329
Key Down;Z;627596
Key Up;Z;627894
Key Down;D;628245
Key Up;Q;628317
Key Down;Espace;628381
Key Up;Espace;628606
Key Down;S;628670
Key Down;Espace;628736
Key Up;Espace;628941
Key Up;S;629235
Key Up;D;629250
Key Down;Espace;640836
Key Up;Espace;640854
Key Down;Z;641661
Key Down;D;641722
Key Up;D;644572
Key Down;Q;644607
Key Up;Z;644619
Key Up;Q;644903
Key Down;Z;644921
Key Up;Z;645132
Key Down;E;645232
Key Up;E;645295
Key Down;E;649230
Key Up;E;649417
Key Down;E;650089
Key Up;E;650220
Key Down;D;651777
Key Down;Z;651944
Key Up;Z;653174
Key Up;D;654030
Key Down;E;654392
Key Up;E;654527
Key Down;E;656813
Key Up;E;656931
Key Down;Q;663644
Key Down;Z;664059
Key Down;Espace;664604
Key Up;Espace;664768
Key Up;Z;664874
Key Down;S;665043
Key Up;S;665293
Key Down;Z;665453
Key Down;Espace;665875
Key Up;Espace;666079
Key Up;Q;666134
Key Down;Q;666838
Key Up;Z;667093
Key Down;E;667313
Key Up;Q;667346
Key Up;E;667426
Key Down;E;668489
Key Up;E;668577
Key Down;S;671680
Key Down;D;672010
Key Up;D;672666
Key Down;D;673027
Key Up;S;676803
Key Up;D;677467
Key Down;E;677581
Key Up;E;677705
Key Down;E;679631
Key Up;E;679786
Key Down;S;681997
Key Up;S;683044
Key Down;S;684707
Key Down;Q;685176
Key Up;S;685472
Key Up;Q;685775
Key Down;D;685849
Key Down;Z;686071
Key Up;Z;686611
Key Down;Z;687030
Key Down;Espace;687563
Key Up;Espace;687742
Key Up;D;688280
Key Up;Z;688694
Key Down;Z;689564
Key Down;Q;690479
Key Up;Q;690680
Key Down;D;690991
Key Up;D;691260
Key Down;Q;691475
Key Up;Q;692029
Key Down;Q;692419
Key Up;Z;692582
Key Up;Q;692608
Key Down;E;692829
Key Up;E;692941
Key Down;Echap;705313
Key Up;Echap;705470
Key Down;D;706116
Key Down;S;706376
Key Up;D;706683
Key Up;S;707106
Key Down;D;707857
Key Down;S;708120
Key Down;Espace;708429
Key Up;Espace;708588
Key Up;S;709009
Key Down;Q;709128
Key Up;Q;709237
Key Down;S;709473
Key Up;D;709511
Key Up;S;709796
Key Down;E;710213
Key Up;E;710331
Key Down;S;711580
Key Up;S;712271
Key Down;E;712411
Key Down;Z;712559
Key Up;E;712626
Key Down;E;713283
Key Up;E;713417
Key Down;E;713572
Key Up;E;713625
Key Down;Q;714509
Key Down;Espace;714540
Key Up;Espace;714683
Key Up;Q;714928
Key Down;D;715482
Key Up;D;717143
Key Up;Z;717224
Key Down;Z;718979
Key Down;D;719187
Key Down;Espace;719465
Key Up;Espace;719660
Key Up;D;719695
Key Up;Z;720324
Key Down;Z;720571
Key Down;D;720686
Key Up;D;720875
Key Up;Z;721084
Key Down;D;721446
Key Up;D;721671
Key Down;D;721996
Key Down;Z;722242
Key Up;D;722633
Key Up;Z;722684
Key Down;E;722761
Key Up;E;722887
Key Down;Q;724174
Key Up;Q;724701
Key Down;E;729212
Key Up;E;729351
Key Down;Q;729565
Key Down;S;729757
Key Up;Q;730340
Key Down;D;732061
Key Up;D;732221
Key Down;D;732593
Key Up;D;732837
Key Down;D;733090
Key Up;D;733219
Key Down;D;733460
Key Up;D;733872
Key Down;Q;734747
Key Up;Q;734991
Key Down;Espace;735341
Key Up;Espace;735515
Key Down;A;735664
Key Up;A;735822
Key Down;D;736154
Key Up;D;736492
Key Down;Espace;737031
Key Up;Espace;737226
Key Up;S;737854
Key Down;Z;737978
Key Down;Espace;738411
Key Up;Espace;738585
Key Down;Q;739365
Key Up;Z;739650
Key Down;D;740339
Key Up;Q;740411
Key Down;Espace;740631
Key Up;Espace;740795
Key Up;D;741306
Key Down;Q;741560
Key Down;S;742050
Key Up;Q;742195
Key Down;D;742213
Key Up;S;742291
Key Up;D;743020
Key Down;Q;743211
Key Up;Q;743999
Key Down;Z;748502
Key Down;Q;748696
Key Down;Espace;748798
Key Up;Espace;748961
Key Up;Q;749270
Key Down;E;749562
Key Up;Z;749625
Key Up;E;749686
Key Down;S;749948
Key Down;D;750075
Key Up;S;751302
Key Up;D;751329
Key Down;Z;752032
Key Down;Q;752289
Key Up;Q;752674
Key Up;Z;752886
Key Down;S;753022
Key Up;S;753559
Key Down;S;753868
Key Up;S;754153
Key Down;D;754293
Key Down;Z;754501
Key Up;D;754705
Key Down;Espace;755059
Key Up;Espace;755208
Key Up;Z;755742
Key Down;D;755771
Key Down;S;755883
Key Up;D;755976
Key Down;D;756510
Key Up;S;756831
Key Up;D;756836
Key Down;Q;757401
Key Up;Q;757657
Key Down;Z;759944
Key Up;Z;760245
Key Down;S;760369
Key Down;Espace;760810
Key Up;Espace;760960
Key Down;D;761130
Key Up;S;761527
Key Up;D;761531
Key Down;Q;761545
Key Down;Z;761687
Key Up;Q;761878
Key Down;Espace;762064
Key Up;Espace;762243
Key Up;Z;762675
Key Down;A;762788
Key Up;A;763409
Key Down;Q;763837
Key Down;S;764630
Key Down;D;765050
Key Up;S;765133
Key Up;Q;765163
Key Down;Z;765540
Key Up;D;765553
Key Down;A;765810
Key Down;D;765925
Key Up;D;766258
Key Up;A;766304
Key Down;D;766443
Key Up;D;766831
Key Down;D;766980
Key Up;Z;767192
Key Up;D;767419
Key Down;S;768419
Key Down;D;768773
Key Up;S;768846
Key Up;D;769443
Key Down;Z;769650
Key Down;Q;770073
Key Up;Z;770391
Key Down;Z;770894
Key Up;Q;771011
Key Down;D;771123
Key Up;D;771256
Key Up;Z;771286
Key Down;E;771400
Key Up;E;771508
Key Down;E;771967
Key Up;E;772074
Key Down;E;772509
Key Up;E;772606
Key Down;S;772681
Key Down;Espace;773275
Key Up;Espace;773468
Key Down;D;773679
Key Up;D;774046
Key Up;S;774157
Key Down;E;774159
Key Up;E;774300
Key Down;S;780243
Key Down;D;780406
Key Up;S;782441
Key Up;D;783254
Key Down;D;783886
Key Up;D;784045
Key Down;E;784251
Key Up;E;784374
Key Down;E;785299
Key Up;E;785435
Key Down;Left Alt;789076
Key Down;Tab;789194
Key Up;Left Alt;789257
Key Up;Tab;789331
Key Down;Left Alt;790634
Key Down;Tab;790753
Key Up;Left Alt;790806
Key Up;Tab;790892
Key Down;D;795476
Key Down;Z;795690
Key Down;Espace;796277
Key Up;Espace;796467
Key Down;Espace;797108
Key Up;Espace;797317
Key Up;D;798405
Key Down;Espace;798466
Key Up;Espace;798635
Key Down;Espace;798811
Key Up;Espace;798985
Key Down;D;799013
Key Down;Espace;799477
Key Up;Espace;799674
Key Down;Espace;799825
Key Up;Espace;799919
Key Up;Z;800304
Key Down;S;800437
Key Up;D;800659
Key Down;D;801136
Key Down;Espace;801149
Key Up;Espace;801261
Key Up;D;801368
Key Up;S;801561
Key Down;Z;802207
Key Down;D;802720
Key Up;Z;802740
Key Up;D;803135
Key Down;E;803247
Key Up;E;803392
Key Down;Z;806542
Key Down;D;806695
Key Up;D;806937
Key Down;D;807400
Key Up;Z;807847
Key Down;S;808150
Key Up;D;809026
Key Down;D;809389
Key Up;D;809806
Key Down;Espace;810088
Key Down;D;810123
Key Up;Espace;810267
Key Down;Espace;810782
Key Up;Espace;810956
Key Down;Q;811263
Key Up;S;811276
Key Up;D;811280
Key Up;Q;811721
Key Down;D;811843
Key Down;S;812760
Key Up;S;813044
Key Down;Z;814493
Key Up;Z;815160
Key Down;S;815325
Key Up;D;815469
Key Down;Q;815482
Key Up;S;815671
Key Down;S;815984
Key Up;S;816193
Key Up;Q;816386
Key Down;Z;816637
Key Down;Espace;817242
Key Up;Espace;817340
Key Down;Q;817940
Key Up;Z;817957
Key Down;S;818072
Key Up;Q;818253
Key Down;Espace;818605
Key Up;Espace;818783
Key Down;D;818878
Key Up;S;819016
Key Up;D;819423
Key Down;D;819842
Key Up;D;819957
Key Down;Z;820965
Key Down;D;821209
Key Up;Z;821491
Key Down;Q;821971
Key Up;D;821996
Key Up;Q;822245
Key Down;S;822856
Key Down;Espace;822942
Key Down;Q;822952
Key Up;Espace;823117
Key Up;S;823218
Key Down;Z;823395
Key Down;D;823512
Key Up;Q;823524
Key Up;D;823872
Key Down;D;824145
Key Down;Espace;824388
Key Up;Espace;824542
Key Up;D;824830
Key Up;Z;825338
Key Down;Z;825826
Key Down;D;826029
Key Up;D;826270
Key Up;Z;826290
Key Down;S;828177
Key Down;Q;828554
Key Up;S;828980
Key Down;Z;830171
Key Down;Espace;830337
Key Up;Espace;830526
Key Up;Q;831168
Key Up;Z;831867
Key Down;D;832518
Key Up;D;833051
Key Down;E;833161
Key Up;E;833268
Key Down;D;833399
Key Down;S;833771
Key Down;Espace;833993
Key Up;Espace;834177
Key Up;S;834247
Key Down;Z;835346
Key Up;D;835582
Key Up;Z;835992
Key Down;Q;836073
Key Up;Q;836310
Key Down;E;836324
Key Up;E;836428
Key Down;Q;839972
Key Down;Z;840138
Key Up;Q;840445
Key Down;Q;840484
Key Down;Espace;840630
Key Up;Espace;840821
Key Down;Espace;841102
Key Up;Espace;841276
Key Down;Espace;841553
Key Up;Espace;841641
Key Up;Q;841661
Key Down;D;841984
Key Up;D;842112
Key Down;Q;842237
Key Down;Espace;842478
Key Up;Espace;842539
Key Down;Espace;842557
Key Up;Q;842650
Key Up;Espace;842753
Key Down;D;842772
Key Down;Espace;843253
Key Up;Espace;843462
Key Down;Espace;843567
Key Up;Espace;843716
Key Down;Q;843739
Key Up;D;843813
Key Down;Espace;843978
Key Up;Espace;844147
Key Up;Q;844263
Key Down;D;844443
Key Up;D;844709
Key Down;Q;844789
Key Up;Z;845141
Key Down;S;845275
Key Up;Q;845394
Key Up;S;845627
Key Down;Z;845772
Key Down;D;845829
Key Down;Espace;845844
Key Up;Espace;846059
Key Down;Espace;846178
Key Up;Espace;846306
Key Up;D;846407
Key Up;Z;846620
Key Down;S;846739
Key Down;Q;846837
Key Up;S;847097
Key Up;Q;847662
Key Down;Q;847992
Key Up;Q;848252
Key Down;Q;848493
Key Down;S;848609
Key Up;Q;848713
Key Down;Q;849199
Key Up;Q;849362
Key Down;D;850257
Key Up;D;850482
Key Down;Q;850943
Key Up;S;851202
Key Down;S;852044
Key Up;S;852131
Key Down;Z;852285
Key Up;Z;852338
Key Down;Espace;852523
Key Up;Espace;852696
Key Down;Z;852751
Key Up;Q;852920
Key Down;D;852959
Key Up;D;853078
Key Down;Espace;853179
Key Down;Q;853309
Key Up;Espace;853417
Key Up;Q;853488
Key Down;Espace;853658
Key Down;D;853772
Key Up;Espace;853808
Key Down;Espace;853988
Key Up;Espace;854143
Key Down;Espace;854223
Key Up;Espace;854376
Key Down;Espace;854566
Key Up;Espace;854704
Key Up;D;855031
Key Up;Z;855217
Key Down;S;855464
Key Down;Q;855697
Key Up;Q;856440
Key Up;S;856444
Key Down;E;856528
Key Up;E;856596
Key Down;D;856731
Key Up;D;857012
Key Down;E;857118
Key Up;E;857206
Key Down;Q;857306
Key Down;S;857340
Key Up;Q;857372
Key Down;Q;857620
Key Up;S;858255
Key Down;Z;858585
Key Down;E;858660
Key Up;Q;858693
Key Up;Z;858697
Key Up;E;858779
Key Down;Q;862038
Key Down;Z;863596
Key Up;Q;863612
Key Down;Q;863777
Key Up;Q;863976
Key Down;Espace;864172
Key Up;Espace;864388
Key Down;Espace;864487
Key Up;Espace;864560
Key Down;Q;864750
Key Up;Z;864995
Key Down;S;865140
Key Down;D;865190
Key Up;S;865233
Key Up;Q;865237
Key Down;Z;865658
Key Up;Z;865882
Key Down;Z;866069
Key Up;D;866197
Key Down;Q;866284
Key Up;Z;866406
Key Down;S;866546
Key Down;D;866980
Key Up;Q;867017
Key Down;Espace;867275
Key Up;Espace;867445
Key Down;Q;867722
Key Up;D;867734
Key Up;S;867864
Key Down;Z;868020
Key Up;Z;868384
Key Down;Z;868508
Key Up;Z;869675
Key Down;D;869820
Key Up;Q;869857
Key Down;Z;870371
Key Up;Z;870862
Key Up;D;870897
Key Down;D;871392
Key Down;Z;871404
Key Up;Z;871753
Key Up;D;871758
Key Down;S;872302
Key Down;D;872689
Key Down;Espace;872937
Key Up;Espace;873135
Key Up;S;873243
Key Down;Z;873460
Key Up;D;873619
Key Up;Z;873796
Key Down;D;874152
Key Down;Z;874295
Key Up;Z;874491
Key Up;D;874546
Key Down;Q;874635
Key Down;Z;874879
Key Down;Espace;875116
Key Up;Espace;875275
Key Up;Z;875452
Key Up;Q;875545
Key Down;S;875689
Key Down;Q;875841
Key Down;Espace;876065
Key Up;Espace;876197
Key Up;S;876213
Key Down;Z;876344
Key Up;Q;876376
Key Down;D;876533
Key Up;D;876726
Key Down;Espace;877272
Key Up;Espace;877467
Key Up;Z;877807
Key Down;D;878179
Key Up;D;878484
Key Down;S;878616
Key Down;Q;878944
Key Up;S;879139
Key Down;Z;879319
Key Up;Z;879617
Key Down;D;879782
Key Up;Q;879815
Key Down;S;880177
Key Up;S;880442
Key Up;D;880692
Key Down;S;881174
Key Down;D;881311
Key Down;Espace;881724
Key Up;Espace;881882
Key Down;Q;883055
Key Up;D;883077
Key Up;S;883204
Key Down;S;883302
Key Up;S;883559
Key Down;S;883801
Key Up;S;884066
Key Up;Q;885004
Key Down;Q;885224
Key Down;Z;885574
Key Up;Q;886145
Key Down;Q;886390
Key Up;Q;886520
Key Down;D;886624
Key Up;D;887012
Key Down;D;887187
Key Up;D;887403
Key Down;Q;887476
Key Up;Q;887631
Key Down;D;887781
Key Up;Z;888205
Key Up;D;888888
Key Down;S;889846
Key Down;Espace;890104
Key Down;D;890114
Key Up;Espace;890278
Key Up;S;890354
Key Down;Z;890498
Key Up;D;890683
Key Down;D;890813
Key Up;Z;891110
Key Down;Z;891259
Key Up;D;891605
Key Up;Z;891829
Key Down;S;892555
Key Down;Q;892734
Key Up;S;893410
Key Up;Q;893441
Key Down;E;893606
Key Up;E;893699
Key Down;Q;894239
Key Down;S;894528
Key Up;S;894834
Key Down;Z;895283
Key Up;Q;895921
Key Down;Q;896167
Key Up;Z;897046
Key Down;E;897590
Key Up;E;897698
Key Down;Z;897803
Key Up;Q;897836
Key Up;Z;898257
Key Down;E;898296
Key Up;E;898418
Key Down;Q;902788
Key Down;S;902987
Key Up;S;903460
Key Down;Z;903917
Key Up;Q;904692
Key Down;Q;905236
Key Up;Z;905965
Key Down;Z;906301
Key Down;Espace;906639
Key Up;Espace;906707
Key Up;Z;907056
Key Up;Q;907381
Key Down;D;907420
Key Down;S;907445
Key Up;D;907527
Key Down;Espace;907874
Key Up;Espace;908065
Key Down;Q;908277
Key Up;S;908532
Key Down;S;908651
Key Up;Q;908805
Key Down;Q;908843
Key Up;Q;910437
Key Down;Espace;910649
Key Up;Espace;910872
Key Down;Q;911135
Key Up;S;911173
Key Down;Z;911379
Key Up;Q;911488
Key Down;D;911693
Key Down;Espace;912531
Key Up;Espace;912710
Key Up;Z;912871
Key Down;S;912990
Key Up;D;913028
Key Down;Q;913107
Key Down;D;913479
Key Down;Espace;913757
Key Up;Espace;913945
Key Up;S;914110
Key Up;Q;914153
Key Down;Z;914324
Key Down;Espace;914751
Key Up;Espace;915003
Key Up;D;915289
Key Down;Q;915408
Key Up;Q;915620
Key Down;Q;915805
Key Up;Z;916594
Key Down;Espace;916622
Key Up;Espace;916770
Key Down;Espace;916986
Key Up;Espace;917129
Key Down;D;917178
Key Up;Q;917195
Key Down;S;917742
Key Up;D;917845
Key Up;S;918194
Key Down;Q;919080
Key Down;Z;919292
Key Up;Z;919487
Key Up;Q;919791
Key Down;Q;919987
Key Up;Q;920307
Key Down;D;920607
Key Down;Z;921011
Key Down;Espace;921362
Key Up;Espace;921435
Key Up;D;921821
Key Down;Q;921849
Key Up;Z;921886
Key Up;Q;922245
Key Down;S;922300
Key Down;Q;922651
Key Down;Espace;922712
Key Up;Espace;922906
Key Up;S;923068
Key Up;Q;923204
Key Down;D;923206
Key Up;D;923366
Key Down;S;924348
Key Up;S;924541
Key Down;Q;924720
Key Up;Q;925064
Key Down;Q;926611
Key Down;Z;926714
Key Down;Espace;926972
Key Up;Espace;927140
Key Down;D;927386
Key Up;Q;927398
Key Up;Z;927520
Key Down;S;928040
Key Up;D;929050
Key Down;Q;929364
Key Up;S;929533
Key Down;D;929753
Key Up;Q;929813
Key Down;Z;930418
Key Down;Espace;931164
Key Up;Espace;931364
Key Up;D;931455
Key Down;Q;931579
Key Up;Q;931739
Key Down;Q;931991
Key Up;Z;932013
Key Down;S;932148
Key Down;Espace;932254
Key Up;Espace;932439
Key Up;Q;932947
Key Down;D;933026
Key Up;D;933088
Key Down;Espace;933137
Key Up;Espace;933300
Key Down;Q;933399
Key Up;Q;933609
Key Up;S;933890
Key Down;D;934021
Key Down;Z;934145
Key Up;D;934305
Key Down;E;934418
Key Up;E;934547
Key Down;D;934814
Key Down;Q;934957
Key Up;D;934972
Key Up;Z;934977
Key Down;S;935109
Key Up;Q;935177
Key Down;Q;935473
Key Down;Espace;935838
Key Up;S;935999
Key Up;Espace;936049
Key Down;Z;936149
Key Down;E;936634
Key Up;Z;936666
Key Up;Q;936698
Key Up;E;936712
Key Down;Z;940184
Key Down;Q;940321
Key Up;Z;940434
Key Down;Z;940452
Key Up;Z;940470
Key Down;S;940716
Key Up;S;940852
Key Down;Z;941355
Key Up;Z;941692
Key Down;Espace;941893
Key Down;S;942014
Key Up;Espace;942073
Key Down;Espace;942107
Key Up;Espace;942195
Key Down;Espace;942284
Key Up;Espace;942422
Key Up;Q;942538
Key Down;D;942592
Key Down;Espace;942799
Key Up;D;942811
Key Up;Espace;942994
Key Down;Q;942996
Key Down;Espace;943073
Key Up;Espace;943213
Key Up;S;943279
Key Down;Z;944106
Key Down;Espace;944245
Key Up;Espace;944464
Key Up;Q;944662
Key Down;D;944741
Key Up;Z;944967
Key Down;S;945081
Key Up;S;945434
Key Down;Z;945735
Key Down;Espace;945816
Key Up;Espace;946046
Key Up;D;946285
Key Up;Z;946316
Key Down;S;946829
Key Down;Q;946910
Key Up;S;947228
Key Down;Z;947517
Key Up;Z;947963
Key Up;Q;947983
Key Down;D;948352
Key Down;Z;949218
Key Up;D;949237
Key Down;Q;949336
Key Up;Z;949525
Key Down;Z;949614
Key Up;Z;949778
Key Down;Z;949938
Key Up;Z;949975
Key Down;D;950457
Key Up;Q;950473
Key Up;D;950787
Key Down;Q;950907
Key Down;D;951084
Key Up;Q;951121
Key Down;Z;952129
Key Down;Espace;952408
Key Up;Espace;952602
Key Up;Z;952689
Key Down;S;952853
Key Down;Q;953069
Key Up;S;953706
Key Up;Q;953818
Key Up;D;954016
Key Down;S;954231
Key Down;Q;954461
Key Up;Q;955039
Key Up;S;955133
Key Down;Z;955587
Key Down;D;955840
Key Up;Z;955961
Key Up;D;955993
Key Down;D;956475
Key Down;S;956656
Key Up;S;956876
Key Up;D;957286
Key Down;Q;957710
Key Down;D;958338
Key Up;Q;958376
Key Down;Q;958557
Key Up;D;958569
Key Down;Z;959532
Key Down;D;960556
Key Up;Q;960571
Key Up;Z;960598
Key Down;S;961743
Key Down;Q;961847
Key Up;S;961991
Key Up;D;962032
Key Down;Espace;962247
Key Up;Espace;962412
Key Down;Z;962547
Key Up;Q;962798
Key Down;Espace;963024
Key Down;D;963089
Key Up;Espace;963304
Key Down;Espace;963587
Key Up;Espace;963782
Key Up;D;964070
Key Up;Z;964272
Key Down;D;964276
Key Down;S;964407
Key Down;Q;964723
Key Up;D;964745
Key Up;Q;964967
Key Down;D;964985
Key Up;D;965752
Key Down;Q;966120
Key Up;Q;966285
Key Down;D;966466
Key Up;D;966647
Key Down;Espace;967029
Key Up;Espace;967199
Key Down;D;967276
Key Up;S;967375
Key Down;Z;967611
Key Down;Espace;967647
Key Up;Espace;967822
Key Up;D;967974
Key Up;Z;968045
Key Down;Q;968311
Key Up;Q;968465
Key Down;Q;968724
Key Down;Z;969129
Key Down;Espace;969265
Key Up;Espace;969530
Key Up;Q;970240
Key Down;D;970364
Key Up;D;971041
Key Down;Espace;971697
Key Up;Espace;971797
Key Down;Espace;971800
Key Down;D;971836
Key Up;Espace;971999
Key Up;D;973034
Key Up;Z;973124
Key Down;S;974082
Key Down;Q;974165
Key Down;Espace;974474
Key Up;Espace;974654
Key Down;Espace;974871
Key Up;Espace;975030
Key Up;Q;975258
Key Down;D;975291
Key Up;S;975313
Key Down;Z;975630
Key Up;D;975953
Key Down;E;976059
Key Up;Z;976095
Key Up;E;976160
Key Down;S;976235
Key Down;Q;976950
Key Up;S;977408
Key Down;S;978087
Key Up;S;978181
Key Down;Espace;978381
Key Up;Espace;978569
Key Down;Z;978981
Key Up;Z;979617
Key Up;Q;979802
Key Down;E;980611
Key Up;E;980759
Key Down;Z;984621
Key Down;Q;984885
Key Down;Espace;985552
Key Up;Espace;985753
Key Up;Q;985799
Key Down;D;985934
Key Down;Espace;986290
Key Up;Espace;986454
Key Up;D;986529
Key Down;Q;986558
Key Up;Q;987311
Key Down;Q;987416
Key Down;Espace;987633
Key Up;Espace;987802
Key Up;Z;988031
Key Down;D;988058
Key Down;S;988124
Key Up;D;988179
Key Down;Espace;988334
Key Up;Espace;988492
Key Down;Espace;989176
Key Up;Espace;989356
Key Down;D;989454
Key Up;Q;989511
Key Up;S;990166
Key Down;Z;990348
Key Up;Z;990936
Key Down;Espace;991271
Key Down;S;991281
Key Up;Espace;991451
Key Down;Espace;991580
Key Up;S;991598
Key Up;Espace;991642
Key Down;Z;991731
Key Up;Z;992240
Key Up;D;992245
Key Down;Z;992731
Key Down;D;992867
Key Down;Espace;993157
Key Up;Espace;993357
Key Up;D;993691
Key Down;Espace;994022
Key Down;D;994185
Key Up;Espace;994306
Key Up;D;994478
Key Down;Q;994839
Key Up;Q;995043
Key Down;Q;995393
Key Down;Espace;995677
Key Up;Espace;995865
Key Up;Q;995898
Key Down;D;996158
Key Up;Z;996348
Key Down;S;996509
Key Up;D;996794
Key Down;Q;996837
Key Down;Espace;996868
Key Up;Espace;997041
Key Up;Q;997153
Key Down;Q;997482
Key Up;Q;997655
Key Down;Espace;997856
Key Down;D;998038
Key Up;Espace;998066
Key Up;S;998487
Key Up;D;998902
Key Down;D;999128
Key Down;S;999316
Key Down;Espace;999520
Key Up;Espace;999703
Key Up;S;999815
Key Down;Z;999959
Key Up;D;999995
Key Up;Z;1000185
Key Down;Q;1000187
Key Down;S;1000448
Key Up;S;1000683
Key Up;Q;1000890
Key Down;Z;1001496
Key Down;Q;1001602
Key Down;Espace;1001613
Key Up;Espace;1001802
Key Up;Z;1001918
Key Down;S;1002078
Key Up;S;1002435
Key Down;Espace;1002611
Key Up;Espace;1002775
Key Down;D;1003182
Key Up;D;1003495
Key Down;S;1003500
Key Down;D;1003610
Key Up;S;1003856
Key Up;Q;1003926
Key Down;Z;1004061
Key Up;Z;1004433
Key Down;Z;1004877
Key Up;Z;1005228
Key Down;S;1005530
Key Down;Espace;1006263
Key Up;Espace;1006431
Key Up;S;1006686
Key Up;D;1006690
Key Down;Z;1007034
Key Down;Q;1007305
Key Down;Espace;1007733
Key Up;Espace;1007912
Key Up;Z;1008748
Key Down;Z;1009353
Key Up;Z;1009432
Key Down;Z;1009861
Key Up;Z;1010070
Key Up;Q;1010247
Key Down;S;1010483
Key Down;D;1010819
Key Up;S;1011028
Key Up;D;1011353
Key Down;Q;1011354
Key Down;Espace;1011676
Key Down;Z;1011835
Key Up;Espace;1011847
Key Up;Q;1011887
Key Down;Espace;1011931
Key Down;D;1011997
Key Up;Espace;1012100
Key Down;Espace;1012204
Key Up;D;1012246
Key Up;Espace;1012393
Key Down;Espace;1012578
Key Up;Espace;1012672
Key Down;D;1012711
Key Up;Z;1013002
Key Down;S;1013178
Key Down;Espace;1013502
Key Up;Espace;1013686
Key Down;Espace;1013959
Key Down;Q;1014106
Key Up;Espace;1014138
Key Up;D;1014544
Key Up;S;1014594
Key Up;Q;1015184
Key Down;Z;1016007
Key Down;Espace;1016402
Key Up;Espace;1016602
Key Down;D;1017127
Key Up;D;1017727
Key Up;Z;1017762
Key Down;S;1017863
Key Down;D;1018739
Key Up;S;1018811
Key Down;S;1018882
Key Up;D;1019213
Key Down;D;1019348
Key Up;S;1019491
Key Down;S;1019718
Key Down;Q;1020159
Key Up;D;1020212
Key Down;D;1020682
Key Up;Q;1020724
Key Down;Q;1021999
Key Up;D;1022050
Key Up;Q;1022676
Key Down;D;1022694
Key Down;Espace;1023006
Key Up;Espace;1023173
Key Up;D;1023372
Key Down;Q;1023552
Key Up;S;1024296
Key Up;Q;1024598
Key Down;Q;1024845
Key Down;Z;1025303
Key Up;Z;1025442
Key Down;Z;1025794
Key Up;Z;1026955
Key Up;Q;1026988
Key Down;D;1028532
Key Down;Z;1028550
Key Down;Espace;1028758
Key Up;Espace;1028948
Key Up;D;1029192
Key Up;Z;1029197
Key Down;S;1029321
Key Down;Q;1029519
Key Up;Q;1029743
Key Up;S;1030108
Key Down;E;1030154
Key Up;E;1030272
Key Down;Z;1048103
Key Down;D;1048763
Key Up;D;1049119
Key Up;Z;1049409
Key Down;Q;1049431
Key Up;Q;1049719
Key Down;E;1049742
Key Up;E;1049825
Key Down;Q;1053113
Key Down;Z;1054831
Key Down;Espace;1054885
Key Up;Espace;1055054
Key Down;Espace;1055334
Key Up;Espace;1055579
Key Down;Espace;1055648
Key Up;Espace;1055789
Key Down;Espace;1055878
Key Up;Q;1055971
Key Up;Espace;1056047
Key Down;D;1056161
Key Up;D;1056329
Key Down;Espace;1056419
Key Up;Espace;1056574
Key Up;Z;1056714
Key Down;S;1056824
Key Down;Q;1056846
Key Up;Q;1056943
Key Down;Espace;1057805
Key Up;Espace;1057967
Key Down;Espace;1058048
Key Up;Espace;1058191
Key Down;D;1058259
Key Up;D;1058587
Key Down;Espace;1058859
Key Up;Espace;1059003
Key Up;S;1059200
Key Down;D;1059395
Key Down;Z;1059531
Key Down;Espace;1059755
Key Up;Espace;1059945
Key Up;D;1060014
Key Down;Q;1060126
Key Down;Espace;1060393
Key Up;Espace;1060576
Key Up;Q;1060669
Key Down;D;1060738
Key Up;Z;1060816
Key Down;S;1060967
Key Up;D;1061384
Key Down;D;1061641
Key Down;Espace;1062807
Key Up;Espace;1062988
Key Up;D;1063210
Key Up;S;1063230
Key Down;Q;1063279
Key Down;Z;1063607
Key Up;Z;1064073
Key Down;S;1064211
Key Up;Q;1064330
Key Down;D;1064415
Key Up;S;1064919
Key Up;D;1065320
Key Down;S;1065322
Key Down;Q;1065525
Key Down;D;1065652
Key Up;S;1065664
Key Up;Q;1065736
Key Down;Z;1066302
Key Up;Z;1066405
Key Down;Espace;1066484
Key Up;Espace;1066657
Key Up;D;1067308
Key Down;Q;1067386
Key Down;S;1067447
Key Up;S;1067950
Key Up;Q;1068043
Key Down;Z;1068334
Key Up;Z;1068812
Key Down;S;1069131
Key Down;D;1069419
Key Up;S;1069431
Key Down;Espace;1069516
Key Up;Espace;1069780
Key Up;D;1070041
Key Down;Q;1070052
Key Down;Z;1070287
Key Down;Espace;1070641
Key Down;D;1070783
Key Up;Q;1070800
Key Up;Espace;1070804
Key Up;D;1070967
Key Up;Z;1071142
Key Down;S;1071357
Key Up;S;1071784
Key Down;S;1072134
Key Up;S;1072393
Key Down;S;1072755
Key Up;S;1073081
Key Down;Q;1073384
Key Down;Z;1074560
Key Down;Espace;1075397
Key Up;Espace;1075566
Key Down;D;1075650
Key Up;Z;1075683
Key Up;Q;1075687
Key Down;S;1075847
Key Down;Espace;1076305
Key Up;Espace;1076469
Key Up;S;1076712
Key Up;D;1076742
Key Down;Q;1077323
Key Up;Q;1077497
Key Down;A;1077778
Key Up;A;1077927
Key Down;Q;1079130
Key Down;Z;1079754
Key Up;Q;1080005
Key Down;E;1080670
Key Up;Z;1080756
Key Up;E;1080776
Key Down;Q;1080778
Key Down;Verrouillage des majuscules;1080815
Key Up;Verrouillage des majuscules;1080878
Key Down;Z;1081560
Key Down;Espace;1082378
Key Up;Espace;1082537
Key Up;Q;1083155
Key Up;Z;1083582
Key Down;Q;1083595
Key Down;S;1083706
Key Up;S;1083920
Key Up;Q;1084144
Key Down;Z;1084457
Key Up;Z;1084594
Key Down;E;1084785
Key Up;E;1084864
Key Down;Echap;1091708
Key Up;Echap;1091882
Key Down;Z;1092164
Key Down;D;1092305
Key Up;Z;1092962
Key Up;D;1092982
Key Down;Q;1093477
Key Up;Q;1093719
Key Down;D;1094045
Key Down;Z;1094192
Key Up;Z;1094427
Key Down;Q;1094685
Key Up;D;1094701
Key Down;E;1095319
Key Up;Q;1095436
Key Up;E;1095441
Key Down;Z;1098609
Key Down;Q;1099066
Key Up;Z;1099930
Key Down;S;1100132
Key Down;Espace;1100876
Key Up;Espace;1101111
Key Down;D;1101342
Key Up;D;1101579
Key Down;D;1101866
Key Up;S;1102152
Key Up;Q;1102177
Key Down;Z;1102903
Key Up;Z;1103221
Key Down;Q;1104162
Key Up;D;1104219
Key Down;Z;1104766
Key Up;Z;1104956
Key Down;S;1105120
Key Up;S;1105380
Key Down;Z;1106084
Key Up;Q;1106566
Key Down;D;1106724
Key Up;D;1106880
Key Down;Espace;1106941
Key Down;Q;1106961
Key Up;Espace;1107196
Key Up;Z;1107433
Key Down;S;1107787
Key Up;S;1107998
Key Down;Z;1108183
Key Up;Q;1108569
Key Down;Q;1108917
Key Up;Z;1109011
Key Down;D;1109420
Key Up;Q;1109482
Key Up;D;1110034
Key Down;Q;1110439
Key Down;Z;1110494
Key Up;Q;1110795
Key Down;Espace;1111105
Key Up;Espace;1111282
Key Down;Espace;1111437
Key Down;Q;1111483
Key Up;Espace;1111611
Key Up;Q;1111835
Key Up;Z;1111860
Key Down;S;1111983
Key Down;Espace;1112493
Key Down;Q;1112553
Key Up;Espace;1112650
Key Up;Q;1112654
Key Down;Q;1112912
Key Up;S;1112934
Key Down;Z;1113102
Key Up;Q;1113442
Key Up;Z;1113787
Key Down;S;1113917
Key Up;S;1114125
Key Down;S;1114289
Key Up;S;1114927
Key Down;S;1115078
Key Up;S;1115153
Key Down;Z;1115304
Key Down;Q;1115576
Key Up;Z;1116009
Key Down;Z;1116279
Key Down;Espace;1116875
Key Up;Espace;1117054
Key Up;Q;1117259
Key Up;Z;1117510
Key Down;D;1118208
Key Up;D;1118347
Key Down;Z;1118542
Key Up;Z;1118726
Key Down;S;1119078
Key Down;D;1119349
Key Up;D;1120550
Key Down;D;1120918
Key Up;D;1121425
Key Down;Espace;1121488
Key Down;Q;1121634
Key Up;Espace;1121682
Key Up;S;1121964
Key Up;Q;1123568
Key Down;Z;1124071
Key Up;Z;1124696
Key Down;Z;1125155
Key Up;Z;1125263
Key Down;D;1125627
Key Up;D;1125861
Key Down;S;1125906
Key Up;S;1126080
Key Down;E;1126185
Key Up;E;1126299
Key Down;D;1128942
Key Down;Z;1129149
Key Up;D;1129232
Key Down;Espace;1129480
Key Up;Espace;1129664
Key Down;Q;1129990
Key Down;Espace;1130239
Key Up;Espace;1130443
Key Up;Z;1130638
Key Up;Q;1130723
Key Down;Q;1131115
Key Up;Q;1131387
Key Down;Z;1131510
Key Down;Q;1131635
Key Down;E;1131853
Key Up;Z;1131875
Key Up;Q;1131916
Key Up;E;1131966
Key Down;Q;1135144
Key Down;Z;1135709
Key Up;Z;1135883
Key Down;S;1136392
Key Down;Espace;1136642
Key Up;Espace;1136906
Key Down;D;1136930
Key Down;Espace;1137412
Key Up;Espace;1137590
Key Up;S;1137728
Key Up;Q;1137732
Key Down;Z;1137953
Key Up;D;1138828
Key Down;Q;1138991
Key Up;Q;1139091
Key Down;D;1139322
Key Up;D;1139436
Key Down;Q;1139581
Key Up;Q;1139720
Key Down;Espace;1139891
Key Up;Espace;1140090
Key Up;Z;1140423
Key Down;S;1140503
Key Down;Espace;1141157
Key Up;Espace;1141331
Key Down;D;1141583
Key Up;D;1142253
Key Down;Q;1142334
Key Down;Espace;1142638
Key Up;Espace;1142853
Key Up;Q;1142905
Key Down;D;1143029
Key Up;S;1143162
Key Down;Z;1143473
Key Up;D;1144022
Key Down;Q;1144407
Key Down;Espace;1144443
Key Up;Espace;1144627
Key Up;Z;1145316
Key Down;S;1145899
Key Up;S;1146043
Key Up;Q;1146431
Key Down;D;1147584
Key Down;S;1147885
Key Up;D;1148216
Key Down;Q;1148421
Key Up;Q;1148658
Key Down;D;1148945
Key Down;Espace;1149751
Key Up;Espace;1149937
Key Up;D;1150042
Key Down;Q;1150111
Key Up;S;1150205
Key Down;Z;1150606
Key Up;Z;1150888
Key Up;Q;1151092
Key Down;Q;1151501
Key Down;Z;1151686
Key Up;Z;1152519
Key Down;Z;1152829
Key Down;Espace;1152950
Key Up;Espace;1153131
Key Down;D;1153225
Key Up;Q;1153242
Key Up;Z;1153870
Key Up;D;1154173
Key Down;D;1154764
Key Down;S;1155280
Key Up;D;1155690
Key Down;D;1155962
Key Up;S;1156238
Key Up;D;1156314
Key Down;Z;1156540
Key Up;Z;1156962
Key Down;Q;1156975
Key Down;Z;1157246
Key Up;Q;1157394
Key Up;Z;1157551
Key Down;Q;1157842
Key Down;Z;1157964
Key Up;Q;1158504
Key Up;Z;1158981
Key Down;Z;1159069
Key Down;Q;1159390
Key Down;Espace;1159435
Key Up;Espace;1159615
Key Up;Q;1159765
Key Down;D;1159829
Key Up;Z;1159924
Key Up;D;1160203
Key Down;S;1160297
Key Down;D;1160520
Key Up;S;1161015
Key Up;D;1161045
Key Down;S;1161404
Key Down;Q;1161586
Key Up;Q;1161739
Key Down;D;1161798
Key Up;S;1161904
Key Down;Z;1162046
Key Up;D;1162286
Key Down;Q;1162448
Key Up;Q;1162627
Key Down;D;1162933
Key Down;Espace;1163146
Key Up;Espace;1163343
Key Up;D;1163363
Key Up;Z;1163797
Key Down;Q;1163799
Key Down;S;1164029
Key Up;Q;1164715
Key Down;D;1164944
Key Up;D;1165161
Key Down;D;1165591
Key Up;D;1166059
Key Down;Q;1166279
Key Up;S;1166880
Key Up;Q;1167240
Key Down;Q;1168374
Key Down;Z;1168461
Key Up;Q;1168665
Key Down;E;1168667
Key Up;Z;1168730
Key Up;E;1168837
Key Down;E;1169595
Key Up;E;1169714
Key Down;Left Alt;1173739
Key Down;Tab;1173820
Key Up;Left Alt;1173876
Key Up;Tab;1173948
Key Down;Left Alt;1174650
Key Down;Tab;1174747
Key Up;Left Alt;1174800
Key Up;Tab;1174875
Key Down;E;1175557
Key Up;E;1175676
Key Down;S;1180678
Key Down;Q;1180815
Key Up;S;1181069
Key Down;S;1181189
Key Down;Espace;1181335
Key Up;S;1181383
Key Up;Espace;1181485
Key Up;Q;1182230
Key Down;D;1182243
Key Down;Z;1182552
Key Down;Espace;1182721
Key Up;Espace;1182896
Key Down;Espace;1183267
Key Up;Espace;1183431
Key Down;Espace;1183682
Key Up;Espace;1183912
Key Up;Z;1184988
Key Down;Q;1185062
Key Up;D;1185084
Key Down;S;1185390
Key Down;Espace;1185599
Key Up;Espace;1185765
Key Down;Espace;1186328
Key Up;Espace;1186462
Key Up;S;1188160
Key Down;Z;1188325
Key Down;E;1188466
Key Up;Q;1188478
Key Up;Z;1188509
Key Up;E;1188568
Key Down;Z;1192134
Key Down;D;1192221
Key Up;D;1192876
Key Down;D;1193346
Key Up;D;1193616
Key Down;Espace;1193726
Key Up;Espace;1193895
Key Down;D;1193936
Key Down;Espace;1194137
Key Up;Espace;1194301
Key Up;Z;1194407
Key Down;S;1194612
Key Up;D;1195017
Key Down;Q;1195019
Key Down;Espace;1195278
Key Up;Q;1195293
Key Up;Espace;1195482
Key Down;Espace;1195621
Key Down;D;1195652
Key Up;Espace;1195690
Key Down;Espace;1195951
Key Up;Espace;1196107
Key Down;Espace;1196170
Key Up;Espace;1196309
Key Down;Q;1196352
Key Up;S;1196400
Key Down;S;1196453
Key Up;D;1196470
Key Down;D;1196519
Key Up;D;1196663
Key Up;Q;1197191
Key Up;S;1197333
Key Down;Z;1197858
Key Down;Espace;1198008
Key Down;Q;1198040
Key Up;Espace;1198219
Key Up;Z;1198705
Key Down;S;1198832
Key Up;Q;1199224
Key Up;S;1199717
Key Down;S;1200418
Key Down;Q;1201394
Key Up;S;1201546
Key Down;Z;1201660
Key Up;Q;1201688
Key Down;D;1201874
Key Up;D;1202236
Key Down;Espace;1203425
Key Up;Z;1203573
Key Up;Espace;1203644
Key Down;S;1203703
Key Down;Espace;1203922
Key Up;Espace;1204125
Key Down;Q;1204767
Key Down;Espace;1204802
Key Up;Q;1204967
Key Up;Espace;1204992
Key Down;Espace;1205121
Key Down;D;1205245
Key Up;Espace;1205273
Key Up;D;1205677
Key Down;D;1205852
Key Up;S;1205975
Key Down;Z;1206121
Key Down;Espace;1206265
Key Up;Espace;1206437
Key Up;D;1206489
Key Down;Espace;1206533
Key Down;Q;1206644
Key Up;Espace;1206732
Key Up;Q;1206868
Key Down;Q;1207060
Key Up;Z;1207082
Key Down;S;1207231
Key Up;S;1207382
Key Down;Z;1207800
Key Up;Z;1208583
Key Down;S;1208829
Key Up;S;1209185
Key Down;S;1209275
Key Down;Espace;1209418
Key Up;Espace;1209521
Key Up;S;1209566
Key Down;Espace;1209807
Key Up;Espace;1209961
Key Down;Espace;1210029
Key Up;Espace;1210184
Key Down;D;1210381
Key Down;Z;1210523
Key Up;D;1210748
Key Down;Espace;1211172
Key Up;Espace;1211387
Key Up;Q;1211544
Key Down;D;1211638
Key Up;Z;1211817
Key Down;S;1211981
Key Up;S;1212268
Key Down;S;1212540
Key Up;D;1212588
Key Down;D;1212749
Key Up;D;1213730
Key Down;Espace;1213743
Key Down;D;1213879
Key Up;Espace;1213916
Key Up;S;1214232
Key Down;S;1214485
Key Up;S;1214699
Key Down;Z;1215167
Key Up;Z;1215387
Key Down;Z;1215690
Key Down;Espace;1215907
Key Up;Espace;1216101
Key Up;Z;1216106
Key Down;Espace;1216714
Key Up;Espace;1216908
Key Down;Z;1217777
Key Up;D;1217937
Key Up;Z;1217952
Key Down;Q;1217954
Key Down;Espace;1218040
Key Up;Espace;1218250
Key Down;Espace;1218420
Key Up;Espace;1218602
Key Down;Z;1218604
Key Down;Espace;1218676
Key Up;Espace;1218798
Key Down;Espace;1218867
Key Up;Espace;1218995
Key Down;D;1219191
Key Up;Q;1219208
Key Up;D;1219595
Key Down;Q;1219597
Key Up;Z;1219620
Key Down;Espace;1219821
Key Down;Z;1219846
Key Up;Espace;1220005
Key Up;Q;1220268
Key Down;D;1220421
Key Up;D;1220574
Key Down;Espace;1220622
Key Down;D;1220749
Key Up;Espace;1220807
Key Up;Z;1220878
Key Down;S;1221078
Key Down;Espace;1221872
Key Up;Espace;1222165
Key Up;D;1222616
Key Down;Q;1222626
Key Down;Espace;1222727
Key Up;Espace;1222823
Key Down;Espace;1222843
Key Down;D;1223050
Key Up;Q;1223072
Key Up;Espace;1223077
Key Down;Q;1223625
Key Up;Q;1223900
Key Up;S;1223945
Key Down;Z;1224116
Key Down;Espace;1224355
Key Up;Espace;1224558
Key Up;D;1224722
Key Up;Z;1224783
Key Down;S;1225025
Key Down;Espace;1225114
Key Down;D;1225135
Key Up;Espace;1225320
Key Down;Espace;1225680
Key Up;S;1225849
Key Up;Espace;1225864
Key Down;Espace;1225943
Key Up;Espace;1226096
Key Down;Espace;1226195
Key Up;Espace;1226364
Key Down;S;1226545
Key Up;D;1226568
Key Down;Q;1226957
Key Up;S;1227534
Key Down;Z;1227814
Key Down;Espace;1227981
Key Up;Espace;1228165
Key Down;Espace;1228425
Key Up;Q;1228489
Key Down;D;1228549
Key Up;Espace;1228561
Key Up;D;1228850
Key Down;Espace;1228884
Key Up;Espace;1229083
Key Down;D;1229253
Key Up;Z;1229422
Key Down;S;1229547
Key Up;D;1229696
Key Down;Q;1229827
Key Down;D;1230267
Key Up;Q;1230594
Key Up;D;1231004
Key Down;Q;1231206
Key Down;Espace;1231215
Key Up;Espace;1231405
Key Up;Q;1231425
Key Down;D;1231427
Key Up;D;1231581
Key Down;D;1231697
Key Up;S;1232043
Key Up;D;1232706
Key Down;Z;1233721
Key Down;D;1233939
Key Up;Z;1234032
Key Down;S;1234125
Key Up;D;1234153
Key Down;E;1234343
Key Up;S;1234371
Key Up;E;1234451
Key Down;Z;1234598
Key Down;Q;1235115
Key Up;Q;1235355
Key Down;D;1235838
Key Up;Z;1236277
Key Down;Z;1236755
Key Up;D;1237366
Key Down;D;1237625
Key Up;Z;1237734
Key Down;Q;1238692
Key Up;D;1238717
Key Down;Z;1239476
Key Down;E;1239773
Key Up;Z;1239798
Key Up;Q;1239802
Key Up;E;1239874
Key Down;Verrouillage des majuscules;1242330
Key Up;Verrouillage des majuscules;1242413
Key Down;Z;1243859
Key Down;D;1244312
Key Up;Z;1245150
Key Down;S;1245276
Key Up;D;1245303
Key Down;Q;1245514
Key Up;Q;1246047
Key Up;S;1246133
Key Down;D;1246371
Key Down;S;1246654
Key Up;S;1246869
Key Down;S;1246870
Key Up;S;1246892
Key Down;S;1247004
Key Up;S;1247205
Key Down;S;1247497
Key Up;S;1248264
Key Down;Z;1248446
Key Down;Espace;1248506
Key Up;Espace;1248796
Key Up;Z;1249075
Key Down;S;1249215
Key Down;Q;1249435
Key Up;D;1249563
Key Up;S;1249669
Key Down;Z;1249798
Key Down;Espace;1250098
Key Up;Espace;1250232
Key Down;Espace;1250245
Key Up;Espace;1250365
Key Down;D;1250524
Key Up;Q;1250557
Key Up;D;1250881
Key Down;Q;1251102
Key Down;Espace;1251448
Key Up;Espace;1251632
Key Up;Q;1251823
Key Down;D;1251825
Key Up;Z;1252199
Key Down;S;1252326
Key Up;S;1252338
Key Down;Espace;1252340
Key Up;Espace;1252494
Key Down;S;1252791
Key Up;S;1252878
Key Down;Z;1253115
Key Down;Espace;1253171
Key Up;Z;1253198
Key Up;Espace;1253382
Key Down;S;1253506
Key Down;Q;1253946
Key Up;Q;1254432
Key Up;D;1254760
Key Down;Q;1254778
Key Down;Espace;1255042
Key Up;Espace;1255236
Key Up;Q;1255348
Key Down;Espace;1255625
Key Up;Espace;1255789
Key Down;Espace;1255873
Key Up;Espace;1256022
Key Down;Espace;1256095
Key Up;Espace;1256239
Key Down;Q;1256288
Key Up;S;1256351
Key Down;Z;1256872
Key Down;Espace;1257335
Key Up;Espace;1257489
Key Up;Z;1257580
Key Down;S;1257720
Key Down;Espace;1257922
Key Up;Q;1257960
Key Up;Espace;1257975
Key Down;Espace;1258157
Key Up;Espace;1258355
Key Down;Espace;1258638
Key Up;Espace;1258817
Key Down;Q;1258845
Key Up;S;1259044
Key Down;Espace;1259464
Key Down;S;1259612
Key Up;Espace;1259644
Key Down;D;1259976
Key Up;Q;1260023
Key Up;D;1260505
Key Down;D;1260707
Key Up;D;1261088
Key Up;S;1261627
Key Down;Z;1262454
Key Down;D;1262602
Key Up;Z;1262975
Key Up;D;1262979
Key Down;Z;1263149
Key Down;D;1263423
Key Down;Espace;1263769
Key Up;Espace;1263958
Key Up;D;1264281
Key Up;Z;1264530
Key Down;D;1264589
Key Down;Z;1264767
Key Up;Z;1265144
Key Down;Z;1267108
Key Up;D;1267583
Key Down;Q;1268424
Key Down;Espace;1268974
Key Up;Espace;1269166
Key Up;Q;1269227
Key Down;D;1269366
Key Up;D;1269516
Key Up;Z;1270191
Key Down;Q;1270486
Key Down;Espace;1270778
Key Up;Espace;1270931
Key Down;Z;1271678
Key Up;Z;1271794
Key Up;Q;1272076
Key Down;D;1273694
Key Down;S;1274950
Key Up;D;1275167
Key Down;D;1275247
Key Up;D;1275264
Key Down;Espace;1275911
Key Down;D;1276089
Key Up;Espace;1276101
Key Up;D;1276333
Key Down;Q;1276604
Key Up;Q;1276688
Key Up;S;1276844
Key Down;D;1277067
Key Up;D;1277210
Key Down;Z;1277725
Key Down;Q;1278517
Key Up;Q;1278654
Key Up;Z;1278715
Key Down;D;1279185
Key Up;D;1279318
Key Down;Z;1279752
Key Up;Z;1279880
Key Down;D;1280836
Key Down;Espace;1280862
Key Down;Z;1280943
Key Up;Espace;1281164
Key Up;D;1281260
Key Down;Espace;1281465
Key Up;Espace;1281654
Key Down;Espace;1281770
Key Up;Espace;1281862
Key Up;Z;1282274
Key Down;Q;1282287
Key Down;S;1282384
Key Up;Q;1282470
Key Down;D;1282620
Key Up;D;1282876
Key Up;S;1283146
Key Down;S;1283416
Key Down;Espace;1283589
Key Down;Q;1283730
Key Up;Espace;1283793
Key Up;Q;1284236
Key Down;D;1284507
Key Up;D;1284615
Key Down;Q;1285044
Key Down;Espace;1285157
Key Up;Espace;1285356
Key Down;Espace;1285612
Key Up;Espace;1285821
Key Down;Espace;1285911
Key Up;Espace;1286070
Key Down;Espace;1286150
Key Up;Q;1286304
Key Up;Espace;1286308
Key Down;D;1286368
Key Up;D;1286597
Key Down;D;1286752
Key Up;S;1287565
Key Up;D;1287574
Key Down;Q;1287765
Key Down;Z;1287944
Key Down;Espace;1288015
Key Up;Espace;1288205
Key Up;Q;1288221
Key Down;Espace;1288527
Key Up;Espace;1288731
Key Down;Q;1288733
Key Up;Q;1289568
Key Down;D;1289688
Key Up;D;1289740
Key Up;Z;1289826
Key Down;D;1290304
Key Down;Z;1290850
Key Up;Z;1291277
Key Down;Espace;1292117
Key Up;Espace;1292323
Key Down;Espace;1292998
Key Up;Espace;1293178
Key Down;Z;1293231
Key Up;D;1294002
Key Down;Q;1294215
Key Up;Q;1294499
Key Down;Left Alt;1294860
Key Down;Tab;1294916
Key Up;Left Alt;1295055
Key Up;Tab;1295237
Key Down;Left Alt;1295611
Key Down;Tab;1295717
Key Up;Left Alt;1295770
Key Up;Tab;1295886
Key Down;Q;1296418
Key Down;Espace;1296640
Key Up;Espace;1296829
Key Up;Q;1296981
Key Down;Espace;1297004
Key Up;Espace;1297126
Key Down;D;1297129
Key Up;Z;1297741
Key Down;Z;1298229
Key Up;D;1298269
Key Down;Q;1298343
Key Down;Espace;1298978
Key Up;Espace;1299208
Key Up;Z;1300318
Key Down;S;1300458
Key Up;Q;1300597
Key Down;D;1300717
Key Up;D;1301199
Key Down;Q;1301831
Key Up;Q;1302143
Key Down;D;1302194
Key Down;Espace;1302451
Key Up;Espace;1302611
Key Down;Q;1302852
Key Up;D;1302885
Key Up;Q;1303569
Key Down;D;1303684
Key Up;S;1304136
Key Down;S;1304557
Key Up;S;1305004
Key Down;Z;1305414
Key Up;Z;1305660
Key Up;D;1306653
Key Down;Q;1306739
Key Up;Q;1306930
Key Down;E;1306992
Key Up;E;1307093
Key Down;D;1309588
Key Down;Z;1309899
Key Up;D;1310038
Key Down;Espace;1310248
Key Up;Espace;1310422
Key Down;Q;1310736
Key Up;Q;1310880
Key Down;D;1311226
Key Up;D;1311345
Key Down;Q;1311428
Key Up;Q;1311984
Key Down;E;1312265
Key Up;Z;1312318
Key Up;E;1312359
Key Down;Z;1315433
Key Down;D;1316401
Key Up;D;1316566
Key Up;Z;1316709
Key Down;Z;1317007
Key Down;D;1317295
Key Up;D;1317643
Key Up;Z;1317647
Key Down;S;1317817
Key Down;Q;1317941
Key Up;S;1318109
Key Up;Q;1318251
Key Down;E;1318285
Key Up;E;1318413
Key Down;D;1322104
Key Down;Espace;1322519
Key Up;Espace;1322682
Key Down;Z;1322904
Key Up;D;1323327
Key Down;Q;1323407
Key Up;Z;1323535
Key Down;Z;1323802
Key Up;Z;1324096
Key Up;Q;1324110
Key Down;E;1324225
Key Up;E;1324323
Key Down;D;1327119
Key Down;Espace;1327442
Key Down;Z;1327458
Key Up;Espace;1327647
Key Up;D;1327738
Key Down;E;1327884
Key Up;Z;1327952
Key Up;E;1328007
Key Down;Z;1331603
Key Down;D;1331624
Key Down;Espace;1332278
Key Up;Espace;1332428
Key Down;Espace;1334610
Key Up;Espace;1334779
Key Down;Espace;1335141
Key Up;Espace;1335245
Key Down;Espace;1336571
Key Up;Espace;1336740
Key Down;Espace;1338472
Key Up;Espace;1338645
Key Down;Espace;1339313
Key Up;Espace;1339525
Key Down;Espace;1339547
Key Up;Espace;1339696
Key Up;Z;1340110
Key Down;Z;1340521
Key Down;Espace;1340607
Key Down;Q;1340763
Key Up;Espace;1340816
Key Up;Q;1340912
Key Down;Q;1341280
Key Up;D;1341292
Key Up;Z;1341337
Key Down;Espace;1341509
Key Down;S;1341585
Key Up;Espace;1341764
Key Up;Q;1341901
Key Down;Espace;1341934
Key Down;Q;1342021
Key Up;Espace;1342093
Key Up;Q;1342169
Key Down;Espace;1342259
Key Up;Espace;1342438
Key Down;D;1342559
Key Up;S;1342703
Key Down;Z;1342857
Key Down;Espace;1343938
Key Up;Espace;1344137
Key Up;Z;1344340
Key Down;Q;1344443
Key Down;S;1344454
Key Up;D;1344498
Key Up;Q;1344700
Key Down;Espace;1344941
Key Down;D;1345083
Key Up;Espace;1345120
Key Down;Espace;1345312
Key Up;Espace;1345450
Key Up;S;1345831
Key Down;S;1345930
Key Down;Espace;1346097
Key Up;Espace;1346266
Key Down;Q;1346416
Key Up;S;1346449
Key Up;D;1346469
Key Down;Z;1346611
Key Down;Espace;1346853
Key Up;Espace;1347028
Key Up;Z;1347108
Key Down;D;1347161
Key Down;S;1347217
Key Up;Q;1347342
Key Down;Espace;1347344
Key Up;D;1347362
Key Up;Espace;1347508
Key Down;Espace;1347594
Key Up;Espace;1347752
Key Down;D;1347979
Key Up;S;1348122
Key Up;D;1348623
Key Down;D;1348856
Key Down;Espace;1349265
Key Up;Espace;1349446
Key Down;Espace;1349951
Key Up;Espace;1350129
Key Down;Espace;1350351
Key Up;Espace;1350525
Key Down;Z;1350692
Key Down;Espace;1350828
Key Up;Espace;1351058
Key Up;Z;1351134
Key Down;Espace;1351338
Key Up;Espace;1351470
Key Down;Q;1351472
Key Up;D;1351498
Key Down;S;1351817
Key Down;Espace;1352390
Key Up;Espace;1352573
Key Down;Espace;1352780
Key Up;Espace;1352869
Key Up;S;1352887
Key Down;Espace;1353094
Key Down;Z;1353200
Key Up;Espace;1353253
Key Up;Z;1353284
Key Down;Espace;1353342
Key Up;Espace;1353462
Key Down;Espace;1353657
Key Up;Espace;1353793
Key Down;D;1353942
Key Up;Q;1353999
Key Down;Espace;1354850
Key Up;Espace;1355069
Key Down;Espace;1355249
Key Up;Espace;1355388
Key Down;Espace;1355462
Key Up;Espace;1355590
Key Down;Espace;1355705
Key Up;Espace;1355759
Key Down;Q;1355833
Key Up;D;1355927
Key Down;Espace;1356234
Key Up;Espace;1356391
Key Down;S;1356491
Key Up;S;1357017
Key Down;S;1357571
Key Up;S;1357900
Key Down;Espace;1357988
Key Down;S;1358181
Key Up;Espace;1358193
Key Down;D;1358642
Key Up;D;1358975
Key Down;D;1359159
Key Up;Q;1359187
Key Up;S;1359221
Key Down;Z;1359442
Key Up;Z;1359764
Key Down;Z;1361045
Key Down;Espace;1361055
Key Up;Espace;1361274
Key Down;Espace;1361434
Key Up;Espace;1361591
Key Up;Z;1361995
Key Down;S;1362109
Key Up;D;1362324
Key Down;Q;1362363
Key Up;S;1362556
Key Down;S;1362939
Key Up;S;1363277
Key Down;S;1364477
Key Down;Espace;1364633
Key Up;Espace;1364793
Key Down;D;1365211
Key Up;S;1365346
Key Up;D;1365381
Key Up;Q;1365709
Key Down;Espace;1377793
Key Up;Espace;1377931
Key Down;Echap;1378518
Key Up;Echap;1378682
Key Down;Bas;1383620
Key Up;Bas;1383710
Key Down;Bas;1383758
Key Up;Bas;1383877
Key Down;Bas;1383920
Key Up;Bas;1384019
Key Down;Bas;1384060
Key Up;Bas;1384166
Key Down;Entrée;1384461
Key Up;Entrée;1384572
